5.885357856750488281e-01
5.852034091949462891e-01
5.818721652030944824e-01
5.785016417503356934e-01
5.750749111175537109e-01
5.716485381126403809e-01
5.682216882705688477e-01
5.615078806877136230e-01
5.544478297233581543e-01
5.444899797439575195e-01
5.315385460853576660e-01
5.179242491722106934e-01
5.056303739547729492e-01
4.929161071777343750e-01
4.793121814727783203e-01
4.656386971473693848e-01
4.530016779899597168e-01
4.418301284313201904e-01
4.323155283927917480e-01
4.340910911560058594e-01
4.355562627315521240e-01
4.489584565162658691e-01
4.694656133651733398e-01
4.932361245155334473e-01
5.172581672668457031e-01
5.385935902595520020e-01
5.553737878799438477e-01
5.595806837081909180e-01
5.564451217651367188e-01
5.519595742225646973e-01
5.474734306335449219e-01
5.429878234863281250e-01
5.385019779205322266e-01
5.303390026092529297e-01
5.220225453376770020e-01
5.156637430191040039e-01
5.136544704437255859e-01
5.116460323333740234e-01
5.096372365951538086e-01
5.076962113380432129e-01
5.071344971656799316e-01
5.065735578536987305e-01
5.060117244720458984e-01
5.054504871368408203e-01
5.048890113830566406e-01
5.043277144432067871e-01
5.037666559219360352e-01
5.032052993774414062e-01
5.023030638694763184e-01
5.010880231857299805e-01
4.991482496261596680e-01
4.958161711692810059e-01
4.878022670745849609e-01
4.799192547798156738e-01
4.736341238021850586e-01
4.626924395561218262e-01
4.553865194320678711e-01
4.523057937622070312e-01
4.507328271865844727e-01
4.467840194702148438e-01
4.404507875442504883e-01
4.352099895477294922e-01
4.321593642234802246e-01
4.291083812713623047e-01
4.260578155517578125e-01
4.219623208045959473e-01
4.178232550621032715e-01
4.136842787265777588e-01
4.095453023910522461e-01
4.045751094818115234e-01
3.996380567550659180e-01
3.967393636703491211e-01
3.938409686088562012e-01
3.912386894226074219e-01
3.921342492103576660e-01
3.993850350379943848e-01
4.077143669128417969e-01
4.104729294776916504e-01
4.157882332801818848e-01
4.216213226318359375e-01
4.274542033672332764e-01
4.332877397537231445e-01
4.391208887100219727e-01
4.449538588523864746e-01
4.506500363349914551e-01
4.523427188396453857e-01
4.538195431232452393e-01
4.554532766342163086e-01
4.571158885955810547e-01
4.591006934642791748e-01
4.643248915672302246e-01
4.714338779449462891e-01
4.787747859954833984e-01
4.853317141532897949e-01
4.906355142593383789e-01
4.957339763641357422e-01
4.985399246215820312e-01
4.948335886001586914e-01
4.905350208282470703e-01
4.858514666557312012e-01
4.783875346183776855e-01
4.690256118774414062e-01
4.595310389995574951e-01
4.575155377388000488e-01
4.535849690437316895e-01
4.534370899200439453e-01
4.577396810054779053e-01
4.618927836418151855e-01
4.660463929176330566e-01
4.701998233795166016e-01
4.744286537170410156e-01
4.824063777923583984e-01
4.903839826583862305e-01
4.983611106872558594e-01
5.063390731811523438e-01
5.143166780471801758e-01
5.222939252853393555e-01
5.339896082878112793e-01
5.439926385879516602e-01
5.430096387863159180e-01
5.420273542404174805e-01
5.369447469711303711e-01
5.225149989128112793e-01
4.990124702453613281e-01
4.700772762298583984e-01
4.360323846340179443e-01
4.019865393638610840e-01
3.701400160789489746e-01
3.394396603107452393e-01
5.801352858543395996e-01
5.768002271652221680e-01
5.733736157417297363e-01
5.699471235275268555e-01
5.665203332901000977e-01
5.630934834480285645e-01
5.596666932106018066e-01
5.562403202056884766e-01
5.499029755592346191e-01
5.428298711776733398e-01
5.315588116645812988e-01
5.193042159080505371e-01
5.058933496475219727e-01
4.935988187789916992e-01
4.811517000198364258e-01
4.675214886665344238e-01
4.548206031322479248e-01
4.421837925910949707e-01
4.308950304985046387e-01
4.315505921840667725e-01
4.271717667579650879e-01
4.388894736766815186e-01
4.569112062454223633e-01
4.774440526962280273e-01
5.012348294258117676e-01
5.255517959594726562e-01
5.472527146339416504e-01
5.543269515037536621e-01
5.511445999145507812e-01
5.466587543487548828e-01
5.421735048294067383e-01
5.376876592636108398e-01
5.332015752792358398e-01
5.267383456230163574e-01
5.184218287467956543e-01
5.101054906845092773e-01
5.050077438354492188e-01
5.029987692832946777e-01
5.009899139404296875e-01
4.994529485702514648e-01
4.988917708396911621e-01
4.983305931091308594e-01
4.977691173553466797e-01
4.972078800201416016e-01
4.966462850570678711e-01
4.960851669311523438e-01
4.955235123634338379e-01
4.949622154235839844e-01
4.943863749504089355e-01
4.929047822952270508e-01
4.909649491310119629e-01
4.890251159667968750e-01
4.870380163192749023e-01
4.807027578353881836e-01
4.736368656158447266e-01
4.618705511093139648e-01
4.536007046699523926e-01
4.492462575435638428e-01
4.499984383583068848e-01
4.456223845481872559e-01
4.414092898368835449e-01
4.358776807785034180e-01
4.326420426368713379e-01
4.295910894870758057e-01
4.265405833721160889e-01
4.230111837387084961e-01
4.188721776008605957e-01
4.147329032421112061e-01
4.105943441390991211e-01
4.058262705802917480e-01
4.020864963531494141e-01
3.991880416870117188e-01
3.962893486022949219e-01
3.967725038528442383e-01
3.983375132083892822e-01
4.051127433776855469e-01
4.155211150646209717e-01
4.213731884956359863e-01
4.272063970565795898e-01
4.330397844314575195e-01
4.388726651668548584e-01
4.447059631347656250e-01
4.505389034748077393e-01
4.546338617801666260e-01
4.563262164592742920e-01
4.581159055233001709e-01
4.604027271270751953e-01
4.622334539890289307e-01
4.646106362342834473e-01
4.671632051467895508e-01
4.747521877288818359e-01
4.822226166725158691e-01
4.887298345565795898e-01
4.950813055038452148e-01
4.994387626647949219e-01
5.013159513473510742e-01
5.023373365402221680e-01
4.980385303497314453e-01
4.937396645545959473e-01
4.879528284072875977e-01
4.799833297729492188e-01
4.669284522533416748e-01
4.555690288543701172e-01
4.472351074218750000e-01
4.418127834796905518e-01
4.400796592235565186e-01
4.440780878067016602e-01
4.482314586639404297e-01
4.523850381374359131e-01
4.565384387969970703e-01
4.615772068500518799e-01
4.695545434951782227e-01
4.775321483612060547e-01
4.855095744132995605e-01
4.934874773025512695e-01
5.024148225784301758e-01
5.144271254539489746e-01
5.264393687248229980e-01
5.384517908096313477e-01
5.382813215255737305e-01
5.372989773750305176e-01
5.363161563873291016e-01
5.247526764869689941e-01
5.011719465255737305e-01
4.736403226852416992e-01
4.395951032638549805e-01
4.077278971672058105e-01
3.769185543060302734e-01
3.469726741313934326e-01
5.714138746261596680e-01
5.674141049385070801e-01
5.641059279441833496e-01
5.607985854148864746e-01
5.574900507926940918e-01
5.541820526123046875e-01
5.508738160133361816e-01
5.475659966468811035e-01
5.441854000091552734e-01
5.380479097366333008e-01
5.301059484481811523e-01
5.187571048736572266e-01
5.071386098861694336e-01
4.938617944717407227e-01
4.815677404403686523e-01
4.692734479904174805e-01
4.566395282745361328e-01
4.440026581287384033e-01
4.313662946224212646e-01
4.292802214622497559e-01
4.264356493949890137e-01
4.319280087947845459e-01
4.451608061790466309e-01
4.654917120933532715e-01
4.858223795890808105e-01
5.092333555221557617e-01
5.320559740066528320e-01
5.458282828330993652e-01
5.458441972732543945e-01
5.413585305213928223e-01
5.368726253509521484e-01
5.323870182037353516e-01
5.279011726379394531e-01
5.231376886367797852e-01
5.148215293884277344e-01
5.065048933029174805e-01
4.981887340545654297e-01
4.943518638610839844e-01
4.923431277275085449e-01
4.912105202674865723e-01
4.906491637229919434e-01
4.900876283645629883e-01
4.895262718200683594e-01
4.889649152755737305e-01
4.884037375450134277e-01
4.878417849540710449e-01
4.872808456420898438e-01
4.867192506790161133e-01
4.861581325531005859e-01
4.847221374511718750e-01
4.827820062637329102e-01
4.808423519134521484e-01
4.821251034736633301e-01
4.816295504570007324e-01
4.726794362068176270e-01
4.622808098793029785e-01
4.521797895431518555e-01
4.465610086917877197e-01
4.465230107307434082e-01
4.448054432868957520e-01
4.410145878791809082e-01
4.365909397602081299e-01
4.331248402595520020e-01
4.300739765167236328e-01
4.270233511924743652e-01
4.239724874496459961e-01
4.199207127094268799e-01
4.157815277576446533e-01
4.116428494453430176e-01
4.074332118034362793e-01
4.045346379280090332e-01
4.016362130641937256e-01
4.007089138031005859e-01
4.028398096561431885e-01
4.081798493862152100e-01
4.151928126811981201e-01
4.257791638374328613e-01
4.327912330627441406e-01
4.386245310306549072e-01
4.444574415683746338e-01
4.502907693386077881e-01
4.561239480972290039e-01
4.586238861083984375e-01
4.603099822998046875e-01
4.620026350021362305e-01
4.644307494163513184e-01
4.673202037811279297e-01
4.701204299926757812e-01
4.729582667350769043e-01
4.768618345260620117e-01
4.849036931991577148e-01
4.920123219490051270e-01
4.985194802284240723e-01
5.022147893905639648e-01
5.040918588638305664e-01
5.059689283370971680e-01
5.055421590805053711e-01
5.012431740760803223e-01
4.969438314437866211e-01
4.900540709495544434e-01
4.772143363952636719e-01
4.656866490840911865e-01
4.521248936653137207e-01
4.352481961250305176e-01
4.320259690284729004e-01
4.307494163513183594e-01
4.304168224334716797e-01
4.345702826976776123e-01
4.387235641479492188e-01
4.428769350051879883e-01
4.487250447273254395e-01
4.567026793956756592e-01
4.646803438663482666e-01
4.726578593254089355e-01
4.828525781631469727e-01
4.948647618293762207e-01
5.068771839141845703e-01
5.188897252082824707e-01
5.309020280838012695e-01
5.335524678230285645e-01
5.328346490859985352e-01
5.324977636337280273e-01
5.272776484489440918e-01
5.033307075500488281e-01
4.772086143493652344e-01
4.453514814376831055e-01
4.145417809486389160e-01
3.844518661499023438e-01
3.545058369636535645e-01
5.634634494781494141e-01
5.578141212463378906e-01
5.545065402984619141e-01
5.511981248855590820e-01
5.478903651237487793e-01
5.445819497108459473e-01
5.412743091583251953e-01
5.379661321640014648e-01
5.345138311386108398e-01
5.310266017913818359e-01
5.252692699432373047e-01
5.162361860275268555e-01
5.059241056442260742e-01
4.945019483566284180e-01
4.814964532852172852e-01
4.693210721015930176e-01
4.571452736854553223e-01
4.458220601081848145e-01
4.331850409507751465e-01
4.282841682434082031e-01
4.256994724273681641e-01
4.304249286651611328e-01
4.386433959007263184e-01
4.537414312362670898e-01
4.740720391273498535e-01
4.944027662277221680e-01
5.154207944869995117e-01
5.306263566017150879e-01
5.357741713523864746e-01
5.358184576034545898e-01
5.315724015235900879e-01
5.270867347717285156e-01
5.226012468338012695e-01
5.181150436401367188e-01
5.112204551696777344e-01
5.029041767120361328e-01
4.945878386497497559e-01
4.862741827964782715e-01
4.836962819099426270e-01
4.829678535461425781e-01
4.824063777923583984e-01
4.818448424339294434e-01
4.812835454940795898e-01
4.807223081588745117e-01
4.801608324050903320e-01
4.795994758605957031e-01
4.790377616882324219e-01
4.784769415855407715e-01
4.778404831886291504e-01
4.762969613075256348e-01
4.745994806289672852e-01
4.734051227569580078e-01
4.760639667510986328e-01
4.787225723266601562e-01
4.716193675994873047e-01
4.610892534255981445e-01
4.511184394359588623e-01
4.440225362777709961e-01
4.420869052410125732e-01
4.440709948539733887e-01
4.398858249187469482e-01
4.373041689395904541e-01
4.336073994636535645e-01
4.305564165115356445e-01
4.275057911872863770e-01
4.244551062583923340e-01
4.209694564342498779e-01
4.168306589126586914e-01
4.126917123794555664e-01
4.098817408084869385e-01
4.069829583168029785e-01
4.058227241039276123e-01
4.110420644283294678e-01
4.163819253444671631e-01
4.217216372489929199e-01
4.268154799938201904e-01
4.322573542594909668e-01
4.413429498672485352e-01
4.500424861907958984e-01
4.558754861354827881e-01
4.617086052894592285e-01
4.629846811294555664e-01
4.642939865589141846e-01
4.659891724586486816e-01
4.685229659080505371e-01
4.717420339584350586e-01
4.751664400100708008e-01
4.787533283233642578e-01
4.816714525222778320e-01
4.864673614501953125e-01
4.943644404411315918e-01
5.007470846176147461e-01
5.040330886840820312e-01
5.068679451942443848e-01
5.087450742721557617e-01
5.106224417686462402e-01
5.087469220161437988e-01
5.044477581977844238e-01
4.996188879013061523e-01
4.882034063339233398e-01
4.760168194770812988e-01
4.632680118083953857e-01
4.444085955619812012e-01
4.298483729362487793e-01
4.226963520050048828e-01
4.214196205139160156e-01
4.201432466506958008e-01
4.209084510803222656e-01
4.250621795654296875e-01
4.292154312133789062e-01
4.358737170696258545e-01
4.438510537147521973e-01
4.518287777900695801e-01
4.632902741432189941e-01
4.753024578094482422e-01
4.873145818710327148e-01
4.993274211883544922e-01
5.113399028778076172e-01
5.233520865440368652e-01
5.293540954589843750e-01
5.290174484252929688e-01
5.286806821823120117e-01
5.279733538627624512e-01
5.055211782455444336e-01
4.830414652824401855e-01
4.521968960762023926e-01
4.220790266990661621e-01
3.929707705974578857e-01
3.677628934383392334e-01
5.555808544158935547e-01
5.489278435707092285e-01
5.449064373970031738e-01
5.415986180305480957e-01
5.382902622222900391e-01
5.349824428558349609e-01
5.316745042800903320e-01
5.283294916152954102e-01
5.248419046401977539e-01
5.213543772697448730e-01
5.178676843643188477e-01
5.110648870468139648e-01
5.027689933776855469e-01
4.927355051040649414e-01
4.813919067382812500e-01
4.685387611389160156e-01
4.563629925251007080e-01
4.444791674613952637e-01
4.340990781784057617e-01
4.289430677890777588e-01
4.251290857791900635e-01
4.283732771873474121e-01
4.354653656482696533e-01
4.480151832103729248e-01
4.626396298408508301e-01
4.825780391693115234e-01
5.009312629699707031e-01
5.142294764518737793e-01
5.209934711456298828e-01
5.236829519271850586e-01
5.241125822067260742e-01
5.217861533164978027e-01
5.173006653785705566e-01
5.128148794174194336e-01
5.076199769973754883e-01
4.993032217025756836e-01
4.909867644309997559e-01
4.826708436012268066e-01
4.752861857414245605e-01
4.747247695922851562e-01
4.741634130477905273e-01
4.736020565032958984e-01
4.730405807495117188e-01
4.724792838096618652e-01
4.719178676605224609e-01
4.713566303253173828e-01
4.707950949668884277e-01
4.702337384223937988e-01
4.693311452865600586e-01
4.677874445915222168e-01
4.662440717220306396e-01
4.673438072204589844e-01
4.700027108192443848e-01
4.714934825897216797e-01
4.669399857521057129e-01
4.600400924682617188e-01
4.503754377365112305e-01
4.425514936447143555e-01
4.381966292858123779e-01
4.408072829246520996e-01
4.388784170150756836e-01
4.361560344696044922e-01
4.340902864933013916e-01
4.310392737388610840e-01
4.279884696006774902e-01
4.249382019042968750e-01
4.218872785568237305e-01
4.178794324398040771e-01
4.138352274894714355e-01
4.139077961444854736e-01
4.147536754608154297e-01
4.192441701889038086e-01
4.245839416980743408e-01
4.299238324165344238e-01
4.351291358470916748e-01
4.390872716903686523e-01
4.393240809440612793e-01
4.476608932018280029e-01
4.567841291427612305e-01
4.651523828506469727e-01
4.673450589179992676e-01
4.682773947715759277e-01
4.701412320137023926e-01
4.729450941085815430e-01
4.762350320816040039e-01
4.798734188079833984e-01
4.835110902786254883e-01
4.869159460067749023e-01
4.893175959587097168e-01
4.959279298782348633e-01
5.010349154472351074e-01
5.055805444717407227e-01
5.088664293289184570e-01
5.115214586257934570e-01
5.133982896804809570e-01
5.152755379676818848e-01
5.119516849517822266e-01
5.076526403427124023e-01
4.993264079093933105e-01
4.863469004631042480e-01
4.743497371673583984e-01
4.549733400344848633e-01
4.391978979110717773e-01
4.263801574707031250e-01
4.176419973373413086e-01
4.120897054672241211e-01
4.108134806156158447e-01
4.095370173454284668e-01
4.114004969596862793e-01
4.155538380146026611e-01
4.230219721794128418e-01
4.317154884338378906e-01
4.437279403209686279e-01
4.557403922080993652e-01
4.677525758743286133e-01
4.797650575637817383e-01
4.917777776718139648e-01
5.039407014846801758e-01
5.165984630584716797e-01
5.255371332168579102e-01
5.252004861831665039e-01
5.248636603355407715e-01
5.238538980484008789e-01
5.099465847015380859e-01
4.892610907554626465e-01
4.597379863262176514e-01
4.327953457832336426e-01
4.084933698177337646e-01
3.849147558212280273e-01
5.476980805397033691e-01
5.409897565841674805e-01
5.353065133094787598e-01
5.319989919662475586e-01
5.286903977394104004e-01
5.253822803497314453e-01
5.220742225646972656e-01
5.186577439308166504e-01
5.151704549789428711e-01
5.116831064224243164e-01
5.081955790519714355e-01
5.039758682250976562e-01
4.975968003273010254e-01
4.893022179603576660e-01
4.795477390289306641e-01
4.682819843292236328e-01
4.556879103183746338e-01
4.434055387973785400e-01
4.325748980045318604e-01
4.293426871299743652e-01
4.259356558322906494e-01
4.267744123935699463e-01
4.329171776771545410e-01
4.429007768630981445e-01
4.578067660331726074e-01
4.724488854408264160e-01
4.879392981529235840e-01
4.997196793556213379e-01
5.040553212165832520e-01
5.093414187431335449e-01
5.110652446746826172e-01
5.119565725326538086e-01
5.115518569946289062e-01
5.073440074920654297e-01
5.029772520065307617e-01
4.957027435302734375e-01
4.873865246772766113e-01
4.790701866149902344e-01
4.713951945304870605e-01
4.664821624755859375e-01
4.659204483032226562e-01
4.653590321540832520e-01
4.647974967956542969e-01
4.642366468906402588e-01
4.636749625205993652e-01
4.631135463714599609e-01
4.625526666641235352e-01
4.619911313056945801e-01
4.608215689659118652e-01
4.592783153057098389e-01
4.581253528594970703e-01
4.611802697181701660e-01
4.639414846897125244e-01
4.637900888919830322e-01
4.614097476005554199e-01
4.552002549171447754e-01
4.488931298255920410e-01
4.409661889076232910e-01
4.353978037834167480e-01
4.363709092140197754e-01
4.381439089775085449e-01
4.348139464855194092e-01
4.340955615043640137e-01
4.315223097801208496e-01
4.284713566303253174e-01
4.254207909107208252e-01
4.223701655864715576e-01
4.210265278816223145e-01
4.219242632389068604e-01
4.241863787174224854e-01
4.274464249610900879e-01
4.327860474586486816e-01
4.381257891654968262e-01
4.433535039424896240e-01
4.484738707542419434e-01
4.505255222320556641e-01
4.492834210395812988e-01
4.539779126644134521e-01
4.612180590629577637e-01
4.652178287506103516e-01
4.692912697792053223e-01
4.744415283203125000e-01
4.773669242858886719e-01
4.809422492980957031e-01
4.845803380012512207e-01
4.882184267044067383e-01
4.913147687911987305e-01
4.941195845603942871e-01
4.964621067047119141e-01
5.008636713027954102e-01
5.055397748947143555e-01
5.102158188819885254e-01
5.137000679969787598e-01
5.161746740341186523e-01
5.180516242980957031e-01
5.194551348686218262e-01
5.151563882827758789e-01
5.100212097167968750e-01
4.966770410537719727e-01
4.851217269897460938e-01
4.658453166484832764e-01
4.491757750511169434e-01
4.356440305709838867e-01
4.230836331844329834e-01
4.132748246192932129e-01
4.055329859256744385e-01
4.014832377433776855e-01
4.002068042755126953e-01
3.989304304122924805e-01
4.021925926208496094e-01
4.121530055999755859e-01
4.241654276847839355e-01
4.361779689788818359e-01
4.481906890869140625e-01
4.602026641368865967e-01
4.722152352333068848e-01
4.846435785293579102e-01
4.973022341728210449e-01
5.099603533744812012e-01
5.217198133468627930e-01
5.213831067085266113e-01
5.210460424423217773e-01
5.219340920448303223e-01
5.154945850372314453e-01
4.966870546340942383e-01
4.734488129615783691e-01
4.495531916618347168e-01
4.258185625076293945e-01
4.022399783134460449e-01
5.398759841918945312e-01
5.331069827079772949e-01
5.264425277709960938e-01
5.223987102508544922e-01
5.190905332565307617e-01
5.157824158668518066e-01
5.124734044075012207e-01
5.089862346649169922e-01
5.054982304573059082e-01
5.020113587379455566e-01
4.985240697860717773e-01
4.950368404388427734e-01
4.900304079055786133e-01
4.841296672821044922e-01
4.758355021476745605e-01
4.663596153259277344e-01
4.551714062690734863e-01
4.430010318756103516e-01
4.304476678371429443e-01
4.273037016391754150e-01
4.270956516265869141e-01
4.261739552021026611e-01
4.314348101615905762e-01
4.389051198959350586e-01
4.525303244590759277e-01
4.675975441932678223e-01
4.797242879867553711e-01
4.869639277458190918e-01
4.896594285964965820e-01
4.928653240203857422e-01
4.962518215179443359e-01
4.980472326278686523e-01
4.990346431732177734e-01
4.989193677902221680e-01
4.966313838958740234e-01
4.911237955093383789e-01
4.829262495040893555e-01
4.747284054756164551e-01
4.675764441490173340e-01
4.608264863491058350e-01
4.572926759719848633e-01
4.568498730659484863e-01
4.564074873924255371e-01
4.559644460678100586e-01
4.554321765899658203e-01
4.548708796501159668e-01
4.543096423149108887e-01
4.537482261657714844e-01
4.523123800754547119e-01
4.507688879966735840e-01
4.517382085323333740e-01
4.547926783561706543e-01
4.578474760055541992e-01
4.560867846012115479e-01
4.537061452865600586e-01
4.498594999313354492e-01
4.437006711959838867e-01
4.388582110404968262e-01
4.333587288856506348e-01
4.319349527359008789e-01
4.350912868976593018e-01
4.333701729774475098e-01
4.326851963996887207e-01
4.320048093795776367e-01
4.289540052413940430e-01
4.285225272178649902e-01
4.292168319225311279e-01
4.299107193946838379e-01
4.321808218955993652e-01
4.353546798229217529e-01
4.409880638122558594e-01
4.463279247283935547e-01
4.515779316425323486e-01
4.566976130008697510e-01
4.618179500102996826e-01
4.619636237621307373e-01
4.607214033603668213e-01
4.576570093631744385e-01
4.611869752407073975e-01
4.654691815376281738e-01
4.707854986190795898e-01
4.770021438598632812e-01
4.838625788688659668e-01
4.892873764038085938e-01
4.929091930389404297e-01
4.957135319709777832e-01
4.983943104743957520e-01
4.982843995094299316e-01
5.003592371940612793e-01
5.053679943084716797e-01
5.100442171096801758e-01
5.147200822830200195e-01
5.185336470603942871e-01
5.208277702331542969e-01
5.227050781250000000e-01
5.226598978042602539e-01
5.183610916137695312e-01
5.075467228889465332e-01
4.954795241355895996e-01
4.770801067352294922e-01
4.592863321304321289e-01
4.449267089366912842e-01
4.323660731315612793e-01
4.198056459426879883e-01
4.089620113372802734e-01
4.011657238006591797e-01
3.934238851070404053e-01
3.908768892288208008e-01
3.896006941795349121e-01
3.926837444305419922e-01
4.046034812927246094e-01
4.166160225868225098e-01
4.286280274391174316e-01
4.406406283378601074e-01
4.526891410350799561e-01
4.653473496437072754e-01
4.780056476593017578e-01
4.906639456748962402e-01
5.033223628997802734e-01
5.159805417060852051e-01
5.175662040710449219e-01
5.194818973541259766e-01
5.211532115936279297e-01
5.211797952651977539e-01
5.110715627670288086e-01
4.906973838806152344e-01
4.668848514556884766e-01
4.431431293487548828e-01
4.195647835731506348e-01
5.323979854583740234e-01
5.255265235900878906e-01
5.186657309532165527e-01
5.127985477447509766e-01
5.094907283782958984e-01
5.061828494071960449e-01
5.028012394905090332e-01
4.993144869804382324e-01
4.958269596099853516e-01
4.923397898674011230e-01
4.888522624969482422e-01
4.853646755218505859e-01
4.810639619827270508e-01
4.761865139007568359e-01
4.706631302833557129e-01
4.623685479164123535e-01
4.531715512275695801e-01
4.420613348484039307e-01
4.303141832351684570e-01
4.242382049560546875e-01
4.249156415462493896e-01
4.261482954025268555e-01
4.308347702026367188e-01
4.360956549644470215e-01
4.472550451755523682e-01
4.623216986656188965e-01
4.746137857437133789e-01
4.811844825744628906e-01
4.774492979049682617e-01
4.784471988677978516e-01
4.816799163818359375e-01
4.831621050834655762e-01
4.850299358367919922e-01
4.861124157905578613e-01
4.862697124481201172e-01
4.858401417732238770e-01
4.782801866531372070e-01
4.700896739959716797e-01
4.633348286151885986e-01
4.565849304199218750e-01
4.498346149921417236e-01
4.475620985031127930e-01
4.471192061901092529e-01
4.466768503189086914e-01
4.462340772151947021e-01
4.457912445068359375e-01
4.453485012054443359e-01
4.447472691535949707e-01
4.433221817016601562e-01
4.419468641281127930e-01
4.451064467430114746e-01
4.482798576354980469e-01
4.503994286060333252e-01
4.483837485313415527e-01
4.460030794143676758e-01
4.438905715942382812e-01
4.381200969219207764e-01
4.330342411994934082e-01
4.310737848281860352e-01
4.275240302085876465e-01
4.306553602218627930e-01
4.323903918266296387e-01
4.311814904212951660e-01
4.346419274806976318e-01
4.363216161727905273e-01
4.370158314704895020e-01
4.377099275588989258e-01
4.394341111183166504e-01
4.424374103546142578e-01
4.486049413681030273e-01
4.545300602912902832e-01
4.598019123077392578e-01
4.649221897125244141e-01
4.700421094894409180e-01
4.745357036590576172e-01
4.734016656875610352e-01
4.678284525871276855e-01
4.616084992885589600e-01
4.619986712932586670e-01
4.670271873474121094e-01
4.733177423477172852e-01
4.802456498146057129e-01
4.871737957000732422e-01
4.937772154808044434e-01
4.997094273567199707e-01
5.013651251792907715e-01
5.009483098983764648e-01
5.005317330360412598e-01
5.044957399368286133e-01
5.098726153373718262e-01
5.145488977432250977e-01
5.192248821258544922e-01
5.233309268951416016e-01
5.254812836647033691e-01
5.273582935333251953e-01
5.258646607398986816e-01
5.172839164733886719e-01
5.058096647262573242e-01
4.883151054382324219e-01
4.695699214935302734e-01
4.542092382907867432e-01
4.416487812995910645e-01
4.290885329246520996e-01
4.165278971195220947e-01
4.047155678272247314e-01
3.968052864074707031e-01
3.890565335750579834e-01
3.820293545722961426e-01
3.847880065441131592e-01
3.894655108451843262e-01
3.970533609390258789e-01
4.090659022331237793e-01
4.210782647132873535e-01
4.333930611610412598e-01
4.460510611534118652e-01
4.587095975875854492e-01
4.713675975799560547e-01
4.840257167816162109e-01
4.966840744018554688e-01
5.093421339988708496e-01
5.160167217254638672e-01
5.205554962158203125e-01
5.275746583938598633e-01
5.320915579795837402e-01
5.270396471023559570e-01
5.080794692039489746e-01
4.842477440834045410e-01
4.602972865104675293e-01
4.348873794078826904e-01
5.286335349082946777e-01
5.203573703765869141e-01
5.121791362762451172e-01
5.043568611145019531e-01
5.001287460327148438e-01
4.966677427291870117e-01
4.931298494338989258e-01
4.896425008773803711e-01
4.861550927162170410e-01
4.826682806015014648e-01
4.791805744171142578e-01
4.756931662559509277e-01
4.720969796180725098e-01
4.672194719314575195e-01
4.623423814773559570e-01
4.571961760520935059e-01
4.489021301269531250e-01
4.399833083152770996e-01
4.289511442184448242e-01
4.232294559478759766e-01
4.218500256538391113e-01
4.247428476810455322e-01
4.298196732997894287e-01
4.354953765869140625e-01
4.438469111919403076e-01
4.570459723472595215e-01
4.690972566604614258e-01
4.763360619544982910e-01
4.732521176338195801e-01
4.683917760848999023e-01
4.672343432903289795e-01
4.697415232658386230e-01
4.702652692794799805e-01
4.720120429992675781e-01
4.731904268264770508e-01
4.734140038490295410e-01
4.716358184814453125e-01
4.658434391021728516e-01
4.590929150581359863e-01
4.523430466651916504e-01
4.455926418304443359e-01
4.389377534389495850e-01
4.378315806388854980e-01
4.373887777328491211e-01
4.369459748268127441e-01
4.365030527114868164e-01
4.360603392124176025e-01
4.351923465728759766e-01
4.337673783302307129e-01
4.345002472400665283e-01
4.376735687255859375e-01
4.408471584320068359e-01
4.413244128227233887e-01
4.394586682319641113e-01
4.374855458736419678e-01
4.352236390113830566e-01
4.322022497653961182e-01
4.266056418418884277e-01
4.234105348587036133e-01
4.238836765289306641e-01
4.263292253017425537e-01
4.330361485481262207e-01
4.368550181388854980e-01
4.412420988082885742e-01
4.448145627975463867e-01
4.455088973045349121e-01
4.462030529975891113e-01
4.491248726844787598e-01
4.549703896045684814e-01
4.619447886943817139e-01
4.680259227752685547e-01
4.731459617614746094e-01
4.782662987709045410e-01
4.833865165710449219e-01
4.856495261192321777e-01
4.793320894241333008e-01
4.734572768211364746e-01
4.679570794105529785e-01
4.639217257499694824e-01
4.697320461273193359e-01
4.765613079071044922e-01
4.834890961647033691e-01
4.897847175598144531e-01
4.955932497978210449e-01
4.986866116523742676e-01
5.015214681625366211e-01
5.031957626342773438e-01
5.035470724105834961e-01
5.086323022842407227e-01
5.140283107757568359e-01
5.190532207489013672e-01
5.237291455268859863e-01
5.281245708465576172e-01
5.301344394683837891e-01
5.320113301277160645e-01
5.263452529907226562e-01
5.158573985099792480e-01
4.995502233505249023e-01
4.801346659660339355e-01
4.636837840080261230e-01
4.509316682815551758e-01
4.383707940578460693e-01
4.258101582527160645e-01
4.132497012615203857e-01
4.006891846656799316e-01
3.925589919090270996e-01
3.864386081695556641e-01
3.827317357063293457e-01
3.807597160339355469e-01
3.862468600273132324e-01
3.928297758102416992e-01
4.015161097049713135e-01
4.140961468219757080e-01
4.267545938491821289e-01
4.394130408763885498e-01
4.520710706710815430e-01
4.647296071052551270e-01
4.773877263069152832e-01
4.900459647178649902e-01
5.049864649772644043e-01
5.195249915122985840e-01
5.288138389587402344e-01
5.370930433273315430e-01
5.434453487396240234e-01
5.395370721817016602e-01
5.254929661750793457e-01
5.011940002441406250e-01
4.753759503364562988e-01
4.495878517627716064e-01
5.288146734237670898e-01
5.204532742500305176e-01
5.122743844985961914e-01
5.040959119796752930e-01
4.968730807304382324e-01
4.920568466186523438e-01
4.870982766151428223e-01
4.821407198905944824e-01
4.771824479103088379e-01
4.729963541030883789e-01
4.695088863372802734e-01
4.660212397575378418e-01
4.628725051879882812e-01
4.582526385784149170e-01
4.533755779266357422e-01
4.484982788562774658e-01
4.436211585998535156e-01
4.354355931282043457e-01
4.267278313636779785e-01
4.213331043720245361e-01
4.196162819862365723e-01
4.224454164505004883e-01
4.275768697261810303e-01
4.342134296894073486e-01
4.417987167835235596e-01
4.531864821910858154e-01
4.635806083679199219e-01
4.711000323295593262e-01
4.683727622032165527e-01
4.641944766044616699e-01
4.593340754508972168e-01
4.560217261314392090e-01
4.572613239288330078e-01
4.577495753765106201e-01
4.589940607547760010e-01
4.602680802345275879e-01
4.605587124824523926e-01
4.576587677001953125e-01
4.548516273498535156e-01
4.481015801429748535e-01
4.413509368896484375e-01
4.346009492874145508e-01
4.285465180873870850e-01
4.281004965305328369e-01
4.276577234268188477e-01
4.272148311138153076e-01
4.267721474170684814e-01
4.256379604339599609e-01
4.242129921913146973e-01
4.270675182342529297e-01
4.302407503128051758e-01
4.334143996238708496e-01
4.322493672370910645e-01
4.303839206695556641e-01
4.285179376602172852e-01
4.264751374721527100e-01
4.251961708068847656e-01
4.199232459068298340e-01
4.164177775382995605e-01
4.204717874526977539e-01
4.277602136135101318e-01
4.355814456939697266e-01
4.425753951072692871e-01
4.469534754753112793e-01
4.511407017707824707e-01
4.534477591514587402e-01
4.550294578075408936e-01
4.596405625343322754e-01
4.675452709197998047e-01
4.751807451248168945e-01
4.813702702522277832e-01
4.864906072616577148e-01
4.916107654571533203e-01
4.950741529464721680e-01
4.909738302230834961e-01
4.854735732078552246e-01
4.802135229110717773e-01
4.751327037811279297e-01
4.703553915023803711e-01
4.728769063949584961e-01
4.796975255012512207e-01
4.857920408248901367e-01
4.900858998298645020e-01
4.929590821266174316e-01
4.958325624465942383e-01
4.987058639526367188e-01
5.015790462493896484e-01
5.066653490066528320e-01
5.127687454223632812e-01
5.181646347045898438e-01
5.235574841499328613e-01
5.282335281372070312e-01
5.327860713005065918e-01
5.347877740859985352e-01
5.354068279266357422e-01
5.245460867881774902e-01
5.107851028442382812e-01
4.908926486968994141e-01
4.736869931221008301e-01
4.602140784263610840e-01
4.476535320281982422e-01
4.350927174091339111e-01
4.225322306156158447e-01
4.099718928337097168e-01
3.974113464355468750e-01
3.913286030292510986e-01
3.874535262584686279e-01
3.836662769317626953e-01
3.799591660499572754e-01
3.830285668373107910e-01
3.897990882396697998e-01
3.970275521278381348e-01
4.074579775333404541e-01
4.201161861419677734e-01
4.327747225761413574e-01
4.454328417778015137e-01
4.580911397933959961e-01
4.707489013671875000e-01
4.874823689460754395e-01
5.088650584220886230e-01
5.291603803634643555e-01
5.384221076965332031e-01
5.467011332511901855e-01
5.547989606857299805e-01
5.508908629417419434e-01
5.422259569168090820e-01
5.161613225936889648e-01
4.899959564208984375e-01
4.616286158561706543e-01
5.289957523345947266e-01
5.205487012863159180e-01
5.123699307441711426e-01
5.041909813880920410e-01
4.960313439369201660e-01
4.903631210327148438e-01
4.854049682617187500e-01
4.804472923278808594e-01
4.754893183708190918e-01
4.705311059951782227e-01
4.655727744102478027e-01
4.606582522392272949e-01
4.560914933681488037e-01
4.509583115577697754e-01
4.447631835937500000e-01
4.395313560962677002e-01
4.346541762351989746e-01
4.297767579555511475e-01
4.219685196876525879e-01
4.185453355312347412e-01
4.176632165908813477e-01
4.204983115196228027e-01
4.252790212631225586e-01
4.312924444675445557e-01
4.388026595115661621e-01
4.498584866523742676e-01
4.595966935157775879e-01
4.658054709434509277e-01
4.631226062774658203e-01
4.592971503734588623e-01
4.551368951797485352e-01
4.502769708633422852e-01
4.453443288803100586e-01
4.447808265686035156e-01
4.452694654464721680e-01
4.459762871265411377e-01
4.473458230495452881e-01
4.469149112701416016e-01
4.445238113403320312e-01
4.419414401054382324e-01
4.371095299720764160e-01
4.303590655326843262e-01
4.236089587211608887e-01
4.188126921653747559e-01
4.183696806430816650e-01
4.179269075393676758e-01
4.174841046333312988e-01
4.160833358764648438e-01
4.164611697196960449e-01
4.196345806121826172e-01
4.228081703186035156e-01
4.250404834747314453e-01
4.231749773025512695e-01
4.213089346885681152e-01
4.194431304931640625e-01
4.175773561000823975e-01
4.168734550476074219e-01
4.179432988166809082e-01
4.171830713748931885e-01
4.192210435867309570e-01
4.264209866523742676e-01
4.370657801628112793e-01
4.466026723384857178e-01
4.522227644920349121e-01
4.566956162452697754e-01
4.607862234115600586e-01
4.636745750904083252e-01
4.713110923767089844e-01
4.792718887329101562e-01
4.870145916938781738e-01
4.937081933021545410e-01
4.989471435546875000e-01
5.014242529869079590e-01
5.019362568855285645e-01
4.970641136169433594e-01
4.921017885208129883e-01
4.871394038200378418e-01
4.821770787239074707e-01
4.784418344497680664e-01
4.757578969001770020e-01
4.813517332077026367e-01
4.843582510948181152e-01
4.872318506240844727e-01
4.901050329208374023e-01
4.929782748222351074e-01
4.958518743515014648e-01
4.987249374389648438e-01
5.058338642120361328e-01
5.145100951194763184e-01
5.223011970520019531e-01
5.276972651481628418e-01
5.327379703521728516e-01
5.371103882789611816e-01
5.394408106803894043e-01
5.336079597473144531e-01
5.207797884941101074e-01
5.021276473999023438e-01
4.840666651725769043e-01
4.694966673851013184e-01
4.569361507892608643e-01
4.443756639957427979e-01
4.318150281906127930e-01
4.192541241645812988e-01
4.069420695304870605e-01
3.984167575836181641e-01
3.923838436603546143e-01
3.885090947151184082e-01
3.846336007118225098e-01
3.814175724983215332e-01
3.819888234138488770e-01
3.874922990798950195e-01
3.947203755378723145e-01
4.019487500190734863e-01
4.134779572486877441e-01
4.261364340782165527e-01
4.387943744659423828e-01
4.515725672245025635e-01
4.707381129264831543e-01
4.929909706115722656e-01
5.159443616867065430e-01
5.388975143432617188e-01
5.480298995971679688e-01
5.563092231750488281e-01
5.645889043807983398e-01
5.611709356307983398e-01
5.541684627532958984e-01
5.302239656448364258e-01
5.013749599456787109e-01
4.726939201354980469e-01
5.291773080825805664e-01
5.206443667411804199e-01
5.124657154083251953e-01
5.042867660522460938e-01
4.961060285568237305e-01
4.886698126792907715e-01
4.837116003036499023e-01
4.787533283233642578e-01
4.737960696220397949e-01
4.688373804092407227e-01
4.638795554637908936e-01
4.589213728904724121e-01
4.541024565696716309e-01
4.496207833290100098e-01
4.433799982070922852e-01
4.371849000453948975e-01
4.309898614883422852e-01
4.247942566871643066e-01
4.185992777347564697e-01
4.145946502685546875e-01
4.148070514202117920e-01
4.170529842376708984e-01
4.231801033020019531e-01
4.281132221221923828e-01
4.358122646808624268e-01
4.462909996509552002e-01
4.560279846191406250e-01
4.620651304721832275e-01
4.578729271888732910e-01
4.540472328662872314e-01
4.502215385437011719e-01
4.460796415805816650e-01
4.412193894386291504e-01
4.349914789199829102e-01
4.323007762432098389e-01
4.327893257141113281e-01
4.332308769226074219e-01
4.357397258281707764e-01
4.337803721427917480e-01
4.313892424106597900e-01
4.289982914924621582e-01
4.261175394058227539e-01
4.193672537803649902e-01
4.126172065734863281e-01
4.090816378593444824e-01
4.086389243602752686e-01
4.079537689685821533e-01
4.065287709236145020e-01
4.090279340744018555e-01
4.122016429901123047e-01
4.153749942779541016e-01
4.159658253192901611e-01
4.141000509262084961e-01
4.122341871261596680e-01
4.118465185165405273e-01
4.137254655361175537e-01
4.156046509742736816e-01
4.188643693923950195e-01
4.180173873901367188e-01
4.192508161067962646e-01
4.249964952468872070e-01
4.355179667472839355e-01
4.475978612899780273e-01
4.576179981231689453e-01
4.621865749359130859e-01
4.668484330177307129e-01
4.750772118568420410e-01
4.830394387245178223e-01
4.908025264739990234e-01
4.985451698303222656e-01
5.060293078422546387e-01
5.076311826705932617e-01
5.086117386817932129e-01
5.082016587257385254e-01
5.032395124435424805e-01
4.982770085334777832e-01
4.933145046234130859e-01
4.890797138214111328e-01
4.850381612777709961e-01
4.788364768028259277e-01
4.777655005455017090e-01
4.807574748992919922e-01
4.837496876716613770e-01
4.867414832115173340e-01
4.897335767745971680e-01
4.927256107330322266e-01
4.963769316673278809e-01
5.048344731330871582e-01
5.135549306869506836e-01
5.222409367561340332e-01
5.308222770690917969e-01
5.372295379638671875e-01
5.414342880249023438e-01
5.394818782806396484e-01
5.299534797668457031e-01
5.132256150245666504e-01
4.944611787796020508e-01
4.787791967391967773e-01
4.662185609340667725e-01
4.536582529544830322e-01
4.410976767539978027e-01
4.285371303558349609e-01
4.174917340278625488e-01
4.089663624763488770e-01
4.004406034946441650e-01
3.934390544891357422e-01
3.895636796951293945e-01
3.857621252536773682e-01
3.838813304901123047e-01
3.846443295478820801e-01
3.854075670242309570e-01
3.924138247966766357e-01
3.996421098709106445e-01
4.068704545497894287e-01
4.194979667663574219e-01
4.342038035392761230e-01
4.546285569667816162e-01
4.771655201911926270e-01
5.001186728477478027e-01
5.230715870857238770e-01
5.460247993469238281e-01
5.576381683349609375e-01
5.659173130989074707e-01
5.726989507675170898e-01
5.698996782302856445e-01
5.622439384460449219e-01
5.413156151771545410e-01
5.125830173492431641e-01
4.840138554573059082e-01
5.293587446212768555e-01
5.207394361495971680e-01
5.125608444213867188e-01
5.043820142745971680e-01
4.961295723915100098e-01
4.877785444259643555e-01
4.820181727409362793e-01
4.770601987838745117e-01
4.721022248268127441e-01
4.671441912651062012e-01
4.621857404708862305e-01
4.572276771068572998e-01
4.523091912269592285e-01
4.481881260871887207e-01
4.422838091850280762e-01
4.359359145164489746e-01
4.296071231365203857e-01
4.234118163585662842e-01
4.172164797782897949e-01
4.153912663459777832e-01
4.168905913829803467e-01
4.194629192352294922e-01
4.250003695487976074e-01
4.295221269130706787e-01
4.340894222259521484e-01
4.431989192962646484e-01
4.509781599044799805e-01
4.582883715629577637e-01
4.543891549110412598e-01
4.487972259521484375e-01
4.449719488620758057e-01
4.411463737487792969e-01
4.370221197605133057e-01
4.321618974208831787e-01
4.246390163898468018e-01
4.198204874992370605e-01
4.208847582340240479e-01
4.226028621196746826e-01
4.225384593009948730e-01
4.206451773643493652e-01
4.182545542716979980e-01
4.158634841442108154e-01
4.132881164550781250e-01
4.083752632141113281e-01
4.016572237014770508e-01
3.993510603904724121e-01
3.983991444110870361e-01
3.984220027923583984e-01
4.015952050685882568e-01
4.047687649726867676e-01
4.079425036907196045e-01
4.068907499313354492e-01
4.070240259170532227e-01
4.089029431343078613e-01
4.107820391654968262e-01
4.126610755920410156e-01
4.145402610301971436e-01
4.175856709480285645e-01
4.191007912158966064e-01
4.195247888565063477e-01
4.234967231750488281e-01
4.339698255062103271e-01
4.458047747611999512e-01
4.601564705371856689e-01
4.674557447433471680e-01
4.749736785888671875e-01
4.861875176429748535e-01
4.945904612541198730e-01
5.023334026336669922e-01
5.100604891777038574e-01
5.135397911071777344e-01
5.152658224105834961e-01
5.166655778884887695e-01
5.143768787384033203e-01
5.094145536422729492e-01
5.044522881507873535e-01
4.995198249816894531e-01
4.947032928466796875e-01
4.874316453933715820e-01
4.800584912300109863e-01
4.738830327987670898e-01
4.768581390380859375e-01
4.798504114151000977e-01
4.828421473503112793e-01
4.858341813087463379e-01
4.888263344764709473e-01
4.940195083618164062e-01
5.028243064880371094e-01
5.116287469863891602e-01
5.204333066940307617e-01
5.292378664016723633e-01
5.380426049232482910e-01
5.422176122665405273e-01
5.373210310935974121e-01
5.221499204635620117e-01
5.049344897270202637e-01
4.881576895713806152e-01
4.755015969276428223e-01
4.629408717155456543e-01
4.503802061080932617e-01
4.378197789192199707e-01
4.280416965484619141e-01
4.195156693458557129e-01
4.109902977943420410e-01
4.024645984172821045e-01
3.944944441318511963e-01
3.909582793712615967e-01
3.877294063568115234e-01
3.866433799266815186e-01
3.873002827167510986e-01
3.880633711814880371e-01
3.901069164276123047e-01
3.973354399204254150e-01
4.049474596977233887e-01
4.176149666309356689e-01
4.387638568878173828e-01
4.613401889801025391e-01
4.842931032180786133e-01
5.072461366653442383e-01
5.301992893218994141e-01
5.531067848205566406e-01
5.671833753585815430e-01
5.736199617385864258e-01
5.798153877258300781e-01
5.764788389205932617e-01
5.676692724227905273e-01
5.505151152610778809e-01
5.241484642028808594e-01
4.936565160751342773e-01
5.292611718177795410e-01
5.208356380462646484e-01
5.126564502716064453e-01
5.044779181480407715e-01
4.961534142494201660e-01
4.877952337265014648e-01
4.803248047828674316e-01
4.753665924072265625e-01
4.704085588455200195e-01
4.654505550861358643e-01
4.604925215244293213e-01
4.555341601371765137e-01
4.505764842033386230e-01
4.463953971862792969e-01
4.412953853607177734e-01
4.349476099014282227e-01
4.285996258258819580e-01
4.222513437271118164e-01
4.159032106399536133e-01
4.136347174644470215e-01
4.173101782798767090e-01
4.207332432270050049e-01
4.299539327621459961e-01
4.337776899337768555e-01
4.384694397449493408e-01
4.454162716865539551e-01
4.528591930866241455e-01
4.590934514999389648e-01
4.552932977676391602e-01
4.487672448158264160e-01
4.417926669120788574e-01
4.365976154804229736e-01
4.320707917213439941e-01
4.279643893241882324e-01
4.224171638488769531e-01
4.142863154411315918e-01
4.089764356613159180e-01
4.102560281753540039e-01
4.113115668296813965e-01
4.092853367328643799e-01
4.075107574462890625e-01
4.051193594932556152e-01
4.027283191680908203e-01
4.003376960754394531e-01
3.973835408687591553e-01
3.908212184906005859e-01
3.888446390628814697e-01
3.909888863563537598e-01
3.941625058650970459e-01
3.973358869552612305e-01
4.022015929222106934e-01
4.040805995464324951e-01
4.059596657752990723e-01
4.078386127948760986e-01
4.097177386283874512e-01
4.115966558456420898e-01
4.134757518768310547e-01
4.159899652004241943e-01
4.198253750801086426e-01
4.199236333370208740e-01
4.227130413055419922e-01
4.316238760948181152e-01
4.440111815929412842e-01
4.581323266029357910e-01
4.713021516799926758e-01
4.847512245178222656e-01
4.958677291870117188e-01
5.062145590782165527e-01
5.131798982620239258e-01
5.167881250381469727e-01
5.206915140151977539e-01
5.233473777770996094e-01
5.247188806533813477e-01
5.205521583557128906e-01
5.155896544456481934e-01
5.100141763687133789e-01
5.033997297286987305e-01
4.960267543792724609e-01
4.886537194252014160e-01
4.812806844711303711e-01
4.739076495170593262e-01
4.729588031768798828e-01
4.759510755538940430e-01
4.789430499076843262e-01
4.819351434707641602e-01
4.849268794059753418e-01
4.920091629028320312e-01
5.008141994476318359e-01
5.096185803413391113e-01
5.184229612350463867e-01
5.272275805473327637e-01
5.345355868339538574e-01
5.353960990905761719e-01
5.285030007362365723e-01
5.134460926055908203e-01
4.971362352371215820e-01
4.837267994880676270e-01
4.712848663330078125e-01
4.588427543640136719e-01
4.464157819747924805e-01
4.380086958408355713e-01
4.296017289161682129e-01
4.211943745613098145e-01
4.127872586250305176e-01
4.043799340724945068e-01
3.965677022933959961e-01
3.929252624511718750e-01
3.896961212158203125e-01
3.894199132919311523e-01
3.900145590305328369e-01
3.907189965248107910e-01
3.914822638034820557e-01
3.974297046661376953e-01
4.102178812026977539e-01
4.261709153652191162e-01
4.455146193504333496e-01
4.684675931930541992e-01
4.914209842681884766e-01
5.144018530845642090e-01
5.374714136123657227e-01
5.598337650299072266e-01
5.748863220214843750e-01
5.806468725204467773e-01
5.840249061584472656e-01
5.820159316062927246e-01
5.711224675178527832e-01
5.530396699905395508e-01
5.296264886856079102e-01
4.972489476203918457e-01
5.278494358062744141e-01
5.209313035011291504e-01
5.127519369125366211e-01
5.045355558395385742e-01
4.961769580841064453e-01
4.878190755844116211e-01
4.794607162475585938e-01
4.736731052398681641e-01
4.687151312828063965e-01
4.637572765350341797e-01
4.587990641593933105e-01
4.538410902023315430e-01
4.488830566406250000e-01
4.446024000644683838e-01
4.403069317340850830e-01
4.339590966701507568e-01
4.276108741760253906e-01
4.212629199028015137e-01
4.149148762226104736e-01
4.121887981891632080e-01
4.157119989395141602e-01
4.200142025947570801e-01
4.327592253684997559e-01
4.374721646308898926e-01
4.426472187042236328e-01
4.481349587440490723e-01
4.550183415412902832e-01
4.612585306167602539e-01
4.580087363719940186e-01
4.523337483406066895e-01
4.460744857788085938e-01
4.390999078750610352e-01
4.337880611419677734e-01
4.286445379257202148e-01
4.232383370399475098e-01
4.150780439376831055e-01
4.070134162902832031e-01
4.008910655975341797e-01
3.996271491050720215e-01
3.986241817474365234e-01
3.960126638412475586e-01
3.943759799003601074e-01
3.919851481914520264e-01
3.895937800407409668e-01
3.872029185295104980e-01
3.845745325088500977e-01
3.804343044757843018e-01
3.836600780487060547e-01
3.897699713706970215e-01
3.966883420944213867e-01
4.011372625827789307e-01
4.030160903930664062e-01
4.048954248428344727e-01
4.067744016647338867e-01
4.086534678936004639e-01
4.105324149131774902e-01
4.124115109443664551e-01
4.143941402435302734e-01
4.180509746074676514e-01
4.207581877708435059e-01
4.224535822868347168e-01
4.285988807678222656e-01
4.418427944183349609e-01
4.561084210872650146e-01
4.755519032478332520e-01
4.921483993530273438e-01
5.059468746185302734e-01
5.151778459548950195e-01
5.201977491378784180e-01
5.241011381149291992e-01
5.280045270919799805e-01
5.310781002044677734e-01
5.316899418830871582e-01
5.267274379730224609e-01
5.200479626655578613e-01
5.119947195053100586e-01
5.046220421791076660e-01
4.972489476203918457e-01
4.898758530616760254e-01
4.825030565261840820e-01
4.751300215721130371e-01
4.690593481063842773e-01
4.720517396926879883e-01
4.750437736511230469e-01
4.780355691909790039e-01
4.815779924392700195e-01
4.899990558624267578e-01
4.988038539886474609e-01
5.076082944869995117e-01
5.164132118225097656e-01
5.252175331115722656e-01
5.274223089218139648e-01
5.213533639907836914e-01
5.148376226425170898e-01
5.033162832260131836e-01
4.918455481529235840e-01
4.794036149978637695e-01
4.669617414474487305e-01
4.558015167713165283e-01
4.473944902420043945e-01
4.389871656894683838e-01
4.305803179740905762e-01
4.221729636192321777e-01
4.139909148216247559e-01
4.062297940254211426e-01
3.984684944152832031e-01
3.939764201641082764e-01
3.908655345439910889e-01
3.915177583694458008e-01
3.922311365604400635e-01
3.935922682285308838e-01
3.990112543106079102e-01
4.060825705528259277e-01
4.199897348880767822e-01
4.373242259025573730e-01
4.549638628959655762e-01
4.758683443069458008e-01
4.989377856254577637e-01
5.220074653625488281e-01
5.444841384887695312e-01
5.646567344665527344e-01
5.811866521835327148e-01
5.831476449966430664e-01
5.848803520202636719e-01
5.829720497131347656e-01
5.725175142288208008e-01
5.566093921661376953e-01
5.338994264602661133e-01
5.005403757095336914e-01
5.264380574226379395e-01
5.195628404617309570e-01
5.128474235534667969e-01
5.045592188835144043e-01
4.962011575698852539e-01
4.878429174423217773e-01
4.794846177101135254e-01
4.719796180725097656e-01
4.670216739177703857e-01
4.620639085769653320e-01
4.571056962013244629e-01
4.521472454071044922e-01
4.471893906593322754e-01
4.428093433380126953e-01
4.386881291866302490e-01
4.329699277877807617e-01
4.266223907470703125e-01
4.202741980552673340e-01
4.139264225959777832e-01
4.108263850212097168e-01
4.143490791320800781e-01
4.178845882415771484e-01
4.328721761703491211e-01
4.403717219829559326e-01
4.451593458652496338e-01
4.515167772769927979e-01
4.561074674129486084e-01
4.619517922401428223e-01
4.606002569198608398e-01
4.550494849681854248e-01
4.493742883205413818e-01
4.433817267417907715e-01
4.364072084426879883e-01
4.309788942337036133e-01
4.258352518081665039e-01
4.207819700241088867e-01
4.127799868583679199e-01
4.047786295413970947e-01
3.986730873584747314e-01
3.931587636470794678e-01
3.899441957473754883e-01
3.858910202980041504e-01
3.826120495796203613e-01
3.789238333702087402e-01
3.764589726924896240e-01
3.740229010581970215e-01
3.771435916423797607e-01
3.834292292594909668e-01
3.903477191925048828e-01
3.972660005092620850e-01
4.000730812549591064e-01
4.019519686698913574e-01
4.038310647010803223e-01
4.057098031044006348e-01
4.075890183448791504e-01
4.094682335853576660e-01
4.113473296165466309e-01
4.132260680198669434e-01
4.164553284645080566e-01
4.208016097545623779e-01
4.226017892360687256e-01
4.264699518680572510e-01
4.388750195503234863e-01
4.556933343410491943e-01
4.778620600700378418e-01
4.984255433082580566e-01
5.111436247825622559e-01
5.205878615379333496e-01
5.275107026100158691e-01
5.314142704010009766e-01
5.353176593780517578e-01
5.385934114456176758e-01
5.373069643974304199e-01
5.292323231697082520e-01
5.205900073051452637e-01
5.132169723510742188e-01
5.058441162109375000e-01
4.984709620475769043e-01
4.910980463027954102e-01
4.837250709533691406e-01
4.763519763946533203e-01
4.689791798591613770e-01
4.681522846221923828e-01
4.711440801620483398e-01
4.741362333297729492e-01
4.791841506958007812e-01
4.879888296127319336e-01
4.967933893203735352e-01
5.055981874465942383e-01
5.144028067588806152e-01
5.182650089263916016e-01
5.134148597717285156e-01
5.084043145179748535e-01
5.013493299484252930e-01
4.918117523193359375e-01
4.826596379280090332e-01
4.734610319137573242e-01
4.651874303817749023e-01
4.567801654338836670e-01
4.483730792999267578e-01
4.399657845497131348e-01
4.315588772296905518e-01
4.236425161361694336e-01
4.158813357353210449e-01
4.081199765205383301e-01
4.003587961196899414e-01
3.948977589607238770e-01
3.925356864929199219e-01
3.932489752769470215e-01
3.967164754867553711e-01
4.031706452369689941e-01
4.104039967060089111e-01
4.201565384864807129e-01
4.311672151088714600e-01
4.482491612434387207e-01
4.660077691078186035e-01
4.840924739837646484e-01
5.069298744201660156e-01
5.296728610992431641e-01
5.492845773696899414e-01
5.654269456863403320e-01
5.802734494209289551e-01
5.834472179412841797e-01
5.852428674697875977e-01
5.850805044174194336e-01
5.743464231491088867e-01
5.575569272041320801e-01
5.325621366500854492e-01
5.035890340805053711e-01
5.238115787506103516e-01
5.180346965789794922e-01
5.118852853775024414e-01
5.045829415321350098e-01
4.962247610092163086e-01
4.878664612770080566e-01
4.795086383819580078e-01
4.711499810218811035e-01
4.653279781341552734e-01
4.603703916072845459e-01
4.554122686386108398e-01
4.504542350769042969e-01
4.454962313175201416e-01
4.410164356231689453e-01
4.368951320648193359e-01
4.319814443588256836e-01
4.256331920623779297e-01
4.192854762077331543e-01
4.129378795623779297e-01
4.094636142253875732e-01
4.129865169525146484e-01
4.165097475051879883e-01
4.307430088520050049e-01
4.408214986324310303e-01
4.481313526630401611e-01
4.539076685905456543e-01
4.567025005817413330e-01
4.622375965118408203e-01
4.614416360855102539e-01
4.577651023864746094e-01
4.520899653434753418e-01
4.464148879051208496e-01
4.406889081001281738e-01
4.337144792079925537e-01
4.281695187091827393e-01
4.237714111804962158e-01
4.185468852519989014e-01
4.105451703071594238e-01
4.025434255599975586e-01
3.964658677577972412e-01
3.873699307441711426e-01
3.834525048732757568e-01
3.794697523117065430e-01
3.761354088783264160e-01
3.761170506477355957e-01
3.762975037097930908e-01
3.799494802951812744e-01
3.836020231246948242e-01
3.903071582317352295e-01
3.971298038959503174e-01
3.990087509155273438e-01
4.008876681327819824e-01
4.027668237686157227e-01
4.046456217765808105e-01
4.065248966217041016e-01
4.084039926528930664e-01
4.102829098701477051e-01
4.121619462966918945e-01
4.148594737052917480e-01
4.189031720161437988e-01
4.227500855922698975e-01
4.261756539344787598e-01
4.359213709831237793e-01
4.576302766799926758e-01
4.814602136611938477e-01
4.995523095130920410e-01
5.122021436691284180e-01
5.235011577606201172e-01
5.331892967224121094e-01
5.387272834777832031e-01
5.426307916641235352e-01
5.443715453147888184e-01
5.379326939582824707e-01
5.295537710189819336e-01
5.218124389648437500e-01
5.144392848014831543e-01
5.070663690567016602e-01
4.996933341026306152e-01
4.923204779624938965e-01
4.849473237991333008e-01
4.775745868682861328e-01
4.702014923095703125e-01
4.642530083656311035e-01
4.672450423240661621e-01
4.702370166778564453e-01
4.771744012832641602e-01
4.859787821769714355e-01
4.947834610939025879e-01
5.035880804061889648e-01
5.090079307556152344e-01
5.050629377365112305e-01
5.004281997680664062e-01
4.953308105468750000e-01
4.891625642776489258e-01
4.823871850967407227e-01
4.732349514961242676e-01
4.678989648818969727e-01
4.627822339534759521e-01
4.575228989124298096e-01
4.493519067764282227e-01
4.410555362701416016e-01
4.332942664623260498e-01
4.255329072475433350e-01
4.177718162536621094e-01
4.100105762481689453e-01
4.022490978240966797e-01
3.958832621574401855e-01
3.953582942485809326e-01
4.009138941764831543e-01
4.079745709896087646e-01
4.151715040206909180e-01
4.252172112464904785e-01
4.368547201156616211e-01
4.489417076110839844e-01
4.618551135063171387e-01
4.799755811691284180e-01
4.963788986206054688e-01
5.111060142517089844e-01
5.301821827888488770e-01
5.467991828918457031e-01
5.619233846664428711e-01
5.767701864242553711e-01
5.827644467353820801e-01
5.845363736152648926e-01
5.853060483932495117e-01
5.727324485778808594e-01
5.563017129898071289e-01
5.304857492446899414e-01
5.049812793731689453e-01
5.197401046752929688e-01
5.143220424652099609e-01
5.090332031250000000e-01
5.036389231681823730e-01
4.962483644485473633e-01
4.878901839256286621e-01
4.795323610305786133e-01
4.711739420890808105e-01
4.636348783969879150e-01
4.586767554283142090e-01
4.537188410758972168e-01
4.487605094909667969e-01
4.438027143478393555e-01
4.392232596874237061e-01
4.351026415824890137e-01
4.309814572334289551e-01
4.246450066566467285e-01
4.182972311973571777e-01
4.119491875171661377e-01
4.081012606620788574e-01
4.116240739822387695e-01
4.151471257209777832e-01
4.286126792430877686e-01
4.402264058589935303e-01
4.482035636901855469e-01
4.558906257152557373e-01
4.575566053390502930e-01
4.629411697387695312e-01
4.616360068321228027e-01
4.584558010101318359e-01
4.548052549362182617e-01
4.491304755210876465e-01
4.434553980827331543e-01
4.377802908420562744e-01
4.310217499732971191e-01
4.265098571777343750e-01
4.228137433528900146e-01
4.163118600845336914e-01
4.083099067211151123e-01
4.003082811832427979e-01
3.926613926887512207e-01
3.838893473148345947e-01
3.815615475177764893e-01
3.813955187797546387e-01
3.808337152004241943e-01
3.830033242702484131e-01
3.866555392742156982e-01
3.903076648712158203e-01
3.940843343734741211e-01
3.997296094894409180e-01
4.039403796195983887e-01
4.045015871524810791e-01
4.050626158714294434e-01
4.056236147880554199e-01
4.062047004699707031e-01
4.073394536972045898e-01
4.092184305191040039e-01
4.110972881317138672e-01
4.132634997367858887e-01
4.170113801956176758e-01
4.224591851234436035e-01
4.262526929378509521e-01
4.366888701915740967e-01
4.589445292949676514e-01
4.793217778205871582e-01
4.973932504653930664e-01
5.132597684860229492e-01
5.248439311981201172e-01
5.358583331108093262e-01
5.452872514724731445e-01
5.462422370910644531e-01
5.452955961227416992e-01
5.375653505325317383e-01
5.304072499275207520e-01
5.230342149734497070e-01
5.156614780426025391e-01
5.082883834838867188e-01
5.009154081344604492e-01
4.935421943664550781e-01
4.861695766448974609e-01
4.787964820861816406e-01
4.714232683181762695e-01
4.640505909919738770e-01
4.633454680442810059e-01
4.667792320251464844e-01
4.751639962196350098e-01
4.839684367179870605e-01
4.927730560302734375e-01
4.997506141662597656e-01
4.967105388641357422e-01
4.913197159767150879e-01
4.868826270103454590e-01
4.843636751174926758e-01
4.799662232398986816e-01
4.739492535591125488e-01
4.688932895660400391e-01
4.637763500213623047e-01
4.586590528488159180e-01
4.535420238971710205e-01
4.487837255001068115e-01
4.429458379745483398e-01
4.351845383644104004e-01
4.274983704090118408e-01
4.198537766933441162e-01
4.122087657451629639e-01
4.045643806457519531e-01
4.009568691253662109e-01
4.067910015583038330e-01
4.147821068763732910e-01
4.227731227874755859e-01
4.331813454627990723e-01
4.448806643486022949e-01
4.561800360679626465e-01
4.660855829715728760e-01
4.757511019706726074e-01
4.877281188964843750e-01
5.019996762275695801e-01
5.148853659629821777e-01
5.271100997924804688e-01
5.435726642608642578e-01
5.584192872047424316e-01
5.732660889625549316e-01
5.815198421478271484e-01
5.821290016174316406e-01
5.819123983383178711e-01
5.698739886283874512e-01
5.537472367286682129e-01
5.278788208961486816e-01
5.023704767227172852e-01
5.156686305999755859e-01
5.105134248733520508e-01
5.052495002746582031e-01
4.998553991317749023e-01
4.944614768028259277e-01
4.873077273368835449e-01
4.795557856559753418e-01
4.711973667144775391e-01
4.628393054008483887e-01
4.569833576679229736e-01
4.520253241062164307e-01
4.470670223236083984e-01
4.421091377735137939e-01
4.374301731586456299e-01
4.333096444606781006e-01
4.291887879371643066e-01
4.236565828323364258e-01
4.173084795475006104e-01
4.109603464603424072e-01
4.067387580871582031e-01
4.102613329887390137e-01
4.137844741344451904e-01
4.264832735061645508e-01
4.396315813064575195e-01
4.476090669631958008e-01
4.555857777595520020e-01
4.585181772708892822e-01
4.615177512168884277e-01
4.612926840782165527e-01
4.588666558265686035e-01
4.556767344474792480e-01
4.519001543521881104e-01
4.461709558963775635e-01
4.404960870742797852e-01
4.349274337291717529e-01
4.298830330371856689e-01
4.255520403385162354e-01
4.212350249290466309e-01
4.140768051147460938e-01
4.074534177780151367e-01
4.031969606876373291e-01
3.971910476684570312e-01
3.913065791130065918e-01
3.868232965469360352e-01
3.869681358337402344e-01
3.898905217647552490e-01
3.933612704277038574e-01
3.970136046409606934e-01
4.006655216217041016e-01
4.006000459194183350e-01
4.046677350997924805e-01
4.094253182411193848e-01
4.115822315216064453e-01
4.121431708335876465e-01
4.127047061920166016e-01
4.132655262947082520e-01
4.138265848159790039e-01
4.143875837326049805e-01
4.149488806724548340e-01
4.171920716762542725e-01
4.214577674865722656e-01
4.292342066764831543e-01
4.382899701595306396e-01
4.551365971565246582e-01
4.757124185562133789e-01
4.952341318130493164e-01
5.133059024810791016e-01
5.259354114532470703e-01
5.354438424110412598e-01
5.424712300300598145e-01
5.474575757980346680e-01
5.448840260505676270e-01
5.376155376434326172e-01
5.311911106109619141e-01
5.242565870285034180e-01
5.168838500976562500e-01
5.095105171203613281e-01
5.021376013755798340e-01
4.947646260261535645e-01
4.873914718627929688e-01
4.800184965133666992e-01
4.726457595825195312e-01
4.652726650238037109e-01
4.594462215900421143e-01
4.643492102622985840e-01
4.731538891792297363e-01
4.819581508636474609e-01
4.904936552047729492e-01
4.883586168289184570e-01
4.822366237640380859e-01
4.779500961303710938e-01
4.756072759628295898e-01
4.749794006347656250e-01
4.721598625183105469e-01
4.691526889801025391e-01
4.647705554962158203e-01
4.596532881259918213e-01
4.545361995697021484e-01
4.501485824584960938e-01
4.457941055297851562e-01
4.415535330772399902e-01
4.376582205295562744e-01
4.311600327491760254e-01
4.243094325065612793e-01
4.186340272426605225e-01
4.166855812072753906e-01
4.161069393157958984e-01
4.228455722332000732e-01
4.308369159698486328e-01
4.404533803462982178e-01
4.500391483306884766e-01
4.595578908920288086e-01
4.690377712249755859e-01
4.785281419754028320e-01
4.879565238952636719e-01
4.955587387084960938e-01
5.049577951431274414e-01
5.160534381866455078e-01
5.271489024162292480e-01
5.400690436363220215e-01
5.546770095825195312e-01
5.684078335762023926e-01
5.788019299507141113e-01
5.787550210952758789e-01
5.773275494575500488e-01
5.662891864776611328e-01
5.506665706634521484e-01
5.203745365142822266e-01
4.896485805511474609e-01
5.115967988967895508e-01
5.064035654067993164e-01
5.014652609825134277e-01
4.960710406303405762e-01
4.906768798828125000e-01
4.851162433624267578e-01
4.777217507362365723e-01
4.703272581100463867e-01
4.628632366657257080e-01
4.552897512912750244e-01
4.503317177295684814e-01
4.453734755516052246e-01
4.404156804084777832e-01
4.356373846530914307e-01
4.315162301063537598e-01
4.273954629898071289e-01
4.226677119731903076e-01
4.163197875022888184e-01
4.099721610546112061e-01
4.053758978843688965e-01
4.088989198207855225e-01
4.124218523502349854e-01
4.243534803390502930e-01
4.390367269515991211e-01
4.470141232013702393e-01
4.549910426139831543e-01
4.573025703430175781e-01
4.600674211978912354e-01
4.596389234066009521e-01
4.583576023578643799e-01
4.560438990592956543e-01
4.529325366020202637e-01
4.491822123527526855e-01
4.433542490005493164e-01
4.380472600460052490e-01
4.338197410106658936e-01
4.290418326854705811e-01
4.264934360980987549e-01
4.246265292167663574e-01
4.212308228015899658e-01
4.169738590717315674e-01
4.106888175010681152e-01
4.046080708503723145e-01
3.987231254577636719e-01
3.949319720268249512e-01
3.977733254432678223e-01
4.007913172245025635e-01
4.037194848060607910e-01
4.067709147930145264e-01
4.053835868835449219e-01
4.047888815402984619e-01
4.096055924892425537e-01
4.145257771015167236e-01
4.186631441116333008e-01
4.192241132259368896e-01
4.197850227355957031e-01
4.203461706638336182e-01
4.209488034248352051e-01
4.221172332763671875e-01
4.247049093246459961e-01
4.294075965881347656e-01
4.366326928138732910e-01
4.425273239612579346e-01
4.553991556167602539e-01
4.745777845382690430e-01
4.941657781600952148e-01
5.106713771820068359e-01
5.232598781585693359e-01
5.307567715644836426e-01
5.377165079116821289e-01
5.446762442588806152e-01
5.447516441345214844e-01
5.381320714950561523e-01
5.318473577499389648e-01
5.254785418510437012e-01
5.181059241294860840e-01
5.107328891754150391e-01
5.033597946166992188e-01
4.959868192672729492e-01
4.886138439178466797e-01
4.812406897544860840e-01
4.738678336143493652e-01
4.664949774742126465e-01
4.591220021247863770e-01
4.623387455940246582e-01
4.711436629295349121e-01
4.799482226371765137e-01
4.800063967704772949e-01
4.738844633102416992e-01
4.689195752143859863e-01
4.659596085548400879e-01
4.658870398998260498e-01
4.695435762405395508e-01
4.673400521278381348e-01
4.644317030906677246e-01
4.610207676887512207e-01
4.569321870803833008e-01
4.531502723693847656e-01
4.495862722396850586e-01
4.460255801677703857e-01
4.424651861190795898e-01
4.389045238494873047e-01
4.353437721729278564e-01
4.341920316219329834e-01
4.332876801490783691e-01
4.327787756919860840e-01
4.314898252487182617e-01
4.357615709304809570e-01
4.438210725784301758e-01
4.531441032886505127e-01
4.626238942146301270e-01
4.721039533615112305e-01
4.815837144851684570e-01
4.905740022659301758e-01
4.978126287460327148e-01
5.026267766952514648e-01
5.072569847106933594e-01
5.172214508056640625e-01
5.282775163650512695e-01
5.377646684646606445e-01
5.492653846740722656e-01
5.628691315650939941e-01
5.755984783172607422e-01
5.741706490516662598e-01
5.719323158264160156e-01
5.567450523376464844e-01
5.364570021629333496e-01
5.076215267181396484e-01
4.772545695304870605e-01
5.056011676788330078e-01
5.010414123535156250e-01
4.970605373382568359e-01
4.922874569892883301e-01
4.868926405906677246e-01
4.814990758895874023e-01
4.755306839942932129e-01
4.681360721588134766e-01
4.607412815093994141e-01
4.533468484878540039e-01
4.484206438064575195e-01
4.436802864074707031e-01
4.387222826480865479e-01
4.338445365428924561e-01
4.297236800193786621e-01
4.256026744842529297e-01
4.214820861816406250e-01
4.153312742710113525e-01
4.089834690093994141e-01
4.040133655071258545e-01
4.075362384319305420e-01
4.110594987869262695e-01
4.222239553928375244e-01
4.372117519378662109e-01
4.464187920093536377e-01
4.543963670730590820e-01
4.564668536186218262e-01
4.569537937641143799e-01
4.568974673748016357e-01
4.556223750114440918e-01
4.554226100444793701e-01
4.532216191291809082e-01
4.501880705356597900e-01
4.464640021324157715e-01
4.415579438209533691e-01
4.395911693572998047e-01
4.389555454254150391e-01
4.381106197834014893e-01
4.372912645339965820e-01
4.341284632682800293e-01
4.307510852813720703e-01
4.261658787727355957e-01
4.180783927440643311e-01
4.120673835277557373e-01
4.100895524024963379e-01
4.078206419944763184e-01
4.085787534713745117e-01
4.116924405097961426e-01
4.118346571922302246e-01
4.104475975036621094e-01
4.090603888034820557e-01
4.096231460571289062e-01
4.145433902740478516e-01
4.194634556770324707e-01
4.242281913757324219e-01
4.263045787811279297e-01
4.272101521492004395e-01
4.286615848541259766e-01
4.305070638656616211e-01
4.328227043151855469e-01
4.351310729980468750e-01
4.406097531318664551e-01
4.493901729583740234e-01
4.597253799438476562e-01
4.782575368881225586e-01
4.961289763450622559e-01
5.108727812767028809e-01
5.237236022949218750e-01
5.308079719543457031e-01
5.366688370704650879e-01
5.425187945365905762e-01
5.423084497451782227e-01
5.387879610061645508e-01
5.325033068656921387e-01
5.262185931205749512e-01
5.193280577659606934e-01
5.119547843933105469e-01
5.045818686485290527e-01
4.972089529037475586e-01
4.898359179496765137e-01
4.824627637863159180e-01
4.750900268554687500e-01
4.677170515060424805e-01
4.606766700744628906e-01
4.604060053825378418e-01
4.691335558891296387e-01
4.716540575027465820e-01
4.655321538448333740e-01
4.598889350891113281e-01
4.560280442237854004e-01
4.566578865051269531e-01
4.643211960792541504e-01
4.673712253570556641e-01
4.652349948883056641e-01
4.631383717060089111e-01
4.611440300941467285e-01
4.580281376838684082e-01
4.544677138328552246e-01
4.509070515632629395e-01
4.473461806774139404e-01
4.437856078147888184e-01
4.416636526584625244e-01
4.431017041206359863e-01
4.447541832923889160e-01
4.453313946723937988e-01
4.433344006538391113e-01
4.413844943046569824e-01
4.468554854393005371e-01
4.562103152275085449e-01
4.656902551651000977e-01
4.751699566841125488e-01
4.846497774124145508e-01
4.932162761688232422e-01
4.997279644012451172e-01
5.041897296905517578e-01
5.087575912475585938e-01
5.133874416351318359e-01
5.179355144500732422e-01
5.277883410453796387e-01
5.365571379661560059e-01
5.447316169738769531e-01
5.570133924484252930e-01
5.672119259834289551e-01
5.634352564811706543e-01
5.559902787208557129e-01
5.425350069999694824e-01
5.222468972206115723e-01
4.945932030677795410e-01
4.683472514152526855e-01
4.972496628761291504e-01
4.926197528839111328e-01
4.885535836219787598e-01
4.844161272048950195e-01
4.797267913818359375e-01
4.750375747680664062e-01
4.703482985496520996e-01
4.646771252155303955e-01
4.579876065254211426e-01
4.511558115482330322e-01
4.445124566555023193e-01
4.405176043510437012e-01
4.365234076976776123e-01
4.320706725120544434e-01
4.279300570487976074e-01
4.238094687461853027e-01
4.196887910366058350e-01
4.143425524234771729e-01
4.079945683479309082e-01
4.026506543159484863e-01
4.061739146709442139e-01
4.096969366073608398e-01
4.200947284698486328e-01
4.350824058055877686e-01
4.458241760730743408e-01
4.538011252880096436e-01
4.556310176849365234e-01
4.560847282409667969e-01
4.524989426136016846e-01
4.512659907341003418e-01
4.525214433670043945e-01
4.524873495101928711e-01
4.505721628665924072e-01
4.503844082355499268e-01
4.516015052795410156e-01
4.511156380176544189e-01
4.504798054695129395e-01
4.498442113399505615e-01
4.491921067237854004e-01
4.468679130077362061e-01
4.436309933662414551e-01
4.402713477611541748e-01
4.335550367832183838e-01
4.276169538497924805e-01
4.252465963363647461e-01
4.229776859283447266e-01
4.207089543342590332e-01
4.193838536739349365e-01
4.187084734439849854e-01
4.157646298408508301e-01
4.141243696212768555e-01
4.127986431121826172e-01
4.145610332489013672e-01
4.194811582565307617e-01
4.245142936706542969e-01
4.302268028259277344e-01
4.354661703109741211e-01
4.373114705085754395e-01
4.381788969039916992e-01
4.368361234664916992e-01
4.395489096641540527e-01
4.456732571125030518e-01
4.556823670864105225e-01
4.638377130031585693e-01
4.780745506286621094e-01
4.936525225639343262e-01
5.093377828598022461e-01
5.228990912437438965e-01
5.333516597747802734e-01
5.397911071777343750e-01
5.443358421325683594e-01
5.449723005294799805e-01
5.430564284324645996e-01
5.391787290573120117e-01
5.315759778022766113e-01
5.239335298538208008e-01
5.152624249458312988e-01
5.065913200378417969e-01
4.984313249588012695e-01
4.910579919815063477e-01
4.836850166320800781e-01
4.763120412826538086e-01
4.689391255378723145e-01
4.633317589759826660e-01
4.617735743522644043e-01
4.637831747531890869e-01
4.583504796028137207e-01
4.527183175086975098e-01
4.490208625793457031e-01
4.510047435760498047e-01
4.585489630699157715e-01
4.663239717483520508e-01
4.670435190200805664e-01
4.650951027870178223e-01
4.636443853378295898e-01
4.620966613292694092e-01
4.592556953430175781e-01
4.557882547378540039e-01
4.522273540496826172e-01
4.485304355621337891e-01
4.475522041320800781e-01
4.479213953018188477e-01
4.483917951583862305e-01
4.487590193748474121e-01
4.491265416145324707e-01
4.494938254356384277e-01
4.534017443656921387e-01
4.592764079570770264e-01
4.687564373016357422e-01
4.782364368438720703e-01
4.877158403396606445e-01
4.958583712577819824e-01
5.015175342559814453e-01
5.059796571731567383e-01
5.104413032531738281e-01
5.147045254707336426e-01
5.182719230651855469e-01
5.216594934463500977e-01
5.269215703010559082e-01
5.353500247001647949e-01
5.413817167282104492e-01
5.428304672241210938e-01
5.496165156364440918e-01
5.481351613998413086e-01
5.400347113609313965e-01
5.283252000808715820e-01
5.077432990074157715e-01
4.857101440429687500e-01
4.594402313232421875e-01
4.871186017990112305e-01
4.838878512382507324e-01
4.800463914871215820e-01
4.763044118881225586e-01
4.716649055480957031e-01
4.669757485389709473e-01
4.622861146926879883e-01
4.575973749160766602e-01
4.515183269977569580e-01
4.448286294937133789e-01
4.381394982337951660e-01
4.338831901550292969e-01
4.305941462516784668e-01
4.273048639297485352e-01
4.247338771820068359e-01
4.220165610313415527e-01
4.178955554962158203e-01
4.133536517620086670e-01
4.070064723491668701e-01
4.012882411479949951e-01
4.048111736774444580e-01
4.083342552185058594e-01
4.179650843143463135e-01
4.329529106616973877e-01
4.452293515205383301e-01
4.532064199447631836e-01
4.547954797744750977e-01
4.552156329154968262e-01
4.498659670352935791e-01
4.455721080303192139e-01
4.480952918529510498e-01
4.528821706771850586e-01
4.567054510116577148e-01
4.588039815425872803e-01
4.611186385154724121e-01
4.623381495475769043e-01
4.620043635368347168e-01
4.613690972328186035e-01
4.607331752777099609e-01
4.600977301597595215e-01
4.566116034984588623e-01
4.532364010810852051e-01
4.490318894386291504e-01
4.449877142906188965e-01
4.405164718627929688e-01
4.381347298622131348e-01
4.358660876750946045e-01
4.331105947494506836e-01
4.254639148712158203e-01
4.229283928871154785e-01
4.200509786605834961e-01
4.178006052970886230e-01
4.166465103626251221e-01
4.200991988182067871e-01
4.260612130165100098e-01
4.322656989097595215e-01
4.384700655937194824e-01
4.423240423202514648e-01
4.411035180091857910e-01
4.420231580734252930e-01
4.446020722389221191e-01
4.504854381084442139e-01
4.579701423645019531e-01
4.644511342048645020e-01
4.755553603172302246e-01
4.910910129547119141e-01
5.069910883903503418e-01
5.222262740135192871e-01
5.354383587837219238e-01
5.429725646972656250e-01
5.461162924766540527e-01
5.470399260520935059e-01
5.472195148468017578e-01
5.434498190879821777e-01
5.396803617477416992e-01
5.322134494781494141e-01
5.240488052368164062e-01
5.153577327728271484e-01
5.066668987274169922e-01
4.979984164237976074e-01
4.898805022239685059e-01
4.817894697189331055e-01
4.738079309463500977e-01
4.695887565612792969e-01
4.669030606746673584e-01
4.535937309265136719e-01
4.479671716690063477e-01
4.434627890586853027e-01
4.459077715873718262e-01
4.523397088050842285e-01
4.609929919242858887e-01
4.681937098503112793e-01
4.671693444252014160e-01
4.657185971736907959e-01
4.642677903175354004e-01
4.628173112869262695e-01
4.599699378013610840e-01
4.555538296699523926e-01
4.515503644943237305e-01
4.509316086769104004e-01
4.512864947319030762e-01
4.516538083553314209e-01
4.520212411880493164e-01
4.523886442184448242e-01
4.527558088302612305e-01
4.556148648262023926e-01
4.624398350715637207e-01
4.706742167472839355e-01
4.813023209571838379e-01
4.907821416854858398e-01
4.985000491142272949e-01
5.033071041107177734e-01
5.077688097953796387e-01
5.122309923171997070e-01
5.158965587615966797e-01
5.191155672073364258e-01
5.223673582077026367e-01
5.257551670074462891e-01
5.264344215393066406e-01
5.267391800880432129e-01
5.281172990798950195e-01
5.294733047485351562e-01
5.319803953170776367e-01
5.321796536445617676e-01
5.240792036056518555e-01
5.141152143478393555e-01
4.971138834953308105e-01
4.768592119216918945e-01
4.513475298881530762e-01
4.734286069869995117e-01
4.720559716224670410e-01
4.703011512756347656e-01
4.677973985671997070e-01
4.636029601097106934e-01
4.589135646820068359e-01
4.542248249053955078e-01
4.495353102684020996e-01
4.448459148406982422e-01
4.383597075939178467e-01
4.316697418689727783e-01
4.256967902183532715e-01
4.224074482917785645e-01
4.191184341907501221e-01
4.164474308490753174e-01
4.139955639839172363e-01
4.115436077117919922e-01
4.090914428234100342e-01
4.039487838745117188e-01
3.985618650913238525e-01
4.027895927429199219e-01
4.069715142250061035e-01
4.158351719379425049e-01
4.308230280876159668e-01
4.446344673633575439e-01
4.526117444038391113e-01
4.539595246315002441e-01
4.543470144271850586e-01
4.488331675529479980e-01
4.454586505889892578e-01
4.484986662864685059e-01
4.557389616966247559e-01
4.615361094474792480e-01
4.660397171974182129e-01
4.695888757705688477e-01
4.719814658164978027e-01
4.730747342109680176e-01
4.728930592536926270e-01
4.722576737403869629e-01
4.716219305992126465e-01
4.704319834709167480e-01
4.663552939891815186e-01
4.647743999958038330e-01
4.625112116336822510e-01
4.578872323036193848e-01
4.533773362636566162e-01
4.510233104228973389e-01
4.466253519058227539e-01
4.393172562122344971e-01
4.317428469657897949e-01
4.270549714565277100e-01
4.246330261230468750e-01
4.226813912391662598e-01
4.229516685009002686e-01
4.282089769840240479e-01
4.344135224819183350e-01
4.371914267539978027e-01
4.381184875965118408e-01
4.427854716777801514e-01
4.472108185291290283e-01
4.495391249656677246e-01
4.524747133255004883e-01
4.564747214317321777e-01
4.642378389835357666e-01
4.740936756134033203e-01
4.883317947387695312e-01
5.043148994445800781e-01
5.202018022537231445e-01
5.349617600440979004e-01
5.460548400878906250e-01
5.481839179992675781e-01
5.491078495979309082e-01
5.496070981025695801e-01
5.476130247116088867e-01
5.439865589141845703e-01
5.407897233963012695e-01
5.341389179229736328e-01
5.260543823242187500e-01
5.181245207786560059e-01
5.103440284729003906e-01
5.025638341903686523e-01
4.947832822799682617e-01
4.872270822525024414e-01
4.841942787170410156e-01
4.689763784408569336e-01
4.521245360374450684e-01
4.426877796649932861e-01
4.435669183731079102e-01
4.475885629653930664e-01
4.549435377120971680e-01
4.634712338447570801e-01
4.692436456680297852e-01
4.677928686141967773e-01
4.659543931484222412e-01
4.631491899490356445e-01
4.595535099506378174e-01
4.550259709358215332e-01
4.539287090301513672e-01
4.541809558868408203e-01
4.545481801033020020e-01
4.549157619476318359e-01
4.552830457687377930e-01
4.556504189968109131e-01
4.560178518295288086e-01
4.588916897773742676e-01
4.631561040878295898e-01
4.708530306816101074e-01
4.789721369743347168e-01
4.908315539360046387e-01
5.006346702575683594e-01
5.050964951515197754e-01
5.095584392547607422e-01
5.136625766754150391e-01
5.168935656547546387e-01
5.201128125190734863e-01
5.233321189880371094e-01
5.233029127120971680e-01
5.218209028244018555e-01
5.200004577636718750e-01
5.150827169418334961e-01
5.148535966873168945e-01
5.162097215652465820e-01
5.165684819221496582e-01
5.162240266799926758e-01
5.081235170364379883e-01
5.029026269912719727e-01
4.868547320365905762e-01
4.681735038757324219e-01
4.466084241867065430e-01
4.595537781715393066e-01
4.581817388534545898e-01
4.571151137351989746e-01
4.566305279731750488e-01
4.547733664512634277e-01
4.508517980575561523e-01
4.461626112461090088e-01
4.414733946323394775e-01
4.367840886116027832e-01
4.318898320198059082e-01
4.252005219459533691e-01
4.185109436511993408e-01
4.142211675643920898e-01
4.109315276145935059e-01
4.081613719463348389e-01
4.057091772556304932e-01
4.032573997974395752e-01
4.008051753044128418e-01
3.973137438297271729e-01
3.926348984241485596e-01
3.971489071846008301e-01
4.013770818710327148e-01
4.101782739162445068e-01
4.258712828159332275e-01
4.415639936923980713e-01
4.506042003631591797e-01
4.531745612621307373e-01
4.579755067825317383e-01
4.559846818447113037e-01
4.514524936676025391e-01
4.499844014644622803e-01
4.567758440971374512e-01
4.640160799026489258e-01
4.712749123573303223e-01
4.765458106994628906e-01
4.803734421730041504e-01
4.828438758850097656e-01
4.838110804557800293e-01
4.837822914123535156e-01
4.831466078758239746e-01
4.825113415718078613e-01
4.800258278846740723e-01
4.800153970718383789e-01
4.792867898941040039e-01
4.756135940551757812e-01
4.709895253181457520e-01
4.663655757904052734e-01
4.601409435272216797e-01
4.528324007987976074e-01
4.456112384796142578e-01
4.388786554336547852e-01
4.332284331321716309e-01
4.319570064544677734e-01
4.299216866493225098e-01
4.306096434593200684e-01
4.319102168083190918e-01
4.328596293926239014e-01
4.361159801483154297e-01
4.410578012466430664e-01
4.448714852333068848e-01
4.491147696971893311e-01
4.519340395927429199e-01
4.551166296005249023e-01
4.618636965751647949e-01
4.726318120956420898e-01
4.855722188949584961e-01
5.013481974601745605e-01
5.182737112045288086e-01
5.345537662506103516e-01
5.484172105789184570e-01
5.509338378906250000e-01
5.525842905044555664e-01
5.538586974143981934e-01
5.540157556533813477e-01
5.515477657318115234e-01
5.486888885498046875e-01
5.458298325538635254e-01
5.392427444458007812e-01
5.314624309539794922e-01
5.236821770668029785e-01
5.159016847610473633e-01
5.081210136413574219e-01
5.016885995864868164e-01
4.886340498924255371e-01
4.717396497726440430e-01
4.558996558189392090e-01
4.478186964988708496e-01
4.504574835300445557e-01
4.575772285461425781e-01
4.651775956153869629e-01
4.726437926292419434e-01
4.729859828948974609e-01
4.680820703506469727e-01
4.630614519119262695e-01
4.578733444213867188e-01
4.548382163047790527e-01
4.558786153793334961e-01
4.569658637046813965e-01
4.578102231025695801e-01
4.581776857376098633e-01
4.585449695587158203e-01
4.589121937751770020e-01
4.592795670032501221e-01
4.621692895889282227e-01
4.664644598960876465e-01
4.711468219757080078e-01
4.792662262916564941e-01
4.869761466979980469e-01
4.944182634353637695e-01
5.021703243255615234e-01
5.097375512123107910e-01
5.146712660789489746e-01
5.178908109664916992e-01
5.211101174354553223e-01
5.204542875289916992e-01
5.188922286033630371e-01
5.173299312591552734e-01
5.157681703567504883e-01
5.118904709815979004e-01
5.067813396453857422e-01
5.016722083091735840e-01
5.026746988296508789e-01
5.022467970848083496e-01
5.018188953399658203e-01
4.952132701873779297e-01
4.914033412933349609e-01
4.770505428314208984e-01
4.602565169334411621e-01
4.427264928817749023e-01
4.456790089607238770e-01
4.443063735961914062e-01
4.431547224521636963e-01
4.426695704460144043e-01
4.421847462654113770e-01
4.410944581031799316e-01
4.378042221069335938e-01
4.334115982055664062e-01
4.287218451499938965e-01
4.240329265594482422e-01
4.187313020229339600e-01
4.120418131351470947e-01
4.060344099998474121e-01
4.027451872825622559e-01
3.998755216598510742e-01
3.974233567714691162e-01
3.949711024761199951e-01
3.925190865993499756e-01
3.898319900035858154e-01
3.851529359817504883e-01
3.898527622222900391e-01
3.950445652008056641e-01
4.037709832191467285e-01
4.194637835025787354e-01
4.364356100559234619e-01
4.506006538867950439e-01
4.560716450214385986e-01
4.608419537544250488e-01
4.597825407981872559e-01
4.545754492282867432e-01
4.526522159576416016e-01
4.563515782356262207e-01
4.643376469612121582e-01
4.737306833267211914e-01
4.817810654640197754e-01
4.870517253875732422e-01
4.911580681800842285e-01
4.937065839767456055e-01
4.945476055145263672e-01
4.946711659431457520e-01
4.940358400344848633e-01
4.948394298553466797e-01
4.956119060516357422e-01
4.954519271850585938e-01
4.923712015151977539e-01
4.887161254882812500e-01
4.837180376052856445e-01
4.740547537803649902e-01
4.671156108379364014e-01
4.607143998146057129e-01
4.546271264553070068e-01
4.484808444976806641e-01
4.416168332099914551e-01
4.389057159423828125e-01
4.317224025726318359e-01
4.276006817817687988e-01
4.294908642768859863e-01
4.337236583232879639e-01
4.363287091255187988e-01
4.389618635177612305e-01
4.429182112216949463e-01
4.482434391975402832e-01
4.540821909904479980e-01
4.596640169620513916e-01
4.711974859237670898e-01
4.848731756210327148e-01
5.005820989608764648e-01
5.179814100265502930e-01
5.356015563011169434e-01
5.497537851333618164e-01
5.563102960586547852e-01
5.585843324661254883e-01
5.603986978530883789e-01
5.608173012733459473e-01
5.602424740791320801e-01
5.573836565017700195e-01
5.545245409011840820e-01
5.516658425331115723e-01
5.448000431060791016e-01
5.370196700096130371e-01
5.292397141456604004e-01
5.213250517845153809e-01
5.082911849021911621e-01
4.913969039916992188e-01
4.767611622810363770e-01
4.649909436702728271e-01
4.576130211353302002e-01
4.595845937728881836e-01
4.660542607307434082e-01
4.718902111053466797e-01
4.774305820465087891e-01
4.741719961166381836e-01
4.689639806747436523e-01
4.640654921531677246e-01
4.632172882556915283e-01
4.641939401626586914e-01
4.651822447776794434e-01
4.649515748023986816e-01
4.647408723831176758e-01
4.639348387718200684e-01
4.630041122436523438e-01
4.625414013862609863e-01
4.654775261878967285e-01
4.697728753089904785e-01
4.740679860115051270e-01
4.795600771903991699e-01
4.868459105491638184e-01
4.905517697334289551e-01
4.955684542655944824e-01
5.026317834854125977e-01
5.091409683227539062e-01
5.155264139175415039e-01
5.175365209579467773e-01
5.160435438156127930e-01
5.144813060760498047e-01
5.129193067550659180e-01
5.113571882247924805e-01
5.083712339401245117e-01
5.037786960601806641e-01
4.987765550613403320e-01
4.937604665756225586e-01
4.887248277664184570e-01
4.882969260215759277e-01
4.895005226135253906e-01
4.845890998840332031e-01
4.801286458969116211e-01
4.679256677627563477e-01
4.523497521877288818e-01
4.388745129108428955e-01
4.318042993545532227e-01
4.304320216178894043e-01
4.291940331459045410e-01
4.287092685699462891e-01
4.282243847846984863e-01
4.276764392852783203e-01
4.262439906597137451e-01
4.241254925727844238e-01
4.206601381301879883e-01
4.159711301326751709e-01
4.112819731235504150e-01
4.055725336074829102e-01
3.988828659057617188e-01
3.945586979389190674e-01
3.915896117687225342e-01
3.891371488571166992e-01
3.866852521896362305e-01
3.842331171035766602e-01
3.817811906337738037e-01
3.776714503765106201e-01
3.819971680641174316e-01
3.871888518333435059e-01
3.972199261188507080e-01
4.176210761070251465e-01
4.380225837230682373e-01
4.534974396228790283e-01
4.589526951313018799e-01
4.637054800987243652e-01
4.628689587116241455e-01
4.565486013889312744e-01
4.543676674365997314e-01
4.531418085098266602e-01
4.615009427070617676e-01
4.708938598632812500e-01
4.802861213684082031e-01
4.893677830696105957e-01
4.953436851501464844e-01
5.003460645675659180e-01
5.037649273872375488e-01
5.051846504211425781e-01
5.055599212646484375e-01
5.084856748580932617e-01
5.109677910804748535e-01
5.106771588325500488e-01
5.090276002883911133e-01
5.054556131362915039e-01
5.000497698783874512e-01
4.913120269775390625e-01
4.829330444335937500e-01
4.767533540725708008e-01
4.705770015716552734e-01
4.644003808498382568e-01
4.561981260776519775e-01
4.442106783390045166e-01
4.350118041038513184e-01
4.272237420082092285e-01
4.258044958114624023e-01
4.276160001754760742e-01
4.289163351058959961e-01
4.332505464553833008e-01
4.377796053886413574e-01
4.431460797786712646e-01
4.499863386154174805e-01
4.593757987022399902e-01
4.711797237396240234e-01
4.872063398361206055e-01
5.021523833274841309e-01
5.195001363754272461e-01
5.384057760238647461e-01
5.519921779632568359e-01
5.623805522918701172e-01
5.650627017021179199e-01
5.670182704925537109e-01
5.676194429397583008e-01
5.680382251739501953e-01
5.660785436630249023e-01
5.632197856903076172e-01
5.603606104850769043e-01
5.570275783538818359e-01
5.503578782081604004e-01
5.425641536712646484e-01
5.285283327102661133e-01
5.114014148712158203e-01
4.976546764373779297e-01
4.841397404670715332e-01
4.743111133575439453e-01
4.670297503471374512e-01
4.651128649711608887e-01
4.699938297271728516e-01
4.755358695983886719e-01
4.800804257392883301e-01
4.748963713645935059e-01
4.720182418823242188e-01
4.723913073539733887e-01
4.735507369041442871e-01
4.747101068496704102e-01
4.758694767951965332e-01
4.757968783378601074e-01
4.755662083625793457e-01
4.751087427139282227e-01
4.741587042808532715e-01
4.758227467536926270e-01
4.787999987602233887e-01
4.817866683006286621e-01
4.847837090492248535e-01
4.882821440696716309e-01
4.900855422019958496e-01
4.923530817031860352e-01
4.952374696731567383e-01
5.014000535011291504e-01
5.031279921531677246e-01
5.048559904098510742e-01
5.066245794296264648e-01
5.084598064422607422e-01
5.087636709213256836e-01
5.073090195655822754e-01
5.045176744461059570e-01
5.010262727737426758e-01
4.960863590240478516e-01
4.909704923629760742e-01
4.852102398872375488e-01
4.783169627189636230e-01
4.748440980911254883e-01
4.803750514984130859e-01
4.779207110404968262e-01
4.692577123641967773e-01
4.584932923316955566e-01
4.419979453086853027e-01
4.328763484954833984e-01
4.179295897483825684e-01
4.165573418140411377e-01
4.152334034442901611e-01
4.147489368915557861e-01
4.142640233039855957e-01
4.137790203094482422e-01
4.127286672592163086e-01
4.112967550754547119e-01
4.098650813102722168e-01
4.071558117866516113e-01
4.032197296619415283e-01
3.985305726528167725e-01
3.924134969711303711e-01
3.863721489906311035e-01
3.833034932613372803e-01
3.808510899543762207e-01
3.783990740776062012e-01
3.759469687938690186e-01
3.734946846961975098e-01
3.702552914619445801e-01
3.764619529247283936e-01
3.853986859321594238e-01
3.966074287891387939e-01
4.170092940330505371e-01
4.374104142189025879e-01
4.551270306110382080e-01
4.615128338336944580e-01
4.665690958499908447e-01
4.659551382064819336e-01
4.597123861312866211e-01
4.560834169387817383e-01
4.541606903076171875e-01
4.586637616157531738e-01
4.680569767951965332e-01
4.774492979049682617e-01
4.868418574333190918e-01
4.962347745895385742e-01
5.022764801979064941e-01
5.074449777603149414e-01
5.109822750091552734e-01
5.134326815605163574e-01
5.190032720565795898e-01
5.232539176940917969e-01
5.244753360748291016e-01
5.249508619308471680e-01
5.225055217742919922e-01
5.169008374214172363e-01
5.095266103744506836e-01
5.011472702026367188e-01
4.927933812141418457e-01
4.866166114807128906e-01
4.772398471832275391e-01
4.659394025802612305e-01
4.545533061027526855e-01
4.416198432445526123e-01
4.305719137191772461e-01
4.247730970382690430e-01
4.226031303405761719e-01
4.254905581474304199e-01
4.301658272743225098e-01
4.349160194396972656e-01
4.400488734245300293e-01
4.469310045242309570e-01
4.557381570339202881e-01
4.699917435646057129e-01
4.902689456939697266e-01
5.051340460777282715e-01
5.222110152244567871e-01
5.405950546264648438e-01
5.532124042510986328e-01
5.650315880775451660e-01
5.713764429092407227e-01
5.736176967620849609e-01
5.744212865829467773e-01
5.748400688171386719e-01
5.747736692428588867e-01
5.719145536422729492e-01
5.690556168556213379e-01
5.661969780921936035e-01
5.623414516448974609e-01
5.511149168014526367e-01
5.313901901245117188e-01
5.163480043411254883e-01
5.005842447280883789e-01
4.890631437301635742e-01
4.806415438652038574e-01
4.758182764053344727e-01
4.716916084289550781e-01
4.734507799148559570e-01
4.789927005767822266e-01
4.814019203186035156e-01
4.807305932044982910e-01
4.817482233047485352e-01
4.829075932502746582e-01
4.840669631958007812e-01
4.852265119552612305e-01
4.863855242729187012e-01
4.866422414779663086e-01
4.864115715026855469e-01
4.861965775489807129e-01
4.880329966545104980e-01
4.910100698471069336e-01
4.939872026443481445e-01
4.969643950462341309e-01
4.971598386764526367e-01
4.978174567222595215e-01
4.986881017684936523e-01
4.982551932334899902e-01
4.941245913505554199e-01
4.946359395980834961e-01
4.951733350753784180e-01
4.957103729248046875e-01
4.962474107742309570e-01
4.978805780410766602e-01
4.997159242630004883e-01
5.002912878990173340e-01
4.971726536750793457e-01
4.935709834098815918e-01
4.884008169174194336e-01
4.831676483154296875e-01
4.762229323387145996e-01
4.693298935890197754e-01
4.683389663696289062e-01
4.695569872856140137e-01
4.690045118331909180e-01
4.592671394348144531e-01
4.450249075889587402e-01
4.279964864253997803e-01
4.235922098159790039e-01
4.040547013282775879e-01
4.026827216148376465e-01
4.013108611106872559e-01
4.007880687713623047e-01
4.003036916255950928e-01
3.998187184333801270e-01
3.992136120796203613e-01
3.977811932563781738e-01
3.963494896888732910e-01
3.949177265167236328e-01
3.934469521045684814e-01
3.901863396167755127e-01
3.857795000076293945e-01
3.792548179626464844e-01
3.750172257423400879e-01
3.725651502609252930e-01
3.701129555702209473e-01
3.679025173187255859e-01
3.680498003959655762e-01
3.692939877510070801e-01
3.766169250011444092e-01
3.855533599853515625e-01
3.959953784942626953e-01
4.163968861103057861e-01
4.367982149124145508e-01
4.558086395263671875e-01
4.621614515781402588e-01
4.678781032562255859e-01
4.684504270553588867e-01
4.628758430480957031e-01
4.577993452548980713e-01
4.558762013912200928e-01
4.566483199596405029e-01
4.652196764945983887e-01
4.746125340461730957e-01
4.840049147605895996e-01
4.933980703353881836e-01
5.027905702590942383e-01
5.092095732688903809e-01
5.145440101623535156e-01
5.213996767997741699e-01
5.273165702819824219e-01
5.317671298980712891e-01
5.360565185546875000e-01
5.375478267669677734e-01
5.369329452514648438e-01
5.297913551330566406e-01
5.237023830413818359e-01
5.172226428985595703e-01
5.101208686828613281e-01
4.986475706100463867e-01
4.886253476142883301e-01
4.773137569427490234e-01
4.645383358001708984e-01
4.516234397888183594e-01
4.405765533447265625e-01
4.291046559810638428e-01
4.226395785808563232e-01
4.240648448467254639e-01
4.283257722854614258e-01
4.331927299499511719e-01
4.380594491958618164e-01
4.444787502288818359e-01
4.527307450771331787e-01
4.660895466804504395e-01
4.855579137802124023e-01
5.075723528861999512e-01
5.251283049583435059e-01
5.411856174468994141e-01
5.540131926536560059e-01
5.664612650871276855e-01
5.775646567344665527e-01
5.801286697387695312e-01
5.812231898307800293e-01
5.816419124603271484e-01
5.820608139038085938e-01
5.806094408035278320e-01
5.774933099746704102e-01
5.737591385841369629e-01
5.652298331260681152e-01
5.492777228355407715e-01
5.328688025474548340e-01
5.165138840675354004e-01
5.033820867538452148e-01
4.944095611572265625e-01
4.892197847366333008e-01
4.843968152999877930e-01
4.795734286308288574e-01
4.777625799179077148e-01
4.851319789886474609e-01
4.899457693099975586e-01
4.911048412322998047e-01
4.922645688056945801e-01
4.934240579605102539e-01
4.945833086967468262e-01
4.957426190376281738e-01
4.969019889831542969e-01
4.974876642227172852e-01
4.972872734069824219e-01
4.997343420982360840e-01
5.032204389572143555e-01
5.061973333358764648e-01
5.091702938079833984e-01
5.081587433815002441e-01
5.056445002555847168e-01
5.044943690299987793e-01
5.003613829612731934e-01
4.962280988693237305e-01
4.920948743820190430e-01
4.916213154792785645e-01
4.921385645866394043e-01
4.926561117172241211e-01
4.931732416152954102e-01
4.936907291412353516e-01
4.932199716567993164e-01
4.917200207710266113e-01
4.902206063270568848e-01
4.870721101760864258e-01
4.800155758857727051e-01
4.726264476776123047e-01
4.649198651313781738e-01
4.623456597328186035e-01
4.594966471195220947e-01
4.557451009750366211e-01
4.569324254989624023e-01
4.466510713100433350e-01
4.327917695045471191e-01
4.148067533969879150e-01
4.135549664497375488e-01
3.901798129081726074e-01
3.888078331947326660e-01
3.874360620975494385e-01
3.868277668952941895e-01
3.863429427146911621e-01
3.858580589294433594e-01
3.853736519813537598e-01
3.842662274837493896e-01
3.828341662883758545e-01
3.814021944999694824e-01
3.799703121185302734e-01
3.785387277603149414e-01
3.765074610710144043e-01
3.727853894233703613e-01
3.667314648628234863e-01
3.646976053714752197e-01
3.651891350746154785e-01
3.664816319942474365e-01
3.677743375301361084e-01
3.690672516822814941e-01
3.767718672752380371e-01
3.857076764106750488e-01
3.953832387924194336e-01
4.157844185829162598e-01
4.361861050128936768e-01
4.554690718650817871e-01
4.628096222877502441e-01
4.685261845588684082e-01
4.693213701248168945e-01
4.641966819763183594e-01
4.586955904960632324e-01
4.578028619289398193e-01
4.573436975479125977e-01
4.623826146125793457e-01
4.717752933502197266e-01
4.811681509017944336e-01
4.905608892440795898e-01
4.999535083770751953e-01
5.093462467193603516e-01
5.168720483779907227e-01
5.269703865051269531e-01
5.354017019271850586e-01
5.412308573722839355e-01
5.470805168151855469e-01
5.516203641891479492e-01
5.516360998153686523e-01
5.450375080108642578e-01
5.384389162063598633e-01
5.325770378112792969e-01
5.214595198631286621e-01
5.092280507087707520e-01
4.961160421371459961e-01
4.832087755203247070e-01
4.696304798126220703e-01
4.600012898445129395e-01
4.505358934402465820e-01
4.403955042362213135e-01
4.306509494781494141e-01
4.256150424480438232e-01
4.279696047306060791e-01
4.315091371536254883e-01
4.363758563995361328e-01
4.422637224197387695e-01
4.502649307250976562e-01
4.622838199138641357e-01
4.804354310035705566e-01
5.048739314079284668e-01
5.250728726387023926e-01
5.420920252799987793e-01
5.548139214515686035e-01
5.673846006393432617e-01
5.800755023956298828e-01
5.864425897598266602e-01
5.879815220832824707e-01
5.881096124649047852e-01
5.875811576843261719e-01
5.864163041114807129e-01
5.814355611801147461e-01
5.737353563308715820e-01
5.612888336181640625e-01
5.438616871833801270e-01
5.306675434112548828e-01
5.180776119232177734e-01
5.087589621543884277e-01
5.026212334632873535e-01
4.977981448173522949e-01
4.929749965667724609e-01
4.889883995056152344e-01
4.898919463157653809e-01
4.969869852066040039e-01
5.004621744155883789e-01
5.016213655471801758e-01
5.027807354927062988e-01
5.039399862289428711e-01
5.050995349884033203e-01
5.062587261199951172e-01
5.074180364608764648e-01
5.083781480789184570e-01
5.108802914619445801e-01
5.146846771240234375e-01
5.184887647628784180e-01
5.213374495506286621e-01
5.192029476165771484e-01
5.139470100402832031e-01
5.066012144088745117e-01
5.024678707122802734e-01
4.983346462249755859e-01
4.942014217376708984e-01
4.900681376457214355e-01
4.886261224746704102e-01
4.891432523727416992e-01
4.896607398986816406e-01
4.901781082153320312e-01
4.897113442420959473e-01
4.873467087745666504e-01
4.849079847335815430e-01
4.824692606925964355e-01
4.791465401649475098e-01
4.740287065505981445e-01
4.652846455574035645e-01
4.594276845455169678e-01
4.561340212821960449e-01
4.510840475559234619e-01
4.460341334342956543e-01
4.423753917217254639e-01
4.339257478713989258e-01
4.218122959136962891e-01
4.052863121032714844e-01
4.035169482231140137e-01
3.763055205345153809e-01
3.749335408210754395e-01
3.735612034797668457e-01
3.728671967983245850e-01
3.723822236061096191e-01
3.718976080417633057e-01
3.714129626750946045e-01
3.707510232925415039e-01
3.693190515041351318e-01
3.678870797157287598e-01
3.664552271366119385e-01
3.650234341621398926e-01
3.635917603969573975e-01
3.627559840679168701e-01
3.627701997756958008e-01
3.636207282543182373e-01
3.649134039878845215e-01
3.662062883377075195e-01
3.674988746643066406e-01
3.687915205955505371e-01
3.769264221191406250e-01
3.858628273010253906e-01
3.947995901107788086e-01
4.151720404624938965e-01
4.355735182762145996e-01
4.546157121658325195e-01
4.634581208229064941e-01
4.691750407218933105e-01
4.701649546623229980e-01
4.651454091072082520e-01
4.596436917781829834e-01
4.577926397323608398e-01
4.582810699939727783e-01
4.610011279582977295e-01
4.689385890960693359e-01
4.783311486244201660e-01
4.877238869667053223e-01
4.971166253089904785e-01
5.069215297698974609e-01
5.197728872299194336e-01
5.328421592712402344e-01
5.445122718811035156e-01
5.538613796234130859e-01
5.605562925338745117e-01
5.667229294776916504e-01
5.667968988418579102e-01
5.617658495903015137e-01
5.536389350891113281e-01
5.421384572982788086e-01
5.312628746032714844e-01
5.185064077377319336e-01
5.032043457031250000e-01
4.872399568557739258e-01
4.762002825736999512e-01
4.667345285415649414e-01
4.572691321372985840e-01
4.478036165237426758e-01
4.397427439689636230e-01
4.320309162139892578e-01
4.261347353458404541e-01
4.295963943004608154e-01
4.331908524036407471e-01
4.396126270294189453e-01
4.479610919952392578e-01
4.589464664459228516e-01
4.763455390930175781e-01
4.996925592422485352e-01
5.226303935050964355e-01
5.377506017684936523e-01
5.542818307876586914e-01
5.680866241455078125e-01
5.803235769271850586e-01
5.913184285163879395e-01
5.917186737060546875e-01
5.900484323501586914e-01
5.883220434188842773e-01
5.863037109375000000e-01
5.823552608489990234e-01
5.715286731719970703e-01
5.550545454025268555e-01
5.388367176055908203e-01
5.272501707077026367e-01
5.211229324340820312e-01
5.160224437713623047e-01
5.111995935440063477e-01
5.063763260841369629e-01
5.045894980430603027e-01
5.056043267250061035e-01
5.071704983711242676e-01
5.101817250251770020e-01
5.109781622886657715e-01
5.121377110481262207e-01
5.132970809936523438e-01
5.144562125205993652e-01
5.157053470611572266e-01
5.169720649719238281e-01
5.182990431785583496e-01
5.223062634468078613e-01
5.261945724487304688e-01
5.299991965293884277e-01
5.321322679519653320e-01
5.270253419876098633e-01
5.190681219100952148e-01
5.111107230186462402e-01
5.045745372772216797e-01
5.004413127899169922e-01
4.963081479072570801e-01
4.921747446060180664e-01
4.880417585372924805e-01
4.852976799011230469e-01
4.849157929420471191e-01
4.845140576362609863e-01
4.834532141685485840e-01
4.808208346366882324e-01
4.778378009796142578e-01
4.748548865318298340e-01
4.718718528747558594e-01
4.681240320205688477e-01
4.622193276882171631e-01
4.583420157432556152e-01
4.584234654903411865e-01
4.531878232955932617e-01
4.480257928371429443e-01
4.429559111595153809e-01
4.378862380981445312e-01
4.269524514675140381e-01
4.152861833572387695e-01
4.012729525566101074e-01
3.962169885635375977e-01
3.624305725097656250e-01
3.610587418079376221e-01
3.596862852573394775e-01
3.589070439338684082e-01
3.584218919277191162e-01
3.579373061656951904e-01
3.574521541595458984e-01
3.569676280021667480e-01
3.558034300804138184e-01
3.543715775012969971e-01
3.529396057128906250e-01
3.522813320159912109e-01
3.544799685478210449e-01
3.567928373813629150e-01
3.591057062149047852e-01
3.615997433662414551e-01
3.643695116043090820e-01
3.659305572509765625e-01
3.672230839729309082e-01
3.685158491134643555e-01
3.769438862800598145e-01
3.860175609588623047e-01
3.949543237686157227e-01
4.145597815513610840e-01
4.349614679813385010e-01
4.537629485130310059e-01
4.641065299510955811e-01
4.698233604431152344e-01
4.709461331367492676e-01
4.660936594009399414e-01
4.605922102928161621e-01
4.576977193355560303e-01
4.581852257251739502e-01
4.600956737995147705e-01
4.663375914096832275e-01
4.766817688941955566e-01
4.871375560760498047e-01
4.971028566360473633e-01
5.078972578048706055e-01
5.235556364059448242e-01
5.396249294281005859e-01
5.531910061836242676e-01
5.647175908088684082e-01
5.744002461433410645e-01
5.811288952827453613e-01
5.814549922943115234e-01
5.763512849807739258e-01
5.645714998245239258e-01
5.519634485244750977e-01
5.376626253128051758e-01
5.241524577140808105e-01
5.090767741203308105e-01
4.944657683372497559e-01
4.829334020614624023e-01
4.734681248664855957e-01
4.640025794506072998e-01
4.550856351852416992e-01
4.482762217521667480e-01
4.409359097480773926e-01
4.334756731986999512e-01
4.275426864624023438e-01
4.304490089416503906e-01
4.345720410346984863e-01
4.420000612735748291e-01
4.520698785781860352e-01
4.697545766830444336e-01
4.920557737350463867e-01
5.163282155990600586e-01
5.306383371353149414e-01
5.466666817665100098e-01
5.626108646392822266e-01
5.761727094650268555e-01
5.870293378829956055e-01
5.913419127464294434e-01
5.896632075309753418e-01
5.876427888870239258e-01
5.867481827735900879e-01
5.809389352798461914e-01
5.654085278511047363e-01
5.483852028846740723e-01
5.350043773651123047e-01
5.277264118194580078e-01
5.233913064002990723e-01
5.222719907760620117e-01
5.208781957626342773e-01
5.209456086158752441e-01
5.224304199218750000e-01
5.239743590354919434e-01
5.255185365676879883e-01
5.244185328483581543e-01
5.216500759124755859e-01
5.229166746139526367e-01
5.241833329200744629e-01
5.254499912261962891e-01
5.267166495323181152e-01
5.280585289001464844e-01
5.320969820022583008e-01
5.372915267944335938e-01
5.413876175880432129e-01
5.384911298751831055e-01
5.312534570693969727e-01
5.240160822868347168e-01
5.162316560745239258e-01
5.082743167877197266e-01
5.025479197502136230e-01
4.978707432746887207e-01
4.928179979324340820e-01
4.877655506134033203e-01
4.827131032943725586e-01
4.781193733215332031e-01
4.771732091903686523e-01
4.757381081581115723e-01
4.727552533149719238e-01
4.697721004486083984e-01
4.667893946170806885e-01
4.640616774559020996e-01
4.615007936954498291e-01
4.564769268035888672e-01
4.513245224952697754e-01
4.522554874420166016e-01
4.513108730316162109e-01
4.493278264999389648e-01
4.450707137584686279e-01
4.399563968181610107e-01
4.348863959312438965e-01
4.242958128452301025e-01
4.102023541927337646e-01
4.016395807266235352e-01
3.983390331268310547e-01
3.499163985252380371e-01
3.477144241333007812e-01
3.458879590034484863e-01
3.449461758136749268e-01
3.444617092609405518e-01
3.439766466617584229e-01
3.434919714927673340e-01
3.430074155330657959e-01
3.422881662845611572e-01
3.420357704162597656e-01
3.443489074707031250e-01
3.466617166996002197e-01
3.489746451377868652e-01
3.512878119945526123e-01
3.536011874675750732e-01
3.564738929271697998e-01
3.604207336902618408e-01
3.644591569900512695e-01
3.669475317001342773e-01
3.682405352592468262e-01
3.762942552566528320e-01
3.861724734306335449e-01
3.951087594032287598e-01
4.139475822448730469e-01
4.343490600585937500e-01
4.529094099998474121e-01
4.647551178932189941e-01
4.705516099929809570e-01
4.723270535469055176e-01
4.682673811912536621e-01
4.633384048938751221e-01
4.599728584289550781e-01
4.610338211059570312e-01
4.620946645736694336e-01
4.662172198295593262e-01
4.747981429100036621e-01
4.860990643501281738e-01
4.982099533081054688e-01
5.129545927047729492e-01
5.290240645408630371e-01
5.451126098632812500e-01
5.603699088096618652e-01
5.741096138954162598e-01
5.858960151672363281e-01
5.940417647361755371e-01
5.917410254478454590e-01
5.845875740051269531e-01
5.733666419982910156e-01
5.587614178657531738e-01
5.434542894363403320e-01
5.277956724166870117e-01
5.137549638748168945e-01
5.033143162727355957e-01
4.917061328887939453e-01
4.802014827728271484e-01
4.707360267639160156e-01
4.630163609981536865e-01
4.562069475650787354e-01
4.493977427482604980e-01
4.421291351318359375e-01
4.351507425308227539e-01
4.310891926288604736e-01
4.321103096008300781e-01
4.374381601810455322e-01
4.457460939884185791e-01
4.616957008838653564e-01
4.811961650848388672e-01
5.017633438110351562e-01
5.169738531112670898e-01
5.307605862617492676e-01
5.459407567977905273e-01
5.613200664520263672e-01
5.765377283096313477e-01
5.883798003196716309e-01
5.878646373748779297e-01
5.893877148628234863e-01
5.844503045082092285e-01
5.733380317687988281e-01
5.590052604675292969e-01
5.424667596817016602e-01
5.335842370986938477e-01
5.292747020721435547e-01
5.277633666992187500e-01
5.301628112792968750e-01
5.351466536521911621e-01
5.393704175949096680e-01
5.410220026969909668e-01
5.426731109619140625e-01
5.434427857398986816e-01
5.393739938735961914e-01
5.339057445526123047e-01
5.339280366897583008e-01
5.351947546005249023e-01
5.364612340927124023e-01
5.378180742263793945e-01
5.418881773948669434e-01
5.468364953994750977e-01
5.479339361190795898e-01
5.425242781639099121e-01
5.352867841720581055e-01
5.280256867408752441e-01
5.200366377830505371e-01
5.117008090019226074e-01
5.028240680694580078e-01
4.969882965087890625e-01
4.915397167205810547e-01
4.859432578086853027e-01
4.803463220596313477e-01
4.747497439384460449e-01
4.691532850265502930e-01
4.676724672317504883e-01
4.646898508071899414e-01
4.617066085338592529e-01
4.588320851325988770e-01
4.562710523605346680e-01
4.537100791931152344e-01
4.507346749305725098e-01
4.446063339710235596e-01
4.452222585678100586e-01
4.452787041664123535e-01
4.433305263519287109e-01
4.413824975490570068e-01
4.394343495368957520e-01
4.369569122791290283e-01
4.318869709968566895e-01
4.241175651550292969e-01
4.060527384281158447e-01
4.024238288402557373e-01
4.005995988845825195e-01
3.418060541152954102e-01
3.395389914512634277e-01
3.372723460197448730e-01
3.354260325431823730e-01
3.340466916561126709e-01
3.326678276062011719e-01
3.312879204750061035e-01
3.316088914871215820e-01
3.342408239841461182e-01
3.365310430526733398e-01
3.388440310955047607e-01
3.411569893360137939e-01
3.434699773788452148e-01
3.457829952239990234e-01
3.480958938598632812e-01
3.508695363998413086e-01
3.545681238174438477e-01
3.592416942119598389e-01
3.637917041778564453e-01
3.672398924827575684e-01
3.756443858146667480e-01
3.863271772861480713e-01
3.954638838768005371e-01
4.141081869602203369e-01
4.350824058055877686e-01
4.539746940135955811e-01
4.677448868751525879e-01
4.741838574409484863e-01
4.760396480560302734e-01
4.721993207931518555e-01
4.677983522415161133e-01
4.645380377769470215e-01
4.645128846168518066e-01
4.657951593399047852e-01
4.688487052917480469e-01
4.759322404861450195e-01
4.869376420974731445e-01
4.995229840278625488e-01
5.166580677032470703e-01
5.338076949119567871e-01
5.507448911666870117e-01
5.660503506660461426e-01
5.812539458274841309e-01
5.950712561607360840e-01
5.977462530136108398e-01
5.963774323463439941e-01
5.898723602294921875e-01
5.784677863121032715e-01
5.642098188400268555e-01
5.486083626747131348e-01
5.329496860504150391e-01
5.204727053642272949e-01
5.105850696563720703e-01
5.005365610122680664e-01
4.889464974403381348e-01
4.777565002441406250e-01
4.709470272064208984e-01
4.641377031803131104e-01
4.573282897472381592e-01
4.506647884845733643e-01
4.441298246383666992e-01
4.375216364860534668e-01
4.340281486511230469e-01
4.326717853546142578e-01
4.383520185947418213e-01
4.494343996047973633e-01
4.670431911945343018e-01
4.839422702789306641e-01
5.011500120162963867e-01
5.137141942977905273e-01
5.281548500061035156e-01
5.438579916954040527e-01
5.590537786483764648e-01
5.761376619338989258e-01
5.868976712226867676e-01
5.832940340042114258e-01
5.746086835861206055e-01
5.620499849319458008e-01
5.494323968887329102e-01
5.369103550910949707e-01
5.333223342895507812e-01
5.341376066207885742e-01
5.389838814735412598e-01
5.444501638412475586e-01
5.499347448348999023e-01
5.554193258285522461e-01
5.598867535591125488e-01
5.615379810333251953e-01
5.612041950225830078e-01
5.554885268211364746e-01
5.480391383171081543e-01
5.449393391609191895e-01
5.462059974670410156e-01
5.475773811340332031e-01
5.513085126876831055e-01
5.521032810211181641e-01
5.509573221206665039e-01
5.444794893264770508e-01
5.373940467834472656e-01
5.292374491691589355e-01
5.210804939270019531e-01
5.124270915985107422e-01
5.037261247634887695e-01
4.945206642150878906e-01
4.889240860939025879e-01
4.833272695541381836e-01
4.777307510375976562e-01
4.721338748931884766e-01
4.665372371673583984e-01
4.607906341552734375e-01
4.566240608692169189e-01
4.536412060260772705e-01
4.510414600372314453e-01
4.484805464744567871e-01
4.459196329116821289e-01
4.433498084545135498e-01
4.388616085052490234e-01
4.381884932518005371e-01
4.391352236270904541e-01
4.372982978820800781e-01
4.353501796722412109e-01
4.334021508693695068e-01
4.314539134502410889e-01
4.295060038566589355e-01
4.276026487350463867e-01
4.238287806510925293e-01
4.065904021263122559e-01
4.033084511756896973e-01
4.014798998832702637e-01
3.341996669769287109e-01
3.314283192157745361e-01
3.291621506214141846e-01
3.272300064563751221e-01
3.259836435317993164e-01
3.266920447349548340e-01
3.290574550628662109e-01
3.314229249954223633e-01
3.337884545326232910e-01
3.358626961708068848e-01
3.372814655303955078e-01
3.386995196342468262e-01
3.401177525520324707e-01
3.415358662605285645e-01
3.431394696235656738e-01
3.453372716903686523e-01
3.484153151512145996e-01
3.538329005241394043e-01
3.589561283588409424e-01
3.640784621238708496e-01
3.752145469188690186e-01
3.885158896446228027e-01
3.986027240753173828e-01
4.164797663688659668e-01
4.374540448188781738e-01
4.562163054943084717e-01
4.701746702194213867e-01
4.783697128295898438e-01
4.805266857147216797e-01
4.771280288696289062e-01
4.732048511505126953e-01
4.699447154998779297e-01
4.685140848159790039e-01
4.703192710876464844e-01
4.733128547668457031e-01
4.794280529022216797e-01
4.888963699340820312e-01
5.032393932342529297e-01
5.203890204429626465e-01
5.375390648841857910e-01
5.542095899581909180e-01
5.703773498535156250e-01
5.849664807319641113e-01
5.942349433898925781e-01
5.964896678924560547e-01
5.948922634124755859e-01
5.914033055305480957e-01
5.824655294418334961e-01
5.678784847259521484e-01
5.533537864685058594e-01
5.398748517036437988e-01
5.287100672721862793e-01
5.175451040267944336e-01
5.075408816337585449e-01
4.977591037750244141e-01
4.876712560653686523e-01
4.788777828216552734e-01
4.720154404640197754e-01
4.649614095687866211e-01
4.581078886985778809e-01
4.509596824645996094e-01
4.427500665187835693e-01
4.348239004611968994e-01
4.314829111099243164e-01
4.298347830772399902e-01
4.378372430801391602e-01
4.514784812927246094e-01
4.654881656169891357e-01
4.826960563659667969e-01
4.975236654281616211e-01
5.112972259521484375e-01
5.264985561370849609e-01
5.441014766693115234e-01
5.630783438682556152e-01
5.753964185714721680e-01
5.739833116531372070e-01
5.626550316810607910e-01
5.501445531845092773e-01
5.376344323158264160e-01
5.335376262664794922e-01
5.357576012611389160e-01
5.427638888359069824e-01
5.497432351112365723e-01
5.559325814247131348e-01
5.621219873428344727e-01
5.683115720748901367e-01
5.745009779930114746e-01
5.799171924591064453e-01
5.789659023284912109e-01
5.716243982315063477e-01
5.626197457313537598e-01
5.573896169662475586e-01
5.563811659812927246e-01
5.548733472824096680e-01
5.539711713790893555e-01
5.505714416503906250e-01
5.437510609626770020e-01
5.364400744438171387e-01
5.291291475296020508e-01
5.204388499259948730e-01
5.117378234863281250e-01
5.030369162559509277e-01
4.943361282348632812e-01
4.863083958625793457e-01
4.807115793228149414e-01
4.751149415969848633e-01
4.695181250572204590e-01
4.639215171337127686e-01
4.583248496055603027e-01
4.507108926773071289e-01
4.458118677139282227e-01
4.432510435581207275e-01
4.406899809837341309e-01
4.381291866302490234e-01
4.355680346488952637e-01
4.322549104690551758e-01
4.311552047729492188e-01
4.321019351482391357e-01
4.312660694122314453e-01
4.293179214000701904e-01
4.273701608180999756e-01
4.254217743873596191e-01
4.234738349914550781e-01
4.215258359909057617e-01
4.196442067623138428e-01
4.182075560092926025e-01
4.101180434226989746e-01
4.095475077629089355e-01
4.053536355495452881e-01
3.277168273925781250e-01
3.248595595359802246e-01
3.223127722740173340e-01
3.221363425254821777e-01
3.241407275199890137e-01
3.265061974525451660e-01
3.288720250129699707e-01
3.312372267246246338e-01
3.336027860641479492e-01
3.359683752059936523e-01
3.375402987003326416e-01
3.389588594436645508e-01
3.408176600933074951e-01
3.428087234497070312e-01
3.447999954223632812e-01
3.470526337623596191e-01
3.498809039592742920e-01
3.532450795173645020e-01
3.587599098682403564e-01
3.629880547523498535e-01
3.730332553386688232e-01
3.876369595527648926e-01
4.010770916938781738e-01
4.195900559425354004e-01
4.407854080200195312e-01
4.594174623489379883e-01
4.733422994613647461e-01
4.830720424652099609e-01
4.853633046150207520e-01
4.823009371757507324e-01
4.788984060287475586e-01
4.758567810058593750e-01
4.740304350852966309e-01
4.767134785652160645e-01
4.793962240219116211e-01
4.847149252891540527e-01
4.924151897430419922e-01
5.069708824157714844e-01
5.241206884384155273e-01
5.412707328796386719e-01
5.576742291450500488e-01
5.703746080398559570e-01
5.800434350967407227e-01
5.864730477333068848e-01
5.892565846443176270e-01
5.908025503158569336e-01
5.882636904716491699e-01
5.840716958045959473e-01
5.722514390945434570e-01
5.576760768890380859e-01
5.472800731658935547e-01
5.369469523429870605e-01
5.257821679115295410e-01
5.146173834800720215e-01
5.044141411781311035e-01
4.972750544548034668e-01
4.875895380973815918e-01
4.778236150741577148e-01
4.697640538215637207e-01
4.614706039428710938e-01
4.531774520874023438e-01
4.446988105773925781e-01
4.363858699798583984e-01
4.297181665897369385e-01
4.283001720905303955e-01
4.296393692493438721e-01
4.373419284820556641e-01
4.479924142360687256e-01
4.642421007156372070e-01
4.814500808715820312e-01
4.944396018981933594e-01
5.127004384994506836e-01
5.322505235671997070e-01
5.459998250007629395e-01
5.576006770133972168e-01
5.555334091186523438e-01
5.480092763900756836e-01
5.384885072708129883e-01
5.315529108047485352e-01
5.368887186050415039e-01
5.454307198524475098e-01
5.527082681655883789e-01
5.599859356880187988e-01
5.664429664611816406e-01
5.726324319839477539e-01
5.788218975067138672e-01
5.850114226341247559e-01
5.901735424995422363e-01
5.914161205291748047e-01
5.829343199729919434e-01
5.724169611930847168e-01
5.604203939437866211e-01
5.546768307685852051e-01
5.533704161643981934e-01
5.486534833908081055e-01
5.413426160812377930e-01
5.340318679809570312e-01
5.267209410667419434e-01
5.194099545478820801e-01
5.110484957695007324e-01
5.023475885391235352e-01
4.936467409133911133e-01
4.849458932876586914e-01
4.778907299041748047e-01
4.724993705749511719e-01
4.669024348258972168e-01
4.613056182861328125e-01
4.557088613510131836e-01
4.483537673950195312e-01
4.411424398422241211e-01
4.354605078697204590e-01
4.328994154930114746e-01
4.303385019302368164e-01
4.277777075767517090e-01
4.251585900783538818e-01
4.235980510711669922e-01
4.250686764717102051e-01
4.252336621284484863e-01
4.232858419418334961e-01
4.213376939296722412e-01
4.193894863128662109e-01
4.174417853355407715e-01
4.154936075210571289e-01
4.136676490306854248e-01
4.122690260410308838e-01
4.128244221210479736e-01
4.136336445808410645e-01
4.192855358123779297e-01
4.146508574485778809e-01
3.217211663722991943e-01
3.216388225555419922e-01
3.225268721580505371e-01
3.235781192779541016e-01
3.253532648086547852e-01
3.271283507347106934e-01
3.289034664630889893e-01
3.316125273704528809e-01
3.345507383346557617e-01
3.374887108802795410e-01
3.400787413120269775e-01
3.420701324939727783e-01
3.440608978271484375e-01
3.460519015789031982e-01
3.480432033538818359e-01
3.502340614795684814e-01
3.532834649085998535e-01
3.563333451747894287e-01
3.615768551826477051e-01
3.669301569461822510e-01
3.766447305679321289e-01
3.909648656845092773e-01
4.049906134605407715e-01
4.239175915718078613e-01
4.465277493000030518e-01
4.648511409759521484e-01
4.779868125915527344e-01
4.887570142745971680e-01
4.906916618347167969e-01
4.879263043403625488e-01
4.854452013969421387e-01
4.835649728775024414e-01
4.817059040069580078e-01
4.832800030708312988e-01
4.859628677368164062e-01
4.900019168853759766e-01
4.979033470153808594e-01
5.118879079818725586e-01
5.278521776199340820e-01
5.447553992271423340e-01
5.557829141616821289e-01
5.646635293960571289e-01
5.724863409996032715e-01
5.768992900848388672e-01
5.788493156433105469e-01
5.807132720947265625e-01
5.824435949325561523e-01
5.807991027832031250e-01
5.756137371063232422e-01
5.649599432945251465e-01
5.545018315315246582e-01
5.437612533569335938e-01
5.335540771484375000e-01
5.215300321578979492e-01
5.105881690979003906e-01
5.011560916900634766e-01
4.923331737518310547e-01
4.818334579467773438e-01
4.714474678039550781e-01
4.628601074218750000e-01
4.542728364467620850e-01
4.456855356693267822e-01
4.380376935005187988e-01
4.306018352508544922e-01
4.258799254894256592e-01
4.270710349082946777e-01
4.285664260387420654e-01
4.328169226646423340e-01
4.476260840892791748e-01
4.642862081527709961e-01
4.832593798637390137e-01
5.014282464981079102e-01
5.165987014770507812e-01
5.281747579574584961e-01
5.338400602340698242e-01
5.364468097686767578e-01
5.298118591308593750e-01
5.281518697738647461e-01
5.340618491172790527e-01
5.446553826332092285e-01
5.552107691764831543e-01
5.626524686813354492e-01
5.699300765991210938e-01
5.768845081329345703e-01
5.823619365692138672e-01
5.876322388648986816e-01
5.929021239280700684e-01
5.960415601730346680e-01
5.939153432846069336e-01
5.834689140319824219e-01
5.689802169799804688e-01
5.567135810852050781e-01
5.485688447952270508e-01
5.414329171180725098e-01
5.348269939422607422e-01
5.282211899757385254e-01
5.216151475906372070e-01
5.150091648101806641e-01
5.084031820297241211e-01
5.010757446289062500e-01
4.929576516151428223e-01
4.842567443847656250e-01
4.755555987358093262e-01
4.693102836608886719e-01
4.642865359783172607e-01
4.586901068687438965e-01
4.530933499336242676e-01
4.461827278137207031e-01
4.389710128307342529e-01
4.317595958709716797e-01
4.251091480255126953e-01
4.225479066371917725e-01
4.199871122837066650e-01
4.174260795116424561e-01
4.152266979217529297e-01
4.178520739078521729e-01
4.189818501472473145e-01
4.172538518905639648e-01
4.153054654598236084e-01
4.133573174476623535e-01
4.114094674587249756e-01
4.094615876674652100e-01
4.091498255729675293e-01
4.097049236297607422e-01
4.102606773376464844e-01
4.108159542083740234e-01
4.181367158889770508e-01
4.256713092327117920e-01
4.222440123558044434e-01
3.250952959060668945e-01
3.244456052780151367e-01
3.247359097003936768e-01
3.262737989425659180e-01
3.286214172840118408e-01
3.309693038463592529e-01
3.333173096179962158e-01
3.356654644012451172e-01
3.380129039287567139e-01
3.403607308864593506e-01
3.432262241840362549e-01
3.455356359481811523e-01
3.477480113506317139e-01
3.499602973461151123e-01
3.521729111671447754e-01
3.544476032257080078e-01
3.574974238872528076e-01
3.605469763278961182e-01
3.641200661659240723e-01
3.705227971076965332e-01
3.804374039173126221e-01
3.948745131492614746e-01
4.093113541603088379e-01
4.280976653099060059e-01
4.517724514007568359e-01
4.724018573760986328e-01
4.871344566345214844e-01
4.993954300880432129e-01
5.013722777366638184e-01
4.995342493057250977e-01
4.967801570892333984e-01
4.940261840820312500e-01
4.912721514701843262e-01
4.907279014587402344e-01
4.927995204925537109e-01
4.952888488769531250e-01
5.053119659423828125e-01
5.175286531448364258e-01
5.307419300079345703e-01
5.409075617790222168e-01
5.490016937255859375e-01
5.568245649337768555e-01
5.642461776733398438e-01
5.662766098976135254e-01
5.681626796722412109e-01
5.698930025100708008e-01
5.716234445571899414e-01
5.733536481857299805e-01
5.739030838012695312e-01
5.705142021179199219e-01
5.603284835815429688e-01
5.489484071731567383e-01
5.364825725555419922e-01
5.245843529701232910e-01
5.136947631835937500e-01
5.028986930847167969e-01
4.930789470672607422e-01
4.846234321594238281e-01
4.743351340293884277e-01
4.638466238975524902e-01
4.552595019340515137e-01
4.472487270832061768e-01
4.397516250610351562e-01
4.322545826435089111e-01
4.254789650440216064e-01
4.237615764141082764e-01
4.236572980880737305e-01
4.261745512485504150e-01
4.354564845561981201e-01
4.538061320781707764e-01
4.731511473655700684e-01
4.871464371681213379e-01
4.982712268829345703e-01
5.063365697860717773e-01
5.097920894622802734e-01
5.152909755706787109e-01
5.194609761238098145e-01
5.247213840484619141e-01
5.352385044097900391e-01
5.497540831565856934e-01
5.623068809509277344e-01
5.706654787063598633e-01
5.770236849784851074e-01
5.833821296691894531e-01
5.886073708534240723e-01
5.932145714759826660e-01
5.955321192741394043e-01
5.923123359680175781e-01
5.854982733726501465e-01
5.749666690826416016e-01
5.659358501434326172e-01
5.528151988983154297e-01
5.387976765632629395e-01
5.274358987808227539e-01
5.208299756050109863e-01
5.142239332199096680e-01
5.076181888580322266e-01
5.010119676589965820e-01
4.944059848785400391e-01
4.874076843261718750e-01
4.794114828109741211e-01
4.714155197143554688e-01
4.634197950363159180e-01
4.586887955665588379e-01
4.545170068740844727e-01
4.500641226768493652e-01
4.440064728260040283e-01
4.367999732494354248e-01
4.295883476734161377e-01
4.223766326904296875e-01
4.151653051376342773e-01
4.121966958045959473e-01
4.096357226371765137e-01
4.069964885711669922e-01
4.094805419445037842e-01
4.119487404823303223e-01
4.112212061882019043e-01
4.092732071876525879e-01
4.073251187801361084e-01
4.060686528682708740e-01
4.062107205390930176e-01
4.065860509872436523e-01
4.071413576602935791e-01
4.076969027519226074e-01
4.084955453872680664e-01
4.094296097755432129e-01
4.237364530563354492e-01
4.324955642223358154e-01
4.293709397315979004e-01
3.367123603820800781e-01
3.341025710105895996e-01
3.333451747894287109e-01
3.331599235534667969e-01
3.338542580604553223e-01
3.353953659534454346e-01
3.379290699958801270e-01
3.404979109764099121e-01
3.430674672126770020e-01
3.456365168094635010e-01
3.482053279876708984e-01
3.503697514533996582e-01
3.520612716674804688e-01
3.542736172676086426e-01
3.564859628677368164e-01
3.586982488632202148e-01
3.618001937866210938e-01
3.649666011333465576e-01
3.681327998638153076e-01
3.734586238861083984e-01
3.845421671867370605e-01
3.990672826766967773e-01
4.135043919086456299e-01
4.323279559612274170e-01
4.560029208660125732e-01
4.763907790184020996e-01
4.927499294281005859e-01
5.094083547592163086e-01
5.143723487854003906e-01
5.133126974105834961e-01
5.105585455894470215e-01
5.078045129776000977e-01
5.050507783889770508e-01
5.028349757194519043e-01
5.046233534812927246e-01
5.078426003456115723e-01
5.160800218582153320e-01
5.234339237213134766e-01
5.290683507919311523e-01
5.345357656478881836e-01
5.417473316192626953e-01
5.483404397964477539e-01
5.537036657333374023e-01
5.556120872497558594e-01
5.573363304138183594e-01
5.587980747222900391e-01
5.601807832717895508e-01
5.615960359573364258e-01
5.667572617530822754e-01
5.677018165588378906e-01
5.598400831222534180e-01
5.492284297943115234e-01
5.372363328933715820e-01
5.251819491386413574e-01
5.157982110977172852e-01
5.050452351570129395e-01
4.947586059570312500e-01
4.852463603019714355e-01
4.768978357315063477e-01
4.670018255710601807e-01
4.568335711956024170e-01
4.493362605571746826e-01
4.418393075466156006e-01
4.343421459197998047e-01
4.268448352813720703e-01
4.201250374317169189e-01
4.177586138248443604e-01
4.244139492511749268e-01
4.339383542537689209e-01
4.470597803592681885e-01
4.608813822269439697e-01
4.703831672668457031e-01
4.780544042587280273e-01
4.827330708503723145e-01
4.907813072204589844e-01
4.997171163558959961e-01
5.130380392074584961e-01
5.207298994064331055e-01
5.339267849922180176e-01
5.479426383972167969e-01
5.613275170326232910e-01
5.745347738265991211e-01
5.816594362258911133e-01
5.870846509933471680e-01
5.898476839065551758e-01
5.897922515869140625e-01
5.885640382766723633e-01
5.851874947547912598e-01
5.762114524841308594e-01
5.674401521682739258e-01
5.572946071624755859e-01
5.444124341011047363e-01
5.279224514961242676e-01
5.152668356895446777e-01
5.068329572677612305e-01
5.002269148826599121e-01
4.936211109161376953e-01
4.870151281356811523e-01
4.804091453552246094e-01
4.737395048141479492e-01
4.657437801361083984e-01
4.577478766441345215e-01
4.500023126602172852e-01
4.459012746810913086e-01
4.421514272689819336e-01
4.369312524795532227e-01
4.304245412349700928e-01
4.239178597927093506e-01
4.174112081527709961e-01
4.109044075012207031e-01
4.043977260589599609e-01
4.011657238006591797e-01
3.992339670658111572e-01
4.011087417602539062e-01
4.037340879440307617e-01
4.051888585090637207e-01
4.032407402992248535e-01
4.033070802688598633e-01
4.034491777420043945e-01
4.035913646221160889e-01
4.040224254131317139e-01
4.049272239208221436e-01
4.058611989021301270e-01
4.067951440811157227e-01
4.079169034957885742e-01
4.098002910614013672e-01
4.300045371055603027e-01
4.405075013637542725e-01
4.394580721855163574e-01
3.497939705848693848e-01
3.473340272903442383e-01
3.449453711509704590e-01
3.428367972373962402e-01
3.436660468578338623e-01
3.445897102355957031e-01
3.455127477645874023e-01
3.464452624320983887e-01
3.485628366470336914e-01
3.511321246623992920e-01
3.537011742591857910e-01
3.562702536582946777e-01
3.580340743064880371e-01
3.597725629806518555e-01
3.615111112594604492e-01
3.634623885154724121e-01
3.664920926094055176e-01
3.696582019329071045e-01
3.728241920471191406e-01
3.765020966529846191e-01
3.871424198150634766e-01
4.032604694366455078e-01
4.176973104476928711e-01
4.365584254264831543e-01
4.602331519126892090e-01
4.809944629669189453e-01
4.985464811325073242e-01
5.158314704895019531e-01
5.244996547698974609e-01
5.263638496398925781e-01
5.243374109268188477e-01
5.215836763381958008e-01
5.188295841217041016e-01
5.160754323005676270e-01
5.169541835784912109e-01
5.212521553039550781e-01
5.245391130447387695e-01
5.262739062309265137e-01
5.291692018508911133e-01
5.330837965011596680e-01
5.382294654846191406e-01
5.442624092102050781e-01
5.468653440475463867e-01
5.472595691680908203e-01
5.470953583717346191e-01
5.469919443130493164e-01
5.461457967758178711e-01
5.488252639770507812e-01
5.526155233383178711e-01
5.565953254699707031e-01
5.539789795875549316e-01
5.458631515502929688e-01
5.351093411445617676e-01
5.256758928298950195e-01
5.163592696189880371e-01
5.078964829444885254e-01
4.977170825004577637e-01
4.875375032424926758e-01
4.779356122016906738e-01
4.695873260498046875e-01
4.607672691345214844e-01
4.514240920543670654e-01
4.439268112182617188e-01
4.364295899868011475e-01
4.289324879646301270e-01
4.194734990596771240e-01
4.173784554004669189e-01
4.231750965118408203e-01
4.326582252979278564e-01
4.439510107040405273e-01
4.496038556098937988e-01
4.546490907669067383e-01
4.567220509052276611e-01
4.636917412281036377e-01
4.735504984855651855e-01
4.850932359695434570e-01
5.013001561164855957e-01
5.161543488502502441e-01
5.299888849258422852e-01
5.436831712722778320e-01
5.570849776268005371e-01
5.700150728225708008e-01
5.792586803436279297e-01
5.829811692237854004e-01
5.838613510131835938e-01
5.840084552764892578e-01
5.809960961341857910e-01
5.764131546020507812e-01
5.687192678451538086e-01
5.577354431152343750e-01
5.445976853370666504e-01
5.314599275588989258e-01
5.183632969856262207e-01
5.043918490409851074e-01
4.928358793258666992e-01
4.862298369407653809e-01
4.796241521835327148e-01
4.730180501937866211e-01
4.664120078086853027e-01
4.598061144351959229e-01
4.520757198333740234e-01
4.440797865390777588e-01
4.374897480010986328e-01
4.337397813796997070e-01
4.288200139999389648e-01
4.230333268642425537e-01
4.167639613151550293e-01
4.102571010589599609e-01
4.037504196166992188e-01
3.972437977790832520e-01
3.907368779182434082e-01
3.865364193916320801e-01
3.884848058223724365e-01
3.918151855468750000e-01
3.963920176029205322e-01
3.984080851078033447e-01
3.992551565170288086e-01
4.001791775226593018e-01
4.013945460319519043e-01
4.022927284240722656e-01
4.032267928123474121e-01
4.049727022647857666e-01
4.068563580513000488e-01
4.087397754192352295e-01
4.106236696243286133e-01
4.136836528778076172e-01
4.369792640209197998e-01
4.513646960258483887e-01
4.530662298202514648e-01
3.638734817504882812e-01
3.614857792854309082e-01
3.590971529483795166e-01
3.567090034484863281e-01
3.550283908843994141e-01
3.546589314937591553e-01
3.555820882320404053e-01
3.565049767494201660e-01
3.575416207313537598e-01
3.585816919803619385e-01
3.597437739372253418e-01
3.622285723686218262e-01
3.644527196884155273e-01
3.661914169788360596e-01
3.679300844669342041e-01
3.696688115596771240e-01
3.720081448554992676e-01
3.745840787887573242e-01
3.775156736373901367e-01
3.806821107864379883e-01
3.897430300712585449e-01
4.061798453330993652e-01
4.218905866146087646e-01
4.404022693634033203e-01
4.659199714660644531e-01
4.871109127998352051e-01
5.046329498291015625e-01
5.219176411628723145e-01
5.325157642364501953e-01
5.355384945869445801e-01
5.361503958702087402e-01
5.351366400718688965e-01
5.326082706451416016e-01
5.293139815330505371e-01
5.286531448364257812e-01
5.289567708969116211e-01
5.269987583160400391e-01
5.281426310539245605e-01
5.288940072059631348e-01
5.313911437988281250e-01
5.340927839279174805e-01
5.391871929168701172e-01
5.392187833786010742e-01
5.380513668060302734e-01
5.367417335510253906e-01
5.354324579238891602e-01
5.363398790359497070e-01
5.392301678657531738e-01
5.422251224517822266e-01
5.452228784561157227e-01
5.474102497100830078e-01
5.417678356170654297e-01
5.338672995567321777e-01
5.253394842147827148e-01
5.165504217147827148e-01
5.078619718551635742e-01
5.002814531326293945e-01
4.905230402946472168e-01
4.803435206413269043e-01
4.710394144058227539e-01
4.636739492416381836e-01
4.553301632404327393e-01
4.460144937038421631e-01
4.385172426700592041e-01
4.328721463680267334e-01
4.240592718124389648e-01
4.200577437877655029e-01
4.214709401130676270e-01
4.277225434780120850e-01
4.333846271038055420e-01
4.382947087287902832e-01
4.406180679798126221e-01
4.412840008735656738e-01
4.463851153850555420e-01
4.557345211505889893e-01
4.701567888259887695e-01
4.884452819824218750e-01
5.093381404876708984e-01
5.254200100898742676e-01
5.386216640472412109e-01
5.484715700149536133e-01
5.570218563079833984e-01
5.655391216278076172e-01
5.719588398933410645e-01
5.767986774444580078e-01
5.769308805465698242e-01
5.725249052047729492e-01
5.682882070541381836e-01
5.578554868698120117e-01
5.447829961776733398e-01
5.316451787948608398e-01
5.185074806213378906e-01
5.053697228431701660e-01
4.928281903266906738e-01
4.808610677719116211e-01
4.722328782081604004e-01
4.656270146369934082e-01
4.590211510658264160e-01
4.524150788784027100e-01
4.458093047142028809e-01
4.386065006256103516e-01
4.310324490070343018e-01
4.253285527229309082e-01
4.205781817436218262e-01
4.147915244102478027e-01
4.090046882629394531e-01
4.031030237674713135e-01
3.965963423252105713e-01
3.900899887084960938e-01
3.835829496383666992e-01
3.770765662193298340e-01
3.756100237369537354e-01
3.810302615165710449e-01
3.864507675170898438e-01
3.904888033866882324e-01
3.922147154808044434e-01
3.934403657913208008e-01
3.951523900032043457e-01
3.977277278900146484e-01
4.003161489963531494e-01
4.030795693397521973e-01
4.073437452316284180e-01
4.118665456771850586e-01
4.164182245731353760e-01
4.211218357086181641e-01
4.290833473205566406e-01
4.535034298896789551e-01
4.718019962310791016e-01
4.762700796127319336e-01
3.778715133666992188e-01
3.756372034549713135e-01
3.732493221759796143e-01
3.708688020706176758e-01
3.692194819450378418e-01
3.678353130817413330e-01
3.664510250091552734e-01
3.670492172241210938e-01
3.680886626243591309e-01
3.691288530826568604e-01
3.701687753200531006e-01
3.712083995342254639e-01
3.722315430641174316e-01
3.726153075695037842e-01
3.743489980697631836e-01
3.760870397090911865e-01
3.783273398876190186e-01
3.809037208557128906e-01
3.834793269634246826e-01
3.860549628734588623e-01
3.925255239009857178e-01
4.088089764118194580e-01
4.262354969978332520e-01
4.458213746547698975e-01
4.722802639007568359e-01
4.932304620742797852e-01
5.107192993164062500e-01
5.280039310455322266e-01
5.406213998794555664e-01
5.437865853309631348e-01
5.444756150245666504e-01
5.449415445327758789e-01
5.440287590026855469e-01
5.408252477645874023e-01
5.340634584426879883e-01
5.319325923919677734e-01
5.297045707702636719e-01
5.281420946121215820e-01
5.274026393890380859e-01
5.274003148078918457e-01
5.284715294837951660e-01
5.289915800094604492e-01
5.276821255683898926e-01
5.263799428939819336e-01
5.248834490776062012e-01
5.243028402328491211e-01
5.272693634033203125e-01
5.302667617797851562e-01
5.332643985748291016e-01
5.362619161605834961e-01
5.392593741416931152e-01
5.383452773094177246e-01
5.346529483795166016e-01
5.289746522903442383e-01
5.209373235702514648e-01
5.119236707687377930e-01
5.024011135101318359e-01
4.936553239822387695e-01
4.844208955764770508e-01
4.750878810882568359e-01
4.656241834163665771e-01
4.579522907733917236e-01
4.494820535182952881e-01
4.428000748157501221e-01
4.367077946662902832e-01
4.262611865997314453e-01
4.212110638618469238e-01
4.179974198341369629e-01
4.154256284236907959e-01
4.209711253643035889e-01
4.272260367870330811e-01
4.301061630249023438e-01
4.326484203338623047e-01
4.330206811428070068e-01
4.426494538784027100e-01
4.580964446067810059e-01
4.760293960571289062e-01
4.994686841964721680e-01
5.150490403175354004e-01
5.248005390167236328e-01
5.337134003639221191e-01
5.425903201103210449e-01
5.509912371635437012e-01
5.584782361984252930e-01
5.624747872352600098e-01
5.653777122497558594e-01
5.652517676353454590e-01
5.575182437896728516e-01
5.453367829322814941e-01
5.320888161659240723e-01
5.187978744506835938e-01
5.055548548698425293e-01
4.924173951148986816e-01
4.793565869331359863e-01
4.690539240837097168e-01
4.582358002662658691e-01
4.516298174858093262e-01
4.450238347053527832e-01
4.384698867797851562e-01
4.322857856750488281e-01
4.256354868412017822e-01
4.180614352226257324e-01
4.123360514640808105e-01
4.065491557121276855e-01
4.007627665996551514e-01
3.949758410453796387e-01
3.891892433166503906e-01
3.829357028007507324e-01
3.764292001724243164e-01
3.717243075370788574e-01
3.695111572742462158e-01
3.713880777359008789e-01
3.773983716964721680e-01
3.832391202449798584e-01
3.878607749938964844e-01
3.911677598953247070e-01
3.950280547142028809e-01
3.995509147644042969e-01
4.041467308998107910e-01
4.088894128799438477e-01
4.136318564414978027e-01
4.183742702007293701e-01
4.231165051460266113e-01
4.278587996959686279e-01
4.317034482955932617e-01
4.440958797931671143e-01
4.692205786705017090e-01
4.910455942153930664e-01
4.979601502418518066e-01
3.875881731510162354e-01
3.888234794139862061e-01
3.877267241477966309e-01
3.854989707469940186e-01
3.837631940841674805e-01
3.823787569999694824e-01
3.809947371482849121e-01
3.796105384826660156e-01
3.788278102874755859e-01
3.796758353710174561e-01
3.807156085968017578e-01
3.817555308341979980e-01
3.827952444553375244e-01
3.833168447017669678e-01
3.834097385406494141e-01
3.835022747516632080e-01
3.846468031406402588e-01
3.872224986553192139e-01
3.897982835769653320e-01
3.923742175102233887e-01
3.985507488250732422e-01
4.143729805946350098e-01
4.315040111541748047e-01
4.509192705154418945e-01
4.785635471343994141e-01
4.993498325347900391e-01
5.168057680130004883e-01
5.340903997421264648e-01
5.487266778945922852e-01
5.520341396331787109e-01
5.520987510681152344e-01
5.514343976974487305e-01
5.482143759727478027e-01
5.408026576042175293e-01
5.360220670700073242e-01
5.327607989311218262e-01
5.289691686630249023e-01
5.246407985687255859e-01
5.225116014480590820e-01
5.201324224472045898e-01
5.205702781677246094e-01
5.180412530899047852e-01
5.158318281173706055e-01
5.143358111381530762e-01
5.128395557403564453e-01
5.153108835220336914e-01
5.183085203170776367e-01
5.213057994842529297e-01
5.243033766746520996e-01
5.273011326789855957e-01
5.302985310554504395e-01
5.324936509132385254e-01
5.324172973632812500e-01
5.305222272872924805e-01
5.250557661056518555e-01
5.171312093734741211e-01
5.081951618194580078e-01
4.986727833747863770e-01
4.898319244384765625e-01
4.810038805007934570e-01
4.709572792053222656e-01
4.613819420337677002e-01
4.562371373176574707e-01
4.499798417091369629e-01
4.398278594017028809e-01
4.285748004913330078e-01
4.198312163352966309e-01
4.103727042675018311e-01
4.081302285194396973e-01
4.106442928314208984e-01
4.150607585906982422e-01
4.192161858081817627e-01
4.222911894321441650e-01
4.282899200916290283e-01
4.364495873451232910e-01
4.479187428951263428e-01
4.603864252567291260e-01
4.791876077651977539e-01
4.981167316436767578e-01
5.100424289703369141e-01
5.189552307128906250e-01
5.273763537406921387e-01
5.349410772323608398e-01
5.422151088714599609e-01
5.481406450271606445e-01
5.502152442932128906e-01
5.505936741828918457e-01
5.445102453231811523e-01
5.328186154365539551e-01
5.195306539535522461e-01
5.062400102615356445e-01
4.929494857788085938e-01
4.796589612960815430e-01
4.663683176040649414e-01
4.541020989418029785e-01
4.452794790267944336e-01
4.376330077648162842e-01
4.313538074493408203e-01
4.251698851585388184e-01
4.189859032630920410e-01
4.126645922660827637e-01
4.044291079044342041e-01
3.983073532581329346e-01
3.926162719726562500e-01
3.870408236980438232e-01
3.816630244255065918e-01
3.774396479129791260e-01
3.745329082012176514e-01
3.713678121566772461e-01
3.691188097000122070e-01
3.732356131076812744e-01
3.768593966960906982e-01
3.847638070583343506e-01
3.911068439483642578e-01
3.969337344169616699e-01
4.013604521751403809e-01
4.061026871204376221e-01
4.108453094959259033e-01
4.155875742435455322e-01
4.203297495841979980e-01
4.250722825527191162e-01
4.298144578933715820e-01
4.345568418502807617e-01
4.386152327060699463e-01
4.422709345817565918e-01
4.584747552871704102e-01
4.835993647575378418e-01
5.082455277442932129e-01
5.158741474151611328e-01
3.942234516143798828e-01
3.961398303508758545e-01
3.975827693939208984e-01
3.976901471614837646e-01
3.968341946601867676e-01
3.959814012050628662e-01
3.951287269592285156e-01
3.941546082496643066e-01
3.927701711654663086e-01
3.913859128952026367e-01
3.913024365901947021e-01
3.923028111457824707e-01
3.933421969413757324e-01
3.943087458610534668e-01
3.944019079208374023e-01
3.944947123527526855e-01
3.948898613452911377e-01
3.958199620246887207e-01
3.970108926296234131e-01
4.001186490058898926e-01
4.066264033317565918e-01
4.208440780639648438e-01
4.378621876239776611e-01
4.564579427242279053e-01
4.850538969039916992e-01
5.058640837669372559e-01
5.228917598724365234e-01
5.402566194534301758e-01
5.551415085792541504e-01
5.586321353912353516e-01
5.574839711189270020e-01
5.519379377365112305e-01
5.430965423583984375e-01
5.370977520942687988e-01
5.312421321868896484e-01
5.275117754936218262e-01
5.245103836059570312e-01
5.198788642883300781e-01
5.165373682975769043e-01
5.137134790420532227e-01
5.120775699615478516e-01
5.079066157341003418e-01
5.037878751754760742e-01
5.022916793823242188e-01
5.033524036407470703e-01
5.063501596450805664e-01
5.093476772308349609e-01
5.123450160026550293e-01
5.153428912162780762e-01
5.183402299880981445e-01
5.213378071784973145e-01
5.262154340744018555e-01
5.288680791854858398e-01
5.280811786651611328e-01
5.259175300598144531e-01
5.195000171661376953e-01
5.108184218406677246e-01
5.014055967330932617e-01
4.919567108154296875e-01
4.823152422904968262e-01
4.749392271041870117e-01
4.683830738067626953e-01
4.621208012104034424e-01
4.580415189266204834e-01
4.467841684818267822e-01
4.331837892532348633e-01
4.215377867221832275e-01
4.141525626182556152e-01
4.095102250576019287e-01
4.025609195232391357e-01
4.047045111656188965e-01
4.085817337036132812e-01
4.149841964244842529e-01
4.240617454051971436e-01
4.292469918727874756e-01
4.354194700717926025e-01
4.436328113079071045e-01
4.603915214538574219e-01
4.789002537727355957e-01
4.936274290084838867e-01
5.029129981994628906e-01
5.105834603309631348e-01
5.182541608810424805e-01
5.253498554229736328e-01
5.325957536697387695e-01
5.329777002334594727e-01
5.327191352844238281e-01
5.257069468498229980e-01
5.175669789314270020e-01
5.069724321365356445e-01
4.936817884445190430e-01
4.803912043571472168e-01
4.671007096767425537e-01
4.538102149963378906e-01
4.406328201293945312e-01
4.308187961578369141e-01
4.232102632522583008e-01
4.188198447227478027e-01
4.131485819816589355e-01
4.076131284236907959e-01
4.018096923828125000e-01
3.937380909919738770e-01
3.888238072395324707e-01
3.841767907142639160e-01
3.814755082130432129e-01
3.792610764503479004e-01
3.779291212558746338e-01
3.770864009857177734e-01
3.762979507446289062e-01
3.820132613182067871e-01
3.862819671630859375e-01
3.905340433120727539e-01
3.964111506938934326e-01
4.024189114570617676e-01
4.080585837364196777e-01
4.128008484840393066e-01
4.175431132316589355e-01
4.222857356071472168e-01
4.270279407501220703e-01
4.317703843116760254e-01
4.365125298500061035e-01
4.412552416324615479e-01
4.455270767211914062e-01
4.491830170154571533e-01
4.528387188911437988e-01
4.728536009788513184e-01
4.978843927383422852e-01
5.218479633331298828e-01
5.334267616271972656e-01
4.001012444496154785e-01
4.027757048606872559e-01
4.046916961669921875e-01
4.061306715011596680e-01
4.068197906017303467e-01
4.076704084873199463e-01
4.071808457374572754e-01
4.063285589218139648e-01
4.054753482341766357e-01
4.046229124069213867e-01
4.037698507308959961e-01
4.031877815723419189e-01
4.038895666599273682e-01
4.049295186996459961e-01
4.053939580917358398e-01
4.054867923259735107e-01
4.057849645614624023e-01
4.076996445655822754e-01
4.099141657352447510e-01
4.121282994747161865e-01
4.166153967380523682e-01
4.287608265876770020e-01
4.442199170589447021e-01
4.620491266250610352e-01
4.906451702117919922e-01
5.135406255722045898e-01
5.300713777542114258e-01
5.460509657859802246e-01
5.586300492286682129e-01
5.615179538726806641e-01
5.547942519187927246e-01
5.449149608612060547e-01
5.353441238403320312e-01
5.292303562164306641e-01
5.231163501739501953e-01
5.176519155502319336e-01
5.157859921455383301e-01
5.135612487792968750e-01
5.098814964294433594e-01
5.069886445999145508e-01
5.027608871459960938e-01
4.977720975875854492e-01
4.932940006256103516e-01
4.913942813873291016e-01
4.943917393684387207e-01
4.973891973495483398e-01
5.003867149353027344e-01
5.033842921257019043e-01
5.063819289207458496e-01
5.092204213142395020e-01
5.118527412414550781e-01
5.172796845436096191e-01
5.210025906562805176e-01
5.209822058677673340e-01
5.192762613296508789e-01
5.166973471641540527e-01
5.095242261886596680e-01
5.013372898101806641e-01
4.922092556953430176e-01
4.852729439735412598e-01
4.793047904968261719e-01
4.750880599021911621e-01
4.691783189773559570e-01
4.622004330158233643e-01
4.520981609821319580e-01
4.405103325843811035e-01
4.283271729946136475e-01
4.202861487865447998e-01
4.089203178882598877e-01
4.006758928298950195e-01
3.979669511318206787e-01
4.013134539127349854e-01
4.065800607204437256e-01
4.149595201015472412e-01
4.225995838642120361e-01
4.273616671562194824e-01
4.370776414871215820e-01
4.473232328891754150e-01
4.611165821552276611e-01
4.760234355926513672e-01
4.861012697219848633e-01
4.937905073165893555e-01
5.002247095108032227e-01
5.081157684326171875e-01
5.130405426025390625e-01
5.149800181388854980e-01
5.133955478668212891e-01
5.070934295654296875e-01
4.989842772483825684e-01
4.903913736343383789e-01
4.819028973579406738e-01
4.696745872497558594e-01
4.571531414985656738e-01
4.447681307792663574e-01
4.327718019485473633e-01
4.220052957534790039e-01
4.143246114253997803e-01
4.102820754051208496e-01
4.064813256263732910e-01
4.007817506790161133e-01
3.937300443649291992e-01
3.892689347267150879e-01
3.876252472400665283e-01
3.870224952697753906e-01
3.868080377578735352e-01
3.865934610366821289e-01
3.863788545131683350e-01
3.861644268035888672e-01
3.912788033485412598e-01
3.962045013904571533e-01
4.004562199115753174e-01
4.042530357837677002e-01
4.077233076095581055e-01
4.139397740364074707e-01
4.194989800453186035e-01
4.242411553859710693e-01
4.289839267730712891e-01
4.337261915206909180e-01
4.384686946868896484e-01
4.432108104228973389e-01
4.479534029960632324e-01
4.524390697479248047e-01
4.560949802398681641e-01
4.597508907318115234e-01
4.634081721305847168e-01
4.869104027748107910e-01
5.108737349510192871e-01
5.348144769668579102e-01
5.479118824005126953e-01
4.020756483078002930e-01
4.079644680023193359e-01
4.113279581069946289e-01
4.132436215877532959e-01
4.149570763111114502e-01
4.161543846130371094e-01
4.172567129135131836e-01
4.180879592895507812e-01
4.175275564193725586e-01
4.166747331619262695e-01
4.158221483230590820e-01
4.149694442749023438e-01
4.141166210174560547e-01
4.142337441444396973e-01
4.152442514896392822e-01
4.164174795150756836e-01
4.184291362762451172e-01
4.207225441932678223e-01
4.229365587234497070e-01
4.251505434513092041e-01
4.292640984058380127e-01
4.413495063781738281e-01
4.537831544876098633e-01
4.688646793365478516e-01
4.955675601959228516e-01
5.179456472396850586e-01
5.341498255729675293e-01
5.490367412567138672e-01
5.586733818054199219e-01
5.563610196113586426e-01
5.463861227035522461e-01
5.355511903762817383e-01
5.269533395767211914e-01
5.205453634262084961e-01
5.141377449035644531e-01
5.077294111251831055e-01
5.053520202636718750e-01
5.029147267341613770e-01
4.999825954437255859e-01
4.995957612991333008e-01
4.943941831588745117e-01
4.876373410224914551e-01
4.831590652465820312e-01
4.829106926918029785e-01
4.854308962821960449e-01
4.880923032760620117e-01
4.904032349586486816e-01
4.924813508987426758e-01
4.945598244667053223e-01
4.966378211975097656e-01
5.006750226020812988e-01
5.055264830589294434e-01
5.103777647018432617e-01
5.114256739616394043e-01
5.095661878585815430e-01
5.073159337043762207e-01
5.055521726608276367e-01
4.994800090789794922e-01
4.956038594245910645e-01
4.906921982765197754e-01
4.855354428291320801e-01
4.802130460739135742e-01
4.763460755348205566e-01
4.702953100204467773e-01
4.594537913799285889e-01
4.468923509120941162e-01
4.341825544834136963e-01
4.215445816516876221e-01
4.085505604743957520e-01
3.972292840480804443e-01
3.882557749748229980e-01
3.884044885635375977e-01
3.965372443199157715e-01
4.063792824745178223e-01
4.159766435623168945e-01
4.230262339115142822e-01
4.328442215919494629e-01
4.421080648899078369e-01
4.517837762832641602e-01
4.628655016422271729e-01
4.737869501113891602e-01
4.796169400215148926e-01
4.867877960205078125e-01
4.931246042251586914e-01
4.970560073852539062e-01
5.004172325134277344e-01
4.984035491943359375e-01
4.924989938735961914e-01
4.853578805923461914e-01
4.772990942001342773e-01
4.692401289939880371e-01
4.611813127994537354e-01
4.516942203044891357e-01
4.396978616714477539e-01
4.277018606662750244e-01
4.162175655364990234e-01
4.082707762718200684e-01
4.017904698848724365e-01
4.020451009273529053e-01
4.007031619548797607e-01
3.979016244411468506e-01
3.966543376445770264e-01
3.964381814002990723e-01
3.962234854698181152e-01
3.960091471672058105e-01
3.957946002483367920e-01
3.955799937248229980e-01
3.994860649108886719e-01
4.058419466018676758e-01
4.103788137435913086e-01
4.146306514739990234e-01
4.165337085723876953e-01
4.192997217178344727e-01
4.257207214832305908e-01
4.309394061565399170e-01
4.356820583343505859e-01
4.404244124889373779e-01
4.451667666435241699e-01
4.499091506004333496e-01
4.546514153480529785e-01
4.593510627746582031e-01
4.630071818828582764e-01
4.666627049446105957e-01
4.703186750411987305e-01
4.759364724159240723e-01
4.979171752929687500e-01
5.185199975967407227e-01
5.387136340141296387e-01
5.539117455482482910e-01
4.064410626888275146e-01
4.118595719337463379e-01
4.172782897949218750e-01
4.204287827014923096e-01
4.230467677116394043e-01
4.252896904945373535e-01
4.263982176780700684e-01
4.274261593818664551e-01
4.284535646438598633e-01
4.291908442974090576e-01
4.284854531288146973e-01
4.275581836700439453e-01
4.266310334205627441e-01
4.259159266948699951e-01
4.261709451675415039e-01
4.275650084018707275e-01
4.291246831417083740e-01
4.317961335182189941e-01
4.344675540924072266e-01
4.370158314704895020e-01
4.410888850688934326e-01
4.533481895923614502e-01
4.645543694496154785e-01
4.777697324752807617e-01
5.018776655197143555e-01
5.204088687896728516e-01
5.339288711547851562e-01
5.454527139663696289e-01
5.498196482658386230e-01
5.485618114471435547e-01
5.376967191696166992e-01
5.261256098747253418e-01
5.191123485565185547e-01
5.121141672134399414e-01
5.051511526107788086e-01
4.987429976463317871e-01
4.948331117630004883e-01
4.920161962509155273e-01
4.889487624168395996e-01
4.881691932678222656e-01
4.839147329330444336e-01
4.773844480514526367e-01
4.745895266532897949e-01
4.736856818199157715e-01
4.733775854110717773e-01
4.754557013511657715e-01
4.773571491241455078e-01
4.788910150527954102e-01
4.804254174232482910e-01
4.824975728988647461e-01
4.872645139694213867e-01
4.921158552169799805e-01
4.969670772552490234e-01
4.997148513793945312e-01
4.998311996459960938e-01
4.976997971534729004e-01
4.979105591773986816e-01
5.006778240203857422e-01
4.990059137344360352e-01
4.959416389465332031e-01
4.917196035385131836e-01
4.879307746887207031e-01
4.873573780059814453e-01
4.811904430389404297e-01
4.670470952987670898e-01
4.522104561328887939e-01
4.361805021762847900e-01
4.174780249595642090e-01
3.992146551609039307e-01
3.857358396053314209e-01
3.791199028491973877e-01
3.812625110149383545e-01
3.876928091049194336e-01
3.981660902500152588e-01
4.083579182624816895e-01
4.192756116390228271e-01
4.294784963130950928e-01
4.398501217365264893e-01
4.497724175453186035e-01
4.601551592350006104e-01
4.665044248104095459e-01
4.741507768630981445e-01
4.795269966125488281e-01
4.855790138244628906e-01
4.889726638793945312e-01
4.923659563064575195e-01
4.905240535736083984e-01
4.840675592422485352e-01
4.764176607131958008e-01
4.675208926200866699e-01
4.594406485557556152e-01
4.518454670906066895e-01
4.443261027336120605e-01
4.368911683559417725e-01
4.262498617172241211e-01
4.162912368774414062e-01
4.105160236358642578e-01
4.075347483158111572e-01
4.059772491455078125e-01
4.070089757442474365e-01
4.063582420349121094e-01
4.062494635581970215e-01
4.058821499347686768e-01
4.055148959159851074e-01
4.052101075649261475e-01
4.049957990646362305e-01
4.076107144355773926e-01
4.144478142261505127e-01
4.196482300758361816e-01
4.245532155036926270e-01
4.274573326110839844e-01
4.291342198848724365e-01
4.310805499553680420e-01
4.375016689300537109e-01
4.423802793025970459e-01
4.471227824687957764e-01
4.518649578094482422e-01
4.566071927547454834e-01
4.613494873046875000e-01
4.660921096801757812e-01
4.699189662933349609e-01
4.733691215515136719e-01
4.755666255950927734e-01
4.746364951133728027e-01
4.793227910995483398e-01
4.991553425788879395e-01
5.188525915145874023e-01
5.384019017219543457e-01
5.557870268821716309e-01
4.129219055175781250e-01
4.183400273323059082e-01
4.237594604492187500e-01
4.291777908802032471e-01
4.325257241725921631e-01
4.356251955032348633e-01
4.382350444793701172e-01
4.389933347702026367e-01
4.399198889732360840e-01
4.409476220607757568e-01
4.419754743576049805e-01
4.426927268505096436e-01
4.428730607032775879e-01
4.432298541069030762e-01
4.435868561267852783e-01
4.437864720821380615e-01
4.437060356140136719e-01
4.454255402088165283e-01
4.476202726364135742e-01
4.493983387947082520e-01
4.523283243179321289e-01
4.638524055480957031e-01
4.738337397575378418e-01
4.836329817771911621e-01
5.054119229316711426e-01
5.223214030265808105e-01
5.341513752937316895e-01
5.418965816497802734e-01
5.446003675460815430e-01
5.418112277984619141e-01
5.305716991424560547e-01
5.210330486297607422e-01
5.139602422714233398e-01
5.068874359130859375e-01
4.998144507408142090e-01
4.926791191101074219e-01
4.864794611930847168e-01
4.822613000869750977e-01
4.783247709274291992e-01
4.740505218505859375e-01
4.683817625045776367e-01
4.641218781471252441e-01
4.636891782283782959e-01
4.632915854454040527e-01
4.617690443992614746e-01
4.619150161743164062e-01
4.633745551109313965e-01
4.648342728614807129e-01
4.667096734046936035e-01
4.699435234069824219e-01
4.747202396392822266e-01
4.794971942901611328e-01
4.842739701271057129e-01
4.886472225189208984e-01
4.895932674407958984e-01
4.918099045753479004e-01
4.945030808448791504e-01
4.977961778640747070e-01
5.011348128318786621e-01
4.999510049819946289e-01
5.006495714187622070e-01
5.024785995483398438e-01
5.003055334091186523e-01
4.870850443840026855e-01
4.738253355026245117e-01
4.548622965812683105e-01
4.292363822460174561e-01
4.086964130401611328e-01
3.901016712188720703e-01
3.783271014690399170e-01
3.748536109924316406e-01
3.789209425449371338e-01
3.853007256984710693e-01
3.934362530708312988e-01
4.032720923423767090e-01
4.179078042507171631e-01
4.291821420192718506e-01
4.408035278320312500e-01
4.496473968029022217e-01
4.577426612377166748e-01
4.676158428192138672e-01
4.714799523353576660e-01
4.753697514533996582e-01
4.783613681793212891e-01
4.813110828399658203e-01
4.851986169815063477e-01
4.834591746330261230e-01
4.790059924125671387e-01
4.721894860267639160e-01
4.650618731975555420e-01
4.574030637741088867e-01
4.504866898059844971e-01
4.444836378097534180e-01
4.399391412734985352e-01
4.361072778701782227e-01
4.304655790328979492e-01
4.227184653282165527e-01
4.166366457939147949e-01
4.113291501998901367e-01
4.117496907711029053e-01
4.124203026294708252e-01
4.157271385192871094e-01
4.154775142669677734e-01
4.151102900505065918e-01
4.147427678108215332e-01
4.159141778945922852e-01
4.226242601871490479e-01
4.284828305244445801e-01
4.334546923637390137e-01
4.380797743797302246e-01
4.401136040687561035e-01
4.418841302394866943e-01
4.436542987823486328e-01
4.490783810615539551e-01
4.538209140300750732e-01
4.585627913475036621e-01
4.630441367626190186e-01
4.672272503376007080e-01
4.713459014892578125e-01
4.744440317153930664e-01
4.741768836975097656e-01
4.734860658645629883e-01
4.717228412628173828e-01
4.698033928871154785e-01
4.780176281929016113e-01
4.975669980049133301e-01
5.171163082122802734e-01
5.366657972335815430e-01
5.562366843223571777e-01
4.194024503231048584e-01
4.248211681842803955e-01
4.302392899990081787e-01
4.356581568717956543e-01
4.410979747772216797e-01
4.453162848949432373e-01
4.484159946441650391e-01
4.510217308998107910e-01
4.524713456630706787e-01
4.532771706581115723e-01
4.544267058372497559e-01
4.564384520053863525e-01
4.587614536285400391e-01
4.605824649333953857e-01
4.608459174633026123e-01
4.607719480991363525e-01
4.595471024513244629e-01
4.587065577507019043e-01
4.592360258102416992e-01
4.592141807079315186e-01
4.605914354324340820e-01
4.699280261993408203e-01
4.792646169662475586e-01
4.868842363357543945e-01
5.049560070037841797e-01
5.177929401397705078e-01
5.275028944015502930e-01
5.357725620269775391e-01
5.399836301803588867e-01
5.378803610801696777e-01
5.279607772827148438e-01
5.190117359161376953e-01
5.100891590118408203e-01
5.018938779830932617e-01
4.939321875572204590e-01
4.857205152511596680e-01
4.772267341613769531e-01
4.722620248794555664e-01
4.672313332557678223e-01
4.591715931892395020e-01
4.525300264358520508e-01
4.506986737251281738e-01
4.489797353744506836e-01
4.500401616096496582e-01
4.511114358901977539e-01
4.502430558204650879e-01
4.514613449573516846e-01
4.532141685485839844e-01
4.553352296352386475e-01
4.597663581371307373e-01
4.645429551601409912e-01
4.693199396133422852e-01
4.740968346595764160e-01
4.790589809417724609e-01
4.858724474906921387e-01
4.920443892478942871e-01
4.955945014953613281e-01
4.991445541381835938e-01
5.045349597930908203e-01
5.136779546737670898e-01
5.195427536964416504e-01
5.206381082534790039e-01
5.127637386322021484e-01
4.961121082305908203e-01
4.773903489112854004e-01
4.536489248275756836e-01
4.289676845073699951e-01
4.066630303859710693e-01
3.902134895324707031e-01
3.797322213649749756e-01
3.775465190410614014e-01
3.811926841735839844e-01
3.858784139156341553e-01
3.912351131439208984e-01
4.010492563247680664e-01
4.168813228607177734e-01
4.312098920345306396e-01
4.402987957000732422e-01
4.496320486068725586e-01
4.584934413433074951e-01
4.686648845672607422e-01
4.768095016479492188e-01
4.793856739997863770e-01
4.778127074241638184e-01
4.800474643707275391e-01
4.821869134902954102e-01
4.802916049957275391e-01
4.786306023597717285e-01
4.734735488891601562e-01
4.685652256011962891e-01
4.631878137588500977e-01
4.592813253402709961e-01
4.553746581077575684e-01
4.514683783054351807e-01
4.475619792938232422e-01
4.436554312705993652e-01
4.380731284618377686e-01
4.299609661102294922e-01
4.239737987518310547e-01
4.212360978126525879e-01
4.219979643821716309e-01
4.258845150470733643e-01
4.278105497360229492e-01
4.267573356628417969e-01
4.260772466659545898e-01
4.319762885570526123e-01
4.378021657466888428e-01
4.425564706325531006e-01
4.473930001258850098e-01
4.504234790802001953e-01
4.528630375862121582e-01
4.543163776397705078e-01
4.555278420448303223e-01
4.589937925338745117e-01
4.628159403800964355e-01
4.666250050067901611e-01
4.701640605926513672e-01
4.717621803283691406e-01
4.716025590896606445e-01
4.708445072174072266e-01
4.700099229812622070e-01
4.680956602096557617e-01
4.661757349967956543e-01
4.642563462257385254e-01
4.762812852859497070e-01
4.958311319351196289e-01
5.153804421424865723e-01
5.349297523498535156e-01
5.544962882995605469e-01
4.258830249309539795e-01
4.313013553619384766e-01
4.367203414440155029e-01
4.421386718750000000e-01
4.475575983524322510e-01
4.537990093231201172e-01
4.581614732742309570e-01
4.613688588142395020e-01
4.642409086227416992e-01
4.669031500816345215e-01
4.694247245788574219e-01
4.714326858520507812e-01
4.728462696075439453e-01
4.738698005676269531e-01
4.748930931091308594e-01
4.753659963607788086e-01
4.734075665473937988e-01
4.713221788406372070e-01
4.695314168930053711e-01
4.673643708229064941e-01
4.663600921630859375e-01
4.741484522819519043e-01
4.813416600227355957e-01
4.883309602737426758e-01
4.995792508125305176e-01
5.101333260536193848e-01
5.194827318191528320e-01
5.281804800033569336e-01
5.320894718170166016e-01
5.310574769973754883e-01
5.236254930496215820e-01
5.145189762115478516e-01
5.054125785827636719e-01
4.962879419326782227e-01
4.864818453788757324e-01
4.766699075698852539e-01
4.671609103679656982e-01
4.602043628692626953e-01
4.550080895423889160e-01
4.453067183494567871e-01
4.400341510772705078e-01
4.377245903015136719e-01
4.354153275489807129e-01
4.345828294754028320e-01
4.363773465156555176e-01
4.383235871791839600e-01
4.400179982185363770e-01
4.425331354141235352e-01
4.457166790962219238e-01
4.507048726081848145e-01
4.559447765350341797e-01
4.612341821193695068e-01
4.677681922912597656e-01
4.770926833152770996e-01
4.870216846466064453e-01
4.942832589149475098e-01
5.002471208572387695e-01
5.085129737854003906e-01
5.189393162727355957e-01
5.294042825698852539e-01
5.364835262298583984e-01
5.316722989082336426e-01
5.186643600463867188e-01
5.013812780380249023e-01
4.786672592163085938e-01
4.533838927745819092e-01
4.288770556449890137e-01
4.088251888751983643e-01
3.929268121719360352e-01
3.845326304435729980e-01
3.815959990024566650e-01
3.816847503185272217e-01
3.870563209056854248e-01
3.917797803878784180e-01
3.999185264110565186e-01
4.159423410892486572e-01
4.305655360221862793e-01
4.414036870002746582e-01
4.528826475143432617e-01
4.640628099441528320e-01
4.747206568717956543e-01
4.852048754692077637e-01
4.892063736915588379e-01
4.886683225631713867e-01
4.853249192237854004e-01
4.857544898986816406e-01
4.842656850814819336e-01
4.840677380561828613e-01
4.832018613815307617e-01
4.803837537765502930e-01
4.770519733428955078e-01
4.731456041336059570e-01
4.692389965057373047e-01
4.653326272964477539e-01
4.614261984825134277e-01
4.560077786445617676e-01
4.500647187232971191e-01
4.443494081497192383e-01
4.404733180999755859e-01
4.346135258674621582e-01
4.361848235130310059e-01
4.400717616081237793e-01
4.433442950248718262e-01
4.448896646499633789e-01
4.495871067047119141e-01
4.553125500679016113e-01
4.592466950416564941e-01
4.626109004020690918e-01
4.650564789772033691e-01
4.657879471778869629e-01
4.664264917373657227e-01
4.664720892906188965e-01
4.663031995296478271e-01
4.674524664878845215e-01
4.700598716735839844e-01
4.703139066696166992e-01
4.705679416656494141e-01
4.705476164817810059e-01
4.697150588035583496e-01
4.685832262039184570e-01
4.665894508361816406e-01
4.645953476428985596e-01
4.626012444496154785e-01
4.606073498725891113e-01
4.758782386779785156e-01
4.945070743560791016e-01
5.131364464759826660e-01
5.317658185958862305e-01
5.503989458084106445e-01
4.346612393856048584e-01
4.382260441780090332e-01
4.435733556747436523e-01
4.489209651947021484e-01
4.543727636337280273e-01
4.606356024742126465e-01
4.669137299060821533e-01
4.720762968063354492e-01
4.762430191040039062e-01
4.795495271682739258e-01
4.813620448112487793e-01
4.831515550613403320e-01
4.847013354301452637e-01
4.849811792373657227e-01
4.848594069480895996e-01
4.847379922866821289e-01
4.846161603927612305e-01
4.834228157997131348e-01
4.797748327255249023e-01
4.760689735412597656e-01
4.712854623794555664e-01
4.768583774566650391e-01
4.825339317321777344e-01
4.840348958969116211e-01
4.926624894142150879e-01
5.001559257507324219e-01
5.089071989059448242e-01
5.174894332885742188e-01
5.209411978721618652e-01
5.201312303543090820e-01
5.170931816101074219e-01
5.074423551559448242e-01
4.977917671203613281e-01
4.879251122474670410e-01
4.780547022819519043e-01
4.681843519210815430e-01
4.576437771320343018e-01
4.483363032341003418e-01
4.414112865924835205e-01
4.335764944553375244e-01
4.289621710777282715e-01
4.268640875816345215e-01
4.249823689460754395e-01
4.231857657432556152e-01
4.240865707397460938e-01
4.258106648921966553e-01
4.287196993827819824e-01
4.335145950317382812e-01
4.395996630191802979e-01
4.452488124370574951e-01
4.508983492851257324e-01
4.590592384338378906e-01
4.688493609428405762e-01
4.797563552856445312e-01
4.910693764686584473e-01
5.012497901916503906e-01
5.142260789871215820e-01
5.250235795974731445e-01
5.347872972488403320e-01
5.383815169334411621e-01
5.375112891197204590e-01
5.345653295516967773e-01
5.212982892990112305e-01
5.025864839553833008e-01
4.788546562194824219e-01
4.541265964508056641e-01
4.291205406188964844e-01
4.114139080047607422e-01
3.992831110954284668e-01
3.892552256584167480e-01
3.855926990509033203e-01
3.847248554229736328e-01
3.894147276878356934e-01
3.959257602691650391e-01
4.049296677112579346e-01
4.150214791297912598e-01
4.286305606365203857e-01
4.432911276817321777e-01
4.565949440002441406e-01
4.698088169097900391e-01
4.821729660034179688e-01
4.942149519920349121e-01
5.023496150970458984e-01
5.035203099250793457e-01
5.033887624740600586e-01
4.986346364021301270e-01
4.955502748489379883e-01
4.953449964523315430e-01
4.959274530410766602e-01
4.936817884445190430e-01
4.908635616302490234e-01
4.870096445083618164e-01
4.831033945083618164e-01
4.791969060897827148e-01
4.739480018615722656e-01
4.680046439170837402e-01
4.620615243911743164e-01
4.562149345874786377e-01
4.523539245128631592e-01
4.506778120994567871e-01
4.503279924392700195e-01
4.538303613662719727e-01
4.568724930286407471e-01
4.634129703044891357e-01
4.713594913482666016e-01
4.752665162086486816e-01
4.780419468879699707e-01
4.808642268180847168e-01
4.810292720794677734e-01
4.811944961547851562e-01
4.813598990440368652e-01
4.814496040344238281e-01
4.779516458511352539e-01
4.739123582839965820e-01
4.731472134590148926e-01
4.727897047996520996e-01
4.723722934722900391e-01
4.709285497665405273e-01
4.687628746032714844e-01
4.653118252754211426e-01
4.623895287513732910e-01
4.595497846603393555e-01
4.567098617553710938e-01
4.541731476783752441e-01
4.725968241691589355e-01
4.912261962890625000e-01
5.098554491996765137e-01
5.282468199729919434e-01
5.462669134140014648e-01
4.432608783245086670e-01
4.420437812805175781e-01
4.494186341762542725e-01
4.561871588230133057e-01
4.615957140922546387e-01
4.677351117134094238e-01
4.745003581047058105e-01
4.810193181037902832e-01
4.857285022735595703e-01
4.889414906501770020e-01
4.907810091972351074e-01
4.914336204528808594e-01
4.920784235000610352e-01
4.927227497100830078e-01
4.932311773300170898e-01
4.933309555053710938e-01
4.920687675476074219e-01
4.905282258987426758e-01
4.880216121673583984e-01
4.838764667510986328e-01
4.775105714797973633e-01
4.787372350692749023e-01
4.768638014793395996e-01
4.761639833450317383e-01
4.823757410049438477e-01
4.879140853881835938e-01
4.959203004837036133e-01
5.041460990905761719e-01
5.079804658889770508e-01
5.083354711532592773e-01
5.087267160415649414e-01
5.000768899917602539e-01
4.904438257217407227e-01
4.807846546173095703e-01
4.713063240051269531e-01
4.618495106697082520e-01
4.515095949172973633e-01
4.411696791648864746e-01
4.328485727310180664e-01
4.264245033264160156e-01
4.201012551784515381e-01
4.175057709217071533e-01
4.166005253791809082e-01
4.156953096389770508e-01
4.157196581363677979e-01
4.184725880622863770e-01
4.211507439613342285e-01
4.244204759597778320e-01
4.328924715518951416e-01
4.412230849266052246e-01
4.512907862663269043e-01
4.613467454910278320e-01
4.718769192695617676e-01
4.833499789237976074e-01
4.989984631538391113e-01
5.149385929107666016e-01
5.274844169616699219e-01
5.357142686843872070e-01
5.396989583969116211e-01
5.393307209014892578e-01
5.367625951766967773e-01
5.314561128616333008e-01
5.197532176971435547e-01
5.000506639480590820e-01
4.779595136642456055e-01
4.549320340156555176e-01
4.340960979461669922e-01
4.176498055458068848e-01
4.063029885292053223e-01
3.994058966636657715e-01
3.933385610580444336e-01
3.918224573135375977e-01
3.951660990715026855e-01
3.990739285945892334e-01
4.087286591529846191e-01
4.177454113960266113e-01
4.298914074897766113e-01
4.473248720169067383e-01
4.616202116012573242e-01
4.771488308906555176e-01
4.914188385009765625e-01
5.062162876129150391e-01
5.170387029647827148e-01
5.223624706268310547e-01
5.257267951965332031e-01
5.210323929786682129e-01
5.149227380752563477e-01
5.090301036834716797e-01
5.079310536384582520e-01
5.069225430488586426e-01
5.041617155075073242e-01
5.008739829063415527e-01
4.969674348831176758e-01
4.918885231018066406e-01
4.859449863433837891e-01
4.799293875694274902e-01
4.735743999481201172e-01
4.670716524124145508e-01
4.607125222682952881e-01
4.580351412296295166e-01
4.583607316017150879e-01
4.633799195289611816e-01
4.695154428482055664e-01
4.779300689697265625e-01
4.862536787986755371e-01
4.924716353416442871e-01
4.955316185951232910e-01
4.964601993560791016e-01
4.966253042221069336e-01
4.948909878730773926e-01
4.918453693389892578e-01
4.888001680374145508e-01
4.853675365447998047e-01
4.792931079864501953e-01
4.776358604431152344e-01
4.759967923164367676e-01
4.734240770339965820e-01
4.700214862823486328e-01
4.662871360778808594e-01
4.625525474548339844e-01
4.588180482387542725e-01
4.551943242549896240e-01
4.512450098991394043e-01
4.510883092880249023e-01
4.683825373649597168e-01
4.855798482894897461e-01
5.029680728912353516e-01
5.207533836364746094e-01
5.385444164276123047e-01
4.505502581596374512e-01
4.481474161148071289e-01
4.501816332340240479e-01
4.575551152229309082e-01
4.657970368862152100e-01
4.736057519912719727e-01
4.808660745620727539e-01
4.862402081489562988e-01
4.916142225265502930e-01
4.952607154846191406e-01
4.974284768104553223e-01
4.989638328552246094e-01
4.991362690925598145e-01
4.993968605995178223e-01
4.994040131568908691e-01
4.983379244804382324e-01
4.967228770256042480e-01
4.936470985412597656e-01
4.891258478164672852e-01
4.845635890960693359e-01
4.770416617393493652e-01
4.757444858551025391e-01
4.727046489715576172e-01
4.696655273437500000e-01
4.733287692070007324e-01
4.774863719940185547e-01
4.834796190261840820e-01
4.917859435081481934e-01
4.968062639236450195e-01
4.995841979980468750e-01
5.007638931274414062e-01
4.947223663330078125e-01
4.857466220855712891e-01
4.765293598175048828e-01
4.675315022468566895e-01
4.581679403781890869e-01
4.481879174709320068e-01
4.382076859474182129e-01
4.301592707633972168e-01
4.241757392883300781e-01
4.181921482086181641e-01
4.136834740638732910e-01
4.111324548721313477e-01
4.085814952850341797e-01
4.074925780296325684e-01
4.098640084266662598e-01
4.130737781524658203e-01
4.180710911750793457e-01
4.260153174400329590e-01
4.388809800148010254e-01
4.518696963787078857e-01
4.640055298805236816e-01
4.774970412254333496e-01
4.939451813697814941e-01
5.098195672035217285e-01
5.227183699607849121e-01
5.322195887565612793e-01
5.397889614105224609e-01
5.411497354507446289e-01
5.387516021728515625e-01
5.359001159667968750e-01
5.294575691223144531e-01
5.139865875244140625e-01
4.978227019309997559e-01
4.792160987854003906e-01
4.595551192760467529e-01
4.407086372375488281e-01
4.274225234985351562e-01
4.168395698070526123e-01
4.076605737209320068e-01
4.031647145748138428e-01
4.006244540214538574e-01
3.998245894908905029e-01
4.048355221748352051e-01
4.133690297603607178e-01
4.259515404701232910e-01
4.386224448680877686e-01
4.528922438621520996e-01
4.700675010681152344e-01
4.850158691406250000e-01
5.022066831588745117e-01
5.185778737068176270e-01
5.327228903770446777e-01
5.432054996490478516e-01
5.469852685928344727e-01
5.434303283691406250e-01
5.373207330703735352e-01
5.303800106048583984e-01
5.228612422943115234e-01
5.204749107360839844e-01
5.173594951629638672e-01
5.141016244888305664e-01
5.087296366691589355e-01
5.020360946655273438e-01
4.951209425926208496e-01
4.879744648933410645e-01
4.808279275894165039e-01
4.736814498901367188e-01
4.666673839092254639e-01
4.619977474212646484e-01
4.629906415939331055e-01
4.690047502517700195e-01
4.830839633941650391e-01
4.920554161071777344e-01
4.994551539421081543e-01
5.063482522964477539e-01
5.110752582550048828e-01
5.075823068618774414e-01
5.036910772323608398e-01
4.997996687889099121e-01
4.959086179733276367e-01
4.920169711112976074e-01
4.878788590431213379e-01
4.815889000892639160e-01
4.789642095565795898e-01
4.763026237487792969e-01
4.718698859214782715e-01
4.672588706016540527e-01
4.626473188400268555e-01
4.580361843109130859e-01
4.535675048828125000e-01
4.491090178489685059e-01
4.446504712104797363e-01
4.478307962417602539e-01
4.647216796875000000e-01
4.816124439239501953e-01
4.985034465789794922e-01
5.155288577079772949e-01
5.327044725418090820e-01
4.608596563339233398e-01
4.544394612312316895e-01
4.510999023914337158e-01
4.570508897304534912e-01
4.642742872238159180e-01
4.719773530960083008e-01
4.800876975059509277e-01
4.876634478569030762e-01
4.945561885833740234e-01
4.998092055320739746e-01
5.032525062561035156e-01
5.048890709877014160e-01
5.057735443115234375e-01
5.042864084243774414e-01
5.025825500488281250e-01
4.999904036521911621e-01
4.964151978492736816e-01
4.924628138542175293e-01
4.889212846755981445e-01
4.806746244430541992e-01
4.705232381820678711e-01
4.686471223831176758e-01
4.678636789321899414e-01
4.663802683353424072e-01
4.689007997512817383e-01
4.717605113983154297e-01
4.763243198394775391e-01
4.840903282165527344e-01
4.904058575630187988e-01
4.942197203636169434e-01
4.954339265823364258e-01
4.909146428108215332e-01
4.838911890983581543e-01
4.748933315277099609e-01
4.658955037593841553e-01
4.562654495239257812e-01
4.462853670120239258e-01
4.372429847717285156e-01
4.282502233982086182e-01
4.222666621208190918e-01
4.162829220294952393e-01
4.104948341846466064e-01
4.079436361789703369e-01
4.057348370552062988e-01
4.038448035717010498e-01
4.028026461601257324e-01
4.047426879405975342e-01
4.125544428825378418e-01
4.227126836776733398e-01
4.353995919227600098e-01
4.493522644042968750e-01
4.672105312347412109e-01
4.857116937637329102e-01
4.997497797012329102e-01
5.130909085273742676e-01
5.266426801681518555e-01
5.374780893325805664e-01
5.424367189407348633e-01
5.438551306724548340e-01
5.413376092910766602e-01
5.385861396789550781e-01
5.255352258682250977e-01
5.098602771759033203e-01
4.936724305152893066e-01
4.774898886680603027e-01
4.629350602626800537e-01
4.496289789676666260e-01
4.381965100765228271e-01
4.289066195487976074e-01
4.197924435138702393e-01
4.125176072120666504e-01
4.096268713474273682e-01
4.076070487499237061e-01
4.137228131294250488e-01
4.245418906211853027e-01
4.361306428909301758e-01
4.494054615497589111e-01
4.624085426330566406e-01
4.812560677528381348e-01
4.984154701232910156e-01
5.164563059806823730e-01
5.322636365890502930e-01
5.466211438179016113e-01
5.607660412788391113e-01
5.654144287109375000e-01
5.634225606918334961e-01
5.590518712997436523e-01
5.514427423477172852e-01
5.431488752365112305e-01
5.345780253410339355e-01
5.284023284912109375e-01
5.219038128852844238e-01
5.152333974838256836e-01
5.080866813659667969e-01
5.009402632713317871e-01
4.937937259674072266e-01
4.866472482681274414e-01
4.795007109642028809e-01
4.723623991012573242e-01
4.666274189949035645e-01
4.684903025627136230e-01
4.764094352722167969e-01
4.894218444824218750e-01
5.017436742782592773e-01
5.072370171546936035e-01
5.099443793296813965e-01
5.097929239273071289e-01
5.095090866088867188e-01
5.054157376289367676e-01
5.012326836585998535e-01
4.966175556182861328e-01
4.920023679733276367e-01
4.868183732032775879e-01
4.801538586616516113e-01
4.752714037895202637e-01
4.706705212593078613e-01
4.660592675209045410e-01
4.614480137825012207e-01
4.568367600440979004e-01
4.522256851196289062e-01
4.476144015789031982e-01
4.429384469985961914e-01
4.382611513137817383e-01
4.452133774757385254e-01
4.621046185493469238e-01
4.789952039718627930e-01
4.958862066268920898e-01
5.127770900726318359e-01
5.296978950500488281e-01
4.743852615356445312e-01
4.669382572174072266e-01
4.595580697059631348e-01
4.554282724857330322e-01
4.612040519714355469e-01
4.689606428146362305e-01
4.769886732101440430e-01
4.844131469726562500e-01
4.917766451835632324e-01
4.988887310028076172e-01
5.050615072250366211e-01
5.085837841033935547e-01
5.088829398155212402e-01
5.079780220985412598e-01
5.044638514518737793e-01
5.004636645317077637e-01
4.964638948440551758e-01
4.921162128448486328e-01
4.838517904281616211e-01
4.744272828102111816e-01
4.647202491760253906e-01
4.634180068969726562e-01
4.629791378974914551e-01
4.625556468963623047e-01
4.666235744953155518e-01
4.711384773254394531e-01
4.739981889724731445e-01
4.790896773338317871e-01
4.875159263610839844e-01
4.913123846054077148e-01
4.921531677246093750e-01
4.891684651374816895e-01
4.817754030227661133e-01
4.739485383033752441e-01
4.645549654960632324e-01
4.543630480766296387e-01
4.449542760848999023e-01
4.367817640304565430e-01
4.263411760330200195e-01
4.203575849533081055e-01
4.143740534782409668e-01
4.083905220031738281e-01
4.049746990203857422e-01
4.030847847461700439e-01
4.011949896812438965e-01
3.993050158023834229e-01
4.050192236900329590e-01
4.137973785400390625e-01
4.226983785629272461e-01
4.340957105159759521e-01
4.511902928352355957e-01
4.681517481803894043e-01
4.851217269897460938e-01
5.020915865898132324e-01
5.185732841491699219e-01
5.320316553115844727e-01
5.413621664047241211e-01
5.434715747833251953e-01
5.448712110519409180e-01
5.441212654113769531e-01
5.370840430259704590e-01
5.214520692825317383e-01
5.051960945129394531e-01
4.890797138214111328e-01
4.769319891929626465e-01
4.671027064323425293e-01
4.593167603015899658e-01
4.502193629741668701e-01
4.429866075515747070e-01
4.337389767169952393e-01
4.245393276214599609e-01
4.187574088573455811e-01
4.166509509086608887e-01
4.258201718330383301e-01
4.367152750492095947e-01
4.501059949398040771e-01
4.638126194477081299e-01
4.783717393875122070e-01
4.942737817764282227e-01
5.128439664840698242e-01
5.303663015365600586e-01
5.446890592575073242e-01
5.590242147445678711e-01
5.726529359817504883e-01
5.793970227241516113e-01
5.774164795875549316e-01
5.742563605308532715e-01
5.667393207550048828e-01
5.589813590049743652e-01
5.506179928779602051e-01
5.412321686744689941e-01
5.294798612594604492e-01
5.217083692550659180e-01
5.139061212539672852e-01
5.067596435546875000e-01
4.996130466461181641e-01
4.917659759521484375e-01
4.837735891342163086e-01
4.755858182907104492e-01
4.692699313163757324e-01
4.741761684417724609e-01
4.793168902397155762e-01
4.861012101173400879e-01
4.942854046821594238e-01
5.007573366165161133e-01
5.051726698875427246e-01
5.045374035835266113e-01
5.037554502487182617e-01
5.029734969139099121e-01
4.986252784729003906e-01
4.940102696418762207e-01
4.893946647644042969e-01
4.838706851005554199e-01
4.770050048828125000e-01
4.694710969924926758e-01
4.648599028587341309e-01
4.602488875389099121e-01
4.556374549865722656e-01
4.510263204574584961e-01
4.462752640247344971e-01
4.413655996322631836e-01
4.364563226699829102e-01
4.315468370914459229e-01
4.419787824153900146e-01
4.585384726524353027e-01
4.752156138420104980e-01
4.920749664306640625e-01
5.096054077148437500e-01
5.274671316146850586e-01
4.864423871040344238e-01
4.801971316337585449e-01
4.737707376480102539e-01
4.658783078193664551e-01
4.635998010635375977e-01
4.669187068939208984e-01
4.721721410751342773e-01
4.795824885368347168e-01
4.869923591613769531e-01
4.938589930534362793e-01
4.995570182800292969e-01
5.053976774215698242e-01
5.086733102798461914e-01
5.085176825523376465e-01
5.060223340988159180e-01
5.023822188377380371e-01
4.971252083778381348e-01
4.882484674453735352e-01
4.794337749481201172e-01
4.702597260475158691e-01
4.605530500411987305e-01
4.588763415813446045e-01
4.590405225753784180e-01
4.592048525810241699e-01
4.626945853233337402e-01
4.677880406379699707e-01
4.724240899085998535e-01
4.774601459503173828e-01
4.852957129478454590e-01
4.891200065612792969e-01
4.898601174354553223e-01
4.877930879592895508e-01
4.801008701324462891e-01
4.727075099945068359e-01
4.642900228500366211e-01
4.539140462875366211e-01
4.471437335014343262e-01
4.369828701019287109e-01
4.260614812374114990e-01
4.184485077857971191e-01
4.124649763107299805e-01
4.065788686275482178e-01
4.023245871067047119e-01
4.004346728324890137e-01
3.996891379356384277e-01
4.027329385280609131e-01
4.097077846527099609e-01
4.194184839725494385e-01
4.305702447891235352e-01
4.419010877609252930e-01
4.552223384380340576e-01
4.705467820167541504e-01
4.863144755363464355e-01
5.032845735549926758e-01
5.195713639259338379e-01
5.327613353729248047e-01
5.404534935951232910e-01
5.436415076255798340e-01
5.445105433464050293e-01
5.437257885932922363e-01
5.321869850158691406e-01
5.162094831466674805e-01
5.006838440895080566e-01
4.892002344131469727e-01
4.795928001403808594e-01
4.741211533546447754e-01
4.689593911170959473e-01
4.632413387298583984e-01
4.554977416992187500e-01
4.458385705947875977e-01
4.365879297256469727e-01
4.279446005821228027e-01
4.296724200248718262e-01
4.416032433509826660e-01
4.548959136009216309e-01
4.674979448318481445e-01
4.808066487312316895e-01
4.933753609657287598e-01
5.072394013404846191e-01
5.243699550628662109e-01
5.391384959220886230e-01
5.528113842010498047e-01
5.663056969642639160e-01
5.800877213478088379e-01
5.884230732917785645e-01
5.884711742401123047e-01
5.862211585044860840e-01
5.805641412734985352e-01
5.728062987327575684e-01
5.644819736480712891e-01
5.540573596954345703e-01
5.428735017776489258e-01
5.278434753417968750e-01
5.172158479690551758e-01
5.075919628143310547e-01
4.993742704391479492e-01
4.911562800407409668e-01
4.829041361808776855e-01
4.734213352203369141e-01
4.694466590881347656e-01
4.691900014877319336e-01
4.728863239288330078e-01
4.756170511245727539e-01
4.829928874969482422e-01
4.884428977966308594e-01
4.920197725296020508e-01
4.955968856811523438e-01
4.970707893371582031e-01
4.962600469589233398e-01
4.952994585037231445e-01
4.910161495208740234e-01
4.862226843833923340e-01
4.795965552330017090e-01
4.708763360977172852e-01
4.625605344772338867e-01
4.577707648277282715e-01
4.529808759689331055e-01
4.481586813926696777e-01
4.432492852210998535e-01
4.383397102355957031e-01
4.334301650524139404e-01
4.285208582878112793e-01
4.236113429069519043e-01
4.378541111946105957e-01
4.546777606010437012e-01
4.720551967620849609e-01
4.897210001945495605e-01
5.081209540367126465e-01
5.274481773376464844e-01
4.978120326995849609e-01
4.906551837921142578e-01
4.834986329078674316e-01
4.763413667678833008e-01
4.693972468376159668e-01
4.712871909141540527e-01
4.743649959564208984e-01
4.776309132575988770e-01
4.817210435867309570e-01
4.875512123107910156e-01
4.933245778083801270e-01
4.978035092353820801e-01
5.018080472946166992e-01
5.044462680816650391e-01
5.052443742752075195e-01
5.017726421356201172e-01
4.933325052261352539e-01
4.837353825569152832e-01
4.748219251632690430e-01
4.660620093345642090e-01
4.563857316970825195e-01
4.543353915214538574e-01
4.544994533061981201e-01
4.546635150909423828e-01
4.581118226051330566e-01
4.639382362365722656e-01
4.688919782638549805e-01
4.762792587280273438e-01
4.845412969589233398e-01
4.887381792068481445e-01
4.879315495491027832e-01
4.869596958160400391e-01
4.792678952217102051e-01
4.711800813674926758e-01
4.631903171539306641e-01
4.557605981826782227e-01
4.489970803260803223e-01
4.380755126476287842e-01
4.271542429924011230e-01
4.183976650238037109e-01
4.127514660358428955e-01
4.078812599182128906e-01
4.030360579490661621e-01
4.036134481430053711e-01
4.068049490451812744e-01
4.109822809696197510e-01
4.163818955421447754e-01
4.262518286705017090e-01
4.376112520694732666e-01
4.492518007755279541e-01
4.615941345691680908e-01
4.763128161430358887e-01
4.918105602264404297e-01
5.070564150810241699e-01
5.192347764968872070e-01
5.279977321624755859e-01
5.365316867828369141e-01
5.440595149993896484e-01
5.459133386611938477e-01
5.397155880928039551e-01
5.281019806861877441e-01
5.124834775924682617e-01
5.000487565994262695e-01
4.901904463768005371e-01
4.848018884658813477e-01
4.810010194778442383e-01
4.767715334892272949e-01
4.695538878440856934e-01
4.646144211292266846e-01
4.569068253040313721e-01
4.484363198280334473e-01
4.442450404167175293e-01
4.482004642486572266e-01
4.562000632286071777e-01
4.690730571746826172e-01
4.820073246955871582e-01
4.937915205955505371e-01
5.056110024452209473e-01
5.171998143196105957e-01
5.319021940231323242e-01
5.458457469940185547e-01
5.594241619110107422e-01
5.727152824401855469e-01
5.860363841056823730e-01
5.933089256286621094e-01
5.964663028717041016e-01
5.938724875450134277e-01
5.896296501159667969e-01
5.810624957084655762e-01
5.701962709426879883e-01
5.593299865722656250e-01
5.484371185302734375e-01
5.357850193977355957e-01
5.211127996444702148e-01
5.072394013404846191e-01
4.964960217475891113e-01
4.848911166191101074e-01
4.729640483856201172e-01
4.649657309055328369e-01
4.633390903472900391e-01
4.627529382705688477e-01
4.646242260932922363e-01
4.662576317787170410e-01
4.703419208526611328e-01
4.740397930145263672e-01
4.774383306503295898e-01
4.808370471000671387e-01
4.842356443405151367e-01
4.876078367233276367e-01
4.867137670516967773e-01
4.857530593872070312e-01
4.809812307357788086e-01
4.724854230880737305e-01
4.637651741504669189e-01
4.550447165966033936e-01
4.500423073768615723e-01
4.451327621936798096e-01
4.402233064174652100e-01
4.353136420249938965e-01
4.304041862487792969e-01
4.254947900772094727e-01
4.205854535102844238e-01
4.175512194633483887e-01
4.349382519721984863e-01
4.525529146194458008e-01
4.710385799407958984e-01
4.895303845405578613e-01
5.088599920272827148e-01
5.291582345962524414e-01
5.082897543907165527e-01
5.009485483169555664e-01
4.936075210571289062e-01
4.862663745880126953e-01
4.789251685142517090e-01
4.742256402969360352e-01
4.781298637390136719e-01
4.810304641723632812e-01
4.834067821502685547e-01
4.842760562896728516e-01
4.855899810791015625e-01
4.889497756958007812e-01
4.929547309875488281e-01
4.969590902328491211e-01
4.956215620040893555e-01
4.905667304992675781e-01
4.847970008850097656e-01
4.777503013610839844e-01
4.702092409133911133e-01
4.614496231079101562e-01
4.522184133529663086e-01
4.497941732406616211e-01
4.499582052230834961e-01
4.501222968101501465e-01
4.529667496681213379e-01
4.587599039077758789e-01
4.644589722156524658e-01
4.742399454116821289e-01
4.814698696136474609e-01
4.864641427993774414e-01
4.885438680648803711e-01
4.867556691169738770e-01
4.794056415557861328e-01
4.711391329765319824e-01
4.634577035903930664e-01
4.594977498054504395e-01
4.522389769554138184e-01
4.421904385089874268e-01
4.321419596672058105e-01
4.223772585391998291e-01
4.173847436904907227e-01
4.125395119190216064e-01
4.106742143630981445e-01
4.117002785205841064e-01
4.116045832633972168e-01
4.174318313598632812e-01
4.249414801597595215e-01
4.333212673664093018e-01
4.449667930603027344e-01
4.576219320297241211e-01
4.703724384307861328e-01
4.835903644561767578e-01
4.989636540412902832e-01
5.114368200302124023e-01
5.200465321540832520e-01
5.275312066078186035e-01
5.345187783241271973e-01
5.408577322959899902e-01
5.404509305953979492e-01
5.373001098632812500e-01
5.259428024291992188e-01
5.134465098381042480e-01
5.027993917465209961e-01
4.955418705940246582e-01
4.907274246215820312e-01
4.852583408355712891e-01
4.781181812286376953e-01
4.731531739234924316e-01
4.688793420791625977e-01
4.635505676269531250e-01
4.594293832778930664e-01
4.562432467937469482e-01
4.616540074348449707e-01
4.687635898590087891e-01
4.802231192588806152e-01
4.926417469978332520e-01
5.057734847068786621e-01
5.165920257568359375e-01
5.276139974594116211e-01
5.385613441467285156e-01
5.507158637046813965e-01
5.614658594131469727e-01
5.745561718940734863e-01
5.854490995407104492e-01
5.919838547706604004e-01
5.984997749328613281e-01
5.968207716941833496e-01
5.922713875770568848e-01
5.845813751220703125e-01
5.730472803115844727e-01
5.615041851997375488e-01
5.499612092971801758e-01
5.384179949760437012e-01
5.223667621612548828e-01
5.039974451065063477e-01
4.852893352508544922e-01
4.714845418930053711e-01
4.614945948123931885e-01
4.569088816642761230e-01
4.561181664466857910e-01
4.554077982902526855e-01
4.542230367660522461e-01
4.558564424514770508e-01
4.555760025978088379e-01
4.589519500732421875e-01
4.623505473136901855e-01
4.657493233680725098e-01
4.691476821899414062e-01
4.725465774536132812e-01
4.759449362754821777e-01
4.762068986892700195e-01
4.730963706970214844e-01
4.653741717338562012e-01
4.566532969474792480e-01
4.478130936622619629e-01
4.421068429946899414e-01
4.371972084045410156e-01
4.322878122329711914e-01
4.273784160614013672e-01
4.224689006805419922e-01
4.180576205253601074e-01
4.139905869960784912e-01
4.154934287071228027e-01
4.339852929115295410e-01
4.524772763252258301e-01
4.714584350585937500e-01
4.906057715415954590e-01
5.109037756919860840e-01
5.312018394470214844e-01
5.178666114807128906e-01
5.105251669883728027e-01
5.031839609146118164e-01
4.958425760269165039e-01
4.885016679763793945e-01
4.803818464279174805e-01
4.789472222328186035e-01
4.814872741699218750e-01
4.827975034713745117e-01
4.836446642875671387e-01
4.844917058944702148e-01
4.845789074897766113e-01
4.849959611892700195e-01
4.826111793518066406e-01
4.806588888168334961e-01
4.775202870368957520e-01
4.723615646362304688e-01
4.665735065937042236e-01
4.601968824863433838e-01
4.541741013526916504e-01
4.474631547927856445e-01
4.452526569366455078e-01
4.454172253608703613e-01
4.459345340728759766e-01
4.478217065334320068e-01
4.535428881645202637e-01
4.612045884132385254e-01
4.709858894348144531e-01
4.781353473663330078e-01
4.832385182380676270e-01
4.876322746276855469e-01
4.878556728363037109e-01
4.841530323028564453e-01
4.758330583572387695e-01
4.710094928741455078e-01
4.671274125576019287e-01
4.590158760547637939e-01
4.482512474060058594e-01
4.380241632461547852e-01
4.281883239746093750e-01
4.221015870571136475e-01
4.207764863967895508e-01
4.158538579940795898e-01
4.148157238960266113e-01
4.207125008106231689e-01
4.286306202411651611e-01
4.365485310554504395e-01
4.444665908813476562e-01
4.552647769451141357e-01
4.676197171211242676e-01
4.800063371658325195e-01
4.927992820739746094e-01
5.049172043800354004e-01
5.147869586944580078e-01
5.227798819541931152e-01
5.295690298080444336e-01
5.359659194946289062e-01
5.387905836105346680e-01
5.377659797668457031e-01
5.314043164253234863e-01
5.214749574661254883e-01
5.153486728668212891e-01
5.063167810440063477e-01
4.999888539314270020e-01
4.934068918228149414e-01
4.868967533111572266e-01
4.803200364112854004e-01
4.722522497177124023e-01
4.678131341934204102e-01
4.661971926689147949e-01
4.641935527324676514e-01
4.645246863365173340e-01
4.700429439544677734e-01
4.774591922760009766e-01
4.880816936492919922e-01
4.994882345199584961e-01
5.113002061843872070e-01
5.239410400390625000e-01
5.328789949417114258e-01
5.417956113815307617e-01
5.503883957862854004e-01
5.600930452346801758e-01
5.713461041450500488e-01
5.808914899826049805e-01
5.867493748664855957e-01
5.926070213317871094e-01
5.947027802467346191e-01
5.889263153076171875e-01
5.822792053222656250e-01
5.733725428581237793e-01
5.611726045608520508e-01
5.464186668395996094e-01
5.316649079322814941e-01
5.161124467849731445e-01
4.980809092521667480e-01
4.791541695594787598e-01
4.611305296421051025e-01
4.538873136043548584e-01
4.496883153915405273e-01
4.488977193832397461e-01
4.473735690116882324e-01
4.449323415756225586e-01
4.445426166057586670e-01
4.432811141014099121e-01
4.438642859458923340e-01
4.472627937793731689e-01
4.506613612174987793e-01
4.540600180625915527e-01
4.574161767959594727e-01
4.596690535545349121e-01
4.613830447196960449e-01
4.619081616401672363e-01
4.569166600704193115e-01
4.493185877799987793e-01
4.404781460762023926e-01
4.341423213481903076e-01
4.292619228363037109e-01
4.243525564670562744e-01
4.200580716133117676e-01
4.160063266754150391e-01
4.122619032859802246e-01
4.092848300933837891e-01
4.154830276966094971e-01
4.344754219055175781e-01
4.534676074981689453e-01
4.724600911140441895e-01
4.926495552062988281e-01
5.128915309906005859e-01
5.331212282180786133e-01
5.251053571701049805e-01
5.192389488220214844e-01
5.127608180046081543e-01
5.050930976867675781e-01
4.965841770172119141e-01
4.880753755569458008e-01
4.793024659156799316e-01
4.796443581581115723e-01
4.804911613464355469e-01
4.813382625579833984e-01
4.821850657463073730e-01
4.816412925720214844e-01
4.768522381782531738e-01
4.717383980751037598e-01
4.658661484718322754e-01
4.623636901378631592e-01
4.593147933483123779e-01
4.541566073894500732e-01
4.487336277961730957e-01
4.427109360694885254e-01
4.366877973079681396e-01
4.366711080074310303e-01
4.395597875118255615e-01
4.417975544929504395e-01
4.432902932167053223e-01
4.496814608573913574e-01
4.603202044963836670e-01
4.709739685058593750e-01
4.789832830429077148e-01
4.830602407455444336e-01
4.879941940307617188e-01
4.894503355026245117e-01
4.879414439201354980e-01
4.829633831977844238e-01
4.793066978454589844e-01
4.740244150161743164e-01
4.651029109954833984e-01
4.557097852230072021e-01
4.444476366043090820e-01
4.351210594177246094e-01
4.277079999446868896e-01
4.242074489593505859e-01
4.245888590812683105e-01
4.262399077415466309e-01
4.329050183296203613e-01
4.407682418823242188e-01
4.486862123012542725e-01
4.570905864238739014e-01
4.671931266784667969e-01
4.804977774620056152e-01
4.936844706535339355e-01
5.043331384658813477e-01
5.116131901741027832e-01
5.189753770828247070e-01
5.250263214111328125e-01
5.309613943099975586e-01
5.345592498779296875e-01
5.335547327995300293e-01
5.319612026214599609e-01
5.231636762619018555e-01
5.152857303619384766e-01
5.093935728073120117e-01
5.076450109481811523e-01
5.011484622955322266e-01
4.946184754371643066e-01
4.878827333450317383e-01
4.794119596481323242e-01
4.709516167640686035e-01
4.676121473312377930e-01
4.662940502166748047e-01
4.637930393218994141e-01
4.660667181015014648e-01
4.716510772705078125e-01
4.792824983596801758e-01
4.888942837715148926e-01
5.002408027648925781e-01
5.109707713127136230e-01
5.216382741928100586e-01
5.330120325088500977e-01
5.398189425468444824e-01
5.469841957092285156e-01
5.577169060707092285e-01
5.663084983825683594e-01
5.736519694328308105e-01
5.805523395538330078e-01
5.864099264144897461e-01
5.896884202957153320e-01
5.848422050476074219e-01
5.760753750801086426e-01
5.661376714706420898e-01
5.528832077980041504e-01
5.382711291313171387e-01
5.235173702239990234e-01
5.087635517120361328e-01
4.918265342712402344e-01
4.738121628761291504e-01
4.617702066898345947e-01
4.497452974319458008e-01
4.425578713417053223e-01
4.408014416694641113e-01
4.389716982841491699e-01
4.364060759544372559e-01
4.322478771209716797e-01
4.309866428375244141e-01
4.296214580535888672e-01
4.321749508380889893e-01
4.355736970901489258e-01
4.387176036834716797e-01
4.409548044204711914e-01
4.428827166557312012e-01
4.439453482627868652e-01
4.440436065196990967e-01
4.433957934379577637e-01
4.404982924461364746e-01
4.331436753273010254e-01
4.258387982845306396e-01
4.220588803291320801e-01
4.180222153663635254e-01
4.143794775009155273e-01
4.113588631153106689e-01
4.085106849670410156e-01
4.060340821743011475e-01
4.164845943450927734e-01
4.354769587516784668e-01
4.544519782066345215e-01
4.743096232414245605e-01
4.945392608642578125e-01
5.135492086410522461e-01
5.319159626960754395e-01
5.262094140052795410e-01
5.210781693458557129e-01
5.160394310951232910e-01
5.105965733528137207e-01
5.030903816223144531e-01
4.937818050384521484e-01
4.839857816696166992e-01
4.775437116622924805e-01
4.781851172447204590e-01
4.790320396423339844e-01
4.772637486457824707e-01
4.721665382385253906e-01
4.670568704605102539e-01
4.619469642639160156e-01
4.568371772766113281e-01
4.517272710800170898e-01
4.464817047119140625e-01
4.411101937294006348e-01
4.362793564796447754e-01
4.319819509983062744e-01
4.268319010734558105e-01
4.277590513229370117e-01
4.315323531627655029e-01
4.364682435989379883e-01
4.398451447486877441e-01
4.504548907279968262e-01
4.615405797958374023e-01
4.721943736076354980e-01
4.801901578903198242e-01
4.839714765548706055e-01
4.877197742462158203e-01
4.900578856468200684e-01
4.912372827529907227e-01
4.887956380844116211e-01
4.859051704406738281e-01
4.800607562065124512e-01
4.710390567779541016e-01
4.608592391014099121e-01
4.506042003631591797e-01
4.406512975692749023e-01
4.347813129425048828e-01
4.359691143035888672e-01
4.376201033592224121e-01
4.402253031730651855e-01
4.465278387069702148e-01
4.551703333854675293e-01
4.638594388961791992e-01
4.731589555740356445e-01
4.826385378837585449e-01
4.946619868278503418e-01
5.054583549499511719e-01
5.122758746147155762e-01
5.157720446586608887e-01
5.180657505989074707e-01
5.226382017135620117e-01
5.266780853271484375e-01
5.245106220245361328e-01
5.223430395126342773e-01
5.201756954193115234e-01
5.155182480812072754e-01
5.104454159736633301e-01
5.081000328063964844e-01
5.054883956909179688e-01
5.001549720764160156e-01
4.935341477394104004e-01
4.828634858131408691e-01
4.726087450981140137e-01
4.667726457118988037e-01
4.632268548011779785e-01
4.614710211753845215e-01
4.600411951541900635e-01
4.627000093460083008e-01
4.676953554153442383e-01
4.765770435333251953e-01
4.856707453727722168e-01
4.980035424232482910e-01
5.095156431198120117e-01
5.202543735504150391e-01
5.294380784034729004e-01
5.375981330871582031e-01
5.437144041061401367e-01
5.525339841842651367e-01
5.613115429878234863e-01
5.646468400955200195e-01
5.717503428459167480e-01
5.759695768356323242e-01
5.762447118759155273e-01
5.723134279251098633e-01
5.634659528732299805e-01
5.543244481086730957e-01
5.430865287780761719e-01
5.299153327941894531e-01
5.153701901435852051e-01
5.006161928176879883e-01
4.855722188949584961e-01
4.737995266914367676e-01
4.624428153038024902e-01
4.506386816501617432e-01
4.413807392120361328e-01
4.327000379562377930e-01
4.290250837802886963e-01
4.249623119831085205e-01
4.206263422966003418e-01
4.186919331550598145e-01
4.174306690692901611e-01
4.170871973037719727e-01
4.200033545494079590e-01
4.222404658794403076e-01
4.243102371692657471e-01
4.253409504890441895e-01
4.263718724250793457e-01
4.261299371719360352e-01
4.254820346832275391e-01
4.248656630516052246e-01
4.249292016029357910e-01
4.192726016044616699e-01
4.164662957191467285e-01
4.134326279163360596e-01
4.106547236442565918e-01
4.081779122352600098e-01
4.057015180587768555e-01
4.032247364521026611e-01
4.174394011497497559e-01
4.363634884357452393e-01
4.559574723243713379e-01
4.753479361534118652e-01
4.937142133712768555e-01
5.113663673400878906e-01
5.250136256217956543e-01
5.285895466804504395e-01
5.215735435485839844e-01
5.145577192306518555e-01
5.077072381973266602e-01
5.005757212638854980e-01
4.933062195777893066e-01
4.863762855529785156e-01
4.781047105789184570e-01
4.760224819183349609e-01
4.725906848907470703e-01
4.674808979034423828e-01
4.623713195323944092e-01
4.572613537311553955e-01
4.522604048252105713e-01
4.478855729103088379e-01
4.436484277248382568e-01
4.394117891788482666e-01
4.351746141910552979e-01
4.302130043506622314e-01
4.241118431091308594e-01
4.198429286479949951e-01
4.204791784286499023e-01
4.247339367866516113e-01
4.297626018524169922e-01
4.328930377960205078e-01
4.453122615814208984e-01
4.587027728557586670e-01
4.720933437347412109e-01
4.813969731330871582e-01
4.852719902992248535e-01
4.877572059631347656e-01
4.909933805465698242e-01
4.961397647857666016e-01
4.947913289070129395e-01
4.915586113929748535e-01
4.827328920364379883e-01
4.707633256912231445e-01
4.629566669464111328e-01
4.567570388317108154e-01
4.532126784324645996e-01
4.498625695705413818e-01
4.503462314605712891e-01
4.520268440246582031e-01
4.562590718269348145e-01
4.613862037658691406e-01
4.694725275039672852e-01
4.779397249221801758e-01
4.867602586746215820e-01
4.952036142349243164e-01
5.021162033081054688e-01
5.081329345703125000e-01
5.104225277900695801e-01
5.117487907409667969e-01
5.129823684692382812e-01
5.161000490188598633e-01
5.150336027145385742e-01
5.136334896087646484e-01
5.127103924751281738e-01
5.118550658226013184e-01
5.092366337776184082e-01
5.039370656013488770e-01
5.003059506416320801e-01
4.968512654304504395e-01
4.922052025794982910e-01
4.835834503173828125e-01
4.755525588989257812e-01
4.701652526855468750e-01
4.627618193626403809e-01
4.570227861404418945e-01
4.546028673648834229e-01
4.546146094799041748e-01
4.586865901947021484e-01
4.634276330471038818e-01
4.719612598419189453e-01
4.824678897857666016e-01
4.949563145637512207e-01
5.071126222610473633e-01
5.187376737594604492e-01
5.271072387695312500e-01
5.332567691802978516e-01
5.411460995674133301e-01
5.483288168907165527e-01
5.562613010406494141e-01
5.537534952163696289e-01
5.527228116989135742e-01
5.553095936775207520e-01
5.567065477371215820e-01
5.566954612731933594e-01
5.489789247512817383e-01
5.404928922653198242e-01
5.319547653198242188e-01
5.199354290962219238e-01
5.068820118904113770e-01
4.924689531326293945e-01
4.827381372451782227e-01
4.738005399703979492e-01
4.630099534988403320e-01
4.513809978961944580e-01
4.425888657569885254e-01
4.324968457221984863e-01
4.216002225875854492e-01
4.136005938053131104e-01
4.079914391040802002e-01
4.049891531467437744e-01
4.046917259693145752e-01
4.023289084434509277e-01
4.034703075885772705e-01
4.055877029895782471e-01
4.067367911338806152e-01
4.077677130699157715e-01
4.087986946105957031e-01
4.083648324012756348e-01
4.085348546504974365e-01
4.087899625301361084e-01
4.096416532993316650e-01
4.107663631439208984e-01
4.123857617378234863e-01
4.103222787380218506e-01
4.078456759452819824e-01
4.053606688976287842e-01
4.028158187866210938e-01
4.002715945243835449e-01
4.182748794555664062e-01
4.371467530727386475e-01
4.555131494998931885e-01
4.738428592681884766e-01
4.901627898216247559e-01
5.027356743812561035e-01
5.149971842765808105e-01
5.296252965927124023e-01
5.220972895622253418e-01
5.134690999984741211e-01
5.043998956680297852e-01
4.955266714096069336e-01
4.882574677467346191e-01
4.815829992294311523e-01
4.752011299133300781e-01
4.637793302536010742e-01
4.617845118045806885e-01
4.588337242603302002e-01
4.552758932113647461e-01
4.510387182235717773e-01
4.468018412590026855e-01
4.425645470619201660e-01
4.383277595043182373e-01
4.340908527374267578e-01
4.298537671566009521e-01
4.257025122642517090e-01
4.214765727519989014e-01
4.148704707622528076e-01
4.137194454669952393e-01
4.180505275726318359e-01
4.230518937110900879e-01
4.277107119560241699e-01
4.396817684173583984e-01
4.531048238277435303e-01
4.669038057327270508e-01
4.780174493789672852e-01
4.851310849189758301e-01
4.901067018508911133e-01
4.949251413345336914e-01
4.999507665634155273e-01
4.970433712005615234e-01
4.887694120407104492e-01
4.777049422264099121e-01
4.706352949142456055e-01
4.677712321281433105e-01
4.676067233085632324e-01
4.668538570404052734e-01
4.647320806980133057e-01
4.636979103088378906e-01
4.649997949600219727e-01
4.683332443237304688e-01
4.717445969581604004e-01
4.781724214553833008e-01
4.866014719009399414e-01
4.950447082519531250e-01
5.013926625251770020e-01
5.041128993034362793e-01
5.051332712173461914e-01
5.057280659675598145e-01
5.061157941818237305e-01
5.068211555480957031e-01
5.053962469100952148e-01
5.041612386703491211e-01
5.026719570159912109e-01
5.018489360809326172e-01
5.010449886322021484e-01
4.966154098510742188e-01
4.942021369934082031e-01
4.906563162803649902e-01
4.859905242919921875e-01
4.802444577217102051e-01
4.733777642250061035e-01
4.685297012329101562e-01
4.638619422912597656e-01
4.595247209072113037e-01
4.547280669212341309e-01
4.513263702392578125e-01
4.515812993049621582e-01
4.540277421474456787e-01
4.592439830303192139e-01
4.664655029773712158e-01
4.771208763122558594e-01
4.917407631874084473e-01
5.051031112670898438e-01
5.168453454971313477e-01
5.246280431747436523e-01
5.308128595352172852e-01
5.342575311660766602e-01
5.386655926704406738e-01
5.420415997505187988e-01
5.393103957176208496e-01
5.348095297813415527e-01
5.345429182052612305e-01
5.358561277389526367e-01
5.368882417678833008e-01
5.335447192192077637e-01
5.251960158348083496e-01
5.167099833488464355e-01
5.075014829635620117e-01
4.949121475219726562e-01
4.860899448394775391e-01
4.798612594604492188e-01
4.731297492980957031e-01
4.632606506347656250e-01
4.524946808815002441e-01
4.430295228958129883e-01
4.330186247825622559e-01
4.202286005020141602e-01
4.072418510913848877e-01
3.971145749092102051e-01
3.910285830497741699e-01
3.892036676406860352e-01
3.871184587478637695e-01
3.860379755496978760e-01
3.881326615810394287e-01
3.891637921333312988e-01
3.904600739479064941e-01
3.920337557792663574e-01
3.923039436340332031e-01
3.932718932628631592e-01
3.943386375904083252e-01
3.959631323814392090e-01
3.977479338645935059e-01
4.028130769729614258e-01
4.074139893054962158e-01
4.049301147460937500e-01
4.023850560188293457e-01
3.998403549194335938e-01
4.001080691814422607e-01
4.173114299774169922e-01
4.356778264045715332e-01
4.532184004783630371e-01
4.678985476493835449e-01
4.801596403121948242e-01
4.924209713935852051e-01
5.046824216842651367e-01
5.293931961059570312e-01
5.204501748085021973e-01
5.113806724548339844e-01
5.025520920753479004e-01
4.943068027496337891e-01
4.861100316047668457e-01
4.780159592628479004e-01
4.665505290031433105e-01
4.550845324993133545e-01
4.476899802684783936e-01
4.462434053421020508e-01
4.452806115150451660e-01
4.437682926654815674e-01
4.408628940582275391e-01
4.372436404228210449e-01
4.330065846443176270e-01
4.287697970867156982e-01
4.245324432849884033e-01
4.202955663204193115e-01
4.168820083141326904e-01
4.127464294433593750e-01
4.110301733016967773e-01
4.142154455184936523e-01
4.171017706394195557e-01
4.228902459144592285e-01
4.341107010841369629e-01
4.475056231021881104e-01
4.609004855155944824e-01
4.715964198112487793e-01
4.780422449111938477e-01
4.837344884872436523e-01
4.882410764694213867e-01
4.922523498535156250e-01
4.905141592025756836e-01
4.843606352806091309e-01
4.790933132171630859e-01
4.775465130805969238e-01
4.765474796295166016e-01
4.752961397171020508e-01
4.743958711624145508e-01
4.734210968017578125e-01
4.708113670349121094e-01
4.748433232307434082e-01
4.785288572311401367e-01
4.818621873855590820e-01
4.863439798355102539e-01
4.932768344879150391e-01
4.986978173255920410e-01
5.009344816207885742e-01
4.989483356475830078e-01
4.962734580039978027e-01
4.978033304214477539e-01
4.997827410697937012e-01
4.994173049926757812e-01
4.948355555534362793e-01
4.911926388740539551e-01
4.895956516265869141e-01
4.913678765296936035e-01
4.868483543395996094e-01
4.848212003707885742e-01
4.848101139068603516e-01
4.796360731124877930e-01
4.739068150520324707e-01
4.690498113632202148e-01
4.674793481826782227e-01
4.628116488456726074e-01
4.581438899040222168e-01
4.534763991832733154e-01
4.496468305587768555e-01
4.490985274314880371e-01
4.512125849723815918e-01
4.535867869853973389e-01
4.567279219627380371e-01
4.626051783561706543e-01
4.716410636901855469e-01
4.848903417587280273e-01
5.017085075378417969e-01
5.131452083587646484e-01
5.177820324897766113e-01
5.212509632110595703e-01
5.238584876060485840e-01
5.263171195983886719e-01
5.261577367782592773e-01
5.251481533050537109e-01
5.198166966438293457e-01
5.157109498977661133e-01
5.150052309036254883e-01
5.160376429557800293e-01
5.170487761497497559e-01
5.098991394042968750e-01
5.014129281044006348e-01
4.929510951042175293e-01
4.849582910537719727e-01
4.799313545227050781e-01
4.748126268386840820e-01
4.687460660934448242e-01
4.608484208583831787e-01
4.510387778282165527e-01
4.418745040893554688e-01
4.310133457183837891e-01
4.185691177845001221e-01
4.058700799942016602e-01
3.928338587284088135e-01
3.794515430927276611e-01
3.734917640686035156e-01
3.713247776031494141e-01
3.678155839443206787e-01
3.689586222171783447e-01
3.717817068099975586e-01
3.747704923152923584e-01
3.769021630287170410e-01
3.779182434082031250e-01
3.796053528785705566e-01
3.813904821872711182e-01
3.831754624843597412e-01
3.848929703235626221e-01
3.889212012290954590e-01
3.952885270118713379e-01
3.999921083450317383e-01
3.994099199771881104e-01
3.953034877777099609e-01
3.975973725318908691e-01
4.155649542808532715e-01
4.313430190086364746e-01
4.453222751617431641e-01
4.575834274291992188e-01
4.698448777198791504e-01
4.821059703826904297e-01
4.943674802780151367e-01
5.294792652130126953e-01
5.212826728820800781e-01
5.130860805511474609e-01
5.048897266387939453e-01
4.966927170753479004e-01
4.857211709022521973e-01
4.719911813735961914e-01
4.587253928184509277e-01
4.469351768493652344e-01
4.354696869850158691e-01
4.316942691802978516e-01
4.302904605865478516e-01
4.293403327465057373e-01
4.281330406665802002e-01
4.267853200435638428e-01
4.247553050518035889e-01
4.214095771312713623e-01
4.173256456851959229e-01
4.129422307014465332e-01
4.094334840774536133e-01
4.059119224548339844e-01
4.063152074813842773e-01
4.106959998607635498e-01
4.156680703163146973e-01
4.195208549499511719e-01
4.272365570068359375e-01
4.391599297523498535e-01
4.527266621589660645e-01
4.627529084682464600e-01
4.661032855510711670e-01
4.712206125259399414e-01
4.741770029067993164e-01
4.771692752838134766e-01
4.823668003082275391e-01
4.825659394264221191e-01
4.839156270027160645e-01
4.831619262695312500e-01
4.822891354560852051e-01
4.814161062240600586e-01
4.802689552307128906e-01
4.785503149032592773e-01
4.765400886535644531e-01
4.792535901069641113e-01
4.828501939773559570e-01
4.871590733528137207e-01
4.898415803909301758e-01
4.937951564788818359e-01
4.950135350227355957e-01
4.935006499290466309e-01
4.924619197845458984e-01
4.909875392913818359e-01
4.916370511054992676e-01
4.928295612335205078e-01
4.882475137710571289e-01
4.836655855178833008e-01
4.790835976600646973e-01
4.779241681098937988e-01
4.772976636886596680e-01
4.744325876235961914e-01
4.739387035369873047e-01
4.723789691925048828e-01
4.685527682304382324e-01
4.636178612709045410e-01
4.619255065917968750e-01
4.603504836559295654e-01
4.574551582336425781e-01
4.526090025901794434e-01
4.477628171443939209e-01
4.435184597969055176e-01
4.445381760597229004e-01
4.498077630996704102e-01
4.542644023895263672e-01
4.565901756286621094e-01
4.611818790435791016e-01
4.698468446731567383e-01
4.768134951591491699e-01
4.886410236358642578e-01
4.996829032897949219e-01
5.064760446548461914e-01
5.106883645057678223e-01
5.142700076103210449e-01
5.159493684768676758e-01
5.106875300407409668e-01
5.084859132766723633e-01
5.057914853096008301e-01
4.999454617500305176e-01
4.956039190292358398e-01
4.951871633529663086e-01
4.962193965911865234e-01
4.934412240982055664e-01
4.861958622932434082e-01
4.789467453956604004e-01
4.778210520744323730e-01
4.736086130142211914e-01
4.686537981033325195e-01
4.635351300239562988e-01
4.573748409748077393e-01
4.483827650547027588e-01
4.388830065727233887e-01
4.268237352371215820e-01
4.146976470947265625e-01
4.018903374671936035e-01
3.881537020206451416e-01
3.744808435440063477e-01
3.610681295394897461e-01
3.564506173133850098e-01
3.524921536445617676e-01
3.512380719184875488e-01
3.548967540264129639e-01
3.585551679134368896e-01
3.619406223297119141e-01
3.646893501281738281e-01
3.667890429496765137e-01
3.685057163238525391e-01
3.702225685119628906e-01
3.719393312931060791e-01
3.749988675117492676e-01
3.813661932945251465e-01
3.865525126457214355e-01
3.892844021320343018e-01
3.889004588127136230e-01
3.937643766403198242e-01
4.091427624225616455e-01
4.227461814880371094e-01
4.350071549415588379e-01
4.472687542438507080e-01
4.595299661159515381e-01
4.717911481857299805e-01
4.826865196228027344e-01
5.315077304840087891e-01
5.236691832542419434e-01
5.153495073318481445e-01
5.069749951362609863e-01
4.942917823791503906e-01
4.797733426094055176e-01
4.655537009239196777e-01
4.518836438655853271e-01
4.382132887840270996e-01
4.248589873313903809e-01
4.142795205116271973e-01
4.124289751052856445e-01
4.106831252574920654e-01
4.093354642391204834e-01
4.083579182624816895e-01
4.074182510375976562e-01
4.064787328243255615e-01
4.055393934249877930e-01
4.038042724132537842e-01
4.013513326644897461e-01
3.982318639755249023e-01
3.991951048374176025e-01
4.063426852226257324e-01
4.143283367156982422e-01
4.189194440841674805e-01
4.247167110443115234e-01
4.338614940643310547e-01
4.401214122772216797e-01
4.438666105270385742e-01
4.492010176181793213e-01
4.546444416046142578e-01
4.587616920471191406e-01
4.668467342853546143e-01
4.794363975524902344e-01
4.806638956069946289e-01
4.816820621490478516e-01
4.826999306678771973e-01
4.837181568145751953e-01
4.830276966094970703e-01
4.808105826377868652e-01
4.785934686660766602e-01
4.777920246124267578e-01
4.796422719955444336e-01
4.822710752487182617e-01
4.851027131080627441e-01
4.879783391952514648e-01
4.920361042022705078e-01
4.920194745063781738e-01
4.904006123542785645e-01
4.882316589355468750e-01
4.865891933441162109e-01
4.854707717895507812e-01
4.816595911979675293e-01
4.770776033401489258e-01
4.724337458610534668e-01
4.673597216606140137e-01
4.647771716117858887e-01
4.640889763832092285e-01
4.630442857742309570e-01
4.614943861961364746e-01
4.598221778869628906e-01
4.582787752151489258e-01
4.566178917884826660e-01
4.550426304340362549e-01
4.534676671028137207e-01
4.518927335739135742e-01
4.477019906044006348e-01
4.428561031818389893e-01
4.381918907165527344e-01
4.406886100769042969e-01
4.457826912403106689e-01
4.507457017898559570e-01
4.532719254493713379e-01
4.553945660591125488e-01
4.600896239280700684e-01
4.677656292915344238e-01
4.781904816627502441e-01
4.873057007789611816e-01
4.953388571739196777e-01
5.000706911087036133e-01
5.027582645416259766e-01
5.034958720207214355e-01
4.980465173721313477e-01
4.936924576759338379e-01
4.915284514427185059e-01
4.864273667335510254e-01
4.796341061592102051e-01
4.751138687133789062e-01
4.753688573837280273e-01
4.764219522476196289e-01
4.700448513031005859e-01
4.698817729949951172e-01
4.689098596572875977e-01
4.665375947952270508e-01
4.622592329978942871e-01
4.573761820793151855e-01
4.508201479911804199e-01
4.455209076404571533e-01
4.346933066844940186e-01
4.225222468376159668e-01
4.098832607269287109e-01
3.964143395423889160e-01
3.826779723167419434e-01
3.695582747459411621e-01
3.567906618118286133e-01
3.453631997108459473e-01
3.383928537368774414e-01
3.349533975124359131e-01
3.383597433567047119e-01
3.433185815811157227e-01
3.468795120716094971e-01
3.495600521564483643e-01
3.522405624389648438e-01
3.549212217330932617e-01
3.572690188884735107e-01
3.589858710765838623e-01
3.602756857872009277e-01
3.647798597812652588e-01
3.692136406898498535e-01
3.718923926353454590e-01
3.724606931209564209e-01
3.850533366203308105e-01
4.001698493957519531e-01
4.124315083026885986e-01
4.246925711631774902e-01
4.369541406631469727e-01
4.490318298339843750e-01
4.598443806171417236e-01
4.706571102142333984e-01
5.289454460144042969e-01
5.207081437110900879e-01
5.123015046119689941e-01
4.983929395675659180e-01
4.841983914375305176e-01
4.700040817260742188e-01
4.560611248016357422e-01
4.427545070648193359e-01
4.292171299457550049e-01
4.156216084957122803e-01
4.023600816726684570e-01
3.949632048606872559e-01
3.935206830501556396e-01
3.922458589076995850e-01
3.913064002990722656e-01
3.903668522834777832e-01
3.894275426864624023e-01
3.884879946708679199e-01
3.873909115791320801e-01
3.865466117858886719e-01
3.857040107250213623e-01
3.885015845298767090e-01
3.979539871215820312e-01
4.090592861175537109e-01
4.137654900550842285e-01
4.153049290180206299e-01
4.205071032047271729e-01
4.257092475891113281e-01
4.292147159576416016e-01
4.323064088821411133e-01
4.380257725715637207e-01
4.491365849971771240e-01
4.610717892646789551e-01
4.716341495513916016e-01
4.738762378692626953e-01
4.743958711624145508e-01
4.749153852462768555e-01
4.754351973533630371e-01
4.759547710418701172e-01
4.764743447303771973e-01
4.769568443298339844e-01
4.772350192070007324e-01
4.778355360031127930e-01
4.821211695671081543e-01
4.862474203109741211e-01
4.875674843788146973e-01
4.862330555915832520e-01
4.873725175857543945e-01
4.871456623077392578e-01
4.850704669952392578e-01
4.829013943672180176e-01
4.765308499336242676e-01
4.704897403717041016e-01
4.653689265251159668e-01
4.589381814002990723e-01
4.561218917369842529e-01
4.546691179275512695e-01
4.522824287414550781e-01
4.506101012229919434e-01
4.489379525184631348e-01
4.478635191917419434e-01
4.500645995140075684e-01
4.497349858283996582e-01
4.481599330902099609e-01
4.465849399566650391e-01
4.450097382068634033e-01
4.427953660488128662e-01
4.379490017890930176e-01
4.332392215728759766e-01
4.355031847953796387e-01
4.373862147331237793e-01
4.392696022987365723e-01
4.411528706550598145e-01
4.440349340438842773e-01
4.500828087329864502e-01
4.578318297863006592e-01
4.681219458580017090e-01
4.765350222587585449e-01
4.847499132156372070e-01
4.911002516746520996e-01
4.937767982482910156e-01
4.918742775917053223e-01
4.854762554168701172e-01
4.798938035964965820e-01
4.769920706748962402e-01
4.723247289657592773e-01
4.663941860198974609e-01
4.598257541656494141e-01
4.554550051689147949e-01
4.562045931816101074e-01
4.588975310325622559e-01
4.592738151550292969e-01
4.595781564712524414e-01
4.588728249073028564e-01
4.551880657672882080e-01
4.501823186874389648e-01
4.434803724288940430e-01
4.385876357555389404e-01
4.298842549324035645e-01
4.174214303493499756e-01
4.040809869766235352e-01
3.914745151996612549e-01
3.788090348243713379e-01
3.664128184318542480e-01
3.534537255764007568e-01
3.407828211784362793e-01
3.318738043308258057e-01
3.230175971984863281e-01
3.214001357555389404e-01
3.260086178779602051e-01
3.292622268199920654e-01
3.324744105339050293e-01
3.356863856315612793e-01
3.388983905315399170e-01
3.416898250579833984e-01
3.428298234939575195e-01
3.435406684875488281e-01
3.463119864463806152e-01
3.480295836925506592e-01
3.499394953250885010e-01
3.521347045898437500e-01
3.692025542259216309e-01
3.858228921890258789e-01
4.021072983741760254e-01
4.143777489662170410e-01
4.261897802352905273e-01
4.370022714138031006e-01
4.478146433830261230e-01
4.586271047592163086e-01
5.252084732055664062e-01
5.155549645423889160e-01
5.013608932495117188e-01
4.871662259101867676e-01
4.729718565940856934e-01
4.589646458625793457e-01
4.453443884849548340e-01
4.324460625648498535e-01
4.195472002029418945e-01
4.066483378410339355e-01
3.937498331069946289e-01
3.808511793613433838e-01
3.764818906784057617e-01
3.750931024551391602e-01
3.739412426948547363e-01
3.723727762699127197e-01
3.705913424491882324e-01
3.686946332454681396e-01
3.667932450771331787e-01
3.654397726058959961e-01
3.647587001323699951e-01
3.680714368820190430e-01
3.804911375045776367e-01
3.902051448822021484e-01
3.951364159584045410e-01
3.972390890121459961e-01
4.029620289802551270e-01
4.074261784553527832e-01
4.134390354156494141e-01
4.229433834552764893e-01
4.344364404678344727e-01
4.438181519508361816e-01
4.528448581695556641e-01
4.602124989032745361e-01
4.643386006355285645e-01
4.658488333225250244e-01
4.664628803730010986e-01
4.669826030731201172e-01
4.675021171569824219e-01
4.680216312408447266e-01
4.698456525802612305e-01
4.739581346511840820e-01
4.780485033988952637e-01
4.851534962654113770e-01
4.869930744171142578e-01
4.853292107582092285e-01
4.814981222152709961e-01
4.797616004943847656e-01
4.793747663497924805e-01
4.799268245697021484e-01
4.769906997680664062e-01
4.683346748352050781e-01
4.584867954254150391e-01
4.505984485149383545e-01
4.475693702697753906e-01
4.455838799476623535e-01
4.452233910560607910e-01
4.404595196247100830e-01
4.380536675453186035e-01
4.369938969612121582e-01
4.392265975475311279e-01
4.414822161197662354e-01
4.428521394729614258e-01
4.412772059440612793e-01
4.397021234035491943e-01
4.381270706653594971e-01
4.358052611351013184e-01
4.292236268520355225e-01
4.226833581924438477e-01
4.234613478183746338e-01
4.253445565700531006e-01
4.272279143333435059e-01
4.291110634803771973e-01
4.313765764236450195e-01
4.362391531467437744e-01
4.462012648582458496e-01
4.563940167427062988e-01
4.664170145988464355e-01
4.741581678390502930e-01
4.789601564407348633e-01
4.837621450424194336e-01
4.828820824623107910e-01
4.773378372192382812e-01
4.710030555725097656e-01
4.656125307083129883e-01
4.602547287940979004e-01
4.519206285476684570e-01
4.468388557434082031e-01
4.406109452247619629e-01
4.414785802364349365e-01
4.490912556648254395e-01
4.491628408432006836e-01
4.489702284336090088e-01
4.492743015289306641e-01
4.480791985988616943e-01
4.418503046035766602e-01
4.357607960700988770e-01
4.299403429031372070e-01
4.227083027362823486e-01
4.124701619148254395e-01
4.000181555747985840e-01
3.881343007087707520e-01
3.764576315879821777e-01
3.639309406280517578e-01
3.513007462024688721e-01
3.391214311122894287e-01
3.288634717464447021e-01
3.193300962448120117e-01
3.097968995571136475e-01
3.092815876007080078e-01
3.116019964218139648e-01
3.148139417171478271e-01
3.179857432842254639e-01
3.193345367908477783e-01
3.206308782100677490e-01
3.208697736263275146e-01
3.200174272060394287e-01
3.214653134346008301e-01
3.246072232723236084e-01
3.282026946544647217e-01
3.284969925880432129e-01
3.489508926868438721e-01
3.690059483051300049e-01
3.856266140937805176e-01
4.015313982963562012e-01
4.141598939895629883e-01
4.249722361564636230e-01
4.357849061489105225e-01
4.465974569320678711e-01
5.186657309532165527e-01
5.046282410621643066e-01
4.908423423767089844e-01
4.770565032958984375e-01
4.632704257965087891e-01
4.494840800762176514e-01
4.357780218124389648e-01
4.228796958923339844e-01
4.098490476608276367e-01
3.967402875423431396e-01
3.831053972244262695e-01
3.693644702434539795e-01
3.575178682804107666e-01
3.534496128559112549e-01
3.502624928951263428e-01
3.487322032451629639e-01
3.478014469146728516e-01
3.459710478782653809e-01
3.438455462455749512e-01
3.415248394012451172e-01
3.384752571582794189e-01
3.371397852897644043e-01
3.464801311492919922e-01
3.560744524002075195e-01
3.621113002300262451e-01
3.686795830726623535e-01
3.779107928276062012e-01
3.904191851615905762e-01
4.070038199424743652e-01
4.209711849689483643e-01
4.332016110420227051e-01
4.426687955856323242e-01
4.505149424076080322e-01
4.538135826587677002e-01
4.559542238712310791e-01
4.555127024650573730e-01
4.561700224876403809e-01
4.576801061630249023e-01
4.607216715812683105e-01
4.624289274215698242e-01
4.661480188369750977e-01
4.701713323593139648e-01
4.744735360145568848e-01
4.790697097778320312e-01
4.824848175048828125e-01
4.813113212585449219e-01
4.769105315208435059e-01
4.738943576812744141e-01
4.727169275283813477e-01
4.704221487045288086e-01
4.641731381416320801e-01
4.559198617935180664e-01
4.463229179382324219e-01
4.401177167892456055e-01
4.370278120040893555e-01
4.355431199073791504e-01
4.344663023948669434e-01
4.298122525215148926e-01
4.261330962181091309e-01
4.283883571624755859e-01
4.306440651416778564e-01
4.328996837139129639e-01
4.351552426815032959e-01
4.342413544654846191e-01
4.300848841667175293e-01
4.252991676330566406e-01
4.205135703086853027e-01
4.157277345657348633e-01
4.110784530639648438e-01
4.114193320274353027e-01
4.133027195930480957e-01
4.151858687400817871e-01
4.170691668987274170e-01
4.189524948596954346e-01
4.229931533336639404e-01
4.317436814308166504e-01
4.404225349426269531e-01
4.530194997787475586e-01
4.623471796512603760e-01
4.673359990119934082e-01
4.721378684043884277e-01
4.716744422912597656e-01
4.687510728836059570e-01
4.631940424442291260e-01
4.573590457439422607e-01
4.520941376686096191e-01
4.447661638259887695e-01
4.348345398902893066e-01
4.310009479522705078e-01
4.321162104606628418e-01
4.364438056945800781e-01
4.401432573795318604e-01
4.398966431617736816e-01
4.395467638969421387e-01
4.379422366619110107e-01
4.333745837211608887e-01
4.263429045677185059e-01
4.206658601760864258e-01
4.146594405174255371e-01
4.073368906974792480e-01
3.975403904914855957e-01
3.861684203147888184e-01
3.744233846664428711e-01
3.623316884040832520e-01
3.499311804771423340e-01
3.376082479953765869e-01
3.257270157337188721e-01
3.162713348865509033e-01
3.067380487918853760e-01
2.978698611259460449e-01
2.954428195953369141e-01
2.956305146217346191e-01
2.969357967376708984e-01
2.971881330013275146e-01
2.968676686286926270e-01
2.952970862388610840e-01
2.936577796936035156e-01
2.941372692584991455e-01
2.981590926647186279e-01
2.993589937686920166e-01
3.048468530178070068e-01
3.264710903167724609e-01
3.474561274051666260e-01
3.673049807548522949e-01
3.829995989799499512e-01
3.981713354587554932e-01
4.129261672496795654e-01
4.237551391124725342e-01
4.345675706863403320e-01
5.093257427215576172e-01
4.951478242874145508e-01
4.813616275787353516e-01
4.674156904220581055e-01
4.534162878990173340e-01
4.387889206409454346e-01
4.241606891155242920e-01
4.101544022560119629e-01
3.960521817207336426e-01
3.819504082202911377e-01
3.681842088699340820e-01
3.540593981742858887e-01
3.398130536079406738e-01
3.315633535385131836e-01
3.273341059684753418e-01
3.228413164615631104e-01
3.192168474197387695e-01
3.160721063613891602e-01
3.114015460014343262e-01
3.046834468841552734e-01
2.991814613342285156e-01
3.002895414829254150e-01
3.102465271949768066e-01
3.202039599418640137e-01
3.263552784919738770e-01
3.330893814563751221e-01
3.534952402114868164e-01
3.779855966567993164e-01
3.991424441337585449e-01
4.161837697029113770e-01
4.308267235755920410e-01
4.414543509483337402e-01
4.479874372482299805e-01
4.511873126029968262e-01
4.535558223724365234e-01
4.517530798912048340e-01
4.518425464630126953e-01
4.524227380752563477e-01
4.537033438682556152e-01
4.567324519157409668e-01
4.617464840412139893e-01
4.664069414138793945e-01
4.687771797180175781e-01
4.693526625633239746e-01
4.704874157905578613e-01
4.700667858123779297e-01
4.681935310363769531e-01
4.666342139244079590e-01
4.668495059013366699e-01
4.591968655586242676e-01
4.487157464027404785e-01
4.386191070079803467e-01
4.321660995483398438e-01
4.283864498138427734e-01
4.276213049888610840e-01
4.272496700286865234e-01
4.240733385086059570e-01
4.198472499847412109e-01
4.191210269927978516e-01
4.198060929775238037e-01
4.220616221427917480e-01
4.226668477058410645e-01
4.217117428779602051e-01
4.194397330284118652e-01
4.146540760993957520e-01
4.098684191703796387e-01
4.050824642181396484e-01
4.003811776638031006e-01
3.995126485824584961e-01
3.993774652481079102e-01
4.012607336044311523e-01
4.031439721584320068e-01
4.050273597240447998e-01
4.069105386734008789e-01
4.101236760616302490e-01
4.167193174362182617e-01
4.240384995937347412e-01
4.338403940200805664e-01
4.453404247760772705e-01
4.551570713520050049e-01
4.599757194519042969e-01
4.586014151573181152e-01
4.572272598743438721e-01
4.546811580657958984e-01
4.492612481117248535e-01
4.444641768932342529e-01
4.397148489952087402e-01
4.314150810241699219e-01
4.290586113929748535e-01
4.284621477127075195e-01
4.285846352577209473e-01
4.318810701370239258e-01
4.314047694206237793e-01
4.301144778728485107e-01
4.278245866298675537e-01
4.244752526283264160e-01
4.181320667266845703e-01
4.126521348953247070e-01
4.075844287872314453e-01
4.027408957481384277e-01
3.945105671882629395e-01
3.846307098865509033e-01
3.726789653301239014e-01
3.606168329715728760e-01
3.485427498817443848e-01
3.360951840877532959e-01
3.239217400550842285e-01
3.132122755050659180e-01
3.036791682243347168e-01
2.920231819152832031e-01
2.831456661224365234e-01
2.756169140338897705e-01
2.735074162483215332e-01
2.722159624099731445e-01
2.705765962600708008e-01
2.689371109008789062e-01
2.672979831695556641e-01
2.671798765659332275e-01
2.684300839900970459e-01
2.696888148784637451e-01
2.790467739105224609e-01
3.015317618846893311e-01
3.222914934158325195e-01
3.427043855190277100e-01
3.622997403144836426e-01
3.781508803367614746e-01
3.939127922058105469e-01
4.096748828887939453e-01
4.228204488754272461e-01
5.007271170616149902e-01
4.837845563888549805e-01
4.685642123222351074e-01
4.535714089870452881e-01
4.385824203491210938e-01
4.234050810337066650e-01
4.077653288841247559e-01
3.931874036788940430e-01
3.785253167152404785e-01
3.640289902687072754e-01
3.495323657989501953e-01
3.350361287593841553e-01
3.205394446849822998e-01
3.060428202152252197e-01
3.004347085952758789e-01
2.949936985969543457e-01
2.878553271293640137e-01
2.791711688041687012e-01
2.722875475883483887e-01
2.656175494194030762e-01
2.608688175678253174e-01
2.633755207061767578e-01
2.733325660228729248e-01
2.832897603511810303e-01
2.902990579605102539e-01
3.059162497520446777e-01
3.348023891448974609e-01
3.630355298519134521e-01
3.853819370269775391e-01
4.039712846279144287e-01
4.205316007137298584e-01
4.335664510726928711e-01
4.423881471157073975e-01
4.497530460357666016e-01
4.562980830669403076e-01
4.548616409301757812e-01
4.532284140586853027e-01
4.514380693435668945e-01
4.502912759780883789e-01
4.519535303115844727e-01
4.557380080223083496e-01
4.586045145988464355e-01
4.596208333969116211e-01
4.572525620460510254e-01
4.574566483497619629e-01
4.575838148593902588e-01
4.567553400993347168e-01
4.548820853233337402e-01
4.497809410095214844e-01
4.419611692428588867e-01
4.338025450706481934e-01
4.252121150493621826e-01
4.192946553230285645e-01
4.144042730331420898e-01
4.139583706855773926e-01
4.176924824714660645e-01
4.153764247894287109e-01
4.139710068702697754e-01
4.117637276649475098e-01
4.079445004463195801e-01
4.064915180206298828e-01
4.055362939834594727e-01
4.045811891555786133e-01
4.036259949207305908e-01
3.992231786251068115e-01
3.944374918937683105e-01
3.896517455577850342e-01
3.862738609313964844e-01
3.872250318527221680e-01
3.873355984687805176e-01
3.892188668251037598e-01
3.911021947860717773e-01
3.929854333400726318e-01
3.948687911033630371e-01
3.973177075386047363e-01
4.011584520339965820e-01
4.064058959484100342e-01
4.146613478660583496e-01
4.261612892150878906e-01
4.368370175361633301e-01
4.442027807235717773e-01
4.454453587532043457e-01
4.441545307636260986e-01
4.427804350852966309e-01
4.408639967441558838e-01
4.361031651496887207e-01
4.319624304771423340e-01
4.327757060527801514e-01
4.301429092884063721e-01
4.278503358364105225e-01
4.269002079963684082e-01
4.276736974716186523e-01
4.273364245891571045e-01
4.240316152572631836e-01
4.208671152591705322e-01
4.159542918205261230e-01
4.129419624805450439e-01
4.090279340744018555e-01
4.040696024894714355e-01
3.994076848030090332e-01
3.934904336929321289e-01
3.836964666843414307e-01
3.734777271747589111e-01
3.618343770503997803e-01
3.500026464462280273e-01
3.380892276763916016e-01
3.260330259799957275e-01
3.132460713386535645e-01
3.020547628402709961e-01
2.884982824325561523e-01
2.752629816532135010e-01
2.665820717811584473e-01
2.567992806434631348e-01
2.518584132194519043e-01
2.496865689754486084e-01
2.482779026031494141e-01
2.466011643409729004e-01
2.435622811317443848e-01
2.450810670852661133e-01
2.466568350791931152e-01
2.600770890712738037e-01
2.816730141639709473e-01
3.026738166809082031e-01
3.235498070716857910e-01
3.444256186485290527e-01
3.653014898300170898e-01
3.818545937538146973e-01
3.979335427284240723e-01
4.140124022960662842e-01
4.949600696563720703e-01
4.767173528671264648e-01
4.584867954254150391e-01
4.407721161842346191e-01
4.242078959941864014e-01
4.080019295215606689e-01
3.922987282276153564e-01
3.774562180042266846e-01
3.627905547618865967e-01
3.481250405311584473e-01
3.334597945213317871e-01
3.187941312789916992e-01
3.035894632339477539e-01
2.885518968105316162e-01
2.737612724304199219e-01
2.644924521446228027e-01
2.552235722541809082e-01
2.459546923637390137e-01
2.371637821197509766e-01
2.289778590202331543e-01
2.265861928462982178e-01
2.285498082637786865e-01
2.383379042148590088e-01
2.526974081993103027e-01
2.688418924808502197e-01
2.884255051612854004e-01
3.175459504127502441e-01
3.457970619201660156e-01
3.712422847747802734e-01
3.910554647445678711e-01
4.098045825958251953e-01
4.246151447296142578e-01
4.337345063686370850e-01
4.423159360885620117e-01
4.503543376922607422e-01
4.525769948959350586e-01
4.523530602455139160e-01
4.521525204181671143e-01
4.514578580856323242e-01
4.526287317276000977e-01
4.524388313293457031e-01
4.508476257324218750e-01
4.474242329597473145e-01
4.432179629802703857e-01
4.426236152648925781e-01
4.438865482807159424e-01
4.451495110988616943e-01
4.392127990722656250e-01
4.292926192283630371e-01
4.219040870666503906e-01
4.148577451705932617e-01
4.115318655967712402e-01
4.075955152511596680e-01
4.042359590530395508e-01
4.030143022537231445e-01
4.059790968894958496e-01
4.051544964313507080e-01
4.036195874214172363e-01
4.014402031898498535e-01
3.971844315528869629e-01
3.935774564743041992e-01
3.929738998413085938e-01
3.923946321010589600e-01
3.918150663375854492e-01
3.894877433776855469e-01
3.850778341293334961e-01
3.806679248809814453e-01
3.794792890548706055e-01
3.808819651603698730e-01
3.828682601451873779e-01
3.851273655891418457e-01
3.873863816261291504e-01
3.896455168724060059e-01
3.919046521186828613e-01
3.941980600357055664e-01
3.944192528724670410e-01
3.991828560829162598e-01
4.061334729194641113e-01
4.179392158985137939e-01
4.291929602622985840e-01
4.362183213233947754e-01
4.396441578865051270e-01
4.419582486152648926e-01
4.430119693279266357e-01
4.421169757843017578e-01
4.400758445262908936e-01
4.430608153343200684e-01
4.467195570468902588e-01
4.453013539314270020e-01
4.436151981353759766e-01
4.416685700416564941e-01
4.416083097457885742e-01
4.428673982620239258e-01
4.388652443885803223e-01
4.328546524047851562e-01
4.269622862339019775e-01
4.247084558010101318e-01
4.211161732673645020e-01
4.174704551696777344e-01
4.128798842430114746e-01
4.071094393730163574e-01
3.986427783966064453e-01
3.877762556076049805e-01
3.771888017654418945e-01
3.658525943756103516e-01
3.537839055061340332e-01
3.401132822036743164e-01
3.250697851181030273e-01
3.112462162971496582e-01
2.970641255378723145e-01
2.815918326377868652e-01
2.699420452117919922e-01
2.603043317794799805e-01
2.506665587425231934e-01
2.437156736850738525e-01
2.401715815067291260e-01
2.370967566967010498e-01
2.340218424797058105e-01
2.348101735115051270e-01
2.360544204711914062e-01
2.519022822380065918e-01
2.734980583190917969e-01
2.948669791221618652e-01
3.157429993152618408e-01
3.366186618804931641e-01
3.574945330619812012e-01
3.783706128597259521e-01
3.959895968437194824e-01
4.124975204467773438e-01
4.889343976974487305e-01
4.709723591804504395e-01
4.533255696296691895e-01
4.361272752285003662e-01
4.190100729465484619e-01
4.019594192504882812e-01
3.860292434692382812e-01
3.707230985164642334e-01
3.556800186634063721e-01
3.408074378967285156e-01
3.257911205291748047e-01
3.108986020088195801e-01
2.929749786853790283e-01
2.738827466964721680e-01
2.547401189804077148e-01
2.421837449073791504e-01
2.330660820007324219e-01
2.241135239601135254e-01
2.152427434921264648e-01
2.070853412151336670e-01
2.054903805255889893e-01
2.081296443939208984e-01
2.262027859687805176e-01
2.474145293235778809e-01
2.660928964614868164e-01
2.862738370895385742e-01
3.157701790332794189e-01
3.458464145660400391e-01
3.743255436420440674e-01
3.998768925666809082e-01
4.200024604797363281e-01
4.343764185905456543e-01
4.432887434959411621e-01
4.511992931365966797e-01
4.591094851493835449e-01
4.636408984661102295e-01
4.638905525207519531e-01
4.659630656242370605e-01
4.697009325027465820e-01
4.709945917129516602e-01
4.705738425254821777e-01
4.649927914142608643e-01
4.587198495864868164e-01
4.525690972805023193e-01
4.495518207550048828e-01
4.499003589153289795e-01
4.469549655914306641e-01
4.390395879745483398e-01
4.296361804008483887e-01
4.232512116432189941e-01
4.186943173408508301e-01
4.141342341899871826e-01
4.117182493209838867e-01
4.105403721332550049e-01
4.096455574035644531e-01
4.096009135246276855e-01
4.075537919998168945e-01
4.058497846126556396e-01
4.041458666324615479e-01
4.024420976638793945e-01
4.001452922821044922e-01
3.974199891090393066e-01
3.962312936782836914e-01
3.955349922180175781e-01
3.947905302047729492e-01
3.902640044689178467e-01
3.857693970203399658e-01
3.863207101821899414e-01
3.876066207885742188e-01
3.895732462406158447e-01
3.931180238723754883e-01
3.952602744102478027e-01
3.974254727363586426e-01
3.995913267135620117e-01
3.993780612945556641e-01
3.980680406093597412e-01
4.013528525829315186e-01
4.075120091438293457e-01
4.183013439178466797e-01
4.297287464141845703e-01
4.353016018867492676e-01
4.396963715553283691e-01
4.434095621109008789e-01
4.460819363594055176e-01
4.483036994934082031e-01
4.517785906791687012e-01
4.582136869430541992e-01
4.626906514167785645e-01
4.652648568153381348e-01
4.649154543876647949e-01
4.642723202705383301e-01
4.633939862251281738e-01
4.612339735031127930e-01
4.568935930728912354e-01
4.501230716705322266e-01
4.450395107269287109e-01
4.430310130119323730e-01
4.402533471584320068e-01
4.350146353244781494e-01
4.290699064731597900e-01
4.235402941703796387e-01
4.169913530349731445e-01
4.070284366607666016e-01
3.957884907722473145e-01
3.827916681766510010e-01
3.677246868610382080e-01
3.521297574043273926e-01
3.370650708675384521e-01
3.203765153884887695e-01
3.046888709068298340e-01
2.890016138553619385e-01
2.742295861244201660e-01
2.645918726921081543e-01
2.549543678760528564e-01
2.437690794467926025e-01
2.328517436981201172e-01
2.278212308883666992e-01
2.247195243835449219e-01
2.239418327808380127e-01
2.240687310695648193e-01
2.437273859977722168e-01
2.653231620788574219e-01
2.869188189506530762e-01
3.079358339309692383e-01
3.288118243217468262e-01
3.496878147125244141e-01
3.705635368824005127e-01
3.914393782615661621e-01
4.093023538589477539e-01
4.952803254127502441e-01
4.778645634651184082e-01
4.604485332965850830e-01
4.432313144207000732e-01
4.263449013233184814e-01
4.094583988189697266e-01
3.928486108779907227e-01
3.768748641014099121e-01
3.616904616355895996e-01
3.465059697628021240e-01
3.277882933616638184e-01
3.085731565952301025e-01
2.892112135887145996e-01
2.697764337062835693e-01
2.507216334342956543e-01
2.319962680339813232e-01
2.231031656265258789e-01
2.142101228237152100e-01
2.053170502185821533e-01
1.992663741111755371e-01
2.015224993228912354e-01
2.115270197391510010e-01
2.309706509113311768e-01
2.528708577156066895e-01
2.739062905311584473e-01
2.954104542732238770e-01
3.269968628883361816e-01
3.591216802597045898e-01
3.876087963581085205e-01
4.131844639778137207e-01
4.358131885528564453e-01
4.487991631031036377e-01
4.579214155673980713e-01
4.658320248126983643e-01
4.737422466278076172e-01
4.800972938537597656e-01
4.795886278152465820e-01
4.815875887870788574e-01
4.847220778465270996e-01
4.862195849418640137e-01
4.843453764915466309e-01
4.807674884796142578e-01
4.753462076187133789e-01
4.695987701416015625e-01
4.620860219001770020e-01
4.574300646781921387e-01
4.484220743179321289e-01
4.400753974914550781e-01
4.315677881240844727e-01
4.255878627300262451e-01
4.214388132095336914e-01
4.170208871364593506e-01
4.140828847885131836e-01
4.132438898086547852e-01
4.154554605484008789e-01
4.123420715332031250e-01
4.115462899208068848e-01
4.108496904373168945e-01
4.102905690670013428e-01
4.086688160896301270e-01
4.069648981094360352e-01
4.052609503269195557e-01
4.056800603866577148e-01
4.042370319366455078e-01
4.031479656696319580e-01
4.002204537391662598e-01
3.969403207302093506e-01
3.980620205402374268e-01
3.992957174777984619e-01
4.007828235626220703e-01
4.060955643653869629e-01
4.082929491996765137e-01
4.103829860687255859e-01
4.109558165073394775e-01
4.091932177543640137e-01
4.069152474403381348e-01
4.084716737270355225e-01
4.139146506786346436e-01
4.233880341053009033e-01
4.347215890884399414e-01
4.390031099319458008e-01
4.435315728187561035e-01
4.480597078800201416e-01
4.514777660369873047e-01
4.566463828086853027e-01
4.649001955986022949e-01
4.734287261962890625e-01
4.821171164512634277e-01
4.891631603240966797e-01
4.898460507392883301e-01
4.910213947296142578e-01
4.880822896957397461e-01
4.845032095909118652e-01
4.786641597747802734e-01
4.702501296997070312e-01
4.658407568931579590e-01
4.637153744697570801e-01
4.615898728370666504e-01
4.568597674369812012e-01
4.503646790981292725e-01
4.438697099685668945e-01
4.369328022003173828e-01
4.261636137962341309e-01
4.127414822578430176e-01
3.980225324630737305e-01
3.833033442497253418e-01
3.674994111061096191e-01
3.498394191265106201e-01
3.303084969520568848e-01
3.128597438335418701e-01
2.969102561473846436e-01
2.811062932014465332e-01
2.691505551338195801e-01
2.573782205581665039e-01
2.457098066806793213e-01
2.342322766780853271e-01
2.227545380592346191e-01
2.152068018913269043e-01
2.119560241699218750e-01
2.139567434787750244e-01
2.355525493621826172e-01
2.571483850479125977e-01
2.787439823150634766e-01
3.001292347908020020e-01
3.210051655769348145e-01
3.418807685375213623e-01
3.627567291259765625e-01
3.836325705051422119e-01
4.045085906982421875e-01
5.044729113578796387e-01
4.882853627204895020e-01
4.708739519119262695e-01
4.538368880748748779e-01
4.372776448726654053e-01
4.205429255962371826e-01
4.032845795154571533e-01
3.864260315895080566e-01
3.660727441310882568e-01
3.457994461059570312e-01
3.265843987464904785e-01
3.072443306446075439e-01
2.878097891807556152e-01
2.683747708797454834e-01
2.489398121833801270e-01
2.295049726963043213e-01
2.138759493827819824e-01
2.044603824615478516e-01
1.968594491481781006e-01
1.998624503612518311e-01
2.087905108928680420e-01
2.192554771900177002e-01
2.402265965938568115e-01
2.654953896999359131e-01
2.869861125946044922e-01
3.077231645584106445e-01
3.397254645824432373e-01
3.719731569290161133e-01
4.006605446338653564e-01
4.252961277961730957e-01
4.469122290611267090e-01
4.614159464836120605e-01
4.717819094657897949e-01
4.804647564888000488e-01
4.883747100830078125e-01
4.962644577026367188e-01
4.962569475173950195e-01
4.967584609985351562e-01
4.979881048202514648e-01
4.965963959693908691e-01
4.934101700782775879e-01
4.897004961967468262e-01
4.859908223152160645e-01
4.805572032928466797e-01
4.739064574241638184e-01
4.640854299068450928e-01
4.541430473327636719e-01
4.429496526718139648e-01
4.308559298515319824e-01
4.220065474510192871e-01
4.156478047370910645e-01
4.115828573703765869e-01
4.121072888374328613e-01
4.156725406646728516e-01
4.182409644126892090e-01
4.148814678192138672e-01
4.128085374832153320e-01
4.124748408794403076e-01
4.121412932872772217e-01
4.120895564556121826e-01
4.124596714973449707e-01
4.114876687526702881e-01
4.105948209762573242e-01
4.118727743625640869e-01
4.125102758407592773e-01
4.106546342372894287e-01
4.089632034301757812e-01
4.101969003677368164e-01
4.114304482936859131e-01
4.126721024513244629e-01
4.177540838718414307e-01
4.219275116920471191e-01
4.226698875427246094e-01
4.227231144905090332e-01
4.198571443557739258e-01
4.169634282588958740e-01
4.168467521667480469e-01
4.221629500389099121e-01
4.298853278160095215e-01
4.401947259902954102e-01
4.447230994701385498e-01
4.492513239383697510e-01
4.536924064159393311e-01
4.602042436599731445e-01
4.705407023429870605e-01
4.796426892280578613e-01
4.892249703407287598e-01
5.008882880210876465e-01
5.123880505561828613e-01
5.185286998748779297e-01
5.182013511657714844e-01
5.162050724029541016e-01
5.107706785202026367e-01
5.049557685852050781e-01
4.955245256423950195e-01
4.900531768798828125e-01
4.880456924438476562e-01
4.855057001113891602e-01
4.820098876953125000e-01
4.756360650062561035e-01
4.679844379425048828e-01
4.585670828819274902e-01
4.484720230102539062e-01
4.334749579429626465e-01
4.178983271121978760e-01
4.013428688049316406e-01
3.850843310356140137e-01
3.680502772331237793e-01
3.486904501914978027e-01
3.288082778453826904e-01
3.117871880531311035e-01
2.947661280632019043e-01
2.765548229217529297e-01
2.640499472618103027e-01
2.523155808448791504e-01
2.406972646713256836e-01
2.279495596885681152e-01
2.148824632167816162e-01
2.054268419742584229e-01
2.098777294158935547e-01
2.313568592071533203e-01
2.528358697891235352e-01
2.743146419525146484e-01
2.957936227321624756e-01
3.167097866535186768e-01
3.374688625335693359e-01
3.582279384136199951e-01
3.789869844913482666e-01
3.997461497783660889e-01
5.096274614334106445e-01
4.961782693862915039e-01
4.820660352706909180e-01
4.651476740837097168e-01
4.475889801979064941e-01
4.298238456249237061e-01
4.085348248481750488e-01
3.876128792762756348e-01
3.672110438346862793e-01
3.468091785907745361e-01
3.263050317764282227e-01
3.058429658412933350e-01
2.864083647727966309e-01
2.669731974601745605e-01
2.475385367870330811e-01
2.281034290790557861e-01
2.086686193943023682e-01
2.008330225944519043e-01
2.020191550254821777e-01
2.104773819446563721e-01
2.207116484642028809e-01
2.320910692214965820e-01
2.558146715164184570e-01
2.818097770214080811e-01
3.023549914360046387e-01
3.209698200225830078e-01
3.525454103946685791e-01
3.842350244522094727e-01
4.123843312263488770e-01
4.363716840744018555e-01
4.563459157943725586e-01
4.709919691085815430e-01
4.843857884407043457e-01
4.943436384201049805e-01
5.030072927474975586e-01
5.109178423881530762e-01
5.122565627098083496e-01
5.102223753929138184e-01
5.088474750518798828e-01
5.057754516601562500e-01
5.020659565925598145e-01
4.981865882873535156e-01
4.921903610229492188e-01
4.860851168632507324e-01
4.766442179679870605e-01
4.638877809047698975e-01
4.520846009254455566e-01
4.388793110847473145e-01
4.283260107040405273e-01
4.187635183334350586e-01
4.123051166534423828e-01
4.111192822456359863e-01
4.136071205139160156e-01
4.164297580718994141e-01
4.170917868614196777e-01
4.142948389053344727e-01
4.115948379039764404e-01
4.121013879776000977e-01
4.119607508182525635e-01
4.116271436214447021e-01
4.112936258316040039e-01
4.121572077274322510e-01
4.135529994964599609e-01
4.152857661247253418e-01
4.171833693981170654e-01
4.187465012073516846e-01
4.216484427452087402e-01
4.223957061767578125e-01
4.235651791095733643e-01
4.247987866401672363e-01
4.294126331806182861e-01
4.335957169532775879e-01
4.344371557235717773e-01
4.336323738098144531e-01
4.305208623409271240e-01
4.274093508720397949e-01
4.262899756431579590e-01
4.304113388061523438e-01
4.371764063835144043e-01
4.457273781299591064e-01
4.503717422485351562e-01
4.549320936203002930e-01
4.609362185001373291e-01
4.733701944351196289e-01
4.855866432189941406e-01
4.960738420486450195e-01
5.059728622436523438e-01
5.167707204818725586e-01
5.295326113700866699e-01
5.426224470138549805e-01
5.443161725997924805e-01
5.424209833145141602e-01
5.374445319175720215e-01
5.317214727401733398e-01
5.247409939765930176e-01
5.158472061157226562e-01
5.119940638542175293e-01
5.093503594398498535e-01
5.053619742393493652e-01
4.978790283203125000e-01
4.879677295684814453e-01
4.780564308166503906e-01
4.681452512741088867e-01
4.564842581748962402e-01
4.395695030689239502e-01
4.225053191184997559e-01
4.047162532806396484e-01
3.868119120597839355e-01
3.678097426891326904e-01
3.471195697784423828e-01
3.293578028678894043e-01
3.095433712005615234e-01
2.900381982326507568e-01
2.748543024063110352e-01
2.621306777000427246e-01
2.485423684120178223e-01
2.349012792110443115e-01
2.212599515914916992e-01
2.081049084663391113e-01
2.096562683582305908e-01
2.292296290397644043e-01
2.506566643714904785e-01
2.720832824707031250e-01
2.935101389884948730e-01
3.147420883178710938e-01
3.354489803314208984e-01
3.561558425426483154e-01
3.768626451492309570e-01
3.975697159767150879e-01
5.110906362533569336e-01
4.994146823883056641e-01
4.873492121696472168e-01
4.715384244918823242e-01
4.523577690124511719e-01
4.310483336448669434e-01
4.097592234611511230e-01
3.887515366077423096e-01
3.683493137359619141e-01
3.478673696517944336e-01
3.272457122802734375e-01
3.066242337226867676e-01
2.860026657581329346e-01
2.655719816684722900e-01
2.461367249488830566e-01
2.283925712108612061e-01
2.150761187076568604e-01
2.089449763298034668e-01
2.169419527053833008e-01
2.267099618911743164e-01
2.368451058864593506e-01
2.485726773738861084e-01
2.738281786441802979e-01
2.993009984493255615e-01
3.192199170589447021e-01
3.372896909713745117e-01
3.657374978065490723e-01
3.950930535793304443e-01
4.232231378555297852e-01
4.474468827247619629e-01
4.657792448997497559e-01
4.805680513381958008e-01
4.940390586853027344e-01
5.068575739860534668e-01
5.169054269790649414e-01
5.246665477752685547e-01
5.264921188354492188e-01
5.229902267456054688e-01
5.181410312652587891e-01
5.144314765930175781e-01
5.101101398468017578e-01
5.039783716201782227e-01
4.970079660415649414e-01
4.862960577011108398e-01
4.704185724258422852e-01
4.539439082145690918e-01
4.405797123908996582e-01
4.309041500091552734e-01
4.222097992897033691e-01
4.156493544578552246e-01
4.132617115974426270e-01
4.154285192489624023e-01
4.169645309448242188e-01
4.194522500038146973e-01
4.171310663223266602e-01
4.132569730281829834e-01
4.103487432003021240e-01
4.091844260692596436e-01
4.098414778709411621e-01
4.104984998703002930e-01
4.111130833625793457e-01
4.107794761657714844e-01
4.106129705905914307e-01
4.120422601699829102e-01
4.163611829280853271e-01
4.211098551750183105e-01
4.284105598926544189e-01
4.320337176322937012e-01
4.348355233669281006e-01
4.361484646797180176e-01
4.396395683288574219e-01
4.433271288871765137e-01
4.462043344974517822e-01
4.442961812019348145e-01
4.411847591400146484e-01
4.380732178688049316e-01
4.361262619495391846e-01
4.389924108982086182e-01
4.451338052749633789e-01
4.513388276100158691e-01
4.569551944732666016e-01
4.624181687831878662e-01
4.750178456306457520e-01
4.881252646446228027e-01
5.005162358283996582e-01
5.127706527709960938e-01
5.234555006027221680e-01
5.329604148864746094e-01
5.443714857101440430e-01
5.558522939682006836e-01
5.650874972343444824e-01
5.668768882751464844e-01
5.630252361297607422e-01
5.581268072128295898e-01
5.530980825424194336e-01
5.459372997283935547e-01
5.361917614936828613e-01
5.290311574935913086e-01
5.233970880508422852e-01
5.167689323425292969e-01
5.074571967124938965e-01
4.975457787513732910e-01
4.863914251327514648e-01
4.749929904937744141e-01
4.603519439697265625e-01
4.436461329460144043e-01
4.265823960304260254e-01
4.088596403598785400e-01
3.892064690589904785e-01
3.680094480514526367e-01
3.439748287200927734e-01
3.239903450012207031e-01
3.051576018333435059e-01
2.866383790969848633e-01
2.724067866802215576e-01
2.581754922866821289e-01
2.439439296722412109e-01
2.299148738384246826e-01
2.162736952304840088e-01
2.196098566055297852e-01
2.320882678031921387e-01
2.493119239807128906e-01
2.700761258602142334e-01
2.915032505989074707e-01
3.129300475120544434e-01
3.338100016117095947e-01
3.545164465904235840e-01
3.752234280109405518e-01
3.959306180477142334e-01
5.112019777297973633e-01
4.977412819862365723e-01
4.817606806755065918e-01
4.657797813415527344e-01
4.490261673927307129e-01
4.303924143314361572e-01
4.109834432601928711e-01
3.898893594741821289e-01
3.694295287132263184e-01
3.488078713417053223e-01
3.281863033771514893e-01
3.075649738311767578e-01
2.869436740875244141e-01
2.663329839706420898e-01
2.515487372875213623e-01
2.406203150749206543e-01
2.343234121799468994e-01
2.294322848320007324e-01
2.331745326519012451e-01
2.429429888725280762e-01
2.529781758785247803e-01
2.676126360893249512e-01
2.923848032951354980e-01
3.175603151321411133e-01
3.369958996772766113e-01
3.542131185531616211e-01
3.812102675437927246e-01
4.098923504352569580e-01
4.355326294898986816e-01
4.585621058940887451e-01
4.752126336097717285e-01
4.901438951492309570e-01
5.036922693252563477e-01
5.165107250213623047e-01
5.286415815353393555e-01
5.355771780014038086e-01
5.388527512550354004e-01
5.341153740882873535e-01
5.272845029830932617e-01
5.216000676155090332e-01
5.131565332412719727e-01
5.038402676582336426e-01
4.943042397499084473e-01
4.784085154533386230e-01
4.616698026657104492e-01
4.435919225215911865e-01
4.313861727714538574e-01
4.225649535655975342e-01
4.155688881874084473e-01
4.108966290950775146e-01
4.125477969646453857e-01
4.172582626342773438e-01
4.201898872852325439e-01
4.224742949008941650e-01
4.178341329097747803e-01
4.147081375122070312e-01
4.108338356018066406e-01
4.070259332656860352e-01
4.069245159626007080e-01
4.075814783573150635e-01
4.082385301589965820e-01
4.088956117630004883e-01
4.095526337623596191e-01
4.099318981170654297e-01
4.115117192268371582e-01
4.188206493854522705e-01
4.290108978748321533e-01
4.360684752464294434e-01
4.408164322376251221e-01
4.440308809280395508e-01
4.471340477466583252e-01
4.508024454116821289e-01
4.544899463653564453e-01
4.533101320266723633e-01
4.505616724491119385e-01
4.478132128715515137e-01
4.458152055740356445e-01
4.477385282516479492e-01
4.545021653175354004e-01
4.587291479110717773e-01
4.653779864311218262e-01
4.766549468040466309e-01
4.901283979415893555e-01
5.036083459854125977e-01
5.161396265029907227e-01
5.283544659614562988e-01
5.396566390991210938e-01
5.493075847625732422e-01
5.591640472412109375e-01
5.695572495460510254e-01
5.791217088699340820e-01
5.831807851791381836e-01
5.860147476196289062e-01
5.836296081542968750e-01
5.799665451049804688e-01
5.736905336380004883e-01
5.594152212142944336e-01
5.471347570419311523e-01
5.395880937576293945e-01
5.342850685119628906e-01
5.261974930763244629e-01
5.149057507514953613e-01
5.035070180892944336e-01
4.921086430549621582e-01
4.798253178596496582e-01
4.641620516777038574e-01
4.477233588695526123e-01
4.303131997585296631e-01
4.105613827705383301e-01
3.868847787380218506e-01
3.629224896430969238e-01
3.421795368194580078e-01
3.212216496467590332e-01
2.995516359806060791e-01
2.826892435550689697e-01
2.684576511383056641e-01
2.542261183261871338e-01
2.399945259094238281e-01
2.257630527019500732e-01
2.313512861728668213e-01
2.435853481292724609e-01
2.560636401176452637e-01
2.711318433284759521e-01
2.908690571784973145e-01
3.117218911647796631e-01
3.323955833911895752e-01
3.528935611248016357e-01
3.735845983028411865e-01
3.942918777465820312e-01
5.028686523437500000e-01
4.887084960937500000e-01
4.730342626571655273e-01
4.570532441139221191e-01
4.410725831985473633e-01
4.251019656658172607e-01
4.081598520278930664e-01
3.898693621158599854e-01
3.703703284263610840e-01
3.497487902641296387e-01
3.291271924972534180e-01
3.090859055519104004e-01
2.925984859466552734e-01
2.801752090454101562e-01
2.703314423561096191e-01
2.628477513790130615e-01
2.553644776344299316e-01
2.516609430313110352e-01
2.511631250381469727e-01
2.591756284236907959e-01
2.717298865318298340e-01
2.868288755416870117e-01
3.106777369976043701e-01
3.351014256477355957e-01
3.536274433135986328e-01
3.708446621894836426e-01
3.970746695995330811e-01
4.257567822933197021e-01
4.511171579360961914e-01
4.719002246856689453e-01
4.867076873779296875e-01
5.008884668350219727e-01
5.139915943145751953e-01
5.257375240325927734e-01
5.355149507522583008e-01
5.442036986351013184e-01
5.485904812812805176e-01
5.429041385650634766e-01
5.308490395545959473e-01
5.196069478988647461e-01
5.102910995483398438e-01
5.009750723838806152e-01
4.862579107284545898e-01
4.692541360855102539e-01
4.511762857437133789e-01
4.347341060638427734e-01
4.230469465255737305e-01
4.154883921146392822e-01
4.100279808044433594e-01
4.109558761119842529e-01
4.122336506843566895e-01
4.160374999046325684e-01
4.205315709114074707e-01
4.209820926189422607e-01
4.173299670219421387e-01
4.142869412899017334e-01
4.106133580207824707e-01
4.074531495571136475e-01
4.060874581336975098e-01
4.056671857833862305e-01
4.053617119789123535e-01
4.059785902500152588e-01
4.066355228424072266e-01
4.072925448417663574e-01
4.079496562480926514e-01
4.155465662479400635e-01
4.260507822036743164e-01
4.348993301391601562e-01
4.405893683433532715e-01
4.449123442173004150e-01
4.502120614051818848e-01
4.570061564445495605e-01
4.607149660587310791e-01
4.614843428134918213e-01
4.589169025421142578e-01
4.569649100303649902e-01
4.553542733192443848e-01
4.566311836242675781e-01
4.626394510269165039e-01
4.656980633735656738e-01
4.773032665252685547e-01
4.912483096122741699e-01
5.051934719085693359e-01
5.188959836959838867e-01
5.317630767822265625e-01
5.430349707603454590e-01
5.543152689933776855e-01
5.655899047851562500e-01
5.735770463943481445e-01
5.824978947639465332e-01
5.906040072441101074e-01
5.971970558166503906e-01
6.015903949737548828e-01
6.018925905227661133e-01
5.992326736450195312e-01
5.944515466690063477e-01
5.835114121437072754e-01
5.695531368255615234e-01
5.578188896179199219e-01
5.486158728599548340e-01
5.419602394104003906e-01
5.320214033126831055e-01
5.206227302551269531e-01
5.092241764068603516e-01
4.978258013725280762e-01
4.837368130683898926e-01
4.679723978042602539e-01
4.503096938133239746e-01
4.284499585628509521e-01
4.053093492984771729e-01
3.826516866683959961e-01
3.609624207019805908e-01
3.391997516155242920e-01
3.172726929187774658e-01
2.956774830818176270e-01
2.798001468181610107e-01
2.645085752010345459e-01
2.502770423889160156e-01
2.360455989837646484e-01
2.444761097431182861e-01
2.563641667366027832e-01
2.682521641254425049e-01
2.801399827003479004e-01
2.929525971412658691e-01
3.120802640914916992e-01
3.329326510429382324e-01
3.532543778419494629e-01
3.733869791030883789e-01
3.935199081897735596e-01
4.910041689872741699e-01
4.768868088722229004e-01
4.627268612384796143e-01
4.483271241188049316e-01
4.323463439941406250e-01
4.163652360439300537e-01
4.006603956222534180e-01
3.850129544734954834e-01
3.680209219455718994e-01
3.522272109985351562e-01
3.343358635902404785e-01
3.203591406345367432e-01
3.088406920433044434e-01
3.002640604972839355e-01
2.927806079387664795e-01
2.852968275547027588e-01
2.788644134998321533e-01
2.761366367340087891e-01
2.746989727020263672e-01
2.766163945198059082e-01
2.905965447425842285e-01
3.048123717308044434e-01
3.280593156814575195e-01
3.524477481842041016e-01
3.702894747257232666e-01
3.874760568141937256e-01
4.129388332366943359e-01
4.416210651397705078e-01
4.667014479637145996e-01
4.859361052513122559e-01
5.011886954307556152e-01
5.140821933746337891e-01
5.253031253814697266e-01
5.349752902984619141e-01
5.416823625564575195e-01
5.455653667449951172e-01
5.488213896751403809e-01
5.409702658653259277e-01
5.297008156776428223e-01
5.172512531280517578e-01
5.074257254600524902e-01
4.941071271896362305e-01
4.768383502960205078e-01
4.587603509426116943e-01
4.412727355957031250e-01
4.278427362442016602e-01
4.154078960418701172e-01
4.099939465522766113e-01
4.097371697425842285e-01
4.110150337219238281e-01
4.122928082942962646e-01
4.148170053958892822e-01
4.195274114608764648e-01
4.194478392601013184e-01
4.157956838607788086e-01
4.121438264846801758e-01
4.084917902946472168e-01
4.053677916526794434e-01
4.025312066078186035e-01
4.030880331993103027e-01
4.040335416793823242e-01
4.045103192329406738e-01
4.040900766849517822e-01
4.043754637241363525e-01
4.061137139797210693e-01
4.126094579696655273e-01
4.220608472824096680e-01
4.315479397773742676e-01
4.372193813323974609e-01
4.417844712734222412e-01
4.475836157798767090e-01
4.560343027114868164e-01
4.621230363845825195e-01
4.663835167884826660e-01
4.684767723083496094e-01
4.679052233695983887e-01
4.670511484146118164e-01
4.677191376686096191e-01
4.713105559349060059e-01
4.767716526985168457e-01
4.907512068748474121e-01
5.046963691711425781e-01
5.186412334442138672e-01
5.321757793426513672e-01
5.441392660140991211e-01
5.557826757431030273e-01
5.674260854721069336e-01
5.781158208847045898e-01
5.877159833908081055e-01
5.942242145538330078e-01
6.020859479904174805e-01
6.092774271965026855e-01
6.101549863815307617e-01
6.107789874076843262e-01
6.118337512016296387e-01
6.106255650520324707e-01
6.065677404403686523e-01
5.922093391418457031e-01
5.772753953933715820e-01
5.648509860038757324e-01
5.553117990493774414e-01
5.484573245048522949e-01
5.377384424209594727e-01
5.263398289680480957e-01
5.149412155151367188e-01
5.031664371490478516e-01
4.863670468330383301e-01
4.664585888385772705e-01
4.457574188709259033e-01
4.243086278438568115e-01
4.011066555976867676e-01
3.772288560867309570e-01
3.570164740085601807e-01
3.352507352828979492e-01
3.133237361907958984e-01
2.946559190750122070e-01
2.787787318229675293e-01
2.629013061523437500e-01
2.502946555614471436e-01
2.576010227203369141e-01
2.694889605045318604e-01
2.813771963119506836e-01
2.932650148868560791e-01
3.051530718803405762e-01
3.170410990715026855e-01
3.336684405803680420e-01
3.539807796478271484e-01
3.741133511066436768e-01
3.942459523677825928e-01
4.683473110198974609e-01
4.603283703327178955e-01
4.509053826332092285e-01
4.367454051971435547e-01
4.225845932960510254e-01
4.076390862464904785e-01
3.926225304603576660e-01
3.790414333343505859e-01
3.662857413291931152e-01
3.559213876724243164e-01
3.464920818805694580e-01
3.376802206039428711e-01
3.301967680454254150e-01
3.227130770683288574e-01
3.152293562889099121e-01
3.077460527420043945e-01
3.034350872039794922e-01
3.011116385459899902e-01
2.995235919952392578e-01
3.017448484897613525e-01
3.090412020683288574e-01
3.223367333412170410e-01
3.454055786132812500e-01
3.697941899299621582e-01
3.873615860939025879e-01
4.041075110435485840e-01
4.288033545017242432e-01
4.574853479862213135e-01
4.822854995727539062e-01
4.999719858169555664e-01
5.153737068176269531e-01
5.280871987342834473e-01
5.348563790321350098e-01
5.378969907760620117e-01
5.389714837074279785e-01
5.416450500488281250e-01
5.425519943237304688e-01
5.386252403259277344e-01
5.295764207839965820e-01
5.169970393180847168e-01
5.025947093963623047e-01
4.845381975173950195e-01
4.663449823856353760e-01
4.482668340206146240e-01
4.343149065971374512e-01
4.210884869098663330e-01
4.111786782741546631e-01
4.085184931755065918e-01
4.097963273525238037e-01
4.110741615295410156e-01
4.123520851135253906e-01
4.136298894882202148e-01
4.183068871498107910e-01
4.169450998306274414e-01
4.142616987228393555e-01
4.106095731258392334e-01
4.069576263427734375e-01
4.033056795597076416e-01
3.996536135673522949e-01
3.979175984859466553e-01
3.984557986259460449e-01
3.998073935508728027e-01
4.016079306602478027e-01
4.025174081325531006e-01
4.057186841964721680e-01
4.113876223564147949e-01
4.187930524349212646e-01
4.262078702449798584e-01
4.318494498729705811e-01
4.366686344146728516e-01
4.429847002029418945e-01
4.530041515827178955e-01
4.591931700706481934e-01
4.662354588508605957e-01
4.734103679656982422e-01
4.771382808685302734e-01
4.788186550140380859e-01
4.799656867980957031e-01
4.819205403327941895e-01
4.911432266235351562e-01
5.041992664337158203e-01
5.182236433029174805e-01
5.320441722869873047e-01
5.445733070373535156e-01
5.564970970153808594e-01
5.681402683258056641e-01
5.795399546623229980e-01
5.892924070358276367e-01
5.969989299774169922e-01
6.026074290275573730e-01
6.070464849472045898e-01
6.123704910278320312e-01
6.158534288406372070e-01
6.162844896316528320e-01
6.196845769882202148e-01
6.221213340759277344e-01
6.199553012847900391e-01
6.111225485801696777e-01
5.979743003845214844e-01
5.835522413253784180e-01
5.717992782592773438e-01
5.620074272155761719e-01
5.539380311965942383e-01
5.434554815292358398e-01
5.320568084716796875e-01
5.191021561622619629e-01
5.024487376213073730e-01
4.821997880935668945e-01
4.622602164745330811e-01
4.415836930274963379e-01
4.183828234672546387e-01
3.949097096920013428e-01
3.729371428489685059e-01
3.530190289020538330e-01
3.313015401363372803e-01
3.095121681690216064e-01
2.936345338821411133e-01
2.777570486068725586e-01
2.689614892005920410e-01
2.745530605316162109e-01
2.845914959907531738e-01
2.948450446128845215e-01
3.063897490501403809e-01
3.182778656482696533e-01
3.301660716533660889e-01
3.420539498329162598e-01
3.564836978912353516e-01
3.752443790435791016e-01
3.948809504508972168e-01
4.478768706321716309e-01
4.386135637760162354e-01
4.300734400749206543e-01
4.220285117626190186e-01
4.132215678691864014e-01
4.009617865085601807e-01
3.886719644069671631e-01
3.759097754955291748e-01
3.677772283554077148e-01
3.620460629463195801e-01
3.578063845634460449e-01
3.554292023181915283e-01
3.508708477020263672e-01
3.451619744300842285e-01
3.376785218715667725e-01
3.308908641338348389e-01
3.280056118965148926e-01
3.255774974822998047e-01
3.259546160697937012e-01
3.277679383754730225e-01
3.298016190528869629e-01
3.420846164226531982e-01
3.635931611061096191e-01
3.871402144432067871e-01
4.044337868690490723e-01
4.211483001708984375e-01
4.446678757667541504e-01
4.731127023696899414e-01
4.962539672851562500e-01
5.124701857566833496e-01
5.245282053947448730e-01
5.329987406730651855e-01
5.372704863548278809e-01
5.372461080551147461e-01
5.364101529121398926e-01
5.355167388916015625e-01
5.361722111701965332e-01
5.337803959846496582e-01
5.276764631271362305e-01
5.160900354385375977e-01
4.952640533447265625e-01
4.761318564414978027e-01
4.575309455394744873e-01
4.419441521167755127e-01
4.280579686164855957e-01
4.172462821006774902e-01
4.100148677825927734e-01
4.085776507854461670e-01
4.098555445671081543e-01
4.111333489418029785e-01
4.124112129211425781e-01
4.136893153190612793e-01
4.154699444770812988e-01
4.138183593750000000e-01
4.121666550636291504e-01
4.090754389762878418e-01
4.054234623908996582e-01
4.017713665962219238e-01
3.981194496154785156e-01
3.944720327854156494e-01
3.939703106880187988e-01
3.941386342048645020e-01
3.946331441402435303e-01
3.955678045749664307e-01
4.031157493591308594e-01
4.104539752006530762e-01
4.151031970977783203e-01
4.215895235538482666e-01
4.287817776203155518e-01
4.330882430076599121e-01
4.382010698318481445e-01
4.480901062488555908e-01
4.562557041645050049e-01
4.645932316780090332e-01
4.730306863784790039e-01
4.802650213241577148e-01
4.846693277359008789e-01
4.889093041419982910e-01
4.952749013900756836e-01
5.059382915496826172e-01
5.179371237754821777e-01
5.315299034118652344e-01
5.445821881294250488e-01
5.569706559181213379e-01
5.688545703887939453e-01
5.804981589317321777e-01
5.907164812088012695e-01
5.982673168182373047e-01
6.017608642578125000e-01
6.052543520927429199e-01
6.106053590774536133e-01
6.152111887931823730e-01
6.203244924545288086e-01
6.213108897209167480e-01
6.241644620895385742e-01
6.258800029754638672e-01
6.275345683097839355e-01
6.237348318099975586e-01
6.127402186393737793e-01
6.014662384986877441e-01
5.887162685394287109e-01
5.779980421066284180e-01
5.683168172836303711e-01
5.592489242553710938e-01
5.472403764724731445e-01
5.327247977256774902e-01
5.181799530982971191e-01
4.982028007507324219e-01
4.774993658065795898e-01
4.567959308624267578e-01
4.348873496055603027e-01
4.121140837669372559e-01
3.888280987739562988e-01
3.688955307006835938e-01
3.489194512367248535e-01
3.273525834083557129e-01
3.084903657436370850e-01
2.926129698753356934e-01
2.876284122467041016e-01
2.932199239730834961e-01
3.022897243499755859e-01
3.125320971012115479e-01
3.227741718292236328e-01
3.330165147781372070e-01
3.433831334114074707e-01
3.551785945892333984e-01
3.670668601989746094e-01
3.791946470737457275e-01
3.968744277954101562e-01
4.286064505577087402e-01
4.208030700683593750e-01
4.137282371520996094e-01
4.066993594169616699e-01
3.995927572250366211e-01
3.929717242717742920e-01
3.849067687988281250e-01
3.788256049156188965e-01
3.746740818023681641e-01
3.717011809349060059e-01
3.700554370880126953e-01
3.684095740318298340e-01
3.667638897895812988e-01
3.636690676212310791e-01
3.591101765632629395e-01
3.551519811153411865e-01
3.514514267444610596e-01
3.501642346382141113e-01
3.519777357578277588e-01
3.538890480995178223e-01
3.563634753227233887e-01
3.621472418308258057e-01
3.832817673683166504e-01
4.064837098121643066e-01
4.223163723945617676e-01
4.382205009460449219e-01
4.599351286888122559e-01
4.850998520851135254e-01
5.033750534057617188e-01
5.179456472396850586e-01
5.280908942222595215e-01
5.354805588722229004e-01
5.369246006011962891e-01
5.338842868804931641e-01
5.329909324645996094e-01
5.320978164672851562e-01
5.312045216560363770e-01
5.288893580436706543e-01
5.220178365707397461e-01
5.070203542709350586e-01
4.876978993415832520e-01
4.677251577377319336e-01
4.510262608528137207e-01
4.371399581432342529e-01
4.258121550083160400e-01
4.181144237518310547e-01
4.131494164466857910e-01
4.097901880741119385e-01
4.105454087257385254e-01
4.113005399703979492e-01
4.124704301357269287e-01
4.137483835220336914e-01
4.123432040214538574e-01
4.106915891170501709e-01
4.090400636196136475e-01
4.073882400989532471e-01
4.038894772529602051e-01
4.002372920513153076e-01
3.965852856636047363e-01
3.929334282875061035e-01
3.906683027744293213e-01
3.904702067375183105e-01
3.902722299098968506e-01
3.913318514823913574e-01
3.973850607872009277e-01
4.018535614013671875e-01
4.084783792495727539e-01
4.163130223751068115e-01
4.255350828170776367e-01
4.323359131813049316e-01
4.378098249435424805e-01
4.453687667846679688e-01
4.532097280025482178e-01
4.618757963180541992e-01
4.705417156219482422e-01
4.792078733444213867e-01
4.861377477645874023e-01
4.961233735084533691e-01
5.034875869750976562e-01
5.166599750518798828e-01
5.288424491882324219e-01
5.435534715652465820e-01
5.571200251579284668e-01
5.693683028221130371e-01
5.812122821807861328e-01
5.913113355636596680e-01
5.977309942245483398e-01
6.012247204780578613e-01
6.047182083129882812e-01
6.082117557525634766e-01
6.123584508895874023e-01
6.178364157676696777e-01
6.216788291931152344e-01
6.243960857391357422e-01
6.271643042564392090e-01
6.292000412940979004e-01
6.309159994125366211e-01
6.326315999031066895e-01
6.252114772796630859e-01
6.142437458038330078e-01
6.032869815826416016e-01
5.931307077407836914e-01
5.829936265945434570e-01
5.698813199996948242e-01
5.571649074554443359e-01
5.447338819503784180e-01
5.299434661865234375e-01
5.123834013938903809e-01
4.920433163642883301e-01
4.717025756835937500e-01
4.502848088741302490e-01
4.282938838005065918e-01
4.058449268341064453e-01
3.847722411155700684e-01
3.648539781570434570e-01
3.448081612586975098e-01
3.234035372734069824e-01
3.074688911437988281e-01
3.062950968742370605e-01
3.118868470191955566e-01
3.199879825115203857e-01
3.302301764488220215e-01
3.404721617698669434e-01
3.507148623466491699e-01
3.609569370746612549e-01
3.711991906166076660e-01
3.814413845539093018e-01
3.920379877090454102e-01
4.030281305313110352e-01
4.144403636455535889e-01
4.070361852645874023e-01
3.996838629245758057e-01
3.925095796585083008e-01
3.860632181167602539e-01
3.837417066097259521e-01
3.833409249782562256e-01
3.833345174789428711e-01
3.827146887779235840e-01
3.827336430549621582e-01
3.823044300079345703e-01
3.806583285331726074e-01
3.790127038955688477e-01
3.772564530372619629e-01
3.753866553306579590e-01
3.749303519725799561e-01
3.741686344146728516e-01
3.761873841285705566e-01
3.780010044574737549e-01
3.804506659507751465e-01
3.829256594181060791e-01
3.859075307846069336e-01
4.029700756072998047e-01
4.256074726581573486e-01
4.392041563987731934e-01
4.515214264392852783e-01
4.690160155296325684e-01
4.924346804618835449e-01
5.087694525718688965e-01
5.219122767448425293e-01
5.306081771850585938e-01
5.345200300216674805e-01
5.322870016098022461e-01
5.304651856422424316e-01
5.295721292495727539e-01
5.286786556243896484e-01
5.275803804397583008e-01
5.254395008087158203e-01
5.113388895988464355e-01
4.953515529632568359e-01
4.782587885856628418e-01
4.600585401058197021e-01
4.462220668792724609e-01
4.343777298927307129e-01
4.266799688339233398e-01
4.205303490161895752e-01
4.167431592941284180e-01
4.129562377929687500e-01
4.126913547515869141e-01
4.134466052055358887e-01
4.142018556594848633e-01
4.149570465087890625e-01
4.102834761142730713e-01
4.076688289642333984e-01
4.059131741523742676e-01
4.042614996433258057e-01
4.023551940917968750e-01
3.987030982971191406e-01
3.950512111186981201e-01
3.913992643356323242e-01
3.877472877502441406e-01
3.871681094169616699e-01
3.869702816009521484e-01
3.894127011299133301e-01
3.934386968612670898e-01
3.979760408401489258e-01
4.031814038753509521e-01
4.090326726436614990e-01
4.180824458599090576e-01
4.293052256107330322e-01
4.373036921024322510e-01
4.445809125900268555e-01
4.517575502395629883e-01
4.592840373516082764e-01
4.678242206573486328e-01
4.764902591705322266e-01
4.899342060089111328e-01
5.006261467933654785e-01
5.081901550292968750e-01
5.196885466575622559e-01
5.334230661392211914e-01
5.501669645309448242e-01
5.664893388748168945e-01
5.796808004379272461e-01
5.898262262344360352e-01
5.962371826171875000e-01
6.006884574890136719e-01
6.041818857192993164e-01
6.076756715774536133e-01
6.111689805984497070e-01
6.139473915100097656e-01
6.173427104949951172e-01
6.212729215621948242e-01
6.271204948425292969e-01
6.299765110015869141e-01
6.325204372406005859e-01
6.342360377311706543e-01
6.359516382217407227e-01
6.356563568115234375e-01
6.266383528709411621e-01
6.157472133636474609e-01
6.053366661071777344e-01
5.935363173484802246e-01
5.821881294250488281e-01
5.668605566024780273e-01
5.532683134078979492e-01
5.402368307113647461e-01
5.242620706558227539e-01
5.047954320907592773e-01
4.844550490379333496e-01
4.635676145553588867e-01
4.418371319770812988e-01
4.203698039054870605e-01
3.989321589469909668e-01
3.800683319568634033e-01
3.605132699012756348e-01
3.406968116760253906e-01
3.223248124122619629e-01
3.249621391296386719e-01
3.305538296699523926e-01
3.376861810684204102e-01
3.479285240173339844e-01
3.581706285476684570e-01
3.684129118919372559e-01
3.786552548408508301e-01
3.888975381851196289e-01
3.991400003433227539e-01
4.091653823852539062e-01
4.202270209789276123e-01
4.006734490394592285e-01
3.932694792747497559e-01
3.857424855232238770e-01
3.813709318637847900e-01
3.802736997604370117e-01
3.800383210182189941e-01
3.810094594955444336e-01
3.848087191581726074e-01
3.891921341419219971e-01
3.932501673698425293e-01
3.926121592521667480e-01
3.922369182109832764e-01
3.907926380634307861e-01
3.881486058235168457e-01
3.877227902412414551e-01
3.894327878952026367e-01
3.949961662292480469e-01
3.997835516929626465e-01
4.045381546020507812e-01
4.070126414299011230e-01
4.094873070716857910e-01
4.107929468154907227e-01
4.180841147899627686e-01
4.375411868095397949e-01
4.500707983970642090e-01
4.623877406120300293e-01
4.790606498718261719e-01
5.004220008850097656e-01
5.141358971595764160e-01
5.246024131774902344e-01
5.291348695755004883e-01
5.292717218399047852e-01
5.276049375534057617e-01
5.270462036132812500e-01
5.261530280113220215e-01
5.248956680297851562e-01
5.227188467979431152e-01
5.171865224838256836e-01
5.018262863159179688e-01
4.851604700088500977e-01
4.667225778102874756e-01
4.538889527320861816e-01
4.423583745956420898e-01
4.352456331253051758e-01
4.279111921787261963e-01
4.241242110729217529e-01
4.203372597694396973e-01
4.165500998497009277e-01
4.148377180099487305e-01
4.155929386615753174e-01
4.163480401039123535e-01
4.161300957202911377e-01
4.105235040187835693e-01
4.066290557384490967e-01
4.044545292854309082e-01
4.022803306579589844e-01
4.001058638095855713e-01
3.972690701484680176e-01
3.935171365737915039e-01
3.898651003837585449e-01
3.862129747867584229e-01
3.838659524917602539e-01
3.840556442737579346e-01
3.874745368957519531e-01
3.920916914939880371e-01
3.971292376518249512e-01
4.021826982498168945e-01
4.077422916889190674e-01
4.143196344375610352e-01
4.236740171909332275e-01
4.307529926300048828e-01
4.390012919902801514e-01
4.481539726257324219e-01
4.572071135044097900e-01
4.649778604507446289e-01
4.768785238265991211e-01
4.934822916984558105e-01
5.045586824417114258e-01
5.101988315582275391e-01
5.199592709541320801e-01
5.339173078536987305e-01
5.498290061950683594e-01
5.660723447799682617e-01
5.794471502304077148e-01
5.906006097793579102e-01
5.981111526489257812e-01
6.031680107116699219e-01
6.071393489837646484e-01
6.106327772140502930e-01
6.128295063972473145e-01
6.137491464614868164e-01
6.157556772232055664e-01
6.197045445442199707e-01
6.275243759155273438e-01
6.327886581420898438e-01
6.355568170547485352e-01
6.375561952590942383e-01
6.392716169357299805e-01
6.409873962402343750e-01
6.365574002265930176e-01
6.279758214950561523e-01
6.141906380653381348e-01
6.012095212936401367e-01
5.897254943847656250e-01
5.784758925437927246e-01
5.624439716339111328e-01
5.479625463485717773e-01
5.344179272651672363e-01
5.175477862358093262e-01
4.972073435783386230e-01
4.766486883163452148e-01
4.549185633659362793e-01
4.333264231681823730e-01
4.118810296058654785e-01
3.928657174110412598e-01
3.740738034248352051e-01
3.545187711715698242e-01
3.355526030063629150e-01
3.421025872230529785e-01
3.480573594570159912e-01
3.545841276645660400e-01
3.651893138885498047e-01
3.757945895195007324e-01
3.861111998558044434e-01
3.963533043861389160e-01
4.065956473350524902e-01
4.168381094932556152e-01
4.269312322139739990e-01
4.394712448120117188e-01
3.869065046310424805e-01
3.804678320884704590e-01
3.779895603656768799e-01
3.770997524261474609e-01
3.767347335815429688e-01
3.789733648300170898e-01
3.827726244926452637e-01
3.865717649459838867e-01
3.907672464847564697e-01
3.958359062671661377e-01
4.007825255393981934e-01
4.026190042495727539e-01
4.003710150718688965e-01
3.986309766769409180e-01
4.000588059425354004e-01
4.035009741783142090e-01
4.108401238918304443e-01
4.188829064369201660e-01
4.255222976207733154e-01
4.283361732959747314e-01
4.292695522308349609e-01
4.288418889045715332e-01
4.356245994567871094e-01
4.484406411647796631e-01
4.609367847442626953e-01
4.732541441917419434e-01
4.892323017120361328e-01
5.080309510231018066e-01
5.193473696708679199e-01
5.248240828514099121e-01
5.245762467384338379e-01
5.236898660659790039e-01
5.236635804176330566e-01
5.236272215843200684e-01
5.222105979919433594e-01
5.197689533233642578e-01
5.157945156097412109e-01
5.061392784118652344e-01
4.923139214515686035e-01
4.756479859352111816e-01
4.612945318222045898e-01
4.485406875610351562e-01
4.408723711967468262e-01
4.355476200580596924e-01
4.315053522586822510e-01
4.277182817459106445e-01
4.239311218261718750e-01
4.201441407203674316e-01
4.169840216636657715e-01
4.177390933036804199e-01
4.184942245483398438e-01
4.163703918457031250e-01
4.107634723186492920e-01
4.055894315242767334e-01
4.034149944782257080e-01
4.012405872344970703e-01
3.990660607814788818e-01
3.968916833400726318e-01
3.936474323272705078e-01
3.894727230072021484e-01
3.858027160167694092e-01
3.824061155319213867e-01
3.821322321891784668e-01
3.869283199310302734e-01
3.919818103313446045e-01
3.974880874156951904e-01
4.030483067035675049e-01
4.090155959129333496e-01
4.149827957153320312e-01
4.216753840446472168e-01
4.279501140117645264e-01
4.334026277065277100e-01
4.411846101284027100e-01
4.506058394908905029e-01
4.620493352413177490e-01
4.785480499267578125e-01
4.944630265235900879e-01
5.045776367187500000e-01
5.121177434921264648e-01
5.196175575256347656e-01
5.312771797180175781e-01
5.430612564086914062e-01
5.583286285400390625e-01
5.722435712814331055e-01
5.844668149948120117e-01
5.935362577438354492e-01
6.010128259658813477e-01
6.069936752319335938e-01
6.104930639266967773e-01
6.125375032424926758e-01
6.134600639343261719e-01
6.145002841949462891e-01
6.181821823120117188e-01
6.265004873275756836e-01
6.353303194046020508e-01
6.383689641952514648e-01
6.408762931823730469e-01
6.425917148590087891e-01
6.443073153495788574e-01
6.434823274612426758e-01
6.339257955551147461e-01
6.227605342864990234e-01
6.090838313102722168e-01
5.953882932662963867e-01
5.839047431945800781e-01
5.722893476486206055e-01
5.573151111602783203e-01
5.418583154678344727e-01
5.285372734069824219e-01
5.099593400955200195e-01
4.896191358566284180e-01
4.679998159408569336e-01
4.462833404541015625e-01
4.248379468917846680e-01
4.040544629096984863e-01
3.866395056247711182e-01
3.680793046951293945e-01
3.531917929649353027e-01
3.574443459510803223e-01
3.644080460071563721e-01
3.703628778457641602e-01
3.805716633796691895e-01
3.911768198013305664e-01
4.017823338508605957e-01
4.123874306678771973e-01
4.229926168918609619e-01
4.334308207035064697e-01
4.454694986343383789e-01
4.583725929260253906e-01
3.765179514884948730e-01
3.750732243061065674e-01
3.744493722915649414e-01
3.738384842872619629e-01
3.769688010215759277e-01
3.807364404201507568e-01
3.845354020595550537e-01
3.883346915245056152e-01
3.923743665218353271e-01
3.966358304023742676e-01
4.006702303886413574e-01
4.046438634395599365e-01
4.086171388626098633e-01
4.105928540229797363e-01
4.132876098155975342e-01
4.194073379039764404e-01
4.246788024902343750e-01
4.295490980148315430e-01
4.346507787704467773e-01
4.397523403167724609e-01
4.434468448162078857e-01
4.458443820476531982e-01
4.531648159027099609e-01
4.621997177600860596e-01
4.719954133033752441e-01
4.847342967987060547e-01
4.986796975135803223e-01
5.130648016929626465e-01
5.201004147529602051e-01
5.224449634552001953e-01
5.211299657821655273e-01
5.204247832298278809e-01
5.204087495803833008e-01
5.194004774093627930e-01
5.168194770812988281e-01
5.137255191802978516e-01
5.047474503517150879e-01
4.950922727584838867e-01
4.828014373779296875e-01
4.683033227920532227e-01
4.576599597930908203e-01
4.486917257308959961e-01
4.407016634941101074e-01
4.359535574913024902e-01
4.345518350601196289e-01
4.313122630119323730e-01
4.275252223014831543e-01
4.237381517887115479e-01
4.199510812759399414e-01
4.198853075504302979e-01
4.206404983997344971e-01
4.166103303432464600e-01
4.110034406185150146e-01
4.053966403007507324e-01
4.023750722408294678e-01
4.002007246017456055e-01
3.980263769626617432e-01
3.958518505096435547e-01
3.942991793155670166e-01
3.914270102977752686e-01
3.885083198547363281e-01
3.844588398933410645e-01
3.834640979766845703e-01
3.884953260421752930e-01
3.935266137123107910e-01
3.986196219921112061e-01
4.044943153858184814e-01
4.104617238044738770e-01
4.164288938045501709e-01
4.220594167709350586e-01
4.266174435615539551e-01
4.318739771842956543e-01
4.388453960418701172e-01
4.466344416141510010e-01
4.612883329391479492e-01
4.771882891654968262e-01
4.920673966407775879e-01
5.004878044128417969e-01
5.077494382858276367e-01
5.130085945129394531e-01
5.234975218772888184e-01
5.358548164367675781e-01
5.505839586257934570e-01
5.633184909820556641e-01
5.736737251281738281e-01
5.829210877418518066e-01
5.909830927848815918e-01
5.987429618835449219e-01
6.042497754096984863e-01
6.086724996566772461e-01
6.113935708999633789e-01
6.134382486343383789e-01
6.174047589302062988e-01
6.251775026321411133e-01
6.344326734542846680e-01
6.411811113357543945e-01
6.439492702484130859e-01
6.459119319915771484e-01
6.469329595565795898e-01
6.455315947532653809e-01
6.377402544021606445e-01
6.281197071075439453e-01
6.160618066787719727e-01
6.014471054077148438e-01
5.892018079757690430e-01
5.791469812393188477e-01
5.647121071815490723e-01
5.495766401290893555e-01
5.357539653778076172e-01
5.220111012458801270e-01
5.023713111877441406e-01
4.810810685157775879e-01
4.593505263328552246e-01
4.377946555614471436e-01
4.163492918014526367e-01
3.977214097976684570e-01
3.803060650825500488e-01
3.704966902732849121e-01
3.724662363529205322e-01
3.795875906944274902e-01
3.867136240005493164e-01
3.959537446498870850e-01
4.065589010715484619e-01
4.171645343303680420e-01
4.277697205543518066e-01
4.383748769760131836e-01
4.493637084960937500e-01
4.622668921947479248e-01
4.751701354980468750e-01
3.724093735218048096e-01
3.717987239360809326e-01
3.721613883972167969e-01
3.755853772163391113e-01
3.790092766284942627e-01
3.824992477893829346e-01
3.862983584403991699e-01
3.896692693233489990e-01
3.927621841430664062e-01
3.962063789367675781e-01
4.000630974769592285e-01
4.040364027023315430e-01
4.080101847648620605e-01
4.145964980125427246e-01
4.235780835151672363e-01
4.284970760345458984e-01
4.342384338378906250e-01
4.390119910240173340e-01
4.430898427963256836e-01
4.476385116577148438e-01
4.526680707931518555e-01
4.578789174556732178e-01
4.676712751388549805e-01
4.798125028610229492e-01
4.835585951805114746e-01
4.954117536544799805e-01
5.033401250839233398e-01
5.138683319091796875e-01
5.177422165870666504e-01
5.193406343460083008e-01
5.184175968170166016e-01
5.187866091728210449e-01
5.179684162139892578e-01
5.151416063308715820e-01
5.114315748214721680e-01
5.033553242683410645e-01
4.937000870704650879e-01
4.840449690818786621e-01
4.743448495864868164e-01
4.639106690883636475e-01
4.566069841384887695e-01
4.492583274841308594e-01
4.419882893562316895e-01
4.381267428398132324e-01
4.368496537208557129e-01
4.343914985656738281e-01
4.311192035675048828e-01
4.273321330547332764e-01
4.235452115535736084e-01
4.220318198204040527e-01
4.224569797515869141e-01
4.168502688407897949e-01
4.112434685230255127e-01
4.056365489959716797e-01
4.013354182243347168e-01
3.991649448871612549e-01
3.976989388465881348e-01
3.963475227355957031e-01
3.955302238464355469e-01
3.948315382003784180e-01
3.911593854427337646e-01
3.869240283966064453e-01
3.870733380317687988e-01
3.915596604347229004e-01
3.967081904411315918e-01
4.021526277065277100e-01
4.075972437858581543e-01
4.130417704582214355e-01
4.184863269329071045e-01
4.227005839347839355e-01
4.257103800773620605e-01
4.320102930068969727e-01
4.383603930473327637e-01
4.512280821800231934e-01
4.643695950508117676e-01
4.765813946723937988e-01
4.863328933715820312e-01
4.921597838401794434e-01
4.979570508003234863e-01
5.025868415832519531e-01
5.114539265632629395e-01
5.243093967437744141e-01
5.385571718215942383e-01
5.519025325775146484e-01
5.618221759796142578e-01
5.699906945228576660e-01
5.777508020401000977e-01
5.846683979034423828e-01
5.913418531417846680e-01
5.980964899063110352e-01
6.039685010910034180e-01
6.087316274642944336e-01
6.142906546592712402e-01
6.230986118316650391e-01
6.327607035636901855e-01
6.425168514251708984e-01
6.467614173889160156e-01
6.481616497039794922e-01
6.467600464820861816e-01
6.453586816787719727e-01
6.412805318832397461e-01
6.302424669265747070e-01
6.193035840988159180e-01
6.090120673179626465e-01
5.957840681076049805e-01
5.833281278610229492e-01
5.715022087097167969e-01
5.567536354064941406e-01
5.416251420974731445e-01
5.287050604820251465e-01
5.140000581741333008e-01
4.941623806953430176e-01
4.724318385124206543e-01
4.507515430450439453e-01
4.293060898780822754e-01
4.088033437728881836e-01
3.913881182670593262e-01
3.862626552581787109e-01
3.897102475166320801e-01
3.941633105278015137e-01
4.017309546470642090e-01
4.113360643386840820e-01
4.219411015510559082e-01
4.325466454029083252e-01
4.431518912315368652e-01
4.536396861076354980e-01
4.661612510681152344e-01
4.790641665458679199e-01
4.919673800468444824e-01
3.691482543945312500e-01
3.707779645919799805e-01
3.742018938064575195e-01
3.776259720325469971e-01
3.810500800609588623e-01
3.842449188232421875e-01
3.871520757675170898e-01
3.897091746330261230e-01
3.924043774604797363e-01
3.958485424518585205e-01
3.984331190586090088e-01
3.999020159244537354e-01
4.024172723293304443e-01
4.097730517387390137e-01
4.196517169475555420e-01
4.310687482357025146e-01
4.422008991241455078e-01
4.479427635669708252e-01
4.536846280097961426e-01
4.579118490219116211e-01
4.618330299854278564e-01
4.663798213005065918e-01
4.778338670730590820e-01
4.926466941833496094e-01
4.975504875183105469e-01
5.017300248146057129e-01
5.045861005783081055e-01
5.116260051727294922e-01
5.145443081855773926e-01
5.162515044212341309e-01
5.156865119934082031e-01
5.165584087371826172e-01
5.138667225837707520e-01
5.109951496124267578e-01
5.048930644989013672e-01
4.941197633743286133e-01
4.832777976989746094e-01
4.731038808822631836e-01
4.695644974708557129e-01
4.621318876743316650e-01
4.563692212104797363e-01
4.499624967575073242e-01
4.452807009220123291e-01
4.412014186382293701e-01
4.384248256683349609e-01
4.377455711364746094e-01
4.353775382041931152e-01
4.309259653091430664e-01
4.271391332149505615e-01
4.241777062416076660e-01
4.226970076560974121e-01
4.170901775360107422e-01
4.114833474159240723e-01
4.059191942214965820e-01
4.010953903198242188e-01
3.998505473136901855e-01
3.990742564201354980e-01
3.983755111694335938e-01
3.978397846221923828e-01
3.966300487518310547e-01
3.941023349761962891e-01
3.906219005584716797e-01
3.919055759906768799e-01
3.947966694831848145e-01
4.002413153648376465e-01
4.056858420372009277e-01
4.111304879188537598e-01
4.167267382144927979e-01
4.224398136138916016e-01
4.256092011928558350e-01
4.281577467918395996e-01
4.329438209533691406e-01
4.443306624889373779e-01
4.554850459098815918e-01
4.661657214164733887e-01
4.755616188049316406e-01
4.815678596496582031e-01
4.849532842636108398e-01
4.885333776473999023e-01
4.938297867774963379e-01
5.001478195190429688e-01
5.109773278236389160e-01
5.225355625152587891e-01
5.331041812896728516e-01
5.430896282196044922e-01
5.535036921501159668e-01
5.622868537902832031e-01
5.702157020568847656e-01
5.772365331649780273e-01
5.839102268218994141e-01
5.905836820602416992e-01
5.974196791648864746e-01
6.057658791542053223e-01
6.169573068618774414e-01
6.282389163970947266e-01
6.389183998107910156e-01
6.462513208389282227e-01
6.477781534194946289e-01
6.465868949890136719e-01
6.446762084960937500e-01
6.418259739875793457e-01
6.323419213294982910e-01
6.223957538604736328e-01
6.128371953964233398e-01
6.029233932495117188e-01
5.895609855651855469e-01
5.764502286911010742e-01
5.636520385742187500e-01
5.487949252128601074e-01
5.336664915084838867e-01
5.202033519744873047e-01
5.056973099708557129e-01
4.855132699012756348e-01
4.637827873229980469e-01
4.422628879547119141e-01
4.208174347877502441e-01
4.024700522422790527e-01
4.011554718017578125e-01
4.052093625068664551e-01
4.089237451553344727e-01
4.163064956665039062e-01
4.252222478389739990e-01
4.373232722282409668e-01
4.479287862777709961e-01
4.585341215133666992e-01
4.700556993484497070e-01
4.829585552215576172e-01
4.958618283271789551e-01
5.087648034095764160e-01
3.693945109844207764e-01
3.728184700012207031e-01
3.762426078319549561e-01
3.796368837356567383e-01
3.825029730796813965e-01
3.848130106925964355e-01
3.869944512844085693e-01
3.890079855918884277e-01
3.896035254001617432e-01
3.898366093635559082e-01
3.900699615478515625e-01
3.907468616962432861e-01
3.959673941135406494e-01
4.058224558830261230e-01
4.162403643131256104e-01
4.280610978603363037e-01
4.400249719619750977e-01
4.519886970520019531e-01
4.616471827030181885e-01
4.675621986389160156e-01
4.734856486320495605e-01
4.778289198875427246e-01
4.881045222282409668e-01
5.003418326377868652e-01
5.028548240661621094e-01
5.029508471488952637e-01
5.008197426795959473e-01
5.084539055824279785e-01
5.113462805747985840e-01
5.133615136146545410e-01
5.127878785133361816e-01
5.127754211425781250e-01
5.100582242012023926e-01
5.056376457214355469e-01
4.957430362701416016e-01
4.854146242141723633e-01
4.745727181434631348e-01
4.688875079154968262e-01
4.666877090930938721e-01
4.618940949440002441e-01
4.561313986778259277e-01
4.526297450065612793e-01
4.485730826854705811e-01
4.444936513900756836e-01
4.406202137470245361e-01
4.393210411071777344e-01
4.386417269706726074e-01
4.363638758659362793e-01
4.312677085399627686e-01
4.269460439682006836e-01
4.229369461536407471e-01
4.174675643444061279e-01
4.126106500625610352e-01
4.080398678779602051e-01
4.038719534873962402e-01
4.019194245338439941e-01
4.014538228511810303e-01
4.012557864189147949e-01
4.002155661582946777e-01
3.979804515838623047e-01
3.957455456256866455e-01
3.951604962348937988e-01
3.969659805297851562e-01
3.989566266536712646e-01
4.037744998931884766e-01
4.093124866485595703e-01
4.150256514549255371e-01
4.207388460636138916e-01
4.259697198867797852e-01
4.285181164741516113e-01
4.310665726661682129e-01
4.375985860824584961e-01
4.488832354545593262e-01
4.581369161605834961e-01
4.665164053440093994e-01
4.748958349227905273e-01
4.784712791442871094e-01
4.806748032569885254e-01
4.836983084678649902e-01
4.870837926864624023e-01
4.912924766540527344e-01
4.985749721527099609e-01
5.039895772933959961e-01
5.128031373023986816e-01
5.227792859077453613e-01
5.323404073715209961e-01
5.412298440933227539e-01
5.506749153137207031e-01
5.599740743637084961e-01
5.682635307312011719e-01
5.761922597885131836e-01
5.831522941589355469e-01
5.931952595710754395e-01
6.045271158218383789e-01
6.172130703926086426e-01
6.286398768424987793e-01
6.396563053131103516e-01
6.435731649398803711e-01
6.441628932952880859e-01
6.424374580383300781e-01
6.399381160736083984e-01
6.353009939193725586e-01
6.255375146865844727e-01
6.157739758491516113e-01
6.063712835311889648e-01
5.957602262496948242e-01
5.820527076721191406e-01
5.692303180694580078e-01
5.556428432464599609e-01
5.408360958099365234e-01
5.257079601287841797e-01
5.102690458297729492e-01
4.945457577705383301e-01
4.768640398979187012e-01
4.552195370197296143e-01
4.337743818759918213e-01
4.135521054267883301e-01
4.160483479499816895e-01
4.201023280620574951e-01
4.241560995578765869e-01
4.304243326187133789e-01
4.388295114040374756e-01
4.510473012924194336e-01
4.632628262042999268e-01
4.739500880241394043e-01
4.868531227111816406e-01
4.997560977935791016e-01
5.126591920852661133e-01
5.255624651908874512e-01
3.714350461959838867e-01
3.748589754104614258e-01
3.778948187828063965e-01
3.804557919502258301e-01
3.826311826705932617e-01
3.831626176834106445e-01
3.824297487735748291e-01
3.814008533954620361e-01
3.807302713394165039e-01
3.809309601783752441e-01
3.811640739440917969e-01
3.829892277717590332e-01
3.920170068740844727e-01
4.023127257823944092e-01
4.130903482437133789e-01
4.250540435314178467e-01
4.370177388191223145e-01
4.490079581737518311e-01
4.613932073116302490e-01
4.737787246704101562e-01
4.823853969573974609e-01
4.885492920875549316e-01
4.976449608802795410e-01
5.054981112480163574e-01
5.058948993682861328e-01
5.011137127876281738e-01
4.920695424079895020e-01
5.016846060752868652e-01
5.070354938507080078e-01
5.092635750770568848e-01
5.088620185852050781e-01
5.089751482009887695e-01
5.062751770019531250e-01
4.968403577804565430e-01
4.865930080413818359e-01
4.766981601715087891e-01
4.699587821960449219e-01
4.677589535713195801e-01
4.668519496917724609e-01
4.634059369564056396e-01
4.575334191322326660e-01
4.551178812980651855e-01
4.518659114837646484e-01
4.477863907814025879e-01
4.437070190906524658e-01
4.408963620662689209e-01
4.402169883251190186e-01
4.395375847816467285e-01
4.373499453067779541e-01
4.324602782726287842e-01
4.241518974304199219e-01
4.196875095367431641e-01
4.155605435371398926e-01
4.114294648170471191e-01
4.076016545295715332e-01
4.048698842525482178e-01
4.046716988086700439e-01
4.038009643554687500e-01
4.015659689903259277e-01
3.993308842182159424e-01
3.970959186553955078e-01
3.993843793869018555e-01
4.022671282291412354e-01
4.042932391166687012e-01
4.076114892959594727e-01
4.133246839046478271e-01
4.190379679203033447e-01
4.247509837150573730e-01
4.288785457611083984e-01
4.307749867439270020e-01
4.341188371181488037e-01
4.408405125141143799e-01
4.500540196895599365e-01
4.584316611289978027e-01
4.668111801147460938e-01
4.751143455505371094e-01
4.773177504539489746e-01
4.795210361480712891e-01
4.817245006561279297e-01
4.836580753326416016e-01
4.847966432571411133e-01
4.876536726951599121e-01
4.888102412223815918e-01
4.946500658988952637e-01
5.026955604553222656e-01
5.111663937568664551e-01
5.200560092926025391e-01
5.289456248283386230e-01
5.378351807594299316e-01
5.468959808349609375e-01
5.568009614944458008e-01
5.662752985954284668e-01
5.783529281616210938e-01
5.901059508323669434e-01
6.011787056922912598e-01
6.120179891586303711e-01
6.232220530509948730e-01
6.313940286636352539e-01
6.361148357391357422e-01
6.376502513885498047e-01
6.365205645561218262e-01
6.361008882522583008e-01
6.286789774894714355e-01
6.189156174659729004e-01
6.091521382331848145e-01
5.984904170036315918e-01
5.876522064208984375e-01
5.745443701744079590e-01
5.612677335739135742e-01
5.476064085960388184e-01
5.328775644302368164e-01
5.175919532775878906e-01
4.990383386611938477e-01
4.832776784896850586e-01
4.671244621276855469e-01
4.467312097549438477e-01
4.275520145893096924e-01
4.309412837028503418e-01
4.349951744079589844e-01
4.390490055084228516e-01
4.431028366088867188e-01
4.523715972900390625e-01
4.646544456481933594e-01
4.768728613853454590e-01
4.905397891998291016e-01
5.036505460739135742e-01
5.165535211563110352e-01
5.294564962387084961e-01
5.327365398406982422e-01
3.732869327068328857e-01
3.760982155799865723e-01
3.772174119949340820e-01
3.769754171371459961e-01
3.759461939334869385e-01
3.749167621135711670e-01
3.738873004913330078e-01
3.728585839271545410e-01
3.719100952148437500e-01
3.720251321792602539e-01
3.722584843635559082e-01
3.782673776149749756e-01
3.883850872516632080e-01
3.989012539386749268e-01
4.100830852985382080e-01
4.220467209815979004e-01
4.343118965625762939e-01
4.466974735260009766e-01
4.590827822685241699e-01
4.714686274528503418e-01
4.837616086006164551e-01
4.937671422958374023e-01
5.007810592651367188e-01
5.086068511009216309e-01
5.067428350448608398e-01
4.983810186386108398e-01
4.874974489212036133e-01
4.916145205497741699e-01
4.982948303222656250e-01
5.023807287216186523e-01
5.048881173133850098e-01
5.050598978996276855e-01
4.978352189064025879e-01
4.881309866905212402e-01
4.777333736419677734e-01
4.705728888511657715e-01
4.688298702239990234e-01
4.673604369163513184e-01
4.674215316772460938e-01
4.658851623535156250e-01
4.623637497425079346e-01
4.593247473239898682e-01
4.556905031204223633e-01
4.510788917541503906e-01
4.469994306564331055e-01
4.431134462356567383e-01
4.417838752269744873e-01
4.414254724979400635e-01
4.415082335472106934e-01
4.390547871589660645e-01
4.301049113273620605e-01
4.241737127304077148e-01
4.193604588508605957e-01
4.157297611236572266e-01
4.120991826057434082e-01
4.084685146808624268e-01
4.073863327503204346e-01
4.051513671875000000e-01
4.029164910316467285e-01
4.006813466548919678e-01
3.994320034980773926e-01
4.030926227569580078e-01
4.073296785354614258e-01
4.100732803344726562e-01
4.123326241970062256e-01
4.173369705677032471e-01
4.230502545833587646e-01
4.281334578990936279e-01
4.296567440032958984e-01
4.312533140182495117e-01
4.363539218902587891e-01
4.414543211460113525e-01
4.505730271339416504e-01
4.587264358997344971e-01
4.671060442924499512e-01
4.739606380462646484e-01
4.761641025543212891e-01
4.783673882484436035e-01
4.794143438339233398e-01
4.801078438758850098e-01
4.790289402008056641e-01
4.796549677848815918e-01
4.792920947074890137e-01
4.823272228240966797e-01
4.866288304328918457e-01
4.915146827697753906e-01
4.988822340965270996e-01
5.077717304229736328e-01
5.166614055633544922e-01
5.255509018898010254e-01
5.344404578208923340e-01
5.444285869598388672e-01
5.578833222389221191e-01
5.690996646881103516e-01
5.799687504768371582e-01
5.919221639633178711e-01
6.037933826446533203e-01
6.152004599571228027e-01
6.205864548683166504e-01
6.252687573432922363e-01
6.288892030715942383e-01
6.315401792526245117e-01
6.290457248687744141e-01
6.204071044921875000e-01
6.116920113563537598e-01
6.007748842239379883e-01
5.900052785873413086e-01
5.792493224143981934e-01
5.670360326766967773e-01
5.532658100128173828e-01
5.395697355270385742e-01
5.249187946319580078e-01
5.078129172325134277e-01
4.877721071243286133e-01
4.720096588134765625e-01
4.562017321586608887e-01
4.443068206310272217e-01
4.458339214324951172e-01
4.498879909515380859e-01
4.539419412612915039e-01
4.579958319664001465e-01
4.641423225402832031e-01
4.773386716842651367e-01
4.910461902618408203e-01
5.055621862411499023e-01
5.200780630111694336e-01
5.333508253097534180e-01
5.462540984153747559e-01
5.384817123413085938e-01
3.715204000473022461e-01
3.704912364482879639e-01
3.694620728492736816e-01
3.684329390525817871e-01
3.674035966396331787e-01
3.663745224475860596e-01
3.653451800346374512e-01
3.643162846565246582e-01
3.632870912551879883e-01
3.631192743778228760e-01
3.652409911155700684e-01
3.747621774673461914e-01
3.849735260009765625e-01
3.954894840717315674e-01
4.072302579879760742e-01
4.196158349514007568e-01
4.320015013217926025e-01
4.443869590759277344e-01
4.567723274230957031e-01
4.686809182167053223e-01
4.783396124839782715e-01
4.858130812644958496e-01
4.959357976913452148e-01
5.068419575691223145e-01
5.040484666824340820e-01
4.953056573867797852e-01
4.836546182632446289e-01
4.809865951538085938e-01
4.861215949058532715e-01
4.934978485107421875e-01
4.982782602310180664e-01
4.971579313278198242e-01
4.894305467605590820e-01
4.794216156005859375e-01
4.710246324539184570e-01
4.692279696464538574e-01
4.678688049316406250e-01
4.679300785064697266e-01
4.679911136627197266e-01
4.702329039573669434e-01
4.671939909458160400e-01
4.641550481319427490e-01
4.611161947250366211e-01
4.560592174530029297e-01
4.507552087306976318e-01
4.466127455234527588e-01
4.445447921752929688e-01
4.451983273029327393e-01
4.460761547088623047e-01
4.433737397193908691e-01
4.369235038757324219e-01
4.315050244331359863e-01
4.260739982128143311e-01
4.206432700157165527e-01
4.165966510772705078e-01
4.126324355602264404e-01
4.087368249893188477e-01
4.065019190311431885e-01
4.042668938636779785e-01
4.024268686771392822e-01
4.029982686042785645e-01
4.072577357292175293e-01
4.115173220634460449e-01
4.157766401767730713e-01
4.181127846240997314e-01
4.207416474819183350e-01
4.249538779258728027e-01
4.285386800765991211e-01
4.271951615810394287e-01
4.322338104248046875e-01
4.373342096805572510e-01
4.424347877502441406e-01
4.510773718357086182e-01
4.597757160663604736e-01
4.674007892608642578e-01
4.728067517280578613e-01
4.744545221328735352e-01
4.751706719398498535e-01
4.758867621421813965e-01
4.754228591918945312e-01
4.726369380950927734e-01
4.708498716354370117e-01
4.720486998558044434e-01
4.718202352523803711e-01
4.755219817161560059e-01
4.797477722167968750e-01
4.839931726455688477e-01
4.884815812110900879e-01
4.960796833038330078e-01
5.044465661048889160e-01
5.132665038108825684e-01
5.240644216537475586e-01
5.338278412818908691e-01
5.434243679046630859e-01
5.533651709556579590e-01
5.652372837066650391e-01
5.779749155044555664e-01
5.909227132797241211e-01
6.021237373352050781e-01
6.106892824172973633e-01
6.162645816802978516e-01
6.197587251663208008e-01
6.227076053619384766e-01
6.183507442474365234e-01
6.114393472671508789e-01
6.012764573097229004e-01
5.911010503768920898e-01
5.814700126647949219e-01
5.710792541503906250e-01
5.585560798645019531e-01
5.451165437698364258e-01
5.315332412719726562e-01
5.164810419082641602e-01
4.968864917755126953e-01
4.768864512443542480e-01
4.607415795326232910e-01
4.551387727260589600e-01
4.590030908584594727e-01
4.647808372974395752e-01
4.688348770141601562e-01
4.728887677192687988e-01
4.769426584243774414e-01
4.881408214569091797e-01
5.048423409461975098e-01
5.205844044685363770e-01
5.351003408432006836e-01
5.496162772178649902e-01
5.570744276046752930e-01
5.442276000976562500e-01
3.629782199859619141e-01
3.619488477706909180e-01
3.609198331832885742e-01
3.598904609680175781e-01
3.588611483573913574e-01
3.578320741653442383e-01
3.568026423454284668e-01
3.557737469673156738e-01
3.547446429729461670e-01
3.543128073215484619e-01
3.616131842136383057e-01
3.715999126434326172e-01
3.815945088863372803e-01
3.925344049930572510e-01
4.049198329448699951e-01
4.173054397106170654e-01
4.296908974647521973e-01
4.420768320560455322e-01
4.534448981285095215e-01
4.629119634628295898e-01
4.705779552459716797e-01
4.762977957725524902e-01
4.839575290679931641e-01
4.926861524581909180e-01
4.939555525779724121e-01
4.883335828781127930e-01
4.771669507026672363e-01
4.752138853073120117e-01
4.743601083755493164e-01
4.826158881187438965e-01
4.858549833297729492e-01
4.840737581253051758e-01
4.792801141738891602e-01
4.732710719108581543e-01
4.708911180496215820e-01
4.683173894882202148e-01
4.682047367095947266e-01
4.684996604919433594e-01
4.699942469596862793e-01
4.739658236503601074e-01
4.720242023468017578e-01
4.689855575561523438e-01
4.658806920051574707e-01
4.621814191341400146e-01
4.577105641365051270e-01
4.538907408714294434e-01
4.503790736198425293e-01
4.500547945499420166e-01
4.513517022132873535e-01
4.472435414791107178e-01
4.421783089637756348e-01
4.385464787483215332e-01
4.335323274135589600e-01
4.281013906002044678e-01
4.225066900253295898e-01
4.152626097202301025e-01
4.100872874259948730e-01
4.078896045684814453e-01
4.061976671218872070e-01
4.046446084976196289e-01
4.071857333183288574e-01
4.114452004432678223e-01
4.157046973705291748e-01
4.193788766860961914e-01
4.218067824840545654e-01
4.225651025772094727e-01
4.246558845043182373e-01
4.242418408393859863e-01
4.281139075756072998e-01
4.332143664360046387e-01
4.383147954940795898e-01
4.434152245521545410e-01
4.515817463397979736e-01
4.608099162578582764e-01
4.676344990730285645e-01
4.702106714248657227e-01
4.709268212318420410e-01
4.716430902481079102e-01
4.718890190124511719e-01
4.701042771339416504e-01
4.660345017910003662e-01
4.628823399543762207e-01
4.640500843524932861e-01
4.629472196102142334e-01
4.657429158687591553e-01
4.693092703819274902e-01
4.729303121566772461e-01
4.771559238433837891e-01
4.813817739486694336e-01
4.858171939849853516e-01
4.935173988342285156e-01
5.014852285385131836e-01
5.105589628219604492e-01
5.192415714263916016e-01
5.273237228393554688e-01
5.369953513145446777e-01
5.481718182563781738e-01
5.616955161094665527e-01
5.774388909339904785e-01
5.883151888847351074e-01
5.979622006416320801e-01
6.056212782859802246e-01
6.105861663818359375e-01
6.104431748390197754e-01
6.044155955314636230e-01
5.973966121673583984e-01
5.896817445755004883e-01
5.808413028717041016e-01
5.712102651596069336e-01
5.623281002044677734e-01
5.504097342491149902e-01
5.369671583175659180e-01
5.234051942825317383e-01
5.068442225456237793e-01
4.859600067138671875e-01
4.660058617591857910e-01
4.633178412914276123e-01
4.693111181259155273e-01
4.753251075744628906e-01
4.826362133026123047e-01
4.877816438674926758e-01
4.918355345726013184e-01
5.000103712081909180e-01
5.170938968658447266e-01
5.340418815612792969e-01
5.501224994659423828e-01
5.646386146545410156e-01
5.621259212493896484e-01
5.499735474586486816e-01
3.544355630874633789e-01
3.534063696861267090e-01
3.523773550987243652e-01
3.513481914997100830e-01
3.503190279006958008e-01
3.492897152900695801e-01
3.482604324817657471e-01
3.472314774990081787e-01
3.462023735046386719e-01
3.488905727863311768e-01
3.584527373313903809e-01
3.687208592891693115e-01
3.791293799877166748e-01
3.902242481708526611e-01
4.026096463203430176e-01
4.149951636791229248e-01
4.273805618286132812e-01
4.378966689109802246e-01
4.474643170833587646e-01
4.553430378437042236e-01
4.611717164516448975e-01
4.652752280235290527e-01
4.696855545043945312e-01
4.771364927291870117e-01
4.756902456283569336e-01
4.706490039825439453e-01
4.663102030754089355e-01
4.669507741928100586e-01
4.666783809661865234e-01
4.716772437095642090e-01
4.699693322181701660e-01
4.681880474090576172e-01
4.659861922264099121e-01
4.677985310554504395e-01
4.693756103515625000e-01
4.706675410270690918e-01
4.706932902336120605e-01
4.705281257629394531e-01
4.733531475067138672e-01
4.772326946258544922e-01
4.767631292343139648e-01
4.743909835815429688e-01
4.722535610198974609e-01
4.702764749526977539e-01
4.665995240211486816e-01
4.628928899765014648e-01
4.596030712127685547e-01
4.575136303901672363e-01
4.566745758056640625e-01
4.511701464653015137e-01
4.461049735546112061e-01
4.422635436058044434e-01
4.405927062034606934e-01
4.355594813823699951e-01
4.280973076820373535e-01
4.206297397613525391e-01
4.133267998695373535e-01
4.100492596626281738e-01
4.084960222244262695e-01
4.074801206588745117e-01
4.113734066486358643e-01
4.150695502758026123e-01
4.178282022476196289e-01
4.205870330333709717e-01
4.223949611186981201e-01
4.224537014961242676e-01
4.210827350616455078e-01
4.239938557147979736e-01
4.290943741798400879e-01
4.341948032379150391e-01
4.392952322959899902e-01
4.443956613540649414e-01
4.520862102508544922e-01
4.604727029800415039e-01
4.672524034976959229e-01
4.666830897331237793e-01
4.673992395401000977e-01
4.681155085563659668e-01
4.671802818775177002e-01
4.635019004344940186e-01
4.594321548938751221e-01
4.548791348934173584e-01
4.542212486267089844e-01
4.543496966361999512e-01
4.560993313789367676e-01
4.596655964851379395e-01
4.632320106029510498e-01
4.667982459068298340e-01
4.703646898269653320e-01
4.739789962768554688e-01
4.750876426696777344e-01
4.805389642715454102e-01
4.881313443183898926e-01
4.957563877105712891e-01
5.033814907073974609e-01
5.113481283187866211e-01
5.218865275382995605e-01
5.340902805328369141e-01
5.484042167663574219e-01
5.615721940994262695e-01
5.721378326416015625e-01
5.818745493888854980e-01
5.920618772506713867e-01
5.985037088394165039e-01
5.947468280792236328e-01
5.890346765518188477e-01
5.820859670639038086e-01
5.751372575759887695e-01
5.679194927215576172e-01
5.602762699127197266e-01
5.520681142807006836e-01
5.408265590667724609e-01
5.285937786102294922e-01
5.141251087188720703e-01
4.958615303039550781e-01
4.750338792800903320e-01
4.726556539535522461e-01
4.774900674819946289e-01
4.835860133171081543e-01
4.920756816864013672e-01
4.993871450424194336e-01
5.066678524017333984e-01
5.134832859039306641e-01
5.293112993240356445e-01
5.463632345199584961e-01
5.632412433624267578e-01
5.773301720619201660e-01
5.660963654518127441e-01
5.548625588417053223e-01
3.458934426307678223e-01
3.448640108108520508e-01
3.438350856304168701e-01
3.428060114383697510e-01
3.417767882347106934e-01
3.407475054264068604e-01
3.397182822227478027e-01
3.386890590190887451e-01
3.387675881385803223e-01
3.460928797721862793e-01
3.561261296272277832e-01
3.662553727626800537e-01
3.766642808914184570e-01
3.879138231277465820e-01
4.002991914749145508e-01
4.122998714447021484e-01
4.223482608795166016e-01
4.319161474704742432e-01
4.400069713592529297e-01
4.460455775260925293e-01
4.506319761276245117e-01
4.515915513038635254e-01
4.542512893676757812e-01
4.604755043983459473e-01
4.560274481773376465e-01
4.513116776943206787e-01
4.472531974315643311e-01
4.507150948047637939e-01
4.577121734619140625e-01
4.542649388313293457e-01
4.539601504802703857e-01
4.541913866996765137e-01
4.558051228523254395e-01
4.597090780735015869e-01
4.633508920669555664e-01
4.685136079788208008e-01
4.718539118766784668e-01
4.767432212829589844e-01
4.793547987937927246e-01
4.828450679779052734e-01
4.838128685951232910e-01
4.818128347396850586e-01
4.803694486618041992e-01
4.789699316024780273e-01
4.760751724243164062e-01
4.727849960327148438e-01
4.694953560829162598e-01
4.663745760917663574e-01
4.629434943199157715e-01
4.566918611526489258e-01
4.504401087760925293e-01
4.449665546417236328e-01
4.442195892333984375e-01
4.407769441604614258e-01
4.337018132209777832e-01
4.266512989997863770e-01
4.198656678199768066e-01
4.144449830055236816e-01
4.110918045043945312e-01
4.107604026794433594e-01
4.135190546512603760e-01
4.162778854370117188e-01
4.184661507606506348e-01
4.193616807460784912e-01
4.199309051036834717e-01
4.196650087833404541e-01
4.207465946674346924e-01
4.249744117259979248e-01
4.300749301910400391e-01
4.351753592491149902e-01
4.402757287025451660e-01
4.451351165771484375e-01
4.508624076843261719e-01
4.586032032966613770e-01
4.652010798454284668e-01
4.636739194393157959e-01
4.638717770576477051e-01
4.636467099189758301e-01
4.609692990779876709e-01
4.568996429443359375e-01
4.526110291481018066e-01
4.469261169433593750e-01
4.443924427032470703e-01
4.450075626373291016e-01
4.464558959007263184e-01
4.500221908092498779e-01
4.535883665084838867e-01
4.571548104286193848e-01
4.597600698471069336e-01
4.602092504501342773e-01
4.611716270446777344e-01
4.650737345218658447e-01
4.685577154159545898e-01
4.735124707221984863e-01
4.798964858055114746e-01
4.875214695930480957e-01
4.976875782012939453e-01
5.096472501754760742e-01
5.232459306716918945e-01
5.377750396728515625e-01
5.470235943794250488e-01
5.556782484054565430e-01
5.650637149810791016e-01
5.748171806335449219e-01
5.783648490905761719e-01
5.757809877395629883e-01
5.710782408714294434e-01
5.655294060707092285e-01
5.597563982009887695e-01
5.534169077873229980e-01
5.465457439422607422e-01
5.395735502243041992e-01
5.302978754043579102e-01
5.179014205932617188e-01
5.035190582275390625e-01
4.849039912223815918e-01
4.854157567024230957e-01
4.872151613235473633e-01
4.916624426841735840e-01
4.997207522392272949e-01
5.088266134262084961e-01
5.176882743835449219e-01
5.273783206939697266e-01
5.415287017822265625e-01
5.585807561874389648e-01
5.756329298019409180e-01
5.790588855743408203e-01
5.698389410972595215e-01
5.588331222534179688e-01
3.373507261276245117e-01
3.363215923309326172e-01
3.352927565574645996e-01
3.342635631561279297e-01
3.332341909408569336e-01
3.322049081325531006e-01
3.311759233474731445e-01
3.301465511322021484e-01
3.344187140464782715e-01
3.439050614833831787e-01
3.539386689662933350e-01
3.639721870422363281e-01
3.741989135742187500e-01
3.858470916748046875e-01
3.972193002700805664e-01
4.067996740341186523e-01
4.163673818111419678e-01
4.246549308300018311e-01
4.309196472167968750e-01
4.359883666038513184e-01
4.370622634887695312e-01
4.364711642265319824e-01
4.376384019851684570e-01
4.414054155349731445e-01
4.363642632961273193e-01
4.322542250156402588e-01
4.281958937644958496e-01
4.320744574069976807e-01
4.356418848037719727e-01
4.356402456760406494e-01
4.369072616100311279e-01
4.413575232028961182e-01
4.476381540298461914e-01
4.517970085144042969e-01
4.569401443004608154e-01
4.620343446731567383e-01
4.690752625465393066e-01
4.788982272148132324e-01
4.861668944358825684e-01
4.921069741249084473e-01
4.951843619346618652e-01
4.926903247833251953e-01
4.904470443725585938e-01
4.883556365966796875e-01
4.859673380851745605e-01
4.826774597167968750e-01
4.793875813484191895e-01
4.760977625846862793e-01
4.692121148109436035e-01
4.629603028297424316e-01
4.567088484764099121e-01
4.504572153091430664e-01
4.453837275505065918e-01
4.426704347133636475e-01
4.396155476570129395e-01
4.331899285316467285e-01
4.264044165611267090e-01
4.191851615905761719e-01
4.143311381340026855e-01
4.134261906147003174e-01
4.145371317863464355e-01
4.154325723648071289e-01
4.163280129432678223e-01
4.166697263717651367e-01
4.164037406444549561e-01
4.181137979030609131e-01
4.230484962463378906e-01
4.259549081325531006e-01
4.310552775859832764e-01
4.361555576324462891e-01
4.401285350322723389e-01
4.437416493892669678e-01
4.489929378032684326e-01
4.567337036132812500e-01
4.618830084800720215e-01
4.620555639266967773e-01
4.601126611232757568e-01
4.584366083145141602e-01
4.543668627738952637e-01
4.502921998500823975e-01
4.451358914375305176e-01
4.393105506896972656e-01
4.346613883972167969e-01
4.351387619972229004e-01
4.370410442352294922e-01
4.403785467147827148e-01
4.439447522163391113e-01
4.461741149425506592e-01
4.466233253479003906e-01
4.470725655555725098e-01
4.476548135280609131e-01
4.504795670509338379e-01
4.533039331436157227e-01
4.565998911857604980e-01
4.604023694992065430e-01
4.660142958164215088e-01
4.739467501640319824e-01
4.859063625335693359e-01
4.987871050834655762e-01
5.128306746482849121e-01
5.249732136726379395e-01
5.339531898498535156e-01
5.419445037841796875e-01
5.497719645500183105e-01
5.566869974136352539e-01
5.547974705696105957e-01
5.530428886413574219e-01
5.503882169723510742e-01
5.469802021980285645e-01
5.419757366180419922e-01
5.370774269104003906e-01
5.319295525550842285e-01
5.245361924171447754e-01
5.171819329261779785e-01
5.056965351104736328e-01
4.944877624511718750e-01
4.974486827850341797e-01
4.994402527809143066e-01
5.017746686935424805e-01
5.060247182846069336e-01
5.164921283721923828e-01
5.286160707473754883e-01
5.382328033447265625e-01
5.507422685623168945e-01
5.696331262588500977e-01
5.878498554229736328e-01
5.804680585861206055e-01
5.714565515518188477e-01
5.623087286949157715e-01
3.288086056709289551e-01
3.277794122695922852e-01
3.267502784729003906e-01
3.257213234901428223e-01
3.246923685073852539e-01
3.236626982688903809e-01
3.228979706764221191e-01
3.253154456615447998e-01
3.323173224925994873e-01
3.417173326015472412e-01
3.517512083053588867e-01
3.617848157882690430e-01
3.720143139362335205e-01
3.821763992309570312e-01
3.912512063980102539e-01
4.008194208145141602e-01
4.093028903007507324e-01
4.157936573028564453e-01
4.210012853145599365e-01
4.224040508270263672e-01
4.217831492424011230e-01
4.200673699378967285e-01
4.202071428298950195e-01
4.217424988746643066e-01
4.172555804252624512e-01
4.131973385810852051e-01
4.091388285160064697e-01
4.115622639656066895e-01
4.119979441165924072e-01
4.140715301036834717e-01
4.142413139343261719e-01
4.253834486007690430e-01
4.367500543594360352e-01
4.443985819816589355e-01
4.506566226482391357e-01
4.574180245399475098e-01
4.674683213233947754e-01
4.780873060226440430e-01
4.887556433677673340e-01
4.984149336814880371e-01
5.056865215301513672e-01
5.050218701362609863e-01
5.027785897254943848e-01
5.005353689193725586e-01
4.980688691139221191e-01
4.935984611511230469e-01
4.894186258316040039e-01
4.856584072113037109e-01
4.761890172958374023e-01
4.692293405532836914e-01
4.629776477813720703e-01
4.553692340850830078e-01
4.487718939781188965e-01
4.455537199974060059e-01
4.424894452095031738e-01
4.388904571533203125e-01
4.309455752372741699e-01
4.226593375205993652e-01
4.170393049716949463e-01
4.159221947193145752e-01
4.150174558162689209e-01
4.141127467155456543e-01
4.134085178375244141e-01
4.131424427032470703e-01
4.135615229606628418e-01
4.203730225563049316e-01
4.242042899131774902e-01
4.278511404991149902e-01
4.315088391304016113e-01
4.351221323013305664e-01
4.387352764606475830e-01
4.423483014106750488e-01
4.471235275268554688e-01
4.548643827438354492e-01
4.585649967193603516e-01
4.601297378540039062e-01
4.567588865756988525e-01
4.518343210220336914e-01
4.477645754814147949e-01
4.428171515464782715e-01
4.376608133316040039e-01
4.316949248313903809e-01
4.261182248592376709e-01
4.252702593803405762e-01
4.266518354415893555e-01
4.307351112365722656e-01
4.325883388519287109e-01
4.330375194549560547e-01
4.334755539894104004e-01
4.324801862239837646e-01
4.336130619049072266e-01
4.364376366138458252e-01
4.392621517181396484e-01
4.420867562294006348e-01
4.449676573276519775e-01
4.494881927967071533e-01
4.552958011627197266e-01
4.642406105995178223e-01
4.743285179138183594e-01
4.879426360130310059e-01
5.026626586914062500e-01
5.119028687477111816e-01
5.204021930694580078e-01
5.278892517089843750e-01
5.341380238533020020e-01
5.366801023483276367e-01
5.329653620719909668e-01
5.305171012878417969e-01
5.282939076423645020e-01
5.250458717346191406e-01
5.218378901481628418e-01
5.187200307846069336e-01
5.136711001396179199e-01
5.077776312828063965e-01
5.019457340240478516e-01
4.983365535736083984e-01
5.051302909851074219e-01
5.089910626411437988e-01
5.121798515319824219e-01
5.152863264083862305e-01
5.243864059448242188e-01
5.368384122848510742e-01
5.488802790641784668e-01
5.606281757354736328e-01
5.763970017433166504e-01
5.869704484939575195e-01
5.814855098724365234e-01
5.729361176490783691e-01
5.638545751571655273e-01
3.314327001571655273e-01
3.293098211288452148e-01
3.271867632865905762e-01
3.250640034675598145e-01
3.230582773685455322e-01
3.213570117950439453e-01
3.211482763290405273e-01
3.246023952960968018e-01
3.326316475868225098e-01
3.408527076244354248e-01
3.497924506664276123e-01
3.593046069145202637e-01
3.677686452865600586e-01
3.764453232288360596e-01
3.854838609695434570e-01
3.939509987831115723e-01
4.006323814392089844e-01
4.058753848075866699e-01
4.076158404350280762e-01
4.070946574211120605e-01
4.051140546798706055e-01
4.030601680278778076e-01
4.028261005878448486e-01
4.022569656372070312e-01
3.981984853744506836e-01
3.941402137279510498e-01
3.908532857894897461e-01
3.879182338714599609e-01
3.903816044330596924e-01
3.944844007492065430e-01
3.975522220134735107e-01
4.028623104095458984e-01
4.177082180976867676e-01
4.327944219112396240e-01
4.447612464427947998e-01
4.561895132064819336e-01
4.671631753444671631e-01
4.781344532966613770e-01
4.891836047172546387e-01
5.000174045562744141e-01
5.101196169853210449e-01
5.138330459594726562e-01
5.145148038864135742e-01
5.128667354583740234e-01
5.106235146522521973e-01
5.067343115806579590e-01
5.022640228271484375e-01
4.955813884735107422e-01
4.847489595413208008e-01
4.756060838699340820e-01
4.682697057723999023e-01
4.602498114109039307e-01
4.525449872016906738e-01
4.489810466766357422e-01
4.444159269332885742e-01
4.398508667945861816e-01
4.344980716705322266e-01
4.249262213706970215e-01
4.176496267318725586e-01
4.167448580265045166e-01
4.158400595188140869e-01
4.139257967472076416e-01
4.118598103523254395e-01
4.097939133644104004e-01
4.158206880092620850e-01
4.217133224010467529e-01
4.253204464912414551e-01
4.275933802127838135e-01
4.301155209541320801e-01
4.337288141250610352e-01
4.373419880867004395e-01
4.409551024436950684e-01
4.452540278434753418e-01
4.529947936534881592e-01
4.552470445632934570e-01
4.561091661453247070e-01
4.525658488273620605e-01
4.455350935459136963e-01
4.404982328414916992e-01
4.353419542312622070e-01
4.301855564117431641e-01
4.240793287754058838e-01
4.177940487861633301e-01
4.154016375541687012e-01
4.161576926708221436e-01
4.185642898082733154e-01
4.194514453411102295e-01
4.196277558803558350e-01
4.186281561851501465e-01
4.176285266876220703e-01
4.195713400840759277e-01
4.223957061767578125e-01
4.252202510833740234e-01
4.280448257923126221e-01
4.319677352905273438e-01
4.360978603363037109e-01
4.402282238006591797e-01
4.457611143589019775e-01
4.552970528602600098e-01
4.659848213195800781e-01
4.780319929122924805e-01
4.898525476455688477e-01
4.988325238227844238e-01
5.060065984725952148e-01
5.122553110122680664e-01
5.185040235519409180e-01
5.166884064674377441e-01
5.126934051513671875e-01
5.087605714797973633e-01
5.062367916107177734e-01
5.040134191513061523e-01
5.010854005813598633e-01
4.978371858596801758e-01
4.930011034011840820e-01
4.878562092781066895e-01
4.951987862586975098e-01
5.065692663192749023e-01
5.134767293930053711e-01
5.191675424575805664e-01
5.241318941116333008e-01
5.313980579376220703e-01
5.428603887557983398e-01
5.563064813613891602e-01
5.701076984405517578e-01
5.847739577293395996e-01
5.826825499534606934e-01
5.772421360015869141e-01
5.718018412590026855e-01
5.653465986251831055e-01
3.371770083904266357e-01
3.350544571876525879e-01
3.329311311244964600e-01
3.312006592750549316e-01
3.294994831085205078e-01
3.277986645698547363e-01
3.312116265296936035e-01
3.367648124694824219e-01
3.448169529438018799e-01
3.529517948627471924e-01
3.612143993377685547e-01
3.675166070461273193e-01
3.746437430381774902e-01
3.822134435176849365e-01
3.891536295413970947e-01
3.944442868232727051e-01
3.987025618553161621e-01
3.996730744838714600e-01
3.979804515838623047e-01
3.948327898979187012e-01
3.916853070259094238e-01
3.885380029678344727e-01
3.857771456241607666e-01
3.834969699382781982e-01
3.791413009166717529e-01
3.750828802585601807e-01
3.679898977279663086e-01
3.663084208965301514e-01
3.706032633781433105e-01
3.765960931777954102e-01
3.819197714328765869e-01
3.883315622806549072e-01
3.994460701942443848e-01
4.154307544231414795e-01
4.325056970119476318e-01
4.516052305698394775e-01
4.660976529121398926e-01
4.787266850471496582e-01
4.897760152816772461e-01
5.008251070976257324e-01
5.111569166183471680e-01
5.175438523292541504e-01
5.208415985107421875e-01
5.224354863166809082e-01
5.229548215866088867e-01
5.198701024055480957e-01
5.153996944427490234e-01
5.068606138229370117e-01
4.962970018386840820e-01
4.846939444541931152e-01
4.747633934020996094e-01
4.654812514781951904e-01
4.559412896633148193e-01
4.499033987522125244e-01
4.453383386135101318e-01
4.398608207702636719e-01
4.334325492382049561e-01
4.263064861297607422e-01
4.190782010555267334e-01
4.174916446208953857e-01
4.154254198074340820e-01
4.133592844009399414e-01
4.112932682037353516e-01
4.144076406955718994e-01
4.194189310073852539e-01
4.220563769340515137e-01
4.242158830165863037e-01
4.263753294944763184e-01
4.285347461700439453e-01
4.323353767395019531e-01
4.359486103057861328e-01
4.395616352558135986e-01
4.434079527854919434e-01
4.503643810749053955e-01
4.519114196300506592e-01
4.512176811695098877e-01
4.478726983070373535e-01
4.403706789016723633e-01
4.330230355262756348e-01
4.278667569160461426e-01
4.226708114147186279e-01
4.164639115333557129e-01
4.101387262344360352e-01
4.055329263210296631e-01
4.036420583724975586e-01
4.034516811370849609e-01
4.057758450508117676e-01
4.047761559486389160e-01
4.037764966487884521e-01
4.027768969535827637e-01
4.055293202400207520e-01
4.083538055419921875e-01
4.111785292625427246e-01
4.148378074169158936e-01
4.189679920673370361e-01
4.230982065200805664e-01
4.272283017635345459e-01
4.315103292465209961e-01
4.383132457733154297e-01
4.468099176883697510e-01
4.581471681594848633e-01
4.705114960670471191e-01
4.775128960609436035e-01
4.841237068176269531e-01
4.903725385665893555e-01
4.966213107109069824e-01
4.990040063858032227e-01
4.966969490051269531e-01
4.927019476890563965e-01
4.887068271636962891e-01
4.848629236221313477e-01
4.819933176040649414e-01
4.802793264389038086e-01
4.770922660827636719e-01
4.713776111602783203e-01
4.814209342002868652e-01
4.997386336326599121e-01
5.112420916557312012e-01
5.195923447608947754e-01
5.293289422988891602e-01
5.377815961837768555e-01
5.483059287071228027e-01
5.596894621849060059e-01
5.740848779678344727e-01
5.865746140480041504e-01
5.782144665718078613e-01
5.727888345718383789e-01
5.672655701637268066e-01
5.617424249649047852e-01
3.429215252399444580e-01
3.410439789295196533e-01
3.393428027629852295e-01
3.376419246196746826e-01
3.359405994415283203e-01
3.378210067749023438e-01
3.412746489048004150e-01
3.489495813846588135e-01
3.570018410682678223e-01
3.637042045593261719e-01
3.698233962059020996e-01
3.759455382823944092e-01
3.834769427776336670e-01
3.904273509979248047e-01
3.954688310623168945e-01
3.991396427154541016e-01
4.002510309219360352e-01
3.984074890613555908e-01
3.952602744102478027e-01
3.921126425266265869e-01
3.889653682708740234e-01
3.858178555965423584e-01
3.811813294887542725e-01
3.787268102169036865e-01
3.735730946063995361e-01
3.654169142246246338e-01
3.584117591381072998e-01
3.566844165325164795e-01
3.612490892410278320e-01
3.700433373451232910e-01
3.754633367061614990e-01
3.831103146076202393e-01
3.893537223339080811e-01
4.034495353698730469e-01
4.215937256813049316e-01
4.395916759967803955e-01
4.575897157192230225e-01
4.763163328170776367e-01
4.893348813056945801e-01
5.014176368713378906e-01
5.121943354606628418e-01
5.201158523559570312e-01
5.232074856758117676e-01
5.265674591064453125e-01
5.301619768142700195e-01
5.310009717941284180e-01
5.287958383560180664e-01
5.185694098472595215e-01
5.069912672042846680e-01
4.939734339714050293e-01
4.813827872276306152e-01
4.710950255393981934e-01
4.608072638511657715e-01
4.516089260578155518e-01
4.440795779228210449e-01
4.374371767044067383e-01
4.310088455677032471e-01
4.248997569084167480e-01
4.229338467121124268e-01
4.183655381202697754e-01
4.151128232479095459e-01
4.127927422523498535e-01
4.146161079406738281e-01
4.194154441356658936e-01
4.229394197463989258e-01
4.233379364013671875e-01
4.236972630023956299e-01
4.251573681831359863e-01
4.273167252540588379e-01
4.301258623600006104e-01
4.345551729202270508e-01
4.381683468818664551e-01
4.417840838432312012e-01
4.470465183258056641e-01
4.474372267723083496e-01
4.448249340057373047e-01
4.413672983646392822e-01
4.348050951957702637e-01
4.266667068004608154e-01
4.203917086124420166e-01
4.150552451610565186e-01
4.088482260704040527e-01
4.024832844734191895e-01
3.936604857444763184e-01
3.902803063392639160e-01
3.882086277008056641e-01
3.898051679134368896e-01
3.899246156215667725e-01
3.889249861240386963e-01
3.886630237102508545e-01
3.914874196052551270e-01
3.943119347095489502e-01
3.977077007293701172e-01
4.018377661705017090e-01
4.059679806232452393e-01
4.100983142852783203e-01
4.142282903194427490e-01
4.183585345745086670e-01
4.240157306194305420e-01
4.311747848987579346e-01
4.396926164627075195e-01
4.508511424064636230e-01
4.605656266212463379e-01
4.656627774238586426e-01
4.696372151374816895e-01
4.747384786605834961e-01
4.809837937355041504e-01
4.791386127471923828e-01
4.767056703567504883e-01
4.727104902267456055e-01
4.687154293060302734e-01
4.647203087806701660e-01
4.610323309898376465e-01
4.584845900535583496e-01
4.546600580215454102e-01
4.680905342102050781e-01
4.853961467742919922e-01
5.032952427864074707e-01
5.155707597732543945e-01
5.277781486511230469e-01
5.391011238098144531e-01
5.484961867332458496e-01
5.618036985397338867e-01
5.754699707031250000e-01
5.765749812126159668e-01
5.698304176330566406e-01
5.658117532730102539e-01
5.616662502288818359e-01
5.568900108337402344e-01
3.491864502429962158e-01
3.474853038787841797e-01
3.457844257354736328e-01
3.440833389759063721e-01
3.444304466247558594e-01
3.478842377662658691e-01
3.530822694301605225e-01
3.609347939491271973e-01
3.669845461845397949e-01
3.722193539142608643e-01
3.782525360584259033e-01
3.847403824329376221e-01
3.918120861053466797e-01
3.970457911491394043e-01
4.006178081035614014e-01
4.013302028179168701e-01
3.988350033760070801e-01
3.956874608993530273e-01
3.925397098064422607e-01
3.893924057483673096e-01
3.862451910972595215e-01
3.831275105476379395e-01
3.767536878585815430e-01
3.738570213317871094e-01
3.664348125457763672e-01
3.588500022888183594e-01
3.543849885463714600e-01
3.529278934001922607e-01
3.620021045207977295e-01
3.715815246105194092e-01
3.789588212966918945e-01
3.870923221111297607e-01
3.945486843585968018e-01
4.040623605251312256e-01
4.224078357219696045e-01
4.404059350490570068e-01
4.584038853645324707e-01
4.764021635055541992e-01
4.943999052047729492e-01
5.110728740692138672e-01
5.228490829467773438e-01
5.318711996078491211e-01
5.338690280914306641e-01
5.358670353889465332e-01
5.383977890014648438e-01
5.411669611930847168e-01
5.403839349746704102e-01
5.303986668586730957e-01
5.165192484855651855e-01
5.017375349998474121e-01
4.877485036849975586e-01
4.765569567680358887e-01
4.644059240818023682e-01
4.524285495281219482e-01
4.448195695877075195e-01
4.372106194496154785e-01
4.296016693115234375e-01
4.234493970870971680e-01
4.216173291206359863e-01
4.198746085166931152e-01
4.168885648250579834e-01
4.162342250347137451e-01
4.189602434635162354e-01
4.222614765167236328e-01
4.247211813926696777e-01
4.250804781913757324e-01
4.254398047924041748e-01
4.257991909980773926e-01
4.261584877967834473e-01
4.282582700252532959e-01
4.327533543109893799e-01
4.367746710777282715e-01
4.403880834579467773e-01
4.432644844055175781e-01
4.416531622409820557e-01
4.384095072746276855e-01
4.341018497943878174e-01
4.292391836643218994e-01
4.211008548736572266e-01
4.130286574363708496e-01
4.074397087097167969e-01
4.011330604553222656e-01
3.916113376617431641e-01
3.818869292736053467e-01
3.758470416069030762e-01
3.723872900009155273e-01
3.729777336120605469e-01
3.750730454921722412e-01
3.740734159946441650e-01
3.746208548545837402e-01
3.774456381797790527e-01
3.805775940418243408e-01
3.847078382968902588e-01
3.888379633426666260e-01
3.929682374000549316e-01
3.970984518527984619e-01
4.012286663055419922e-01
4.053587913513183594e-01
4.098460674285888672e-01
4.168773293495178223e-01
4.246770143508911133e-01
4.338159263134002686e-01
4.440242350101470947e-01
4.485652148723602295e-01
4.529008865356445312e-01
4.567382633686065674e-01
4.606691002845764160e-01
4.612431824207305908e-01
4.592731893062591553e-01
4.567141532897949219e-01
4.527190923690795898e-01
4.486693441867828369e-01
4.445915222167968750e-01
4.406850934028625488e-01
4.387888312339782715e-01
4.534350037574768066e-01
4.701832532882690430e-01
4.884779453277587891e-01
5.077756643295288086e-01
5.216695666313171387e-01
5.336213707923889160e-01
5.455732345581054688e-01
5.594389438629150391e-01
5.713727474212646484e-01
5.622814297676086426e-01
5.572986006736755371e-01
5.537039041519165039e-01
5.519155263900756836e-01
5.485080480575561523e-01
3.556278944015502930e-01
3.539267480373382568e-01
3.522257804870605469e-01
3.510496020317077637e-01
3.544932603836059570e-01
3.579475581645965576e-01
3.646826148033142090e-01
3.702650368213653564e-01
3.754991888999938965e-01
3.807342946529388428e-01
3.866816163063049316e-01
3.931965529918670654e-01
3.986230492591857910e-01
4.021474719047546387e-01
4.033394455909729004e-01
4.002906680107116699e-01
3.962666392326354980e-01
3.929672837257385254e-01
3.898197114467620850e-01
3.866723775863647461e-01
3.834640979766845703e-01
3.800625801086425781e-01
3.721907734870910645e-01
3.683298826217651367e-01
3.601297736167907715e-01
3.560860455036163330e-01
3.524479866027832031e-01
3.540517091751098633e-01
3.637758195400238037e-01
3.751784265041351318e-01
3.833328485488891602e-01
3.916631042957305908e-01
4.007690250873565674e-01
4.098666906356811523e-01
4.232222139835357666e-01
4.412199556827545166e-01
4.592180848121643066e-01
4.772163629531860352e-01
4.952142238616943359e-01
5.132122039794921875e-01
5.312103629112243652e-01
5.460800528526306152e-01
5.508722662925720215e-01
5.531387925148010254e-01
5.554050803184509277e-01
5.576785802841186523e-01
5.541412830352783203e-01
5.449076294898986816e-01
5.347223877906799316e-01
5.228655338287353516e-01
5.069388747215270996e-01
4.913570284843444824e-01
4.781122207641601562e-01
4.648674130439758301e-01
4.548905789852142334e-01
4.461880624294281006e-01
4.367259442806243896e-01
4.305207431316375732e-01
4.264691770076751709e-01
4.224177598953247070e-01
4.219146072864532471e-01
4.234062433242797852e-01
4.246499538421630859e-01
4.264861345291137695e-01
4.266555309295654297e-01
4.268230497837066650e-01
4.271823167800903320e-01
4.275417327880859375e-01
4.279011785984039307e-01
4.282604753971099854e-01
4.297674000263214111e-01
4.353808760643005371e-01
4.389947056770324707e-01
4.384816586971282959e-01
4.352607429027557373e-01
4.311439990997314453e-01
4.268362820148468018e-01
4.225285351276397705e-01
4.155349731445312500e-01
4.073967337608337402e-01
3.993484973907470703e-01
3.900243341922760010e-01
3.804627954959869385e-01
3.694307506084442139e-01
3.607704639434814453e-01
3.567782044410705566e-01
3.561501204967498779e-01
3.584215939044952393e-01
3.592217266559600830e-01
3.605791330337524414e-01
3.634476065635681152e-01
3.675778210163116455e-01
3.717079460620880127e-01
3.758381605148315430e-01
3.799683451652526855e-01
3.840984404087066650e-01
3.882286846637725830e-01
3.923588991165161133e-01
3.964891135692596436e-01
4.025798141956329346e-01
4.097390770912170410e-01
4.184753000736236572e-01
4.278264045715332031e-01
4.334650635719299316e-01
4.369351267814636230e-01
4.400301873683929443e-01
4.437707066535949707e-01
4.473141729831695557e-01
4.429880678653717041e-01
4.389537572860717773e-01
4.361860156059265137e-01
4.321083724498748779e-01
4.280304908752441406e-01
4.239525794982910156e-01
4.252491891384124756e-01
4.410245418548583984e-01
4.558091461658477783e-01
4.739141464233398438e-01
4.948974847793579102e-01
5.129740238189697266e-01
5.275073051452636719e-01
5.394592285156250000e-01
5.524424314498901367e-01
5.541027784347534180e-01
5.458359122276306152e-01
5.402572751045227051e-01
5.363243818283081055e-01
5.364744663238525391e-01
5.374536514282226562e-01
3.620687723159790039e-01
3.603677749633789062e-01
3.588384687900543213e-01
3.611031174659729004e-01
3.645569980144500732e-01
3.683099150657653809e-01
3.735448718070983887e-01
3.787798285484313965e-01
3.840142488479614258e-01
3.892491161823272705e-01
3.948545455932617188e-01
4.001997113227844238e-01
4.036742150783538818e-01
4.053488969802856445e-01
4.021494090557098389e-01
3.980974555015563965e-01
3.940455019474029541e-01
3.902253508567810059e-01
3.870096206665039062e-01
3.837937116622924805e-01
3.808366656303405762e-01
3.760913312435150146e-01
3.686546683311462402e-01
3.628332018852233887e-01
3.583237230777740479e-01
3.547895550727844238e-01
3.535899519920349121e-01
3.563962876796722412e-01
3.671344518661499023e-01
3.793556988239288330e-01
3.876014649868011475e-01
3.969521224498748779e-01
4.079056978225708008e-01
4.170034825801849365e-01
4.254843294620513916e-01
4.420343041419982910e-01
4.600324332714080811e-01
4.780302643775939941e-01
4.960283637046813965e-01
5.140263438224792480e-01
5.321105122566223145e-01
5.503772497177124023e-01
5.632253885269165039e-01
5.688979625701904297e-01
5.708788633346557617e-01
5.711389183998107910e-01
5.651206374168395996e-01
5.563253164291381836e-01
5.461269021034240723e-01
5.353196859359741211e-01
5.225530862808227539e-01
5.086854100227355957e-01
4.946664571762084961e-01
4.814215898513793945e-01
4.699971079826354980e-01
4.603073000907897949e-01
4.506538510322570801e-01
4.461271166801452637e-01
4.420572817325592041e-01
4.367095232009887695e-01
4.396190941333770752e-01
4.442533254623413086e-01
4.445458054542541504e-01
4.452621340751647949e-01
4.433413147926330566e-01
4.414202272891998291e-01
4.394992887973785400e-01
4.386038184165954590e-01
4.378693997859954834e-01
4.371350705623626709e-01
4.364006817340850830e-01
4.379199743270874023e-01
4.401381015777587891e-01
4.348458349704742432e-01
4.298494756221771240e-01
4.244479835033416748e-01
4.195707142353057861e-01
4.152630567550659180e-01
4.099692106246948242e-01
4.009794890880584717e-01
3.891226351261138916e-01
3.787606358528137207e-01
3.677105009555816650e-01
3.565794825553894043e-01
3.458524942398071289e-01
3.417016267776489258e-01
3.394557535648345947e-01
3.415940999984741211e-01
3.438656330108642578e-01
3.465371429920196533e-01
3.504478335380554199e-01
3.545779585838317871e-01
3.587081432342529297e-01
3.628382980823516846e-01
3.669684827327728271e-01
3.710986971855163574e-01
3.752288818359375000e-01
3.793330192565917969e-01
3.833803236484527588e-01
3.880907595157623291e-01
3.951671719551086426e-01
4.031027555465698242e-01
4.115452766418457031e-01
4.197593331336975098e-01
4.224131703376770020e-01
4.242663979530334473e-01
4.273615181446075439e-01
4.304565787315368652e-01
4.297617971897125244e-01
4.252974987030029297e-01
4.208392500877380371e-01
4.157674312591552734e-01
4.114693999290466309e-01
4.073916375637054443e-01
4.121717810630798340e-01
4.291296005249023438e-01
4.444044530391693115e-01
4.616576135158538818e-01
4.801706075668334961e-01
5.002699494361877441e-01
5.177056789398193359e-01
5.331988930702209473e-01
5.452966690063476562e-01
5.358889102935791016e-01
5.261772871017456055e-01
5.209452509880065918e-01
5.158290863037109375e-01
5.135697126388549805e-01
5.172569751739501953e-01
3.685101866722106934e-01
3.668583333492279053e-01
3.677123486995697021e-01
3.710587918758392334e-01
3.726776242256164551e-01
3.768248260021209717e-01
3.820595443248748779e-01
3.872947990894317627e-01
3.925291895866394043e-01
3.976282477378845215e-01
4.017770588397979736e-01
4.052012562751770020e-01
4.072743654251098633e-01
4.040083289146423340e-01
3.999563157558441162e-01
3.958527445793151855e-01
3.917323648929595947e-01
3.876124024391174316e-01
3.841231465339660645e-01
3.811826407909393311e-01
3.796499371528625488e-01
3.742049634456634521e-01
3.657765686511993408e-01
3.606654405593872070e-01
3.574163615703582764e-01
3.553902506828308105e-01
3.569847941398620605e-01
3.590880930423736572e-01
3.713091611862182617e-01
3.835303187370300293e-01
3.928012251853942871e-01
4.039422273635864258e-01
4.150427281856536865e-01
4.241404533386230469e-01
4.326986670494079590e-01
4.428485631942749023e-01
4.608465135097503662e-01
4.788445830345153809e-01
4.968706965446472168e-01
5.151373147964477539e-01
5.334038734436035156e-01
5.513292551040649414e-01
5.646564960479736328e-01
5.734646916389465332e-01
5.819367766380310059e-01
5.822706818580627441e-01
5.748599767684936523e-01
5.650060176849365234e-01
5.541985630989074707e-01
5.433909893035888672e-01
5.325837135314941406e-01
5.217763781547546387e-01
5.093209743499755859e-01
4.979218840599060059e-01
4.838886260986328125e-01
4.740245342254638672e-01
4.657849669456481934e-01
4.609496891498565674e-01
4.554108381271362305e-01
4.556749165058135986e-01
4.573585689067840576e-01
4.623294174671173096e-01
4.670538902282714844e-01
4.661175310611724854e-01
4.630157947540283203e-01
4.599220454692840576e-01
4.578707814216613770e-01
4.559499919414520264e-01
4.540289640426635742e-01
4.531644880771636963e-01
4.524300694465637207e-01
4.519562125205993652e-01
4.497810304164886475e-01
4.422720372676849365e-01
4.368706345558166504e-01
4.314693212509155273e-01
4.260677993297576904e-01
4.206663966178894043e-01
4.140374958515167236e-01
4.024019241333007812e-01
3.888896405696868896e-01
3.742310106754302979e-01
3.620471656322479248e-01
3.498224616050720215e-01
3.370779752731323242e-01
3.305438160896301270e-01
3.264410197734832764e-01
3.264981210231781006e-01
3.278279900550842285e-01
3.333177864551544189e-01
3.374361395835876465e-01
3.414836823940277100e-01
3.455309569835662842e-01
3.495784997940063477e-01
3.536258637905120850e-01
3.576734960079193115e-01
3.617209494113922119e-01
3.657683730125427246e-01
3.698157370090484619e-01
3.738633692264556885e-01
3.803050518035888672e-01
3.875226378440856934e-01
3.951390981674194336e-01
4.033531248569488525e-01
4.089009761810302734e-01
4.112365543842315674e-01
4.126022458076477051e-01
4.146926999092102051e-01
4.173655211925506592e-01
4.122974574565887451e-01
4.076569676399230957e-01
4.031926095485687256e-01
3.977610766887664795e-01
3.914676904678344727e-01
3.994215726852416992e-01
4.162254333496093750e-01
4.347063899040222168e-01
4.513016045093536377e-01
4.684025049209594727e-01
4.863475561141967773e-01
5.050624608993530273e-01
5.229277610778808594e-01
5.290419459342956543e-01
5.167813301086425781e-01
5.070805549621582031e-01
5.011638402938842773e-01
4.960554242134094238e-01
4.908221364021301270e-01
4.916847944259643555e-01
3.749515414237976074e-01
3.743217587471008301e-01
3.772830069065093994e-01
3.784345388412475586e-01
3.801051080226898193e-01
3.853401541709899902e-01
3.905748128890991211e-01
3.958095312118530273e-01
4.010297656059265137e-01
4.046033024787902832e-01
4.067282080650329590e-01
4.088209569454193115e-01
4.058543443679809570e-01
4.017338752746582031e-01
3.976136147975921631e-01
3.934936523437500000e-01
3.893734216690063477e-01
3.856456577777862549e-01
3.825154900550842285e-01
3.811933398246765137e-01
3.798866868019104004e-01
3.733584284782409668e-01
3.644892275333404541e-01
3.603367805480957031e-01
3.573712110519409180e-01
3.586813807487487793e-01
3.602420687675476074e-01
3.634963035583496094e-01
3.754839301109313965e-01
3.882445693016052246e-01
3.989982604980468750e-01
4.109364748001098633e-01
4.221796691417694092e-01
4.312773346900939941e-01
4.399127662181854248e-01
4.478917121887207031e-01
4.616609811782836914e-01
4.798973798751831055e-01
4.981640577316284180e-01
5.161113142967224121e-01
5.328772068023681641e-01
5.496431589126586914e-01
5.648915767669677734e-01
5.735918879508972168e-01
5.801602602005004883e-01
5.826498270034790039e-01
5.806105136871337891e-01
5.729550123214721680e-01
5.622701644897460938e-01
5.514626502990722656e-01
5.406553149223327637e-01
5.298478603363037109e-01
5.188668966293334961e-01
5.090200901031494141e-01
4.975389242172241211e-01
4.875587224960327148e-01
4.797210693359375000e-01
4.741822481155395508e-01
4.731552600860595703e-01
4.746940732002258301e-01
4.762327671051025391e-01
4.800688624382019043e-01
4.850399494171142578e-01
4.875410795211791992e-01
4.846311807632446289e-01
4.815297126770019531e-01
4.784280061721801758e-01
4.753265380859375000e-01
4.724006652832031250e-01
4.704796075820922852e-01
4.685585498809814453e-01
4.661436378955841064e-01
4.592651426792144775e-01
4.514170885086059570e-01
4.449935853481292725e-01
4.384905993938446045e-01
4.330891668796539307e-01
4.260843098163604736e-01
4.175657033920288086e-01
4.069424867630004883e-01
3.922619819641113281e-01
3.774133920669555664e-01
3.634705543518066406e-01
3.512457609176635742e-01
3.381198346614837646e-01
3.295908868312835693e-01
3.247401416301727295e-01
3.236287534236907959e-01
3.262446820735931396e-01
3.324695229530334473e-01
3.366084992885589600e-01
3.395622968673706055e-01
3.425160050392150879e-01
3.454696536064147949e-01
3.484233617782592773e-01
3.513770997524261475e-01
3.543307185173034668e-01
3.572845458984375000e-01
3.602382242679595947e-01
3.631920814514160156e-01
3.672423064708709717e-01
3.732250928878784180e-01
3.791880011558532715e-01
3.869470953941345215e-01
3.951610922813415527e-01
3.978068530559539795e-01
3.995977640151977539e-01
4.009634852409362793e-01
4.023292064666748047e-01
4.005208015441894531e-01
3.953971266746520996e-01
3.902732133865356445e-01
3.855518996715545654e-01
3.799944221973419189e-01
3.899849057197570801e-01
4.061269760131835938e-01
4.238796830177307129e-01
4.415333867073059082e-01
4.575440883636474609e-01
4.746002554893493652e-01
4.925398826599121094e-01
5.099434852600097656e-01
5.069801807403564453e-01
4.979556798934936523e-01
4.883499145507812500e-01
4.817780256271362305e-01
4.761500358581542969e-01
4.711648225784301758e-01
4.665464162826538086e-01
3.818581700325012207e-01
3.835079669952392578e-01
3.841913938522338867e-01
3.848277926445007324e-01
3.886201083660125732e-01
3.938547372817993164e-01
3.990896046161651611e-01
4.043243229389190674e-01
4.080547690391540527e-01
4.092813432216644287e-01
4.100403785705566406e-01
4.076151847839355469e-01
4.034951925277709961e-01
3.993748426437377930e-01
3.952554762363433838e-01
3.916440308094024658e-01
3.884368538856506348e-01
3.858015537261962891e-01
3.834518194198608398e-01
3.824602067470550537e-01
3.813662827014923096e-01
3.726420700550079346e-01
3.639040887355804443e-01
3.601412177085876465e-01
3.603779971599578857e-01
3.619387149810791016e-01
3.648322224617004395e-01
3.684378862380981445e-01
3.798063397407531738e-01
3.935552835464477539e-01
4.059926867485046387e-01
4.179309010505676270e-01
4.293167591094970703e-01
4.384142756462097168e-01
4.471269249916076660e-01
4.552862346172332764e-01
4.635336995124816895e-01
4.808936715126037598e-01
4.976593852043151855e-01
5.144252777099609375e-01
5.311911702156066895e-01
5.479571819305419922e-01
5.646100044250488281e-01
5.703881978988647461e-01
5.757094621658325195e-01
5.762927532196044922e-01
5.752522349357604980e-01
5.742113590240478516e-01
5.689445137977600098e-01
5.595340728759765625e-01
5.487267971038818359e-01
5.374101400375366211e-01
5.254413485527038574e-01
5.144674181938171387e-01
5.048288702964782715e-01
4.957017898559570312e-01
4.925692081451416016e-01
4.906356334686279297e-01
4.921742081642150879e-01
4.937130212783813477e-01
4.952515959739685059e-01
4.978082180023193359e-01
5.025271177291870117e-01
5.043336749076843262e-01
5.060734748840332031e-01
5.031447410583496094e-01
5.000433921813964844e-01
4.969419240951538086e-01
4.938401579856872559e-01
4.907385706901550293e-01
4.869405627250671387e-01
4.803127050399780273e-01
4.681989550590515137e-01
4.598064720630645752e-01
4.546051025390625000e-01
4.477737247943878174e-01
4.385927617549896240e-01
4.295462667942047119e-01
4.199915528297424316e-01
4.099416136741638184e-01
3.953202366828918457e-01
3.803503811359405518e-01
3.650609254837036133e-01
3.521068394184112549e-01
3.391808867454528809e-01
3.282363116741180420e-01
3.230677545070648193e-01
3.208188414573669434e-01
3.249908089637756348e-01
3.312158584594726562e-01
3.373306989669799805e-01
3.402843177318572998e-01
3.432382345199584961e-01
3.461918234825134277e-01
3.491455912590026855e-01
3.520993888378143311e-01
3.550531268119812012e-01
3.580068945884704590e-01
3.609606027603149414e-01
3.639142215251922607e-01
3.670355677604675293e-01
3.725024163722991943e-01
3.771661221981048584e-01
3.833460211753845215e-01
3.904665112495422363e-01
3.949122428894042969e-01
3.961173892021179199e-01
3.963893651962280273e-01
3.966610431671142578e-01
3.962992429733276367e-01
3.887694180011749268e-01
3.825519084930419922e-01
3.763345181941986084e-01
3.701166510581970215e-01
3.834543526172637939e-01
4.003569483757019043e-01
4.167143106460571289e-01
4.331286549568176270e-01
4.478563666343688965e-01
4.637268781661987305e-01
4.806482791900634766e-01
4.916725158691406250e-01
4.831292629241943359e-01
4.751315116882324219e-01
4.680323600769042969e-01
4.621258676052093506e-01
4.574049413204193115e-01
4.516122341156005859e-01
4.463104009628295898e-01
3.893117904663085938e-01
3.899484276771545410e-01
3.905848264694213867e-01
3.919004499912261963e-01
3.971349596977233887e-01
4.023699760437011719e-01
4.076045453548431396e-01
4.113684594631195068e-01
4.127528071403503418e-01
4.119125604629516602e-01
4.093034267425537109e-01
4.052561521530151367e-01
4.011407494544982910e-01
3.976423144340515137e-01
3.945416212081909180e-01
3.919273912906646729e-01
3.894707560539245605e-01
3.870140314102172852e-01
3.857703506946563721e-01
3.874320387840270996e-01
3.807573914527893066e-01
3.719136118888854980e-01
3.643069267272949219e-01
3.622819185256958008e-01
3.636352121829986572e-01
3.659658432006835938e-01
3.697876036167144775e-01
3.733799457550048828e-01
3.850021362304687500e-01
4.004558920860290527e-01
4.129868447780609131e-01
4.249251186847686768e-01
4.364534020423889160e-01
4.456733465194702148e-01
4.547320008277893066e-01
4.627045392990112305e-01
4.694513678550720215e-01
4.792076945304870605e-01
4.959734678268432617e-01
5.127394199371337891e-01
5.295053720474243164e-01
5.446751117706298828e-01
5.581149458885192871e-01
5.659353137016296387e-01
5.708891153335571289e-01
5.699357390403747559e-01
5.688950419425964355e-01
5.678542256355285645e-01
5.657261610031127930e-01
5.626587867736816406e-01
5.552105903625488281e-01
5.440925359725952148e-01
5.316545367240905762e-01
5.182940959930419922e-01
5.074200630187988281e-01
4.994457960128784180e-01
5.016439557075500488e-01
5.071029663085937500e-01
5.111933350563049316e-01
5.127319097518920898e-01
5.142706632614135742e-01
5.158090591430664062e-01
5.191629528999328613e-01
5.209693908691406250e-01
5.227756500244140625e-01
5.245822668075561523e-01
5.216584801673889160e-01
5.185568928718566895e-01
5.154554247856140137e-01
5.123413801193237305e-01
5.062552094459533691e-01
4.973699450492858887e-01
4.821424484252929688e-01
4.695282578468322754e-01
4.626490175724029541e-01
4.549348950386047363e-01
4.445334970951080322e-01
4.329126179218292236e-01
4.212402105331420898e-01
4.110775589942932129e-01
3.981279730796813965e-01
3.831183612346649170e-01
3.678289055824279785e-01
3.529653847217559814e-01
3.402419090270996094e-01
3.275032639503479004e-01
3.217448294162750244e-01
3.193344473838806152e-01
3.237372636795043945e-01
3.299621045589447021e-01
3.361870348453521729e-01
3.410065472126007080e-01
3.439604341983795166e-01
3.469142019748687744e-01
3.498677611351013184e-01
3.528215885162353516e-01
3.557752668857574463e-01
3.587290942668914795e-01
3.616826534271240234e-01
3.646365702152252197e-01
3.675903081893920898e-01
3.715864419937133789e-01
3.758904337882995605e-01
3.814908564090728760e-01
3.883469104766845703e-01
3.954673111438751221e-01
3.970110714435577393e-01
3.976716995239257812e-01
3.979437053203582764e-01
3.982154726982116699e-01
3.936451673507690430e-01
3.856981098651885986e-01
3.788447380065917969e-01
3.752600550651550293e-01
3.922631144523620605e-01
4.088663458824157715e-01
4.240197539329528809e-01
4.388132989406585693e-01
4.529038369655609131e-01
4.655942320823669434e-01
4.784670472145080566e-01
4.768466353416442871e-01
4.666414558887481689e-01
4.570402204990386963e-01
4.475869238376617432e-01
4.432920813560485840e-01
4.385935962200164795e-01
4.332605004310607910e-01
4.273931682109832764e-01
3.957051038742065430e-01
3.963417112827301025e-01
3.969779014587402344e-01
4.004148542881011963e-01
4.056499302387237549e-01
4.108515977859497070e-01
4.145879149436950684e-01
4.160946309566497803e-01
4.150934517383575439e-01
4.116399884223937988e-01
4.070307314395904541e-01
4.036405682563781738e-01
4.006466567516326904e-01
3.980571925640106201e-01
3.956003785133361816e-01
3.932090997695922852e-01
3.912532329559326172e-01
3.896373808383941650e-01
3.911345005035400391e-01
3.889542222023010254e-01
3.800998032093048096e-01
3.711189031600952148e-01
3.659832477569580078e-01
3.656382858753204346e-01
3.670998811721801758e-01
3.709213733673095703e-01
3.747429847717285156e-01
3.790983557701110840e-01
3.912251889705657959e-01
4.073566794395446777e-01
4.199810624122619629e-01
4.319837093353271484e-01
4.439230561256408691e-01
4.530366063117980957e-01
4.606717526912689209e-01
4.674184918403625488e-01
4.741654396057128906e-01
4.809122085571289062e-01
4.942877292633056641e-01
5.098376870155334473e-01
5.247842669486999512e-01
5.384050011634826660e-01
5.516842603683471680e-01
5.610392093658447266e-01
5.646192431449890137e-01
5.635786652565002441e-01
5.625379681587219238e-01
5.614974498748779297e-01
5.601733922958374023e-01
5.559408664703369141e-01
5.517743229866027832e-01
5.464923381805419922e-01
5.356584787368774414e-01
5.225070118904113770e-01
5.100111961364746094e-01
5.039625763893127441e-01
5.104630589485168457e-01
5.178393721580505371e-01
5.252158045768737793e-01
5.299567580223083496e-01
5.332895517349243164e-01
5.348283052444458008e-01
5.357989072799682617e-01
5.375674366950988770e-01
5.392912626266479492e-01
5.410147905349731445e-01
5.427386164665222168e-01
5.398035645484924316e-01
5.366193056106567383e-01
5.322009921073913574e-01
5.235316753387451172e-01
5.130294561386108398e-01
4.977967739105224609e-01
4.831430315971374512e-01
4.725562334060668945e-01
4.617511034011840820e-01
4.490888714790344238e-01
4.371217191219329834e-01
4.252716004848480225e-01
4.131683409214019775e-01
4.009357988834381104e-01
3.858862817287445068e-01
3.705967068672180176e-01
3.553071916103363037e-01
3.413029909133911133e-01
3.276599347591400146e-01
3.214323222637176514e-01
3.182587623596191406e-01
3.224835991859436035e-01
3.287084698677062988e-01
3.349332809448242188e-01
3.411580920219421387e-01
3.446825444698333740e-01
3.476362824440002441e-01
3.505899608135223389e-01
3.535437285900115967e-01
3.564975261688232422e-01
3.594513833522796631e-01
3.624049425125122070e-01
3.653586208820343018e-01
3.683124780654907227e-01
3.708106875419616699e-01
3.749744594097137451e-01
3.798568844795227051e-01
3.862276375293731689e-01
3.933479487895965576e-01
3.977857232093811035e-01
3.989540636539459229e-01
3.992260694503784180e-01
3.994981944561004639e-01
3.989150524139404297e-01
3.909681737422943115e-01
3.830209970474243164e-01
3.822259306907653809e-01
4.001743495464324951e-01
4.181229174137115479e-01
4.337438046932220459e-01
4.478777945041656494e-01
4.621719121932983398e-01
4.752919673919677734e-01
4.851751327514648438e-01
4.717066884040832520e-01
4.582613110542297363e-01
4.485282897949218750e-01
4.389271140098571777e-01
4.317771196365356445e-01
4.308794438838958740e-01
4.263184964656829834e-01
4.209862053394317627e-01
4.020984172821044922e-01
4.027346968650817871e-01
4.036957621574401855e-01
4.088673293590545654e-01
4.140338599681854248e-01
4.178024530410766602e-01
4.194312095642089844e-01
4.182739853858947754e-01
4.150615930557250977e-01
4.104147553443908691e-01
4.067516028881072998e-01
4.041868448257446289e-01
4.017303586006164551e-01
3.994093835353851318e-01
3.974531590938568115e-01
3.954971730709075928e-01
3.935359716415405273e-01
3.949445784091949463e-01
3.949164748191833496e-01
3.889527618885040283e-01
3.795827925205230713e-01
3.716674447059631348e-01
3.699877560138702393e-01
3.689950406551361084e-01
3.720552027225494385e-01
3.758770525455474854e-01
3.800833225250244141e-01
3.852955102920532227e-01
3.981258869171142578e-01
4.142636954784393311e-01
4.272505640983581543e-01
4.392265081405639648e-01
4.498076736927032471e-01
4.576733708381652832e-01
4.653857350349426270e-01
4.721325635910034180e-01
4.788792729377746582e-01
4.847904443740844727e-01
4.899027943611145020e-01
5.049047470092773438e-01
5.186952352523803711e-01
5.319743752479553223e-01
5.452533960342407227e-01
5.561434030532836914e-01
5.582623481750488281e-01
5.572215318679809570e-01
5.561810731887817383e-01
5.551089048385620117e-01
5.529071688652038574e-01
5.482439994812011719e-01
5.423276424407958984e-01
5.367360711097717285e-01
5.313223004341125488e-01
5.252364873886108398e-01
5.134982466697692871e-01
5.142296552658081055e-01
5.192587971687316895e-01
5.265524387359619141e-01
5.338461399078369141e-01
5.411397218704223633e-01
5.479930639266967773e-01
5.519763827323913574e-01
5.519151091575622559e-01
5.536386966705322266e-01
5.553623437881469727e-01
5.570859909057617188e-01
5.588097572326660156e-01
5.605334043502807617e-01
5.572121143341064453e-01
5.496913194656372070e-01
5.406345725059509277e-01
5.286841392517089844e-01
5.134513378143310547e-01
4.951309561729431152e-01
4.821705222129821777e-01
4.699535965919494629e-01
4.577364325523376465e-01
4.446666240692138672e-01
4.304739236831665039e-01
4.172371625900268555e-01
4.043362140655517578e-01
3.889974355697631836e-01
3.733646571636199951e-01
3.580752909183502197e-01
3.427889943122863770e-01
3.294511139392852783e-01
3.211199939250946045e-01
3.177368342876434326e-01
3.212298750877380371e-01
3.274547457695007324e-01
3.336796760559082031e-01
3.399045467376708984e-01
3.454048335552215576e-01
3.483587503433227539e-01
3.513123095035552979e-01
3.542660772800445557e-01
3.572197258472442627e-01
3.601735532283782959e-01
3.631271719932556152e-01
3.660810291767120361e-01
3.690347373485565186e-01
3.708195984363555908e-01
3.740586638450622559e-01
3.783625364303588867e-01
3.841817677021026611e-01
3.912286758422851562e-01
3.983489274978637695e-01
3.998847603797912598e-01
4.005085527896881104e-01
4.007805287837982178e-01
4.010523855686187744e-01
3.962380290031433105e-01
3.882910907268524170e-01
3.928335309028625488e-01
4.090525209903717041e-01
4.260343313217163086e-01
4.432805478572845459e-01
4.578425884246826172e-01
4.719766378402709961e-01
4.855704307556152344e-01
4.840728044509887695e-01
4.702905416488647461e-01
4.569970667362213135e-01
4.427604079246520996e-01
4.309585988521575928e-01
4.209483265876770020e-01
4.195015430450439453e-01
4.185812473297119141e-01
4.140449762344360352e-01
4.084676206111907959e-01
4.090356826782226562e-01
4.120495319366455078e-01
4.172160923480987549e-01
4.209465086460113525e-01
4.225268363952636719e-01
4.216147959232330322e-01
4.196438491344451904e-01
4.149438738822937012e-01
4.111778140068054199e-01
4.078599214553833008e-01
4.056094586849212646e-01
4.036535024642944336e-01
4.016972184181213379e-01
3.997407853603363037e-01
3.976759016513824463e-01
3.987540006637573242e-01
4.002838134765625000e-01
3.965576291084289551e-01
3.888432979583740234e-01
3.790948987007141113e-01
3.757833242416381836e-01
3.739926517009735107e-01
3.736946284770965576e-01
3.770106434822082520e-01
3.808322548866271973e-01
3.860593736171722412e-01
3.929632306098937988e-01
4.052433967590332031e-01
4.214351475238800049e-01
4.330144226551055908e-01
4.437208175659179688e-01
4.544270634651184082e-01
4.623101949691772461e-01
4.700996875762939453e-01
4.763916730880737305e-01
4.812749028205871582e-01
4.861584901809692383e-01
4.911968708038330078e-01
4.989856481552124023e-01
5.122645497322082520e-01
5.255438685417175293e-01
5.388228297233581543e-01
5.512227416038513184e-01
5.515147447586059570e-01
5.508647561073303223e-01
5.495648980140686035e-01
5.472085475921630859e-01
5.435191988945007324e-01
5.389190912246704102e-01
5.329198241233825684e-01
5.269209742546081543e-01
5.213086605072021484e-01
5.158123373985290527e-01
5.168513059616088867e-01
5.229584574699401855e-01
5.275132060050964355e-01
5.348069071769714355e-01
5.421003699302673340e-01
5.493940114974975586e-01
5.566879510879516602e-01
5.624803900718688965e-01
5.654511451721191406e-01
5.694308876991271973e-01
5.714335441589355469e-01
5.731573104858398438e-01
5.748808383941650391e-01
5.766047239303588867e-01
5.754587650299072266e-01
5.667942762374877930e-01
5.577377080917358398e-01
5.439723730087280273e-01
5.256224274635314941e-01
5.067035555839538574e-01
4.904308319091796875e-01
4.781559705734252930e-01
4.659389853477478027e-01
4.537217319011688232e-01
4.402441978454589844e-01
4.254929125308990479e-01
4.102802574634552002e-01
3.954208493232727051e-01
3.776362836360931396e-01
3.608433306217193604e-01
3.461003303527832031e-01
3.315539956092834473e-01
3.208375275135040283e-01
3.181305825710296631e-01
3.200134634971618652e-01
3.262010216712951660e-01
3.324258625507354736e-01
3.386507034301757812e-01
3.448756933212280273e-01
3.490806818008422852e-01
3.520344793796539307e-01
3.549883961677551270e-01
3.579421043395996094e-01
3.608959019184112549e-01
3.638493716716766357e-01
3.668032288551330566e-01
3.697567880153656006e-01
3.712015748023986816e-01
3.731425404548645020e-01
3.774466514587402344e-01
3.825478255748748779e-01
3.891092240810394287e-01
3.962296247482299805e-01
4.006592035293579102e-01
4.017911851406097412e-01
4.020631015300750732e-01
4.023349285125732422e-01
4.015080928802490234e-01
3.946885466575622559e-01
4.035045206546783447e-01
4.197235405445098877e-01
4.357966780662536621e-01
4.516131877899169922e-01
4.675050973892211914e-01
4.819411635398864746e-01
4.960752725601196289e-01
4.840399026870727539e-01
4.701892137527465820e-01
4.551707208156585693e-01
4.416556954383850098e-01
4.275193810462951660e-01
4.155067801475524902e-01
4.091064333915710449e-01
4.072256982326507568e-01
4.063075184822082520e-01
4.146946966648101807e-01
4.152624905109405518e-01
4.203453660011291504e-01
4.240906834602355957e-01
4.258755147457122803e-01
4.257303774356842041e-01
4.248698949813842773e-01
4.205502569675445557e-01
4.158244132995605469e-01
4.127565622329711914e-01
4.099129140377044678e-01
4.078973531723022461e-01
4.059413671493530273e-01
4.038920104503631592e-01
4.018163681030273438e-01
4.025638103485107422e-01
4.053898453712463379e-01
4.019249975681304932e-01
3.977166414260864258e-01
3.885756731033325195e-01
3.821929693222045898e-01
3.800660967826843262e-01
3.789938092231750488e-01
3.787496685981750488e-01
3.819661140441894531e-01
3.868015110492706299e-01
3.933408260345458984e-01
4.008719027042388916e-01
4.109364151954650879e-01
4.258356690406799316e-01
4.375088512897491455e-01
4.482152163982391357e-01
4.589210748672485352e-01
4.668719172477722168e-01
4.728744029998779297e-01
4.777593016624450684e-01
4.826427698135375977e-01
4.877367615699768066e-01
4.918467402458190918e-01
4.951068162918090820e-01
5.058338046073913574e-01
5.191130638122558594e-01
5.323923826217651367e-01
5.440483093261718750e-01
5.445522069931030273e-01
5.437777042388916016e-01
5.404518842697143555e-01
5.366799831390380859e-01
5.329079031944274902e-01
5.290387272834777832e-01
5.230392813682556152e-01
5.170406103134155273e-01
5.110412240028381348e-01
5.093346238136291504e-01
5.141388773918151855e-01
5.216038227081298828e-01
5.315353870391845703e-01
5.425750613212585449e-01
5.503547787666320801e-01
5.576484203338623047e-01
5.649421811103820801e-01
5.696314573287963867e-01
5.737602710723876953e-01
5.793730616569519043e-01
5.850583314895629883e-01
5.892285108566284180e-01
5.909519195556640625e-01
5.916887521743774414e-01
5.875824689865112305e-01
5.834338665008544922e-01
5.740984678268432617e-01
5.561335682868957520e-01
5.369484424591064453e-01
5.171499848365783691e-01
5.001031756401062012e-01
4.863582849502563477e-01
4.741411209106445312e-01
4.619241356849670410e-01
4.497070908546447754e-01
4.351476728916168213e-01
4.198794960975646973e-01
4.043737649917602539e-01
3.861227929592132568e-01
3.681355714797973633e-01
3.511711657047271729e-01
3.349040746688842773e-01
3.215792477130889893e-01
3.186278045177459717e-01
3.197476267814636230e-01
3.249472081661224365e-01
3.311721384525299072e-01
3.373971879482269287e-01
3.436220586299896240e-01
3.498031497001647949e-01
3.527568578720092773e-01
3.557104170322418213e-01
3.586641550064086914e-01
3.616178631782531738e-01
3.645716905593872070e-01
3.675254285335540771e-01
3.703082203865051270e-01
3.715833425521850586e-01
3.728582561016082764e-01
3.765307664871215820e-01
3.809140920639038086e-01
3.869898021221160889e-01
3.941103518009185791e-01
4.012306630611419678e-01
4.027581810951232910e-01
4.033454656600952148e-01
4.036173522472381592e-01
4.039098620414733887e-01
4.015487432479858398e-01
4.141755402088165283e-01
4.303944706916809082e-01
4.462926387786865234e-01
4.621124863624572754e-01
4.768683314323425293e-01
4.917298555374145508e-01
4.960786104202270508e-01
4.844152927398681641e-01
4.703670144081115723e-01
4.560894072055816650e-01
4.408905804157257080e-01
4.258261620998382568e-01
4.122785031795501709e-01
4.028672575950622559e-01
3.995356559753417969e-01
3.963303565979003906e-01
4.209216535091400146e-01
4.233689308166503906e-01
4.276290535926818848e-01
4.299492537975311279e-01
4.305801987648010254e-01
4.303869307041168213e-01
4.262399077415466309e-01
4.217945337295532227e-01
4.179733991622924805e-01
4.151297211647033691e-01
4.122862815856933594e-01
4.101078510284423828e-01
4.080322384834289551e-01
4.059727191925048828e-01
4.065579771995544434e-01
4.092081189155578613e-01
4.072922170162200928e-01
4.035657048225402832e-01
3.977153897285461426e-01
3.898477852344512939e-01
3.867250084877014160e-01
3.845660090446472168e-01
3.847340941429138184e-01
3.839272856712341309e-01
3.876434564590454102e-01
3.933369517326354980e-01
3.998369872570037842e-01
4.060397148132324219e-01
4.153367280960083008e-01
4.302361607551574707e-01
4.420031309127807617e-01
4.527091383934020996e-01
4.618573486804962158e-01
4.681625366210937500e-01
4.741646051406860352e-01
4.791269302368164062e-01
4.842128753662109375e-01
4.884099960327148438e-01
4.915872216224670410e-01
4.947646856307983398e-01
4.990090131759643555e-01
5.122052431106567383e-01
5.254017710685729980e-01
5.351465344429016113e-01
5.360306501388549805e-01
5.332056879997253418e-01
5.297670364379882812e-01
5.259951353073120117e-01
5.222231745719909668e-01
5.184509754180908203e-01
5.131589174270629883e-01
5.071598291397094727e-01
5.037133097648620605e-01
5.048029422760009766e-01
5.114935636520385742e-01
5.188872218132019043e-01
5.271726846694946289e-01
5.403839945793151855e-01
5.557203292846679688e-01
5.659027099609375000e-01
5.726535320281982422e-01
5.767822265625000000e-01
5.809112191200256348e-01
5.852444171905517578e-01
5.928055047988891602e-01
6.003670692443847656e-01
6.051155328750610352e-01
6.038548946380615234e-01
5.997061729431152344e-01
5.944392681121826172e-01
5.861100554466247559e-01
5.671935081481933594e-01
5.473949909210205078e-01
5.275961160659790039e-01
5.100734829902648926e-01
4.946697950363159180e-01
4.823435544967651367e-01
4.701265692710876465e-01
4.579094648361206055e-01
4.448019564151763916e-01
4.295340180397033691e-01
4.139884412288665771e-01
3.973702192306518555e-01
3.792191147804260254e-01
3.611851930618286133e-01
3.434008359909057617e-01
3.250804543495178223e-01
3.192614018917083740e-01
3.195394575595855713e-01
3.236935138702392578e-01
3.299185335636138916e-01
3.361432552337646484e-01
3.423682451248168945e-01
3.485930860042572021e-01
3.534788787364959717e-01
3.564326763153076172e-01
3.593864440917968750e-01
3.623401224613189697e-01
3.652938604354858398e-01
3.682475984096527100e-01
3.706898689270019531e-01
3.719649910926818848e-01
3.732399344444274902e-01
3.756148517131805420e-01
3.799188733100891113e-01
3.852387964725494385e-01
3.919907808303833008e-01
3.991111814975738525e-01
4.035325944423675537e-01
4.046278595924377441e-01
4.048996269702911377e-01
4.067823886871337891e-01
4.088465571403503418e-01
4.248463213443756104e-01
4.409691691398620605e-01
4.567888379096984863e-01
4.726087450981140137e-01
4.876931905746459961e-01
5.021229982376098633e-01
4.955397844314575195e-01
4.833757877349853516e-01
4.705865383148193359e-01
4.566825330257415771e-01
4.417074024677276611e-01
4.268334507942199707e-01
4.106536209583282471e-01
3.985550701618194580e-01
3.934636712074279785e-01
3.901354372501373291e-01
4.272890090942382812e-01
4.318812489509582520e-01
4.347296953201293945e-01
4.356401860713958740e-01
4.359052777290344238e-01
4.323460757732391357e-01
4.280549585819244385e-01
4.237641394138336182e-01
4.203472435474395752e-01
4.174422621726989746e-01
4.144793152809143066e-01
4.121721982955932617e-01
4.101441800594329834e-01
4.107443988323211670e-01
4.130180478096008301e-01
4.126597046852111816e-01
4.089328348636627197e-01
4.052065610885620117e-01
3.982608318328857422e-01
3.936344385147094727e-01
3.912564814090728760e-01
3.907944560050964355e-01
3.904830813407897949e-01
3.896586894989013672e-01
3.924813270568847656e-01
3.985180854797363281e-01
4.050179123878479004e-01
4.112069606781005859e-01
4.197376072406768799e-01
4.345874786376953125e-01
4.451878368854522705e-01
4.539479017257690430e-01
4.627079963684082031e-01
4.690727591514587402e-01
4.749923348426818848e-01
4.802707433700561523e-01
4.846373796463012695e-01
4.878143072128295898e-01
4.909915924072265625e-01
4.941693544387817383e-01
4.973464012145996094e-01
5.052098035812377930e-01
5.184063911437988281e-01
5.239756703376770020e-01
5.249003767967224121e-01
5.220756530761718750e-01
5.190821886062622070e-01
5.153102874755859375e-01
5.115382075309753418e-01
5.077663660049438477e-01
5.032789111137390137e-01
4.985407590866088867e-01
4.996191859245300293e-01
5.019897818565368652e-01
5.088478922843933105e-01
5.162415504455566406e-01
5.236941576004028320e-01
5.345736145973205566e-01
5.499098300933837891e-01
5.652456879615783691e-01
5.785899162292480469e-01
5.839332342147827148e-01
5.880621671676635742e-01
5.921911597251892090e-01
5.986768007278442383e-01
6.062381863594055176e-01
6.108322739601135254e-01
6.121222972869873047e-01
6.094046831130981445e-01
6.030697822570800781e-01
5.919244289398193359e-01
5.770335197448730469e-01
5.578411817550659180e-01
5.380424857139587402e-01
5.200437903404235840e-01
5.043726563453674316e-01
4.905458688735961914e-01
4.783288836479187012e-01
4.661116898059844971e-01
4.529396295547485352e-01
4.391885995864868164e-01
4.236030876636505127e-01
4.090383052825927734e-01
3.915755152702331543e-01
3.734244704246520996e-01
3.546555638313293457e-01
3.352371454238891602e-01
3.243490755558013916e-01
3.217448890209197998e-01
3.234208822250366211e-01
3.286647498607635498e-01
3.348896801471710205e-01
3.411144912242889404e-01
3.473393917083740234e-01
3.535642921924591064e-01
3.571549654006958008e-01
3.601087033748626709e-01
3.630623817443847656e-01
3.660160601139068604e-01
3.689698278903961182e-01
3.710719048976898193e-01
3.723467588424682617e-01
3.736217617988586426e-01
3.750799596309661865e-01
3.790029287338256836e-01
3.836049437522888184e-01
3.898712694644927979e-01
3.969916999340057373e-01
4.041121900081634521e-01
4.056315422058105469e-01
4.066858887672424316e-01
4.096546769142150879e-01
4.166533946990966797e-01
4.355172514915466309e-01
4.514651894569396973e-01
4.672847986221313477e-01
4.831045866012573242e-01
4.985184073448181152e-01
5.066333413124084473e-01
4.953129887580871582e-01
4.839168190956115723e-01
4.706732034683227539e-01
4.567578434944152832e-01
4.426262676715850830e-01
4.273259639739990234e-01
4.116617143154144287e-01
3.958662748336791992e-01
3.882961273193359375e-01
3.843092918395996094e-01
4.367271661758422852e-01
4.397050142288208008e-01
4.407331943511962891e-01
4.414886832237243652e-01
4.386061131954193115e-01
4.343151748180389404e-01
4.300243854522705078e-01
4.256883859634399414e-01
4.225558340549468994e-01
4.195924699306488037e-01
4.166291356086730957e-01
4.143158197402954102e-01
4.149310886859893799e-01
4.168276786804199219e-01
4.180273413658142090e-01
4.143003821372985840e-01
4.105737805366516113e-01
4.065318703651428223e-01
4.015507102012634277e-01
3.981664180755615234e-01
3.971416950225830078e-01
3.971579074859619141e-01
3.950133323669433594e-01
3.933941125869750977e-01
3.973678946495056152e-01
4.034158587455749512e-01
4.098333716392517090e-01
4.159263968467712402e-01
4.228094518184661865e-01
4.357627630233764648e-01
4.457708597183227539e-01
4.545311033725738525e-01
4.632910490036010742e-01
4.697984457015991211e-01
4.760951399803161621e-01
4.808647036552429199e-01
4.840416908264160156e-01
4.872193336486816406e-01
4.903963208198547363e-01
4.935737848281860352e-01
4.967510104179382324e-01
4.991919398307800293e-01
5.071253776550292969e-01
5.113109350204467773e-01
5.137706995010375977e-01
5.109459757804870605e-01
5.081208944320678711e-01
5.046256780624389648e-01
5.008535981178283691e-01
4.970818758010864258e-01
4.933559894561767578e-01
4.944468736648559570e-01
4.955252408981323242e-01
4.996815919876098633e-01
5.065728425979614258e-01
5.135961771011352539e-01
5.209898948669433594e-01
5.292414426803588867e-01
5.440992712974548340e-01
5.594354867935180664e-01
5.720214843750000000e-01
5.841928720474243164e-01
5.945449471473693848e-01
5.993421077728271484e-01
6.045480966567993164e-01
6.109160184860229492e-01
6.127561330795288086e-01
6.125752329826354980e-01
6.109617948532104492e-01
6.069684028625488281e-01
5.972180366516113281e-01
5.825007557868957520e-01
5.676100254058837891e-01
5.484888553619384766e-01
5.300140976905822754e-01
5.143430233001708984e-01
4.989084005355834961e-01
4.865311980247497559e-01
4.742690324783325195e-01
4.610014259815216064e-01
4.477337300777435303e-01
4.340156614780426025e-01
4.196952879428863525e-01
4.039320051670074463e-01
3.857809901237487793e-01
3.672143816947937012e-01
3.482482433319091797e-01
3.335618376731872559e-01
3.280308544635772705e-01
3.266395628452301025e-01
3.304549753665924072e-01
3.354995846748352051e-01
3.405437767505645752e-01
3.460854291915893555e-01
3.523105382919311523e-01
3.578771948814392090e-01
3.608309328556060791e-01
3.637846112251281738e-01
3.667381703853607178e-01
3.696920275688171387e-01
3.714535236358642578e-01
3.727284371852874756e-01
3.740034997463226318e-01
3.752784729003906250e-01
3.780870437622070312e-01
3.823910355567932129e-01
3.879297077655792236e-01
3.948723375797271729e-01
4.019928574562072754e-01
4.064059853553771973e-01
4.095584750175476074e-01
4.125272929668426514e-01
4.233369827270507812e-01
4.461415410041809082e-01
4.619614481925964355e-01
4.777809381484985352e-01
4.936007857322692871e-01
5.093434453010559082e-01
5.064065456390380859e-01
4.950864911079406738e-01
4.837666749954223633e-01
4.722440242767333984e-01
4.582630693912506104e-01
4.430669546127319336e-01
4.282447099685668945e-01
4.130524992942810059e-01
3.964891433715820312e-01
3.849394321441650391e-01
3.796375393867492676e-01
4.445376396179199219e-01
4.463822841644287109e-01
4.471521675586700439e-01
4.448670148849487305e-01
4.405760765075683594e-01
4.362558722496032715e-01
4.318447709083557129e-01
4.276692271232604980e-01
4.247059226036071777e-01
4.217425584793090820e-01
4.188898503780364990e-01
4.191172420978546143e-01
4.209695756435394287e-01
4.233760237693786621e-01
4.196677803993225098e-01
4.159204065799713135e-01
4.121111035346984863e-01
4.092096984386444092e-01
4.048072397708892822e-01
4.032343626022338867e-01
4.018023014068603516e-01
4.003703594207763672e-01
3.987312316894531250e-01
3.971566557884216309e-01
4.023612737655639648e-01
4.082373678684234619e-01
4.140331745147705078e-01
4.182491898536682129e-01
4.232991933822631836e-01
4.362523257732391357e-01
4.463539719581604004e-01
4.551143050193786621e-01
4.638936519622802734e-01
4.709571599960327148e-01
4.767814874649047852e-01
4.802696108818054199e-01
4.834464788436889648e-01
4.866237044334411621e-01
4.898010492324829102e-01
4.928495287895202637e-01
4.943060874938964844e-01
4.948346614837646484e-01
4.944604635238647461e-01
4.986462593078613281e-01
5.026408433914184570e-01
4.998158812522888184e-01
4.969910383224487305e-01
4.939410090446472168e-01
4.901688098907470703e-01
4.863969087600708008e-01
4.883815050125122070e-01
4.903527498245239258e-01
4.914312958717346191e-01
4.974769353866577148e-01
5.043678879737854004e-01
5.112588405609130859e-01
5.183445215225219727e-01
5.257849693298339844e-01
5.382888317108154297e-01
5.529363751411437988e-01
5.651077032089233398e-01
5.772788524627685547e-01
5.894504785537719727e-01
6.016217470169067383e-01
6.102032065391540527e-01
6.129907965660095215e-01
6.124337911605834961e-01
6.105546355247497559e-01
6.076773405075073242e-01
6.048004627227783203e-01
5.965145826339721680e-01
5.856269598007202148e-01
5.730769634246826172e-01
5.581862926483154297e-01
5.399841070175170898e-01
5.243132710456848145e-01
5.086420774459838867e-01
4.947336316108703613e-01
4.823311567306518555e-01
4.690634012222290039e-01
4.562909901142120361e-01
4.439706206321716309e-01
4.303520321846008301e-01
4.160313606262207031e-01
3.981372117996215820e-01
3.797731995582580566e-01
3.616166710853576660e-01
3.459534645080566406e-01
3.369386196136474609e-01
3.335540294647216797e-01
3.343504667282104492e-01
3.375948667526245117e-01
3.425336182117462158e-01
3.475777506828308105e-01
3.526223003864288330e-01
3.576665520668029785e-01
3.615531623363494873e-01
3.645068407058715820e-01
3.674606382846832275e-01
3.704142570495605469e-01
3.718352019786834717e-01
3.731102943420410156e-01
3.743853569030761719e-01
3.756603002548217773e-01
3.773236572742462158e-01
3.814750611782073975e-01
3.862958252429962158e-01
3.927532136440277100e-01
3.998733460903167725e-01
4.079805910587310791e-01
4.121886193752288818e-01
4.153999090194702148e-01
4.300205707550048828e-01
4.542369842529296875e-01
4.724573493003845215e-01
4.882769584655761719e-01
5.040971040725708008e-01
5.172480344772338867e-01
5.061799883842468262e-01
4.948598146438598633e-01
4.835398197174072266e-01
4.722199440002441406e-01
4.605714678764343262e-01
4.454647898674011230e-01
4.293929338455200195e-01
4.138628840446472168e-01
3.977738618850708008e-01
3.844154477119445801e-01
3.749665617942810059e-01
4.518338143825531006e-01
4.528158903121948242e-01
4.510811567306518555e-01
4.468232989311218262e-01
4.424125254154205322e-01
4.380016028881072998e-01
4.335909187793731689e-01
4.298195838928222656e-01
4.268498122692108154e-01
4.239454865455627441e-01
4.236207604408264160e-01
4.249013662338256836e-01
4.269442260265350342e-01
4.246155321598052979e-01
4.208060204982757568e-01
4.169966578483581543e-01
4.149930775165557861e-01
4.123070240020751953e-01
4.078310132026672363e-01
4.063994586467742920e-01
4.049678444862365723e-01
4.040032625198364258e-01
4.026435613632202148e-01
4.021500945091247559e-01
4.073190093040466309e-01
4.112319946289062500e-01
4.154109954833984375e-01
4.195060133934020996e-01
4.237886965274810791e-01
4.367421865463256836e-01
4.469370543956756592e-01
4.557726085186004639e-01
4.649456143379211426e-01
4.718126058578491211e-01
4.761084318161010742e-01
4.796738028526306152e-01
4.828511476516723633e-01
4.860284328460693359e-01
4.881936311721801758e-01
4.894189834594726562e-01
4.899476170539855957e-01
4.904760718345642090e-01
4.862904548645019531e-01
4.859815835952758789e-01
4.901674389839172363e-01
4.886860847473144531e-01
4.858611822128295898e-01
4.830361008644104004e-01
4.794838428497314453e-01
4.801779389381408691e-01
4.834830760955810547e-01
4.862592816352844238e-01
4.885209798812866211e-01
4.952721595764160156e-01
5.021631717681884766e-01
5.090540647506713867e-01
5.159448981285095215e-01
5.230928659439086914e-01
5.324785113334655762e-01
5.460225343704223633e-01
5.581939220428466797e-01
5.703650712966918945e-01
5.825366377830505371e-01
5.946323871612548828e-01
6.038144230842590332e-01
6.094413995742797852e-01
6.101472377777099609e-01
6.072702407836914062e-01
6.043933629989624023e-01
6.008349657058715820e-01
5.917818546295166016e-01
5.827285051345825195e-01
5.736756920814514160e-01
5.620702505111694336e-01
5.492460727691650391e-01
5.342837572097778320e-01
5.186126232147216797e-01
5.031473636627197266e-01
4.903931021690368652e-01
4.773960709571838379e-01
4.653551876544952393e-01
4.530349969863891602e-01
4.407148063182830811e-01
4.266881346702575684e-01
4.104938209056854248e-01
3.923318982124328613e-01
3.749854266643524170e-01
3.592426180839538574e-01
3.477867543697357178e-01
3.419719338417053223e-01
3.414334356784820557e-01
3.434910774230957031e-01
3.457894325256347656e-01
3.495677113533020020e-01
3.546122908592224121e-01
3.596565723419189453e-01
3.647008240222930908e-01
3.664963245391845703e-01
3.683913052082061768e-01
3.709419071674346924e-01
3.722169995307922363e-01
3.734921813011169434e-01
3.747670948505401611e-01
3.760422170162200928e-01
3.773170709609985352e-01
3.805593550205230713e-01
3.848633766174316406e-01
3.906338214874267578e-01
3.977541029453277588e-01
4.074513316154479980e-01
4.145533442497253418e-01
4.182724952697753906e-01
4.367039203643798828e-01
4.607455432415008545e-01
4.829534888267517090e-01
4.987730979919433594e-01
5.145930647850036621e-01
5.166924595832824707e-01
5.059534311294555664e-01
4.946334362030029297e-01
4.833133220672607422e-01
4.719934463500976562e-01
4.606730341911315918e-01
4.488006234169006348e-01
4.326659142971038818e-01
4.160414338111877441e-01
3.996255695819854736e-01
3.844544887542724609e-01
3.729309439659118652e-01
4.581071436405181885e-01
4.572270810604095459e-01
4.529047012329101562e-01
4.484114944934844971e-01
4.439176917076110840e-01
4.394246935844421387e-01
4.349306821823120117e-01
4.314809441566467285e-01
4.286086857318878174e-01
4.282985627651214600e-01
4.291805028915405273e-01
4.303750395774841309e-01
4.295008480548858643e-01
4.256913065910339355e-01
4.218821823596954346e-01
4.188630580902099609e-01
4.182098805904388428e-01
4.128336608409881592e-01
4.109963178634643555e-01
4.095645844936370850e-01
4.082078337669372559e-01
4.081891179084777832e-01
4.079415202140808105e-01
4.058113098144531250e-01
4.089657664299011230e-01
4.127796292304992676e-01
4.169587790966033936e-01
4.207725822925567627e-01
4.242782890796661377e-01
4.372318983078002930e-01
4.476509094238281250e-01
4.568246603012084961e-01
4.658282399177551270e-01
4.711401462554931641e-01
4.754358530044555664e-01
4.790783524513244629e-01
4.818440675735473633e-01
4.835341572761535645e-01
4.845321774482727051e-01
4.850606918334960938e-01
4.855890274047851562e-01
4.857101440429687500e-01
4.800256490707397461e-01
4.741920828819274902e-01
4.775027036666870117e-01
4.775561094284057617e-01
4.747313261032104492e-01
4.719061851501464844e-01
4.719736576080322266e-01
4.752791523933410645e-01
4.785847663879394531e-01
4.818901419639587402e-01
4.861764907836914062e-01
4.930673837661743164e-01
4.999581575393676758e-01
5.068492293357849121e-01
5.137401223182678223e-01
5.206309556961059570e-01
5.278754234313964844e-01
5.391087532043457031e-01
5.512798428535461426e-01
5.634514689445495605e-01
5.756224393844604492e-01
5.863941907882690430e-01
5.899549722671508789e-01
5.928239822387695312e-01
5.979894399642944336e-01
6.031045913696289062e-01
6.011089682579040527e-01
5.961018800735473633e-01
5.870490074157714844e-01
5.779957771301269531e-01
5.689427256584167480e-01
5.598897337913513184e-01
5.507464408874511719e-01
5.425037145614624023e-01
5.285830497741699219e-01
5.129120349884033203e-01
4.984619617462158203e-01
4.864996671676635742e-01
4.744194746017456055e-01
4.620990455150604248e-01
4.497787952423095703e-01
4.373449087142944336e-01
4.228503108024597168e-01
4.046990871429443359e-01
3.883538246154785156e-01
3.726112246513366699e-01
3.587420582771301270e-01
3.515515327453613281e-01
3.487259447574615479e-01
3.507835865020751953e-01
3.528413176536560059e-01
3.548988997936248779e-01
3.572283983230590820e-01
3.616463541984558105e-01
3.666906058788299561e-01
3.704622685909271240e-01
3.722352981567382812e-01
3.734737038612365723e-01
3.735679686069488525e-01
3.739435076713562012e-01
3.751488327980041504e-01
3.764239251613616943e-01
3.776989281177520752e-01
3.796433806419372559e-01
3.839474022388458252e-01
3.889866173267364502e-01
3.971044123172760010e-01
4.069218933582305908e-01
4.167393743991851807e-01
4.209393560886383057e-01
4.432154595851898193e-01
4.672541916370391846e-01
4.912927746772766113e-01
5.092692375183105469e-01
5.250892043113708496e-01
5.161366462707519531e-01
5.057265758514404297e-01
4.944069385528564453e-01
4.830866456031799316e-01
4.717666506767272949e-01
4.604466557502746582e-01
4.491266012191772461e-01
4.360021948814392090e-01
4.197583794593811035e-01
4.027094841003417969e-01
3.865765631198883057e-01
3.729708492755889893e-01
4.621475040912628174e-01
4.584535658359527588e-01
4.540861248970031738e-01
4.495924711227416992e-01
4.450990557670593262e-01
4.406057596206665039e-01
4.361174404621124268e-01
4.332719147205352783e-01
4.329763352870941162e-01
4.338581860065460205e-01
4.347400367259979248e-01
4.343865513801574707e-01
4.305769801139831543e-01
4.267566204071044922e-01
4.218755960464477539e-01
4.209700226783752441e-01
4.187459647655487061e-01
4.155937135219573975e-01
4.141616225242614746e-01
4.127297997474670410e-01
4.123944044113159180e-01
4.118295311927795410e-01
4.105562567710876465e-01
4.077079594135284424e-01
4.106131792068481445e-01
4.143278002738952637e-01
4.185066223144531250e-01
4.223070144653320312e-01
4.247679710388183594e-01
4.379075169563293457e-01
4.487029910087585449e-01
4.578762054443359375e-01
4.650129973888397217e-01
4.704672694206237793e-01
4.747633934020996094e-01
4.771850109100341797e-01
4.788751602172851562e-01
4.796447753906250000e-01
4.801737070083618164e-01
4.807021617889404297e-01
4.812309741973876953e-01
4.795944094657897949e-01
4.737611413002014160e-01
4.679275751113891602e-01
4.648382961750030518e-01
4.664262533187866211e-01
4.636014103889465332e-01
4.626598954200744629e-01
4.669125676155090332e-01
4.703812599182128906e-01
4.736868143081665039e-01
4.769920706748962402e-01
4.839718341827392578e-01
4.908627271652221680e-01
4.977537393569946289e-01
5.046443939208984375e-01
5.115354061126708984e-01
5.184260606765747070e-01
5.244827270507812500e-01
5.321947932243347168e-01
5.443663597106933594e-01
5.565375089645385742e-01
5.677177309989929199e-01
5.724188685417175293e-01
5.743512511253356934e-01
5.760842561721801758e-01
5.806401968002319336e-01
5.858056545257568359e-01
5.909712314605712891e-01
5.910652875900268555e-01
5.823160409927368164e-01
5.732631683349609375e-01
5.642099380493164062e-01
5.551570057868957520e-01
5.461404323577880859e-01
5.405977964401245117e-01
5.345454812049865723e-01
5.228143930435180664e-01
5.078284144401550293e-01
4.956039190292358398e-01
4.834835529327392578e-01
4.711632728576660156e-01
4.588430225849151611e-01
4.465229511260986328e-01
4.336811602115631104e-01
4.170711040496826172e-01
4.017223715782165527e-01
3.859797120094299316e-01
3.707024455070495605e-01
3.625044822692871094e-01
3.569482266902923584e-01
3.580764234066009521e-01
3.601339757442474365e-01
3.621916770935058594e-01
3.642491400241851807e-01
3.663069009780883789e-01
3.686805665493011475e-01
3.737248778343200684e-01
3.762011528015136719e-01
3.770987987518310547e-01
3.771931827068328857e-01
3.772879838943481445e-01
3.773823976516723633e-01
3.774767518043518066e-01
3.780806958675384521e-01
3.793559074401855469e-01
3.830313682556152344e-01
3.877156376838684082e-01
3.965752720832824707e-01
4.063925445079803467e-01
4.162101745605468750e-01
4.249204099178314209e-01
4.497240781784057617e-01
4.737628698348999023e-01
4.978014826774597168e-01
5.197655558586120605e-01
5.255112648010253906e-01
5.155813694000244141e-01
5.055001974105834961e-01
4.941800832748413086e-01
4.828600883483886719e-01
4.715402126312255859e-01
4.602199792861938477e-01
4.489002525806427002e-01
4.375797808170318604e-01
4.232032597064971924e-01
4.063681662082672119e-01
3.897106051445007324e-01
3.756899237632751465e-01
4.633252620697021484e-01
4.593564867973327637e-01
4.552587270736694336e-01
4.507738649845123291e-01
4.462805092334747314e-01
4.417872428894042969e-01
4.379345476627349854e-01
4.376545548439025879e-01
4.385362267494201660e-01
4.394177198410034180e-01
4.400178492069244385e-01
4.354481101036071777e-01
4.303746819496154785e-01
4.253330230712890625e-01
4.234752357006072998e-01
4.231479167938232422e-01
4.200829863548278809e-01
4.187588393688201904e-01
4.173270463943481445e-01
4.158404469490051270e-01
4.139583110809326172e-01
4.143742918968200684e-01
4.128270447254180908e-01
4.096047878265380859e-01
4.124169349670410156e-01
4.158752560615539551e-01
4.200541973114013672e-01
4.238408207893371582e-01
4.256894886493682861e-01
4.388655424118041992e-01
4.497550129890441895e-01
4.570610523223876953e-01
4.641976058483123779e-01
4.690971374511718750e-01
4.719060063362121582e-01
4.742157459259033203e-01
4.747575521469116211e-01
4.752864837646484375e-01
4.758151173591613770e-01
4.763437509536743164e-01
4.768722653388977051e-01
4.733297228813171387e-01
4.674961566925048828e-01
4.616626501083374023e-01
4.558295607566833496e-01
4.552963674068450928e-01
4.530636966228485107e-01
4.573162198066711426e-01
4.615688025951385498e-01
4.654827415943145752e-01
4.687883257865905762e-01
4.731682538986206055e-01
4.817667603492736816e-01
4.886577725410461426e-01
4.955486059188842773e-01
5.024395585060119629e-01
5.093305110931396484e-01
5.162211656570434570e-01
5.211745500564575195e-01
5.262908339500427246e-01
5.374522209167480469e-01
5.484702587127685547e-01
5.548156499862670898e-01
5.565485954284667969e-01
5.582817792892456055e-01
5.600147843360900879e-01
5.632910728454589844e-01
5.684565901756286621e-01
5.736218690872192383e-01
5.737604498863220215e-01
5.727499127388000488e-01
5.685301423072814941e-01
5.594769716262817383e-01
5.504239797592163086e-01
5.413708686828613281e-01
5.353888869285583496e-01
5.304632782936096191e-01
5.262528657913208008e-01
5.162902474403381348e-01
5.047077536582946777e-01
4.925475716590881348e-01
4.802274703979492188e-01
4.679070115089416504e-01
4.555867314338684082e-01
4.432667791843414307e-01
4.302371442317962646e-01
4.150906503200531006e-01
3.993480801582336426e-01
3.836054205894470215e-01
3.734573721885681152e-01
3.668582439422607422e-01
3.653692603111267090e-01
3.674268722534179688e-01
3.694843053817749023e-01
3.715419173240661621e-01
3.735994398593902588e-01
3.756571412086486816e-01
3.777148723602294922e-01
3.801667690277099609e-01
3.807242512702941895e-01
3.808186352252960205e-01
3.809130787849426270e-01
3.810075521469116211e-01
3.811020851135253906e-01
3.811965882778167725e-01
3.812908828258514404e-01
3.825350403785705566e-01
3.883726298809051514e-01
3.963272571563720703e-01
4.058631956577301025e-01
4.156806766986846924e-01
4.308022260665893555e-01
4.560636281967163086e-01
4.802715778350830078e-01
5.043099522590637207e-01
5.283486843109130859e-01
5.249558091163635254e-01
5.150256752967834473e-01
5.050954818725585938e-01
4.939536452293395996e-01
4.826335310935974121e-01
4.713132977485656738e-01
4.599936306476593018e-01
4.486734867095947266e-01
4.373533725738525391e-01
4.253468513488769531e-01
4.103398323059082031e-01
3.930720984935760498e-01
3.801686167716979980e-01
4.642282426357269287e-01
4.602594971656799316e-01
4.562558233737945557e-01
4.519549310207366943e-01
4.474616348743438721e-01
4.432361125946044922e-01
4.423320591449737549e-01
4.432141184806823730e-01
4.440955519676208496e-01
4.449720978736877441e-01
4.398649334907531738e-01
4.339917302131652832e-01
4.289501309394836426e-01
4.259804785251617432e-01
4.256531894207000732e-01
4.254227280616760254e-01
4.231827557086944580e-01
4.215455055236816406e-01
4.185631275177001953e-01
4.166804850101470947e-01
4.163037240505218506e-01
4.169194102287292480e-01
4.150974154472351074e-01
4.115015864372253418e-01
4.143139719963073730e-01
4.174232482910156250e-01
4.216020107269287109e-01
4.256723523139953613e-01
4.271993637084960938e-01
4.399170279502868652e-01
4.491093754768371582e-01
4.561386704444885254e-01
4.617985785007476807e-01
4.660506844520568848e-01
4.686449170112609863e-01
4.698707461357116699e-01
4.703992605209350586e-01
4.709280729293823242e-01
4.714568853378295898e-01
4.719849824905395508e-01
4.724584817886352539e-01
4.670650362968444824e-01
4.612314403057098389e-01
4.553982615470886230e-01
4.495645463466644287e-01
4.437313973903656006e-01
4.477205276489257812e-01
4.519729614257812500e-01
4.562256336212158203e-01
4.604781270027160645e-01
4.638899862766265869e-01
4.699832797050476074e-01
4.791014194488525391e-01
4.864532947540283203e-01
4.933440089225769043e-01
5.002349615097045898e-01
5.071259737014770508e-01
5.140167474746704102e-01
5.178664326667785645e-01
5.215925574302673340e-01
5.292229056358337402e-01
5.366448163986206055e-01
5.387462377548217773e-01
5.404793024063110352e-01
5.422122478485107422e-01
5.439453125000000000e-01
5.459418296813964844e-01
5.511070489883422852e-01
5.559732913970947266e-01
5.549627542495727539e-01
5.539520978927612305e-01
5.529415607452392578e-01
5.519307851791381836e-01
5.456911921501159668e-01
5.366378426551818848e-01
5.301799178123474121e-01
5.257763266563415527e-01
5.221565961837768555e-01
5.175597071647644043e-01
5.093168616294860840e-01
5.001339316368103027e-01
4.892916679382324219e-01
4.769713878631591797e-01
4.646509289741516113e-01
4.523308873176574707e-01
4.416455030441284180e-01
4.284591376781463623e-01
4.127168059349060059e-01
3.969739377498626709e-01
3.844102621078491211e-01
3.772466778755187988e-01
3.732090890407562256e-01
3.747195005416870117e-01
3.767770528793334961e-01
3.788346052169799805e-01
3.808923959732055664e-01
3.829498291015625000e-01
3.850075900554656982e-01
3.870651423931121826e-01
3.856788873672485352e-01
3.844439983367919922e-01
3.845384120941162109e-01
3.846328258514404297e-01
3.847274780273437500e-01
3.848217427730560303e-01
3.849164843559265137e-01
3.860552310943603516e-01
3.914823234081268311e-01
3.975389301776885986e-01
4.056144654750823975e-01
4.151512980461120605e-01
4.339089691638946533e-01
4.620647430419921875e-01
4.867799878120422363e-01
5.108186006546020508e-01
5.284297466278076172e-01
5.243999958038330078e-01
5.144699811935424805e-01
5.045399665832519531e-01
4.937270283699035645e-01
4.824068546295166016e-01
4.710866808891296387e-01
4.597670435905456543e-01
4.484468698501586914e-01
4.371266365051269531e-01
4.258069694042205811e-01
4.126741588115692139e-01
3.969946801662445068e-01
3.827950060367584229e-01
4.651308953762054443e-01
4.611620306968688965e-01
4.571936726570129395e-01
4.529722034931182861e-01
4.489423632621765137e-01
4.472442269325256348e-01
4.478916227817535400e-01
4.487733542919158936e-01
4.483047723770141602e-01
4.444554746150970459e-01
4.385267794132232666e-01
4.325976371765136719e-01
4.285098612308502197e-01
4.281587302684783936e-01
4.278317391872406006e-01
4.276573061943054199e-01
4.246594905853271484e-01
4.213640689849853516e-01
4.194026589393615723e-01
4.182332754135131836e-01
4.188485443592071533e-01
4.194642603397369385e-01
4.173682928085327148e-01
4.133980870246887207e-01
4.162104427814483643e-01
4.190965890884399414e-01
4.235022068023681641e-01
4.276753067970275879e-01
4.292021691799163818e-01
4.396244287490844727e-01
4.473106861114501953e-01
4.529602229595184326e-01
4.586094617843627930e-01
4.625617861747741699e-01
4.642095565795898438e-01
4.655123651027679443e-01
4.660408198833465576e-01
4.665695130825042725e-01
4.670981764793395996e-01
4.676266908645629883e-01
4.666337072849273682e-01
4.608004391193389893e-01
4.549670517444610596e-01
4.491334557533264160e-01
4.432998597621917725e-01
4.425544142723083496e-01
4.423771202564239502e-01
4.466295540332794189e-01
4.508819282054901123e-01
4.551348090171813965e-01
4.589915573596954346e-01
4.669740796089172363e-01
4.760921001434326172e-01
4.842481613159179688e-01
4.911392927169799805e-01
4.980300664901733398e-01
5.049210190773010254e-01
5.108319520950317383e-01
5.145580768585205078e-01
5.168067216873168945e-01
5.187543630599975586e-01
5.209436416625976562e-01
5.226766467094421387e-01
5.244095325469970703e-01
5.261428356170654297e-01
5.278757214546203613e-01
5.296090245246887207e-01
5.337582230567932129e-01
5.371754765510559082e-01
5.361648201942443848e-01
5.351545214653015137e-01
5.341436266899108887e-01
5.331332683563232422e-01
5.321226119995117188e-01
5.310983657836914062e-01
5.252291560173034668e-01
5.216093063354492188e-01
5.179896354675292969e-01
5.133417844772338867e-01
5.085631012916564941e-01
5.015091300010681152e-01
4.947106242179870605e-01
4.853153228759765625e-01
4.737151861190795898e-01
4.613949358463287354e-01
4.515192210674285889e-01
4.415717720985412598e-01
4.260851740837097168e-01
4.103423953056335449e-01
3.957272768020629883e-01
3.881750702857971191e-01
3.827902674674987793e-01
3.820120990276336670e-01
3.840697407722473145e-01
3.861275315284729004e-01
3.881849646568298340e-01
3.902426362037658691e-01
3.923002779483795166e-01
3.941396474838256836e-01
3.945186734199523926e-01
3.917148113250732422e-01
3.889546096324920654e-01
3.882580697536468506e-01
3.883524537086486816e-01
3.884470164775848389e-01
3.885414600372314453e-01
3.910717964172363281e-01
3.954001963138580322e-01
4.012207090854644775e-01
4.082137048244476318e-01
4.166870713233947754e-01
4.379730224609375000e-01
4.680446982383728027e-01
4.931564331054687500e-01
5.173273682594299316e-01
5.238866209983825684e-01
5.221756696701049805e-01
5.139141082763671875e-01
5.039842128753662109e-01
4.935003519058227539e-01
4.821803569793701172e-01
4.708601236343383789e-01
4.595403671264648438e-01
4.482201039791107178e-01
4.369000494480133057e-01
4.255800247192382812e-01
4.141111969947814941e-01
3.999805450439453125e-01
3.855253756046295166e-01
4.660341441631317139e-01
4.620650708675384521e-01
4.580968618392944336e-01
4.543004035949707031e-01
4.528297185897827148e-01
4.525694251060485840e-01
4.520647227764129639e-01
4.517146944999694824e-01
4.490683972835540771e-01
4.431176781654357910e-01
4.371885955333709717e-01
4.315719902515411377e-01
4.306641817092895508e-01
4.303371608257293701e-01
4.299021959304809570e-01
4.271510541439056396e-01
4.244780540466308594e-01
4.221247732639312744e-01
4.202423393726348877e-01
4.207781255245208740e-01
4.213937222957611084e-01
4.220089018344879150e-01
4.196390807628631592e-01
4.152949154376983643e-01
4.181073904037475586e-01
4.213275313377380371e-01
4.255190789699554443e-01
4.296785593032836914e-01
4.294638037681579590e-01
4.371236860752105713e-01
4.443944692611694336e-01
4.497711658477783203e-01
4.547504186630249023e-01
4.581260085105895996e-01
4.597736597061157227e-01
4.611538648605346680e-01
4.616822302341461182e-01
4.622109532356262207e-01
4.627395868301391602e-01
4.632683992385864258e-01
4.603690803050994873e-01
4.545353651046752930e-01
4.487021267414093018e-01
4.428685605525970459e-01
4.408324360847473145e-01
4.420763552188873291e-01
4.398512244224548340e-01
4.412860274314880371e-01
4.455387294292449951e-01
4.497913122177124023e-01
4.550097584724426270e-01
4.639647603034973145e-01
4.730827808380126953e-01
4.820435047149658203e-01
4.889345765113830566e-01
4.958254098892211914e-01
5.027161836624145508e-01
5.075238943099975586e-01
5.094895362854003906e-01
5.082675218582153320e-01
5.066995620727539062e-01
5.052502155303955078e-01
5.066074132919311523e-01
5.083404779434204102e-01
5.100736021995544434e-01
5.118063688278198242e-01
5.135394334793090820e-01
5.164090991020202637e-01
5.183779597282409668e-01
5.173674821853637695e-01
5.163567066192626953e-01
5.153460502624511719e-01
5.143355727195739746e-01
5.133249759674072266e-01
5.123142600059509277e-01
5.142467021942138672e-01
5.174426436424255371e-01
5.137050151824951172e-01
5.090342760086059570e-01
5.043636560440063477e-01
4.993625283241271973e-01
4.938906431198120117e-01
4.874080419540405273e-01
4.798918366432189941e-01
4.704590439796447754e-01
4.613930583000183105e-01
4.526844024658203125e-01
4.394536614418029785e-01
4.237108230590820312e-01
4.081367254257202148e-01
3.991278409957885742e-01
3.929802477359771729e-01
3.906804323196411133e-01
3.913625478744506836e-01
3.934202790260314941e-01
3.954778015613555908e-01
3.975354135036468506e-01
3.995929360389709473e-01
4.010920822620391846e-01
4.014707505702972412e-01
4.006431698799133301e-01
3.977508544921875000e-01
3.948587179183959961e-01
3.927379548549652100e-01
3.920724391937255859e-01
3.934959173202514648e-01
3.962872028350830078e-01
3.994827866554260254e-01
4.051384031772613525e-01
4.114134907722473145e-01
4.192264378070831299e-01
4.443233609199523926e-01
4.740303754806518555e-01
5.009968280792236328e-01
5.217137336730957031e-01
5.193465948104858398e-01
5.176323652267456055e-01
5.133585929870605469e-01
5.034286975860595703e-01
4.932736158370971680e-01
4.819536209106445312e-01
4.706337451934814453e-01
4.593135118484497070e-01
4.479935169219970703e-01
4.366734027862548828e-01
4.253537654876708984e-01
4.140334427356719971e-01
4.014386236667633057e-01
3.877636194229125977e-01
4.669372439384460449e-01
4.629681408405303955e-01
4.593619704246520996e-01
4.581544697284698486e-01
4.563807249069213867e-01
4.553677141666412354e-01
4.551243185997009277e-01
4.540359377861022949e-01
4.477081298828125000e-01
4.417794644832611084e-01
4.358933866024017334e-01
4.333716034889221191e-01
4.317417144775390625e-01
4.303615391254425049e-01
4.304045438766479492e-01
4.272368848323822021e-01
4.248469769954681396e-01
4.229643344879150391e-01
4.227069914340972900e-01
4.233228564262390137e-01
4.239383041858673096e-01
4.245537519454956055e-01
4.219101667404174805e-01
4.172422587871551514e-01
4.204674065113067627e-01
4.236929714679718018e-01
4.276309311389923096e-01
4.292232394218444824e-01
4.272257983684539795e-01
4.341184794902801514e-01
4.414831399917602539e-01
4.458595514297485352e-01
4.501722753047943115e-01
4.536903500556945801e-01
4.553376436233520508e-01
4.567952752113342285e-01
4.573238492012023926e-01
4.578523635864257812e-01
4.583812952041625977e-01
4.589099287986755371e-01
4.541041254997253418e-01
4.482709169387817383e-01
4.424374699592590332e-01
4.391097426414489746e-01
4.403540790081024170e-01
4.415980577468872070e-01
4.409076869487762451e-01
4.359427988529205322e-01
4.401951432228088379e-01
4.444480240345001221e-01
4.513430595397949219e-01
4.609556496143341064e-01
4.700736999511718750e-01
4.791917204856872559e-01
4.867296218872070312e-01
4.936203956604003906e-01
5.004893541336059570e-01
5.020793676376342773e-01
5.008044242858886719e-01
4.988759756088256836e-01
4.927878975868225098e-01
4.906181097030639648e-01
4.908515214920043945e-01
4.922709465026855469e-01
4.940040111541748047e-01
4.957370758056640625e-01
4.974699020385742188e-01
4.992030858993530273e-01
4.995802640914916992e-01
4.985699057579040527e-01
4.975591301918029785e-01
4.965485930442810059e-01
4.955377578735351562e-01
4.945272803306579590e-01
4.945535659790039062e-01
4.960152506828308105e-01
5.004378557205200195e-01
5.046020746231079102e-01
5.047271847724914551e-01
5.000565648078918457e-01
4.950286746025085449e-01
4.912891387939453125e-01
4.862723946571350098e-01
4.797897934913635254e-01
4.735469818115234375e-01
4.691370725631713867e-01
4.627607464790344238e-01
4.513811171054840088e-01
4.370793700218200684e-01
4.213367700576782227e-01
4.100809395313262939e-01
4.032672643661499023e-01
3.998822569847106934e-01
3.990113735198974609e-01
4.007129073143005371e-01
4.027705192565917969e-01
4.048280119895935059e-01
4.068857729434967041e-01
4.080441594123840332e-01
4.084232449531555176e-01
4.088021814823150635e-01
4.066790938377380371e-01
4.037868380546569824e-01
4.008944034576416016e-01
3.982241749763488770e-01
3.994400501251220703e-01
4.015027284622192383e-01
4.042941927909851074e-01
4.090560376644134521e-01
4.148536920547485352e-01
4.217737019062042236e-01
4.506739079952239990e-01
4.803805947303771973e-01
5.100870728492736816e-01
5.203186273574829102e-01
5.175225734710693359e-01
5.146307945251464844e-01
5.118697881698608398e-01
5.028729438781738281e-01
4.929429292678833008e-01
4.817270040512084961e-01
4.704071283340454102e-01
4.590868949890136719e-01
4.477671980857849121e-01
4.364470243453979492e-01
4.251269102096557617e-01
4.138070940971374512e-01
4.024868607521057129e-01
3.887809813022613525e-01
4.678397178649902344e-01
4.642651677131652832e-01
4.617379903793334961e-01
4.604052901268005371e-01
4.588500261306762695e-01
4.582430124282836914e-01
4.581051766872406006e-01
4.522986412048339844e-01
4.463697075843811035e-01
4.404404759407043457e-01
4.361297190189361572e-01
4.330516457557678223e-01
4.308213293552398682e-01
4.308921694755554199e-01
4.296348690986633301e-01
4.274795651435852051e-01
4.256862998008728027e-01
4.246364235877990723e-01
4.252520799636840820e-01
4.258675575256347656e-01
4.264830350875854492e-01
4.270986020565032959e-01
4.242862164974212646e-01
4.196075201034545898e-01
4.228332340717315674e-01
4.253906011581420898e-01
4.267214536666870117e-01
4.269852936267852783e-01
4.249881207942962646e-01
4.311133921146392822e-01
4.374457895755767822e-01
4.415588676929473877e-01
4.456713795661926270e-01
4.492546916007995605e-01
4.509021043777465820e-01
4.524367153644561768e-01
4.529653489589691162e-01
4.534941315650939941e-01
4.540228843688964844e-01
4.536730647087097168e-01
4.478395879268646240e-01
4.420059919357299805e-01
4.373877048492431641e-01
4.386314749717712402e-01
4.398756623268127441e-01
4.411196708679199219e-01
4.419642090797424316e-01
4.361974596977233887e-01
4.348517954349517822e-01
4.391041994094848633e-01
4.478885829448699951e-01
4.579460620880126953e-01
4.670643806457519531e-01
4.761827588081359863e-01
4.845249652862548828e-01
4.914156198501586914e-01
4.946690797805786133e-01
4.933422207832336426e-01
4.914156198501586914e-01
4.869179129600524902e-01
4.802053570747375488e-01
4.767064452171325684e-01
4.752229452133178711e-01
4.764531254768371582e-01
4.779345393180847168e-01
4.796676635742187500e-01
4.814006090164184570e-01
4.831336140632629395e-01
4.807825088500976562e-01
4.797719717025756836e-01
4.787616729736328125e-01
4.777507185935974121e-01
4.767398238182067871e-01
4.765025377273559570e-01
4.767976403236389160e-01
4.778383374214172363e-01
4.822061061859130859e-01
4.862300753593444824e-01
4.896017909049987793e-01
4.929345846176147461e-01
4.906814098358154297e-01
4.857354760169982910e-01
4.835807085037231445e-01
4.786539077758789062e-01
4.732206463813781738e-01
4.705621600151062012e-01
4.678943753242492676e-01
4.615529775619506836e-01
4.494147300720214844e-01
4.347050786018371582e-01
4.210336804389953613e-01
4.138458073139190674e-01
4.090842604637145996e-01
4.081599414348602295e-01
4.080055952072143555e-01
4.100631475448608398e-01
4.121207296848297119e-01
4.141783416271209717e-01
4.149964451789855957e-01
4.153755903244018555e-01
4.157542288303375244e-01
4.156073331832885742e-01
4.127151072025299072e-01
4.098227918148040771e-01
4.087425768375396729e-01
4.085473120212554932e-01
4.086028337478637695e-01
4.102077484130859375e-01
4.129739403724670410e-01
4.185964465141296387e-01
4.277030229568481445e-01
4.570241272449493408e-01
4.867310523986816406e-01
5.164374113082885742e-01
5.185109376907348633e-01
5.162229537963867188e-01
5.133312940597534180e-01
5.104395151138305664e-01
5.047413706779479980e-01
4.936306476593017578e-01
4.818530082702636719e-01
4.701802730560302734e-01
4.588603377342224121e-01
4.475405514240264893e-01
4.362202286720275879e-01
4.249002337455749512e-01
4.135803580284118652e-01
4.022600650787353516e-01
3.902140855789184570e-01
4.677916765213012695e-01
4.653285741806030273e-01
4.640557467937469482e-01
4.627823233604431152e-01
4.613212347030639648e-01
4.611185193061828613e-01
4.567970931529998779e-01
4.509104490280151367e-01
4.446917772293090820e-01
4.381251335144042969e-01
4.350468814373016357e-01
4.319693446159362793e-01
4.313518702983856201e-01
4.314219951629638672e-01
4.297205209732055664e-01
4.284085631370544434e-01
4.265658259391784668e-01
4.271815419197082520e-01
4.277968406677246094e-01
4.284126460552215576e-01
4.290277361869812012e-01
4.298050999641418457e-01
4.270261526107788086e-01
4.218878448009490967e-01
4.236443042755126953e-01
4.245315194129943848e-01
4.247461259365081787e-01
4.248117804527282715e-01
4.225576221942901611e-01
4.267548918724060059e-01
4.331450462341308594e-01
4.372580647468566895e-01
4.413710534572601318e-01
4.448190629482269287e-01
4.464666247367858887e-01
4.480782151222229004e-01
4.486071169376373291e-01
4.491356015205383301e-01
4.496646523475646973e-01
4.474084675312042236e-01
4.415749311447143555e-01
4.357733428478240967e-01
4.369093775749206543e-01
4.381535053253173828e-01
4.393979012966156006e-01
4.406414926052093506e-01
4.418857991695404053e-01
4.372542500495910645e-01
4.314876198768615723e-01
4.346181154251098633e-01
4.444345533847808838e-01
4.544993340969085693e-01
4.640553295612335205e-01
4.731734991073608398e-01
4.822918176651000977e-01
4.861077666282653809e-01
4.858796596527099609e-01
4.839529991149902344e-01
4.811661839485168457e-01
4.744539260864257812e-01
4.677416682243347168e-01
4.627950191497802734e-01
4.606251418590545654e-01
4.608244001865386963e-01
4.620545506477355957e-01
4.635982215404510498e-01
4.653313755989074707e-01
4.656981229782104492e-01
4.619850218296051025e-01
4.609740972518920898e-01
4.599637985229492188e-01
4.589532017707824707e-01
4.584520757198333740e-01
4.587472081184387207e-01
4.590423703193664551e-01
4.598520994186401367e-01
4.639743566513061523e-01
4.678578376770019531e-01
4.712297320365905762e-01
4.745227098464965820e-01
4.775366783142089844e-01
4.805442690849304199e-01
4.776297807693481445e-01
4.758720397949218750e-01
4.728947877883911133e-01
4.702363014221191406e-01
4.675780534744262695e-01
4.638984501361846924e-01
4.576342999935150146e-01
4.468337893486022949e-01
4.330324530601501465e-01
4.247986078262329102e-01
4.191201925277709961e-01
4.173619747161865234e-01
4.164377450942993164e-01
4.173558652400970459e-01
4.194135665893554688e-01
4.214712381362915039e-01
4.219489097595214844e-01
4.223277270793914795e-01
4.227064847946166992e-01
4.230856597423553467e-01
4.216432571411132812e-01
4.194558262825012207e-01
4.192608296871185303e-01
4.190657138824462891e-01
4.188705682754516602e-01
4.186753034591674805e-01
4.193793237209320068e-01
4.230065643787384033e-01
4.345836043357849121e-01
4.633743762969970703e-01
4.930813908576965332e-01
5.126010179519653320e-01
5.165578126907348633e-01
5.148645639419555664e-01
5.120316743850708008e-01
5.091400146484375000e-01
5.062487125396728516e-01
4.963186979293823242e-01
4.845802187919616699e-01
4.720798134803771973e-01
4.595790505409240723e-01
4.475276172161102295e-01
4.359937906265258789e-01
4.246737062931060791e-01
4.133538603782653809e-01
4.020339250564575195e-01
3.908936381340026855e-01
4.689784646034240723e-01
4.677051305770874023e-01
4.664324522018432617e-01
4.651590883731842041e-01
4.641318321228027344e-01
4.613683223724365234e-01
4.551046788692474365e-01
4.475656449794769287e-01
4.404497146606445312e-01
4.370431005954742432e-01
4.339647889137268066e-01
4.322701096534729004e-01
4.318817853927612305e-01
4.320331215858459473e-01
4.305930137634277344e-01
4.292484521865844727e-01
4.291111826896667480e-01
4.297268688678741455e-01
4.303419589996337891e-01
4.309573471546173096e-01
4.317900538444519043e-01
4.328189492225646973e-01
4.288116693496704102e-01
4.218975603580474854e-01
4.229549467563629150e-01
4.226567149162292480e-01
4.227712154388427734e-01
4.224033057689666748e-01
4.189304709434509277e-01
4.223604798316955566e-01
4.288446307182312012e-01
4.329574108123779297e-01
4.370705485343933105e-01
4.406414031982421875e-01
4.420307874679565430e-01
4.436779916286468506e-01
4.442486166954040527e-01
4.447772204875946045e-01
4.453059434890747070e-01
4.411434829235076904e-01
4.353103339672088623e-01
4.351872205734252930e-01
4.364312589168548584e-01
4.376752972602844238e-01
4.389191269874572754e-01
4.401634335517883301e-01
4.414075911045074463e-01
4.383108615875244141e-01
4.325439929962158203e-01
4.309152662754058838e-01
4.409801959991455078e-01
4.510455727577209473e-01
4.610462188720703125e-01
4.700172543525695801e-01
4.755370616912841797e-01
4.784169197082519531e-01
4.764907360076904297e-01
4.745641946792602539e-01
4.687024950981140137e-01
4.619901180267333984e-01
4.552780389785766602e-01
4.488836228847503662e-01
4.467138051986694336e-01
4.451957941055297852e-01
4.464260637760162354e-01
4.476562440395355225e-01
4.492618441581726074e-01
4.481804072856903076e-01
4.437375366687774658e-01
4.421767592430114746e-01
4.411659538745880127e-01
4.404017329216003418e-01
4.406965076923370361e-01
4.409917294979095459e-01
4.412866234779357910e-01
4.418660402297973633e-01
4.457427859306335449e-01
4.494858980178833008e-01
4.528573751449584961e-01
4.561106562614440918e-01
4.591246843338012695e-01
4.621384739875793457e-01
4.652041196823120117e-01
4.699399471282958984e-01
4.708327054977416992e-01
4.699105024337768555e-01
4.672517478466033936e-01
4.637747704982757568e-01
4.595013260841369629e-01
4.515967369079589844e-01
4.426999390125274658e-01
4.357517361640930176e-01
4.293101131916046143e-01
4.265639781951904297e-01
4.256397187709808350e-01
4.248140752315521240e-01
4.267065525054931641e-01
4.285221099853515625e-01
4.289012253284454346e-01
4.292802810668945312e-01
4.296591281890869141e-01
4.300380349159240723e-01
4.304167926311492920e-01
4.299742579460144043e-01
4.297792911529541016e-01
4.295840561389923096e-01
4.293887913227081299e-01
4.291933774948120117e-01
4.288500547409057617e-01
4.293618202209472656e-01
4.439603686332702637e-01
4.705560803413391113e-01
4.994314312934875488e-01
5.078996419906616211e-01
5.118564367294311523e-01
5.130569934844970703e-01
5.107324719429016113e-01
5.078406929969787598e-01
5.049488544464111328e-01
4.990066289901733398e-01
4.875972270965576172e-01
4.750967025756835938e-01
4.625962078571319580e-01
4.500955045223236084e-01
4.375948905944824219e-01
4.251493513584136963e-01
4.132019877433776855e-01
4.019042551517486572e-01
3.908389806747436523e-01
4.713551998138427734e-01
4.700819849967956543e-01
4.688094258308410645e-01
4.675361514091491699e-01
4.659381508827209473e-01
4.578561484813690186e-01
4.502762854099273682e-01
4.428139925003051758e-01
4.388326108455657959e-01
4.359608590602874756e-01
4.337029755115509033e-01
4.328862428665161133e-01
4.324116408824920654e-01
4.325990676879882812e-01
4.316990077495574951e-01
4.310404658317565918e-01
4.316556453704833984e-01
4.322715401649475098e-01
4.328867197036743164e-01
4.337751865386962891e-01
4.344501793384552002e-01
4.339915812015533447e-01
4.291773438453674316e-01
4.213780760765075684e-01
4.210791587829589844e-01
4.207807481288909912e-01
4.201486706733703613e-01
4.190252721309661865e-01
4.153373837471008301e-01
4.179661870002746582e-01
4.245439171791076660e-01
4.286567270755767822e-01
4.327694773674011230e-01
4.364832341670989990e-01
4.377553761005401611e-01
4.392426908016204834e-01
4.398899674415588379e-01
4.404184222221374512e-01
4.405019283294677734e-01
4.348790049552917480e-01
4.334650337696075439e-01
4.347087144851684570e-01
4.359527528285980225e-01
4.371969103813171387e-01
4.384410679340362549e-01
4.396851658821105957e-01
4.409288763999938965e-01
4.393673539161682129e-01
4.336004257202148438e-01
4.322204589843750000e-01
4.375259578227996826e-01
4.475910961627960205e-01
4.571331143379211426e-01
4.627678990364074707e-01
4.673196673393249512e-01
4.690280556678771973e-01
4.671016335487365723e-01
4.629507064819335938e-01
4.562384784221649170e-01
4.495265483856201172e-01
4.428143799304962158e-01
4.361021518707275391e-01
4.328019320964813232e-01
4.306320846080780029e-01
4.307971596717834473e-01
4.320273995399475098e-01
4.332577586174011230e-01
4.306623637676239014e-01
4.262196123600006104e-01
4.233789443969726562e-01
4.223686456680297852e-01
4.226456880569458008e-01
4.229409098625183105e-01
4.232360124588012695e-01
4.235308170318603516e-01
4.238798022270202637e-01
4.275110960006713867e-01
4.311132729053497314e-01
4.344854354858398438e-01
4.376987516880035400e-01
4.407126605510711670e-01
4.437263011932373047e-01
4.467403888702392578e-01
4.510248899459838867e-01
4.609710574150085449e-01
4.677577614784240723e-01
4.669257402420043945e-01
4.636508226394653320e-01
4.595769047737121582e-01
4.531723260879516602e-01
4.452678859233856201e-01
4.405525028705596924e-01
4.376522898674011230e-01
4.357660412788391113e-01
4.348415732383728027e-01
4.339174032211303711e-01
4.339990615844726562e-01
4.354745149612426758e-01
4.358534812927246094e-01
4.362322092056274414e-01
4.366111159324645996e-01
4.369901418685913086e-01
4.385570585727691650e-01
4.404924213886260986e-01
4.402972459793090820e-01
4.401020407676696777e-01
4.399068951606750488e-01
4.397116899490356445e-01
4.391935169696807861e-01
4.388132691383361816e-01
4.552870988845825195e-01
4.797341227531433105e-01
5.010335445404052734e-01
5.038037896156311035e-01
5.071551203727722168e-01
5.111117362976074219e-01
5.094104409217834473e-01
5.065412521362304688e-01
5.036494731903076172e-01
5.007396936416625977e-01
4.905841350555419922e-01
4.781136512756347656e-01
4.656132161617279053e-01
4.531125426292419434e-01
4.406115710735321045e-01
4.281113147735595703e-01
4.156366586685180664e-01
4.033784866333007812e-01
3.913472890853881836e-01
4.737315177917480469e-01
4.724590182304382324e-01
4.711856245994567871e-01
4.688506722450256348e-01
4.607898592948913574e-01
4.529873132705688477e-01
4.454078078269958496e-01
4.404321312904357910e-01
4.375665187835693359e-01
4.349589049816131592e-01
4.343190789222717285e-01
4.335022866725921631e-01
4.329447150230407715e-01
4.337048232555389404e-01
4.329643845558166504e-01
4.335846900939941406e-01
4.342002868652343750e-01
4.348157346248626709e-01
4.357593059539794922e-01
4.355481266975402832e-01
4.350893497467041016e-01
4.346314966678619385e-01
4.292010664939880371e-01
4.195019602775573730e-01
4.192036986351013184e-01
4.180293679237365723e-01
4.167844057083129883e-01
4.156472682952880859e-01
4.119594097137451172e-01
4.135717153549194336e-01
4.202431738376617432e-01
4.243562817573547363e-01
4.284692108631134033e-01
4.323248565196990967e-01
4.335973262786865234e-01
4.348698854446411133e-01
4.355317950248718262e-01
4.360601902008056641e-01
4.344473481178283691e-01
4.317424893379211426e-01
4.329861700534820557e-01
4.342306554317474365e-01
4.354742467403411865e-01
4.367184340953826904e-01
4.379623830318450928e-01
4.392067790031433105e-01
4.404507875442504883e-01
4.404236078262329102e-01
4.354050755500793457e-01
4.351658225059509277e-01
4.352121651172637939e-01
4.432373642921447754e-01
4.491722881793975830e-01
4.545504450798034668e-01
4.583324491977691650e-01
4.594239294528961182e-01
4.571992158889770508e-01
4.504869282245635986e-01
4.437747597694396973e-01
4.370625019073486328e-01
4.303503334522247314e-01
4.236381649971008301e-01
4.188904464244842529e-01
4.167204201221466064e-01
4.151873886585235596e-01
4.163984060287475586e-01
4.176288545131683350e-01
4.131472706794738770e-01
4.087012410163879395e-01
4.045813679695129395e-01
4.045950174331665039e-01
4.048898816108703613e-01
4.051848948001861572e-01
4.054800271987915039e-01
4.057749509811401367e-01
4.060699939727783203e-01
4.092791080474853516e-01
4.127413034439086914e-01
4.161127209663391113e-01
4.192868471145629883e-01
4.223004281520843506e-01
4.253142774105072021e-01
4.283278882503509521e-01
4.318265616893768311e-01
4.416006207466125488e-01
4.518925547599792480e-01
4.619456529617309570e-01
4.635270535945892334e-01
4.594528973102569580e-01
4.547482728958129883e-01
4.468436539173126221e-01
4.401735067367553711e-01
4.399548470973968506e-01
4.405681192874908447e-01
4.427768290042877197e-01
4.431194365024566650e-01
4.421948194503784180e-01
4.424266815185546875e-01
4.428055882453918457e-01
4.431844353675842285e-01
4.435636401176452637e-01
4.440230727195739746e-01
4.470992088317871094e-01
4.501751959323883057e-01
4.508154988288879395e-01
4.506201744079589844e-01
4.504250586032867432e-01
4.501312673091888428e-01
4.495366513729095459e-01
4.489420950412750244e-01
4.681439399719238281e-01
4.920474886894226074e-01
4.994695186614990234e-01
5.014442205429077148e-01
5.042145252227783203e-01
5.069848895072937012e-01
5.076026916503906250e-01
5.052413940429687500e-01
5.023497939109802246e-01
4.994581341743469238e-01
4.932718276977539062e-01
4.811303615570068359e-01
4.686298370361328125e-01
4.561291635036468506e-01
4.436286687850952148e-01
4.311279952526092529e-01
4.188244938850402832e-01
4.065665900707244873e-01
3.943219184875488281e-01
