5.156688094139099121e-01
5.142027735710144043e-01
5.127370953559875488e-01
5.112716555595397949e-01
5.098057389259338379e-01
5.083399415016174316e-01
5.068722963333129883e-01
5.041480660438537598e-01
5.003846287727355957e-01
4.935256242752075195e-01
4.851495027542114258e-01
4.718880653381347656e-01
4.599024057388305664e-01
4.491962492465972900e-01
4.384902715682983398e-01
4.277839660644531250e-01
4.170778393745422363e-01
4.065166711807250977e-01
3.988294601440429688e-01
3.984262943267822266e-01
4.050838351249694824e-01
4.084291458129882812e-01
4.268192052841186523e-01
4.470739960670471191e-01
4.694620966911315918e-01
4.864336848258972168e-01
4.950720071792602539e-01
4.980891346931457520e-01
4.959273338317871094e-01
4.924758076667785645e-01
4.890236258506774902e-01
4.855713844299316406e-01
4.810674786567687988e-01
4.739949703216552734e-01
4.669222831726074219e-01
4.608995020389556885e-01
4.599544107913970947e-01
4.590107202529907227e-01
4.580666720867156982e-01
4.574499726295471191e-01
4.589020311832427979e-01
4.603543579578399658e-01
4.618064165115356445e-01
4.632586240768432617e-01
4.647103548049926758e-01
4.661627411842346191e-01
4.676145315170288086e-01
4.664356410503387451e-01
4.621766805648803711e-01
4.575660526752471924e-01
4.522298574447631836e-01
4.469736218452453613e-01
4.400093853473663330e-01
4.383090734481811523e-01
4.340172111988067627e-01
4.292692244052886963e-01
4.229003489017486572e-01
4.173383414745330811e-01
4.112853407859802246e-01
4.046067297458648682e-01
3.980528712272644043e-01
3.950046598911285400e-01
3.943955302238464355e-01
3.968670666217803955e-01
3.991304934024810791e-01
3.959300816059112549e-01
3.927299380302429199e-01
3.895297944545745850e-01
3.863294124603271484e-01
3.819589614868164062e-01
3.766999840736389160e-01
3.732955157756805420e-01
3.737291097640991211e-01
3.702395260334014893e-01
3.635169565677642822e-01
3.652075231075286865e-01
3.698703646659851074e-01
3.742777407169342041e-01
3.761506676673889160e-01
3.774037361145019531e-01
3.810305297374725342e-01
3.850494921207427979e-01
3.890682458877563477e-01
3.930873572826385498e-01
3.977792561054229736e-01
4.042981863021850586e-01
4.100504219532012939e-01
4.127002656459808350e-01
4.142844676971435547e-01
4.158688187599182129e-01
4.161115288734436035e-01
4.170663356781005859e-01
4.224374890327453613e-01
4.264451265335083008e-01
4.279656112194061279e-01
4.291652143001556396e-01
4.273318648338317871e-01
4.236634373664855957e-01
4.257153272628784180e-01
4.268689751625061035e-01
4.251423776149749756e-01
4.248966574668884277e-01
4.269085228443145752e-01
4.300170242786407471e-01
4.286238253116607666e-01
4.269713461399078369e-01
4.274673461914062500e-01
4.284650087356567383e-01
4.294622838497161865e-01
4.304598271846771240e-01
4.314572811126708984e-01
4.353002905845642090e-01
4.416260123252868652e-01
4.479515552520751953e-01
4.542773067951202393e-01
4.606031775474548340e-01
4.669287800788879395e-01
4.732550382614135742e-01
4.820141196250915527e-01
4.821456670761108398e-01
4.813775420188903809e-01
4.763914942741394043e-01
4.714340567588806152e-01
4.616464972496032715e-01
4.417596459388732910e-01
4.213619828224182129e-01
4.009646773338317871e-01
3.805881440639495850e-01
3.647307157516479492e-01
5.088590979576110840e-01
5.073933005332946777e-01
5.059275031089782715e-01
5.044615268707275391e-01
5.029957890510559082e-01
5.015299916267395020e-01
5.000646710395812988e-01
4.985988736152648926e-01
4.960300922393798828e-01
4.909135699272155762e-01
4.829532504081726074e-01
4.753524661064147949e-01
4.628015160560607910e-01
4.505818486213684082e-01
4.398759901523590088e-01
4.291700422763824463e-01
4.184637069702148438e-01
4.077569842338562012e-01
3.983486890792846680e-01
3.963373601436614990e-01
4.028882980346679688e-01
4.063288569450378418e-01
4.200569391250610352e-01
4.395057559013366699e-01
4.603090286254882812e-01
4.768071770668029785e-01
4.894239306449890137e-01
4.940063953399658203e-01
4.923759102821350098e-01
4.892783761024475098e-01
4.858260750770568848e-01
4.823741912841796875e-01
4.789214730262756348e-01
4.721417427062988281e-01
4.650683999061584473e-01
4.579960703849792480e-01
4.532142579555511475e-01
4.522708654403686523e-01
4.513269364833831787e-01
4.513770341873168945e-01
4.528288543224334717e-01
4.542808532714843750e-01
4.557330012321472168e-01
4.571850299835205078e-01
4.586374759674072266e-01
4.600894749164581299e-01
4.615413248538970947e-01
4.629935026168823242e-01
4.591611325740814209e-01
4.542068839073181152e-01
4.488705396652221680e-01
4.423892796039581299e-01
4.374996423721313477e-01
4.347644448280334473e-01
4.329916834831237793e-01
4.286280274391174316e-01
4.240535795688629150e-01
4.185270667076110840e-01
4.142389893531799316e-01
4.075608849525451660e-01
4.008828103542327881e-01
3.972722291946411133e-01
3.957579433917999268e-01
3.982298374176025391e-01
4.007013738155364990e-01
4.016771018505096436e-01
3.984768390655517578e-01
3.952765166759490967e-01
3.920763134956359863e-01
3.880009949207305908e-01
3.829904794692993164e-01
3.821779489517211914e-01
3.836435973644256592e-01
3.828193545341491699e-01
3.817428052425384521e-01
3.780243694782257080e-01
3.825179934501647949e-01
3.857820332050323486e-01
3.875544071197509766e-01
3.891206383705139160e-01
3.931394815444946289e-01
3.971585035324096680e-01
4.011774063110351562e-01
4.051960706710815430e-01
4.114317297935485840e-01
4.179536700248718262e-01
4.200167357921600342e-01
4.216008186340332031e-01
4.231850206851959229e-01
4.247692823410034180e-01
4.256659150123596191e-01
4.297814071178436279e-01
4.354756176471710205e-01
4.380005896091461182e-01
4.387666583061218262e-01
4.372763037681579590e-01
4.337907731533050537e-01
4.296016395092010498e-01
4.270210862159729004e-01
4.266747236251831055e-01
4.242088496685028076e-01
4.241922497749328613e-01
4.266680777072906494e-01
4.261408746242523193e-01
4.220837354660034180e-01
4.178988933563232422e-01
4.180704653263092041e-01
4.190679490566253662e-01
4.200654625892639160e-01
4.210630655288696289e-01
4.220604300498962402e-01
4.270404279232025146e-01
4.333659708499908447e-01
4.396915435791015625e-01
4.460172951221466064e-01
4.523428678512573242e-01
4.591607451438903809e-01
4.690131545066833496e-01
4.788656830787658691e-01
4.805946946144104004e-01
4.807266592979431152e-01
4.778288006782531738e-01
4.728423953056335449e-01
4.631538391113281250e-01
4.437733888626098633e-01
4.233427643775939941e-01
4.029455482959747314e-01
3.826312422752380371e-01
3.659913837909698486e-01
5.013833045959472656e-01
4.998586773872375488e-01
4.985377788543701172e-01
4.972171187400817871e-01
4.958963990211486816e-01
4.945757985115051270e-01
4.932548999786376953e-01
4.917889237403869629e-01
4.903221130371093750e-01
4.874272346496582031e-01
4.803413748741149902e-01
4.726666808128356934e-01
4.654567241668701172e-01
4.537150859832763672e-01
4.412620365619659424e-01
4.305551648139953613e-01
4.198490381240844727e-01
4.091431498527526855e-01
3.984365463256835938e-01
3.955252468585968018e-01
3.996993005275726318e-01
4.038355648517608643e-01
4.171050786972045898e-01
4.320817887783050537e-01
4.510011076927185059e-01
4.676037430763244629e-01
4.800317883491516113e-01
4.884709715843200684e-01
4.882797002792358398e-01
4.858106970787048340e-01
4.826290607452392578e-01
4.791763424873352051e-01
4.757245182991027832e-01
4.706977009773254395e-01
4.632155001163482666e-01
4.561430215835571289e-01
4.493466615676879883e-01
4.455307126045227051e-01
4.445868730545043945e-01
4.453036785125732422e-01
4.467558860778808594e-01
4.482079148292541504e-01
4.496599137783050537e-01
4.511120319366455078e-01
4.525640606880187988e-01
4.540157914161682129e-01
4.554681777954101562e-01
4.569201171398162842e-01
4.561457633972167969e-01
4.508479237556457520e-01
4.455111622810363770e-01
4.392214417457580566e-01
4.350585341453552246e-01
4.314924180507659912e-01
4.306245446205139160e-01
4.274190068244934082e-01
4.253619909286499023e-01
4.196188747882843018e-01
4.153489470481872559e-01
4.105150699615478516e-01
4.038367867469787598e-01
3.995395898818969727e-01
3.974667787551879883e-01
3.995922207832336426e-01
4.020642936229705811e-01
4.045358598232269287e-01
4.042238593101501465e-01
4.010237455368041992e-01
3.978231549263000488e-01
3.940428495407104492e-01
3.906263113021850586e-01
3.920919299125671387e-01
3.934549391269683838e-01
3.923783004283905029e-01
3.910649120807647705e-01
3.895258903503417969e-01
3.957447409629821777e-01
3.991388976573944092e-01
4.003794193267822266e-01
4.012291729450225830e-01
4.052482545375823975e-01
4.092672765254974365e-01
4.132862687110900879e-01
4.185652732849121094e-01
4.239526391029357910e-01
4.263767600059509277e-01
4.289156496524810791e-01
4.305012524127960205e-01
4.320855438709259033e-01
4.346424937248229980e-01
4.375318586826324463e-01
4.420811533927917480e-01
4.471172094345092773e-01
4.473343193531036377e-01
4.458434581756591797e-01
4.443534314632415771e-01
4.402490556240081787e-01
4.360600113868713379e-01
4.318709969520568848e-01
4.264806509017944336e-01
4.235607981681823730e-01
4.233580231666564941e-01
4.236584007740020752e-01
4.197131991386413574e-01
4.155281186103820801e-01
4.118444919586181641e-01
4.086739420890808105e-01
4.096714854240417480e-01
4.106689691543579102e-01
4.116665124893188477e-01
4.126642048358917236e-01
4.187802970409393311e-01
4.251061677932739258e-01
4.314315021038055420e-01
4.377572536468505859e-01
4.457230567932128906e-01
4.555756747722625732e-01
4.654281437397003174e-01
4.752807021141052246e-01
4.790440797805786133e-01
4.791757464408874512e-01
4.792662262916564941e-01
4.742798805236816406e-01
4.646624326705932617e-01
4.458190798759460449e-01
4.253237247467041016e-01
4.048110842704772949e-01
3.832746744155883789e-01
3.682516813278198242e-01
4.954833388328552246e-01
4.917215704917907715e-01
4.904011487960815430e-01
4.890806078910827637e-01
4.877595305442810059e-01
4.864386320114135742e-01
4.851180911064147949e-01
4.837971329689025879e-01
4.822935461997985840e-01
4.805684089660644531e-01
4.759396910667419434e-01
4.693579077720642090e-01
4.622932076454162598e-01
4.552281498908996582e-01
4.444615244865417480e-01
4.319216012954711914e-01
4.212351143360137939e-01
4.105288982391357422e-01
3.998228311538696289e-01
3.947134315967559814e-01
3.964929580688476562e-01
4.012362658977508545e-01
4.137759208679199219e-01
4.289007186889648438e-01
4.426434040069580078e-01
4.560698270797729492e-01
4.710611701011657715e-01
4.804371595382690430e-01
4.823907017707824707e-01
4.817141890525817871e-01
4.792451858520507812e-01
4.759790301322937012e-01
4.725273847579956055e-01
4.690747261047363281e-01
4.614635109901428223e-01
4.542894065380096436e-01
4.472166895866394043e-01
4.407732486724853516e-01
4.379710555076599121e-01
4.392304420471191406e-01
4.406827092170715332e-01
4.421346783638000488e-01
4.435864686965942383e-01
4.450390934944152832e-01
4.464912414550781250e-01
4.479426741600036621e-01
4.493950009346008301e-01
4.508472084999084473e-01
4.519934058189392090e-01
4.474880695343017578e-01
4.421515166759490967e-01
4.369820356369018555e-01
4.326173365116119385e-01
4.290513694286346436e-01
4.266477823257446289e-01
4.262096285820007324e-01
4.236913621425628662e-01
4.201911687850952148e-01
4.155606031417846680e-01
4.124765992164611816e-01
4.065879583358764648e-01
4.017678499221801758e-01
3.995020687580108643e-01
4.009546637535095215e-01
4.034266173839569092e-01
4.058983325958251953e-01
4.078588783740997314e-01
4.067701101303100586e-01
4.035699963569641113e-01
4.001246392726898193e-01
4.005404412746429443e-01
4.020174145698547363e-01
4.030631482601165771e-01
4.020470380783081055e-01
4.012452363967895508e-01
4.004436135292053223e-01
4.018237590789794922e-01
4.101420044898986816e-01
4.132045507431030273e-01
4.137458801269531250e-01
4.173571169376373291e-01
4.213759899139404297e-01
4.256987273693084717e-01
4.299875497817993164e-01
4.322610795497894287e-01
4.347995519638061523e-01
4.373385608196258545e-01
4.399406015872955322e-01
4.428150951862335205e-01
4.448706805706024170e-01
4.484148919582366943e-01
4.530451893806457520e-01
4.553917944431304932e-01
4.544110894203186035e-01
4.529206156730651855e-01
4.508965015411376953e-01
4.467073082923889160e-01
4.425184726715087891e-01
4.371910989284515381e-01
4.276567101478576660e-01
4.220698475837707520e-01
4.212442636489868164e-01
4.173426628112792969e-01
4.131574630737304688e-01
4.093478322029113770e-01
4.057901501655578613e-01
4.022329449653625488e-01
4.002744555473327637e-01
4.012723565101623535e-01
4.022695422172546387e-01
4.041942954063415527e-01
4.105200767517089844e-01
4.168456196784973145e-01
4.231714904308319092e-01
4.322853684425354004e-01
4.421381354331970215e-01
4.519905149936676025e-01
4.618426561355590820e-01
4.716953635215759277e-01
4.774929881095886230e-01
4.776250720024108887e-01
4.777566194534301758e-01
4.757091403007507324e-01
4.662204384803771973e-01
4.478648304939270020e-01
4.271075725555419922e-01
4.051273465156555176e-01
3.855914771556854248e-01
3.719245791435241699e-01
4.895840883255004883e-01
4.837513566017150879e-01
4.822641015052795410e-01
4.809435606002807617e-01
4.796232581138610840e-01
4.783021807670593262e-01
4.769809842109680176e-01
4.756603240966796875e-01
4.739752411842346191e-01
4.722502827644348145e-01
4.696277379989624023e-01
4.641149044036865234e-01
4.582602977752685547e-01
4.511956274509429932e-01
4.441304206848144531e-01
4.341930747032165527e-01
4.216532707214355469e-01
4.108549058437347412e-01
4.002935290336608887e-01
3.944152593612670898e-01
3.950559496879577637e-01
3.981561064720153809e-01
4.101116061210632324e-01
4.253821074962615967e-01
4.392221570014953613e-01
4.491076469421386719e-01
4.591105580329895020e-01
4.702205061912536621e-01
4.757817983627319336e-01
4.754852056503295898e-01
4.751489758491516113e-01
4.726798534393310547e-01
4.693297743797302246e-01
4.658779501914978027e-01
4.603451490402221680e-01
4.524358510971069336e-01
4.453630447387695312e-01
4.382908344268798828e-01
4.328112602233886719e-01
4.331572651863098145e-01
4.346092939376831055e-01
4.360614418983459473e-01
4.375137090682983398e-01
4.389657676219940186e-01
4.404176771640777588e-01
4.418695569038391113e-01
4.433215856552124023e-01
4.447736442089080811e-01
4.455763399600982666e-01
4.441284537315368652e-01
4.395070672035217285e-01
4.348334074020385742e-01
4.302738904953002930e-01
4.266098737716674805e-01
4.230437874794006348e-01
4.225082695484161377e-01
4.211412668228149414e-01
4.213992059230804443e-01
4.158468246459960938e-01
4.126879274845123291e-01
4.090875387191772461e-01
4.038877487182617188e-01
4.012061655521392822e-01
4.021486639976501465e-01
4.047833383083343506e-01
4.072607457637786865e-01
4.097323417663574219e-01
4.111730456352233887e-01
4.093173146247863770e-01
4.089792072772979736e-01
4.105412662029266357e-01
4.129437208175659180e-01
4.137665033340454102e-01
4.129647612571716309e-01
4.121628701686859131e-01
4.113610088825225830e-01
4.096534550189971924e-01
4.136081933975219727e-01
4.197852909564971924e-01
4.259624481201171875e-01
4.294659495353698730e-01
4.334850609302520752e-01
4.360227882862091064e-01
4.381451606750488281e-01
4.406838119029998779e-01
4.433278143405914307e-01
4.471571147441864014e-01
4.505036771297454834e-01
4.523048400878906250e-01
4.541046619415283203e-01
4.573743939399719238e-01
4.605302810668945312e-01
4.628770649433135986e-01
4.614883065223693848e-01
4.599981307983398438e-01
4.573547542095184326e-01
4.531658887863159180e-01
4.489768743515014648e-01
4.414891600608825684e-01
4.304798245429992676e-01
4.225117564201354980e-01
4.152597784996032715e-01
4.107871651649475098e-01
4.068511724472045898e-01
4.032934606075286865e-01
3.997361660003662109e-01
3.961790204048156738e-01
3.926211595535278320e-01
3.918754756450653076e-01
3.928732275962829590e-01
3.959338963031768799e-01
4.022594988346099854e-01
4.089955985546112061e-01
4.188477396965026855e-01
4.287003278732299805e-01
4.385525882244110107e-01
4.484053254127502441e-01
4.582578539848327637e-01
4.681100845336914062e-01
4.759426116943359375e-01
4.760739207267761230e-01
4.762058258056640625e-01
4.755229949951171875e-01
4.675291776657104492e-01
4.496600031852722168e-01
4.275012314319610596e-01
4.074001908302307129e-01
3.889238238334655762e-01
3.796418607234954834e-01
4.836841821670532227e-01
4.778517484664916992e-01
4.741274714469909668e-01
4.728062748908996582e-01
4.714859724044799805e-01
4.701651930809020996e-01
4.688444733619689941e-01
4.673826396465301514e-01
4.656574130058288574e-01
4.639319181442260742e-01
4.622072875499725342e-01
4.575512409210205078e-01
4.528485238552093506e-01
4.471620321273803711e-01
4.400973320007324219e-01
4.330321252346038818e-01
4.240482449531555176e-01
4.113848209381103516e-01
4.003522992134094238e-01
3.941428661346435547e-01
3.930479586124420166e-01
3.943524360656738281e-01
4.054557979106903076e-01
4.207253754138946533e-01
4.345203638076782227e-01
4.431135952472686768e-01
4.512228071689605713e-01
4.582854211330413818e-01
4.627875685691833496e-01
4.683350324630737305e-01
4.681549072265625000e-01
4.682247638702392578e-01
4.659029245376586914e-01
4.626133441925048828e-01
4.592265486717224121e-01
4.511113166809082031e-01
4.435099959373474121e-01
4.364373087882995605e-01
4.306997954845428467e-01
4.275481104850769043e-01
4.285358786582946777e-01
4.299882054328918457e-01
4.314402341842651367e-01
4.328922927379608154e-01
4.343444108963012695e-01
4.357963204383850098e-01
4.372483193874359131e-01
4.387004375457763672e-01
4.391592442989349365e-01
4.395335912704467773e-01
4.372441768646240234e-01
4.326846003532409668e-01
4.281250238418579102e-01
4.241686761379241943e-01
4.206025600433349609e-01
4.185314178466796875e-01
4.183680415153503418e-01
4.195700585842132568e-01
4.164634943008422852e-01
4.128993153572082520e-01
4.098153710365295410e-01
4.061092436313629150e-01
4.028223156929016113e-01
4.030566513538360596e-01
4.056913256645202637e-01
4.083259105682373047e-01
4.109603762626647949e-01
4.131066501140594482e-01
4.148881435394287109e-01
4.197642803192138672e-01
4.222972989082336426e-01
4.246696829795837402e-01
4.246841669082641602e-01
4.238823950290679932e-01
4.230803251266479492e-01
4.222786128520965576e-01
4.197623729705810547e-01
4.170696735382080078e-01
4.232466816902160645e-01
4.294237494468688965e-01
4.372385144233703613e-01
4.420571923255920410e-01
4.440292119979858398e-01
4.465683400630950928e-01
4.500684142112731934e-01
4.537511467933654785e-01
4.565055668354034424e-01
4.592604637145996094e-01
4.606164693832397461e-01
4.601542651653289795e-01
4.643216431140899658e-01
4.680155515670776367e-01
4.700557589530944824e-01
4.685652852058410645e-01
4.670745432376861572e-01
4.638128876686096191e-01
4.596243500709533691e-01
4.551998376846313477e-01
4.434070885181427002e-01
4.346421658992767334e-01
4.225830435752868652e-01
4.092018902301788330e-01
4.043545126914978027e-01
4.007970094680786133e-01
3.972395956516265869e-01
3.936819434165954590e-01
3.901246190071105957e-01
3.865671753883361816e-01
3.830097913742065430e-01
3.834760487079620361e-01
3.876739144325256348e-01
3.955579996109008789e-01
4.054102301597595215e-01
4.152624607086181641e-01
4.251146912574768066e-01
4.349674582481384277e-01
4.448200166225433350e-01
4.546726346015930176e-01
4.645251631736755371e-01
4.743773937225341797e-01
4.745231866836547852e-01
4.746548533439636230e-01
4.731654524803161621e-01
4.678030610084533691e-01
4.503836631774902344e-01
4.301024079322814941e-01
4.117404222488403320e-01
3.992764651775360107e-01
3.922712206840515137e-01
4.783211350440979004e-01
4.721221923828125000e-01
4.661194980144500732e-01
4.646701216697692871e-01
4.633494019508361816e-01
4.620284438133239746e-01
4.607076942920684814e-01
4.590643644332885742e-01
4.573387205600738525e-01
4.556136429309844971e-01
4.538886547088623047e-01
4.504474997520446777e-01
4.461276233196258545e-01
4.415832757949829102e-01
4.360640943050384521e-01
4.289992451667785645e-01
4.219341874122619629e-01
4.131633043289184570e-01
4.011166989803314209e-01
3.938702940940856934e-01
3.927757740020751953e-01
3.923731744289398193e-01
4.007990360260009766e-01
4.160692095756530762e-01
4.298181235790252686e-01
4.372555017471313477e-01
4.452795684337615967e-01
4.503583610057830811e-01
4.519363641738891602e-01
4.539697766304016113e-01
4.579940438270568848e-01
4.601783752441406250e-01
4.601442813873291016e-01
4.580886363983154297e-01
4.547818303108215332e-01
4.488884806632995605e-01
4.409181475639343262e-01
4.337698221206665039e-01
4.287739992141723633e-01
4.246648550033569336e-01
4.220837354660034180e-01
4.236809611320495605e-01
4.252776801586151123e-01
4.268187880516052246e-01
4.282711744308471680e-01
4.297230243682861328e-01
4.311754703521728516e-01
4.323675930500030518e-01
4.327421188354492188e-01
4.338606894016265869e-01
4.350957274436950684e-01
4.305359721183776855e-01
4.259765446186065674e-01
4.217273592948913574e-01
4.181612133979797363e-01
4.146725237369537354e-01
4.143915474414825439e-01
4.168875813484191895e-01
4.173970520496368408e-01
4.131107330322265625e-01
4.100266993045806885e-01
4.077021777629852295e-01
4.046357274055480957e-01
4.041508734226226807e-01
4.065994918346405029e-01
4.092437028884887695e-01
4.123652577400207520e-01
4.160957336425781250e-01
4.222369194030761719e-01
4.309512674808502197e-01
4.340764284133911133e-01
4.362155795097351074e-01
4.356014728546142578e-01
4.347996115684509277e-01
4.339978694915771484e-01
4.331960082054138184e-01
4.298708438873291016e-01
4.244058728218078613e-01
4.267079532146453857e-01
4.320687651634216309e-01
4.344579577445983887e-01
4.418493509292602539e-01
4.505516290664672852e-01
4.568089246749877930e-01
4.597533345222473145e-01
4.625078737735748291e-01
4.652436077594757080e-01
4.656274616718292236e-01
4.656924903392791748e-01
4.667090177536010742e-01
4.712691307067871094e-01
4.755005240440368652e-01
4.771327376365661621e-01
4.756423830986022949e-01
4.741517901420593262e-01
4.702714085578918457e-01
4.660825729370117188e-01
4.568412303924560547e-01
4.468268752098083496e-01
4.352845549583435059e-01
4.219005703926086426e-01
4.085162580013275146e-01
3.983004093170166016e-01
3.947430551052093506e-01
3.911856412887573242e-01
3.876282572746276855e-01
3.840703368186950684e-01
3.805132806301116943e-01
3.769556581974029541e-01
3.740793764591217041e-01
3.821200132369995117e-01
3.919726908206939697e-01
4.018250405788421631e-01
4.116777181625366211e-01
4.215297698974609375e-01
4.313828051090240479e-01
4.412345886230468750e-01
4.510872364044189453e-01
4.609394073486328125e-01
4.707919955253601074e-01
4.729726910591125488e-01
4.731044173240661621e-01
4.705423712730407715e-01
4.656703174114227295e-01
4.526838362216949463e-01
4.374231696128845215e-01
4.233008325099945068e-01
4.121159911155700684e-01
4.051343798637390137e-01
4.733499884605407715e-01
4.671492874622344971e-01
4.609500765800476074e-01
4.568978250026702881e-01
4.552125930786132812e-01
4.538917839527130127e-01
4.524709284305572510e-01
4.507461488246917725e-01
4.490212500095367432e-01
4.472957253456115723e-01
4.455705285072326660e-01
4.433471858501434326e-01
4.389333128929138184e-01
4.347046315670013428e-01
4.303168952465057373e-01
4.248288869857788086e-01
4.179010391235351562e-01
4.108361601829528809e-01
4.021187722682952881e-01
3.945381045341491699e-01
3.925029039382934570e-01
3.914080858230590820e-01
3.962337076663970947e-01
4.114129543304443359e-01
4.251161217689514160e-01
4.323920607566833496e-01
4.393366575241088867e-01
4.445549845695495605e-01
4.440642595291137695e-01
4.448035955429077148e-01
4.453341364860534668e-01
4.478532075881958008e-01
4.515129625797271729e-01
4.520569443702697754e-01
4.502572715282440186e-01
4.464429914951324463e-01
4.384725093841552734e-01
4.307919740676879883e-01
4.262606203556060791e-01
4.217286109924316406e-01
4.179718494415283203e-01
4.162803292274475098e-01
4.178773462772369385e-01
4.194747805595397949e-01
4.210718274116516113e-01
4.226686954498291016e-01
4.242657721042633057e-01
4.252589941024780273e-01
4.257789850234985352e-01
4.297177195549011230e-01
4.310513436794281006e-01
4.282763600349426270e-01
4.238279163837432861e-01
4.192859530448913574e-01
4.157200455665588379e-01
4.121541082859039307e-01
4.104150235652923584e-01
4.120756685733795166e-01
4.154486656188964844e-01
4.131457805633544922e-01
4.102381765842437744e-01
4.076353013515472412e-01
4.064490795135498047e-01
4.057729840278625488e-01
4.083240926265716553e-01
4.120768904685974121e-01
4.154006540775299072e-01
4.200468063354492188e-01
4.292244613170623779e-01
4.384025335311889648e-01
4.452302157878875732e-01
4.470919072628021240e-01
4.464530050754547119e-01
4.457176923751831055e-01
4.449157118797302246e-01
4.433665871620178223e-01
4.393479526042938232e-01
4.338199794292449951e-01
4.282545447349548340e-01
4.297223389148712158e-01
4.329670071601867676e-01
4.422929286956787109e-01
4.512093663215637207e-01
4.595997035503387451e-01
4.679899811744689941e-01
4.700976014137268066e-01
4.701625704765319824e-01
4.702274799346923828e-01
4.702923893928527832e-01
4.736564755439758301e-01
4.782164692878723145e-01
4.827769398689270020e-01
4.842097163200378418e-01
4.827193617820739746e-01
4.809191823005676270e-01
4.767302870750427246e-01
4.696094989776611328e-01
4.588716328144073486e-01
4.479859471321105957e-01
4.346019029617309570e-01
4.212177693843841553e-01
4.083316028118133545e-01
3.966021537780761719e-01
3.886890411376953125e-01
3.851314783096313477e-01
3.815741837024688721e-01
3.780165314674377441e-01
3.744593858718872070e-01
3.712292611598968506e-01
3.713440895080566406e-01
3.785349130630493164e-01
3.883874714374542236e-01
3.982401192188262939e-01
4.080921709537506104e-01
4.179447293281555176e-01
4.277974069118499756e-01
4.376496672630310059e-01
4.475023150444030762e-01
4.573545455932617188e-01
4.672066569328308105e-01
4.714218974113464355e-01
4.714964032173156738e-01
4.672616124153137207e-01
4.659909307956695557e-01
4.624987542629241943e-01
4.493508338928222656e-01
4.353968501091003418e-01
4.249828457832336426e-01
4.166082143783569336e-01
4.684993624687194824e-01
4.621757864952087402e-01
4.559769034385681152e-01
4.497781991958618164e-01
4.480003714561462402e-01
4.463130831718444824e-01
4.443455636501312256e-01
4.424279332160949707e-01
4.407030045986175537e-01
4.389776587486267090e-01
4.372521638870239258e-01
4.355270564556121826e-01
4.317389130592346191e-01
4.275097250938415527e-01
4.232810735702514648e-01
4.190507233142852783e-01
4.135629534721374512e-01
4.068027734756469727e-01
3.997381925582885742e-01
3.943969011306762695e-01
3.934051692485809326e-01
3.911358118057250977e-01
3.930186331272125244e-01
4.067564308643341064e-01
4.204139709472656250e-01
4.275286197662353516e-01
4.333931803703308105e-01
4.387518465518951416e-01
4.382466375827789307e-01
4.370003640651702881e-01
4.376704692840576172e-01
4.367809295654296875e-01
4.375147521495819092e-01
4.410840272903442383e-01
4.440395832061767578e-01
4.424252510070800781e-01
4.360266923904418945e-01
4.289261102676391602e-01
4.237467646598815918e-01
4.192148447036743164e-01
4.146832227706909180e-01
4.112788438796997070e-01
4.104769229888916016e-01
4.120740890502929688e-01
4.136710166931152344e-01
4.152682423591613770e-01
4.168652892112731934e-01
4.175150394439697266e-01
4.182542562484741211e-01
4.232215583324432373e-01
4.245176315307617188e-01
4.248002469539642334e-01
4.203859567642211914e-01
4.159712791442871094e-01
4.122751057147979736e-01
4.088540673255920410e-01
4.057243764400482178e-01
4.062758684158325195e-01
4.115137159824371338e-01
4.130864739418029785e-01
4.103156626224517822e-01
4.076977670192718506e-01
4.079250693321228027e-01
4.095671176910400391e-01
4.114665985107421875e-01
4.147053062915802002e-01
4.181053340435028076e-01
4.260849952697753906e-01
4.362289309501647949e-01
4.453941881656646729e-01
4.534667432308197021e-01
4.575549066066741943e-01
4.569160640239715576e-01
4.562770128250122070e-01
4.556380510330200195e-01
4.534433484077453613e-01
4.487621486186981201e-01
4.402209520339965820e-01
4.299837052822113037e-01
4.288473725318908691e-01
4.343323707580566406e-01
4.422121047973632812e-01
4.506027698516845703e-01
4.587647318840026855e-01
4.647487103939056396e-01
4.704492092132568359e-01
4.747622609138488770e-01
4.748275279998779297e-01
4.753854870796203613e-01
4.806025624275207520e-01
4.851641058921813965e-01
4.897241592407226562e-01
4.912866950035095215e-01
4.897962808609008789e-01
4.873774051666259766e-01
4.809992909431457520e-01
4.717182517051696777e-01
4.608519971370697021e-01
4.473032355308532715e-01
4.339190721511840820e-01
4.209070801734924316e-01
4.081502854824066162e-01
3.959196209907531738e-01
3.858890235424041748e-01
3.790774941444396973e-01
3.755200207233428955e-01
3.719624876976013184e-01
3.698811829090118408e-01
3.698502480983734131e-01
3.711014986038208008e-01
3.763990402221679688e-01
3.848022520542144775e-01
3.946547508239746094e-01
4.045071005821228027e-01
4.143597483634948730e-01
4.242121279239654541e-01
4.340643882751464844e-01
4.439169764518737793e-01
4.537695348262786865e-01
4.638485908508300781e-01
4.700222611427307129e-01
4.690510034561157227e-01
4.705461859703063965e-01
4.732277989387512207e-01
4.715687036514282227e-01
4.615094661712646484e-01
4.472885131835937500e-01
4.361335933208465576e-01
4.283533990383148193e-01
4.636484384536743164e-01
4.572020769119262695e-01
4.510036110877990723e-01
4.448048174381256104e-01
4.407902359962463379e-01
4.390449523925781250e-01
4.369532465934753418e-01
4.348620772361755371e-01
4.327712059020996094e-01
4.306795299053192139e-01
4.289340972900390625e-01
4.272092878818511963e-01
4.245452284812927246e-01
4.203159213066101074e-01
4.160864353179931641e-01
4.118575453758239746e-01
4.076283872127532959e-01
4.022966623306274414e-01
3.957050144672393799e-01
3.916685581207275391e-01
3.924503922462463379e-01
3.921878933906555176e-01
3.918020129203796387e-01
4.021584689617156982e-01
4.157120883464813232e-01
4.226649999618530273e-01
4.278342723846435547e-01
4.329482913017272949e-01
4.324300289154052734e-01
4.311832189559936523e-01
4.299363195896148682e-01
4.305377006530761719e-01
4.282274246215820312e-01
4.271763563156127930e-01
4.304751157760620117e-01
4.346904456615447998e-01
4.335809946060180664e-01
4.271472096443176270e-01
4.215726256370544434e-01
4.167011380195617676e-01
4.121693968772888184e-01
4.078533053398132324e-01
4.046456217765808105e-01
4.046740531921386719e-01
4.062705039978027344e-01
4.078678786754608154e-01
4.092508554458618164e-01
4.097706079483032227e-01
4.131851196289062500e-01
4.166882634162902832e-01
4.179845750331878662e-01
4.192809760570526123e-01
4.169102013111114502e-01
4.124954938888549805e-01
4.085066020488739014e-01
4.050856232643127441e-01
4.016645848751068115e-01
4.005816280841827393e-01
4.048690199851989746e-01
4.096552729606628418e-01
4.105424880981445312e-01
4.088348150253295898e-01
4.090291261672973633e-01
4.113210141658782959e-01
4.131295680999755859e-01
4.165134727954864502e-01
4.225331246852874756e-01
4.321095943450927734e-01
4.424011111259460449e-01
4.522215127944946289e-01
4.607340693473815918e-01
4.659306406974792480e-01
4.673789739608764648e-01
4.667401909828186035e-01
4.661010503768920898e-01
4.630977511405944824e-01
4.537407755851745605e-01
4.441826343536376953e-01
4.353967607021331787e-01
4.295288920402526855e-01
4.344418048858642578e-01
4.416053593158721924e-01
4.485837221145629883e-01
4.542845189571380615e-01
4.599851667881011963e-01
4.656857550144195557e-01
4.713866710662841797e-01
4.770871996879577637e-01
4.815579652786254883e-01
4.870728254318237305e-01
4.921115040779113770e-01
4.966717958450317383e-01
4.983639121055603027e-01
4.968734979629516602e-01
4.923892021179199219e-01
4.823587536811828613e-01
4.732393026351928711e-01
4.600045680999755859e-01
4.466207325458526611e-01
4.334821403026580811e-01
4.207256436347961426e-01
4.079688787460327148e-01
3.952369987964630127e-01
3.849874734878540039e-01
3.751890361309051514e-01
3.694658875465393066e-01
3.685326874256134033e-01
3.685017824172973633e-01
3.684712946414947510e-01
3.708588480949401855e-01
3.761564493179321289e-01
3.814539313316345215e-01
3.910692930221557617e-01
4.009220004081726074e-01
4.107744097709655762e-01
4.206265509128570557e-01
4.304791688919067383e-01
4.403319060802459717e-01
4.507009983062744141e-01
4.603967070579528809e-01
4.699087738990783691e-01
4.751582145690917969e-01
4.780287742614746094e-01
4.809393286705017090e-01
4.802042245864868164e-01
4.723774790763854980e-01
4.568208754062652588e-01
4.470749497413635254e-01
4.390917420387268066e-01
4.651792943477630615e-01
4.573608934879302979e-01
4.499200582504272461e-01
4.425114095211029053e-01
4.351654946804046631e-01
4.328313469886779785e-01
4.303854107856750488e-01
4.279398918151855469e-01
4.254941344261169434e-01
4.232878684997558594e-01
4.211965501308441162e-01
4.191055893898010254e-01
4.173508584499359131e-01
4.131215810775756836e-01
4.088925123214721680e-01
4.046630263328552246e-01
4.004337787628173828e-01
3.962047100067138672e-01
3.910308480262756348e-01
3.873043656349182129e-01
3.897060453891754150e-01
3.905040621757507324e-01
3.931886851787567139e-01
3.993166387081146240e-01
4.110099971294403076e-01
4.178014993667602539e-01
4.229746758937835693e-01
4.270850121974945068e-01
4.266126453876495361e-01
4.253659248352050781e-01
4.241189956665039062e-01
4.228723943233489990e-01
4.225019216537475586e-01
4.196745157241821289e-01
4.168468713760375977e-01
4.201368987560272217e-01
4.241038858890533447e-01
4.253680706024169922e-01
4.197936654090881348e-01
4.142192602157592773e-01
4.096558690071105957e-01
4.051238596439361572e-01
4.011604189872741699e-01
3.982002735137939453e-01
3.988704979419708252e-01
4.004675149917602539e-01
4.015064835548400879e-01
4.020261168479919434e-01
4.082298874855041504e-01
4.101548790931701660e-01
4.114510416984558105e-01
4.127472937107086182e-01
4.134343266487121582e-01
4.090198278427124023e-01
4.047381877899169922e-01
4.013170897960662842e-01
3.978979289531707764e-01
3.957563042640686035e-01
3.999994397163391113e-01
4.064421355724334717e-01
4.111173152923583984e-01
4.096543490886688232e-01
4.092709422111511230e-01
4.109219908714294434e-01
4.143719077110290527e-01
4.191194772720336914e-01
4.270357489585876465e-01
4.373079836368560791e-01
4.474859237670898438e-01
4.576639533042907715e-01
4.666852355003356934e-01
4.713875055313110352e-01
4.754741787910461426e-01
4.763000011444091797e-01
4.747163653373718262e-01
4.664362668991088867e-01
4.577972292900085449e-01
4.485437870025634766e-01
4.400761127471923828e-01
4.335918128490447998e-01
4.339091181755065918e-01
4.381193220615386963e-01
4.438204169273376465e-01
4.495206177234649658e-01
4.552216529846191406e-01
4.609221816062927246e-01
4.666225910186767578e-01
4.723234772682189941e-01
4.819602370262145996e-01
4.931105971336364746e-01
4.990574121475219727e-01
5.036190748214721680e-01
5.054408907890319824e-01
5.030295848846435547e-01
4.937483668327331543e-01
4.842825531959533691e-01
4.727059006690979004e-01
4.593217670917510986e-01
4.460577368736267090e-01
4.333007037639617920e-01
4.205442368984222412e-01
4.077875018119812012e-01
3.950309455394744873e-01
3.840861022472381592e-01
3.745334148406982422e-01
3.682613372802734375e-01
3.671536147594451904e-01
3.671230077743530273e-01
3.670919537544250488e-01
3.706163763999938965e-01
3.759138584136962891e-01
3.812112808227539062e-01
3.874845504760742188e-01
3.973365426063537598e-01
4.071892499923706055e-01
4.170415699481964111e-01
4.271712303161621094e-01
4.375535249710083008e-01
4.475713968276977539e-01
4.612706005573272705e-01
4.774883985519409180e-01
4.828495979309082031e-01
4.855337738990783691e-01
4.878356456756591797e-01
4.864961504936218262e-01
4.783988595008850098e-01
4.668775498867034912e-01
4.574923515319824219e-01
4.491949677467346191e-01
4.694681167602539062e-01
4.615276753902435303e-01
4.540800154209136963e-01
4.466329514980316162e-01
4.391543269157409668e-01
4.335377216339111328e-01
4.301973581314086914e-01
4.268915951251983643e-01
4.235903024673461914e-01
4.202884435653686523e-01
4.169865250587463379e-01
4.137244224548339844e-01
4.114696383476257324e-01
4.076383113861083984e-01
4.026886522769927979e-01
3.980626463890075684e-01
3.934796452522277832e-01
3.890104889869689941e-01
3.847813904285430908e-01
3.821312189102172852e-01
3.853418231010437012e-01
3.877431750297546387e-01
3.917157053947448730e-01
3.985164165496826172e-01
4.063329100608825684e-01
4.129382967948913574e-01
4.181115627288818359e-01
4.212201833724975586e-01
4.207960665225982666e-01
4.195490479469299316e-01
4.183022677898406982e-01
4.170550704002380371e-01
4.158079922199249268e-01
4.139487743377685547e-01
4.111210405826568604e-01
4.082939326763153076e-01
4.102725982666015625e-01
4.146893024444580078e-01
4.159154891967773438e-01
4.124402999877929688e-01
4.071419239044189453e-01
4.026101529598236084e-01
3.980784416198730469e-01
3.944672942161560059e-01
3.917545080184936523e-01
3.930669128894805908e-01
3.937624096870422363e-01
3.966525197029113770e-01
4.023250937461853027e-01
4.036212563514709473e-01
4.049175977706909180e-01
4.062142372131347656e-01
4.075103104114532471e-01
4.055439829826354980e-01
4.011659026145935059e-01
3.985255360603332520e-01
3.962229490280151367e-01
3.939198255538940430e-01
3.959105610847473145e-01
4.018400907516479492e-01
4.079748094081878662e-01
4.101093411445617676e-01
4.095124304294586182e-01
4.105233252048492432e-01
4.146301150321960449e-01
4.228111505508422852e-01
4.322148561477661133e-01
4.423929154872894287e-01
4.525709748268127441e-01
4.627491831779479980e-01
4.726079106330871582e-01
4.767102003097534180e-01
4.807966351509094238e-01
4.832835793495178223e-01
4.781744480133056641e-01
4.701298475265502930e-01
4.604158699512481689e-01
4.508540928363800049e-01
4.443567991256713867e-01
4.362159073352813721e-01
4.287905395030975342e-01
4.318667650222778320e-01
4.378758370876312256e-01
4.438840150833129883e-01
4.498226046562194824e-01
4.556681513786315918e-01
4.615138471126556396e-01
4.679187536239624023e-01
4.790114760398864746e-01
4.902173876762390137e-01
5.013679862022399902e-01
5.105665326118469238e-01
5.116944313049316406e-01
5.051385164260864258e-01
4.947100281715393066e-01
4.854074120521545410e-01
4.720232486724853516e-01
4.586390256881713867e-01
4.458760619163513184e-01
4.331195354461669922e-01
4.203628301620483398e-01
4.076061844825744629e-01
3.948494493961334229e-01
3.845782279968261719e-01
3.783065676689147949e-01
3.720347881317138672e-01
3.657868504524230957e-01
3.657436370849609375e-01
3.657129406929016113e-01
3.703738749027252197e-01
3.756713867187500000e-01
3.809689283370971680e-01
3.862663507461547852e-01
3.937517404556274414e-01
4.036414623260498047e-01
4.140237569808959961e-01
4.244062900543212891e-01
4.364893436431884766e-01
4.511024951934814453e-01
4.674453139305114746e-01
4.832729697227478027e-01
4.892502427101135254e-01
4.915249347686767578e-01
4.925613403320312500e-01
4.919272065162658691e-01
4.848477244377136230e-01
4.756774306297302246e-01
4.687323570251464844e-01
4.612547755241394043e-01
4.737582206726074219e-01
4.656947851181030273e-01
4.582467079162597656e-01
4.507992863655090332e-01
4.431538879871368408e-01
4.353018999099731445e-01
4.319459497928619385e-01
4.286060035228729248e-01
4.252653717994689941e-01
4.219248890876770020e-01
4.185844957828521729e-01
4.152682423591613770e-01
4.120633006095886230e-01
4.085943102836608887e-01
4.027886986732482910e-01
3.969827890396118164e-01
3.911770582199096680e-01
3.855010569095611572e-01
3.800773024559020996e-01
3.775293529033660889e-01
3.817821741104125977e-01
3.848062455654144287e-01
3.892818689346313477e-01
3.964995145797729492e-01
4.043996930122375488e-01
4.082176983356475830e-01
4.132477939128875732e-01
4.160656929016113281e-01
4.149791002273559570e-01
4.137317538261413574e-01
4.124850630760192871e-01
4.112382531166076660e-01
4.099914729595184326e-01
4.087443351745605469e-01
4.053956270217895508e-01
4.025683403015136719e-01
4.008814692497253418e-01
4.029970765113830566e-01
4.045890271663665771e-01
4.058845937252044678e-01
4.047869145870208740e-01
4.000964760780334473e-01
3.955645561218261719e-01
3.910420536994934082e-01
3.877747654914855957e-01
3.854983448982238770e-01
3.860183954238891602e-01
3.916746675968170166e-01
3.957917094230651855e-01
3.970884084701538086e-01
3.983844816684722900e-01
3.996805250644683838e-01
4.011556506156921387e-01
4.033649563789367676e-01
4.000682830810546875e-01
3.973130285739898682e-01
3.950099945068359375e-01
3.923013806343078613e-01
3.913850784301757812e-01
3.968308866024017334e-01
4.027597308158874512e-01
4.093081355094909668e-01
4.097539186477661133e-01
4.104177057743072510e-01
4.167065322399139404e-01
4.264904856681823730e-01
4.372996687889099121e-01
4.474779665470123291e-01
4.576559960842132568e-01
4.678341746330261230e-01
4.773710370063781738e-01
4.820328354835510254e-01
4.839261174201965332e-01
4.845938682556152344e-01
4.818236827850341797e-01
4.722881317138671875e-01
4.625741839408874512e-01
4.543195068836212158e-01
4.455132782459259033e-01
4.363395869731903076e-01
4.272285103797912598e-01
4.253215193748474121e-01
4.313303232192993164e-01
4.373387992382049561e-01
4.433473050594329834e-01
4.493559598922729492e-01
4.553646445274353027e-01
4.634951949119567871e-01
4.747908711433410645e-01
4.860863685607910156e-01
4.973819851875305176e-01
5.082439184188842773e-01
5.107957124710083008e-01
5.049626231193542480e-01
4.953283667564392090e-01
4.843571782112121582e-01
4.711178541183471680e-01
4.583736360073089600e-01
4.456945955753326416e-01
4.329380691051483154e-01
4.201811552047729492e-01
4.074247479438781738e-01
3.972102105617523193e-01
3.885278999805450439e-01
3.820800185203552246e-01
3.758082985877990723e-01
3.695366382598876953e-01
3.643645048141479492e-01
3.648338317871093750e-01
3.701314330101013184e-01
3.754288554191589355e-01
3.807266056537628174e-01
3.860239088535308838e-01
3.916489779949188232e-01
4.008766412734985352e-01
4.119137227535247803e-01
4.261984229087829590e-01
4.405535459518432617e-01
4.563813805580139160e-01
4.722090363502502441e-01
4.880363941192626953e-01
4.954138994216918945e-01
4.966821074485778809e-01
4.989078044891357422e-01
5.005590319633483887e-01
4.945676326751708984e-01
4.864999651908874512e-01
4.819697141647338867e-01
4.693268537521362305e-01
4.780476093292236328e-01
4.698614478111267090e-01
4.624139070510864258e-01
4.549509286880493164e-01
4.471395015716552734e-01
4.392874836921691895e-01
4.336942434310913086e-01
4.303538799285888672e-01
4.270139038562774658e-01
4.236733913421630859e-01
4.203329384326934814e-01
4.169927835464477539e-01
4.136555194854736328e-01
4.110655188560485840e-01
4.055213332176208496e-01
3.996896743774414062e-01
3.938841819763183594e-01
3.880781531333923340e-01
3.822728395462036133e-01
3.781717419624328613e-01
3.821339011192321777e-01
3.856882452964782715e-01
3.897235989570617676e-01
3.989909291267395020e-01
4.051626920700073242e-01
4.058493971824645996e-01
4.112328886985778809e-01
4.136921167373657227e-01
4.110680818557739258e-01
4.094671010971069336e-01
4.078664183616638184e-01
4.062644839286804199e-01
4.046633839607238770e-01
4.030625522136688232e-01
4.003724455833435059e-01
3.968421816825866699e-01
3.958224654197692871e-01
3.953910470008850098e-01
3.936969637870788574e-01
3.947291076183319092e-01
3.957000076770782471e-01
3.946868181228637695e-01
3.930509388446807861e-01
3.885193765163421631e-01
3.843491077423095703e-01
3.805694878101348877e-01
3.801197111606597900e-01
3.867422938346862793e-01
3.892585039138793945e-01
3.905547261238098145e-01
3.923493623733520508e-01
3.947640061378479004e-01
3.971782922744750977e-01
3.995924890041351318e-01
3.991484642028808594e-01
3.958016633987426758e-01
3.929852545261383057e-01
3.901684880256652832e-01
3.879428505897521973e-01
3.918216824531555176e-01
3.977504670619964600e-01
4.050230979919433594e-01
4.094849824905395508e-01
4.117991626262664795e-01
4.187766909599304199e-01
4.292870759963989258e-01
4.423846900463104248e-01
4.525629281997680664e-01
4.627408981323242188e-01
4.729189276695251465e-01
4.818983674049377441e-01
4.849201440811157227e-01
4.849076271057128906e-01
4.840707182884216309e-01
4.805620312690734863e-01
4.744188189506530762e-01
4.639838635921478271e-01
4.548111557960510254e-01
4.456371366977691650e-01
4.364632368087768555e-01
4.272893965244293213e-01
4.201812446117401123e-01
4.247851669788360596e-01
4.307935237884521484e-01
4.368019104003906250e-01
4.428105354309082031e-01
4.488190710544586182e-01
4.589243829250335693e-01
4.703829884529113770e-01
4.818412065505981445e-01
4.929710030555725098e-01
5.001384615898132324e-01
5.009056925773620605e-01
4.983204007148742676e-01
4.943408966064453125e-01
4.823471903800964355e-01
4.694768786430358887e-01
4.568651020526885986e-01
4.442535042762756348e-01
4.316418468952178955e-01
4.191936254501342773e-01
4.101085662841796875e-01
4.010240137577056885e-01
3.919854760169982910e-01
3.854635357856750488e-01
3.793369829654693604e-01
3.732101321220397949e-01
3.670381605625152588e-01
3.645914196968078613e-01
3.698889911174774170e-01
3.751863241195678711e-01
3.805716335773468018e-01
3.863993585109710693e-01
3.922266960144042969e-01
4.005650281906127930e-01
4.148755669593811035e-01
4.299964308738708496e-01
4.466468095779418945e-01
4.631821811199188232e-01
4.795305132865905762e-01
4.950223565101623535e-01
5.028592944145202637e-01
5.052904486656188965e-01
5.078195333480834961e-01
5.097962021827697754e-01
5.021939277648925781e-01
4.926781058311462402e-01
4.871461987495422363e-01
4.732417464256286621e-01
4.811992049217224121e-01
4.740285277366638184e-01
4.665806293487548828e-01
4.589766860008239746e-01
4.511247873306274414e-01
4.432726800441741943e-01
4.354424476623535156e-01
4.321020245552062988e-01
4.287621378898620605e-01
4.254215657711029053e-01
4.220815896987915039e-01
4.187413156032562256e-01
4.154006540775299072e-01
4.127200245857238770e-01
4.083932638168334961e-01
4.025490581989288330e-01
3.967047333717346191e-01
3.908603787422180176e-01
3.850164711475372314e-01
3.805480003356933594e-01
3.842084705829620361e-01
3.878687024116516113e-01
3.922916352748870850e-01
4.042080044746398926e-01
4.102732241153717041e-01
4.110647737979888916e-01
4.135148823261260986e-01
4.164869785308837891e-01
4.116655588150024414e-01
4.092082083225250244e-01
4.067511558532714844e-01
4.042937755584716797e-01
4.018366038799285889e-01
4.002043008804321289e-01
3.986030220985412598e-01
3.943837583065032959e-01
3.927949070930480957e-01
3.920088410377502441e-01
3.912231922149658203e-01
3.858287930488586426e-01
3.854823708534240723e-01
3.856303095817565918e-01
3.848007321357727051e-01
3.848210275173187256e-01
3.814735114574432373e-01
3.768003284931182861e-01
3.771513700485229492e-01
3.814290165901184082e-01
3.835434317588806152e-01
3.859575986862182617e-01
3.883717358112335205e-01
3.907864391803741455e-01
3.932008147239685059e-01
3.954238891601562500e-01
3.973244130611419678e-01
3.937131464481353760e-01
3.908523917198181152e-01
3.880361318588256836e-01
3.854567408561706543e-01
3.868127167224884033e-01
3.927414119243621826e-01
3.993511795997619629e-01
4.085032343864440918e-01
4.139975011348724365e-01
4.211919903755187988e-01
4.320839643478393555e-01
4.456935822963714600e-01
4.576477408409118652e-01
4.678259491920471191e-01
4.787452816963195801e-01
4.832623600959777832e-01
4.848470687866210938e-01
4.847558140754699707e-01
4.831103086471557617e-01
4.778179526329040527e-01
4.706696867942810059e-01
4.641088843345642090e-01
4.549350142478942871e-01
4.457610249519348145e-01
4.365870058536529541e-01
4.274131357669830322e-01
4.184314310550689697e-01
4.182394742965698242e-01
4.242482483386993408e-01
4.302567541599273682e-01
4.362653493881225586e-01
4.428986907005310059e-01
4.542489349842071533e-01
4.657078087329864502e-01
4.771655201911926270e-01
4.848149418830871582e-01
4.903067946434020996e-01
4.896077513694763184e-01
4.878100752830505371e-01
4.838688969612121582e-01
4.765083789825439453e-01
4.679682850837707520e-01
4.553565979003906250e-01
4.427446722984313965e-01
4.314448535442352295e-01
4.223601818084716797e-01
4.132748842239379883e-01
4.041901528835296631e-01
3.951051235198974609e-01
3.879097104072570801e-01
3.817829489707946777e-01
3.756561875343322754e-01
3.695293962955474854e-01
3.661760091781616211e-01
3.686544299125671387e-01
3.744747638702392578e-01
3.806498944759368896e-01
3.877394795417785645e-01
3.988675475120544434e-01
4.097475409507751465e-01
4.221124649047851562e-01
4.385826289653778076e-01
4.549307823181152344e-01
4.712789654731750488e-01
4.868296980857849121e-01
5.005807280540466309e-01
5.111705660820007324e-01
5.121860504150390625e-01
5.132088065147399902e-01
5.131906867027282715e-01
5.055731534957885742e-01
4.975062608718872070e-01
4.871152043342590332e-01
4.720062613487243652e-01
4.802547097206115723e-01
4.762765765190124512e-01
4.707472920417785645e-01
4.629622995853424072e-01
4.551100730895996094e-01
4.472582042217254639e-01
4.394059181213378906e-01
4.338502883911132812e-01
4.305100142955780029e-01
4.271699488162994385e-01
4.238295555114746094e-01
4.204897880554199219e-01
4.171491265296936035e-01
4.143742620944976807e-01
4.112657606601715088e-01
4.054216146469116211e-01
3.995769023895263672e-01
3.937332034111022949e-01
3.878885209560394287e-01
3.830874264240264893e-01
3.867092430591583252e-01
3.903309702873229980e-01
3.941932618618011475e-01
4.084053039550781250e-01
4.140870571136474609e-01
4.159975349903106689e-01
4.160741865634918213e-01
4.194367229938507080e-01
4.155245423316955566e-01
4.123661816120147705e-01
4.099091291427612305e-01
4.074515998363494873e-01
4.049944877624511719e-01
4.025372266769409180e-01
4.000800848007202148e-01
3.980746567249298096e-01
3.941581845283508301e-01
3.916755318641662598e-01
3.900338411331176758e-01
3.858622312545776367e-01
3.803587555885314941e-01
3.782274127006530762e-01
3.780806958675384521e-01
3.776293098926544189e-01
3.770624995231628418e-01
3.763181269168853760e-01
3.786724507808685303e-01
3.796340823173522949e-01
3.803041875362396240e-01
3.823641538619995117e-01
3.844244778156280518e-01
3.867248594760894775e-01
3.886253237724304199e-01
3.905261456966400146e-01
3.924266695976257324e-01
3.918730914592742920e-01
3.887199163436889648e-01
3.859032094478607178e-01
3.830864727497100830e-01
3.820765614509582520e-01
3.877321183681488037e-01
3.937262296676635742e-01
4.052232205867767334e-01
4.155899584293365479e-01
4.245705008506774902e-01
4.354194104671478271e-01
4.484900832176208496e-01
4.625933766365051270e-01
4.734025001525878906e-01
4.790868759155273438e-01
4.822447896003723145e-01
4.841243624687194824e-01
4.843285679817199707e-01
4.799600243568420410e-01
4.725299477577209473e-01
4.667627215385437012e-01
4.621696174144744873e-01
4.550586044788360596e-01
4.458845555782318115e-01
4.367108941078186035e-01
4.275369644165039062e-01
4.183629453182220459e-01
4.130034148693084717e-01
4.177027344703674316e-01
4.237115085124969482e-01
4.297201931476593018e-01
4.381156563758850098e-01
4.495742022991180420e-01
4.610325098037719727e-01
4.689990878105163574e-01
4.752745032310485840e-01
4.773897528648376465e-01
4.779210090637207031e-01
4.775716662406921387e-01
4.724927544593811035e-01
4.656363725662231445e-01
4.586603045463562012e-01
4.516844153404235840e-01
4.436964094638824463e-01
4.346112608909606934e-01
4.255264997482299805e-01
4.164416790008544922e-01
4.073565006256103516e-01
3.982713222503662109e-01
3.903560042381286621e-01
3.842293620109558105e-01
3.786801993846893311e-01
3.733765482902526855e-01
3.719004988670349121e-01
3.718431591987609863e-01
3.761511743068695068e-01
3.856067359447479248e-01
3.973449766635894775e-01
4.081027209758758545e-01
4.190166294574737549e-01
4.309551715850830078e-01
4.453751444816589355e-01
4.618312120437622070e-01
4.767318367958068848e-01
4.906209707260131836e-01
5.033960938453674316e-01
5.143707394599914551e-01
5.155255198478698730e-01
5.157300233840942383e-01
5.159506201744079590e-01
5.087928175926208496e-01
4.980622529983520508e-01
4.828130602836608887e-01
4.677881896495819092e-01
4.789481759071350098e-01
4.748468995094299316e-01
4.717378616333007812e-01
4.653127193450927734e-01
4.588872492313385010e-01
4.512434005737304688e-01
4.433912336826324463e-01
4.355986118316650391e-01
4.322584867477416992e-01
4.289184808731079102e-01
4.255780577659606934e-01
4.222381711006164551e-01
4.188974499702453613e-01
4.160287380218505859e-01
4.134382903575897217e-01
4.082937240600585938e-01
4.024494886398315430e-01
3.966051340103149414e-01
3.907608985900878906e-01
3.856284618377685547e-01
3.892504572868347168e-01
3.928723931312561035e-01
3.964944481849670410e-01
4.112060666084289551e-01
4.186713099479675293e-01
4.200645089149475098e-01
4.210880696773529053e-01
4.214287400245666504e-01
4.183487296104431152e-01
4.147051870822906494e-01
4.130669832229614258e-01
4.106096625328063965e-01
4.081523418426513672e-01
4.056949019432067871e-01
4.032379090785980225e-01
4.021925628185272217e-01
4.004179537296295166e-01
3.965009152889251709e-01
3.939496874809265137e-01
3.918570578098297119e-01
3.855522871017456055e-01
3.792469501495361328e-01
3.744744360446929932e-01
3.737266063690185547e-01
3.733342885971069336e-01
3.760057091712951660e-01
3.812397718429565430e-01
3.822206258773803711e-01
3.800337016582489014e-01
3.813457190990447998e-01
3.829156458377838135e-01
3.844618797302246094e-01
3.860080242156982422e-01
3.875544369220733643e-01
3.891009986400604248e-01
3.906472027301788330e-01
3.874501287937164307e-01
3.842791020870208740e-01
3.811084330081939697e-01
3.794934451580047607e-01
3.827232420444488525e-01
3.900062441825866699e-01
4.015703201293945312e-01
4.167117476463317871e-01
4.276648163795471191e-01
4.389486312866210938e-01
4.526370763778686523e-01
4.644078016281127930e-01
4.730129837989807129e-01
4.784837365150451660e-01
4.812271595001220703e-01
4.820251464843750000e-01
4.802008867263793945e-01
4.744278788566589355e-01
4.676666259765625000e-01
4.630731940269470215e-01
4.584802687168121338e-01
4.538868069648742676e-01
4.460085630416870117e-01
4.368346333503723145e-01
4.276605844497680664e-01
4.184870421886444092e-01
4.103498458862304688e-01
4.111574292182922363e-01
4.171662032604217529e-01
4.231747984886169434e-01
4.334404468536376953e-01
4.448991119861602783e-01
4.531831741333007812e-01
4.598830640316009521e-01
4.626935124397277832e-01
4.646137058734893799e-01
4.667167365550994873e-01
4.667046666145324707e-01
4.611665308475494385e-01
4.543532729148864746e-01
4.476216435432434082e-01
4.443354606628417969e-01
4.409712553024291992e-01
4.375222027301788330e-01
4.286927878856658936e-01
4.202212095260620117e-01
4.119591712951660156e-01
4.036973714828491211e-01
3.960052728652954102e-01
3.904794752597808838e-01
3.845638632774353027e-01
3.790770173072814941e-01
3.787379860877990723e-01
3.799003660678863525e-01
3.847014307975769043e-01
3.955750763416290283e-01
4.061338305473327637e-01
4.171909987926483154e-01
4.291431307792663574e-01
4.408011734485626221e-01
4.513486623764038086e-01
4.640893340110778809e-01
4.783113598823547363e-01
4.931173920631408691e-01
5.041876435279846191e-01
5.140692591667175293e-01
5.171816945075988770e-01
5.167508721351623535e-01
5.152490735054016113e-01
5.075169205665588379e-01
4.922270178794860840e-01
4.767438769340515137e-01
4.633430838584899902e-01
4.776414036750793457e-01
4.734175801277160645e-01
4.701272249221801758e-01
4.661594331264495850e-01
4.597338438034057617e-01
4.533087909221649170e-01
4.468833506107330322e-01
4.395247697830200195e-01
4.340068697929382324e-01
4.306666851043701172e-01
4.273260235786437988e-01
4.239861965179443359e-01
4.206458330154418945e-01
4.176834821701049805e-01
4.150930643081665039e-01
4.111659526824951172e-01
4.053219556808471680e-01
3.994771838188171387e-01
3.936332464218139648e-01
3.881702423095703125e-01
3.917922079563140869e-01
3.954139053821563721e-01
3.990359306335449219e-01
4.130177497863769531e-01
4.217736124992370605e-01
4.226492643356323242e-01
4.253346323966979980e-01
4.255068004131317139e-01
4.210292100906372070e-01
4.165080189704895020e-01
4.149031043052673340e-01
4.136150479316711426e-01
4.113102555274963379e-01
4.088527560234069824e-01
4.063955843448638916e-01
4.060173034667968750e-01
4.059559404850006104e-01
4.027610719203948975e-01
3.988439440727233887e-01
3.962237238883972168e-01
3.915468454360961914e-01
3.859004974365234375e-01
3.807135224342346191e-01
3.755177259445190430e-01
3.752464652061462402e-01
3.805243968963623047e-01
3.852644562721252441e-01
3.856159448623657227e-01
3.860735893249511719e-01
3.830620050430297852e-01
3.836465179920196533e-01
3.843364417552947998e-01
3.850272297859191895e-01
3.857173621654510498e-01
3.871621191501617432e-01
3.887086808681488037e-01
3.882767558097839355e-01
3.851055800914764404e-01
3.819349408149719238e-01
3.797667920589447021e-01
3.802695274353027344e-01
3.893976807594299316e-01
3.997583389282226562e-01
4.154653847217559814e-01
4.326164722442626953e-01
4.442312121391296387e-01
4.528936147689819336e-01
4.617301523685455322e-01
4.708461165428161621e-01
4.769033193588256836e-01
4.777324795722961426e-01
4.775980114936828613e-01
4.745125770568847656e-01
4.691573977470397949e-01
4.639773070812225342e-01
4.593840241432189941e-01
4.547907114028930664e-01
4.501975476741790771e-01
4.456041455268859863e-01
4.369584619998931885e-01
4.277846217155456543e-01
4.186106026172637939e-01
4.094364047050476074e-01
4.064393341541290283e-01
4.106209278106689453e-01
4.173384904861450195e-01
4.287654757499694824e-01
4.373673200607299805e-01
4.444921314716339111e-01
4.476616680622100830e-01
4.497292637825012207e-01
4.537858963012695312e-01
4.553741514682769775e-01
4.550153017044067383e-01
4.498396217823028564e-01
4.442562460899353027e-01
4.416192173957824707e-01
4.391559064388275146e-01
4.366925358772277832e-01
4.342293739318847656e-01
4.317659139633178711e-01
4.275385141372680664e-01
4.192767143249511719e-01
4.104199409484863281e-01
4.016146063804626465e-01
3.955488204956054688e-01
3.901633322238922119e-01
3.855732977390289307e-01
3.888930380344390869e-01
3.941821157932281494e-01
3.999205231666564941e-01
4.044250845909118652e-01
4.153268039226531982e-01
4.259628653526306152e-01
4.365100860595703125e-01
4.467320442199707031e-01
4.557521343231201172e-01
4.660093188285827637e-01
4.800186157226562500e-01
4.937325119972229004e-01
5.038092732429504395e-01
5.131053328514099121e-01
5.169668197631835938e-01
5.150175094604492188e-01
5.122370123863220215e-01
5.001684427261352539e-01
4.857990145683288574e-01
4.715903401374816895e-01
4.576255679130554199e-01
4.733928442001342773e-01
4.697898626327514648e-01
4.670449495315551758e-01
4.643810391426086426e-01
4.605794548988342285e-01
4.541553854942321777e-01
4.477300047874450684e-01
4.413052201271057129e-01
4.349765181541442871e-01
4.324147999286651611e-01
4.290744066238403320e-01
4.257342219352722168e-01
4.223940968513488770e-01
4.193375110626220703e-01
4.167473018169403076e-01
4.140383303165435791e-01
4.081941246986389160e-01
4.023495614528656006e-01
3.965051770210266113e-01
3.907113969326019287e-01
3.943330645561218262e-01
3.979554474353790283e-01
4.015774428844451904e-01
4.148301482200622559e-01
4.248756170272827148e-01
4.240450561046600342e-01
4.277618825435638428e-01
4.294289946556091309e-01
4.241501390933990479e-01
4.196141958236694336e-01
4.173166155815124512e-01
4.154611229896545410e-01
4.141333103179931641e-01
4.121294617652893066e-01
4.099833667278289795e-01
4.098833799362182617e-01
4.097837507724761963e-01
4.090209007263183594e-01
4.051057696342468262e-01
4.021652340888977051e-01
3.996379971504211426e-01
3.944511115550994873e-01
3.892641365528106689e-01
3.840010166168212891e-01
3.811386823654174805e-01
3.844965696334838867e-01
3.883819282054901123e-01
3.870079517364501953e-01
3.868778049945831299e-01
3.873127996921539307e-01
3.875070512294769287e-01
3.884142935276031494e-01
3.891043961048126221e-01
3.897947669029235840e-01
3.904850184917449951e-01
3.911752700805664062e-01
3.918656706809997559e-01
3.886249661445617676e-01
3.845981657505035400e-01
3.812206685543060303e-01
3.821548819541931152e-01
3.896633982658386230e-01
3.999955356121063232e-01
4.180420935153961182e-01
4.378715455532073975e-01
4.457518458366394043e-01
4.528120160102844238e-01
4.619365334510803223e-01
4.690350294113159180e-01
4.741317033767700195e-01
4.744651913642883301e-01
4.741644263267517090e-01
4.703275561332702637e-01
4.652211666107177734e-01
4.606918990612030029e-01
4.557441771030426025e-01
4.511013329029083252e-01
4.465080499649047852e-01
4.419147670269012451e-01
4.370821118354797363e-01
4.279083013534545898e-01
4.187341630458831787e-01
4.095602631568908691e-01
4.036025404930114746e-01
4.040754735469818115e-01
4.126318395137786865e-01
4.215512871742248535e-01
4.288455247879028320e-01
4.326937496662139893e-01
4.348787665367126465e-01
4.383124411106109619e-01
4.437468945980072021e-01
4.459047317504882812e-01
4.450048208236694336e-01
4.440438449382781982e-01
4.415816664695739746e-01
4.391185343265533447e-01
4.366549849510192871e-01
4.341916441917419434e-01
4.317286312580108643e-01
4.287893772125244141e-01
4.257142245769500732e-01
4.226671457290649414e-01
4.161254167556762695e-01
4.078412652015686035e-01
4.012858271598815918e-01
3.972718715667724609e-01
3.986619710922241211e-01
4.040616750717163086e-01
4.094086885452270508e-01
4.122650623321533203e-01
4.159760475158691406e-01
4.216713905334472656e-01
4.322188198566436768e-01
4.420889914035797119e-01
4.511091113090515137e-01
4.605654776096343994e-01
4.697245955467224121e-01
4.804474711418151855e-01
4.930157661437988281e-01
5.020497441291809082e-01
5.097715258598327637e-01
5.139722228050231934e-01
5.113577246665954590e-01
5.065928101539611816e-01
4.923578500747680664e-01
4.793776869773864746e-01
4.641475081443786621e-01
4.493178725242614746e-01
4.683802723884582520e-01
4.648838043212890625e-01
4.620145559310913086e-01
4.593499898910522461e-01
4.566866457462310791e-01
4.523160457611083984e-01
4.466261565685272217e-01
4.409354925155639648e-01
4.352448582649230957e-01
4.316729307174682617e-01
4.297592937946319580e-01
4.274828732013702393e-01
4.241423308849334717e-01
4.209919273853302002e-01
4.184017777442932129e-01
4.158120155334472656e-01
4.110662341117858887e-01
4.052220582962036133e-01
3.993776738643646240e-01
3.935330808162689209e-01
3.968746960163116455e-01
4.004968702793121338e-01
4.041184186935424805e-01
4.166416823863983154e-01
4.279772341251373291e-01
4.269855618476867676e-01
4.290879368782043457e-01
4.318494796752929688e-01
4.268293976783752441e-01
4.224741458892822266e-01
4.192373156547546387e-01
4.181252121925354004e-01
4.162766337394714355e-01
4.150491654872894287e-01
4.141039550304412842e-01
4.138734340667724609e-01
4.139535427093505859e-01
4.149719774723052979e-01
4.138711094856262207e-01
4.110337793827056885e-01
4.081961810588836670e-01
4.030017256736755371e-01
3.978148698806762695e-01
3.924804925918579102e-01
3.920817971229553223e-01
3.912975192070007324e-01
3.896721005439758301e-01
3.895655870437622070e-01
3.878975510597229004e-01
3.880090117454528809e-01
3.885965347290039062e-01
3.914014995098114014e-01
3.930624127388000488e-01
3.938718438148498535e-01
3.945623338222503662e-01
3.952526748180389404e-01
3.959428668022155762e-01
3.954672217369079590e-01
3.914401829242706299e-01
3.890260457992553711e-01
3.902640640735626221e-01
3.967076838016510010e-01
4.070686697959899902e-01
4.218561649322509766e-01
4.351646900177001953e-01
4.475475251674652100e-01
4.529651701450347900e-01
4.594345986843109131e-01
4.656546413898468018e-01
4.696277379989624023e-01
4.722497463226318359e-01
4.720762968063354492e-01
4.677760601043701172e-01
4.639194905757904053e-01
4.599615037441253662e-01
4.550139605998992920e-01
4.500665068626403809e-01
4.451189637184143066e-01
4.401716887950897217e-01
4.352240562438964844e-01
4.292694926261901855e-01
4.197410345077514648e-01
4.102130234241485596e-01
4.027293920516967773e-01
3.998753428459167480e-01
4.057353138923645020e-01
4.137503504753112793e-01
4.192692637443542480e-01
4.219996929168701172e-01
4.246623516082763672e-01
4.320091307163238525e-01
4.374130964279174805e-01
4.392145872116088867e-01
4.403400123119354248e-01
4.410448670387268066e-01
4.390807747840881348e-01
4.366269707679748535e-01
4.338998794555664062e-01
4.309184849262237549e-01
4.279370307922363281e-01
4.249554276466369629e-01
4.219742417335510254e-01
4.190492630004882812e-01
4.162951111793518066e-01
4.135413169860839844e-01
4.103607833385467529e-01
4.100797176361083984e-01
4.124622941017150879e-01
4.167163372039794922e-01
4.192247390747070312e-01
4.230778813362121582e-01
4.273845553398132324e-01
4.316905736923217773e-01
4.374461770057678223e-01
4.460193514823913574e-01
4.551780819892883301e-01
4.643369317054748535e-01
4.730148911476135254e-01
4.813976883888244629e-01
4.901188015937805176e-01
4.970419406890869141e-01
5.039203166961669922e-01
5.105500817298889160e-01
5.070936083793640137e-01
4.966899752616882324e-01
4.827957153320312500e-01
4.705914258956909180e-01
4.558963775634765625e-01
4.427976608276367188e-01
4.632525444030761719e-01
4.599763453006744385e-01
4.569840431213378906e-01
4.543203115463256836e-01
4.516566097736358643e-01
4.489926099777221680e-01
4.440527260303497314e-01
4.383623301982879639e-01
4.326724410057067871e-01
4.271164536476135254e-01
4.259380996227264404e-01
4.247592985630035400e-01
4.235805869102478027e-01
4.224205017089843750e-01
4.200564622879028320e-01
4.174663424491882324e-01
4.139381945133209229e-01
4.080942869186401367e-01
4.022501409053802490e-01
3.964056074619293213e-01
3.994161784648895264e-01
4.030383527278900146e-01
4.066601395606994629e-01
4.184541702270507812e-01
4.310781955718994141e-01
4.299260377883911133e-01
4.304135143756866455e-01
4.333259761333465576e-01
4.288446903228759766e-01
4.240770936012268066e-01
4.210426509380340576e-01
4.200452864170074463e-01
4.189338386058807373e-01
4.171090722084045410e-01
4.179730713367462158e-01
4.201719462871551514e-01
4.208239316940307617e-01
4.215172529220581055e-01
4.225356578826904297e-01
4.200150966644287109e-01
4.171774685382843018e-01
4.128777086734771729e-01
4.064058065414428711e-01
4.028505086898803711e-01
4.022052288055419922e-01
4.015737771987915039e-01
3.961118459701538086e-01
3.906069993972778320e-01
3.907200992107391357e-01
3.890880346298217773e-01
3.891835808753967285e-01
3.899756669998168945e-01
3.934225440025329590e-01
3.975319862365722656e-01
3.986170291900634766e-01
3.993298709392547607e-01
4.000201821327209473e-01
4.008969664573669434e-01
3.983722329139709473e-01
3.986744880676269531e-01
4.008871912956237793e-01
4.048590958118438721e-01
4.131685793399810791e-01
4.232747554779052734e-01
4.362077116966247559e-01
4.495565295219421387e-01
4.560025334358215332e-01
4.610413908958435059e-01
4.670874774456024170e-01
4.695761799812316895e-01
4.719399213790893555e-01
4.723704457283020020e-01
4.683583974838256836e-01
4.636459350585937500e-01
4.589335918426513672e-01
4.542834758758544922e-01
4.493360817432403564e-01
4.443885684013366699e-01
4.394410550594329834e-01
4.344934821128845215e-01
4.295461773872375488e-01
4.235805273056030273e-01
4.148753285408020020e-01
4.074987769126892090e-01
4.019775986671447754e-01
4.036871194839477539e-01
4.096994996070861816e-01
4.117977619171142578e-01
4.129554927349090576e-01
4.195050299167633057e-01
4.266108274459838867e-01
4.326156973838806152e-01
4.362967312335968018e-01
4.370949864387512207e-01
4.376550316810607910e-01
4.361868202686309814e-01
4.332067072391510010e-01
4.302253425121307373e-01
4.272437691688537598e-01
4.241689443588256836e-01
4.208848476409912109e-01
4.181309342384338379e-01
4.151133298873901367e-01
4.139084815979003906e-01
4.151113033294677734e-01
4.172675907611846924e-01
4.201875925064086914e-01
4.234592914581298828e-01
4.260724782943725586e-01
4.301806390285491943e-01
4.344869256019592285e-01
4.387933313846588135e-01
4.412502944469451904e-01
4.433060884475708008e-01
4.497903585433959961e-01
4.585212171077728271e-01
4.669035077095031738e-01
4.747043251991271973e-01
4.809246659278869629e-01
4.848548769950866699e-01
4.912315011024475098e-01
4.987068772315979004e-01
5.039442181587219238e-01
4.965109229087829590e-01
4.847264885902404785e-01
4.736686944961547852e-01
4.618053436279296875e-01
4.472419619560241699e-01
4.343046545982360840e-01
4.580322802066802979e-01
4.550685286521911621e-01
4.519532918930053711e-01
4.492897987365722656e-01
4.466260075569152832e-01
4.439623355865478516e-01
4.412985742092132568e-01
4.357895553112030029e-01
4.300998449325561523e-01
4.244094789028167725e-01
4.211277961730957031e-01
4.199496209621429443e-01
4.187708497047424316e-01
4.175941646099090576e-01
4.171659946441650391e-01
4.167374670505523682e-01
4.150900840759277344e-01
4.102604985237121582e-01
4.051223397254943848e-01
3.992778658866882324e-01
4.019575119018554688e-01
4.055797457695007324e-01
4.092016816139221191e-01
4.202655851840972900e-01
4.331021308898925781e-01
4.328667521476745605e-01
4.317389726638793945e-01
4.348026514053344727e-01
4.304474592208862305e-01
4.248000383377075195e-01
4.215189218521118164e-01
4.216427803039550781e-01
4.216736555099487305e-01
4.217092990875244141e-01
4.236931800842285156e-01
4.255252778530120850e-01
4.280635416507720947e-01
4.289480447769165039e-01
4.296001791954040527e-01
4.291487336158752441e-01
4.261584877967834473e-01
4.228531718254089355e-01
4.154248237609863281e-01
4.131144285202026367e-01
4.124689698219299316e-01
4.110237061977386475e-01
4.049836099147796631e-01
3.988249897956848145e-01
3.928447961807250977e-01
3.917258977890014648e-01
3.905653655529022217e-01
3.904257416725158691e-01
3.913540542125701904e-01
3.954431414604187012e-01
4.007426500320434570e-01
4.030869007110595703e-01
4.040972590446472168e-01
4.052583277225494385e-01
4.090670347213745117e-01
4.087865352630615234e-01
4.101802408695220947e-01
4.111633896827697754e-01
4.155285060405731201e-01
4.235565662384033203e-01
4.343798756599426270e-01
4.463348984718322754e-01
4.568774104118347168e-01
4.625207781791687012e-01
4.681789875030517578e-01
4.710884690284729004e-01
4.740306735038757324e-01
4.758920073509216309e-01
4.730727076530456543e-01
4.683604240417480469e-01
4.636481404304504395e-01
4.588848650455474854e-01
4.538735449314117432e-01
4.488931298255920410e-01
4.439125657081604004e-01
4.389319419860839844e-01
4.339515566825866699e-01
4.289708435535430908e-01
4.221090972423553467e-01
4.124299883842468262e-01
4.058676362037658691e-01
4.042997360229492188e-01
4.036931395530700684e-01
4.051469564437866211e-01
4.096516668796539307e-01
4.167380630970001221e-01
4.267344474792480469e-01
4.339822828769683838e-01
4.354965686798095703e-01
4.353286623954772949e-01
4.351607859134674072e-01
4.338762462139129639e-01
4.310149252414703369e-01
4.273769259452819824e-01
4.237387776374816895e-01
4.200620651245117188e-01
4.165617227554321289e-01
4.128977060317993164e-01
4.129360318183898926e-01
4.142618477344512939e-01
4.160285592079162598e-01
4.178856909275054932e-01
4.222366511821746826e-01
4.304274022579193115e-01
4.367167651653289795e-01
4.411860108375549316e-01
4.450910687446594238e-01
4.469404518604278564e-01
4.493120312690734863e-01
4.518543481826782227e-01
4.540024995803833008e-01
4.606474041938781738e-01
4.668883383274078369e-01
4.730440974235534668e-01
4.791996479034423828e-01
4.826309084892272949e-01
4.849477410316467285e-01
4.898443222045898438e-01
4.928514361381530762e-01
4.844259023666381836e-01
4.744564294815063477e-01
4.640220403671264648e-01
4.501960873603820801e-01
4.386255741119384766e-01
4.262709319591522217e-01
4.522248208522796631e-01
4.498244822025299072e-01
4.469233155250549316e-01
4.442591071128845215e-01
4.415956139564514160e-01
4.389318227767944336e-01
4.362679719924926758e-01
4.332168102264404297e-01
4.275266230106353760e-01
4.218363165855407715e-01
4.163181781768798828e-01
4.151399135589599609e-01
4.139611721038818359e-01
4.127826988697052002e-01
4.122626185417175293e-01
4.118339419364929199e-01
4.114056825637817383e-01
4.092207551002502441e-01
4.046039581298828125e-01
3.994945287704467773e-01
4.025781750679016113e-01
4.069356322288513184e-01
4.112921953201293945e-01
4.220402836799621582e-01
4.347074627876281738e-01
4.358071088790893555e-01
4.346494078636169434e-01
4.362797439098358154e-01
4.320503473281860352e-01
4.260159432888031006e-01
4.230292439460754395e-01
4.229775071144104004e-01
4.258103072643280029e-01
4.267768561840057373e-01
4.291789233684539795e-01
4.314297437667846680e-01
4.330773055553436279e-01
4.358785152435302734e-01
4.370722770690917969e-01
4.373638331890106201e-01
4.349785447120666504e-01
4.312609136104583740e-01
4.276440441608428955e-01
4.247008562088012695e-01
4.227328002452850342e-01
4.196865856647491455e-01
4.136463701725006104e-01
4.076063632965087891e-01
4.016714692115783691e-01
3.956910371780395508e-01
3.927840590476989746e-01
3.922775685787200928e-01
3.917143046855926514e-01
3.927409648895263672e-01
3.974637389183044434e-01
4.028004109859466553e-01
4.088841080665588379e-01
4.115088582038879395e-01
4.166372418403625488e-01
4.184331297874450684e-01
4.152088165283203125e-01
4.147352576255798340e-01
4.164369106292724609e-01
4.217981696128845215e-01
4.315804541110992432e-01
4.430230259895324707e-01
4.563757479190826416e-01
4.639112353324890137e-01
4.690293669700622559e-01
4.726771116256713867e-01
4.761263728141784668e-01
4.792022109031677246e-01
4.794379472732543945e-01
4.755486845970153809e-01
4.716593027114868164e-01
4.677699804306030273e-01
4.633100628852844238e-01
4.583293795585632324e-01
4.533490240573883057e-01
4.484135210514068604e-01
4.435265660285949707e-01
4.386397302150726318e-01
4.324841499328613281e-01
4.201236963272094727e-01
4.141116738319396973e-01
4.052858352661132812e-01
3.999491930007934570e-01
4.009769260883331299e-01
4.072062969207763672e-01
4.173946082592010498e-01
4.280231595039367676e-01
4.337521493434906006e-01
4.337659776210784912e-01
4.335981309413909912e-01
4.332134127616882324e-01
4.321550726890563965e-01
4.290868639945983887e-01
4.251084327697753906e-01
4.212028682231903076e-01
4.166100025177001953e-01
4.143181443214416504e-01
4.147199094295501709e-01
4.159342944622039795e-01
4.173467159271240234e-01
4.187591969966888428e-01
4.199260473251342773e-01
4.226852655410766602e-01
4.323998689651489258e-01
4.419009685516357422e-01
4.501619935035705566e-01
4.520900547504425049e-01
4.544630348682403564e-01
4.567674994468688965e-01
4.590720534324645996e-01
4.595481455326080322e-01
4.595450758934020996e-01
4.651634693145751953e-01
4.713191390037536621e-01
4.766663312911987305e-01
4.779245853424072266e-01
4.787935018539428711e-01
4.799641966819763184e-01
4.797865748405456543e-01
4.733809828758239746e-01
4.612690210342407227e-01
4.514019191265106201e-01
4.410936534404754639e-01
4.300578236579895020e-01
4.193523526191711426e-01
4.425069689750671387e-01
4.423882961273193359e-01
4.413067102432250977e-01
4.388908743858337402e-01
4.363597631454467773e-01
4.338281154632568359e-01
4.312380850315093994e-01
4.285739958286285400e-01
4.249541461467742920e-01
4.192634820938110352e-01
4.135733544826507568e-01
4.103296399116516113e-01
4.091512858867645264e-01
4.079724550247192383e-01
4.073588252067565918e-01
4.069302082061767578e-01
4.065020084381103516e-01
4.055347740650177002e-01
4.018525183200836182e-01
3.981695175170898438e-01
4.017002880573272705e-01
4.060570895671844482e-01
4.104146361351013184e-01
4.206712841987609863e-01
4.339119195938110352e-01
4.370820522308349609e-01
4.366595149040222168e-01
4.379014968872070312e-01
4.351117610931396484e-01
4.301422834396362305e-01
4.256795048713684082e-01
4.237935841083526611e-01
4.272756874561309814e-01
4.315640032291412354e-01
4.343220591545104980e-01
4.367242157459259033e-01
4.391260445117950439e-01
4.403764605522155762e-01
4.429271221160888672e-01
4.439157545566558838e-01
4.439656138420104980e-01
4.402482807636260986e-01
4.410256743431091309e-01
4.378492832183837891e-01
4.345628321170806885e-01
4.283490180969238281e-01
4.223091304302215576e-01
4.162693321704864502e-01
4.102296233177185059e-01
4.045179784297943115e-01
3.985373377799987793e-01
3.939397633075714111e-01
3.940314948558807373e-01
3.930832743644714355e-01
3.952635526657104492e-01
4.012229442596435547e-01
4.066330194473266602e-01
4.155012369155883789e-01
4.220512509346008301e-01
4.225903153419494629e-01
4.182263314723968506e-01
4.164108633995056152e-01
4.167546033859252930e-01
4.194010794162750244e-01
4.286105036735534668e-01
4.400937557220458984e-01
4.530715942382812500e-01
4.651507437229156494e-01
4.727554917335510254e-01
4.774395227432250977e-01
4.825345873832702637e-01
4.854841232299804688e-01
4.865222573280334473e-01
4.844399094581604004e-01
4.806442856788635254e-01
4.768485426902770996e-01
4.730527997016906738e-01
4.681665301322937012e-01
4.632796049118041992e-01
4.583926200866699219e-01
4.535057544708251953e-01
4.476679563522338867e-01
4.386166632175445557e-01
4.305614531040191650e-01
4.209605455398559570e-01
4.107673168182373047e-01
4.013444185256958008e-01
4.042892158031463623e-01
4.137970805168151855e-01
4.235692024230957031e-01
4.333420991897583008e-01
4.357421994209289551e-01
4.343496561050415039e-01
4.326316118240356445e-01
4.309130311012268066e-01
4.288673698902130127e-01
4.247976541519165039e-01
4.206834733486175537e-01
4.164177179336547852e-01
4.162116646766662598e-01
4.171878397464752197e-01
4.186000823974609375e-01
4.200124740600585938e-01
4.214249551296234131e-01
4.225101768970489502e-01
4.220634102821350098e-01
4.270591139793395996e-01
4.357168078422546387e-01
4.434661865234375000e-01
4.503262937068939209e-01
4.577660560607910156e-01
4.635230600833892822e-01
4.641027748584747314e-01
4.638255536556243896e-01
4.635484814643859863e-01
4.632715284824371338e-01
4.626935422420501709e-01
4.680005908012390137e-01
4.726596474647521973e-01
4.737243056297302246e-01
4.730370640754699707e-01
4.688437581062316895e-01
4.636574387550354004e-01
4.590162038803100586e-01
4.469040036201477051e-01
4.409802556037902832e-01
4.319906830787658691e-01
4.214905202388763428e-01
4.132410287857055664e-01
4.302875101566314697e-01
4.309344291687011719e-01
4.320290088653564453e-01
4.316468834877014160e-01
4.302585721015930176e-01
4.277265965938568115e-01
4.251950979232788086e-01
4.226639568805694580e-01
4.201321601867675781e-01
4.160754978656768799e-01
4.105176329612731934e-01
4.051690101623535156e-01
4.041229486465454102e-01
4.030768275260925293e-01
4.024551808834075928e-01
4.020266532897949219e-01
4.015979766845703125e-01
4.011697471141815186e-01
3.981665968894958496e-01
3.944839239120483398e-01
3.983322978019714355e-01
4.041160047054290771e-01
4.095360040664672852e-01
4.190179705619812012e-01
4.320970475673675537e-01
4.372634887695312500e-01
4.379587769508361816e-01
4.385139346122741699e-01
4.363905191421508789e-01
4.321558475494384766e-01
4.279215335845947266e-01
4.257682859897613525e-01
4.269853234291076660e-01
4.335277676582336426e-01
4.390924572944641113e-01
4.417211413383483887e-01
4.436094164848327637e-01
4.454979300498962402e-01
4.464948177337646484e-01
4.491068720817565918e-01
4.506060183048248291e-01
4.511351585388183594e-01
4.524812102317810059e-01
4.513840079307556152e-01
4.478889107704162598e-01
4.392072260379791260e-01
4.313405454158782959e-01
4.249347448348999023e-01
4.188919663429260254e-01
4.129599630832672119e-01
4.073645472526550293e-01
4.013839960098266602e-01
3.963095545768737793e-01
3.973300457000732422e-01
3.966773152351379395e-01
3.985045552253723145e-01
4.060510396957397461e-01
4.133270084857940674e-01
4.172832071781158447e-01
4.209203124046325684e-01
4.196624457836151123e-01
4.182505309581756592e-01
4.182160198688507080e-01
4.203256070613861084e-01
4.290088713169097900e-01
4.412744641304016113e-01
4.535399973392486572e-01
4.689961075782775879e-01
4.776613712310791016e-01
4.834315776824951172e-01
4.891375303268432617e-01
4.920977950096130371e-01
4.935745596885681152e-01
4.932106137275695801e-01
4.900522828102111816e-01
4.862566590309143066e-01
4.824611544609069824e-01
4.781458973884582520e-01
4.732589125633239746e-01
4.683720469474792480e-01
4.628514349460601807e-01
4.538005590438842773e-01
4.447494447231292725e-01
4.345692992210388184e-01
4.259242415428161621e-01
4.128940105438232422e-01
4.085444211959838867e-01
4.110266268253326416e-01
4.205711483955383301e-01
4.299100339412689209e-01
4.385709762573242188e-01
4.382946789264678955e-01
4.364102482795715332e-01
4.335991442203521729e-01
4.308891892433166504e-01
4.286081790924072266e-01
4.246099591255187988e-01
4.227775335311889648e-01
4.223251342773437500e-01
4.226876497268676758e-01
4.232437014579772949e-01
4.237999320030212402e-01
4.243564009666442871e-01
4.250943958759307861e-01
4.247020483016967773e-01
4.250733852386474609e-01
4.295417666435241699e-01
4.367125928401947021e-01
4.431590735912322998e-01
4.507448673248291016e-01
4.574181139469146729e-01
4.627841711044311523e-01
4.685159325599670410e-01
4.705112576484680176e-01
4.690484404563903809e-01
4.679228663444519043e-01
4.669533967971801758e-01
4.676635861396789551e-01
4.707792401313781738e-01
4.682233929634094238e-01
4.645460247993469238e-01
4.560302793979644775e-01
4.486830830574035645e-01
4.454497694969177246e-01
4.350881278514862061e-01
4.310430288314819336e-01
4.228881895542144775e-01
4.134143888950347900e-01
4.080875515937805176e-01
4.180687069892883301e-01
4.187147617340087891e-01
4.196875989437103271e-01
4.210156500339508057e-01
4.219570755958557129e-01
4.209249913692474365e-01
4.190935492515563965e-01
4.165623784065246582e-01
4.140311479568481445e-01
4.114996790885925293e-01
4.068734347820281982e-01
4.013160169124603271e-01
3.982423841953277588e-01
3.971957862377166748e-01
3.965269029140472412e-01
3.962305188179016113e-01
3.959342837333679199e-01
3.956383168697357178e-01
3.939847946166992188e-01
3.904343247413635254e-01
3.940847516059875488e-01
4.000004231929779053e-01
4.058832228183746338e-01
4.169964790344238281e-01
4.323806166648864746e-01
4.393367171287536621e-01
4.400354325771331787e-01
4.406113326549530029e-01
4.371294677257537842e-01
4.328948855400085449e-01
4.286607503890991211e-01
4.249988198280334473e-01
4.246373176574707031e-01
4.310837388038635254e-01
4.382890760898590088e-01
4.443936049938201904e-01
4.474126994609832764e-01
4.497209191322326660e-01
4.516094326972961426e-01
4.526130557060241699e-01
4.550905525684356689e-01
4.613513052463531494e-01
4.639366865158081055e-01
4.649178087711334229e-01
4.598218202590942383e-01
4.511405229568481445e-01
4.424594640731811523e-01
4.345239996910095215e-01
4.281176626682281494e-01
4.217113554477691650e-01
4.159165024757385254e-01
4.115267693996429443e-01
4.058933258056640625e-01
4.009275734424591064e-01
3.995796442031860352e-01
4.002771973609924316e-01
4.038462936878204346e-01
4.072572588920593262e-01
4.107236862182617188e-01
4.151278734207153320e-01
4.213858842849731445e-01
4.226001203060150146e-01
4.220167696475982666e-01
4.242298603057861328e-01
4.305378794670104980e-01
4.428585171699523926e-01
4.552437365055084229e-01
4.701005816459655762e-01
4.813885688781738281e-01
4.910981655120849609e-01
4.957095384597778320e-01
4.982610940933227539e-01
5.006673932075500488e-01
5.003303885459899902e-01
4.994603991508483887e-01
4.956645369529724121e-01
4.918691515922546387e-01
4.880732893943786621e-01
4.832379221916198730e-01
4.780355095863342285e-01
4.687282443046569824e-01
4.590650796890258789e-01
4.467137157917022705e-01
4.357059001922607422e-01
4.255083501338958740e-01
4.219612479209899902e-01
4.194444417953491211e-01
4.204058945178985596e-01
4.255853891372680664e-01
4.346172511577606201e-01
4.411001503467559814e-01
4.382892847061157227e-01
4.354785680770874023e-01
4.330587387084960938e-01
4.307778477668762207e-01
4.291062355041503906e-01
4.301104247570037842e-01
4.311903715133666992e-01
4.322251379489898682e-01
4.327816069126129150e-01
4.333377480506896973e-01
4.338940382003784180e-01
4.339597523212432861e-01
4.318132698535919189e-01
4.313284456729888916e-01
4.305933713912963867e-01
4.325380921363830566e-01
4.381609261035919189e-01
4.445895254611968994e-01
4.496845602989196777e-01
4.551272690296173096e-01
4.608588516712188721e-01
4.649286568164825439e-01
4.690857529640197754e-01
4.737433791160583496e-01
4.727737307548522949e-01
4.713907837867736816e-01
4.685282111167907715e-01
4.633039832115173340e-01
4.597898125648498535e-01
4.531188905239105225e-01
4.456628561019897461e-01
4.384819269180297852e-01
4.335300922393798828e-01
4.271998405456542969e-01
4.239751696586608887e-01
4.166566133499145508e-01
4.086325466632843018e-01
4.049199223518371582e-01
4.058496057987213135e-01
4.064959883689880371e-01
4.073457717895507812e-01
4.090155363082885742e-01
4.099567830562591553e-01
4.108981192111968994e-01
4.112656116485595703e-01
4.102028310298919678e-01
4.079295694828033447e-01
4.053980708122253418e-01
4.028664827346801758e-01
3.976720869541168213e-01
3.923611938953399658e-01
3.913150429725646973e-01
3.905518054962158203e-01
3.902557492256164551e-01
3.899595737457275391e-01
3.896638154983520508e-01
3.892282247543334961e-01
3.856778442859649658e-01
3.892100453376770020e-01
3.962124884128570557e-01
4.032460451126098633e-01
4.138550758361816406e-01
4.292887449264526367e-01
4.378045201301574707e-01
4.413974285125732422e-01
4.424315094947814941e-01
4.376245737075805664e-01
4.335227608680725098e-01
4.293997585773468018e-01
4.251653552055358887e-01
4.235253930091857910e-01
4.270447790622711182e-01
4.341688752174377441e-01
4.413738846778869629e-01
4.476361870765686035e-01
4.508392810821533203e-01
4.534626901149749756e-01
4.560858607292175293e-01
4.592063724994659424e-01
4.676147699356079102e-01
4.748006463050842285e-01
4.767684936523437500e-01
4.717549681663513184e-01
4.630737900733947754e-01
4.543922245502471924e-01
4.457107782363891602e-01
4.377066791057586670e-01
4.321827888488769531e-01
4.266076683998107910e-01
4.219640493392944336e-01
4.168726205825805664e-01
4.119057953357696533e-01
4.078594744205474854e-01
4.043467044830322266e-01
4.022904038429260254e-01
4.026907086372375488e-01
4.051360487937927246e-01
4.104531705379486084e-01
4.172350764274597168e-01
4.224053621292114258e-01
4.253017902374267578e-01
4.281206130981445312e-01
4.326366484165191650e-01
4.447476267814636230e-01
4.577113986015319824e-01
4.707185626029968262e-01
4.857001900672912598e-01
4.964991211891174316e-01
5.018857717514038086e-01
5.044239759445190430e-01
5.069753527641296387e-01
5.074500441551208496e-01
5.070861577987670898e-01
5.050727725028991699e-01
5.012767910957336426e-01
4.973440766334533691e-01
4.923923611640930176e-01
4.828068017959594727e-01
4.731438755989074707e-01
4.613409340381622314e-01
4.471651315689086914e-01
4.369395673274993896e-01
4.286516904830932617e-01
4.296319186687469482e-01
4.297710657119750977e-01
4.278483986854553223e-01
4.289345741271972656e-01
4.362121224403381348e-01
4.401684701442718506e-01
4.375087022781372070e-01
4.352279901504516602e-01
4.329471290111541748e-01
4.336882829666137695e-01
4.364035129547119141e-01
4.392957985401153564e-01
4.408065676689147949e-01
4.423176348209381104e-01
4.428751766681671143e-01
4.434313476085662842e-01
4.425117969512939453e-01
4.403705596923828125e-01
4.398086071014404297e-01
4.384843707084655762e-01
4.364976882934570312e-01
4.393267929553985596e-01
4.440234899520874023e-01
4.488992691040039062e-01
4.536716341972351074e-01
4.568856358528137207e-01
4.600993394851684570e-01
4.636434018611907959e-01
4.674541354179382324e-01
4.705818295478820801e-01
4.727151989936828613e-01
4.724901914596557617e-01
4.662539064884185791e-01
4.570971429347991943e-01
4.501420259475708008e-01
4.423053562641143799e-01
4.351078867912292480e-01
4.284350574016571045e-01
4.256147742271423340e-01
4.191059172153472900e-01
4.168377518653869629e-01
4.122250974178314209e-01
4.042009711265563965e-01
4.027252793312072754e-01
3.936304450035095215e-01
3.942767381668090820e-01
3.950038850307464600e-01
3.969185650348663330e-01
3.979555070400238037e-01
3.988976180553436279e-01
3.998384475708007812e-01
4.007799923419952393e-01
4.005437493324279785e-01
3.992967903614044189e-01
3.967652320861816406e-01
3.940281867980957031e-01
3.884701132774353027e-01
3.854342997074127197e-01
3.845772147178649902e-01
3.842812478542327881e-01
3.839851021766662598e-01
3.836889863014221191e-01
3.838942646980285645e-01
3.825398087501525879e-01
3.866465687751770020e-01
3.936807513236999512e-01
4.007142186164855957e-01
4.105480313301086426e-01
4.258202314376831055e-01
4.343355894088745117e-01
4.392644166946411133e-01
4.415188729763031006e-01
4.368010759353637695e-01
4.331904947757720947e-01
4.287504553794860840e-01
4.241347908973693848e-01
4.217168688774108887e-01
4.241380095481872559e-01
4.295270442962646484e-01
4.368645548820495605e-01
4.442021250724792480e-01
4.507540464401245117e-01
4.542660117149353027e-01
4.568895697593688965e-01
4.636308550834655762e-01
4.705381989479064941e-01
4.783765673637390137e-01
4.852097630500793457e-01
4.823088049888610840e-01
4.745460152626037598e-01
4.673322439193725586e-01
4.599222540855407715e-01
4.530834257602691650e-01
4.460487961769104004e-01
4.407245218753814697e-01
4.354507625102996826e-01
4.312090873718261719e-01
4.254447817802429199e-01
4.160468280315399170e-01
4.091946184635162354e-01
4.023552834987640381e-01
4.000129699707031250e-01
4.008406996726989746e-01
4.061187505722045898e-01
4.127598106861114502e-01
4.206345975399017334e-01
4.235307872295379639e-01
4.287160634994506836e-01
4.360550940036773682e-01
4.466015696525573730e-01
4.600466191768646240e-01
4.721282720565795898e-01
4.872707724571228027e-01
5.011268258094787598e-01
5.079595446586608887e-01
5.107269287109375000e-01
5.132396817207336426e-01
5.143104195594787598e-01
5.142109990119934082e-01
5.132114291191101074e-01
5.094429850578308105e-01
5.050337910652160645e-01
4.967832565307617188e-01
4.872229695320129395e-01
4.754445552825927734e-01
4.599524438381195068e-01
4.488194584846496582e-01
4.387339949607849121e-01
4.340042471885681152e-01
4.345168769359588623e-01
4.353780150413513184e-01
4.341818690299987793e-01
4.342384934425354004e-01
4.378074407577514648e-01
4.396783113479614258e-01
4.373973906040191650e-01
4.360869526863098145e-01
4.382704198360443115e-01
4.415680766105651855e-01
4.452924430370330811e-01
4.489123225212097168e-01
4.504232704639434814e-01
4.519343674182891846e-01
4.522242844104766846e-01
4.514068365097045898e-01
4.496638178825378418e-01
4.487757086753845215e-01
4.470997750759124756e-01
4.440520703792572021e-01
4.428761601448059082e-01
4.447935819625854492e-01
4.479077160358428955e-01
4.511213898658752441e-01
4.543351829051971436e-01
4.575490951538085938e-01
4.613365530967712402e-01
4.641954302787780762e-01
4.663287401199340820e-01
4.682626128196716309e-01
4.694372415542602539e-01
4.684270024299621582e-01
4.670749902725219727e-01
4.581662416458129883e-01
4.440350532531738281e-01
4.346545338630676270e-01
4.266012012958526611e-01
4.225928485393524170e-01
4.189162850379943848e-01
4.121821522712707520e-01
4.108895659446716309e-01
4.074320495128631592e-01
4.009749889373779297e-01
4.004954099655151367e-01
3.814113140106201172e-01
3.820576369762420654e-01
3.827033936977386475e-01
3.845769464969635010e-01
3.859552741050720215e-01
3.868963718414306641e-01
3.878379464149475098e-01
3.887800574302673340e-01
3.897208869457244873e-01
3.906624317169189453e-01
3.898217678070068359e-01
3.881325423717498779e-01
3.848266601562500000e-01
3.795533180236816406e-01
3.786023855209350586e-01
3.783064484596252441e-01
3.788308501243591309e-01
3.796527981758117676e-01
3.804748654365539551e-01
3.803391754627227783e-01
3.841147422790527344e-01
3.911487460136413574e-01
3.981826305389404297e-01
4.072412252426147461e-01
4.223518967628479004e-01
4.308671355247497559e-01
4.371315240859985352e-01
4.393863081932067871e-01
4.344333410263061523e-01
4.299106001853942871e-01
4.267217516899108887e-01
4.228826165199279785e-01
4.204921722412109375e-01
4.208132028579711914e-01
4.251314103603363037e-01
4.316733479499816895e-01
4.390110969543457031e-01
4.463484585285186768e-01
4.530577063560485840e-01
4.576122760772705078e-01
4.663848280906677246e-01
4.750571846961975098e-01
4.829619526863098145e-01
4.902064204216003418e-01
4.916360974311828613e-01
4.871831536293029785e-01
4.815990328788757324e-01
4.748553633689880371e-01
4.680413603782653809e-01
4.612267017364501953e-01
4.549516737461090088e-01
4.500671029090881348e-01
4.422621726989746094e-01
4.323609471321105957e-01
4.239501655101776123e-01
4.157195687294006348e-01
4.081608355045318604e-01
4.006025195121765137e-01
3.990080356597900391e-01
4.029428660869598389e-01
4.085366725921630859e-01
4.158336222171783447e-01
4.217601120471954346e-01
4.259570837020874023e-01
4.342647790908813477e-01
4.468324184417724609e-01
4.618213176727294922e-01
4.747864603996276855e-01
4.894200563430786133e-01
5.051464438438415527e-01
5.118922591209411621e-01
5.170556306838989258e-01
5.190568566322326660e-01
5.198106169700622559e-01
5.196526050567626953e-01
5.187649130821228027e-01
5.172123908996582031e-01
5.088821649551391602e-01
4.995948672294616699e-01
4.885823726654052734e-01
4.736271500587463379e-01
4.596595168113708496e-01
4.481301605701446533e-01
4.411975741386413574e-01
4.383132457733154297e-01
4.382518827915191650e-01
4.391130208969116211e-01
4.400250315666198730e-01
4.397439658641815186e-01
4.410620927810668945e-01
4.395667910575866699e-01
4.406687021255493164e-01
4.433845281600952148e-01
4.469228386878967285e-01
4.506471455097198486e-01
4.544349908828735352e-01
4.585321843624114990e-01
4.601646065711975098e-01
4.609557092189788818e-01
4.610038995742797852e-01
4.586306512355804443e-01
4.577427506446838379e-01
4.551033377647399902e-01
4.518450498580932617e-01
4.483958780765533447e-01
4.473770260810852051e-01
4.476326704025268555e-01
4.485709667205810547e-01
4.517847299575805664e-01
4.552187025547027588e-01
4.578091502189636230e-01
4.599422812461853027e-01
4.620756804943084717e-01
4.632512331008911133e-01
4.644260704517364502e-01
4.635911285877227783e-01
4.624465703964233398e-01
4.602884054183959961e-01
4.533731341361999512e-01
4.446175098419189453e-01
4.303865432739257812e-01
4.252845048904418945e-01
4.215741157531738281e-01
4.178974330425262451e-01
4.144183397293090820e-01
4.095186293125152588e-01
4.052167534828186035e-01
3.986971676349639893e-01
3.969799280166625977e-01
3.691923618316650391e-01
3.698385357856750488e-01
3.704844117164611816e-01
3.722350895404815674e-01
3.739547133445739746e-01
3.748961091041564941e-01
3.758374154567718506e-01
3.767791986465454102e-01
3.777206242084503174e-01
3.786617219448089600e-01
3.796027898788452148e-01
3.801621496677398682e-01
3.790997862815856934e-01
3.757179975509643555e-01
3.737682998180389404e-01
3.745901584625244141e-01
3.754121065139770508e-01
3.762345314025878906e-01
3.770564198493957520e-01
3.778780102729797363e-01
3.815830945968627930e-01
3.886168003082275391e-01
3.956505656242370605e-01
4.039342403411865234e-01
4.188832640647888184e-01
4.273986220359802246e-01
4.348755478858947754e-01
4.366165697574615479e-01
4.315959811210632324e-01
4.255201518535614014e-01
4.223306775093078613e-01
4.196380078792572021e-01
4.188449382781982422e-01
4.183928966522216797e-01
4.218068122863769531e-01
4.267374873161315918e-01
4.348981678485870361e-01
4.430588185787200928e-01
4.512243568897247314e-01
4.625786542892456055e-01
4.729288816452026367e-01
4.816947579383850098e-01
4.904607534408569336e-01
4.960111975669860840e-01
4.987047314643859863e-01
4.989950060844421387e-01
4.938024878501892090e-01
4.874525070190429688e-01
4.807708859443664551e-01
4.740890860557556152e-01
4.670361876487731934e-01
4.562209248542785645e-01
4.448979198932647705e-01
4.374285340309143066e-01
4.303506016731262207e-01
4.222800433635711670e-01
4.145361483097076416e-01
4.073079228401184082e-01
4.029985964298248291e-01
4.009613096714019775e-01
4.055773019790649414e-01
4.113683104515075684e-01
4.196357131004333496e-01
4.233896434307098389e-01
4.318063557147979736e-01
4.432892501354217529e-01
4.600389301776885986e-01
4.774762988090515137e-01
4.910012483596801758e-01
5.044718384742736816e-01
5.148206353187561035e-01
5.205752253532409668e-01
5.236688852310180664e-01
5.246338248252868652e-01
5.241032838821411133e-01
5.232900977134704590e-01
5.183716416358947754e-01
5.108507871627807617e-01
5.000143647193908691e-01
4.864572286605834961e-01
4.725397825241088867e-01
4.578809142112731934e-01
4.488691091537475586e-01
4.453879892826080322e-01
4.427644610404968262e-01
4.419868290424346924e-01
4.428482055664062500e-01
4.442011713981628418e-01
4.462305605411529541e-01
4.465900957584381104e-01
4.452505707740783691e-01
4.486309587955474854e-01
4.527282118797302246e-01
4.568254351615905762e-01
4.609225392341613770e-01
4.644446372985839844e-01
4.674490690231323242e-01
4.692112207412719727e-01
4.683961868286132812e-01
4.671191871166229248e-01
4.661191105842590332e-01
4.628964066505432129e-01
4.588912427425384521e-01
4.550676941871643066e-01
4.499951601028442383e-01
4.487607479095458984e-01
4.490162134170532227e-01
4.494067728519439697e-01
4.514227211475372314e-01
4.535559713840484619e-01
4.556892216205596924e-01
4.570656120777130127e-01
4.582400023937225342e-01
4.594146609306335449e-01
4.587545990943908691e-01
4.576107263565063477e-01
4.564667344093322754e-01
4.530446529388427734e-01
4.446231424808502197e-01
4.359646439552307129e-01
4.297281801700592041e-01
4.236131012439727783e-01
4.189935624599456787e-01
4.153485298156738281e-01
4.143434464931488037e-01
4.089453220367431641e-01
4.022471904754638672e-01
3.974328041076660156e-01
3.963085114955902100e-01
3.569729328155517578e-01
3.576194047927856445e-01
3.582650721073150635e-01
3.598929643630981445e-01
3.618082404136657715e-01
3.628953695297241211e-01
3.638369739055633545e-01
3.647782206535339355e-01
3.657198250293731689e-01
3.666609823703765869e-01
3.676029443740844727e-01
3.689257800579071045e-01
3.709451258182525635e-01
3.720181286334991455e-01
3.704421222209930420e-01
3.711712956428527832e-01
3.719934225082397461e-01
3.728156685829162598e-01
3.736373186111450195e-01
3.744595944881439209e-01
3.790508508682250977e-01
3.860850930213928223e-01
3.931190967559814453e-01
4.006272554397583008e-01
4.153988361358642578e-01
4.234006702899932861e-01
4.314028620719909668e-01
4.335632324218750000e-01
4.287580251693725586e-01
4.211293458938598633e-01
4.182312488555908203e-01
4.170284271240234375e-01
4.170581102371215820e-01
4.171676635742187500e-01
4.208912551403045654e-01
4.274736642837524414e-01
4.342181086540222168e-01
4.424724280834197998e-01
4.510525166988372803e-01
4.653638005256652832e-01
4.785058498382568359e-01
4.885894656181335449e-01
4.977923631668090820e-01
5.030913949012756348e-01
5.064702033996582031e-01
5.069068074226379395e-01
5.040442347526550293e-01
4.992816448211669922e-01
4.932411313056945801e-01
4.850868582725524902e-01
4.727560281753540039e-01
4.590946733951568604e-01
4.475967884063720703e-01
4.393864274024963379e-01
4.322838783264160156e-01
4.251909255981445312e-01
4.172688722610473633e-01
4.123050868511199951e-01
4.086174964904785156e-01
4.054231047630310059e-01
4.035685658454895020e-01
4.087132215499877930e-01
4.156624674797058105e-01
4.220182895660400391e-01
4.293482303619384766e-01
4.401084780693054199e-01
4.562329649925231934e-01
4.728391170501708984e-01
4.887495636940002441e-01
5.020710229873657227e-01
5.158036351203918457e-01
5.220345854759216309e-01
5.272618532180786133e-01
5.279111862182617188e-01
5.270586609840393066e-01
5.227731466293334961e-01
5.164011120796203613e-01
5.089870095252990723e-01
4.974347949028015137e-01
4.847759008407592773e-01
4.701588153839111328e-01
4.575971662998199463e-01
4.526588916778564453e-01
4.500041902065277100e-01
4.473491907119750977e-01
4.460692405700683594e-01
4.474217593669891357e-01
4.488661885261535645e-01
4.545353651046752930e-01
4.588432312011718750e-01
4.568627476692199707e-01
4.592161774635314941e-01
4.633134007453918457e-01
4.669445753097534180e-01
4.699490666389465332e-01
4.729536175727844238e-01
4.752792119979858398e-01
4.757880568504333496e-01
4.740841984748840332e-01
4.729915857315063477e-01
4.703242778778076172e-01
4.654598236083984375e-01
4.603872299194335938e-01
4.553146958351135254e-01
4.502418637275695801e-01
4.500639438629150391e-01
4.487522542476654053e-01
4.479271173477172852e-01
4.493027329444885254e-01
4.508798718452453613e-01
4.520541429519653320e-01
4.532290399074554443e-01
4.544033706188201904e-01
4.539187550544738770e-01
4.527747333049774170e-01
4.516305327415466309e-01
4.504739642143249512e-01
4.434331655502319336e-01
4.338618516921997070e-01
4.259130954742431641e-01
4.206591844558715820e-01
4.154055416584014893e-01
4.127824902534484863e-01
4.119425117969512939e-01
4.117577075958251953e-01
4.083938002586364746e-01
4.017290771007537842e-01
3.973445594310760498e-01
3.975229859352111816e-01
3.447535932064056396e-01
3.454000353813171387e-01
3.460465669631958008e-01
3.475514054298400879e-01
3.494659960269927979e-01
3.508945107460021973e-01
3.518361151218414307e-01
3.527774214744567871e-01
3.537188768386840820e-01
3.553302586078643799e-01
3.573819994926452637e-01
3.594409227371215820e-01
3.615006208419799805e-01
3.635603189468383789e-01
3.656199574470520020e-01
3.667683601379394531e-01
3.685746192932128906e-01
3.693963885307312012e-01
3.702188134193420410e-01
3.710407614707946777e-01
3.765189647674560547e-01
3.835529685020446777e-01
3.905868530273437500e-01
3.968977332115173340e-01
4.110105335712432861e-01
4.193388223648071289e-01
4.281640350818634033e-01
4.325434863567352295e-01
4.288704395294189453e-01
4.218885302543640137e-01
4.183330833911895752e-01
4.178905785083770752e-01
4.180138707160949707e-01
4.181375503540039062e-01
4.191218018531799316e-01
4.257834553718566895e-01
4.324452579021453857e-01
4.417689442634582520e-01
4.532528817653656006e-01
4.674416482448577881e-01
4.807929396629333496e-01
4.952747225761413574e-01
5.051309466361999512e-01
5.087183117866516113e-01
5.123050212860107422e-01
5.158511996269226074e-01
5.127955675125122070e-01
5.083675980567932129e-01
5.021646022796630859e-01
4.897614717483520508e-01
4.757329225540161133e-01
4.625880718231201172e-01
4.519765675067901611e-01
4.420181512832641602e-01
4.341814219951629639e-01
4.272088110446929932e-01
4.201532006263732910e-01
4.155872464179992676e-01
4.118992686271667480e-01
4.082115888595581055e-01
4.052650928497314453e-01
4.041698575019836426e-01
4.113995432853698730e-01
4.196181893348693848e-01
4.254364967346191406e-01
4.362686872482299805e-01
4.509641230106353760e-01
4.665151834487915039e-01
4.807788729667663574e-01
4.941270351409912109e-01
5.114488005638122559e-01
5.216964483261108398e-01
5.267301201820373535e-01
5.291066765785217285e-01
5.247259140014648438e-01
5.186164975166320801e-01
5.124821066856384277e-01
5.053797364234924316e-01
4.960747957229614258e-01
4.824602007865905762e-01
4.669311642646789551e-01
4.599492549896240234e-01
4.572756290435791016e-01
4.547388553619384766e-01
4.529868662357330322e-01
4.516413211822509766e-01
4.550578892230987549e-01
4.612483382225036621e-01
4.680236577987670898e-01
4.705981612205505371e-01
4.712235927581787109e-01
4.694736599922180176e-01
4.724490642547607422e-01
4.754534363746643066e-01
4.778319001197814941e-01
4.800602197647094727e-01
4.805850982666015625e-01
4.807967543601989746e-01
4.793522357940673828e-01
4.751191735267639160e-01
4.703003764152526855e-01
4.657066762447357178e-01
4.606340527534484863e-01
4.552124142646789551e-01
4.492456912994384766e-01
4.481776058673858643e-01
4.473521709442138672e-01
4.461714923381805420e-01
4.458680152893066406e-01
4.470430314540863037e-01
4.482173919677734375e-01
4.493920803070068359e-01
4.484476149082183838e-01
4.463908672332763672e-01
4.443342089653015137e-01
4.423361718654632568e-01
4.397572875022888184e-01
4.305834770202636719e-01
4.218344688415527344e-01
4.165810346603393555e-01
4.113268852233886719e-01
4.063879847526550293e-01
4.031961262226104736e-01
4.030859172344207764e-01
4.097971618175506592e-01
4.093004167079925537e-01
4.040489792823791504e-01
3.989236354827880859e-01
3.987065851688385010e-01
3.396789729595184326e-01
3.391063213348388672e-01
3.385332226753234863e-01
3.386964797973632812e-01
3.393924236297607422e-01
3.399509787559509277e-01
3.398781418800354004e-01
3.417584896087646484e-01
3.438175916671752930e-01
3.458774387836456299e-01
3.479369282722473145e-01
3.499966561794281006e-01
3.520558774471282959e-01
3.541152477264404297e-01
3.561750352382659912e-01
3.590412735939025879e-01
3.631449937820434570e-01
3.654360175132751465e-01
3.667998313903808594e-01
3.676216602325439453e-01
3.736906647682189941e-01
3.819329142570495605e-01
3.893697261810302734e-01
3.963119387626647949e-01
4.105988740921020508e-01
4.195171594619750977e-01
4.284358024597167969e-01
4.341843128204345703e-01
4.307265281677246094e-01
4.238061606884002686e-01
4.187368452548980713e-01
4.188602268695831299e-01
4.189840257167816162e-01
4.191072583198547363e-01
4.192306995391845703e-01
4.240141510963439941e-01
4.306755661964416504e-01
4.381325244903564453e-01
4.536496996879577637e-01
4.697807431221008301e-01
4.841715693473815918e-01
4.977348446846008301e-01
5.090704560279846191e-01
5.143452286720275879e-01
5.179318785667419434e-01
5.215188860893249512e-01
5.220430493354797363e-01
5.132161974906921387e-01
5.025888681411743164e-01
4.911131858825683594e-01
4.779078364372253418e-01
4.672906100749969482e-01
4.569523930549621582e-01
4.466621577739715576e-01
4.366350769996643066e-01
4.291058778762817383e-01
4.236523211002349854e-01
4.193949401378631592e-01
4.151815474033355713e-01
4.114937782287597656e-01
4.077700078487396240e-01
4.055748879909515381e-01
4.067431688308715820e-01
4.120473265647888184e-01
4.190505146980285645e-01
4.298204183578491211e-01
4.428611397743225098e-01
4.565157294273376465e-01
4.697542190551757812e-01
4.828868508338928223e-01
4.978603720664978027e-01
5.142236948013305664e-01
5.221871137619018555e-01
5.243526101112365723e-01
5.195479393005371094e-01
5.147849321365356445e-01
5.091536045074462891e-01
5.017646551132202148e-01
4.925522804260253906e-01
4.783632159233093262e-01
4.675854444503784180e-01
4.654125571250915527e-01
4.634332954883575439e-01
4.616816043853759766e-01
4.599297344684600830e-01
4.622814059257507324e-01
4.686955213546752930e-01
4.762485027313232422e-01
4.819403886795043945e-01
4.831911921501159668e-01
4.815854430198669434e-01
4.804095625877380371e-01
4.805397987365722656e-01
4.827297329902648926e-01
4.843912720680236816e-01
4.844437241554260254e-01
4.849266409873962402e-01
4.837463498115539551e-01
4.787674546241760254e-01
4.741880297660827637e-01
4.700699448585510254e-01
4.653342962265014648e-01
4.585857391357421875e-01
4.518360197544097900e-01
4.476024806499481201e-01
4.466219246387481689e-01
4.448383450508117676e-01
4.428215622901916504e-01
4.409475624561309814e-01
4.412096142768859863e-01
4.414715766906738281e-01
4.404245018959045410e-01
4.383678436279296875e-01
4.363109469413757324e-01
4.342546463012695312e-01
4.326117932796478271e-01
4.273049235343933105e-01
4.177559912204742432e-01
4.125023484230041504e-01
4.072484970092773438e-01
4.019945263862609863e-01
3.988425433635711670e-01
3.964864015579223633e-01
3.940828740596771240e-01
3.998197615146636963e-01
4.069349169731140137e-01
4.061291515827178955e-01
4.026138186454772949e-01
3.990267515182495117e-01
3.352522850036621094e-01
3.346793055534362793e-01
3.341063857078552246e-01
3.341466784477233887e-01
3.351047635078430176e-01
3.368394970893859863e-01
3.378757238388061523e-01
3.387160897254943848e-01
3.395563364028930664e-01
3.403969705104827881e-01
3.412374258041381836e-01
3.420779109001159668e-01
3.430069088935852051e-01
3.446707725524902344e-01
3.467301726341247559e-01
3.495865762233734131e-01
3.553552627563476562e-01
3.605669736862182617e-01
3.649832010269165039e-01
3.679826855659484863e-01
3.738607168197631836e-01
3.831747174263000488e-01
3.906114995479583740e-01
3.975079655647277832e-01
4.109042286872863770e-01
4.198225736618041992e-01
4.287407100200653076e-01
4.358251690864562988e-01
4.325827956199645996e-01
4.257241487503051758e-01
4.197070598602294922e-01
4.198301434516906738e-01
4.199535250663757324e-01
4.200772047042846680e-01
4.202005267143249512e-01
4.222447872161865234e-01
4.289061129093170166e-01
4.384699165821075439e-01
4.541385173797607422e-01
4.692819118499755859e-01
4.842721819877624512e-01
4.992629885673522949e-01
5.097735524177551270e-01
5.179426670074462891e-01
5.226136445999145508e-01
5.242860913276672363e-01
5.237383246421813965e-01
5.152092576026916504e-01
5.015878081321716309e-01
4.896208643913269043e-01
4.809476733207702637e-01
4.718374609947204590e-01
4.619284570217132568e-01
4.516382813453674316e-01
4.413478374481201172e-01
4.312520325183868408e-01
4.269471466541290283e-01
4.229782819747924805e-01
4.181075096130371094e-01
4.136349558830261230e-01
4.096277952194213867e-01
4.061587452888488770e-01
4.052070975303649902e-01
4.074911475181579590e-01
4.123884737491607666e-01
4.236404895782470703e-01
4.338806569576263428e-01
4.439082741737365723e-01
4.542960524559020996e-01
4.658634066581726074e-01
4.797855615615844727e-01
4.969870448112487793e-01
5.088059902191162109e-01
5.140858292579650879e-01
5.155950188636779785e-01
5.109862685203552246e-01
5.047902464866638184e-01
4.969426989555358887e-01
4.860412478446960449e-01
4.762468934059143066e-01
4.716703891754150391e-01
4.711421132087707520e-01
4.697788357734680176e-01
4.702104330062866211e-01
4.730554223060607910e-01
4.770289659500122070e-01
4.838660955429077148e-01
4.915279746055603027e-01
4.944255352020263672e-01
4.938830733299255371e-01
4.901002049446105957e-01
4.895052313804626465e-01
4.872487187385559082e-01
4.886447787284851074e-01
4.886074066162109375e-01
4.880204200744628906e-01
4.850508570671081543e-01
4.819256663322448730e-01
4.785041213035583496e-01
4.735104441642761230e-01
4.677265882492065430e-01
4.619690179824829102e-01
4.559895396232604980e-01
4.492666125297546387e-01
4.443932175636291504e-01
4.417467117309570312e-01
4.390999972820281982e-01
4.364535808563232422e-01
4.339635372161865234e-01
4.341588020324707031e-01
4.333365261554718018e-01
4.313293099403381348e-01
4.293226599693298340e-01
4.273152351379394531e-01
4.257998466491699219e-01
4.225939810276031494e-01
4.156879782676696777e-01
4.096639156341552734e-01
4.043520092964172363e-01
3.993969261646270752e-01
3.966293334960937500e-01
3.941762149333953857e-01
3.917655646800994873e-01
3.893721103668212891e-01
3.918724954128265381e-01
3.999606370925903320e-01
4.029543697834014893e-01
4.059988260269165039e-01
4.037263095378875732e-01
3.308251500129699707e-01
3.302522897720336914e-01
3.302294015884399414e-01
3.312179446220397949e-01
3.330314457416534424e-01
3.348450958728790283e-01
3.362228572368621826e-01
3.370632529258728027e-01
3.379037082195281982e-01
3.387468457221984863e-01
3.401155471801757812e-01
3.418723940849304199e-01
3.436294496059417725e-01
3.453867435455322266e-01
3.471438586711883545e-01
3.491831719875335693e-01
3.520887494087219238e-01
3.578453660011291504e-01
3.613238930702209473e-01
3.652377724647521973e-01
3.727578818798065186e-01
3.844162523746490479e-01
3.918531835079193115e-01
3.987038731575012207e-01
4.112094044685363770e-01
4.201278686523437500e-01
4.290460348129272461e-01
4.374658465385437012e-01
4.344390630722045898e-01
4.276417493820190430e-01
4.218592345714569092e-01
4.208003878593444824e-01
4.209235906600952148e-01
4.210467636585235596e-01
4.211702942848205566e-01
4.212936162948608398e-01
4.283526241779327393e-01
4.405181705951690674e-01
4.534569978713989258e-01
4.684475660324096680e-01
4.834378361701965332e-01
4.983926415443420410e-01
5.078564286231994629e-01
5.155382752418518066e-01
5.228545665740966797e-01
5.235788822174072266e-01
5.198252201080322266e-01
5.151658654212951660e-01
5.025050640106201172e-01
4.900808334350585938e-01
4.817001819610595703e-01
4.749131798744201660e-01
4.662143588066101074e-01
4.566142559051513672e-01
4.463238418102264404e-01
4.369335770606994629e-01
4.292198419570922852e-01
4.245642423629760742e-01
4.196695983409881592e-01
4.145857095718383789e-01
4.106694459915161133e-01
4.067695438861846924e-01
4.043129682540893555e-01
4.046986103057861328e-01
4.089991450309753418e-01
4.151604473590850830e-01
4.234489202499389648e-01
4.316360354423522949e-01
4.390027523040771484e-01
4.499735236167907715e-01
4.631911516189575195e-01
4.778127670288085938e-01
4.907402992248535156e-01
5.000925660133361816e-01
5.056262612342834473e-01
5.056076645851135254e-01
4.989436268806457520e-01
4.898583292961120605e-01
4.809703230857849121e-01
4.758506417274475098e-01
4.780091643333435059e-01
4.775306582450866699e-01
4.812517762184143066e-01
4.846811890602111816e-01
4.889425039291381836e-01
4.933497309684753418e-01
4.984276890754699707e-01
5.044690370559692383e-01
5.057396292686462402e-01
5.041950345039367676e-01
4.993938207626342773e-01
4.963517785072326660e-01
4.955615997314453125e-01
4.930302500724792480e-01
4.907392263412475586e-01
4.876952767372131348e-01
4.845855832099914551e-01
4.815365672111511230e-01
4.769247174263000488e-01
4.703449606895446777e-01
4.636483788490295410e-01
4.574379920959472656e-01
4.506251513957977295e-01
4.426128268241882324e-01
4.387924075126647949e-01
4.361227750778198242e-01
4.334764480590820312e-01
4.308298230171203613e-01
4.281832575798034668e-01
4.268561601638793945e-01
4.248491525650024414e-01
4.228421747684478760e-01
4.207331836223602295e-01
4.188491106033325195e-01
4.175112247467041016e-01
4.117178916931152344e-01
4.066374897956848145e-01
4.019643962383270264e-01
3.974848389625549316e-01
3.944026827812194824e-01
3.919495046138763428e-01
3.894965350627899170e-01
3.870889544486999512e-01
3.846952915191650391e-01
3.879617154598236084e-01
3.923049569129943848e-01
3.979185223579406738e-01
4.024586677551269531e-01
4.047561883926391602e-01
3.272369801998138428e-01
3.277657628059387207e-01
3.283107280731201172e-01
3.292237818241119385e-01
3.311155140399932861e-01
3.334931135177612305e-01
3.361283838748931885e-01
3.378854095935821533e-01
3.396424055099487305e-01
3.413992524147033691e-01
3.431563973426818848e-01
3.449133932590484619e-01
3.466704189777374268e-01
3.484278023242950439e-01
3.501848578453063965e-01
3.521305620670318604e-01
3.541310727596282959e-01
3.587971627712249756e-01
3.635713458061218262e-01
3.670501708984375000e-01
3.744204938411712646e-01
3.873597085475921631e-01
3.961104750633239746e-01
4.023804664611816406e-01
4.127756059169769287e-01
4.205193519592285156e-01
4.293509721755981445e-01
4.382694959640502930e-01
4.363448619842529297e-01
4.296588897705078125e-01
4.245930910110473633e-01
4.219686686992645264e-01
4.221417903900146484e-01
4.223147630691528320e-01
4.233361482620239258e-01
4.239947199821472168e-01
4.293156266212463379e-01
4.423908889293670654e-01
4.549547433853149414e-01
4.682089686393737793e-01
4.832487702369689941e-01
4.954193830490112305e-01
5.031507611274719238e-01
5.108820796012878418e-01
5.138865709304809570e-01
5.161329507827758789e-01
5.161536335945129395e-01
5.121710896492004395e-01
5.034480094909667969e-01
4.945580959320068359e-01
4.850365519523620605e-01
4.767708778381347656e-01
4.697774052619934082e-01
4.609782993793487549e-01
4.510001540184020996e-01
4.425264596939086914e-01
4.342856705188751221e-01
4.264686703681945801e-01
4.215617179870605469e-01
4.171048402786254883e-01
4.125994443893432617e-01
4.073491394519805908e-01
4.029241800308227539e-01
4.031718969345092773e-01
4.048059284687042236e-01
4.125431180000305176e-01
4.163556396961212158e-01
4.209117293357849121e-01
4.270616173744201660e-01
4.364581704139709473e-01
4.477155506610870361e-01
4.599564969539642334e-01
4.766417145729064941e-01
4.880124926567077637e-01
4.915180206298828125e-01
4.928169846534729004e-01
4.889571070671081543e-01
4.813886284828186035e-01
4.756160378456115723e-01
4.761343598365783691e-01
4.831045269966125488e-01
4.897573590278625488e-01
4.956114292144775391e-01
5.010889768600463867e-01
5.045857429504394531e-01
5.079279541969299316e-01
5.118740797042846680e-01
5.156390666961669922e-01
5.155171751976013184e-01
5.127214789390563965e-01
5.071253180503845215e-01
5.015231370925903320e-01
4.961332678794860840e-01
4.916842579841613770e-01
4.885819554328918457e-01
4.835063815116882324e-01
4.791550636291503906e-01
4.748039841651916504e-01
4.702230095863342285e-01
4.637916386127471924e-01
4.573113918304443359e-01
4.503850340843200684e-01
4.434584975242614746e-01
4.360194206237792969e-01
4.333340525627136230e-01
4.306489229202270508e-01
4.279101490974426270e-01
4.251170754432678223e-01
4.215402901172637939e-01
4.179915487766265869e-01
4.158770143985748291e-01
4.137620329856872559e-01
4.117558598518371582e-01
4.108768999576568604e-01
4.065545499324798584e-01
4.035290181636810303e-01
4.000522196292877197e-01
3.955726921558380127e-01
3.921756744384765625e-01
3.897227942943572998e-01
3.872698843479156494e-01
3.848168849945068359e-01
3.824123144149780273e-01
3.801313638687133789e-01
3.846938014030456543e-01
3.895214796066284180e-01
3.941491842269897461e-01
3.999177813529968262e-01
4.034253656864166260e-01
3.273359537124633789e-01
3.279118835926055908e-01
3.290920555591583252e-01
3.311330676078796387e-01
3.339135348796844482e-01
3.366932868957519531e-01
3.394734561443328857e-01
3.415264189243316650e-01
3.433328270912170410e-01
3.451398015022277832e-01
3.469463288784027100e-01
3.487530946731567383e-01
3.505597412586212158e-01
3.523667454719543457e-01
3.537735641002655029e-01
3.551610708236694336e-01
3.572041988372802734e-01
3.596832156181335449e-01
3.662381172180175781e-01
3.704935908317565918e-01
3.775818347930908203e-01
3.905765712261199951e-01
4.025934934616088867e-01
4.110521674156188965e-01
4.220751523971557617e-01
4.300657808780670166e-01
4.378145933151245117e-01
4.455633759498596191e-01
4.439702630043029785e-01
4.364991188049316406e-01
4.305083751678466797e-01
4.250503778457641602e-01
4.251185059547424316e-01
4.261131584644317627e-01
4.265016019344329834e-01
4.268903732299804688e-01
4.328659772872924805e-01
4.453592300415039062e-01
4.575788080692291260e-01
4.691807031631469727e-01
4.816736578941345215e-01
4.915612936019897461e-01
4.984857439994812012e-01
5.008323192596435547e-01
5.030787587165832520e-01
5.052110552787780762e-01
5.071275830268859863e-01
5.072388052940368652e-01
5.064830183982849121e-01
4.985984563827514648e-01
4.894959330558776855e-01
4.793961644172668457e-01
4.697653651237487793e-01
4.620596170425415039e-01
4.544670581817626953e-01
4.474129676818847656e-01
4.391206502914428711e-01
4.305773675441741943e-01
4.223877787590026855e-01
4.167867898941040039e-01
4.111981987953186035e-01
4.058683514595031738e-01
4.022719562053680420e-01
4.022254943847656250e-01
4.033969640731811523e-01
4.070947170257568359e-01
4.154092967510223389e-01
4.150775074958801270e-01
4.176813364028930664e-01
4.243833720684051514e-01
4.330453276634216309e-01
4.467793703079223633e-01
4.613133370876312256e-01
4.736010432243347168e-01
4.774378538131713867e-01
4.775527715682983398e-01
4.739932417869567871e-01
4.712974429130554199e-01
4.732605814933776855e-01
4.807895421981811523e-01
4.907290339469909668e-01
5.009272694587707520e-01
5.073260664939880371e-01
5.123293995857238770e-01
5.160437226295471191e-01
5.193449258804321289e-01
5.225041508674621582e-01
5.246608257293701172e-01
5.240952372550964355e-01
5.194422602653503418e-01
5.109337568283081055e-01
5.000942349433898926e-01
4.920740127563476562e-01
4.841727614402770996e-01
4.800530672073364258e-01
4.757019281387329102e-01
4.713506698608398438e-01
4.669997692108154297e-01
4.627125859260559082e-01
4.560944139957427979e-01
4.491625726222991943e-01
4.421283602714538574e-01
4.350943565368652344e-01
4.291982650756835938e-01
4.265386462211608887e-01
4.238781630992889404e-01
4.212174713611602783e-01
4.179480373859405518e-01
4.129686057567596436e-01
4.088276028633117676e-01
4.068065285682678223e-01
4.047597050666809082e-01
4.042198956012725830e-01
4.024234712123870850e-01
3.985916972160339355e-01
3.979439139366149902e-01
3.936606347560882568e-01
3.899488449096679688e-01
3.874956965446472168e-01
3.850430250167846680e-01
3.825898766517639160e-01
3.805089294910430908e-01
3.786791861057281494e-01
3.775089681148529053e-01
3.823366463184356689e-01
3.871646225452423096e-01
3.950201869010925293e-01
3.986401557922363281e-01
4.013775587081909180e-01
3.346668183803558350e-01
3.343424201011657715e-01
3.346852660179138184e-01
3.353833854198455811e-01
3.372273743152618408e-01
3.400521874427795410e-01
3.435285985469818115e-01
3.461598753929138184e-01
3.479667007923126221e-01
3.497733473777770996e-01
3.515800535678863525e-01
3.533864915370941162e-01
3.549007475376129150e-01
3.561937808990478516e-01
3.574869930744171143e-01
3.587809503078460693e-01
3.608239293098449707e-01
3.628671169281005859e-01
3.676206469535827637e-01
3.741753399372100830e-01
3.810911774635314941e-01
3.940861225128173828e-01
4.070802032947540283e-01
4.163372516632080078e-01
4.284734129905700684e-01
4.384871721267700195e-01
4.475042819976806641e-01
4.552532434463500977e-01
4.552110731601715088e-01
4.484682679176330566e-01
4.424774050712585449e-01
4.376255273818969727e-01
4.357128143310546875e-01
4.348823726177215576e-01
4.340517818927764893e-01
4.346493780612945557e-01
4.399443268775939941e-01
4.491795897483825684e-01
4.586840569972991943e-01
4.687907099723815918e-01
4.794167280197143555e-01
4.855313301086425781e-01
4.877780079841613770e-01
4.900239706039428711e-01
4.922090172767639160e-01
4.941255450248718262e-01
4.959884881973266602e-01
4.985232949256896973e-01
5.018134713172912598e-01
4.986204504966735840e-01
4.905525445938110352e-01
4.815484881401062012e-01
4.716035127639770508e-01
4.612949490547180176e-01
4.557322263717651367e-01
4.494087696075439453e-01
4.409916102886199951e-01
4.322301745414733887e-01
4.233238995075225830e-01
4.155904650688171387e-01
4.102938175201416016e-01
4.053619503974914551e-01
4.033513963222503662e-01
4.031484127044677734e-01
4.035328328609466553e-01
4.046595990657806396e-01
4.104310572147369385e-01
4.128173291683197021e-01
4.129576683044433594e-01
4.127032756805419922e-01
4.225497841835021973e-01
4.338852167129516602e-01
4.440585672855377197e-01
4.560201764106750488e-01
4.627533853054046631e-01
4.604555666446685791e-01
4.603979885578155518e-01
4.643284380435943604e-01
4.722606539726257324e-01
4.864525198936462402e-01
4.987880587577819824e-01
5.086395740509033203e-01
5.169101357460021973e-01
5.216973423957824707e-01
5.251970887184143066e-01
5.271454453468322754e-01
5.276720523834228516e-01
5.267828702926635742e-01
5.231344103813171387e-01
5.162987112998962402e-01
5.052025318145751953e-01
4.934142231941223145e-01
4.824886918067932129e-01
4.755251407623291016e-01
4.688554406166076660e-01
4.678329825401306152e-01
4.632851481437683105e-01
4.584645628929138184e-01
4.536433815956115723e-01
4.474546909332275391e-01
4.404205083847045898e-01
4.333865046501159668e-01
4.263521432876586914e-01
4.215927720069885254e-01
4.194107055664062500e-01
4.167500138282775879e-01
4.136555194854736328e-01
4.086763858795166016e-01
4.036971330642700195e-01
3.988963961601257324e-01
3.974672853946685791e-01
3.970191478729248047e-01
3.970460295677185059e-01
3.930453658103942871e-01
3.924911320209503174e-01
3.913266062736511230e-01
3.873937129974365234e-01
3.850345611572265625e-01
3.828520774841308594e-01
3.810902535915374756e-01
3.792091906070709229e-01
3.773279786109924316e-01
3.755016326904296875e-01
3.751520216464996338e-01
3.799796700477600098e-01
3.858197927474975586e-01
3.979704976081848145e-01
3.999983370304107666e-01
4.002017378807067871e-01
3.452274501323699951e-01
3.435748815536499023e-01
3.421684801578521729e-01
3.422270417213439941e-01
3.435539305210113525e-01
3.451479077339172363e-01
3.469912111759185791e-01
3.489693999290466309e-01
3.511325418949127197e-01
3.536997437477111816e-01
3.560282588005065918e-01
3.573212027549743652e-01
3.586141467094421387e-01
3.599072694778442383e-01
3.612001836299896240e-01
3.624928593635559082e-01
3.644432425498962402e-01
3.664862215518951416e-01
3.690031170845031738e-01
3.755575716495513916e-01
3.846002221107482910e-01
3.975949287414550781e-01
4.105895161628723145e-01
4.210188388824462891e-01
4.322639703750610352e-01
4.434856772422790527e-01
4.547073841094970703e-01
4.641166031360626221e-01
4.664514660835266113e-01
4.612741172313690186e-01
4.557030498981475830e-01
4.499279856681823730e-01
4.464006423950195312e-01
4.455704092979431152e-01
4.447396397590637207e-01
4.481034576892852783e-01
4.527379870414733887e-01
4.575147032737731934e-01
4.658637940883636475e-01
4.747511148452758789e-01
4.789552688598632812e-01
4.786356091499328613e-01
4.796629548072814941e-01
4.806813001632690430e-01
4.808154702186584473e-01
4.816064834594726562e-01
4.825375080108642578e-01
4.871554970741271973e-01
4.921833872795104980e-01
4.944087862968444824e-01
4.886959195137023926e-01
4.803311228752136230e-01
4.712840914726257324e-01
4.617979526519775391e-01
4.530041515827178955e-01
4.468231797218322754e-01
4.411294460296630859e-01
4.340516924858093262e-01
4.262580871582031250e-01
4.179729223251342773e-01
4.104821085929870605e-01
4.069436788558959961e-01
4.045535326004028320e-01
4.040715992450714111e-01
4.044558405876159668e-01
4.037327766418457031e-01
4.050650894641876221e-01
4.090492725372314453e-01
4.105200171470642090e-01
4.112101495265960693e-01
4.124746322631835938e-01
4.192606210708618164e-01
4.282356798648834229e-01
4.377830028533935547e-01
4.450166523456573486e-01
4.459492564201354980e-01
4.528436958789825439e-01
4.639610648155212402e-01
4.742617011070251465e-01
4.879614114761352539e-01
5.010491609573364258e-01
5.132866501808166504e-01
5.213177800178527832e-01
5.259804725646972656e-01
5.288504958152770996e-01
5.294489860534667969e-01
5.270617604255676270e-01
5.234173536300659180e-01
5.178331732749938965e-01
5.067365765571594238e-01
4.945986866950988770e-01
4.825191497802734375e-01
4.721056818962097168e-01
4.641867280006408691e-01
4.581442475318908691e-01
4.545818567276000977e-01
4.532289206981658936e-01
4.491427540779113770e-01
4.443638622760772705e-01
4.387125968933105469e-01
4.316787719726562500e-01
4.246445596218109131e-01
4.176102876663208008e-01
4.139875769615173340e-01
4.122815728187561035e-01
4.093635082244873047e-01
4.043841660022735596e-01
3.995069265365600586e-01
3.953602015972137451e-01
3.912131190299987793e-01
3.897030055522918701e-01
3.905089497566223145e-01
3.875688314437866211e-01
3.865544497966766357e-01
3.860001564025878906e-01
3.841675519943237305e-01
3.823187947273254395e-01
3.805316686630249023e-01
3.787442445755004883e-01
3.769566416740417480e-01
3.751689791679382324e-01
3.733816742897033691e-01
3.716630637645721436e-01
3.724188208580017090e-01
3.786255717277526855e-01
3.875234127044677734e-01
4.044469892978668213e-01
4.084164500236511230e-01
4.065927863121032715e-01
3.561358749866485596e-01
3.541356027126312256e-01
3.524824082851409912e-01
3.508293628692626953e-01
3.511982858180999756e-01
3.525258302688598633e-01
3.538523316383361816e-01
3.551801443099975586e-01
3.560005128383636475e-01
3.563572168350219727e-01
3.572680354118347168e-01
3.590971827507019043e-01
3.611507415771484375e-01
3.632046282291412354e-01
3.649132549762725830e-01
3.662061989307403564e-01
3.680624365806579590e-01
3.701057136058807373e-01
3.721491694450378418e-01
3.769399523735046387e-01
3.860629796981811523e-01
4.011041522026062012e-01
4.140986502170562744e-01
4.256995916366577148e-01
4.360541105270385742e-01
4.472761154174804688e-01
4.584980010986328125e-01
4.701226949691772461e-01
4.770410656929016113e-01
4.733975529670715332e-01
4.680058360099792480e-01
4.622307419776916504e-01
4.570887088775634766e-01
4.562581777572631836e-01
4.563312232494354248e-01
4.597967565059661865e-01
4.632233381271362305e-01
4.664257168769836426e-01
4.730419516563415527e-01
4.770504832267761230e-01
4.778063893318176270e-01
4.753204584121704102e-01
4.752822518348693848e-01
4.750227332115173340e-01
4.747165441513061523e-01
4.744099974632263184e-01
4.765622019767761230e-01
4.802452921867370605e-01
4.838515520095825195e-01
4.868063330650329590e-01
4.840068221092224121e-01
4.751776456832885742e-01
4.660430848598480225e-01
4.592436850070953369e-01
4.530593752861022949e-01
4.456812739372253418e-01
4.401647150516510010e-01
4.351667761802673340e-01
4.283263683319091797e-01
4.208421707153320312e-01
4.137354493141174316e-01
4.087445735931396484e-01
4.058101475238800049e-01
4.048897027969360352e-01
4.053792059421539307e-01
4.028799831867218018e-01
4.028388261795043945e-01
4.046308398246765137e-01
4.070617556571960449e-01
4.087843298912048340e-01
4.064297378063201904e-01
4.071791172027587891e-01
4.130274057388305664e-01
4.192444086074829102e-01
4.295614063739776611e-01
4.392164647579193115e-01
4.487903714179992676e-01
4.599481523036956787e-01
4.728626608848571777e-01
4.848734140396118164e-01
4.965022206306457520e-01
5.076701045036315918e-01
5.188374519348144531e-01
5.272378325462341309e-01
5.288099646568298340e-01
5.284562706947326660e-01
5.224015712738037109e-01
5.155376791954040527e-01
5.064378976821899414e-01
4.955257177352905273e-01
4.834460020065307617e-01
4.725746512413024902e-01
4.619644582271575928e-01
4.515909552574157715e-01
4.450987577438354492e-01
4.386945664882659912e-01
4.385642409324645996e-01
4.364435672760009766e-01
4.323577880859375000e-01
4.279794394969940186e-01
4.216800630092620850e-01
4.153810739517211914e-01
4.088683128356933594e-01
4.063819646835327148e-01
4.045927524566650391e-01
4.004760980606079102e-01
3.963289260864257812e-01
3.921822607517242432e-01
3.880353569984436035e-01
3.840470910072326660e-01
3.833722472190856934e-01
3.824322223663330078e-01
3.806175589561462402e-01
3.803577423095703125e-01
3.803755640983581543e-01
3.800198435783386230e-01
3.782324194908142090e-01
3.764450550079345703e-01
3.746792078018188477e-01
3.731194734573364258e-01
3.716264367103576660e-01
3.703926801681518555e-01
3.710090816020965576e-01
3.763475716114044189e-01
3.852231502532958984e-01
3.971284627914428711e-01
4.141893982887268066e-01
4.208793640136718750e-01
4.195495843887329102e-01
3.667218089103698730e-01
3.656474351882934570e-01
3.633143901824951172e-01
3.613905608654022217e-01
3.607605695724487305e-01
3.603762984275817871e-01
3.614976108074188232e-01
3.623403012752532959e-01
3.628181517124176025e-01
3.626580536365509033e-01
3.624979555606842041e-01
3.625682592391967773e-01
3.629248738288879395e-01
3.642101287841796875e-01
3.662200272083282471e-01
3.682738542556762695e-01
3.707965314388275146e-01
3.736002445220947266e-01
3.757683336734771729e-01
3.783224821090698242e-01
3.871140778064727783e-01
4.031355977058410645e-01
4.176076650619506836e-01
4.297414422035217285e-01
4.398449063301086426e-01
4.510664045810699463e-01
4.633499979972839355e-01
4.747872352600097656e-01
4.824759364128112793e-01
4.822174906730651855e-01
4.788984656333923340e-01
4.745336174964904785e-01
4.687581658363342285e-01
4.659530222415924072e-01
4.668556451797485352e-01
4.702822566032409668e-01
4.736098647117614746e-01
4.748762249946594238e-01
4.741471409797668457e-01
4.761947989463806152e-01
4.743459224700927734e-01
4.713500142097473145e-01
4.690787196159362793e-01
4.687725901603698730e-01
4.684661030769348145e-01
4.692537188529968262e-01
4.720712304115295410e-01
4.747228026390075684e-01
4.775145053863525391e-01
4.803063273429870605e-01
4.812425971031188965e-01
4.771600365638732910e-01
4.684865474700927734e-01
4.611815214157104492e-01
4.538763761520385742e-01
4.472916126251220703e-01
4.395564496517181396e-01
4.341422319412231445e-01
4.289472699165344238e-01
4.226013720035552979e-01
4.176684916019439697e-01
4.126704335212707520e-01
4.076800942420959473e-01
4.051479697227478027e-01
4.056924581527709961e-01
4.047337472438812256e-01
4.010458886623382568e-01
4.018091559410095215e-01
4.037673473358154297e-01
4.020951092243194580e-01
4.000315666198730469e-01
4.000023901462554932e-01
4.008209705352783203e-01
4.042715132236480713e-01
4.170063138008117676e-01
4.309431612491607666e-01
4.417557120323181152e-01
4.521411359310150146e-01
4.672095477581024170e-01
4.791418313980102539e-01
4.902018308639526367e-01
4.997134804725646973e-01
5.091115832328796387e-01
5.183638930320739746e-01
5.242899060249328613e-01
5.221855044364929199e-01
5.144563317298889160e-01
5.032709836959838867e-01
4.952442646026611328e-01
4.845343232154846191e-01
4.737402200698852539e-01
4.624238610267639160e-01
4.507727622985839844e-01
4.403881132602691650e-01
4.322951436042785645e-01
4.258908033370971680e-01
4.220518469810485840e-01
4.225464463233947754e-01
4.196587502956390381e-01
4.155725240707397461e-01
4.095186591148376465e-01
4.032193422317504883e-01
3.972764909267425537e-01
3.969715833663940430e-01
3.946061432361602783e-01
3.921489119529724121e-01
3.887382149696350098e-01
3.848575353622436523e-01
3.807473182678222656e-01
3.780559301376342773e-01
3.762976825237274170e-01
3.755033314228057861e-01
3.757488727569580078e-01
3.761295080184936523e-01
3.782343566417694092e-01
3.777998089790344238e-01
3.765642046928405762e-01
3.753287196159362793e-01
3.740927278995513916e-01
3.739972114562988281e-01
3.753512501716613770e-01
3.775786161422729492e-01
3.802140057086944580e-01
3.867825269699096680e-01
3.960668444633483887e-01
4.090155065059661865e-01
4.259040653705596924e-01
4.364131987094879150e-01
4.364731907844543457e-01
3.756402134895324707e-01
3.752922415733337402e-01
3.742837011814117432e-01
3.728259801864624023e-01
3.713930547237396240e-01
3.704372644424438477e-01
3.695391714572906494e-01
3.690647482872009277e-01
3.698784708976745605e-01
3.697237074375152588e-01
3.695634007453918457e-01
3.694036602973937988e-01
3.692433238029479980e-01
3.690837621688842773e-01
3.691357970237731934e-01
3.696199357509613037e-01
3.716648519039154053e-01
3.744685053825378418e-01
3.772724866867065430e-01
3.800763785839080811e-01
3.875715732574462891e-01
4.041873812675476074e-01
4.202082157135009766e-01
4.332050979137420654e-01
4.444610476493835449e-01
4.560365676879882812e-01
4.674737453460693359e-01
4.789115190505981445e-01
4.874822497367858887e-01
4.886205792427062988e-01
4.863184094429016113e-01
4.838367104530334473e-01
4.779993891716003418e-01
4.740055203437805176e-01
4.773406982421875000e-01
4.802289605140686035e-01
4.799493551254272461e-01
4.758099317550659180e-01
4.732715487480163574e-01
4.732354283332824707e-01
4.702396392822265625e-01
4.670626819133758545e-01
4.637084305286407471e-01
4.621198773384094238e-01
4.607915282249450684e-01
4.631666541099548340e-01
4.659583270549774170e-01
4.687502384185791016e-01
4.715422391891479492e-01
4.743342995643615723e-01
4.771261811256408691e-01
4.754776358604431152e-01
4.720725417137145996e-01
4.660447239875793457e-01
4.593092799186706543e-01
4.527334570884704590e-01
4.461574852466583252e-01
4.384293556213378906e-01
4.326516687870025635e-01
4.293224811553955078e-01
4.249587357044219971e-01
4.190215766429901123e-01
4.132925868034362793e-01
4.076558649539947510e-01
4.090454578399658203e-01
4.046674072742462158e-01
3.999134302139282227e-01
3.986771702766418457e-01
3.966163098812103271e-01
3.931474387645721436e-01
3.901589512825012207e-01
3.903866410255432129e-01
3.922899365425109863e-01
3.967020511627197266e-01
4.047743976116180420e-01
4.210527539253234863e-01
4.339839220046997070e-01
4.439457952976226807e-01
4.584481716156005859e-01
4.708350300788879395e-01
4.802330732345581055e-01
4.896309971809387207e-01
4.965766072273254395e-01
5.029134154319763184e-01
5.092503428459167480e-01
5.101991295814514160e-01
5.040044188499450684e-01
4.927600026130676270e-01
4.850001931190490723e-01
4.742646217346191406e-01
4.624866247177124023e-01
4.514234662055969238e-01
4.402131438255310059e-01
4.293703138828277588e-01
4.194914102554321289e-01
4.130869507789611816e-01
4.066826403141021729e-01
4.060341119766235352e-01
4.065289497375488281e-01
4.028732180595397949e-01
3.974727690219879150e-01
3.920059502124786377e-01
3.880318999290466309e-01
3.859374523162841797e-01
3.837078213691711426e-01
3.814787268638610840e-01
3.789762556552886963e-01
3.761160969734191895e-01
3.746790289878845215e-01
3.746066689491271973e-01
3.727692365646362305e-01
3.740688562393188477e-01
3.746495246887207031e-01
3.766081035137176514e-01
3.796083629131317139e-01
3.787822127342224121e-01
3.789793848991394043e-01
3.803103566169738770e-01
3.816725015640258789e-01
3.830355405807495117e-01
3.856112360954284668e-01
3.881947994232177734e-01
3.908376991748809814e-01
3.993428945541381836e-01
4.098026752471923828e-01
4.255868792533874512e-01
4.443506598472595215e-01
4.586007297039031982e-01
4.593874514102935791e-01
3.810284435749053955e-01
3.827219605445861816e-01
3.832865357398986816e-01
3.825845122337341309e-01
3.818397521972656250e-01
3.807530403137207031e-01
3.791751265525817871e-01
3.781586587429046631e-01
3.772611021995544434e-01
3.767892122268676758e-01
3.766292035579681396e-01
3.764692842960357666e-01
3.763092458248138428e-01
3.761492967605590820e-01
3.759891092777252197e-01
3.758294284343719482e-01
3.759512901306152344e-01
3.767350316047668457e-01
3.783441781997680664e-01
3.809443712234497070e-01
3.858715295791625977e-01
4.026533067226409912e-01
4.198264479637145996e-01
4.363466203212738037e-01
4.484196901321411133e-01
4.601603150367736816e-01
4.715976715087890625e-01
4.830351471900939941e-01
4.924883246421813965e-01
4.950245022773742676e-01
4.914419651031494141e-01
4.872255921363830566e-01
4.827217459678649902e-01
4.812052845954895020e-01
4.845486283302307129e-01
4.840319752693176270e-01
4.801831245422363281e-01
4.760437607765197754e-01
4.722749590873718262e-01
4.697958827018737793e-01
4.661990702152252197e-01
4.618512094020843506e-01
4.575032293796539307e-01
4.533995985984802246e-01
4.545118808746337891e-01
4.571945071220397949e-01
4.599860310554504395e-01
4.627782404422760010e-01
4.655697941780090332e-01
4.683616757392883301e-01
4.711537957191467285e-01
4.720594286918640137e-01
4.731079339981079102e-01
4.697243571281433105e-01
4.647511541843414307e-01
4.581753611564636230e-01
4.515991806983947754e-01
4.450233876705169678e-01
4.378035068511962891e-01
4.342916905879974365e-01
4.320045709609985352e-01
4.292267560958862305e-01
4.255068302154541016e-01
4.228806197643280029e-01
4.157299697399139404e-01
4.061970412731170654e-01
4.000636041164398193e-01
3.943313360214233398e-01
3.885152041912078857e-01
3.869146108627319336e-01
3.837842047214508057e-01
3.796389102935791016e-01
3.832410275936126709e-01
3.911572694778442383e-01
4.000597298145294189e-01
4.106782376766204834e-01
4.239256381988525391e-01
4.351001679897308350e-01
4.468876123428344727e-01
4.591201245784759521e-01
4.678663015365600586e-01
4.742030501365661621e-01
4.805399179458618164e-01
4.868767857551574707e-01
4.927911162376403809e-01
4.915992617607116699e-01
4.881277680397033691e-01
4.812763333320617676e-01
4.748768806457519531e-01
4.631445407867431641e-01
4.519630670547485352e-01
4.407818913459777832e-01
4.296000003814697266e-01
4.184436798095703125e-01
4.081883728504180908e-01
4.003018736839294434e-01
3.941254317760467529e-01
3.899964094161987305e-01
3.911164999008178711e-01
3.926061391830444336e-01
3.890116214752197266e-01
3.840965032577514648e-01
3.799342513084411621e-01
3.780286610126495361e-01
3.761232495307922363e-01
3.744348883628845215e-01
3.731010258197784424e-01
3.716454505920410156e-01
3.720253109931945801e-01
3.715534508228302002e-01
3.705312907695770264e-01
3.717206120491027832e-01
3.743403553962707520e-01
3.789884448051452637e-01
3.840436339378356934e-01
3.861410319805145264e-01
3.879936337471008301e-01
3.893559873104095459e-01
3.910798430442810059e-01
3.954479992389678955e-01
3.999448418617248535e-01
4.044538438320159912e-01
4.090107381343841553e-01
4.188487827777862549e-01
4.281912446022033691e-01
4.455448389053344727e-01
4.636458158493041992e-01
4.784976840019226074e-01
4.775552153587341309e-01
3.856151700019836426e-01
3.879639506340026855e-01
3.891272544860839844e-01
3.891783356666564941e-01
3.898838162422180176e-01
3.901221156120300293e-01
3.898677229881286621e-01
3.883984982967376709e-01
3.868206143379211426e-01
3.855950236320495605e-01
3.837235569953918457e-01
3.835351467132568359e-01
3.833754062652587891e-01
3.832152783870697021e-01
3.830551207065582275e-01
3.828950822353363037e-01
3.829231858253479004e-01
3.835131525993347168e-01
3.841035366058349609e-01
3.846936225891113281e-01
3.867036104202270508e-01
4.019613564014434814e-01
4.189352989196777344e-01
4.349347949028015137e-01
4.487542808055877686e-01
4.619903564453125000e-01
4.741880893707275391e-01
4.866341948509216309e-01
4.969585537910461426e-01
4.987806677818298340e-01
4.936841130256652832e-01
4.884641766548156738e-01
4.831047654151916504e-01
4.830207824707031250e-01
4.834725260734558105e-01
4.832795262336730957e-01
4.809820652008056641e-01
4.770682454109191895e-01
4.719066619873046875e-01
4.656072258949279785e-01
4.593454003334045410e-01
4.549977183341979980e-01
4.506498575210571289e-01
4.474965631961822510e-01
4.484301805496215820e-01
4.512218832969665527e-01
4.540139138698577881e-01
4.568057060241699219e-01
4.595976769924163818e-01
4.623897075653076172e-01
4.651813507080078125e-01
4.695634245872497559e-01
4.709642529487609863e-01
4.713216423988342285e-01
4.682651162147521973e-01
4.636169672012329102e-01
4.570413231849670410e-01
4.502625763416290283e-01
4.452266097068786621e-01
4.392603039741516113e-01
4.346012771129608154e-01
4.342707097530364990e-01
4.341855347156524658e-01
4.303238689899444580e-01
4.217794835567474365e-01
4.094388186931610107e-01
4.004555940628051758e-01
3.925411403179168701e-01
3.903734087944030762e-01
3.882322907447814941e-01
3.832786381244659424e-01
3.774453401565551758e-01
3.786675035953521729e-01
3.864129483699798584e-01
3.973443210124969482e-01
4.052685201168060303e-01
4.124864637851715088e-01
4.244954586029052734e-01
4.342536330223083496e-01
4.429798722267150879e-01
4.515458643436431885e-01
4.581665396690368652e-01
4.645031690597534180e-01
4.699704051017761230e-01
4.716700315475463867e-01
4.722712039947509766e-01
4.712636470794677734e-01
4.645718038082122803e-01
4.596069753170013428e-01
4.528680443763732910e-01
4.422626495361328125e-01
4.313256144523620605e-01
4.206957221031188965e-01
4.100661277770996094e-01
3.999329209327697754e-01
3.905850648880004883e-01
3.853824734687805176e-01
3.803621232509613037e-01
3.805799484252929688e-01
3.824587464332580566e-01
3.829891085624694824e-01
3.767816424369812012e-01
3.737242221832275391e-01
3.727996945381164551e-01
3.718754351139068604e-01
3.709511756896972656e-01
3.702351450920104980e-01
3.708699345588684082e-01
3.705643415451049805e-01
3.707977235317230225e-01
3.703445792198181152e-01
3.735014498233795166e-01
3.794302940368652344e-01
3.854368329048156738e-01
3.903838098049163818e-01
3.943061530590057373e-01
3.983248174190521240e-01
4.030523896217346191e-01
4.082843661308288574e-01
4.135164320468902588e-01
4.187485575675964355e-01
4.233331084251403809e-01
4.272007942199707031e-01
4.349289536476135254e-01
4.432692527770996094e-01
4.603809118270874023e-01
4.773284792900085449e-01
4.923323392868041992e-01
4.916283488273620605e-01
3.887948095798492432e-01
3.916305303573608398e-01
3.936280608177185059e-01
3.947748541831970215e-01
3.953580260276794434e-01
3.966775238513946533e-01
3.979967534542083740e-01
3.981508612632751465e-01
3.976218104362487793e-01
3.960439562797546387e-01
3.935824334621429443e-01
3.917108774185180664e-01
3.904405534267425537e-01
3.902805149555206299e-01
3.901206851005554199e-01
3.899610936641693115e-01
3.898952901363372803e-01
3.904849290847778320e-01
3.910756409168243408e-01
3.924797177314758301e-01
3.942717015743255615e-01
4.051297008991241455e-01
4.199135303497314453e-01
4.338869452476501465e-01
4.466806054115295410e-01
4.633060395717620850e-01
4.752448201179504395e-01
4.860139489173889160e-01
4.940314292907714844e-01
4.969972968101501465e-01
4.928731322288513184e-01
4.881965517997741699e-01
4.854316115379333496e-01
4.812707304954528809e-01
4.794961214065551758e-01
4.785295128822326660e-01
4.768407940864562988e-01
4.737226366996765137e-01
4.696477055549621582e-01
4.602626562118530273e-01
4.528651535511016846e-01
4.481442570686340332e-01
4.437963366508483887e-01
4.431556165218353271e-01
4.429282844066619873e-01
4.452496469020843506e-01
4.480414688587188721e-01
4.508333802223205566e-01
4.536253809928894043e-01
4.564173221588134766e-01
4.594756364822387695e-01
4.653889536857604980e-01
4.690467119216918945e-01
4.704332947731018066e-01
4.688492417335510254e-01
4.648962020874023438e-01
4.595658779144287109e-01
4.531026482582092285e-01
4.480064511299133301e-01
4.434005916118621826e-01
4.409537911415100098e-01
4.392175376415252686e-01
4.368354082107543945e-01
4.328147470951080322e-01
4.236222803592681885e-01
4.125228226184844971e-01
4.012942016124725342e-01
3.955932557582855225e-01
3.934119939804077148e-01
3.884333968162536621e-01
3.840066492557525635e-01
3.776316940784454346e-01
3.769195079803466797e-01
3.849470615386962891e-01
3.944840729236602783e-01
4.033041000366210938e-01
4.114308059215545654e-01
4.203066825866699219e-01
4.233381152153015137e-01
4.308449923992156982e-01
4.382815659046173096e-01
4.447709619998931885e-01
4.483342170715332031e-01
4.514811635017395020e-01
4.528264701366424561e-01
4.541377723217010498e-01
4.539543092250823975e-01
4.511431455612182617e-01
4.457437396049499512e-01
4.393283724784851074e-01
4.329130053520202637e-01
4.250808358192443848e-01
4.144512414932250977e-01
4.039506912231445312e-01
3.944783210754394531e-01
3.861365914344787598e-01
3.802415430545806885e-01
3.753249347209930420e-01
3.720200359821319580e-01
3.743081092834472656e-01
3.754259347915649414e-01
3.720645308494567871e-01
3.707149624824523926e-01
3.697903752326965332e-01
3.688660562038421631e-01
3.680285215377807617e-01
3.687584102153778076e-01
3.707681298255920410e-01
3.739535212516784668e-01
3.752644360065460205e-01
3.774530887603759766e-01
3.832129836082458496e-01
3.910633921623229980e-01
3.989139199256896973e-01
4.043394327163696289e-01
4.083580970764160156e-01
4.134396016597747803e-01
4.184802472591400146e-01
4.229530096054077148e-01
4.267509579658508301e-01
4.305469393730163574e-01
4.339808225631713867e-01
4.366445839405059814e-01
4.449056088924407959e-01
4.551006257534027100e-01
4.714240431785583496e-01
4.853876233100891113e-01
4.974825978279113770e-01
4.959508180618286133e-01
3.913868665695190430e-01
3.944348990917205811e-01
3.972943425178527832e-01
3.992920517921447754e-01
4.008323252201080322e-01
4.021514654159545898e-01
4.034708738327026367e-01
4.047903418540954590e-01
4.061099886894226074e-01
4.061795771121978760e-01
4.046899676322937012e-01
4.021387100219726562e-01
3.996985554695129395e-01
3.978272676467895508e-01
3.971865177154541016e-01
3.970267772674560547e-01
3.968667685985565186e-01
3.978374600410461426e-01
3.990516960620880127e-01
3.998574614524841309e-01
4.012461602687835693e-01
4.115180373191833496e-01
4.245439767837524414e-01
4.379790723323822021e-01
4.473603963851928711e-01
4.618678390979766846e-01
4.714031815528869629e-01
4.823843240737915039e-01
4.908397793769836426e-01
4.942939877510070801e-01
4.911028146743774414e-01
4.849652647972106934e-01
4.795507788658142090e-01
4.747557044029235840e-01
4.707944989204406738e-01
4.702032208442687988e-01
4.687055349349975586e-01
4.670168757438659668e-01
4.635341763496398926e-01
4.542502462863922119e-01
4.474864602088928223e-01
4.412909448146820068e-01
4.393659532070159912e-01
4.390502274036407471e-01
4.388226866722106934e-01
4.392773509025573730e-01
4.420695304870605469e-01
4.448612630367279053e-01
4.474101364612579346e-01
4.496966600418090820e-01
4.534530043601989746e-01
4.589245319366455078e-01
4.636405110359191895e-01
4.644821286201477051e-01
4.648340642452239990e-01
4.618200063705444336e-01
4.579074680805206299e-01
4.551774561405181885e-01
4.519325494766235352e-01
4.503630101680755615e-01
4.487934112548828125e-01
4.444274604320526123e-01
4.383009076118469238e-01
4.336359500885009766e-01
4.228957891464233398e-01
4.133833944797515869e-01
4.042771458625793457e-01
3.983851969242095947e-01
3.939460515975952148e-01
3.862645030021667480e-01
3.826864659786224365e-01
3.790584206581115723e-01
3.758245110511779785e-01
3.815014660358428955e-01
3.895889520645141602e-01
3.966974318027496338e-01
4.066778421401977539e-01
4.172865748405456543e-01
4.238729476928710938e-01
4.258052408695220947e-01
4.326356649398803711e-01
4.384584128856658936e-01
4.407566785812377930e-01
4.431144297122955322e-01
4.432200193405151367e-01
4.436051845550537109e-01
4.421806335449218750e-01
4.403389096260070801e-01
4.344561398029327393e-01
4.276960790157318115e-01
4.214643239974975586e-01
4.156920313835144043e-01
4.105184376239776611e-01
4.021625518798828125e-01
3.927745819091796875e-01
3.840122818946838379e-01
3.763311505317687988e-01
3.718888759613037109e-01
3.678417205810546875e-01
3.668050765991210938e-01
3.669806122779846191e-01
3.666884899139404297e-01
3.677051067352294922e-01
3.670003414154052734e-01
3.668564260005950928e-01
3.700492680072784424e-01
3.745404183864593506e-01
3.810763359069824219e-01
3.851857781410217285e-01
3.880515694618225098e-01
3.929058313369750977e-01
3.980716764926910400e-01
4.059222340583801270e-01
4.135525822639465332e-01
4.175675809383392334e-01
4.213652908802032471e-01
4.249950647354125977e-01
4.284109473228454590e-01
4.318267703056335449e-01
4.352427721023559570e-01
4.382663965225219727e-01
4.396588206291198730e-01
4.416008293628692627e-01
4.486910402774810791e-01
4.571726024150848389e-01
4.700018167495727539e-01
4.828314185142517090e-01
4.940389990806579590e-01
4.941569566726684570e-01
3.939788639545440674e-01
3.970267772674560547e-01
4.000746905803680420e-01
4.029580950736999512e-01
4.052425026893615723e-01
4.076259136199951172e-01
4.089447259902954102e-01
4.102647304534912109e-01
4.115843772888183594e-01
4.129038751125335693e-01
4.139877557754516602e-01
4.129986464977264404e-01
4.107294976711273193e-01
4.081784486770629883e-01
4.058146476745605469e-01
4.040923118591308594e-01
4.048395156860351562e-01
4.055517017841339111e-01
4.063572287559509277e-01
4.070059657096862793e-01
4.078046977519989014e-01
4.175079166889190674e-01
4.273998737335205078e-01
4.403617084026336670e-01
4.470392763614654541e-01
4.607601463794708252e-01
4.726639986038208008e-01
4.834417700767517090e-01
4.892845749855041504e-01
4.899668693542480469e-01
4.843795895576477051e-01
4.754183292388916016e-01
4.706227183341979980e-01
4.658278822898864746e-01
4.610253572463989258e-01
4.593169093132019043e-01
4.583891034126281738e-01
4.572129547595977783e-01
4.528898596763610840e-01
4.461377561092376709e-01
4.404475986957550049e-01
4.357293248176574707e-01
4.351723194122314453e-01
4.349339306354522705e-01
4.342016279697418213e-01
4.334073662757873535e-01
4.340326189994812012e-01
4.358040094375610352e-01
4.375756382942199707e-01
4.394049644470214844e-01
4.447258114814758301e-01
4.502303004264831543e-01
4.557347595691680908e-01
4.578667283058166504e-01
4.587081074714660645e-01
4.576397836208343506e-01
4.563010334968566895e-01
4.575600922107696533e-01
4.585143327713012695e-01
4.573253095149993896e-01
4.539074599742889404e-01
4.487036168575286865e-01
4.431782066822052002e-01
4.348846673965454102e-01
4.231965839862823486e-01
4.140055179595947266e-01
4.067628085613250732e-01
3.995286524295806885e-01
3.884023129940032959e-01
3.826630413532257080e-01
3.812930881977081299e-01
3.799670934677124023e-01
3.780437409877777100e-01
3.778235912322998047e-01
3.846213519573211670e-01
3.920623064041137695e-01
4.030776023864746094e-01
4.153102338314056396e-01
4.258363246917724609e-01
4.291184544563293457e-01
4.284829199314117432e-01
4.299953877925872803e-01
4.359355568885803223e-01
4.377411007881164551e-01
4.375774860382080078e-01
4.384303689002990723e-01
4.369443058967590332e-01
4.354583323001861572e-01
4.318847060203552246e-01
4.254402816295623779e-01
4.190474748611450195e-01
4.126547574996948242e-01
4.062620699405670166e-01
3.998692035675048828e-01
3.927430808544158936e-01
3.830030560493469238e-01
3.749151229858398438e-01
3.696427643299102783e-01
3.645809590816497803e-01
3.594857752323150635e-01
3.604953885078430176e-01
3.629828095436096191e-01
3.692365884780883789e-01
3.731650114059448242e-01
3.770870566368103027e-01
3.825320005416870117e-01
3.892450332641601562e-01
3.952312171459197998e-01
3.990516066551208496e-01
4.033439755439758301e-01
4.073808193206787109e-01
4.108389616012573242e-01
4.164744615554809570e-01
4.228593409061431885e-01
4.262752830982208252e-01
4.296908378601074219e-01
4.325268864631652832e-01
4.348865747451782227e-01
4.372460544109344482e-01
4.396054744720458984e-01
4.413659870624542236e-01
4.403817057609558105e-01
4.408467411994934082e-01
4.449036717414855957e-01
4.524965882301330566e-01
4.636767506599426270e-01
4.745734333992004395e-01
4.853619337081909180e-01
4.884343743324279785e-01
3.975956439971923828e-01
4.005922675132751465e-01
4.035892188549041748e-01
4.065857529640197754e-01
4.096057713031768799e-01
4.128209352493286133e-01
4.151358008384704590e-01
4.164034724235534668e-01
4.176714122295379639e-01
4.189402461051940918e-01
4.202077686786651611e-01
4.206080436706542969e-01
4.209025502204895020e-01
4.196768701076507568e-01
4.178771972656250000e-01
4.154967665672302246e-01
4.131664037704467773e-01
4.125412106513977051e-01
4.128310382366180420e-01
4.129127264022827148e-01
4.130401611328125000e-01
4.226023554801940918e-01
4.312027096748352051e-01
4.406476616859436035e-01
4.463745653629302979e-01
4.600952267646789551e-01
4.728921651840209961e-01
4.835833907127380371e-01
4.883053898811340332e-01
4.843228459358215332e-01
4.755863547325134277e-01
4.672561287879943848e-01
4.616950452327728271e-01
4.568999707698822021e-01
4.517539441585540771e-01
4.484306275844573975e-01
4.473075568675994873e-01
4.460492134094238281e-01
4.401251971721649170e-01
4.331760108470916748e-01
4.270372688770294189e-01
4.267995655536651611e-01
4.267652928829193115e-01
4.271385073661804199e-01
4.258903861045837402e-01
4.246424138545989990e-01
4.233943223953247070e-01
4.251339733600616455e-01
4.269051849842071533e-01
4.305268824100494385e-01
4.360312223434448242e-01
4.415360391139984131e-01
4.470404684543609619e-01
4.512511789798736572e-01
4.520926475524902344e-01
4.540613293647766113e-01
4.575996398925781250e-01
4.607025384902954102e-01
4.629454910755157471e-01
4.630444943904876709e-01
4.586169421672821045e-01
4.530389010906219482e-01
4.511005282402038574e-01
4.405695497989654541e-01
4.262150526046752930e-01
4.157141149044036865e-01
4.072194695472717285e-01
3.960799872875213623e-01
3.852074146270751953e-01
3.793283402919769287e-01
3.769501447677612305e-01
3.791116476058959961e-01
3.791456818580627441e-01
3.774117827415466309e-01
3.798165619373321533e-01
3.895334899425506592e-01
4.007003903388977051e-01
4.131050407886505127e-01
4.253382086753845215e-01
4.303704798221588135e-01
4.294729530811309814e-01
4.300347268581390381e-01
4.322564899921417236e-01
4.352641105651855469e-01
4.350124001502990723e-01
4.339944720268249512e-01
4.322063326835632324e-01
4.315525293350219727e-01
4.288019239902496338e-01
4.249031841754913330e-01
4.185104668140411377e-01
4.121178686618804932e-01
4.061427414417266846e-01
4.005439281463623047e-01
3.949450850486755371e-01
3.894273042678833008e-01
3.828304708003997803e-01
3.746566176414489746e-01
3.684656620025634766e-01
3.645361065864562988e-01
3.653002083301544189e-01
3.713284134864807129e-01
3.784272372722625732e-01
3.858811855316162109e-01
3.911359608173370361e-01
3.968951702117919922e-01
4.036198258399963379e-01
4.058879613876342773e-01
4.092509746551513672e-01
4.128057658672332764e-01
4.158818721771240234e-01
4.189577996730804443e-01
4.239688515663146973e-01
4.291471242904663086e-01
4.315066337585449219e-01
4.338659644126892090e-01
4.362252354621887207e-01
4.385848641395568848e-01
4.400494992733001709e-01
4.399014711380004883e-01
4.381004571914672852e-01
4.352196753025054932e-01
4.337220788002014160e-01
4.354811608791351318e-01
4.443187415599822998e-01
4.551070928573608398e-01
4.658958613872528076e-01
4.766843914985656738e-01
4.827118515968322754e-01
3.991962671279907227e-01
4.052350521087646484e-01
4.095249176025390625e-01
4.125217795372009277e-01
4.155601859092712402e-01
4.197087287902832031e-01
4.229237139225006104e-01
4.252224564552307129e-01
4.264902472496032715e-01
4.277586340904235840e-01
4.290265738964080811e-01
4.297677278518676758e-01
4.304311275482177734e-01
4.310275316238403320e-01
4.312782883644104004e-01
4.297557473182678223e-01
4.267673194408416748e-01
4.242181181907653809e-01
4.222912490367889404e-01
4.221115112304687500e-01
4.220077991485595703e-01
4.292735457420349121e-01
4.369492530822753906e-01
4.434804916381835938e-01
4.475432634353637695e-01
4.587225317955017090e-01
4.714067578315734863e-01
4.826660752296447754e-01
4.852867722511291504e-01
4.801669716835021973e-01
4.742578864097595215e-01
4.671751856803894043e-01
4.601143598556518555e-01
4.530542194843292236e-01
4.455733597278594971e-01
4.392337501049041748e-01
4.373120069503784180e-01
4.342033863067626953e-01
4.264787435531616211e-01
4.187546670436859131e-01
4.134353697299957275e-01
4.131155014038085938e-01
4.130662679672241211e-01
4.156929850578308105e-01
4.167844355106353760e-01
4.170549809932708740e-01
4.165161550045013428e-01
4.164157211780548096e-01
4.183798730373382568e-01
4.236956238746643066e-01
4.293763935565948486e-01
4.350574016571044922e-01
4.407388269901275635e-01
4.464197456836700439e-01
4.497791826725006104e-01
4.566204845905303955e-01
4.630943536758422852e-01
4.667836427688598633e-01
4.694874882698059082e-01
4.677049219608306885e-01
4.672668576240539551e-01
4.661459028720855713e-01
4.605602025985717773e-01
4.480407834053039551e-01
4.338187873363494873e-01
4.179370701313018799e-01
4.029818475246429443e-01
3.908567726612091064e-01
3.821420073509216309e-01
3.767313361167907715e-01
3.747009932994842529e-01
3.766356706619262695e-01
3.787299096584320068e-01
3.778433203697204590e-01
3.796713352203369141e-01
3.897434473037719727e-01
4.011539220809936523e-01
4.113967716693878174e-01
4.202413260936737061e-01
4.287772774696350098e-01
4.326187968254089355e-01
4.344246685504913330e-01
4.356065690517425537e-01
4.325210750102996826e-01
4.331850111484527588e-01
4.323310256004333496e-01
4.302128255367279053e-01
4.289226830005645752e-01
4.258919954299926758e-01
4.238276481628417969e-01
4.194834530353546143e-01
4.144422113895416260e-01
4.095890522003173828e-01
4.047364890575408936e-01
3.999015688896179199e-01
3.960478305816650391e-01
3.934646844863891602e-01
3.904313445091247559e-01
3.860563635826110840e-01
3.826186060905456543e-01
3.796741366386413574e-01
3.869513273239135742e-01
3.928323984146118164e-01
3.995437026023864746e-01
4.060474932193756104e-01
4.112592935562133789e-01
4.129881858825683594e-01
4.144514799118041992e-01
4.165030717849731445e-01
4.192108511924743652e-01
4.210781157016754150e-01
4.241695404052734375e-01
4.284740090370178223e-01
4.328456521034240723e-01
4.352051615715026855e-01
4.372790455818176270e-01
4.373414516448974609e-01
4.374034106731414795e-01
4.366155862808227539e-01
4.333451986312866211e-01
4.298944771289825439e-01
4.250571727752685547e-01
4.239459037780761719e-01
4.253131747245788574e-01
4.356411397457122803e-01
4.464299678802490234e-01
4.572181701660156250e-01
4.680069684982299805e-01
4.769831299781799316e-01
3.985388278961181641e-01
4.058450758457183838e-01
4.121063947677612305e-01
4.166532158851623535e-01
4.211984276771545410e-01
4.256389141082763672e-01
4.298117756843566895e-01
4.330262541770935059e-01
4.353089332580566406e-01
4.365289211273193359e-01
4.375377595424652100e-01
4.395371675491333008e-01
4.400281906127929688e-01
4.400563538074493408e-01
4.399355947971343994e-01
4.398154616355895996e-01
4.396691024303436279e-01
4.374935925006866455e-01
4.352259933948516846e-01
4.316301941871643066e-01
4.277387261390686035e-01
4.333609342575073242e-01
4.396415948867797852e-01
4.446378946304321289e-01
4.461878538131713867e-01
4.562837481498718262e-01
4.686744213104248047e-01
4.764419794082641602e-01
4.790118932723999023e-01
4.763453006744384766e-01
4.734387993812561035e-01
4.665177166461944580e-01
4.587620794773101807e-01
4.506815671920776367e-01
4.414725303649902344e-01
4.319850504398345947e-01
4.267616569995880127e-01
4.205347597599029541e-01
4.123606979846954346e-01
4.057949185371398926e-01
4.019986093044281006e-01
4.005145430564880371e-01
4.005290865898132324e-01
4.019755423069000244e-01
4.051378369331359863e-01
4.078569412231445312e-01
4.090149402618408203e-01
4.091640710830688477e-01
4.132050573825836182e-01
4.199703633785247803e-01
4.265231192111968994e-01
4.325282573699951172e-01
4.385329186916351318e-01
4.472428560256958008e-01
4.562807083129882812e-01
4.636491835117340088e-01
4.714845418930053711e-01
4.754763245582580566e-01
4.747321605682373047e-01
4.775268435478210449e-01
4.788625240325927734e-01
4.769274592399597168e-01
4.701899290084838867e-01
4.556028842926025391e-01
4.406844675540924072e-01
4.214530289173126221e-01
4.006578326225280762e-01
3.897414207458496094e-01
3.824685215950012207e-01
3.772734105587005615e-01
3.763941526412963867e-01
3.776314556598663330e-01
3.800503015518188477e-01
3.817706704139709473e-01
3.827171325683593750e-01
3.913176059722900391e-01
4.010013341903686523e-01
4.089512526988983154e-01
4.182989299297332764e-01
4.293256700038909912e-01
4.382324218750000000e-01
4.420151114463806152e-01
4.431765973567962646e-01
4.414108395576477051e-01
4.391416013240814209e-01
4.356465637683868408e-01
4.339872300624847412e-01
4.332039952278137207e-01
4.298940598964691162e-01
4.281123578548431396e-01
4.276952147483825684e-01
4.237594902515411377e-01
4.200450778007507324e-01
4.178653359413146973e-01
4.161031842231750488e-01
4.136900305747985840e-01
4.096090197563171387e-01
4.060782492160797119e-01
4.030123949050903320e-01
4.001057446002960205e-01
3.948000073432922363e-01
3.984512090682983398e-01
4.052901268005371094e-01
4.121713340282440186e-01
4.214468300342559814e-01
4.272850751876831055e-01
4.273257851600646973e-01
4.286635220050811768e-01
4.300011098384857178e-01
4.317442774772644043e-01
4.338190555572509766e-01
4.356861710548400879e-01
4.379996657371520996e-01
4.383215010166168213e-01
4.373151361942291260e-01
4.363745152950286865e-01
4.345308542251586914e-01
4.326872527599334717e-01
4.296934008598327637e-01
4.259891510009765625e-01
4.209879934787750244e-01
4.156672954559326172e-01
4.150028228759765625e-01
4.175639450550079346e-01
4.283011257648468018e-01
4.390380382537841797e-01
4.497752785682678223e-01
4.602084159851074219e-01
4.695267677307128906e-01
4.007314145565032959e-01
4.059637188911437988e-01
4.127217829227447510e-01
4.189788699150085449e-01
4.235244393348693848e-01
4.291355311870574951e-01
4.348524808883666992e-01
4.399304389953613281e-01
4.432313442230224609e-01
4.462109804153442383e-01
4.473308920860290527e-01
4.481840729713439941e-01
4.482188224792480469e-01
4.480986595153808594e-01
4.479781389236450195e-01
4.478573203086853027e-01
4.477366507053375244e-01
4.470494687557220459e-01
4.444431066513061523e-01
4.389389157295227051e-01
4.333617985248565674e-01
4.361794590950012207e-01
4.411397576332092285e-01
4.452421367168426514e-01
4.442865252494812012e-01
4.515974521636962891e-01
4.600901603698730469e-01
4.684628844261169434e-01
4.702504873275756836e-01
4.683955311775207520e-01
4.686579108238220215e-01
4.626649916172027588e-01
4.545844197273254395e-01
4.461614191532135010e-01
4.367612302303314209e-01
4.275012016296386719e-01
4.208913445472717285e-01
4.125007688999176025e-01
4.027907848358154297e-01
3.968067467212677002e-01
3.925511837005615234e-01
3.897673487663269043e-01
3.901695311069488525e-01
3.907056748867034912e-01
3.939168453216552734e-01
3.974023461341857910e-01
4.008882939815521240e-01
4.039992392063140869e-01
4.091855287551879883e-01
4.159508049488067627e-01
4.227163195610046387e-01
4.298078119754791260e-01
4.401001334190368652e-01
4.507416188716888428e-01
4.632574021816253662e-01
4.710891842842102051e-01
4.774734377861022949e-01
4.831305146217346191e-01
4.859816431999206543e-01
4.885630011558532715e-01
4.885954856872558594e-01
4.851699471473693848e-01
4.770577549934387207e-01
4.619876146316528320e-01
4.435593187808990479e-01
4.211722910404205322e-01
4.036650061607360840e-01
3.896029293537139893e-01
3.811263144016265869e-01
3.775147199630737305e-01
3.778060674667358398e-01
3.791481852531433105e-01
3.808061480522155762e-01
3.836773931980133057e-01
3.863596022129058838e-01
3.912932276725769043e-01
3.971512615680694580e-01
4.056604206562042236e-01
4.181058108806610107e-01
4.318131804466247559e-01
4.441179931163787842e-01
4.507148265838623047e-01
4.529801905155181885e-01
4.528511166572570801e-01
4.518135488033294678e-01
4.470017552375793457e-01
4.423805475234985352e-01
4.423652887344360352e-01
4.393680095672607422e-01
4.367292523384094238e-01
4.393855929374694824e-01
4.404198527336120605e-01
4.387789964675903320e-01
4.366542994976043701e-01
4.331340789794921875e-01
4.272370934486389160e-01
4.213398694992065430e-01
4.158684015274047852e-01
4.110173583030700684e-01
4.089027643203735352e-01
4.078212976455688477e-01
4.084061980247497559e-01
4.154883623123168945e-01
4.242911338806152344e-01
4.327286183834075928e-01
4.378851652145385742e-01
4.423020184040069580e-01
4.439069032669067383e-01
4.460040926933288574e-01
4.485549926757812500e-01
4.497435986995697021e-01
4.490437805652618408e-01
4.480073451995849609e-01
4.448899030685424805e-01
4.420325756072998047e-01
4.391748309135437012e-01
4.363170862197875977e-01
4.325546026229858398e-01
4.273476302623748779e-01
4.208810329437255859e-01
4.142688512802124023e-01
4.084148705005645752e-01
4.079295396804809570e-01
4.114715158939361572e-01
4.215030670166015625e-01
4.317204952239990234e-01
4.419341385364532471e-01
4.521306455135345459e-01
4.623339176177978516e-01
4.064689576625823975e-01
4.076176881790161133e-01
4.145933389663696289e-01
4.215767383575439453e-01
4.278488755226135254e-01
4.328593611717224121e-01
4.381071031093597412e-01
4.434859752655029297e-01
4.491182863712310791e-01
4.531974792480468750e-01
4.550319314002990723e-01
4.558851718902587891e-01
4.562608003616333008e-01
4.561406373977661133e-01
4.558059275150299072e-01
4.545518457889556885e-01
4.514215886592864990e-01
4.481421113014221191e-01
4.453552961349487305e-01
4.425678849220275879e-01
4.392868876457214355e-01
4.405560195446014404e-01
4.430570900440216064e-01
4.441664218902587891e-01
4.380444288253784180e-01
4.402040839195251465e-01
4.483793079853057861e-01
4.567716419696807861e-01
4.597210586071014404e-01
4.610111713409423828e-01
4.627947509288787842e-01
4.596372246742248535e-01
4.517843425273895264e-01
4.429684877395629883e-01
4.339480996131896973e-01
4.250119626522064209e-01
4.168295264244079590e-01
4.074434340000152588e-01
4.004445374011993408e-01
3.951334655284881592e-01
3.898678123950958252e-01
3.846015334129333496e-01
3.827961385250091553e-01
3.825384378433227539e-01
3.838885426521301270e-01
3.873743712902069092e-01
3.913811445236206055e-01
3.966342508792877197e-01
4.038530290126800537e-01
4.112710356712341309e-01
4.208711087703704834e-01
4.315727651119232178e-01
4.422741234302520752e-01
4.550347626209259033e-01
4.676733911037445068e-01
4.777304530143737793e-01
4.854680895805358887e-01
4.920907616615295410e-01
4.968368411064147949e-01
4.966908097267150879e-01
4.936324954032897949e-01
4.892986416816711426e-01
4.787594676017761230e-01
4.643339216709136963e-01
4.433505237102508545e-01
4.219304919242858887e-01
4.040297269821166992e-01
3.922904431819915771e-01
3.826484680175781250e-01
3.780674338340759277e-01
3.780474662780761719e-01
3.792189955711364746e-01
3.815063238143920898e-01
3.826459348201751709e-01
3.892390727996826172e-01
3.913804888725280762e-01
3.977349698543548584e-01
4.066611230373382568e-01
4.199756383895874023e-01
4.351875185966491699e-01
4.500753879547119141e-01
4.616218805313110352e-01
4.641293585300445557e-01
4.669787287712097168e-01
4.677805006504058838e-01
4.653223752975463867e-01
4.602427780628204346e-01
4.563749134540557861e-01
4.551495611667633057e-01
4.534239172935485840e-01
4.540929198265075684e-01
4.546424746513366699e-01
4.524105787277221680e-01
4.485311806201934814e-01
4.426340460777282715e-01
4.362755417823791504e-01
4.293218851089477539e-01
4.223685264587402344e-01
4.164281487464904785e-01
4.117453992366790771e-01
4.122832417488098145e-01
4.177228808403015137e-01
4.268082976341247559e-01
4.360670447349548340e-01
4.423093795776367188e-01
4.486225545406341553e-01
4.549359679222106934e-01
4.589456915855407715e-01
4.595944881439208984e-01
4.599405527114868164e-01
4.585449993610382080e-01
4.566734433174133301e-01
4.539155364036560059e-01
4.496028721332550049e-01
4.463789463043212891e-01
4.431555867195129395e-01
4.396348893642425537e-01
4.334880113601684570e-01
4.263560175895690918e-01
4.192243218421936035e-01
4.120523929595947266e-01
4.047648310661315918e-01
4.038023650646209717e-01
4.078375101089477539e-01
4.166378676891326904e-01
4.254170954227447510e-01
4.341958165168762207e-01
4.434349238872528076e-01
4.531434178352355957e-01
4.114303886890411377e-01
4.116668701171875000e-01
4.154155254364013672e-01
4.231586456298828125e-01
4.305537939071655273e-01
4.371230006217956543e-01
4.425118565559387207e-01
4.473630189895629883e-01
4.522143006324768066e-01
4.570454359054565430e-01
4.608466029167175293e-01
4.635715484619140625e-01
4.630203247070312500e-01
4.614454507827758789e-01
4.590202271938323975e-01
4.554832577705383301e-01
4.518136978149414062e-01
4.478646516799926758e-01
4.445724785327911377e-01
4.409007430076599121e-01
4.366534948348999023e-01
4.401382207870483398e-01
4.443954825401306152e-01
4.410514831542968750e-01
4.312882423400878906e-01
4.294882118701934814e-01
4.378474056720733643e-01
4.465479254722595215e-01
4.515359997749328613e-01
4.556807279586791992e-01
4.578495323657989502e-01
4.581055939197540283e-01
4.510180652141571045e-01
4.421666264533996582e-01
4.332304894924163818e-01
4.242945909500122070e-01
4.134755134582519531e-01
4.046511948108673096e-01
3.992139697074890137e-01
3.939480781555175781e-01
3.886824548244476318e-01
3.834164142608642578e-01
3.800907433032989502e-01
3.786887228488922119e-01
3.774541914463043213e-01
3.800231218338012695e-01
3.841305077075958252e-01
3.906860351562500000e-01
3.983143270015716553e-01
4.085653424263000488e-01
4.221806228160858154e-01
4.343867003917694092e-01
4.459708034992218018e-01
4.583114683628082275e-01
4.726236462593078613e-01
4.843302369117736816e-01
4.904041290283203125e-01
4.968009591102600098e-01
5.007318854331970215e-01
4.986981749534606934e-01
4.952679276466369629e-01
4.905608892440795898e-01
4.792345166206359863e-01
4.608115553855895996e-01
4.407045245170593262e-01
4.229263961315155029e-01
4.062137007713317871e-01
3.943943381309509277e-01
3.885359168052673340e-01
3.821558952331542969e-01
3.785104155540466309e-01
3.784346580505371094e-01
3.801301717758178711e-01
3.829313218593597412e-01
3.886848986148834229e-01
3.974826633930206299e-01
4.055401682853698730e-01
4.152478575706481934e-01
4.253538250923156738e-01
4.408853948116302490e-01
4.576225876808166504e-01
4.713438153266906738e-01
4.774491190910339355e-01
4.821238517761230469e-01
4.862036705017089844e-01
4.864801168441772461e-01
4.841718077659606934e-01
4.784414172172546387e-01
4.691740870475769043e-01
4.645613729953765869e-01
4.641755223274230957e-01
4.638628959655761719e-01
4.618332087993621826e-01
4.552692770957946777e-01
4.483159780502319336e-01
4.413624405860900879e-01
4.344092011451721191e-01
4.274556040763854980e-01
4.210570454597473145e-01
4.153363704681396484e-01
4.180192351341247559e-01
4.247504174709320068e-01
4.343591332435607910e-01
4.456309676170349121e-01
4.529037475585937500e-01
4.571738243103027344e-01
4.624030292034149170e-01
4.661625623703002930e-01
4.663113951683044434e-01
4.653109908103942871e-01
4.643103778362274170e-01
4.628396928310394287e-01
4.586910605430603027e-01
4.529402256011962891e-01
4.489984512329101562e-01
4.448873400688171387e-01
4.376489222049713135e-01
4.299526810646057129e-01
4.223108291625976562e-01
4.149808287620544434e-01
4.076505303382873535e-01
4.008451402187347412e-01
4.002240598201751709e-01
4.059484004974365234e-01
4.147273302078247070e-01
4.235063791275024414e-01
4.322853088378906250e-01
4.410645365715026855e-01
4.498579800128936768e-01
4.210077524185180664e-01
4.182733893394470215e-01
4.159010052680969238e-01
4.215022921562194824e-01
4.292884469032287598e-01
4.373317360877990723e-01
4.457429945468902588e-01
4.508071839809417725e-01
4.555510878562927246e-01
4.592271447181701660e-01
4.627104401588439941e-01
4.650999307632446289e-01
4.662233889102935791e-01
4.636278152465820312e-01
4.600190222263336182e-01
4.552758932113647461e-01
4.505055546760559082e-01
4.461878538131713867e-01
4.420118927955627441e-01
4.378169178962707520e-01
4.338932037353515625e-01
4.367257952690124512e-01
4.375586509704589844e-01
4.369368553161621094e-01
4.288042485713958740e-01
4.260247945785522461e-01
4.308495223522186279e-01
4.383510649204254150e-01
4.471653997898101807e-01
4.517290890216827393e-01
4.539594352245330811e-01
4.553422927856445312e-01
4.502510726451873779e-01
4.414487779140472412e-01
4.325127899646759033e-01
4.235770106315612793e-01
4.113900363445281982e-01
4.039373099803924561e-01
3.990807533264160156e-01
3.942245244979858398e-01
3.893676996231079102e-01
3.845109343528747559e-01
3.803067207336425781e-01
3.789044916629791260e-01
3.777220249176025391e-01
3.785500228404998779e-01
3.817901611328125000e-01
3.874488472938537598e-01
3.977043926715850830e-01
4.082481265068054199e-01
4.191677868366241455e-01
4.325285255908966064e-01
4.480893909931182861e-01
4.644338488578796387e-01
4.754490256309509277e-01
4.862832427024841309e-01
4.934393167495727539e-01
4.970783591270446777e-01
4.978770613670349121e-01
4.980180263519287109e-01
4.947077631950378418e-01
4.892778396606445312e-01
4.729278683662414551e-01
4.547478258609771729e-01
4.392276704311370850e-01
4.234138727188110352e-01
4.096060693264007568e-01
3.995326459407806396e-01
3.936602175235748291e-01
3.876119852066040039e-01
3.829316496849060059e-01
3.799390196800231934e-01
3.807208538055419922e-01
3.839842975139617920e-01
3.946697413921356201e-01
4.076109528541564941e-01
4.167737066745758057e-01
4.270001649856567383e-01
4.382499754428863525e-01
4.509349465370178223e-01
4.676378071308135986e-01
4.809252023696899414e-01
4.911590814590454102e-01
4.961857199668884277e-01
4.994329214096069336e-01
5.016566514968872070e-01
5.015770792961120605e-01
4.963145852088928223e-01
4.859911799430847168e-01
4.756674766540527344e-01
4.702522158622741699e-01
4.695324897766113281e-01
4.662200808525085449e-01
4.604548811912536621e-01
4.534029960632324219e-01
4.464496672153472900e-01
4.394961595535278320e-01
4.325426220893859863e-01
4.257504343986511230e-01
4.215149283409118652e-01
4.242466092109680176e-01
4.340035915374755859e-01
4.403187036514282227e-01
4.453634619712829590e-01
4.528977274894714355e-01
4.600458443164825439e-01
4.631577134132385254e-01
4.660198688507080078e-01
4.688820242881774902e-01
4.675452411174774170e-01
4.658268690109252930e-01
4.641081690788269043e-01
4.598687887191772461e-01
4.533977806568145752e-01
4.491397440433502197e-01
4.418697357177734375e-01
4.341732263565063477e-01
4.264770448207855225e-01
4.187808632850646973e-01
4.110844731330871582e-01
4.033881723880767822e-01
3.972539603710174561e-01
3.966119289398193359e-01
4.040377140045166016e-01
4.128167033195495605e-01
4.215958714485168457e-01
4.303749799728393555e-01
4.395790100097656250e-01
4.491285681724548340e-01
4.328495562076568604e-01
4.285839498043060303e-01
4.246639609336853027e-01
4.223458766937255859e-01
4.274084270000457764e-01
4.353066682815551758e-01
4.430940151214599609e-01
4.504891932010650635e-01
4.546310901641845703e-01
4.585826992988586426e-01
4.615053534507751465e-01
4.630802273750305176e-01
4.629279971122741699e-01
4.615100324153900146e-01
4.586129486560821533e-01
4.557159841060638428e-01
4.522406160831451416e-01
4.470184445381164551e-01
4.424521327018737793e-01
4.379803836345672607e-01
4.317645430564880371e-01
4.297851920127868652e-01
4.306184351444244385e-01
4.299509823322296143e-01
4.234923124313354492e-01
4.230050444602966309e-01
4.267292916774749756e-01
4.330543577671051025e-01
4.424054622650146484e-01
4.477778673171997070e-01
4.503228962421417236e-01
4.521603286266326904e-01
4.483036696910858154e-01
4.423688054084777832e-01
4.338419139385223389e-01
4.253152012825012207e-01
4.140731394290924072e-01
4.053834974765777588e-01
4.005273282527923584e-01
3.956707417964935303e-01
3.908137083053588867e-01
3.859575986862182617e-01
3.811008632183074951e-01
3.791891932487487793e-01
3.785165250301361084e-01
3.780448734760284424e-01
3.838657140731811523e-01
3.927845954895019531e-01
4.009611904621124268e-01
4.091469049453735352e-01
4.170211553573608398e-01
4.324328005313873291e-01
4.490074515342712402e-01
4.632645845413208008e-01
4.748181700706481934e-01
4.856228232383728027e-01
4.938376545906066895e-01
4.949708580970764160e-01
4.956184029579162598e-01
4.962659478187561035e-01
4.942613244056701660e-01
4.826771616935729980e-01
4.641067981719970703e-01
4.491680860519409180e-01
4.357955455780029297e-01
4.237863123416900635e-01
4.125044345855712891e-01
4.058514833450317383e-01
4.005644917488098145e-01
3.945160806179046631e-01
3.881136775016784668e-01
3.859895169734954834e-01
3.828165233135223389e-01
3.917997181415557861e-01
4.041322469711303711e-01
4.196868240833282471e-01
4.315946698188781738e-01
4.396517276763916016e-01
4.507789313793182373e-01
4.624008834362030029e-01
4.761658906936645508e-01
4.890149831771850586e-01
5.010037422180175781e-01
5.065457224845886230e-01
5.081180930137634277e-01
5.093900561332702637e-01
5.103374719619750977e-01
5.089585185050964355e-01
5.002884268760681152e-01
4.899650216102600098e-01
4.809643626213073730e-01
4.731081128120422363e-01
4.700697064399719238e-01
4.661879539489746094e-01
4.592793583869934082e-01
4.516174197196960449e-01
4.444667100906372070e-01
4.373151063919067383e-01
4.313975870609283447e-01
4.262531995773315430e-01
4.294466972351074219e-01
4.341971576213836670e-01
4.369305968284606934e-01
4.379885792732238770e-01
4.440050125122070312e-01
4.510816633701324463e-01
4.581580162048339844e-01
4.630209207534790039e-01
4.658829569816589355e-01
4.683597683906555176e-01
4.666410684585571289e-01
4.649224281311035156e-01
4.601679146289825439e-01
4.531507492065429688e-01
4.460905194282531738e-01
4.383941888809204102e-01
4.306978881359100342e-01
4.230017066001892090e-01
4.153051972389221191e-01
4.075997471809387207e-01
3.998825550079345703e-01
3.943375349044799805e-01
3.936820924282073975e-01
4.021272361278533936e-01
4.109064340591430664e-01
4.203479290008544922e-01
4.298866987228393555e-01
4.394252598285675049e-01
4.489398598670959473e-01
4.427090883255004883e-01
4.402981996536254883e-01
4.374010860919952393e-01
4.323056936264038086e-01
4.306334853172302246e-01
4.330969452857971191e-01
4.372575283050537109e-01
4.435218572616577148e-01
4.502733945846557617e-01
4.542788267135620117e-01
4.563550353050231934e-01
4.584316015243530273e-01
4.599426388740539551e-01
4.599323272705078125e-01
4.579512476921081543e-01
4.543928802013397217e-01
4.507203698158264160e-01
4.470475316047668457e-01
4.439367055892944336e-01
4.368504881858825684e-01
4.276693463325500488e-01
4.252279400825500488e-01
4.255129098892211914e-01
4.244276881217956543e-01
4.183243513107299805e-01
4.171169996261596680e-01
4.220463037490844727e-01
4.323236346244812012e-01
4.433326423168182373e-01
4.485482871532440186e-01
4.492713510990142822e-01
4.506258368492126465e-01
4.477606117725372314e-01
4.422602355480194092e-01
4.357559084892272949e-01
4.270614683628082275e-01
4.171106815338134766e-01
4.073092341423034668e-01
4.019738733768463135e-01
3.971171975135803223e-01
3.922603726387023926e-01
3.874040544033050537e-01
3.825474381446838379e-01
3.799833357334136963e-01
3.793106973171234131e-01
3.817991614341735840e-01
3.883064091205596924e-01
3.965447247028350830e-01
4.040982723236083984e-01
4.124485850334167480e-01
4.230273365974426270e-01
4.348908066749572754e-01
4.468777477741241455e-01
4.586075246334075928e-01
4.713063836097717285e-01
4.835727214813232422e-01
4.904332756996154785e-01
4.930362105369567871e-01
4.933349490165710449e-01
4.933444261550903320e-01
4.913071990013122559e-01
4.760426878929138184e-01
4.604924619197845459e-01
4.471121728420257568e-01
4.349895119667053223e-01
4.231188297271728516e-01
4.143815040588378906e-01
4.078365862369537354e-01
4.067394137382507324e-01
4.020790755748748779e-01
3.970137536525726318e-01
3.934636712074279785e-01
3.960746526718139648e-01
4.029232859611511230e-01
4.120477735996246338e-01
4.262364506721496582e-01
4.432034790515899658e-01
4.521685540676116943e-01
4.626221060752868652e-01
4.739089608192443848e-01
4.827780127525329590e-01
4.931504726409912109e-01
5.044933557510375977e-01
5.131999254226684570e-01
5.144718289375305176e-01
5.157433152198791504e-01
5.169804692268371582e-01
5.162180662155151367e-01
5.112178921699523926e-01
5.025783777236938477e-01
4.920880794525146484e-01
4.827253222465515137e-01
4.733623862266540527e-01
4.691519141197204590e-01
4.643337130546569824e-01
4.565729498863220215e-01
4.470112919807434082e-01
4.375821948051452637e-01
4.291747212409973145e-01
4.246714115142822266e-01
4.260039925575256348e-01
4.276481866836547852e-01
4.301871359348297119e-01
4.320347309112548828e-01
4.343427717685699463e-01
4.414191842079162598e-01
4.484958052635192871e-01
4.555723667144775391e-01
4.626489877700805664e-01
4.657461643218994141e-01
4.673537015914916992e-01
4.652435481548309326e-01
4.590942263603210449e-01
4.503554403781890869e-01
4.420431256294250488e-01
4.347416758537292480e-01
4.272222518920898438e-01
4.195201992988586426e-01
4.118030667304992676e-01
4.040858745574951172e-01
3.963687717914581299e-01
3.916477560997009277e-01
3.928382396697998047e-01
4.020107388496398926e-01
4.111834168434143066e-01
4.203557372093200684e-01
4.297326207160949707e-01
4.392712414264678955e-01
4.486779570579528809e-01
4.541298151016235352e-01
4.485780596733093262e-01
4.433329701423645020e-01
4.384783506393432617e-01
4.336237311363220215e-01
4.349800348281860352e-01
4.379912614822387695e-01
4.410919547080993652e-01
4.432013630867004395e-01
4.471921324729919434e-01
4.497808218002319336e-01
4.518575668334960938e-01
4.539340734481811523e-01
4.557585418224334717e-01
4.553621411323547363e-01
4.525890946388244629e-01
4.489163160324096680e-01
4.455955624580383301e-01
4.388593435287475586e-01
4.316369295120239258e-01
4.244142770767211914e-01
4.227908253669738770e-01
4.234852492809295654e-01
4.225871562957763672e-01
4.169892966747283936e-01
4.150527715682983398e-01
4.196241497993469238e-01
4.304485619068145752e-01
4.427678287029266357e-01
4.499726891517639160e-01
4.511312842369079590e-01
4.503647685050964355e-01
4.476243257522583008e-01
4.417169690132141113e-01
4.362166523933410645e-01
4.299727678298950195e-01
4.201717972755432129e-01
4.103702604770660400e-01
4.034200608730316162e-01
3.985636234283447266e-01
3.937067389488220215e-01
3.888501524925231934e-01
3.844902515411376953e-01
3.809399306774139404e-01
3.830083012580871582e-01
3.873005807399749756e-01
3.922480046749114990e-01
3.992083370685577393e-01
4.084604680538177490e-01
4.178839921951293945e-01
4.282592535018920898e-01
4.376994967460632324e-01
4.469653367996215820e-01
4.579679667949676514e-01
4.696076512336730957e-01
4.776841402053833008e-01
4.862095117568969727e-01
4.919363856315612793e-01
4.928976893424987793e-01
4.922242760658264160e-01
4.842180609703063965e-01
4.718510508537292480e-01
4.583916962146759033e-01
4.454560875892639160e-01
4.342308342456817627e-01
4.259443283081054688e-01
4.195487201213836670e-01
4.144189357757568359e-01
4.112979173660278320e-01
4.087253808975219727e-01
4.017685353755950928e-01
3.991601169109344482e-01
4.028600156307220459e-01
4.126722812652587891e-01
4.212066233158111572e-01
4.338130950927734375e-01
4.498329162597656250e-01
4.619663059711456299e-01
4.709869623184204102e-01
4.810003638267517090e-01
4.884082674980163574e-01
4.966104626655578613e-01
5.073874592781066895e-01
5.171617269515991211e-01
5.198647379875183105e-01
5.209382772445678711e-01
5.220115780830383301e-01
5.208980441093444824e-01
5.176246166229248047e-01
5.098062157630920410e-01
4.988537430763244629e-01
4.902887344360351562e-01
4.818327426910400391e-01
4.721514582633972168e-01
4.628190398216247559e-01
4.535996913909912109e-01
4.414190649986267090e-01
4.305884242057800293e-01
4.231234192848205566e-01
4.206394553184509277e-01
4.213155210018157959e-01
4.214909374713897705e-01
4.236959815025329590e-01
4.260811805725097656e-01
4.262585341930389404e-01
4.317570924758911133e-01
4.388336539268493652e-01
4.459101557731628418e-01
4.529865086078643799e-01
4.596774876117706299e-01
4.648317694664001465e-01
4.640841186046600342e-01
4.562107324600219727e-01
4.469063878059387207e-01
4.378749430179595947e-01
4.305715560913085938e-01
4.232494235038757324e-01
4.159272313117980957e-01
4.082894325256347656e-01
4.005721509456634521e-01
3.932328522205352783e-01
3.900951743125915527e-01
3.936108946800231934e-01
4.027833640575408936e-01
4.119558334350585938e-01
4.211282730102539062e-01
4.303008913993835449e-01
4.394733905792236328e-01
4.491184651851654053e-01
4.612539410591125488e-01
4.548763036727905273e-01
4.488902688026428223e-01
4.438669085502624512e-01
4.382077455520629883e-01
4.350871443748474121e-01
4.379174411296844482e-01
4.400558173656463623e-01
4.415900707244873047e-01
4.427773952484130859e-01
4.441889524459838867e-01
4.458116888999938965e-01
4.476783275604248047e-01
4.493887424468994141e-01
4.507224559783935547e-01
4.505087733268737793e-01
4.488016366958618164e-01
4.413838982582092285e-01
4.337854981422424316e-01
4.265625476837158203e-01
4.193401336669921875e-01
4.181953072547912598e-01
4.204390645027160645e-01
4.209066927433013916e-01
4.156544208526611328e-01
4.129882454872131348e-01
4.196411669254302979e-01
4.303839802742004395e-01
4.410656988620758057e-01
4.493250250816345215e-01
4.536561965942382812e-01
4.536088705062866211e-01
4.512282311916351318e-01
4.430175721645355225e-01
4.386415779590606689e-01
4.321495592594146729e-01
4.232327938079833984e-01
4.134316742420196533e-01
4.048664271831512451e-01
4.001915156841278076e-01
3.955566883087158203e-01
3.912678956985473633e-01
3.878864645957946777e-01
3.865191042423248291e-01
3.878448307514190674e-01
3.917423188686370850e-01
3.959111273288726807e-01
4.036152660846710205e-01
4.117220640182495117e-01
4.222249686717987061e-01
4.327847063541412354e-01
4.415135383605957031e-01
4.502424597740173340e-01
4.614072144031524658e-01
4.700189828872680664e-01
4.763147830963134766e-01
4.822468161582946777e-01
4.881789684295654297e-01
4.906326532363891602e-01
4.878302216529846191e-01
4.798817634582519531e-01
4.700676202774047852e-01
4.581702649593353271e-01
4.471755623817443848e-01
4.377383589744567871e-01
4.304845631122589111e-01
4.220743179321289062e-01
4.147759377956390381e-01
4.110714495182037354e-01
4.077093005180358887e-01
4.078085422515869141e-01
4.061572849750518799e-01
4.108565449714660645e-01
4.188915491104125977e-01
4.278974831104278564e-01
4.364977478981018066e-01
4.514199197292327881e-01
4.671411812305450439e-01
4.762485623359680176e-01
4.865016341209411621e-01
4.921701550483703613e-01
5.003988146781921387e-01
5.090067982673645020e-01
5.183896422386169434e-01
5.246068835258483887e-01
5.254445075988769531e-01
5.259980559349060059e-01
5.242112874984741211e-01
5.188843011856079102e-01
5.126622915267944336e-01
5.028417110443115234e-01
4.925683140754699707e-01
4.816319942474365234e-01
4.692294001579284668e-01
4.566056132316589355e-01
4.441421031951904297e-01
4.344413876533508301e-01
4.256972670555114746e-01
4.191914200782775879e-01
4.173442721366882324e-01
4.181544482707977295e-01
4.167855381965637207e-01
4.172044098377227783e-01
4.195950925350189209e-01
4.203046560287475586e-01
4.220947623252868652e-01
4.291712939739227295e-01
4.359695315361022949e-01
4.426542818546295166e-01
4.493389427661895752e-01
4.550516605377197266e-01
4.587558209896087646e-01
4.522855281829833984e-01
4.429806172847747803e-01
4.336873888969421387e-01
4.263649582862854004e-01
4.190430045127868652e-01
4.117210507392883301e-01
4.050135016441345215e-01
3.984333276748657227e-01
3.914762139320373535e-01
3.891618251800537109e-01
3.943830430507659912e-01
4.035554230213165283e-01
4.127280116081237793e-01
4.219006299972534180e-01
4.315904974937438965e-01
4.420381784439086914e-01
4.528774917125701904e-01
4.673558771610260010e-01
4.609787166118621826e-01
4.546012580394744873e-01
4.482235610485076904e-01
4.434318244457244873e-01
4.378056526184082031e-01
4.364042878150939941e-01
4.377850890159606934e-01
4.403328597545623779e-01
4.428808093070983887e-01
4.452190399169921875e-01
4.460982680320739746e-01
4.451156854629516602e-01
4.443039298057556152e-01
4.459789097309112549e-01
4.452869892120361328e-01
4.403880834579467773e-01
4.342852532863616943e-01
4.275959432125091553e-01
4.213764667510986328e-01
4.142658114433288574e-01
4.127907752990722656e-01
4.150340557098388672e-01
4.162597656250000000e-01
4.125561118125915527e-01
4.107100367546081543e-01
4.203889966011047363e-01
4.308561980724334717e-01
4.393635690212249756e-01
4.477733969688415527e-01
4.533843696117401123e-01
4.542798101902008057e-01
4.546523392200469971e-01
4.491724669933319092e-01
4.450455605983734131e-01
4.364123046398162842e-01
4.286319315433502197e-01
4.185663461685180664e-01
4.084388315677642822e-01
4.028775990009307861e-01
3.977020680904388428e-01
3.951626121997833252e-01
3.933617472648620605e-01
3.907330334186553955e-01
3.900904953479766846e-01
3.962332904338836670e-01
4.020022749900817871e-01
4.085837304592132568e-01
4.186671972274780273e-01
4.294706284999847412e-01
4.381992518901824951e-01
4.469283223152160645e-01
4.556570649147033691e-01
4.617682099342346191e-01
4.678120017051696777e-01
4.742205739021301270e-01
4.809351563453674316e-01
4.878208041191101074e-01
4.895060658454895020e-01
4.836393594741821289e-01
4.769682288169860840e-01
4.673970341682434082e-01
4.590073227882385254e-01
4.470924139022827148e-01
4.385097920894622803e-01
4.291516840457916260e-01
4.196592271327972412e-01
4.126288294792175293e-01
4.099343717098236084e-01
4.102315306663513184e-01
4.096079468727111816e-01
4.100419878959655762e-01
4.164960086345672607e-01
4.232709705829620361e-01
4.321393072605133057e-01
4.417515397071838379e-01
4.528785049915313721e-01
4.676691591739654541e-01
4.798342585563659668e-01
4.877050518989562988e-01
4.951363801956176758e-01
5.015230774879455566e-01
5.108712315559387207e-01
5.177014470100402832e-01
5.251937508583068848e-01
5.274662375450134277e-01
5.280198454856872559e-01
5.244312286376953125e-01
5.175665020942687988e-01
5.091573596000671387e-01
4.978248476982116699e-01
4.862136840820312500e-01
4.746031165122985840e-01
4.622247219085693359e-01
4.498223662376403809e-01
4.381616115570068359e-01
4.273161590099334717e-01
4.224392175674438477e-01
4.173721373081207275e-01
4.167862534523010254e-01
4.137378334999084473e-01
4.120799601078033447e-01
4.107131361961364746e-01
4.131036698818206787e-01
4.143510460853576660e-01
4.143573641777038574e-01
4.189460575580596924e-01
4.256311058998107910e-01
4.323155879974365234e-01
4.377446770668029785e-01
4.429303109645843506e-01
4.443772435188293457e-01
4.438523352146148682e-01
4.390189051628112793e-01
4.296931624412536621e-01
4.222518503665924072e-01
4.156885743141174316e-01
4.091260433197021484e-01
4.025635123252868652e-01
3.960008621215820312e-01
3.894422352313995361e-01
3.884067833423614502e-01
3.956452012062072754e-01
4.051290750503540039e-01
4.149451255798339844e-01
4.256515800952911377e-01
4.368472695350646973e-01
4.480425119400024414e-01
4.585040509700775146e-01
4.731849431991577148e-01
4.685856103897094727e-01
4.628109931945800781e-01
4.559936821460723877e-01
4.481117129325866699e-01
4.404987096786499023e-01
4.357672929763793945e-01
4.376483261585235596e-01
4.401245117187500000e-01
4.413957595825195312e-01
4.429152607917785645e-01
4.446871876716613770e-01
4.464594721794128418e-01
4.464219212532043457e-01
4.419544041156768799e-01
4.349629878997802734e-01
4.307633042335510254e-01
4.258882999420166016e-01
4.199557304382324219e-01
4.137361943721771240e-01
4.075162708759307861e-01
4.067130684852600098e-01
4.096291959285736084e-01
4.114761650562286377e-01
4.076108336448669434e-01
4.065695703029632568e-01
4.186382889747619629e-01
4.306010901927947998e-01
4.391502141952514648e-01
4.465300440788269043e-01
4.524920880794525146e-01
4.544312953948974609e-01
4.553719162940979004e-01
4.553633034229278564e-01
4.511327445507049561e-01
4.432141482830047607e-01
4.344368577003479004e-01
4.261797666549682617e-01
4.148048758506774902e-01
4.064828455448150635e-01
4.045207202434539795e-01
4.020072817802429199e-01
3.979825079441070557e-01
3.952661156654357910e-01
3.973774313926696777e-01
4.031464755535125732e-01
4.101063609123229980e-01
4.172525703907012939e-01
4.261561632156372070e-01
4.348851740360260010e-01
4.437322616577148438e-01
4.527915418148040771e-01
4.586996734142303467e-01
4.626808762550354004e-01
4.680673480033874512e-01
4.745254516601562500e-01
4.807178974151611328e-01
4.840080738067626953e-01
4.815942645072937012e-01
4.762867093086242676e-01
4.690126776695251465e-01
4.612809419631958008e-01
4.532746672630310059e-01
4.456371665000915527e-01
4.369313716888427734e-01
4.281839728355407715e-01
4.195005893707275391e-01
4.115208089351654053e-01
4.101742506027221680e-01
4.108821153640747070e-01
4.112035930156707764e-01
4.135062694549560547e-01
4.206722676753997803e-01
4.282702207565307617e-01
4.363810122013092041e-01
4.451066255569458008e-01
4.564537703990936279e-01
4.679709672927856445e-01
4.806506633758544922e-01
4.856972098350524902e-01
4.931006431579589844e-01
5.005039572715759277e-01
5.082786083221435547e-01
5.149279236793518066e-01
5.221500992774963379e-01
5.283402800559997559e-01
5.260579586029052734e-01
5.175213217735290527e-01
5.079726576805114746e-01
4.980190396308898926e-01
4.879608154296875000e-01
4.765360951423645020e-01
4.666113853454589844e-01
4.550757408142089844e-01
4.437978267669677734e-01
4.334981441497802734e-01
4.268800616264343262e-01
4.195440411567687988e-01
4.158402085304260254e-01
4.151878654956817627e-01
4.113085865974426270e-01
4.079130291938781738e-01
4.060054421424865723e-01
4.065486192703247070e-01
4.079418778419494629e-01
4.077274501323699951e-01
4.086076021194458008e-01
4.152523875236511230e-01
4.204378128051757812e-01
4.256231188774108887e-01
4.296706318855285645e-01
4.299428462982177734e-01
4.294122457504272461e-01
4.292114973068237305e-01
4.252541065216064453e-01
4.201040267944335938e-01
4.138529896736145020e-01
4.076020121574401855e-01
4.013508558273315430e-01
3.950999081134796143e-01
3.889719247817993164e-01
3.888893723487854004e-01
3.983862698078155518e-01
4.092766344547271729e-01
4.204723238945007324e-01
4.316678643226623535e-01
4.428632557392120361e-01
4.520046710968017578e-01
4.609539806842803955e-01
4.766166806221008301e-01
4.725448489189147949e-01
4.665941298007965088e-01
4.604278802871704102e-01
4.538313150405883789e-01
4.459490180015563965e-01
4.391731917858123779e-01
4.356096982955932617e-01
4.371162056922912598e-01
4.389110505580902100e-01
4.410825967788696289e-01
4.430929422378540039e-01
4.441562891006469727e-01
4.423026740550994873e-01
4.380074739456176758e-01
4.319834113121032715e-01
4.247940480709075928e-01
4.171710610389709473e-01
4.114813804626464844e-01
4.060961306095123291e-01
3.998764157295227051e-01
3.987420201301574707e-01
4.019884467124938965e-01
4.056316316127777100e-01
4.028296768665313721e-01
4.041525423526763916e-01
4.163370132446289062e-01
4.285213947296142578e-01
4.380793869495391846e-01
4.448608756065368652e-01
4.518400132656097412e-01
4.549966156482696533e-01
4.582906365394592285e-01
4.600121378898620605e-01
4.549096524715423584e-01
4.486193954944610596e-01
4.412000179290771484e-01
4.329343736171722412e-01
4.238846898078918457e-01
4.168442487716674805e-01
4.121398627758026123e-01
4.069527089595794678e-01
4.055606424808502197e-01
4.059238135814666748e-01
4.082354307174682617e-01
4.138214290142059326e-01
4.206209778785705566e-01
4.269695580005645752e-01
4.328751564025878906e-01
4.420948922634124756e-01
4.501184523105621338e-01
4.560794234275817871e-01
4.594662785530090332e-01
4.621367752552032471e-01
4.639886021614074707e-01
4.684221148490905762e-01
4.722954630851745605e-01
4.704787731170654297e-01
4.694172739982604980e-01
4.662705063819885254e-01
4.588511586189270020e-01
4.532932639122009277e-01
4.488614201545715332e-01
4.457422494888305664e-01
4.392781257629394531e-01
4.301969408988952637e-01
4.202668666839599609e-01
4.137260913848876953e-01
4.118691384792327881e-01
4.118010997772216797e-01
4.118868708610534668e-01
4.159849882125854492e-01
4.215110838413238525e-01
4.294714927673339844e-01
4.382209181785583496e-01
4.464299082756042480e-01
4.568940103054046631e-01
4.698718190193176270e-01
4.789157509803771973e-01
4.848086237907409668e-01
4.909302592277526855e-01
4.983335137367248535e-01
5.054045915603637695e-01
5.095881819725036621e-01
5.127815604209899902e-01
5.153479576110839844e-01
5.126249194145202637e-01
5.041090846061706543e-01
4.953209757804870605e-01
4.864174723625183105e-01
4.767482876777648926e-01
4.667135477066040039e-01
4.567887187004089355e-01
4.473423063755035400e-01
4.382856786251068115e-01
4.325906038284301758e-01
4.272876381874084473e-01
4.224725961685180664e-01
4.153435230255126953e-01
4.101314544677734375e-01
4.076788425445556641e-01
4.051676392555236816e-01
4.019863605499267578e-01
3.994483947753906250e-01
4.013119637966156006e-01
4.010974764823913574e-01
4.005591571331024170e-01
4.031308591365814209e-01
4.084932506084442139e-01
4.131855964660644531e-01
4.167726337909698486e-01
4.171200394630432129e-01
4.176604747772216797e-01
4.182012081146240234e-01
4.183317124843597412e-01
4.155961871147155762e-01
4.133972525596618652e-01
4.071464836597442627e-01
4.008952677249908447e-01
3.946441411972045898e-01
3.889627158641815186e-01
3.916307389736175537e-01
4.032215476036071777e-01
4.148117899894714355e-01
4.264025688171386719e-01
4.361518621444702148e-01
4.443202018737792969e-01
4.533185064792633057e-01
4.615213274955749512e-01
4.787527918815612793e-01
4.728021621704101562e-01
4.668518304824829102e-01
4.609012901782989502e-01
4.549508690834045410e-01
4.490005075931549072e-01
4.432276189327239990e-01
4.368464350700378418e-01
4.341025650501251221e-01
4.356090426445007324e-01
4.374992847442626953e-01
4.396553337574005127e-01
4.371172785758972168e-01
4.345791935920715332e-01
4.316145181655883789e-01
4.271814525127410889e-01
4.205254614353179932e-01
4.138750731945037842e-01
4.074257016181945801e-01
4.000640511512756348e-01
3.929841816425323486e-01
3.916794955730438232e-01
3.955116868019104004e-01
3.994626998901367188e-01
3.973914980888366699e-01
4.004007577896118164e-01
4.135883450508117676e-01
4.265625178813934326e-01
4.361850321292877197e-01
4.421689212322235107e-01
4.479232728481292725e-01
4.555014371871948242e-01
4.629308283329010010e-01
4.668250679969787598e-01
4.606274664402008057e-01
4.536857604980468750e-01
4.461436271667480469e-01
4.397115111351013184e-01
4.326663315296173096e-01
4.227404594421386719e-01
4.183856546878814697e-01
4.162701666355133057e-01
4.142908751964569092e-01
4.175005555152893066e-01
4.212758839130401611e-01
4.263420403003692627e-01
4.321171939373016357e-01
4.374163448810577393e-01
4.420915842056274414e-01
4.472646117210388184e-01
4.516660571098327637e-01
4.533091783523559570e-01
4.546129107475280762e-01
4.556713402271270752e-01
4.562695622444152832e-01
4.580551385879516602e-01
4.567254781723022461e-01
4.552961587905883789e-01
4.591243267059326172e-01
4.592171609401702881e-01
4.544881880283355713e-01
4.487017989158630371e-01
4.452548027038574219e-01
4.426260590553283691e-01
4.393138885498046875e-01
4.322875142097473145e-01
4.249918758869171143e-01
4.168986678123474121e-01
4.123151004314422607e-01
4.104831218719482422e-01
4.117860198020935059e-01
4.173217415809631348e-01
4.224533736705780029e-01
4.297603368759155273e-01
4.385580420494079590e-01
4.479513466358184814e-01
4.574592709541320801e-01
4.703121781349182129e-01
4.786426424980163574e-01
4.855361580848693848e-01
4.872143864631652832e-01
4.915177226066589355e-01
4.936433434486389160e-01
4.958059787750244141e-01
4.976843595504760742e-01
4.977345466613769531e-01
4.979152083396911621e-01
4.898557662963867188e-01
4.810675978660583496e-01
4.722796082496643066e-01
4.631564021110534668e-01
4.538585543632507324e-01
4.462722837924957275e-01
4.391781091690063477e-01
4.353487491607666016e-01
4.320426583290100098e-01
4.287015199661254883e-01
4.231281280517578125e-01
4.171678423881530762e-01
4.094453454017639160e-01
4.020122885704040527e-01
3.992351889610290527e-01
3.972687721252441406e-01
3.957358002662658691e-01
3.952532410621643066e-01
3.950343132019042969e-01
3.936283588409423828e-01
3.927822709083557129e-01
3.979893326759338379e-01
4.023276269435882568e-01
4.058899283409118652e-01
4.064303040504455566e-01
4.069710373878479004e-01
4.075117111206054688e-01
4.080523252487182617e-01
4.079998135566711426e-01
4.064415693283081055e-01
4.044049382209777832e-01
4.004521965980529785e-01
3.952232003211975098e-01
3.919134736061096191e-01
3.969542086124420166e-01
4.085447192192077637e-01
4.190338850021362305e-01
4.276083409786224365e-01
4.361716210842132568e-01
4.450197815895080566e-01
4.530889987945556641e-01
4.610579907894134521e-01
4.790100455284118652e-01
4.730595350265502930e-01
4.671092331409454346e-01
4.611592292785644531e-01
4.550831019878387451e-01
4.483572244644165039e-01
4.424920082092285156e-01
4.370344877243041992e-01
4.315772950649261475e-01
4.327400624752044678e-01
4.329885244369506836e-01
4.302639663219451904e-01
4.278173446655273438e-01
4.255013167858123779e-01
4.231854081153869629e-01
4.208693802356719971e-01
4.170227348804473877e-01
4.102803468704223633e-01
4.038200378417968750e-01
3.980257511138916016e-01
3.914965987205505371e-01
3.878806829452514648e-01
3.898887336254119873e-01
3.932288289070129395e-01
3.935732841491699219e-01
3.958759307861328125e-01
4.095739126205444336e-01
4.235069453716278076e-01
4.348647892475128174e-01
4.426194429397583008e-01
4.471211135387420654e-01
4.572180211544036865e-01
4.655345380306243896e-01
4.692211747169494629e-01
4.630823135375976562e-01
4.546373784542083740e-01
4.479746222496032715e-01
4.402544796466827393e-01
4.336683154106140137e-01
4.307420849800109863e-01
4.282901585102081299e-01
4.272184073925018311e-01
4.289041757583618164e-01
4.319046735763549805e-01
4.348041117191314697e-01
4.365339875221252441e-01
4.393141567707061768e-01
4.419665038585662842e-01
4.446188509464263916e-01
4.462808668613433838e-01
4.469017982482910156e-01
4.473598599433898926e-01
4.475896656513214111e-01
4.481754302978515625e-01
4.491643607616424561e-01
4.477109909057617188e-01
4.463049769401550293e-01
4.494335651397705078e-01
4.521952569484710693e-01
4.531589448451995850e-01
4.484643936157226562e-01
4.435414075851440430e-01
4.404993057250976562e-01
4.370479583740234375e-01
4.340201020240783691e-01
4.307609796524047852e-01
4.251463413238525391e-01
4.192504286766052246e-01
4.153318405151367188e-01
4.132199287414550781e-01
4.145112037658691406e-01
4.183504879474639893e-01
4.234096407890319824e-01
4.310874938964843750e-01
4.393947124481201172e-01
4.489400386810302734e-01
4.592580497264862061e-01
4.698072671890258789e-01
4.740995168685913086e-01
4.768113493919372559e-01
4.787703752517700195e-01
4.783749580383300781e-01
4.798820614814758301e-01
4.805619716644287109e-01
4.808919429779052734e-01
4.813699722290039062e-01
4.808683395385742188e-01
4.745648503303527832e-01
4.668142795562744141e-01
4.580261111259460449e-01
4.491926729679107666e-01
4.399380683898925781e-01
4.350310564041137695e-01
4.316529631614685059e-01
4.302786588668823242e-01
4.298104345798492432e-01
4.287019670009613037e-01
4.235062003135681152e-01
4.180679917335510254e-01
4.120432138442993164e-01
4.042406678199768066e-01
3.959333300590515137e-01
3.926097452640533447e-01
3.911232948303222656e-01
3.891233205795288086e-01
3.886703848838806152e-01
3.874539434909820557e-01
3.867907226085662842e-01
3.880725502967834473e-01
3.924448788166046143e-01
3.952004015445709229e-01
3.957408070564270020e-01
3.962815701961517334e-01
3.968223631381988525e-01
3.973626792430877686e-01
3.979586362838745117e-01
3.993214070796966553e-01
3.981475532054901123e-01
3.978222906589508057e-01
3.974970579147338867e-01
3.955312073230743408e-01
4.015948772430419922e-01
4.101925492286682129e-01
4.187557697296142578e-01
4.273189902305603027e-01
4.351424574851989746e-01
4.438998401165008545e-01
4.523515105247497559e-01
4.606156647205352783e-01
4.792675375938415527e-01
4.733173251152038574e-01
4.673666357994079590e-01
4.609245061874389648e-01
4.541986584663391113e-01
4.474724531173706055e-01
4.414843916893005371e-01
4.361898303031921387e-01
4.309543669223785400e-01
4.259305298328399658e-01
4.229597449302673340e-01
4.200134277343750000e-01
4.191535115242004395e-01
4.172909855842590332e-01
4.149749279022216797e-01
4.126586318016052246e-01
4.100667834281921387e-01
4.060869216918945312e-01
4.000366032123565674e-01
3.945480585098266602e-01
3.886267244815826416e-01
3.864552378654479980e-01
3.903476595878601074e-01
3.923552930355072021e-01
3.931452035903930664e-01
3.940670490264892578e-01
4.077661931514739990e-01
4.214876592159271240e-01
4.326471388339996338e-01
4.399377107620239258e-01
4.464122354984283447e-01
4.554217457771301270e-01
4.645143151283264160e-01
4.651688933372497559e-01
4.579904079437255859e-01
4.519745111465454102e-01
4.461544454097747803e-01
4.436163902282714844e-01
4.413404166698455811e-01
4.390644729137420654e-01
4.392603337764739990e-01
4.391955137252807617e-01
4.404090046882629395e-01
4.424208104610443115e-01
4.432301223278045654e-01
4.396747350692749023e-01
4.394285082817077637e-01
4.410243034362792969e-01
4.421319961547851562e-01
4.403524398803710938e-01
4.397790431976318359e-01
4.406958222389221191e-01
4.433064460754394531e-01
4.461881518363952637e-01
4.459384679794311523e-01
4.417771100997924805e-01
4.405959844589233398e-01
4.441109001636505127e-01
4.453130066394805908e-01
4.447861909866333008e-01
4.422149360179901123e-01
4.386244416236877441e-01
4.347245693206787109e-01
4.318169951438903809e-01
4.300581216812133789e-01
4.282993078231811523e-01
4.236197471618652344e-01
4.180051386356353760e-01
4.152269065380096436e-01
4.152102470397949219e-01
4.195477068424224854e-01
4.234370589256286621e-01
4.272764027118682861e-01
4.330219328403472900e-01
4.399684071540832520e-01
4.466933906078338623e-01
4.527142643928527832e-01
4.603655934333801270e-01
4.635829925537109375e-01
4.657778143882751465e-01
4.682611823081970215e-01
4.685288071632385254e-01
4.658115506172180176e-01
4.640426039695739746e-01
4.641211330890655518e-01
4.646988511085510254e-01
4.638583660125732422e-01
4.589076936244964600e-01
4.513114094734191895e-01
4.439745545387268066e-01
4.356119930744171143e-01
4.285598397254943848e-01
4.259585142135620117e-01
4.273430705070495605e-01
4.266573488712310791e-01
4.273681044578552246e-01
4.260205328464508057e-01
4.202296733856201172e-01
4.171013832092285156e-01
4.134910702705383301e-01
4.071063697338104248e-01
3.995801508426666260e-01
3.910781443119049072e-01
3.853666782379150391e-01
3.828779757022857666e-01
3.823142051696777344e-01
3.816131651401519775e-01
3.799465894699096680e-01
3.781893551349639893e-01
3.825618326663970947e-01
3.845107555389404297e-01
3.850512802600860596e-01
3.855921030044555664e-01
3.861324787139892578e-01
3.866730034351348877e-01
3.879024684429168701e-01
3.922569751739501953e-01
3.942779898643493652e-01
3.939529955387115479e-01
3.933634757995605469e-01
3.929456472396850586e-01
4.013397395610809326e-01
4.099031090736389160e-01
4.177136421203613281e-01
4.252538084983825684e-01
4.340235888957977295e-01
4.428442120552062988e-01
4.512163996696472168e-01
4.584932029247283936e-01
4.784647822380065918e-01
4.728042483329772949e-01
4.666614532470703125e-01
4.604950249195098877e-01
4.539911150932312012e-01
4.474872946739196777e-01
4.415985345840454102e-01
4.363633990287780762e-01
4.278171658515930176e-01
4.178724586963653564e-01
4.128011167049407959e-01
4.098303914070129395e-01
4.068619012832641602e-01
4.054806530475616455e-01
4.050959646701812744e-01
4.040990173816680908e-01
4.017610549926757812e-01
3.990554809570312500e-01
3.958460390567779541e-01
3.908107578754425049e-01
3.860585689544677734e-01
3.851849734783172607e-01
3.909609615802764893e-01
3.962881863117218018e-01
3.965315222740173340e-01
3.959895968437194824e-01
4.067647755146026611e-01
4.192248582839965820e-01
4.299367964267730713e-01
4.369390010833740234e-01
4.440309405326843262e-01
4.491291940212249756e-01
4.556699693202972412e-01
4.568420052528381348e-01
4.539270102977752686e-01
4.494319856166839600e-01
4.485265314579010010e-01
4.469303190708160400e-01
4.453162848949432373e-01
4.445811808109283447e-01
4.425971210002899170e-01
4.455168843269348145e-01
4.472125470638275146e-01
4.457975327968597412e-01
4.412588477134704590e-01
4.392548203468322754e-01
4.379425346851348877e-01
4.395995736122131348e-01
4.380061626434326172e-01
4.369580447673797607e-01
4.366047382354736328e-01
4.389213323593139648e-01
4.412832558155059814e-01
4.424098134040832520e-01
4.382483363151550293e-01
4.356352686882019043e-01
4.361304640769958496e-01
4.377919435501098633e-01
4.377982020378112793e-01
4.371957480907440186e-01
4.378390014171600342e-01
4.354401826858520508e-01
4.321499466896057129e-01
4.298430383205413818e-01
4.275359213352203369e-01
4.252291321754455566e-01
4.224368333816528320e-01
4.164783954620361328e-01
4.128368496894836426e-01
4.150831401348114014e-01
4.216247797012329102e-01
4.274470806121826172e-01
4.303193688392639160e-01
4.311307072639465332e-01
4.345608949661254883e-01
4.391449689865112305e-01
4.432639479637145996e-01
4.469828009605407715e-01
4.531607031822204590e-01
4.556097686290740967e-01
4.578045606613159180e-01
4.587006270885467529e-01
4.543551802635192871e-01
4.492950439453125000e-01
4.482014179229736328e-01
4.487203657627105713e-01
4.481267333030700684e-01
4.444658756256103516e-01
4.373246431350708008e-01
4.300342798233032227e-01
4.243314266204833984e-01
4.201231300830841064e-01
4.200679659843444824e-01
4.224113225936889648e-01
4.246304333209991455e-01
4.235669374465942383e-01
4.199758768081665039e-01
4.156005084514617920e-01
4.144597053527832031e-01
4.115939736366271973e-01
4.074972867965698242e-01
4.005203843116760254e-01
3.926392793655395508e-01
3.842641115188598633e-01
3.782474994659423828e-01
3.764352500438690186e-01
3.746909499168395996e-01
3.721266388893127441e-01
3.696443438529968262e-01
3.716222047805786133e-01
3.738212585449218750e-01
3.743617534637451172e-01
3.749024271965026855e-01
3.759586215019226074e-01
3.782106637954711914e-01
3.804626166820526123e-01
3.840970396995544434e-01
3.891229629516601562e-01
3.872908949851989746e-01
3.839385509490966797e-01
3.842874169349670410e-01
3.954037725925445557e-01
4.068606495857238770e-01
4.153885841369628906e-01
4.241475462913513184e-01
4.329928457736968994e-01
4.417088627815246582e-01
4.487834870815277100e-01
4.552691578865051270e-01
4.765610098838806152e-01
4.704182147979736328e-01
4.642759859561920166e-01
4.581331312656402588e-01
4.519913494586944580e-01
4.458485841751098633e-01
4.401986002922058105e-01
4.307171106338500977e-01
4.209359586238861084e-01
4.111540317535400391e-01
4.017214179039001465e-01
3.986799716949462891e-01
3.959585428237915039e-01
3.936322331428527832e-01
3.918737769126892090e-01
3.919397592544555664e-01
3.921034336090087891e-01
3.916994035243988037e-01
3.902930617332458496e-01
3.876795768737792969e-01
3.829270005226135254e-01
3.819358646869659424e-01
3.886907696723937988e-01
3.987727165222167969e-01
4.000060558319091797e-01
3.998066186904907227e-01
4.095214903354644775e-01
4.199377298355102539e-01
4.271756708621978760e-01
4.342532157897949219e-01
4.370097219944000244e-01
4.388663172721862793e-01
4.461888372898101807e-01
4.485196173191070557e-01
4.487358331680297852e-01
4.474470019340515137e-01
4.462890326976776123e-01
4.453595280647277832e-01
4.437041878700256348e-01
4.420272111892700195e-01
4.403503239154815674e-01
4.441144168376922607e-01
4.465242624282836914e-01
4.433859586715698242e-01
4.398587942123413086e-01
4.379621744155883789e-01
4.378209710121154785e-01
4.388146400451660156e-01
4.376485943794250488e-01
4.362471103668212891e-01
4.351267218589782715e-01
4.363030195236206055e-01
4.386649727821350098e-01
4.347196817398071289e-01
4.310408234596252441e-01
4.314627051353454590e-01
4.315482079982757568e-01
4.311121106147766113e-01
4.308031201362609863e-01
4.317367076873779297e-01
4.326747655868530273e-01
4.330088496208190918e-01
4.307017326354980469e-01
4.283950030803680420e-01
4.260880649089813232e-01
4.237809777259826660e-01
4.214737713336944580e-01
4.172612726688385010e-01
4.122081398963928223e-01
4.143735170364379883e-01
4.164241850376129150e-01
4.191719889640808105e-01
4.223305583000183105e-01
4.237537980079650879e-01
4.276674985885620117e-01
4.325787127017974854e-01
4.374641180038452148e-01
4.387209415435791016e-01
4.429585337638854980e-01
4.465577602386474609e-01
4.489212632179260254e-01
4.479558467864990234e-01
4.438758790493011475e-01
4.403215050697326660e-01
4.352722167968750000e-01
4.346440434455871582e-01
4.329239726066589355e-01
4.293665885925292969e-01
4.242458343505859375e-01
4.175497889518737793e-01
4.139009118080139160e-01
4.139263927936553955e-01
4.142232537269592285e-01
4.180756807327270508e-01
4.210961461067199707e-01
4.189229011535644531e-01
4.135530292987823486e-01
4.103144407272338867e-01
4.102563261985778809e-01
4.090571403503417969e-01
4.067341387271881104e-01
4.008066058158874512e-01
3.930040001869201660e-01
3.849687278270721436e-01
3.771811127662658691e-01
3.689140379428863525e-01
3.661225140094757080e-01
3.643187880516052246e-01
3.622096478939056396e-01
3.594403862953186035e-01
3.603630065917968750e-01
3.626729249954223633e-01
3.662668466567993164e-01
3.685189187526702881e-01
3.707709312438964844e-01
3.728751838207244873e-01
3.735861182212829590e-01
3.757690489292144775e-01
3.774759173393249512e-01
3.744563460350036621e-01
3.748766779899597168e-01
3.863334655761718750e-01
3.977904617786407471e-01
4.106190502643585205e-01
4.231170415878295898e-01
4.318737089633941650e-01
4.383536875247955322e-01
4.441275298595428467e-01
4.494379758834838867e-01
4.720081686973571777e-01
4.674124419689178467e-01
4.610710740089416504e-01
4.547307193279266357e-01
4.483898282051086426e-01
4.412510395050048828e-01
4.305709302425384521e-01
4.209668040275573730e-01
4.119315743446350098e-01
4.028959274291992188e-01
3.938603997230529785e-01
3.876233398914337158e-01
3.855617046356201172e-01
3.835003972053527832e-01
3.816303014755249023e-01
3.802334070205688477e-01
3.796393573284149170e-01
3.799381256103515625e-01
3.794065713882446289e-01
3.788762092590332031e-01
3.786090910434722900e-01
3.788375854492187500e-01
3.885044753551483154e-01
3.996645808219909668e-01
4.023417532444000244e-01
4.026101231575012207e-01
4.109623730182647705e-01
4.194751679897308350e-01
4.249246120452880859e-01
4.268836677074432373e-01
4.278181493282318115e-01
4.311156570911407471e-01
4.337922930717468262e-01
4.398622512817382812e-01
4.420405924320220947e-01
4.403738975524902344e-01
4.395894706249237061e-01
4.389156997203826904e-01
4.379529356956481934e-01
4.367591440677642822e-01
4.348800480365753174e-01
4.349294900894165039e-01
4.369432330131530762e-01
4.390802383422851562e-01
4.419619441032409668e-01
4.427239298820495605e-01
4.399706721305847168e-01
4.369032382965087891e-01
4.361245334148406982e-01
4.362180233001708984e-01
4.350191354751586914e-01
4.340193271636962891e-01
4.311907589435577393e-01
4.270367026329040527e-01
4.267948865890502930e-01
4.265287220478057861e-01
4.270244836807250977e-01
4.259837567806243896e-01
4.251301586627960205e-01
4.266486763954162598e-01
4.283074736595153809e-01
4.306634664535522461e-01
4.292536973953247070e-01
4.269466102123260498e-01
4.246396422386169434e-01
4.223328530788421631e-01
4.192327857017517090e-01
4.134632349014282227e-01
4.042232632637023926e-01
4.058963358402252197e-01
4.079854488372802734e-01
4.107056558132171631e-01
4.137882590293884277e-01
4.168708622455596924e-01
4.217202663421630859e-01
4.272002279758453369e-01
4.308688044548034668e-01
4.326961040496826172e-01
4.364868998527526855e-01
4.396176338195800781e-01
4.409517347812652588e-01
4.386228621006011963e-01
4.338773787021636963e-01
4.299957454204559326e-01
4.264413714408874512e-01
4.224236905574798584e-01
4.193845391273498535e-01
4.155964255332946777e-01
4.130950272083282471e-01
4.070646762847900391e-01
4.061074256896972656e-01
4.069173038005828857e-01
4.084846377372741699e-01
4.131928682327270508e-01
4.148234128952026367e-01
4.124999642372131348e-01
4.071327447891235352e-01
4.054944515228271484e-01
4.061915874481201172e-01
4.058255851268768311e-01
4.038606286048889160e-01
4.002815485000610352e-01
3.933306336402893066e-01
3.855282664299011230e-01
3.774461746215820312e-01
3.679696321487426758e-01
3.579782247543334961e-01
3.542146682739257812e-01
3.524109125137329102e-01
3.498154878616333008e-01
3.485726118087768555e-01
3.519843220710754395e-01
3.557729423046112061e-01
3.593403697013854980e-01
3.612210452556610107e-01
3.606465458869934082e-01
3.599822521209716797e-01
3.619964718818664551e-01
3.636779189109802246e-01
3.631517887115478516e-01
3.658064305782318115e-01
3.769411444664001465e-01
3.889114856719970703e-01
4.013396501541137695e-01
4.137679934501647949e-01
4.244939684867858887e-01
4.322100877761840820e-01
4.375203847885131836e-01
4.428307414054870605e-01
4.642044603824615479e-01
4.607659578323364258e-01
4.567648172378540039e-01
4.513869881629943848e-01
4.438953399658203125e-01
4.335913658142089844e-01
4.235345125198364258e-01
4.144990146160125732e-01
4.054633975028991699e-01
3.964278995990753174e-01
3.873928785324096680e-01
3.783569931983947754e-01
3.745694756507873535e-01
3.725079894065856934e-01
3.704465031623840332e-01
3.686710596084594727e-01
3.672744631767272949e-01
3.658775091171264648e-01
3.655132949352264404e-01
3.652133345603942871e-01
3.652798533439636230e-01
3.704258799552917480e-01
3.857871294021606445e-01
3.986798524856567383e-01
4.018854796886444092e-01
4.003813564777374268e-01
4.027750194072723389e-01
4.082799255847930908e-01
4.136147201061248779e-01
4.171982407569885254e-01
4.203424453735351562e-01
4.247160851955413818e-01
4.251546859741210938e-01
4.292122423648834229e-01
4.340912103652954102e-01
4.323703050613403320e-01
4.311763942241668701e-01
4.299826920032501221e-01
4.279871284961700439e-01
4.254094064235687256e-01
4.272354245185852051e-01
4.284583926200866699e-01
4.331805706024169922e-01
4.378998279571533203e-01
4.414590001106262207e-01
4.414737820625305176e-01
4.394338130950927734e-01
4.366315305233001709e-01
4.352678060531616211e-01
4.337280392646789551e-01
4.335794448852539062e-01
4.302176833152770996e-01
4.244264364242553711e-01
4.223729968070983887e-01
4.216684997081756592e-01
4.215807318687438965e-01
4.232409000396728516e-01
4.216172993183135986e-01
4.216658473014831543e-01
4.224243164062500000e-01
4.247805476188659668e-01
4.271368682384490967e-01
4.279626905918121338e-01
4.256241917610168457e-01
4.204905629158020020e-01
4.145021438598632812e-01
4.085137248039245605e-01
4.025253355503082275e-01
3.971849083900451660e-01
3.986562490463256836e-01
4.007452130317687988e-01
4.031731486320495605e-01
4.063020348548889160e-01
4.094313681125640869e-01
4.140335321426391602e-01
4.210737943649291992e-01
4.249895811080932617e-01
4.277884364128112793e-01
4.316679239273071289e-01
4.316478371620178223e-01
4.322195351123809814e-01
4.309906959533691406e-01
4.280140399932861328e-01
4.224613010883331299e-01
4.172104597091674805e-01
4.128552079200744629e-01
4.078201353549957275e-01
4.039780497550964355e-01
4.021769762039184570e-01
4.027768075466156006e-01
3.989097476005554199e-01
4.006053805351257324e-01
4.028662443161010742e-01
4.055235981941223145e-01
4.070853590965270996e-01
4.058994054794311523e-01
4.021533131599426270e-01
4.019267559051513672e-01
4.018138349056243896e-01
4.010119140148162842e-01
3.991531133651733398e-01
3.972599506378173828e-01
3.933444023132324219e-01
3.858547210693359375e-01
3.763135969638824463e-01
3.670253455638885498e-01
3.568179607391357422e-01
3.480247855186462402e-01
3.440147042274475098e-01
3.421042859554290771e-01
3.381802141666412354e-01
3.401032090187072754e-01
3.417371213436126709e-01
3.429843783378601074e-01
3.443963229656219482e-01
3.456816375255584717e-01
3.463329076766967773e-01
3.463704586029052734e-01
3.466008305549621582e-01
3.465844392776489258e-01
3.542860150337219238e-01
3.660295903682708740e-01
3.784581422805786133e-01
3.907609283924102783e-01
4.014103710651397705e-01
4.117123484611511230e-01
4.212670326232910156e-01
4.307917654514312744e-01
4.362235069274902344e-01
4.582766294479370117e-01
4.555845260620117188e-01
4.528920352458953857e-01
4.472042918205261230e-01
4.375505149364471436e-01
4.272460341453552246e-01
4.170662164688110352e-01
4.080306291580200195e-01
3.989955782890319824e-01
3.899598121643066406e-01
3.809248507022857666e-01
3.718889951705932617e-01
3.635773360729217529e-01
3.615157008171081543e-01
3.594861924648284912e-01
3.575188517570495605e-01
3.559328913688659668e-01
3.550274372100830078e-01
3.536063432693481445e-01
3.522502779960632324e-01
3.528830111026763916e-01
3.584450483322143555e-01
3.742617666721343994e-01
3.830893337726593018e-01
3.809792399406433105e-01
3.781561851501464844e-01
3.825949728488922119e-01
3.916554152965545654e-01
3.993678987026214600e-01
4.058484435081481934e-01
4.130942523479461670e-01
4.178404211997985840e-01
4.181374013423919678e-01
4.212691485881805420e-01
4.259546399116516113e-01
4.243252575397491455e-01
4.221823513507843018e-01
4.210945665836334229e-01
4.220401942729949951e-01
4.230580925941467285e-01
4.245247244834899902e-01
4.237737655639648438e-01
4.265558123588562012e-01
4.328967332839965820e-01
4.373643398284912109e-01
4.368147850036621094e-01
4.346940219402313232e-01
4.325730800628662109e-01
4.333723187446594238e-01
4.336328506469726562e-01
4.301407039165496826e-01
4.223868250846862793e-01
4.181398153305053711e-01
4.182849526405334473e-01
4.173063933849334717e-01
4.181669354438781738e-01
4.196520149707794189e-01
4.187831580638885498e-01
4.203782975673675537e-01
4.200050830841064453e-01
4.226187765598297119e-01
4.227192401885986328e-01
4.213938713073730469e-01
4.157968163490295410e-01
4.098085165023803711e-01
4.038200080394744873e-01
3.978551626205444336e-01
3.919133245944976807e-01
3.893797397613525391e-01
3.915790319442749023e-01
3.937146663665771484e-01
3.958958983421325684e-01
3.990250825881958008e-01
4.021543860435485840e-01
4.057687520980834961e-01
4.117569327354431152e-01
4.158906936645507812e-01
4.207011461257934570e-01
4.239910840988159180e-01
4.259524345397949219e-01
4.255252778530120850e-01
4.236057400703430176e-01
4.216862320899963379e-01
4.182291626930236816e-01
4.119528532028198242e-01
4.072460830211639404e-01
4.015187919139862061e-01
3.953924179077148438e-01
3.934198319911956787e-01
3.965155482292175293e-01
3.961182832717895508e-01
3.941974937915802002e-01
3.971789181232452393e-01
3.998430371284484863e-01
3.994649648666381836e-01
3.988475203514099121e-01
3.976617455482482910e-01
3.972649574279785156e-01
3.964632749557495117e-01
3.956611454486846924e-01
3.943735957145690918e-01
3.924805521965026855e-01
3.905873894691467285e-01
3.843990564346313477e-01
3.751660585403442383e-01
3.662103712558746338e-01
3.579460978507995605e-01
3.489093184471130371e-01
3.426906466484069824e-01
3.343823552131652832e-01
3.292678594589233398e-01
3.247555196285247803e-01
3.245468735694885254e-01
3.238630294799804688e-01
3.240341544151306152e-01
3.240402340888977051e-01
3.234997093677520752e-01
3.244196176528930664e-01
3.268374204635620117e-01
3.287509083747863770e-01
3.405369520187377930e-01
3.555760383605957031e-01
3.676770925521850586e-01
3.783265054225921631e-01
3.885487020015716553e-01
3.984718918800354004e-01
4.079965353012084961e-01
4.175214171409606934e-01
4.270458221435546875e-01
4.539330005645751953e-01
4.512408375740051270e-01
4.444544613361358643e-01
4.370527863502502441e-01
4.296507239341735840e-01
4.209007620811462402e-01
4.105983972549438477e-01
4.015628397464752197e-01
3.925276696681976318e-01
3.834921419620513916e-01
3.743314743041992188e-01
3.653904199600219727e-01
3.564496934413909912e-01
3.510404229164123535e-01
3.495500087738037109e-01
3.480602502822875977e-01
3.463267982006072998e-01
3.440984189510345459e-01
3.413333892822265625e-01
3.372053503990173340e-01
3.332596421241760254e-01
3.362567424774169922e-01
3.461468517780303955e-01
3.534227013587951660e-01
3.507666885852813721e-01
3.478659987449645996e-01
3.555659651756286621e-01
3.711899220943450928e-01
3.853713572025299072e-01
3.965084254741668701e-01
4.040635824203491211e-01
4.084855318069458008e-01
4.103524684906005859e-01
4.122242629528045654e-01
4.187626242637634277e-01
4.201933443546295166e-01
4.199298024177551270e-01
4.194267988204956055e-01
4.195303022861480713e-01
4.197720289230346680e-01
4.190722107887268066e-01
4.179781675338745117e-01
4.206894040107727051e-01
4.255797266960144043e-01
4.277938306331634521e-01
4.297025799751281738e-01
4.286949038505554199e-01
4.275766611099243164e-01
4.274017214775085449e-01
4.283056855201721191e-01
4.234971106052398682e-01
4.179246425628662109e-01
4.138256311416625977e-01
4.127230942249298096e-01
4.147129952907562256e-01
4.183505475521087646e-01
4.175765514373779297e-01
4.191708564758300781e-01
4.188026785850524902e-01
4.144580960273742676e-01
4.112835228443145752e-01
4.100050330162048340e-01
4.087260365486145020e-01
4.052542150020599365e-01
3.993123769760131836e-01
3.933705687522888184e-01
3.874286115169525146e-01
3.814870715141296387e-01
3.808237314224243164e-01
3.844698965549468994e-01
3.867303133010864258e-01
3.888658881187438965e-01
3.917480111122131348e-01
3.948772549629211426e-01
3.980064988136291504e-01
4.019919633865356445e-01
4.056352674961090088e-01
4.084875285625457764e-01
4.122543931007385254e-01
4.173450767993927002e-01
4.187767505645751953e-01
4.165569543838500977e-01
4.146371483802795410e-01
4.129204750061035156e-01
4.102165102958679199e-01
4.055061042308807373e-01
3.983568251132965088e-01
3.942588567733764648e-01
3.931617736816406250e-01
3.916909098625183105e-01
3.942522406578063965e-01
3.935403823852539062e-01
3.903869986534118652e-01
3.915852010250091553e-01
3.926952481269836426e-01
3.921109437942504883e-01
3.914648294448852539e-01
3.927269279956817627e-01
3.914080560207366943e-01
3.903105556964874268e-01
3.895086646080017090e-01
3.877010345458984375e-01
3.848480582237243652e-01
3.812585473060607910e-01
3.748272061347961426e-01
3.675094544887542725e-01
3.604451417922973633e-01
3.507433533668518066e-01
3.421663045883178711e-01
3.294647932052612305e-01
3.157556951045989990e-01
3.069838285446166992e-01
3.048048615455627441e-01
3.038707971572875977e-01
3.018658459186553955e-01
3.002678751945495605e-01
2.996799945831298828e-01
2.998877167701721191e-01
3.024054765701293945e-01
3.065196871757507324e-01
3.239492177963256836e-01
3.423454761505126953e-01
3.556989431381225586e-01
3.659926056861877441e-01
3.760924935340881348e-01
3.860861063003540039e-01
3.957893848419189453e-01
4.054927825927734375e-01
4.151958823204040527e-01
4.491062760353088379e-01
4.417044222354888916e-01
4.343024492263793945e-01
4.269008040428161621e-01
4.194993078708648682e-01
4.119787216186523438e-01
4.037513136863708496e-01
3.949073553085327148e-01
3.859664797782897949e-01
3.773449361324310303e-01
3.688815832138061523e-01
3.604064583778381348e-01
3.516861200332641602e-01
3.419823050498962402e-01
3.377074003219604492e-01
3.347828984260559082e-01
3.310000002384185791e-01
3.260055184364318848e-01
3.205246925354003906e-01
3.110133409500122070e-01
3.035672307014465332e-01
3.034707307815551758e-01
3.116052150726318359e-01
3.189051747322082520e-01
3.188717067241668701e-01
3.200913071632385254e-01
3.333423137664794922e-01
3.533922433853149414e-01
3.699792027473449707e-01
3.825702071189880371e-01
3.934876620769500732e-01
4.003150463104248047e-01
4.064256548881530762e-01
4.109845161437988281e-01
4.161404967308044434e-01
4.203508496284484863e-01
4.194279313087463379e-01
4.176858067512512207e-01
4.146592020988464355e-01
4.124704599380493164e-01
4.111437201499938965e-01
4.110370278358459473e-01
4.114949107170104980e-01
4.148488938808441162e-01
4.173841178417205811e-01
4.199193716049194336e-01
4.219956398010253906e-01
4.215046763420104980e-01
4.212716817855834961e-01
4.183012843132019043e-01
4.139263629913330078e-01
4.120166301727294922e-01
4.108181595802307129e-01
4.097669124603271484e-01
4.122641682624816895e-01
4.139170050621032715e-01
4.132746160030364990e-01
4.125269949436187744e-01
4.087677597999572754e-01
4.037897884845733643e-01
3.994753360748291016e-01
3.974997401237487793e-01
3.962209820747375488e-01
3.948278129100799561e-01
3.888860940933227539e-01
3.829441666603088379e-01
3.770022392272949219e-01
3.727594017982482910e-01
3.722674846649169922e-01
3.750503063201904297e-01
3.797459006309509277e-01
3.818815350532531738e-01
3.844708800315856934e-01
3.876000046730041504e-01
3.907293379306793213e-01
3.922268152236938477e-01
3.937691450119018555e-01
3.959162831306457520e-01
3.990660905838012695e-01
4.045643210411071777e-01
4.081185162067413330e-01
4.087473154067993164e-01
4.085186421871185303e-01
4.079290032386779785e-01
4.077222943305969238e-01
4.043371975421905518e-01
3.978169560432434082e-01
3.972305655479431152e-01
3.977700471878051758e-01
3.993386626243591309e-01
3.998979926109313965e-01
3.981449007987976074e-01
3.922101855278015137e-01
3.846948444843292236e-01
3.863276839256286621e-01
3.860769271850585938e-01
3.868951201438903809e-01
3.902851045131683350e-01
3.907967507839202881e-01
3.896565437316894531e-01
3.885161280632019043e-01
3.865367174148559570e-01
3.836683034896850586e-01
3.818016052246093750e-01
3.788294196128845215e-01
3.719471395015716553e-01
3.638259470462799072e-01
3.527445793151855469e-01
3.400090336799621582e-01
3.264786303043365479e-01
3.129479289054870605e-01
2.994173765182495117e-01
2.896869778633117676e-01
2.878611683845520020e-01
2.860353589057922363e-01
2.842091619968414307e-01
2.824143767356872559e-01
2.821609973907470703e-01
2.849379181861877441e-01
2.911878228187561035e-01
3.102488517761230469e-01
3.279449343681335449e-01
3.450533151626586914e-01
3.585066199302673340e-01
3.695425987243652344e-01
3.802951574325561523e-01
3.906186223030090332e-01
4.004210233688354492e-01
4.102237224578857422e-01
4.403988122940063477e-01
4.316285848617553711e-01
4.240513443946838379e-01
4.167230129241943359e-01
4.093946516513824463e-01
4.023471474647521973e-01
3.954957723617553711e-01
3.895625770092010498e-01
3.813480734825134277e-01
3.715746998786926270e-01
3.616557717323303223e-01
3.517361879348754883e-01
3.403941690921783447e-01
3.288990259170532227e-01
3.185022473335266113e-01
3.136343061923980713e-01
3.076940774917602539e-01
2.979536056518554688e-01
2.870509326457977295e-01
2.764407992362976074e-01
2.723062336444854736e-01
2.718786001205444336e-01
2.799012959003448486e-01
2.854607403278350830e-01
2.886800169944763184e-01
2.998773455619812012e-01
3.159734010696411133e-01
3.356657624244689941e-01
3.550771474838256836e-01
3.728716373443603516e-01
3.881318271160125732e-01
3.956159055233001709e-01
4.016282558441162109e-01
4.076406359672546387e-01
4.136527180671691895e-01
4.205283522605895996e-01
4.183138012886047363e-01
4.148759245872497559e-01
4.110836386680603027e-01
4.083936512470245361e-01
4.060072004795074463e-01
4.063268899917602539e-01
4.044091701507568359e-01
4.050458967685699463e-01
4.072858393192291260e-01
4.105882048606872559e-01
4.135127961635589600e-01
4.152983427047729492e-01
4.109641909599304199e-01
4.064522981643676758e-01
4.051744341850280762e-01
4.056648015975952148e-01
4.060812592506408691e-01
4.055910408496856689e-01
4.046928286552429199e-01
4.067701101303100586e-01
4.060288667678833008e-01
4.058434665203094482e-01
4.032362103462219238e-01
3.997736275196075439e-01
3.951110839843750000e-01
3.909265995025634766e-01
3.899256587028503418e-01
3.889248371124267578e-01
3.852248489856719971e-01
3.795609474182128906e-01
3.738968372344970703e-01
3.718018531799316406e-01
3.715875744819641113e-01
3.737843632698059082e-01
3.800534605979919434e-01
3.836067318916320801e-01
3.861810564994812012e-01
3.895881175994873047e-01
3.920961022377014160e-01
3.908464312553405762e-01
3.914686143398284912e-01
3.937208056449890137e-01
3.967405557632446289e-01
4.020645022392272949e-01
4.051780104637145996e-01
4.086232185363769531e-01
4.117666482925415039e-01
4.127390384674072266e-01
4.128581881523132324e-01
4.132609665393829346e-01
4.128883183002471924e-01
4.124504327774047852e-01
4.149682819843292236e-01
4.175178408622741699e-01
4.183896780014038086e-01
4.152930378913879395e-01
4.075575768947601318e-01
3.983237445354461670e-01
3.922412395477294922e-01
3.908704817295074463e-01
3.933427333831787109e-01
3.967918753623962402e-01
3.990096449851989746e-01
3.986934125423431396e-01
3.979502916336059570e-01
3.961252570152282715e-01
3.933458328247070312e-01
3.903488516807556152e-01
3.864406347274780273e-01
3.804278969764709473e-01
3.711242973804473877e-01
3.608328700065612793e-01
3.465731441974639893e-01
3.324847817420959473e-01
3.185302019119262695e-01
3.037776350975036621e-01
2.890251576900482178e-01
2.805258631706237793e-01
2.787989675998687744e-01
2.770721316337585449e-01
2.753683924674987793e-01
2.737333476543426514e-01
2.765964269638061523e-01
2.838200926780700684e-01
3.024413287639617920e-01
3.199631571769714355e-01
3.370064198970794678e-01
3.540497720241546631e-01
3.668211102485656738e-01
3.788960278034210205e-01
3.896587789058685303e-01
4.002217948436737061e-01
4.107850492000579834e-01
4.410425424575805664e-01
4.315688610076904297e-01
4.224820137023925781e-01
4.147630929946899414e-01
4.078167080879211426e-01
3.998215794563293457e-01
3.916744589805603027e-01
3.838625550270080566e-01
3.754619956016540527e-01
3.655219972133636475e-01
3.542187809944152832e-01
3.429158329963684082e-01
3.316128253936767578e-01
3.200730383396148682e-01
3.076548278331756592e-01
2.944612503051757812e-01
2.837508916854858398e-01
2.730415761470794678e-01
2.623533010482788086e-01
2.532207965850830078e-01
2.514118850231170654e-01
2.514399290084838867e-01
2.606106400489807129e-01
2.721791863441467285e-01
2.808211445808410645e-01
2.924721240997314453e-01
3.121939003467559814e-01
3.376273512840270996e-01
3.599422872066497803e-01
3.802284300327301025e-01
3.958800733089447021e-01
4.035755991935729980e-01
4.101095497608184814e-01
4.166433811187744141e-01
4.224152565002441406e-01
4.286370873451232910e-01
4.283553063869476318e-01
4.251114130020141602e-01
4.235261082649230957e-01
4.210060238838195801e-01
4.201116859912872314e-01
4.163017868995666504e-01
4.118492305278778076e-01
4.095959067344665527e-01
4.125652015209197998e-01
4.150804579257965088e-01
4.173341989517211914e-01
4.175163209438323975e-01
4.122610688209533691e-01
4.078202545642852783e-01
4.052909016609191895e-01
4.022747576236724854e-01
4.012895226478576660e-01
3.993704915046691895e-01
4.008996486663818359e-01
4.054501354694366455e-01
4.063667356967926025e-01
4.062717854976654053e-01
4.040920734405517578e-01
4.013266861438751221e-01
3.985614478588104248e-01
3.954088985919952393e-01
3.926834464073181152e-01
3.912415504455566406e-01
3.896206915378570557e-01
3.839567899703979492e-01
3.783836066722869873e-01
3.780676722526550293e-01
3.778533339500427246e-01
3.793630599975585938e-01
3.854560852050781250e-01
3.914445638656616211e-01
3.938579857349395752e-01
3.971331119537353516e-01
3.968803882598876953e-01
3.938301205635070801e-01
3.941054940223693848e-01
3.960816562175750732e-01
3.987721502780914307e-01
4.035405516624450684e-01
4.072885513305664062e-01
4.108014404773712158e-01
4.141688346862792969e-01
4.176050126552581787e-01
4.219180941581726074e-01
4.280700087547302246e-01
4.294164180755615234e-01
4.322968125343322754e-01
4.349107742309570312e-01
4.375294446945190430e-01
4.376045763492584229e-01
4.352516829967498779e-01
4.243538975715637207e-01
4.143507182598114014e-01
4.063221812248229980e-01
4.008431732654571533e-01
4.033248722553253174e-01
4.061682820320129395e-01
4.081926345825195312e-01
4.102363586425781250e-01
4.092578887939453125e-01
4.073662757873535156e-01
4.036836922168731689e-01
3.988339900970458984e-01
3.928273916244506836e-01
3.868839442729949951e-01
3.781708478927612305e-01
3.689020276069641113e-01
3.548216819763183594e-01
3.378650546073913574e-01
3.231127262115478516e-01
3.083603382110595703e-01
2.936078011989593506e-01
2.800330519676208496e-01
2.721799015998840332e-01
2.700701951980590820e-01
2.684350609779357910e-01
2.679696679115295410e-01
2.682481110095977783e-01
2.759698629379272461e-01
2.939172387123107910e-01
3.119150996208190918e-01
3.289596736431121826e-01
3.460028171539306641e-01
3.625682294368743896e-01
3.745581209659576416e-01
3.865476250648498535e-01
3.985373675823211670e-01
4.095852375030517578e-01
4.570437073707580566e-01
4.464012980461120605e-01
4.353677630424499512e-01
4.239290952682495117e-01
4.117997288703918457e-01
4.011136889457702637e-01
3.914110660552978516e-01
3.824880123138427734e-01
3.740542232990264893e-01
3.656200170516967773e-01
3.564244210720062256e-01
3.450876772403717041e-01
3.326581716537475586e-01
3.157603144645690918e-01
2.982270121574401855e-01
2.805095314979553223e-01
2.687896192073822021e-01
2.580458223819732666e-01
2.473150193691253662e-01
2.420600354671478271e-01
2.402172386646270752e-01
2.424060702323913574e-01
2.589743137359619141e-01
2.757688760757446289e-01
2.888488173484802246e-01
3.033744990825653076e-01
3.226081728935241699e-01
3.499680459499359131e-01
3.734375238418579102e-01
3.929221034049987793e-01
4.075947999954223633e-01
4.170270264148712158e-01
4.235018491744995117e-01
4.289585351943969727e-01
4.340231120586395264e-01
4.381445646286010742e-01
4.365875124931335449e-01
4.346222877502441406e-01
4.339150786399841309e-01
4.341050982475280762e-01
4.325088858604431152e-01
4.286129176616668701e-01
4.241214990615844727e-01
4.197542071342468262e-01
4.202075600624084473e-01
4.207676649093627930e-01
4.221128821372985840e-01
4.160336256027221680e-01
4.074201285839080811e-01
4.009338617324829102e-01
3.987262248992919922e-01
3.974277973175048828e-01
3.955071568489074707e-01
3.957893252372741699e-01
3.989530801773071289e-01
4.010855555534362793e-01
4.033420681953430176e-01
4.049144983291625977e-01
4.029808938503265381e-01
4.000664949417114258e-01
3.988290727138519287e-01
3.961862325668334961e-01
3.933997750282287598e-01
3.929072618484497070e-01
3.915665149688720703e-01
3.872347474098205566e-01
3.837706446647644043e-01
3.838964998722076416e-01
3.840226829051971436e-01
3.853623270988464355e-01
3.913345932960510254e-01
3.975825309753417969e-01
4.021296501159667969e-01
4.040049910545349121e-01
4.011731445789337158e-01
3.979796767234802246e-01
3.973678946495056152e-01
3.988328576087951660e-01
4.017342627048492432e-01
4.061112999916076660e-01
4.095224142074584961e-01
4.133951067924499512e-01
4.174897372722625732e-01
4.223070144653320312e-01
4.304474294185638428e-01
4.391983747482299805e-01
4.461044669151306152e-01
4.499493539333343506e-01
4.545996189117431641e-01
4.563647508621215820e-01
4.562431573867797852e-01
4.503704607486724854e-01
4.429303407669067383e-01
4.283744990825653076e-01
4.191320240497589111e-01
4.122788906097412109e-01
4.132345318794250488e-01
4.175495207309722900e-01
4.221878647804260254e-01
4.241351485252380371e-01
4.205365777015686035e-01
4.168069958686828613e-01
4.127786755561828613e-01
4.064750373363494873e-01
3.999836742877960205e-01
3.934923708438873291e-01
3.865193128585815430e-01
3.761420249938964844e-01
3.610277771949768066e-01
3.435594737529754639e-01
3.280633091926574707e-01
3.129428029060363770e-01
2.981904447078704834e-01
2.834381461143493652e-01
2.731018066406250000e-01
2.653405070304870605e-01
2.624326348304748535e-01
2.609708607196807861e-01
2.597115039825439453e-01
2.690262794494628906e-01
2.855693697929382324e-01
3.033910393714904785e-01
3.209128081798553467e-01
3.379561305046081543e-01
3.548760414123535156e-01
3.702201247215270996e-01
3.822096586227416992e-01
3.941992521286010742e-01
4.061888754367828369e-01
4.654230475425720215e-01
4.527395069599151611e-01
4.400562644004821777e-01
4.276912212371826172e-01
4.155616760253906250e-01
4.034317731857299805e-01
3.913019001483917236e-01
3.813127279281616211e-01
3.728789389133453369e-01
3.644272089004516602e-01
3.546617627143859863e-01
3.404243588447570801e-01
3.234876394271850586e-01
3.060066699981689453e-01
2.882889509201049805e-01
2.705715894699096680e-01
2.544568181037902832e-01
2.442812621593475342e-01
2.348710894584655762e-01
2.334409356117248535e-01
2.399573028087615967e-01
2.494242787361145020e-01
2.685024738311767578e-01
2.892960608005523682e-01
3.048755526542663574e-01
3.205493986606597900e-01
3.382165431976318359e-01
3.628424704074859619e-01
3.860726952552795410e-01
4.073931574821472168e-01
4.202543795108795166e-01
4.293552637100219727e-01
4.372676610946655273e-01
4.430342614650726318e-01
4.472704231739044189e-01
4.487847387790679932e-01
4.477301537990570068e-01
4.470694959163665771e-01
4.464088380336761475e-01
4.452418684959411621e-01
4.426490664482116699e-01
4.400559067726135254e-01
4.374631047248840332e-01
4.348703026771545410e-01
4.327908158302307129e-01
4.290967881679534912e-01
4.186792969703674316e-01
4.079121351242065430e-01
4.021291136741638184e-01
3.996624946594238281e-01
3.967396020889282227e-01
3.942399322986602783e-01
3.942073285579681396e-01
3.972218930721282959e-01
4.005556702613830566e-01
4.003270268440246582e-01
4.025277793407440186e-01
4.033632278442382812e-01
4.026228785514831543e-01
4.018821716308593750e-01
3.999584317207336426e-01
3.976033926010131836e-01
3.962472081184387207e-01
3.948915004730224609e-01
3.950056731700897217e-01
3.934428691864013672e-01
3.910502195358276367e-01
3.906671404838562012e-01
3.906747698783874512e-01
3.913854360580444336e-01
3.969929516315460205e-01
4.034840464591979980e-01
4.090638756752014160e-01
4.092525541782379150e-01
4.063018560409545898e-01
4.033513069152832031e-01
4.019945859909057617e-01
4.039504528045654297e-01
4.072085022926330566e-01
4.107118844985961914e-01
4.144585132598876953e-01
4.184678792953491211e-01
4.226972162723541260e-01
4.299093782901763916e-01
4.404740035533905029e-01
4.507756233215332031e-01
4.595999419689178467e-01
4.656418263912200928e-01
4.694782495498657227e-01
4.729914069175720215e-01
4.694860577583312988e-01
4.633424878120422363e-01
4.569205641746520996e-01
4.462294578552246094e-01
4.334512650966644287e-01
4.288897216320037842e-01
4.282138049602508545e-01
4.306259155273437500e-01
4.332555532455444336e-01
4.346618056297302246e-01
4.331638216972351074e-01
4.273671209812164307e-01
4.214355945587158203e-01
4.151718914508819580e-01
4.080571532249450684e-01
4.012722969055175781e-01
3.934388756752014160e-01
3.839804232120513916e-01
3.686184883117675781e-01
3.523542881011962891e-01
3.356364667415618896e-01
3.201599121093750000e-01
3.043209910392761230e-01
2.888203263282775879e-01
2.744119465351104736e-01
2.673213481903076172e-01
2.595099210739135742e-01
2.533426880836486816e-01
2.509926557540893555e-01
2.626847028732299805e-01
2.791936397552490234e-01
2.957064509391784668e-01
3.130272626876831055e-01
3.300502300262451172e-01
3.468445837497711182e-01
3.633934259414672852e-01
3.779489398002624512e-01
3.899171948432922363e-01
4.018853902816772461e-01
4.723186492919921875e-01
4.596353769302368164e-01
4.469519257545471191e-01
4.342687726020812988e-01
4.215855896472930908e-01
4.089025557041168213e-01
3.962191939353942871e-01
3.840699195861816406e-01
3.710438311100006104e-01
3.561571240425109863e-01
3.419018387794494629e-01
3.276817500591278076e-01
3.134208917617797852e-01
2.971413135528564453e-01
2.796888351440429688e-01
2.622993588447570801e-01
2.457576096057891846e-01
2.349460422992706299e-01
2.323001623153686523e-01
2.413537502288818359e-01
2.508331239223480225e-01
2.606490254402160645e-01
2.838280200958251953e-01
3.063935041427612305e-01
3.219939172267913818e-01
3.360023796558380127e-01
3.520047068595886230e-01
3.771668672561645508e-01
3.999978005886077881e-01
4.186196327209472656e-01
4.316978454589843750e-01
4.409069120883941650e-01
4.491631686687469482e-01
4.558790028095245361e-01
4.582257270812988281e-01
4.595647156238555908e-01
4.603518247604370117e-01
4.595631361007690430e-01
4.579277634620666504e-01
4.553821682929992676e-01
4.527890980243682861e-01
4.494010210037231445e-01
4.432602822780609131e-01
4.370361864566802979e-01
4.320596456527709961e-01
4.246966540813446045e-01
4.155904054641723633e-01
4.075921475887298584e-01
4.024457931518554688e-01
3.968584537506103516e-01
3.935688734054565430e-01
3.938211202621459961e-01
3.951720595359802246e-01
3.990989923477172852e-01
4.002190828323364258e-01
4.001572430133819580e-01
4.023640155792236328e-01
4.025709629058837891e-01
4.018303751945495605e-01
4.010897874832153320e-01
4.003494679927825928e-01
3.993662297725677490e-01
3.973017334938049316e-01
3.961364924907684326e-01
3.968272209167480469e-01
3.982943296432495117e-01
4.001125097274780273e-01
4.003777503967285156e-01
3.997052311897277832e-01
3.995933830738067627e-01
4.048463702201843262e-01
4.106014966964721680e-01
4.147734344005584717e-01
4.156209826469421387e-01
4.126539230346679688e-01
4.097186326980590820e-01
4.085407257080078125e-01
4.108041524887084961e-01
4.147966802120208740e-01
4.177136719226837158e-01
4.214228391647338867e-01
4.258182942867279053e-01
4.316764473915100098e-01
4.419379532337188721e-01
4.528527855873107910e-01
4.631335139274597168e-01
4.717258214950561523e-01
4.802772402763366699e-01
4.834516048431396484e-01
4.854837656021118164e-01
4.841945767402648926e-01
4.802359938621520996e-01
4.743697047233581543e-01
4.681094884872436523e-01
4.565991163253784180e-01
4.505436420440673828e-01
4.486471414566040039e-01
4.463057518005371094e-01
4.450883567333221436e-01
4.443097710609436035e-01
4.439557194709777832e-01
4.404844641685485840e-01
4.348066449165344238e-01
4.287562668323516846e-01
4.207845926284790039e-01
4.114452004432678223e-01
4.018149971961975098e-01
3.931894302368164062e-01
3.782519996166229248e-01
3.618692159652709961e-01
3.454865217208862305e-01
3.306487798690795898e-01
3.152460157871246338e-01
2.993800640106201172e-01
2.839675545692443848e-01
2.717213630676269531e-01
2.621533274650573730e-01
2.523812055587768555e-01
2.442253232002258301e-01
2.575207352638244629e-01
2.739702463150024414e-01
2.904198169708251953e-01
3.068695962429046631e-01
3.231888413429260254e-01
3.397819995880126953e-01
3.562681078910827637e-01
3.727540373802185059e-01
3.864788413047790527e-01
3.983881473541259766e-01
4.770728945732116699e-01
4.665310978889465332e-01
4.538478553295135498e-01
4.413246214389801025e-01
4.289065301418304443e-01
4.164879322052001953e-01
4.021957516670227051e-01
3.847148120403289795e-01
3.675141632556915283e-01
3.503130972385406494e-01
3.331124484539031982e-01
3.174742162227630615e-01
3.023822307586669922e-01
2.875618934631347656e-01
2.742292284965515137e-01
2.595306336879730225e-01
2.452926635742187500e-01
2.360122501850128174e-01
2.430676221847534180e-01
2.532277703285217285e-01
2.640735507011413574e-01
2.767680883407592773e-01
3.013967871665954590e-01
3.226349949836730957e-01
3.369717001914978027e-01
3.506827354431152344e-01
3.664010465145111084e-01
3.908565640449523926e-01
4.128901660442352295e-01
4.299890100955963135e-01
4.427426159381866455e-01
4.523589909076690674e-01
4.595917463302612305e-01
4.645905494689941406e-01
4.684331417083740234e-01
4.703443646430969238e-01
4.738646745681762695e-01
4.705487489700317383e-01
4.678741097450256348e-01
4.620464742183685303e-01
4.555073380470275879e-01
4.489678740501403809e-01
4.429869353771209717e-01
4.358193576335906982e-01
4.251879751682281494e-01
4.161392748355865479e-01
4.091246724128723145e-01
4.059642553329467773e-01
4.021689891815185547e-01
3.981607556343078613e-01
3.953903317451477051e-01
3.954936861991882324e-01
3.967036604881286621e-01
4.003136456012725830e-01
4.010626077651977539e-01
4.007987380027770996e-01
4.004543125629425049e-01
4.002553820610046387e-01
4.004665613174438477e-01
4.002974927425384521e-01
3.995568752288818359e-01
3.988164961338043213e-01
3.980760574340820312e-01
3.967095017433166504e-01
3.950365185737609863e-01
3.997231721878051758e-01
4.053713381290435791e-01
4.078215062618255615e-01
4.088519811630249023e-01
4.090326428413391113e-01
4.123764336109161377e-01
4.163111150264739990e-01
4.204831123352050781e-01
4.205962419509887695e-01
4.196279644966125488e-01
4.182587265968322754e-01
4.168891906738281250e-01
4.185298085212707520e-01
4.215608239173889160e-01
4.228190481662750244e-01
4.253156483173370361e-01
4.304748773574829102e-01
4.400971233844757080e-01
4.506973028182983398e-01
4.629850387573242188e-01
4.728533625602722168e-01
4.817823767662048340e-01
4.907628893852233887e-01
4.937301874160766602e-01
4.926987886428833008e-01
4.941874146461486816e-01
4.955766797065734863e-01
4.941652417182922363e-01
4.894606471061706543e-01
4.795847535133361816e-01
4.734589457511901855e-01
4.691385030746459961e-01
4.624231457710266113e-01
4.576065540313720703e-01
4.549773633480072021e-01
4.541299343109130859e-01
4.535503685474395752e-01
4.487815201282501221e-01
4.420201778411865234e-01
4.343680143356323242e-01
4.259053468704223633e-01
4.168749451637268066e-01
4.058119356632232666e-01
3.915457129478454590e-01
3.739741444587707520e-01
3.575913906097412109e-01
3.429863452911376953e-01
3.285460472106933594e-01
3.133314549922943115e-01
2.971983253955841064e-01
2.807930111885070801e-01
2.709070742130279541e-01
2.610214054584503174e-01
2.520127296447753906e-01
2.593580186367034912e-01
2.733488678932189941e-01
2.891944646835327148e-01
3.052231669425964355e-01
3.216171860694885254e-01
3.366234004497528076e-01
3.528673052787780762e-01
3.692978024482727051e-01
3.857281208038330078e-01
3.986442685127258301e-01
4.792636036872863770e-01
4.702447652816772461e-01
4.601605534553527832e-01
4.499585628509521484e-01
4.354035854339599609e-01
4.175847172737121582e-01
3.991150259971618652e-01
3.809347152709960938e-01
3.637338876724243164e-01
3.465326726436614990e-01
3.295430243015289307e-01
3.141409158706665039e-01
2.989127337932586670e-01
2.857806682586669922e-01
2.739674150943756104e-01
2.629237174987792969e-01
2.564253211021423340e-01
2.533600330352783203e-01
2.568896412849426270e-01
2.678189873695373535e-01
2.793827354907989502e-01
2.947171032428741455e-01
3.176086843013763428e-01
3.378494977951049805e-01
3.520886301994323730e-01
3.649862408638000488e-01
3.793471455574035645e-01
4.037494063377380371e-01
4.257822334766387939e-01
4.413585066795349121e-01
4.541055560111999512e-01
4.631137847900390625e-01
4.688590168952941895e-01
4.723652601242065430e-01
4.767016768455505371e-01
4.818963408470153809e-01
4.826201796531677246e-01
4.752022624015808105e-01
4.677541851997375488e-01
4.612144231796264648e-01
4.548802971839904785e-01
4.488879144191741943e-01
4.414180815219879150e-01
4.318535923957824707e-01
4.180204272270202637e-01
4.087153077125549316e-01
4.055547714233398438e-01
4.016200304031372070e-01
3.975012302398681641e-01
3.966462910175323486e-01
3.957913219928741455e-01
3.991765081882476807e-01
4.035324156284332275e-01
4.045850932598114014e-01
4.018086194992065430e-01
4.003900885581970215e-01
3.994019031524658203e-01
3.984923958778381348e-01
3.983704447746276855e-01
3.973189890384674072e-01
3.975301980972290039e-01
3.977414965629577637e-01
3.972836136817932129e-01
3.965432047843933105e-01
3.958025574684143066e-01
3.992758393287658691e-01
4.065220355987548828e-01
4.104227125644683838e-01
4.135989546775817871e-01
4.156638681888580322e-01
4.187180995941162109e-01
4.230467081069946289e-01
4.256881177425384521e-01
4.260546565055847168e-01
4.273075759410858154e-01
4.256359338760375977e-01
4.236348569393157959e-01
4.237764477729797363e-01
4.258619248867034912e-01
4.267520904541015625e-01
4.294343590736389160e-01
4.382565319538116455e-01
4.485418498516082764e-01
4.608297944068908691e-01
4.731175303459167480e-01
4.825776815414428711e-01
4.902006983757019043e-01
4.958925843238830566e-01
5.016269087791442871e-01
5.004902482032775879e-01
5.018332600593566895e-01
5.045008063316345215e-01
5.063806176185607910e-01
5.044381022453308105e-01
4.989470839500427246e-01
4.923115968704223633e-01
4.853912591934204102e-01
4.784334897994995117e-01
4.713919162750244141e-01
4.673592448234558105e-01
4.648453593254089355e-01
4.626084268093109131e-01
4.594699144363403320e-01
4.541850984096527100e-01
4.476609826087951660e-01
4.394885599613189697e-01
4.310262799263000488e-01
4.200839400291442871e-01
4.066033959388732910e-01
3.901117742061614990e-01
3.721239268779754639e-01
3.541363477706909180e-01
3.405373692512512207e-01
3.258032798767089844e-01
3.098986148834228516e-01
2.931137681007385254e-01
2.796608805656433105e-01
2.697752416133880615e-01
2.628347277641296387e-01
2.699211835861206055e-01
2.791237235069274902e-01
2.912346124649047852e-01
3.065634965896606445e-01
3.219006657600402832e-01
3.367973566055297852e-01
3.512153625488281250e-01
3.664179444313049316e-01
3.827095627784729004e-01
3.991656303405761719e-01
4.779863357543945312e-01
4.714547395706176758e-01
4.614288210868835449e-01
4.462423324584960938e-01
4.301064908504486084e-01
4.139267206192016602e-01
3.954569101333618164e-01
3.772933483123779297e-01
3.620813190937042236e-01
3.470689058303833008e-01
3.318443894386291504e-01
3.173633217811584473e-01
3.031691312789916992e-01
2.892864942550659180e-01
2.795417010784149170e-01
2.758128643035888672e-01
2.728701531887054443e-01
2.741831839084625244e-01
2.779536247253417969e-01
2.863667011260986328e-01
2.985945343971252441e-01
3.131951391696929932e-01
3.351563215255737305e-01
3.541648089885711670e-01
3.661860525608062744e-01
3.786595165729522705e-01
3.922532200813293457e-01
4.166415333747863770e-01
4.383198618888854980e-01
4.527063369750976562e-01
4.643716812133789062e-01
4.717550873756408691e-01
4.769300818443298340e-01
4.800226092338562012e-01
4.787886738777160645e-01
4.807608723640441895e-01
4.807288646697998047e-01
4.753897786140441895e-01
4.669219553470611572e-01
4.608306884765625000e-01
4.544870555400848389e-01
4.470169544219970703e-01
4.384792447090148926e-01
4.250711202621459961e-01
4.120670557022094727e-01
4.051455259323120117e-01
4.010709524154663086e-01
3.966595530509948730e-01
3.955730199813842773e-01
3.947179317474365234e-01
3.946134746074676514e-01
3.985890150070190430e-01
4.050910770893096924e-01
4.076153039932250977e-01
4.063645005226135254e-01
4.040498733520507812e-01
4.002367854118347168e-01
3.964022696018218994e-01
3.954764604568481445e-01
3.952882289886474609e-01
3.951665163040161133e-01
3.949161767959594727e-01
3.945939540863037109e-01
3.948051333427429199e-01
3.953209519386291504e-01
4.000304341316223145e-01
4.071564674377441406e-01
4.114242196083068848e-01
4.144462943077087402e-01
4.153272211551666260e-01
4.198328852653503418e-01
4.260138273239135742e-01
4.300506114959716797e-01
4.309163689613342285e-01
4.311966300010681152e-01
4.318739771842956543e-01
4.298520386219024658e-01
4.289906919002532959e-01
4.299674630165100098e-01
4.311542809009552002e-01
4.365736544132232666e-01
4.466770887374877930e-01
4.586744010448455811e-01
4.709622263908386230e-01
4.832501411437988281e-01
4.916219711303710938e-01
4.975004792213439941e-01
5.023806691169738770e-01
5.078290700912475586e-01
5.103851556777954102e-01
5.101642012596130371e-01
5.108989477157592773e-01
5.123011469841003418e-01
5.120938420295715332e-01
5.110318064689636230e-01
5.064825415611267090e-01
4.998137354850769043e-01
4.928489327430725098e-01
4.860625267028808594e-01
4.777203202247619629e-01
4.727889895439147949e-01
4.692004919052124023e-01
4.672558903694152832e-01
4.632411897182464600e-01
4.585775732994079590e-01
4.524223804473876953e-01
4.443216919898986816e-01
4.331198930740356445e-01
4.208436608314514160e-01
4.061901271343231201e-01
3.888674378395080566e-01
3.703104853630065918e-01
3.536720573902130127e-01
3.384056091308593750e-01
3.216361999511718750e-01
3.055255711078643799e-01
2.887910008430480957e-01
2.785291373729705811e-01
2.741149067878723145e-01
2.805872559547424316e-01
2.896870374679565430e-01
2.988894581794738770e-01
3.092150092124938965e-01
3.243713974952697754e-01
3.392271697521209717e-01
3.531294465065002441e-01
3.670889735221862793e-01
3.818231225013732910e-01
3.977145254611968994e-01
4.691329002380371094e-01
4.599555730819702148e-01
4.493510723114013672e-01
4.360007047653198242e-01
4.217745065689086914e-01
4.075530767440795898e-01
3.936521112918853760e-01
3.797950744628906250e-01
3.650767207145690918e-01
3.506869375705718994e-01
3.364931344985961914e-01
3.223097920417785645e-01
3.103603124618530273e-01
3.033470809459686279e-01
2.979768216609954834e-01
2.926069796085357666e-01
2.907086014747619629e-01
2.952124476432800293e-01
3.000792562961578369e-01
3.039601743221282959e-01
3.177066445350646973e-01
3.319212496280670166e-01
3.528632819652557373e-01
3.712693452835083008e-01
3.835255205631256104e-01
3.954291939735412598e-01
4.079054594039916992e-01
4.315985441207885742e-01
4.511221051216125488e-01
4.638402462005615234e-01
4.721218943595886230e-01
4.746701121330261230e-01
4.758986234664916992e-01
4.771270155906677246e-01
4.787549376487731934e-01
4.765116572380065918e-01
4.770212173461914062e-01
4.751483798027038574e-01
4.677924215793609619e-01
4.600858092308044434e-01
4.526157379150390625e-01
4.451048970222473145e-01
4.321215748786926270e-01
4.192299842834472656e-01
4.093560576438903809e-01
4.005216658115386963e-01
3.962532877922058105e-01
3.944993913173675537e-01
3.936443328857421875e-01
3.930989205837249756e-01
3.952075839042663574e-01
3.982548713684082031e-01
4.045035243034362793e-01
4.075085520744323730e-01
4.067314863204956055e-01
4.054808616638183594e-01
4.026640057563781738e-01
3.984718918800354004e-01
3.954537510871887207e-01
3.936542272567749023e-01
3.927283287048339844e-01
3.920843601226806641e-01
3.919627368450164795e-01
3.918410539627075195e-01
3.936449289321899414e-01
3.986743688583374023e-01
4.044067263603210449e-01
4.125276803970336914e-01
4.129246771335601807e-01
4.125974774360656738e-01
4.163796901702880859e-01
4.240043759346008301e-01
4.283114671707153320e-01
4.324589073657989502e-01
4.357436597347259521e-01
4.374191164970397949e-01
4.360620379447937012e-01
4.342141151428222656e-01
4.341940283775329590e-01
4.382182955741882324e-01
4.456667304039001465e-01
4.565188884735107422e-01
4.688068628311157227e-01
4.813590645790100098e-01
4.929879307746887207e-01
4.999766349792480469e-01
5.062102079391479492e-01
5.096442103385925293e-01
5.123328566551208496e-01
5.172782540321350098e-01
5.168744921684265137e-01
5.164031386375427246e-01
5.157716870307922363e-01
5.152114033699035645e-01
5.153544545173645020e-01
5.171545147895812988e-01
5.126661658287048340e-01
5.064129233360290527e-01
4.986920952796936035e-01
4.907515645027160645e-01
4.812110662460327148e-01
4.769188761711120605e-01
4.733303189277648926e-01
4.707213044166564941e-01
4.660639464855194092e-01
4.614067077636718750e-01
4.549833834171295166e-01
4.433184564113616943e-01
4.314773082733154297e-01
4.187172353267669678e-01
4.033153653144836426e-01
3.849176168441772461e-01
3.664667606353759766e-01
3.516811728477478027e-01
3.365035057067871094e-01
3.199926018714904785e-01
3.023028373718261719e-01
2.872828543186187744e-01
2.853949368000030518e-01
2.916519641876220703e-01
3.002503812313079834e-01
3.094529509544372559e-01
3.186552822589874268e-01
3.275808393955230713e-01
3.417745530605316162e-01
3.561540842056274414e-01
3.700551092624664307e-01
3.837539553642272949e-01
3.971653580665588379e-01
4.512279629707336426e-01
4.413003325462341309e-01
4.332068264484405518e-01
4.254674613475799561e-01
4.162698984146118164e-01
4.048278927803039551e-01
3.924996554851531982e-01
3.791712522506713867e-01
3.673795461654663086e-01
3.558112978935241699e-01
3.429743647575378418e-01
3.330171704292297363e-01
3.271521329879760742e-01
3.217821717262268066e-01
3.169655799865722656e-01
3.130535185337066650e-01
3.136122226715087891e-01
3.155297040939331055e-01
3.188833892345428467e-01
3.272109925746917725e-01
3.357430100440979004e-01
3.492229580879211426e-01
3.701296746730804443e-01
3.888991177082061768e-01
4.008649587631225586e-01
4.126768410205841064e-01
4.246746897697448730e-01
4.467636942863464355e-01
4.604537785053253174e-01
4.679901003837585449e-01
4.724038243293762207e-01
4.744174480438232422e-01
4.750921130180358887e-01
4.754697680473327637e-01
4.748378396034240723e-01
4.757397174835205078e-01
4.753955006599426270e-01
4.736440181732177734e-01
4.678868651390075684e-01
4.582144320011138916e-01
4.507445096969604492e-01
4.391718804836273193e-01
4.263930022716522217e-01
4.155058264732360840e-01
4.062073528766632080e-01
3.971368670463562012e-01
3.934260010719299316e-01
3.925710320472717285e-01
3.917160332202911377e-01
3.928034901618957520e-01
3.958507776260375977e-01
3.988979160785675049e-01
4.035835862159729004e-01
4.054180383682250977e-01
4.070985615253448486e-01
4.058478474617004395e-01
4.024025499820709229e-01
3.982104659080505371e-01
3.948718905448913574e-01
3.937634825706481934e-01
3.921851217746734619e-01
3.898478150367736816e-01
3.882903456687927246e-01
3.867325782775878906e-01
3.900411128997802734e-01
3.953089118003845215e-01
4.007652997970581055e-01
4.061927795410156250e-01
4.096482992172241211e-01
4.115388095378875732e-01
4.150679111480712891e-01
4.201462864875793457e-01
4.244377613067626953e-01
4.287237823009490967e-01
4.330098032951354980e-01
4.378029108047485352e-01
4.423907101154327393e-01
4.408454895019531250e-01
4.408262968063354492e-01
4.475976824760437012e-01
4.560419321060180664e-01
4.669283032417297363e-01
4.797592163085937500e-01
4.912133812904357910e-01
5.031827092170715332e-01
5.094202160835266113e-01
5.138669013977050781e-01
5.153259038925170898e-01
5.166612267494201660e-01
5.205897688865661621e-01
5.211399197578430176e-01
5.200222730636596680e-01
5.185182690620422363e-01
5.178362727165222168e-01
5.181347727775573730e-01
5.205675959587097168e-01
5.208417773246765137e-01
5.155712962150573730e-01
5.091579556465148926e-01
5.027111768722534180e-01
4.949375987052917480e-01
4.850274920463562012e-01
4.810487031936645508e-01
4.774602651596069336e-01
4.735444188117980957e-01
4.688871502876281738e-01
4.632851183414459229e-01
4.530425071716308594e-01
4.416758418083190918e-01
4.284798800945281982e-01
4.136062562465667725e-01
3.975386619567871094e-01
3.789934217929840088e-01
3.625164628028869629e-01
3.477308750152587891e-01
3.323582410812377930e-01
3.163506984710693359e-01
2.990228533744812012e-01
2.977230548858642578e-01
3.025886714458465576e-01
3.102229237556457520e-01
3.197868168354034424e-01
3.292188048362731934e-01
3.380396664142608643e-01
3.467692136764526367e-01
3.591778278350830078e-01
3.725847005844116211e-01
3.859487175941467285e-01
3.993709087371826172e-01
4.377313256263732910e-01
4.293417036533355713e-01
4.211559295654296875e-01
4.137732386589050293e-01
4.066055119037628174e-01
3.993054926395416260e-01
3.898715376853942871e-01
3.800494074821472168e-01
3.689803779125213623e-01
3.597251474857330322e-01
3.538157939910888672e-01
3.507799506187438965e-01
3.455874323844909668e-01
3.414610624313354492e-01
3.374115228652954102e-01
3.338840305805206299e-01
3.348417282104492188e-01
3.374259173870086670e-01
3.422841727733612061e-01
3.487992286682128906e-01
3.553143441677093506e-01
3.665243089199066162e-01
3.877452611923217773e-01
4.063927531242370605e-01
4.176006019115447998e-01
4.268729686737060547e-01
4.347955882549285889e-01
4.516056776046752930e-01
4.616962075233459473e-01
4.676747322082519531e-01
4.720882773399353027e-01
4.743143916130065918e-01
4.749892950057983398e-01
4.729893803596496582e-01
4.729344844818115234e-01
4.752620458602905273e-01
4.776052832603454590e-01
4.759495854377746582e-01
4.677440226078033447e-01
4.585155248641967773e-01
4.473212361335754395e-01
4.341880083084106445e-01
4.216684401035308838e-01
4.122176468372344971e-01
4.032900333404541016e-01
3.952571153640747070e-01
3.914974927902221680e-01
3.906427025794982910e-01
3.905502557754516602e-01
3.934466838836669922e-01
3.964940309524536133e-01
3.995412588119506836e-01
4.015514254570007324e-01
4.033272266387939453e-01
4.051031470298767090e-01
4.061865210533142090e-01
4.014812707901000977e-01
3.966578245162963867e-01
3.918345570564270020e-01
3.894386887550354004e-01
3.876986503601074219e-01
3.859824538230895996e-01
3.845738172531127930e-01
3.842414617538452148e-01
3.891930878162384033e-01
3.937927484512329102e-01
3.962240815162658691e-01
3.989700078964233398e-01
4.048848748207092285e-01
4.077287912368774414e-01
4.124328494071960449e-01
4.168938994407653809e-01
4.205253720283508301e-01
4.248274862766265869e-01
4.291134476661682129e-01
4.336137771606445312e-01
4.388931989669799805e-01
4.436876177787780762e-01
4.502753615379333496e-01
4.585931897163391113e-01
4.680013060569763184e-01
4.779845476150512695e-01
4.899968504905700684e-01
5.023506283760070801e-01
5.122854709625244141e-01
5.174150466918945312e-01
5.187501907348632812e-01
5.200857520103454590e-01
5.200475454330444336e-01
5.202454924583435059e-01
5.237858295440673828e-01
5.223360657691955566e-01
5.221204161643981934e-01
5.190693736076354980e-01
5.203483104705810547e-01
5.213689208030700684e-01
5.245181918144226074e-01
5.220296978950500488e-01
5.169165730476379395e-01
5.116553306579589844e-01
5.058287382125854492e-01
4.989762306213378906e-01
4.892353415489196777e-01
4.851789474487304688e-01
4.815902113914489746e-01
4.764226078987121582e-01
4.702415466308593750e-01
4.611454010009765625e-01
4.499869346618652344e-01
4.374484419822692871e-01
4.226311445236206055e-01
4.085166156291961670e-01
3.916147053241729736e-01
3.733519315719604492e-01
3.585662543773651123e-01
3.437806665897369385e-01
3.282129168510437012e-01
3.124254345893859863e-01
3.104445338249206543e-01
3.157242536544799805e-01
3.216069042682647705e-01
3.294745683670043945e-01
3.373885452747344971e-01
3.463102579116821289e-01
3.551506996154785156e-01
3.637045323848724365e-01
3.736756742000579834e-01
3.874014019966125488e-01
4.011960029602050781e-01
4.275879859924316406e-01
4.197701513767242432e-01
4.119523167610168457e-01
4.041351079940795898e-01
3.963411450386047363e-01
3.902477622032165527e-01
3.844405114650726318e-01
3.783144354820251465e-01
3.735299706459045410e-01
3.705456852912902832e-01
3.675092756748199463e-01
3.650275170803070068e-01
3.634530305862426758e-01
3.607910275459289551e-01
3.558291196823120117e-01
3.551134467124938965e-01
3.556314408779144287e-01
3.586962223052978516e-01
3.652117252349853516e-01
3.717271089553833008e-01
3.782426118850708008e-01
3.850619792938232422e-01
4.032868444919586182e-01
4.175670146942138672e-01
4.254322946071624756e-01
4.332976341247558594e-01
4.401706457138061523e-01
4.536172151565551758e-01
4.613023400306701660e-01
4.673591554164886475e-01
4.717726707458496094e-01
4.741904139518737793e-01
4.718360304832458496e-01
4.706146717071533203e-01
4.726999402046203613e-01
4.747621417045593262e-01
4.755782485008239746e-01
4.763939976692199707e-01
4.699644446372985840e-01
4.600574374198913574e-01
4.448648989200592041e-01
4.322267174720764160e-01
4.213899374008178711e-01
4.120514988899230957e-01
4.034448266029357910e-01
3.964445292949676514e-01
3.905165791511535645e-01
3.894295096397399902e-01
3.910425305366516113e-01
3.940899074077606201e-01
3.971372544765472412e-01
3.999234139919281006e-01
3.990586102008819580e-01
3.997121453285217285e-01
4.008564949035644531e-01
4.014905095100402832e-01
3.984601199626922607e-01
3.936366438865661621e-01
3.888129591941833496e-01
3.849975168704986572e-01
3.836977779865264893e-01
3.826591372489929199e-01
3.816787600517272949e-01
3.830398619174957275e-01
3.871725797653198242e-01
3.900275826454162598e-01
3.929568529129028320e-01
3.963055312633514404e-01
4.005093872547149658e-01
4.040375351905822754e-01
4.072526395320892334e-01
4.099687933921813965e-01
4.157978594303131104e-01
4.203821420669555664e-01
4.244748950004577637e-01
4.295030236244201660e-01
4.354226589202880859e-01
4.456302821636199951e-01
4.535910487174987793e-01
4.655200839042663574e-01
4.785780310630798340e-01
4.894022345542907715e-01
5.010080337524414062e-01
5.116496682167053223e-01
5.194479823112487793e-01
5.221747159957885742e-01
5.225187540054321289e-01
5.222123265266418457e-01
5.219060778617858887e-01
5.215998888015747070e-01
5.239061117172241211e-01
5.248605608940124512e-01
5.229040980339050293e-01
5.196783542633056641e-01
5.209838747978210449e-01
5.220313668251037598e-01
5.251888036727905273e-01
5.255380272865295410e-01
5.230976343154907227e-01
5.182617306709289551e-01
5.132481455802917480e-01
5.088214278221130371e-01
5.023651719093322754e-01
4.935992360115051270e-01
4.893761873245239258e-01
4.849135875701904297e-01
4.770191907882690430e-01
4.671162962913513184e-01
4.558994770050048828e-01
4.452575147151947021e-01
4.319272339344024658e-01
4.173542261123657227e-01
4.029498994350433350e-01
3.855911195278167725e-01
3.694014251232147217e-01
3.546159267425537109e-01
3.397097587585449219e-01
3.251912295818328857e-01
3.240020871162414551e-01
3.283289074897766113e-01
3.341034650802612305e-01
3.418902158737182617e-01
3.496339917182922363e-01
3.564914464950561523e-01
3.633489012718200684e-01
3.706514239311218262e-01
3.792053461074829102e-01
3.869137763977050781e-01
4.007196426391601562e-01
4.188038110733032227e-01
4.109859466552734375e-01
4.034738540649414062e-01
3.967544138431549072e-01
3.902988731861114502e-01
3.839043378829956055e-01
3.792423605918884277e-01
3.769215345382690430e-01
3.789424598217010498e-01
3.808454573154449463e-01
3.815148770809173584e-01
3.802260160446166992e-01
3.773464262485504150e-01
3.744669258594512939e-01
3.722520470619201660e-01
3.745850920677185059e-01
3.755941689014434814e-01
3.816242814064025879e-01
3.880506157875061035e-01
3.926196098327636719e-01
3.959453105926513672e-01
3.994278311729431152e-01
4.124037325382232666e-01
4.267708659172058105e-01
4.323871135711669922e-01
4.387468099594116211e-01
4.448148012161254883e-01
4.537939429283142090e-01
4.611030817031860352e-01
4.670435786247253418e-01
4.714571833610534668e-01
4.714975953102111816e-01
4.690089225769042969e-01
4.701380133628845215e-01
4.718484878540039062e-01
4.726644158363342285e-01
4.734800457954406738e-01
4.742957949638366699e-01
4.710294008255004883e-01
4.595629572868347168e-01
4.439434409141540527e-01
4.318261742591857910e-01
4.218924343585968018e-01
4.132856428623199463e-01
4.056178927421569824e-01
3.992646932601928711e-01
3.929115533828735352e-01
3.916720151901245117e-01
3.935340344905853271e-01
3.953960239887237549e-01
3.972580432891845703e-01
3.989460468292236328e-01
3.961983919143676758e-01
3.950678110122680664e-01
3.960059881210327148e-01
3.960118293762207031e-01
3.942148685455322266e-01
3.907991945743560791e-01
3.865069746971130371e-01
3.824696540832519531e-01
3.808664083480834961e-01
3.798859715461730957e-01
3.786762952804565430e-01
3.815156817436218262e-01
3.839403390884399414e-01
3.860030770301818848e-01
3.889716565608978271e-01
3.924307227134704590e-01
3.969995081424713135e-01
4.022188782691955566e-01
4.028069972991943359e-01
4.047622084617614746e-01
4.088673293590545654e-01
4.133847653865814209e-01
4.186266362667083740e-01
4.242955148220062256e-01
4.347968697547912598e-01
4.469855427742004395e-01
4.590219259262084961e-01
4.703080654144287109e-01
4.827452898025512695e-01
4.937341213226318359e-01
5.074560046195983887e-01
5.187667608261108398e-01
5.249897837638854980e-01
5.246835350990295410e-01
5.243771672248840332e-01
5.240711569786071777e-01
5.237646102905273438e-01
5.234584808349609375e-01
5.239886641502380371e-01
5.255684852600097656e-01
5.211687088012695312e-01
5.195042490959167480e-01
5.214821100234985352e-01
5.226939916610717773e-01
5.251349806785583496e-01
5.289984941482543945e-01
5.265578627586364746e-01
5.241172909736633301e-01
5.196070075035095215e-01
5.148410201072692871e-01
5.106783509254455566e-01
5.052177309989929199e-01
4.983972907066345215e-01
4.937017560005187988e-01
4.831927418708801270e-01
4.718037247657775879e-01
4.618083834648132324e-01
4.514005184173583984e-01
4.400109052658081055e-01
4.261484146118164062e-01
4.122645258903503418e-01
3.967170715332031250e-01
3.798283934593200684e-01
3.654513061046600342e-01
3.506655097007751465e-01
3.387343287467956543e-01
3.380254805088043213e-01
3.402578830718994141e-01
3.463689684867858887e-01
3.540064394474029541e-01
3.611153066158294678e-01
3.679726123809814453e-01
3.748300373554229736e-01
3.816876113414764404e-01
3.885448575019836426e-01
3.949262201786041260e-01
4.019196629524230957e-01
4.106069803237915039e-01
4.036471247673034668e-01
3.971921801567077637e-01
3.907369971275329590e-01
3.849214613437652588e-01
3.821452856063842773e-01
3.803963661193847656e-01
3.816028237342834473e-01
3.840629458427429199e-01
3.877110481262207031e-01
3.904210925102233887e-01
3.913487792015075684e-01
3.906532526016235352e-01
3.869107961654663086e-01
3.870232105255126953e-01
3.893563151359558105e-01
3.938221335411071777e-01
3.997217118740081787e-01
4.026902914047241211e-01
4.052590131759643555e-01
4.084791541099548340e-01
4.118677079677581787e-01
4.217249155044555664e-01
4.345520734786987305e-01
4.421238899230957031e-01
4.466090202331542969e-01
4.478832185268402100e-01
4.539703428745269775e-01
4.612795710563659668e-01
4.668281674385070801e-01
4.691544175148010254e-01
4.681631922721862793e-01
4.675758481025695801e-01
4.689348340034484863e-01
4.697503447532653809e-01
4.705663323402404785e-01
4.713821411132812500e-01
4.730597138404846191e-01
4.676972925662994385e-01
4.569698274135589600e-01
4.438854455947875977e-01
4.327355027198791504e-01
4.248070716857910156e-01
4.143603742122650146e-01
4.070792794227600098e-01
4.000943899154663086e-01
3.938840925693511963e-01
3.926894664764404297e-01
3.945513665676116943e-01
3.964133560657501221e-01
3.982754945755004883e-01
3.985767364501953125e-01
3.957127332687377930e-01
3.933514356613159180e-01
3.939701318740844727e-01
3.930923640727996826e-01
3.913605511188507080e-01
3.897693157196044922e-01
3.858069181442260742e-01
3.811894655227661133e-01
3.779710531234741211e-01
3.765987753868103027e-01
3.758586645126342773e-01
3.784583210945129395e-01
3.808749914169311523e-01
3.838264644145965576e-01
3.867781162261962891e-01
3.897297680377960205e-01
3.926815092563629150e-01
3.963851034641265869e-01
3.971578180789947510e-01
4.007763862609863281e-01
4.043923914432525635e-01
4.085645079612731934e-01
4.132326245307922363e-01
4.219324588775634766e-01
4.341770410537719727e-01
4.481650292873382568e-01
4.611797928810119629e-01
4.727587699890136719e-01
4.846641421318054199e-01
4.955071806907653809e-01
5.070438981056213379e-01
5.176774859428405762e-01
5.231235027313232422e-01
5.250870585441589355e-01
5.262360572814941406e-01
5.259297490119934082e-01
5.256235003471374512e-01
5.250017046928405762e-01
5.226653218269348145e-01
5.218786001205444336e-01
5.198666453361511230e-01
5.189054608345031738e-01
5.212917923927307129e-01
5.233563780784606934e-01
5.250815749168395996e-01
5.295795202255249023e-01
5.300182700157165527e-01
5.275778174400329590e-01
5.251371264457702637e-01
5.209528803825378418e-01
5.165261030197143555e-01
5.122351050376892090e-01
5.077288746833801270e-01
5.003153681755065918e-01
4.899330139160156250e-01
4.781548380851745605e-01
4.677172005176544189e-01
4.573093652725219727e-01
4.464575052261352539e-01
4.338363409042358398e-01
4.207634031772613525e-01
4.071748852729797363e-01
3.904839158058166504e-01
3.755690753459930420e-01
3.615007698535919189e-01
3.519308567047119141e-01
3.520485162734985352e-01
3.524510562419891357e-01
3.573710918426513672e-01
3.648207187652587891e-01
3.725965023040771484e-01
3.794538676738739014e-01
3.863113522529602051e-01
3.931688070297241211e-01
4.000263512134552002e-01
4.068910479545593262e-01
4.128893911838531494e-01
4.040853977203369141e-01
3.976299166679382324e-01
3.913445472717285156e-01
3.872128129005432129e-01
3.850486278533935547e-01
3.844479024410247803e-01
3.856540024280548096e-01
3.881135582923889160e-01
3.901965916156768799e-01
3.928283154964447021e-01
3.953871130943298340e-01
3.970600366592407227e-01
3.983206152915954590e-01
3.965258598327636719e-01
3.980314135551452637e-01
3.976286649703979492e-01
4.020328521728515625e-01
4.069355428218841553e-01
4.118381142616271973e-01
4.172417223453521729e-01
4.210132360458374023e-01
4.243115484714508057e-01
4.334447979927062988e-01
4.408166408538818359e-01
4.482628703117370605e-01
4.524393677711486816e-01
4.544446766376495361e-01
4.570816755294799805e-01
4.619638919830322266e-01
4.657614827156066895e-01
4.659124016761779785e-01
4.654350280761718750e-01
4.660206437110900879e-01
4.668367505073547363e-01
4.676525294780731201e-01
4.684683680534362793e-01
4.703846573829650879e-01
4.688596725463867188e-01
4.628298282623291016e-01
4.506559371948242188e-01
4.436928331851959229e-01
4.325826466083526611e-01
4.235213100910186768e-01
4.169394075870513916e-01
4.084577560424804688e-01
4.004881083965301514e-01
3.962634801864624023e-01
3.937066793441772461e-01
3.955688774585723877e-01
3.974307775497436523e-01
3.992929458618164062e-01
3.980909287929534912e-01
3.953199386596679688e-01
3.928759396076202393e-01
3.934082686901092529e-01
3.923632502555847168e-01
3.907720446586608887e-01
3.891811370849609375e-01
3.875752985477447510e-01
3.826522231101989746e-01
3.777100443840026855e-01
3.751941323280334473e-01
3.744676709175109863e-01
3.766673207283020020e-01
3.790652751922607422e-01
3.816330432891845703e-01
3.845846652984619141e-01
3.875363469123840332e-01
3.904879391193389893e-01
3.928407728672027588e-01
3.916792571544647217e-01
3.935564160346984863e-01
3.975518047809600830e-01
4.038467109203338623e-01
4.122525453567504883e-01
4.245122671127319336e-01
4.378041625022888184e-01
4.484157264232635498e-01
4.585539102554321289e-01
4.704173207283020020e-01
4.835700392723083496e-01
4.937908649444580078e-01
5.027834773063659668e-01
5.125243067741394043e-01
5.172458887100219727e-01
5.203855037689208984e-01
5.232540965080261230e-01
5.251848101615905762e-01
5.260896086692810059e-01
5.244227647781372070e-01
5.209320783615112305e-01
5.186100006103515625e-01
5.186440348625183105e-01
5.183065533638000488e-01
5.206927657127380371e-01
5.230793356895446777e-01
5.250394940376281738e-01
5.295259952545166016e-01
5.334784388542175293e-01
5.310380458831787109e-01
5.286105275154113770e-01
5.262616276741027832e-01
5.224938988685607910e-01
5.181015729904174805e-01
5.118196010589599609e-01
5.040470957756042480e-01
4.957744479179382324e-01
4.852354526519775391e-01
4.742447733879089355e-01
4.632181823253631592e-01
4.528103470802307129e-01
4.402828216552734375e-01
4.277328252792358398e-01
4.154361784458160400e-01
4.016099572181701660e-01
3.849093317985534668e-01
3.713096380233764648e-01
3.648124933242797852e-01
3.655727505683898926e-01
3.656475245952606201e-01
3.668592274188995361e-01
3.747602403163909912e-01
3.831862807273864746e-01
3.908357024192810059e-01
3.977928161621093750e-01
4.046502113342285156e-01
4.115076065063476562e-01
4.183832406997680664e-01
4.248588383197784424e-01
3.983772397041320801e-01
3.923627138137817383e-01
3.900636732578277588e-01
3.879517912864685059e-01
3.884992599487304688e-01
3.902609944343566895e-01
3.921349644660949707e-01
3.934978246688842773e-01
3.953141570091247559e-01
3.971146941184997559e-01
3.978215157985687256e-01
3.972521722316741943e-01
3.954915404319763184e-01
3.966216444969177246e-01
3.995330035686492920e-01
4.039237797260284424e-01
4.092467427253723145e-01
4.141494035720825195e-01
4.194020032882690430e-01
4.250341057777404785e-01
4.306662082672119141e-01
4.362980723381042480e-01
4.444689750671386719e-01
4.506582617759704590e-01
4.517911672592163086e-01
4.559680223464965820e-01
4.577698111534118652e-01
4.619932174682617188e-01
4.662999808788299561e-01
4.660924077033996582e-01
4.634178876876831055e-01
4.628396034240722656e-01
4.639229178428649902e-01
4.647387564182281494e-01
4.651001393795013428e-01
4.665157198905944824e-01
4.653861820697784424e-01
4.606024622917175293e-01
4.543425142765045166e-01
4.468023478984832764e-01
4.401421248912811279e-01
4.315655529499053955e-01
4.231251478195190430e-01
4.172158837318420410e-01
4.110531806945800781e-01
4.043183624744415283e-01
3.993139863014221191e-01
3.958128094673156738e-01
3.965864777565002441e-01
3.984482288360595703e-01
4.004781246185302734e-01
3.983045816421508789e-01
3.961609899997711182e-01
3.940567970275878906e-01
3.933659195899963379e-01
3.917749226093292236e-01
3.901840448379516602e-01
3.882936239242553711e-01
3.863109350204467773e-01
3.838453888893127441e-01
3.788361549377441406e-01
3.738891482353210449e-01
3.752096295356750488e-01
3.776078224182128906e-01
3.800056874752044678e-01
3.824036419391632080e-01
3.848017454147338867e-01
3.871996402740478516e-01
3.895976543426513672e-01
3.902488350868225098e-01
3.888763189315795898e-01
3.903919160366058350e-01
3.931164145469665527e-01
3.990643024444580078e-01
4.113221466541290283e-01
4.252920746803283691e-01
4.377620816230773926e-01
4.484266638755798340e-01
4.584271311759948730e-01
4.673828780651092529e-01
4.784279465675354004e-01
4.863954782485961914e-01
4.951540827751159668e-01
5.042399764060974121e-01
5.096582770347595215e-01
5.137496590614318848e-01
5.168396830558776855e-01
5.186583995819091797e-01
5.201491713523864746e-01
5.189377665519714355e-01
5.178470611572265625e-01
5.157081484794616699e-01
5.152538418769836426e-01
5.179067254066467285e-01
5.200938582420349121e-01
5.224803090095520020e-01
5.247676968574523926e-01
5.294724106788635254e-01
5.339705348014831543e-01
5.345237851142883301e-01
5.321750640869140625e-01
5.298261046409606934e-01
5.270699262619018555e-01
5.219104290008544922e-01
5.153499841690063477e-01
5.074470639228820801e-01
4.984148144721984863e-01
4.912219047546386719e-01
4.802989959716796875e-01
4.701506495475769043e-01
4.587191939353942871e-01
4.467293322086334229e-01
4.341082572937011719e-01
4.221458435058593750e-01
4.101091325283050537e-01
3.953769803047180176e-01
3.805466890335083008e-01
3.760212063789367676e-01
3.779554963111877441e-01
3.788440823554992676e-01
3.787952065467834473e-01
3.835249841213226318e-01
3.928015232086181641e-01
4.014048576354980469e-01
4.090542197227478027e-01
4.161314070224761963e-01
4.229889512062072754e-01
4.298753142356872559e-01
4.368274807929992676e-01
3.965168595314025879e-01
3.932056427001953125e-01
3.913442492485046387e-01
3.925504684448242188e-01
3.946494460105895996e-01
3.960120975971221924e-01
3.973746299743652344e-01
3.973988890647888184e-01
3.961877822875976562e-01
3.947402834892272949e-01
3.924667835235595703e-01
3.901934027671813965e-01
3.879868388175964355e-01
3.918615579605102539e-01
3.981463015079498291e-01
4.070517122745513916e-01
4.152714014053344727e-01
4.221808016300201416e-01
4.271944165229797363e-01
4.328265190124511719e-01
4.384583830833435059e-01
4.433708786964416504e-01
4.520404338836669922e-01
4.579489529132843018e-01
4.567460119724273682e-01
4.594964683055877686e-01
4.599481821060180664e-01
4.637617468833923340e-01
4.681719541549682617e-01
4.674290120601654053e-01
4.630404710769653320e-01
4.625905156135559082e-01
4.602220654487609863e-01
4.602967500686645508e-01
4.617123305797576904e-01
4.616097211837768555e-01
4.571928381919860840e-01
4.507305026054382324e-01
4.484947323799133301e-01
4.432510733604431152e-01
4.365910887718200684e-01
4.297563135623931885e-01
4.220956563949584961e-01
4.172149300575256348e-01
4.120923280715942383e-01
4.095016717910766602e-01
4.048897624015808105e-01
3.999178409576416016e-01
3.979144394397735596e-01
4.003634452819824219e-01
4.016405344009399414e-01
3.995362520217895508e-01
3.974318802356719971e-01
3.953274786472320557e-01
3.927777409553527832e-01
3.909947872161865234e-01
3.890120089054107666e-01
3.870293200016021729e-01
3.850464820861816406e-01
3.830538392066955566e-01
3.795516192913055420e-01
3.743095397949218750e-01
3.761498928070068359e-01
3.785480260848999023e-01
3.809462189674377441e-01
3.833441734313964844e-01
3.857420682907104492e-01
3.885046839714050293e-01
3.913927078247070312e-01
3.908142745494842529e-01
3.896173834800720215e-01
3.908928930759429932e-01
3.938393294811248779e-01
4.033606946468353271e-01
4.136838912963867188e-01
4.242058396339416504e-01
4.340799748897552490e-01
4.440498054027557373e-01
4.537776708602905273e-01
4.635053575038909912e-01
4.742245078086853027e-01
4.829124212265014648e-01
4.859748482704162598e-01
4.930602908134460449e-01
4.986363053321838379e-01
5.026102662086486816e-01
5.064712762832641602e-01
5.092418789863586426e-01
5.106076598167419434e-01
5.108130574226379395e-01
5.103943943977355957e-01
5.090747475624084473e-01
5.100569128990173340e-01
5.174111723899841309e-01
5.194950699806213379e-01
5.218814611434936523e-01
5.242679715156555176e-01
5.281157493591308594e-01
5.339547395706176758e-01
5.380882620811462402e-01
5.357392430305480957e-01
5.327809453010559082e-01
5.286533236503601074e-01
5.238856077194213867e-01
5.192554593086242676e-01
5.112718939781188965e-01
5.020178556442260742e-01
4.935205578804016113e-01
4.860497117042541504e-01
4.747167825698852539e-01
4.646941423416137695e-01
4.531760215759277344e-01
4.405548572540283203e-01
4.281339645385742188e-01
4.165591001510620117e-01
4.043861627578735352e-01
3.891711235046386719e-01
3.870578110218048096e-01
3.889920115470886230e-01
3.909645080566406250e-01
3.919915556907653809e-01
3.926896452903747559e-01
4.014649093151092529e-01
4.108002781867980957e-01
4.196235537528991699e-01
4.272728562355041504e-01
4.344700574874877930e-01
4.413676857948303223e-01
4.483196139335632324e-01
3.986802399158477783e-01
3.969901800155639648e-01
3.974326848983764648e-01
3.985261321067810059e-01
3.994376063346862793e-01
3.987220525741577148e-01
3.962892293930053711e-01
3.927765488624572754e-01
3.894423842430114746e-01
3.871685862541198730e-01
3.848952353000640869e-01
3.826215863227844238e-01
3.832045495510101318e-01
3.881165981292724609e-01
3.961342275142669678e-01
4.056548476219177246e-01
4.161169230937957764e-01
4.269561767578125000e-01
4.351057112216949463e-01
4.417351484298706055e-01
4.461697936058044434e-01
4.496265947818756104e-01
4.556152820587158203e-01
4.609188139438629150e-01
4.614288210868835449e-01
4.622454047203063965e-01
4.612742066383361816e-01
4.606916010379791260e-01
4.631448388099670410e-01
4.634874463081359863e-01
4.633151590824127197e-01
4.630556702613830566e-01
4.611235857009887695e-01
4.597259163856506348e-01
4.582759141921997070e-01
4.537834525108337402e-01
4.472335577011108398e-01
4.440072178840637207e-01
4.436079561710357666e-01
4.397001564502716064e-01
4.330399930477142334e-01
4.284903109073638916e-01
4.213488101959228516e-01
4.154474139213562012e-01
4.143085479736328125e-01
4.123987853527069092e-01
4.105868041515350342e-01
4.065960645675659180e-01
4.029779434204101562e-01
4.036776721477508545e-01
4.029114544391632080e-01
4.008069038391113281e-01
3.987026214599609375e-01
3.965139389038085938e-01
3.926784992218017578e-01
3.897304236888885498e-01
3.877476453781127930e-01
3.857588171958923340e-01
3.837551176548004150e-01
3.818334341049194336e-01
3.787246346473693848e-01
3.766577243804931641e-01
3.770903348922729492e-01
3.794885575771331787e-01
3.818865418434143066e-01
3.846616148948669434e-01
3.875494897365570068e-01
3.905564546585083008e-01
3.927815258502960205e-01
3.917927742004394531e-01
3.912596106529235840e-01
3.932086229324340820e-01
3.984355628490447998e-01
4.078068137168884277e-01
4.182133078575134277e-01
4.282798171043395996e-01
4.352033734321594238e-01
4.414394199848175049e-01
4.491900503635406494e-01
4.576975703239440918e-01
4.664222300052642822e-01
4.768179059028625488e-01
4.800676703453063965e-01
4.851939082145690918e-01
4.871371388435363770e-01
4.895747303962707520e-01
4.924581646919250488e-01
4.954169988632202148e-01
4.975273013114929199e-01
4.992594122886657715e-01
5.001662373542785645e-01
5.010346174240112305e-01
5.022104978561401367e-01
5.095412135124206543e-01
5.154001712799072266e-01
5.203389525413513184e-01
5.236690044403076172e-01
5.272611975669860840e-01
5.325853228569030762e-01
5.385949015617370605e-01
5.384922623634338379e-01
5.342963337898254395e-01
5.295168161392211914e-01
5.251066684722900391e-01
5.218386054039001465e-01
5.150903463363647461e-01
5.058429241180419922e-01
4.965887069702148438e-01
4.886493086814880371e-01
4.801073670387268066e-01
4.685094952583312988e-01
4.586895108222961426e-01
4.462580680847167969e-01
4.342288374900817871e-01
4.218584299087524414e-01
4.097462594509124756e-01
3.989804387092590332e-01
3.978907465934753418e-01
4.000283479690551758e-01
4.020041227340698242e-01
4.039978086948394775e-01
4.048678874969482422e-01
4.101282954216003418e-01
4.194635748863220215e-01
4.287988245487213135e-01
4.378421902656555176e-01
4.454913735389709473e-01
4.528596997261047363e-01
4.598115086555480957e-01
4.036293029785156250e-01
4.037446379661560059e-01
4.021376371383666992e-01
3.994102478027343750e-01
3.959546983242034912e-01
3.924120366573333740e-01
3.888697624206542969e-01
3.853278160095214844e-01
3.818711340427398682e-01
3.795975744724273682e-01
3.773237764835357666e-01
3.750500977039337158e-01
3.784452080726623535e-01
3.861054182052612305e-01
3.943145275115966797e-01
4.043100476264953613e-01
4.153510034084320068e-01
4.264939725399017334e-01
4.376372694969177246e-01
4.475570917129516602e-01
4.537296891212463379e-01
4.548698067665100098e-01
4.584192037582397461e-01
4.624202549457550049e-01
4.626114368438720703e-01
4.611368179321289062e-01
4.548568129539489746e-01
4.540742635726928711e-01
4.566334187984466553e-01
4.576774835586547852e-01
4.614110589027404785e-01
4.643440842628479004e-01
4.631204009056091309e-01
4.614443778991699219e-01
4.553515315055847168e-01
4.465358257293701172e-01
4.399630129337310791e-01
4.391206800937652588e-01
4.387213587760925293e-01
4.361491799354553223e-01
4.309321045875549316e-01
4.265256524085998535e-01
4.206021130084991455e-01
4.147966802120208740e-01
4.152287244796752930e-01
4.162444472312927246e-01
4.149971008300781250e-01
4.135687351226806641e-01
4.096836447715759277e-01
4.093953371047973633e-01
4.057446420192718506e-01
4.020777940750122070e-01
3.996044397354125977e-01
3.971085846424102783e-01
3.926447629928588867e-01
3.884638249874114990e-01
3.864600658416748047e-01
3.844566941261291504e-01
3.830638229846954346e-01
3.799547553062438965e-01
3.768458664417266846e-01
3.782697319984436035e-01
3.785554170608520508e-01
3.808186054229736328e-01
3.837065100669860840e-01
3.866997957229614258e-01
3.897635042667388916e-01
3.928791880607604980e-01
3.942451775074005127e-01
3.932822942733764648e-01
3.917508423328399658e-01
3.962111175060272217e-01
4.026364386081695557e-01
4.123363494873046875e-01
4.211431741714477539e-01
4.299082756042480469e-01
4.362131953239440918e-01
4.422797560691833496e-01
4.491994976997375488e-01
4.545113742351531982e-01
4.607440531253814697e-01
4.674120247364044189e-01
4.717192649841308594e-01
4.757042527198791504e-01
4.783282279968261719e-01
4.806385636329650879e-01
4.815825819969177246e-01
4.817637801170349121e-01
4.821516871452331543e-01
4.840376973152160645e-01
4.861481189727783203e-01
4.882585406303405762e-01
4.924937486648559570e-01
5.005617737770080566e-01
5.093957185745239258e-01
5.135636925697326660e-01
5.185649394989013672e-01
5.241964459419250488e-01
5.311050415039062500e-01
5.361953973770141602e-01
5.399276614189147949e-01
5.351480841636657715e-01
5.305071473121643066e-01
5.272311568260192871e-01
5.235583782196044922e-01
5.164586305618286133e-01
5.095040202140808105e-01
5.004138350486755371e-01
4.911598563194274902e-01
4.837781786918640137e-01
4.741650819778442383e-01
4.619132876396179199e-01
4.497132301330566406e-01
4.380757808685302734e-01
4.267157912254333496e-01
4.149044156074523926e-01
4.063180685043334961e-01
4.072868824005126953e-01
4.106239080429077148e-01
4.130437970161437988e-01
4.150374531745910645e-01
4.166558980941772461e-01
4.187917113304138184e-01
4.281270205974578857e-01
4.374621510505676270e-01
4.467975497245788574e-01
4.560605883598327637e-01
4.637718498706817627e-01
4.713037610054016113e-01
4.066112041473388672e-01
4.033334851264953613e-01
3.984704017639160156e-01
3.936074972152709961e-01
3.887442946434020996e-01
3.849636316299438477e-01
3.814210891723632812e-01
3.778792023658752441e-01
3.743369579315185547e-01
3.720255494117736816e-01
3.697522282600402832e-01
3.697878122329711914e-01
3.760756850242614746e-01
3.840935230255126953e-01
3.927529156208038330e-01
4.034417271614074707e-01
4.143537878990173340e-01
4.248653054237365723e-01
4.349777102470397949e-01
4.442223310470581055e-01
4.516914486885070801e-01
4.550553262233734131e-01
4.609418511390686035e-01
4.652376174926757812e-01
4.650622606277465820e-01
4.582622349262237549e-01
4.459346234798431396e-01
4.428210556507110596e-01
4.469453096389770508e-01
4.533423781394958496e-01
4.589805603027343750e-01
4.631572961807250977e-01
4.647968709468841553e-01
4.596202671527862549e-01
4.505000114440917969e-01
4.434471130371093750e-01
4.397976398468017578e-01
4.369715452194213867e-01
4.342524111270904541e-01
4.333737492561340332e-01
4.290041327476501465e-01
4.248562455177307129e-01
4.215236604213714600e-01
4.180489778518676758e-01
4.165016710758209229e-01
4.180147945880889893e-01
4.193243682384490967e-01
4.180769920349121094e-01
4.166726469993591309e-01
4.139849543571472168e-01
4.096974432468414307e-01
4.052794873714447021e-01
4.008619785308837891e-01
3.977029919624328613e-01
3.925916552543640137e-01
3.871612548828125000e-01
3.855118155479431152e-01
3.842939436435699463e-01
3.811849951744079590e-01
3.780759572982788086e-01
3.759204149246215820e-01
3.786635696887969971e-01
3.814944624900817871e-01
3.828430771827697754e-01
3.859066963195800781e-01
3.889162540435791016e-01
3.925491273403167725e-01
3.958896994590759277e-01
3.948023915290832520e-01
3.932659626007080078e-01
3.940585255622863770e-01
3.996157050132751465e-01
4.081016182899475098e-01
4.140067994594573975e-01
4.227717518806457520e-01
4.311565756797790527e-01
4.372231066226959229e-01
4.432897269725799561e-01
4.489898085594177246e-01
4.537647664546966553e-01
4.554183185100555420e-01
4.587339162826538086e-01
4.630146622657775879e-01
4.655867218971252441e-01
4.682106375694274902e-01
4.705982804298400879e-01
4.713583588600158691e-01
4.718909263610839844e-01
4.728491902351379395e-01
4.727216362953186035e-01
4.731020331382751465e-01
4.737643003463745117e-01
4.792264699935913086e-01
4.864104390144348145e-01
4.972518682479858398e-01
5.059612393379211426e-01
5.118843913078308105e-01
5.169237852096557617e-01
5.238766074180603027e-01
5.294942259788513184e-01
5.351924300193786621e-01
5.360001921653747559e-01
5.326234698295593262e-01
5.293555855751037598e-01
5.248759388923645020e-01
5.177761912345886230e-01
5.105882287025451660e-01
5.039175152778625488e-01
4.949848651885986328e-01
4.857307076454162598e-01
4.778691530227661133e-01
4.674245119094848633e-01
4.523723423480987549e-01
4.398142099380493164e-01
4.286704659461975098e-01
4.187353253364562988e-01
4.134124219417572021e-01
4.155546128749847412e-01
4.197603166103363037e-01
4.234052300453186035e-01
4.260703921318054199e-01
4.275912046432495117e-01
4.295574426651000977e-01
4.365916848182678223e-01
4.461257755756378174e-01
4.554608464241027832e-01
4.647962450981140137e-01
4.742042422294616699e-01
4.820958971977233887e-01
4.020507931709289551e-01
3.971877098083496094e-01
3.923247754573822021e-01
3.874617516994476318e-01
3.825987875461578369e-01
3.777358531951904297e-01
3.739724159240722656e-01
3.704299330711364746e-01
3.668882548809051514e-01
3.644540011882781982e-01
3.621806204319000244e-01
3.660464286804199219e-01
3.736003339290618896e-01
3.809862732887268066e-01
3.898051083087921143e-01
4.003167748451232910e-01
4.108282625675201416e-01
4.210148155689239502e-01
4.302592277526855469e-01
4.380239844322204590e-01
4.440056085586547852e-01
4.498717784881591797e-01
4.590435028076171875e-01
4.664716124534606934e-01
4.648227691650390625e-01
4.537025988101959229e-01
4.417163133621215820e-01
4.327858388423919678e-01
4.374632537364959717e-01
4.464088082313537598e-01
4.537075757980346680e-01
4.603690803050994873e-01
4.602361917495727539e-01
4.544348120689392090e-01
4.479813873767852783e-01
4.426541030406951904e-01
4.397253394126892090e-01
4.368995428085327148e-01
4.342832863330841064e-01
4.340907037258148193e-01
4.284946322441101074e-01
4.248003363609313965e-01
4.237104058265686035e-01
4.216301739215850830e-01
4.186315536499023438e-01
4.193592667579650879e-01
4.208722710609436035e-01
4.223853349685668945e-01
4.210028052330017090e-01
4.173264205455780029e-01
4.132355451583862305e-01
4.088178277015686035e-01
4.043844938278198242e-01
3.996626734733581543e-01
3.925197720527648926e-01
3.877695798873901367e-01
3.855242729187011719e-01
3.824152052402496338e-01
3.793061673641204834e-01
3.766120672225952148e-01
3.768165111541748047e-01
3.797254562377929688e-01
3.827320635318756104e-01
3.854451775550842285e-01
3.885138630867004395e-01
3.918970823287963867e-01
3.946726620197296143e-01
3.963175117969512939e-01
3.947808742523193359e-01
3.941492140293121338e-01
3.968542516231536865e-01
4.017955660820007324e-01
4.103792905807495117e-01
4.162827730178833008e-01
4.244003891944885254e-01
4.321664571762084961e-01
4.382331371307373047e-01
4.441944360733032227e-01
4.476333260536193848e-01
4.504566788673400879e-01
4.502540230751037598e-01
4.524416625499725342e-01
4.561994969844818115e-01
4.586870074272155762e-01
4.592602550983428955e-01
4.590063095092773438e-01
4.597666561603546143e-01
4.605268239974975586e-01
4.612871110439300537e-01
4.620658755302429199e-01
4.632136225700378418e-01
4.638946056365966797e-01
4.691579341888427734e-01
4.748166203498840332e-01
4.839192628860473633e-01
4.942985773086547852e-01
5.017516613006591797e-01
5.077430009841918945e-01
5.140739679336547852e-01
5.197581052780151367e-01
5.250436663627624512e-01
5.323874354362487793e-01
5.331407785415649414e-01
5.309347510337829590e-01
5.261937975883483887e-01
5.190938711166381836e-01
5.119941830635070801e-01
5.046944022178649902e-01
4.982761740684509277e-01
4.890631437301635742e-01
4.792719483375549316e-01
4.703931808471679688e-01
4.583982229232788086e-01
4.430655241012573242e-01
4.299150705337524414e-01
4.191614091396331787e-01
4.180302023887634277e-01
4.223540723323822021e-01
4.279471039772033691e-01
4.322847723960876465e-01
4.360901117324829102e-01
4.385263919830322266e-01
4.402740001678466797e-01
4.440529942512512207e-01
4.542815387248992920e-01
4.641243815422058105e-01
4.734596610069274902e-01
4.828785061836242676e-01
4.866063594818115234e-01
3.959050178527832031e-01
3.910423517227172852e-01
3.861790001392364502e-01
3.813161253929138184e-01
3.764533996582031250e-01
3.715898394584655762e-01
3.667265772819519043e-01
3.629157543182373047e-01
3.587421774864196777e-01
3.555541634559631348e-01
3.544105291366577148e-01
3.614430427551269531e-01
3.688294887542724609e-01
3.763902783393859863e-01
3.862794935703277588e-01
3.967908024787902832e-01
4.070514142513275146e-01
4.162960052490234375e-01
4.243041872978210449e-01
4.309249520301818848e-01
4.371289014816284180e-01
4.429951608180999756e-01
4.518913030624389648e-01
4.590604901313781738e-01
4.574028849601745605e-01
4.484007358551025391e-01
4.374977350234985352e-01
4.270360469818115234e-01
4.322556257247924805e-01
4.413303732872009277e-01
4.479790627956390381e-01
4.522503614425659180e-01
4.495290219783782959e-01
4.470621049404144287e-01
4.446152746677398682e-01
4.431521296501159668e-01
4.398427009582519531e-01
4.374953210353851318e-01
4.370205402374267578e-01
4.372075796127319336e-01
4.329673647880554199e-01
4.284765720367431641e-01
4.264662861824035645e-01
4.252113699913024902e-01
4.222129583358764648e-01
4.207033514976501465e-01
4.221696853637695312e-01
4.232912659645080566e-01
4.244125187397003174e-01
4.188803732395172119e-01
4.164513945579528809e-01
4.123233854770660400e-01
4.078847765922546387e-01
4.025341570377349854e-01
3.962162137031555176e-01
3.899722695350646973e-01
3.836454153060913086e-01
3.809636831283569336e-01
3.783447444438934326e-01
3.757900297641754150e-01
3.780404329299926758e-01
3.808280825614929199e-01
3.842115998268127441e-01
3.875811696052551270e-01
3.907033205032348633e-01
3.934271335601806641e-01
3.961509764194488525e-01
3.962959051132202148e-01
3.941118717193603516e-01
3.955235481262207031e-01
3.988056778907775879e-01
4.036877155303955078e-01
4.121491611003875732e-01
4.197778403759002686e-01
4.260286092758178711e-01
4.331765174865722656e-01
4.391568303108215332e-01
4.423333406448364258e-01
4.447936415672302246e-01
4.453361034393310547e-01
4.451335668563842773e-01
4.463335275650024414e-01
4.498959779739379883e-01
4.518253505229949951e-01
4.519959390163421631e-01
4.506420493125915527e-01
4.496038854122161865e-01
4.489467740058898926e-01
4.496953487396240234e-01
4.504556357860565186e-01
4.510932266712188721e-01
4.530913233757019043e-01
4.595753550529479980e-01
4.661431312561035156e-01
4.725961089134216309e-01
4.819883704185485840e-01
4.896391034126281738e-01
4.941472411155700684e-01
5.011726021766662598e-01
5.094572901725769043e-01
5.172023773193359375e-01
5.244640111923217773e-01
5.288867354393005371e-01
5.291026234626770020e-01
5.250086188316345215e-01
5.193063616752624512e-01
5.132094621658325195e-01
5.059452652931213379e-01
4.981545209884643555e-01
4.911990761756896973e-01
4.822670817375183105e-01
4.728245139122009277e-01
4.623473882675170898e-01
4.487264752388000488e-01
4.337707757949829102e-01
4.200160801410675049e-01
4.193352162837982178e-01
4.259105622768402100e-01
4.329707920551300049e-01
4.400323331356048584e-01
4.446054697036743164e-01
4.483085572719573975e-01
4.509224295616149902e-01
4.544295072555541992e-01
4.614496231079101562e-01
4.719710350036621094e-01
4.821229577064514160e-01
4.921053647994995117e-01
4.889608621597290039e-01
3.897597193717956543e-01
3.848967850208282471e-01
3.800336420536041260e-01
3.748725354671478271e-01
3.693776726722717285e-01
3.638831973075866699e-01
3.583883047103881836e-01
3.528932929039001465e-01
3.485337197780609131e-01
3.452224433422088623e-01
3.492851853370666504e-01
3.566720187664031982e-01
3.640819787979125977e-01
3.725927472114562988e-01
3.827539086341857910e-01
3.930884599685668945e-01
4.023327827453613281e-01
4.105843305587768555e-01
4.174481630325317383e-01
4.243857860565185547e-01
4.302523136138916016e-01
4.361189603805541992e-01
4.416546225547790527e-01
4.458679854869842529e-01
4.431011676788330078e-01
4.377329945564270020e-01
4.312409460544586182e-01
4.250878691673278809e-01
4.279819130897521973e-01
4.363339841365814209e-01
4.420384764671325684e-01
4.420076906681060791e-01
4.397818744182586670e-01
4.371375739574432373e-01
4.384017288684844971e-01
4.405083358287811279e-01
4.414917528629302979e-01
4.401040673255920410e-01
4.402913153171539307e-01
4.404783844947814941e-01
4.383840560913085938e-01
4.356545805931091309e-01
4.334833621978759766e-01
4.313116669654846191e-01
4.261735975742340088e-01
4.224643111228942871e-01
4.228377938270568848e-01
4.239591956138610840e-01
4.241611361503601074e-01
4.205356836318969727e-01
4.170554876327514648e-01
4.155212342739105225e-01
4.115872979164123535e-01
4.068217873573303223e-01
4.006550908088684082e-01
3.927077054977416992e-01
3.847122192382812500e-01
3.801280558109283447e-01
3.776846528053283691e-01
3.761298954486846924e-01
3.793417215347290039e-01
3.827540874481201172e-01
3.855183720588684082e-01
3.881853520870208740e-01
3.910532593727111816e-01
3.949057161808013916e-01
3.975584506988525391e-01
3.938998878002166748e-01
3.941929340362548828e-01
3.971604108810424805e-01
4.010856747627258301e-01
4.057356715202331543e-01
4.139187932014465332e-01
4.225025177001953125e-01
4.290189146995544434e-01
4.333034157752990723e-01
4.373014569282531738e-01
4.397617280483245850e-01
4.407359659671783447e-01
4.402156472206115723e-01
4.400131404399871826e-01
4.402253925800323486e-01
4.435926675796508789e-01
4.440788626670837402e-01
4.442531466484069824e-01
4.436381161212921143e-01
4.422844648361206055e-01
4.409305751323699951e-01
4.397943317890167236e-01
4.391311705112457275e-01
4.396240711212158203e-01
4.423917829990386963e-01
4.486954808235168457e-01
4.552631974220275879e-01
4.617876708507537842e-01
4.690737128257751465e-01
4.767981767654418945e-01
4.813638329505920410e-01
4.863240718841552734e-01
4.957747459411621094e-01
5.050975680351257324e-01
5.142974853515625000e-01
5.233769416809082031e-01
5.253102183341979980e-01
5.228629708290100098e-01
5.181787014007568359e-01
5.125405192375183105e-01
5.064353346824645996e-01
4.990094900131225586e-01
4.915750622749328613e-01
4.840776324272155762e-01
4.754707217216491699e-01
4.653787612915039062e-01
4.528037607669830322e-01
4.390546083450317383e-01
4.254023730754852295e-01
4.223047196865081787e-01
4.276956617832183838e-01
4.351272583007812500e-01
4.440261125564575195e-01
4.512217342853546143e-01
4.565636813640594482e-01
4.604373574256896973e-01
4.643394351005554199e-01
4.691236615180969238e-01
4.791392683982849121e-01
4.896715879440307617e-01
4.978937506675720215e-01
4.913150072097778320e-01
3.824512362480163574e-01
3.769566416740417480e-01
3.714615404605865479e-01
3.659670948982238770e-01
3.604724705219268799e-01
3.549773693084716797e-01
3.494827151298522949e-01
3.439879417419433594e-01
3.384932279586791992e-01
3.371280729770660400e-01
3.445145189762115479e-01
3.519003987312316895e-01
3.598893284797668457e-01
3.688499629497528076e-01
3.791250586509704590e-01
3.883696198463439941e-01
3.970279097557067871e-01
4.039716124534606934e-01
4.109154343605041504e-01
4.175091683864593506e-01
4.233756661415100098e-01
4.264197647571563721e-01
4.288294017314910889e-01
4.325834512710571289e-01
4.282156229019165039e-01
4.236323237419128418e-01
4.202605783939361572e-01
4.192561209201812744e-01
4.259084463119506836e-01
4.304568767547607422e-01
4.317980110645294189e-01
4.326304197311401367e-01
4.309483170509338379e-01
4.317727982997894287e-01
4.336267113685607910e-01
4.354819655418395996e-01
4.376971125602722168e-01
4.418061375617980957e-01
4.435618221759796143e-01
4.441183507442474365e-01
4.450038373470306396e-01
4.428324103355407715e-01
4.406611323356628418e-01
4.382659792900085449e-01
4.337660670280456543e-01
4.279488027095794678e-01
4.238686859607696533e-01
4.246023595333099365e-01
4.232878983020782471e-01
4.196621775627136230e-01
4.168643057346343994e-01
4.166655540466308594e-01
4.163606166839599609e-01
4.117130637168884277e-01
4.039908647537231445e-01
3.960325717926025391e-01
3.882128298282623291e-01
3.821758031845092773e-01
3.778441548347473145e-01
3.779268264770507812e-01
3.807143568992614746e-01
3.833810687065124512e-01
3.860480189323425293e-01
3.887148201465606689e-01
3.913816809654235840e-01
3.940347433090209961e-01
3.938440084457397461e-01
3.928621411323547363e-01
3.955149054527282715e-01
3.994404673576354980e-01
4.033658802509307861e-01
4.077838063240051270e-01
4.156886637210845947e-01
4.239135086536407471e-01
4.306781888008117676e-01
4.324045777320861816e-01
4.347296953201293945e-01
4.371045231819152832e-01
4.359083175659179688e-01
4.350952506065368652e-01
4.348927736282348633e-01
4.346900582313537598e-01
4.367471933364868164e-01
4.358933568000793457e-01
4.348139166831970215e-01
4.366340637207031250e-01
4.352803230285644531e-01
4.339265823364257812e-01
4.325728416442871094e-01
4.312190413475036621e-01
4.300175011157989502e-01
4.325696527957916260e-01
4.382207393646240234e-01
4.441555738449096680e-01
4.489268064498901367e-01
4.541303813457489014e-01
4.616703391075134277e-01
4.691907763481140137e-01
4.737792611122131348e-01
4.832188487052917480e-01
4.919275641441345215e-01
5.011876225471496582e-01
5.105240941047668457e-01
5.166079401969909668e-01
5.152710080146789551e-01
5.131535530090332031e-01
5.089017748832702637e-01
5.042151808738708496e-01
4.987091422080993652e-01
4.926126599311828613e-01
4.858112931251525879e-01
4.793052077293395996e-01
4.706897735595703125e-01
4.577724933624267578e-01
4.440397322177886963e-01
4.323700964450836182e-01
4.288503229618072510e-01
4.312145113945007324e-01
4.369137287139892578e-01
4.444047808647155762e-01
4.543841481208801270e-01
4.617300033569335938e-01
4.674959778785705566e-01
4.728972315788269043e-01
4.787960648536682129e-01
4.861970543861389160e-01
4.987005591392517090e-01
4.988134503364562988e-01
4.934211969375610352e-01
3.735457360744476318e-01
3.680514693260192871e-01
3.625566363334655762e-01
3.570618331432342529e-01
3.515669107437133789e-01
3.460724949836730957e-01
3.405775725841522217e-01
3.350826799869537354e-01
3.295909762382507324e-01
3.325076699256896973e-01
3.397431075572967529e-01
3.475812375545501709e-01
3.556966185569763184e-01
3.651621937751770020e-01
3.744067251682281494e-01
3.835512101650238037e-01
3.904953300952911377e-01
3.974390327930450439e-01
4.043825268745422363e-01
4.103607535362243652e-01
4.137485027313232422e-01
4.140834808349609375e-01
4.158006310462951660e-01
4.186984300613403320e-01
4.143535792827606201e-01
4.102172553539276123e-01
4.083886146545410156e-01
4.086234569549560547e-01
4.168424606323242188e-01
4.209071397781372070e-01
4.224988520145416260e-01
4.243791699409484863e-01
4.253899455070495605e-01
4.272452890872955322e-01
4.291004240512847900e-01
4.309554696083068848e-01
4.347576200962066650e-01
4.388661086559295654e-01
4.429749548435211182e-01
4.477871656417846680e-01
4.521818459033966064e-01
4.498940408229827881e-01
4.473310112953186035e-01
4.447677135467529297e-01
4.414854347705841064e-01
4.356470108032226562e-01
4.298086762428283691e-01
4.277718067169189453e-01
4.227690696716308594e-01
4.187891483306884766e-01
4.160739183425903320e-01
4.182838201522827148e-01
4.194545745849609375e-01
4.150121212005615234e-01
4.074776172637939453e-01
3.994193375110626221e-01
3.915196657180786133e-01
3.849171996116638184e-01
3.803722858428955078e-01
3.805057406425476074e-01
3.812509477138519287e-01
3.839107155799865723e-01
3.865773379802703857e-01
3.882958292961120605e-01
3.893209397792816162e-01
3.893243372440338135e-01
3.910817503929138184e-01
3.938694000244140625e-01
3.977949619293212891e-01
4.017205834388732910e-01
4.056460857391357422e-01
4.098317623138427734e-01
4.163026809692382812e-01
4.235656559467315674e-01
4.308776259422302246e-01
4.317735135555267334e-01
4.321581721305847168e-01
4.322767853736877441e-01
4.310806393623352051e-01
4.299747943878173828e-01
4.297723174095153809e-01
4.294169247150421143e-01
4.293079376220703125e-01
4.277076423168182373e-01
4.255652427673339844e-01
4.278766810894012451e-01
4.282764494419097900e-01
4.269227385520935059e-01
4.255689978599548340e-01
4.242602288722991943e-01
4.229980409145355225e-01
4.259961843490600586e-01
4.296366572380065918e-01
4.326144456863403320e-01
4.355981349945068359e-01
4.395419359207153320e-01
4.465427994728088379e-01
4.542908072471618652e-01
4.616935551166534424e-01
4.701804518699645996e-01
4.798552393913269043e-01
4.887061119079589844e-01
4.974650740623474121e-01
5.041974782943725586e-01
5.039170384407043457e-01
5.031542181968688965e-01
5.013135075569152832e-01
4.977214932441711426e-01
4.942381381988525391e-01
4.895523190498352051e-01
4.841997027397155762e-01
4.791500568389892578e-01
4.732007384300231934e-01
4.641842544078826904e-01
4.509443938732147217e-01
4.412872195243835449e-01
4.389219284057617188e-01
4.409109354019165039e-01
4.423320591449737549e-01
4.474109709262847900e-01
4.554727077484130859e-01
4.640825390815734863e-01
4.712621569633483887e-01
4.787104129791259766e-01
4.864942431449890137e-01
4.942059516906738281e-01
5.050650238990783691e-01
4.996727108955383301e-01
4.942806363105773926e-01
3.646408915519714355e-01
3.591457605361938477e-01
3.536508679389953613e-01
3.481564521789550781e-01
3.426621556282043457e-01
3.371669650077819824e-01
3.316721916198730469e-01
3.261774480342864990e-01
3.237482309341430664e-01
3.290399909019470215e-01
3.354062736034393311e-01
3.433884084224700928e-01
3.516525924205780029e-01
3.604961633682250977e-01
3.700749874114990234e-01
3.770187497138977051e-01
3.839622735977172852e-01
3.909063935279846191e-01
3.972264528274536133e-01
4.010766744613647461e-01
4.015243649482727051e-01
4.014311134815216064e-01
4.028018712997436523e-01
4.050749540328979492e-01
4.009381532669067383e-01
3.981539905071258545e-01
3.972891569137573242e-01
3.973948359489440918e-01
4.036968946456909180e-01
4.079986810684204102e-01
4.086903631687164307e-01
4.155761003494262695e-01
4.208636283874511719e-01
4.227187335491180420e-01
4.245740175247192383e-01
4.277085065841674805e-01
4.318173825740814209e-01
4.359262883663177490e-01
4.408569931983947754e-01
4.481996893882751465e-01
4.558891654014587402e-01
4.560629427433013916e-01
4.541364610195159912e-01
4.512518048286437988e-01
4.486681222915649414e-01
4.433285593986511230e-01
4.374901652336120605e-01
4.325211942195892334e-01
4.265193343162536621e-01
4.221574366092681885e-01
4.180769324302673340e-01
4.183651804924011230e-01
4.193838238716125488e-01
4.154479503631591797e-01
4.104014635086059570e-01
4.032624959945678711e-01
3.952700495719909668e-01
3.871106207370758057e-01
3.832339048385620117e-01
3.839789032936096191e-01
3.847241997718811035e-01
3.849027156829833984e-01
3.848989605903625488e-01
3.858833909034729004e-01
3.854094147682189941e-01
3.859671950340270996e-01
3.893168568611145020e-01
3.961496651172637939e-01
4.000751972198486328e-01
4.040006995201110840e-01
4.072945117950439453e-01
4.099270403385162354e-01
4.159548282623291016e-01
4.232177436351776123e-01
4.289892315864562988e-01
4.310687184333801270e-01
4.295684397220611572e-01
4.274491071701049805e-01
4.262528419494628906e-01
4.250567853450775146e-01
4.246518313884735107e-01
4.228224754333496094e-01
4.217255115509033203e-01
4.195219874382019043e-01
4.169456958770751953e-01
4.184371829032897949e-01
4.209391772747039795e-01
4.199188351631164551e-01
4.186224937438964844e-01
4.173603355884552002e-01
4.161670804023742676e-01
4.195836186408996582e-01
4.218160510063171387e-01
4.234516620635986328e-01
4.250872135162353516e-01
4.273367226123809814e-01
4.313583374023437500e-01
4.404354095458984375e-01
4.501059949398040771e-01
4.578041434288024902e-01
4.668170809745788574e-01
4.757334589958190918e-01
4.839871525764465332e-01
4.900217056274414062e-01
4.914640784263610840e-01
4.903030395507812500e-01
4.897158741950988770e-01
4.891881942749023438e-01
4.858378767967224121e-01
4.822893738746643066e-01
4.784179329872131348e-01
4.744834303855895996e-01
4.704787731170654297e-01
4.653959274291992188e-01
4.554844200611114502e-01
4.486417770385742188e-01
4.483225345611572266e-01
4.506863951683044434e-01
4.531790614128112793e-01
4.541250169277191162e-01
4.586932659149169922e-01
4.687287807464599609e-01
4.761953949928283691e-01
4.830512404441833496e-01
4.918408989906311035e-01
5.038976073265075684e-01
5.047197341918945312e-01
5.005319118499755859e-01
4.951399564743041992e-01
3.642258942127227783e-01
3.577659428119659424e-01
3.513065576553344727e-01
3.448468446731567383e-01
3.383875489234924316e-01
3.319279253482818604e-01
3.254680037498474121e-01
3.200341761112213135e-01
3.211742937564849854e-01
3.257222771644592285e-01
3.325170874595642090e-01
3.393116593360900879e-01
3.470591902732849121e-01
3.565983772277832031e-01
3.635422587394714355e-01
3.704856634140014648e-01
3.774297833442687988e-01
3.833982348442077637e-01
3.884047567844390869e-01
3.889647722244262695e-01
3.888721466064453125e-01
3.890477418899536133e-01
3.912430405616760254e-01
3.916598558425903320e-01
3.880287408828735352e-01
3.865537047386169434e-01
3.866159915924072266e-01
3.864292800426483154e-01
3.907289803028106689e-01
3.943819999694824219e-01
3.954281508922576904e-01
4.020349979400634766e-01
4.113122522830963135e-01
4.167391061782836914e-01
4.206598401069641113e-01
4.247685670852661133e-01
4.288775920867919922e-01
4.333673119544982910e-01
4.395357370376586914e-01
4.471549987792968750e-01
4.547743201255798340e-01
4.588342905044555664e-01
4.586763978004455566e-01
4.577762484550476074e-01
4.559027552604675293e-01
4.511311650276184082e-01
4.451716542243957520e-01
4.380296468734741211e-01
4.330077767372131348e-01
4.286585450172424316e-01
4.244808256626129150e-01
4.194628894329071045e-01
4.168195128440856934e-01
4.148032665252685547e-01
4.111849665641784668e-01
4.059948623180389404e-01
3.981036841869354248e-01
3.899444341659545898e-01
3.867070078849792480e-01
3.872676193714141846e-01
3.863713145256042480e-01
3.854749202728271484e-01
3.842537403106689453e-01
3.818581700325012207e-01
3.813325762748718262e-01
3.855866789817810059e-01
3.895326852798461914e-01
3.960914611816406250e-01
4.022476077079772949e-01
4.048521816730499268e-01
4.074567258358001709e-01
4.100614190101623535e-01
4.156068861484527588e-01
4.228698015213012695e-01
4.262057542800903320e-01
4.303098618984222412e-01
4.266075491905212402e-01
4.226213097572326660e-01
4.214250743389129639e-01
4.202290177345275879e-01
4.182943105697631836e-01
4.162279367446899414e-01
4.142661094665527344e-01
4.113364815711975098e-01
4.087361395359039307e-01
4.089979827404022217e-01
4.114998579025268555e-01
4.129848182201385498e-01
4.117226004600524902e-01
4.104604125022888184e-01
4.095522165298461914e-01
4.117047488689422607e-01
4.133404195308685303e-01
4.149759411811828613e-01
4.166113734245300293e-01
4.182468652725219727e-01
4.211240112781524658e-01
4.279482960700988770e-01
4.354815483093261719e-01
4.454001188278198242e-01
4.534949660301208496e-01
4.622755050659179688e-01
4.705294966697692871e-01
4.757574796676635742e-01
4.801329970359802246e-01
4.785496592521667480e-01
4.772973656654357910e-01
4.761649370193481445e-01
4.753353595733642578e-01
4.732056856155395508e-01
4.702416062355041504e-01
4.662488698959350586e-01
4.626585841178894043e-01
4.597625732421875000e-01
4.543858170509338379e-01
4.523565173149108887e-01
4.553248286247253418e-01
4.582648873329162598e-01
4.618932902812957764e-01
4.652369320392608643e-01
4.657104313373565674e-01
4.717608094215393066e-01
4.815155267715454102e-01
4.883079528808593750e-01
4.986351728439331055e-01
5.105390548706054688e-01
5.043358802795410156e-01
5.016981959342956543e-01
4.983877539634704590e-01
3.661704659461975098e-01
3.597107529640197754e-01
3.532510697841644287e-01
3.467915654182434082e-01
3.403316736221313477e-01
3.338722586631774902e-01
3.274369239807128906e-01
3.248471021652221680e-01
3.286785185337066650e-01
3.334888815879821777e-01
3.393188118934631348e-01
3.446149528026580811e-01
3.508226275444030762e-01
3.568618297576904297e-01
3.628408312797546387e-01
3.688195943832397461e-01
3.734714090824127197e-01
3.779235184192657471e-01
3.783774375915527344e-01
3.773196339607238770e-01
3.767690956592559814e-01
3.778653144836425781e-01
3.798543810844421387e-01
3.788810968399047852e-01
3.770394027233123779e-01
3.755983412265777588e-01
3.770115971565246582e-01
3.739333748817443848e-01
3.771782517433166504e-01
3.808252811431884766e-01
3.847378194332122803e-01
3.895189166069030762e-01
3.964602947235107422e-01
4.044765233993530273e-01
4.143251478672027588e-01
4.212155938148498535e-01
4.257513880729675293e-01
4.308716058731079102e-01
4.384910762310028076e-01
4.461003541946411133e-01
4.536989927291870117e-01
4.586221575736999512e-01
4.605191349983215332e-01
4.612655639648437500e-01
4.603778719902038574e-01
4.596476852893829346e-01
4.558426737785339355e-01
4.473560452461242676e-01
4.396665096282958984e-01
4.352344870567321777e-01
4.293369650840759277e-01
4.231897592544555664e-01
4.190881848335266113e-01
4.142597317695617676e-01
4.097533822059631348e-01
4.058515131473541260e-01
4.006774425506591797e-01
3.928735554218292236e-01
3.887362182140350342e-01
3.878395557403564453e-01
3.869433999061584473e-01
3.854385614395141602e-01
3.830429911613464355e-01
3.806471824645996094e-01
3.833136558532714844e-01
3.867272734642028809e-01
3.905959725379943848e-01
3.950093686580657959e-01
4.006402492523193359e-01
4.050145745277404785e-01
4.076192378997802734e-01
4.102237820625305176e-01
4.152590036392211914e-01
4.213108420372009277e-01
4.236582517623901367e-01
4.257294833660125732e-01
4.236466884613037109e-01
4.194310307502746582e-01
4.165975153446197510e-01
4.145534634590148926e-01
4.116996824741363525e-01
4.096335470676422119e-01
4.075675010681152344e-01
4.031998515129089355e-01
4.005503654479980469e-01
3.995584845542907715e-01
4.021424949169158936e-01
4.047361910343170166e-01
4.048225879669189453e-01
4.025068879127502441e-01
4.015935659408569336e-01
4.032290279865264893e-01
4.048646688461303711e-01
4.065001904964447021e-01
4.081355929374694824e-01
4.107736945152282715e-01
4.139205217361450195e-01
4.186933636665344238e-01
4.248499572277069092e-01
4.336001276969909668e-01
4.403058290481567383e-01
4.484564363956451416e-01
4.570702016353607178e-01
4.614930152893066406e-01
4.659150838851928711e-01
4.669027924537658691e-01
4.656350910663604736e-01
4.643829464912414551e-01
4.631305336952209473e-01
4.617154598236083984e-01
4.591852128505706787e-01
4.569043517112731934e-01
4.536044299602508545e-01
4.507373273372650146e-01
4.462005496025085449e-01
4.502406716346740723e-01
4.552567601203918457e-01
4.624095857143402100e-01
4.680668711662292480e-01
4.721167087554931641e-01
4.755203127861022949e-01
4.769084453582763672e-01
4.850168228149414062e-01
4.949819445610046387e-01
5.054299235343933105e-01
5.088192820549011230e-01
5.026267170906066895e-01
4.978072047233581543e-01
4.985430836677551270e-01
3.681148886680603027e-01
3.616545200347900391e-01
3.551953434944152832e-01
3.487358689308166504e-01
3.422763645648956299e-01
3.358165621757507324e-01
3.317583203315734863e-01
3.323512375354766846e-01
3.367613554000854492e-01
3.416352272033691406e-01
3.470630347728729248e-01
3.522219657897949219e-01
3.566012382507324219e-01
3.612595200538635254e-01
3.670060634613037109e-01
3.714580535888671875e-01
3.759098947048187256e-01
3.775470256805419922e-01
3.765748143196105957e-01
3.763125538825988770e-01
3.767266869544982910e-01
3.774330019950866699e-01
3.769430518150329590e-01
3.757407665252685547e-01
3.726143836975097656e-01
3.722376823425292969e-01
3.697163462638854980e-01
3.652071058750152588e-01
3.663902282714843750e-01
3.716241121292114258e-01
3.754405975341796875e-01
3.792561888694763184e-01
3.816593885421752930e-01
3.911555409431457520e-01
4.013467431068420410e-01
4.112250208854675293e-01
4.207394719123840332e-01
4.298213422298431396e-01
4.374195337295532227e-01
4.450179934501647949e-01
4.526161551475524902e-01
4.588750600814819336e-01
4.602378010749816895e-01
4.627196490764617920e-01
4.648122191429138184e-01
4.655615687370300293e-01
4.636740684509277344e-01
4.564077258110046387e-01
4.481987953186035156e-01
4.417894184589385986e-01
4.345436394214630127e-01
4.273059368133544922e-01
4.207482933998107910e-01
4.159196019172668457e-01
4.110910594463348389e-01
4.062622189521789551e-01
3.997600376605987549e-01
3.940877318382263184e-01
3.899922370910644531e-01
3.884117901325225830e-01
3.866234123706817627e-01
3.842278122901916504e-01
3.818320333957672119e-01
3.831960558891296387e-01
3.882846236228942871e-01
3.898507058620452881e-01
3.904767334461212158e-01
3.930746018886566162e-01
3.983451724052429199e-01
4.039764106273651123e-01
4.077814817428588867e-01
4.103862047195434570e-01
4.145215451717376709e-01
4.189487099647521973e-01
4.208315014839172363e-01
4.206897616386413574e-01
4.206857085227966309e-01
4.164700508117675781e-01
4.117960631847381592e-01
4.082517325878143311e-01
4.051920473575592041e-01
4.030390381813049316e-01
4.006791710853576660e-01
3.955045938491821289e-01
3.923677206039428711e-01
3.903486728668212891e-01
3.928073942661285400e-01
3.954008817672729492e-01
3.966671228408813477e-01
3.933317959308624268e-01
3.931176960468292236e-01
3.947533071041107178e-01
3.963888585567474365e-01
3.980244994163513184e-01
4.004234671592712402e-01
4.035704433917999268e-01
4.065683782100677490e-01
4.092685580253601074e-01
4.152812659740447998e-01
4.221074581146240234e-01
4.308085441589355469e-01
4.367221593856811523e-01
4.432208538055419922e-01
4.472286403179168701e-01
4.516506791114807129e-01
4.560659825801849365e-01
4.539729356765747070e-01
4.527207016944885254e-01
4.514684081077575684e-01
4.502160847187042236e-01
4.488174915313720703e-01
4.457898437976837158e-01
4.422942399978637695e-01
4.401398897171020508e-01
4.383414983749389648e-01
4.439952969551086426e-01
4.517488181591033936e-01
4.593089222908020020e-01
4.672341346740722656e-01
4.742713570594787598e-01
4.804860353469848633e-01
4.855354428291320801e-01
4.897309541702270508e-01
5.007635951042175293e-01
5.124543309211730957e-01
5.066388249397277832e-01
5.002477169036865234e-01
4.938750863075256348e-01
4.920365810394287109e-01
3.700593411922454834e-01
3.635993301868438721e-01
3.571398258209228516e-01
3.506805300712585449e-01
3.442206978797912598e-01
3.387902081012725830e-01
3.364503979682922363e-01
3.402833342552185059e-01
3.452738523483276367e-01
3.495107293128967285e-01
3.546703457832336426e-01
3.579955995082855225e-01
3.622214496135711670e-01
3.663761615753173828e-01
3.695072531700134277e-01
3.738957643508911133e-01
3.760111331939697266e-01
3.759443759918212891e-01
3.761911094188690186e-01
3.769399523735046387e-01
3.778076767921447754e-01
3.787408471107482910e-01
3.760633468627929688e-01
3.750507831573486328e-01
3.732107281684875488e-01
3.717167973518371582e-01
3.680149316787719727e-01
3.628099858760833740e-01
3.643988072872161865e-01
3.719334602355957031e-01
3.757496774196624756e-01
3.795657753944396973e-01
3.823464512825012207e-01
3.867244422435760498e-01
3.956377208232879639e-01
4.049416780471801758e-01
4.160854220390319824e-01
4.288803040981292725e-01
4.393210113048553467e-01
4.473435878753662109e-01
4.540145695209503174e-01
4.611341655254364014e-01
4.619967937469482422e-01
4.636477231979370117e-01
4.674837887287139893e-01
4.710934758186340332e-01
4.691218733787536621e-01
4.621900320053100586e-01
4.541338682174682617e-01
4.461135864257812500e-01
4.402139186859130859e-01
4.326757788658142090e-01
4.232810139656066895e-01
4.178023934364318848e-01
4.120714962482452393e-01
4.056011736392974854e-01
3.991310596466064453e-01
3.952271938323974609e-01
3.918226063251495361e-01
3.878083229064941406e-01
3.854125738143920898e-01
3.830168843269348145e-01
3.830782473087310791e-01
3.881510794162750244e-01
3.913817405700683594e-01
3.920077681541442871e-01
3.926337957382202148e-01
3.932597041130065918e-01
3.960499763488769531e-01
4.016811847686767578e-01
4.073124229907989502e-01
4.105486273765563965e-01
4.127532839775085449e-01
4.165185093879699707e-01
4.161451458930969238e-01
4.156500697135925293e-01
4.160977602005004883e-01
4.134402871131896973e-01
4.073611199855804443e-01
4.019499123096466064e-01
3.988903760910034180e-01
3.964445590972900391e-01
3.936765193939208984e-01
3.878245353698730469e-01
3.842861056327819824e-01
3.817772865295410156e-01
3.834719061851501465e-01
3.846078515052795410e-01
3.850486278533935547e-01
3.837194442749023438e-01
3.846419453620910645e-01
3.862777054309844971e-01
3.879131376743316650e-01
3.900732398033142090e-01
3.932201862335205078e-01
3.959254026412963867e-01
3.985351324081420898e-01
4.011448621749877930e-01
4.057126641273498535e-01
4.117253422737121582e-01
4.223374128341674805e-01
4.283849596977233887e-01
4.323647618293762207e-01
4.343784749507904053e-01
4.380624294281005859e-01
4.418084025382995605e-01
4.428851306438446045e-01
4.410585165023803711e-01
4.398061633110046387e-01
4.385539591312408447e-01
4.373016953468322754e-01
4.359192550182342529e-01
4.326716363430023193e-01
4.291636943817138672e-01
4.284073114395141602e-01
4.344770312309265137e-01
4.463896751403808594e-01
4.538539350032806396e-01
4.624937176704406738e-01
4.707332253456115723e-01
4.776318073272705078e-01
4.845300912857055664e-01
4.942675232887268066e-01
5.055960416793823242e-01
5.083801150321960449e-01
5.019205212593078613e-01
4.965437054634094238e-01
4.907425045967102051e-01
4.851956963539123535e-01
3.720034360885620117e-01
3.655440211296081543e-01
3.590836822986602783e-01
3.526248037815093994e-01
3.462112247943878174e-01
3.434824347496032715e-01
3.438813090324401855e-01
3.490387201309204102e-01
3.533457517623901367e-01
3.572362065315246582e-01
3.603349626064300537e-01
3.633990287780761719e-01
3.669864535331726074e-01
3.701176345348358154e-01
3.732485175132751465e-01
3.746449053287506104e-01
3.752308189868927002e-01
3.764463961124420166e-01
3.773649334907531738e-01
3.782984018325805664e-01
3.792317509651184082e-01
3.797545433044433594e-01
3.755469322204589844e-01
3.753653764724731445e-01
3.737168014049530029e-01
3.700846433639526367e-01
3.656314313411712646e-01
3.607534170150756836e-01
3.642885386943817139e-01
3.722084760665893555e-01
3.760588467121124268e-01
3.798159360885620117e-01
3.837458491325378418e-01
3.857578039169311523e-01
3.925260603427886963e-01
4.027321934700012207e-01
4.155266880989074707e-01
4.283214807510375977e-01
4.411662817001342773e-01
4.541937112808227539e-01
4.642260670661926270e-01
4.718977808952331543e-01
4.748151898384094238e-01
4.767888784408569336e-01
4.788372516632080078e-01
4.817237854003906250e-01
4.810887575149536133e-01
4.734979271888732910e-01
4.628732204437255859e-01
4.522486925125122070e-01
4.455380737781524658e-01
4.387405514717102051e-01
4.287111759185791016e-01
4.200398325920104980e-01
4.121701121330261230e-01
4.050499796867370605e-01
3.981204330921173096e-01
3.965952396392822266e-01
3.935992419719696045e-01
3.886287212371826172e-01
3.844800591468811035e-01
3.829604685306549072e-01
3.870651125907897949e-01
3.919516205787658691e-01
3.935387730598449707e-01
3.941648006439208984e-01
3.947905898094177246e-01
3.954167962074279785e-01
3.963775038719177246e-01
3.997592031955718994e-01
4.050171077251434326e-01
4.096166193485260010e-01
4.112197756767272949e-01
4.128361940383911133e-01
4.114588797092437744e-01
4.106104969978332520e-01
4.110580086708068848e-01
4.090051949024200439e-01
4.029262065887451172e-01
3.968469798564910889e-01
3.925884068012237549e-01
3.898499608039855957e-01
3.867014646530151367e-01
3.806850314140319824e-01
3.762045204639434814e-01
3.736954927444458008e-01
3.724768161773681641e-01
3.728376328945159912e-01
3.730005919933319092e-01
3.735873699188232422e-01
3.761662244796752930e-01
3.778017461299896240e-01
3.797230720520019531e-01
3.826726675033569336e-01
3.852824270725250244e-01
3.878920078277587891e-01
3.905019760131835938e-01
3.931115865707397461e-01
3.961441218852996826e-01
4.021568000316619873e-01
4.112629294395446777e-01
4.203681349754333496e-01
4.235414862632751465e-01
4.251741170883178711e-01
4.269294440746307373e-01
4.295228123664855957e-01
4.329040050506591797e-01
4.296182394027709961e-01
4.281440377235412598e-01
4.268918931484222412e-01
4.254714250564575195e-01
4.240096807479858398e-01
4.224344491958618164e-01
4.187575876712799072e-01
4.200353026390075684e-01
4.250924289226531982e-01
4.358484745025634766e-01
4.456030428409576416e-01
4.533412158489227295e-01
4.632292985916137695e-01
4.724273085594177246e-01
4.816432595252990723e-01
4.919412136077880859e-01
5.040913224220275879e-01
5.010585784912109375e-01
4.947202801704406738e-01
4.908307790756225586e-01
4.854752421379089355e-01
4.801057577133178711e-01
3.739479780197143555e-01
3.674883246421813965e-01
3.610285818576812744e-01
3.545689582824707031e-01
3.505140542984008789e-01
3.486201763153076172e-01
3.528039455413818359e-01
3.571850061416625977e-01
3.610759675502777100e-01
3.632675707340240479e-01
3.652881085872650146e-01
3.675968647003173828e-01
3.707818686962127686e-01
3.741478323936462402e-01
3.763068616390228271e-01
3.761290907859802246e-01
3.768188953399658203e-01
3.778561353683471680e-01
3.787894845008850098e-01
3.797224164009094238e-01
3.801874518394470215e-01
3.791850805282592773e-01
3.762547671794891357e-01
3.758153319358825684e-01
3.720845580101013184e-01
3.679306507110595703e-01
3.632484078407287598e-01
3.611541390419006348e-01
3.641787171363830566e-01
3.720281124114990234e-01
3.758280277252197266e-01
3.810352087020874023e-01
3.851007819175720215e-01
3.871534764766693115e-01
3.902418911457061768e-01
4.021732509136199951e-01
4.150306582450866699e-01
4.283155798912048340e-01
4.415999352931976318e-01
4.548843801021575928e-01
4.682721495628356934e-01
4.814468026161193848e-01
4.881489872932434082e-01
4.902712106704711914e-01
4.924502968788146973e-01
4.943730235099792480e-01
4.915787577629089355e-01
4.851537346839904785e-01
4.768887758255004883e-01
4.662639498710632324e-01
4.573165178298950195e-01
4.483336806297302246e-01
4.376378059387207031e-01
4.296854734420776367e-01
4.233306646347045898e-01
4.152452349662780762e-01
4.085125625133514404e-01
4.043781757354736328e-01
4.002434611320495605e-01
3.959581255912780762e-01
3.922701776027679443e-01
3.919781446456909180e-01
3.939029276371002197e-01
3.970198333263397217e-01
3.966808617115020752e-01
3.963417708873748779e-01
3.969476222991943359e-01
3.975737094879150391e-01
3.981995582580566406e-01
4.004076123237609863e-01
4.039067924022674561e-01
4.058575332164764404e-01
4.096862673759460449e-01
4.081499874591827393e-01
4.067725241184234619e-01
4.055706858634948730e-01
4.048647284507751465e-01
4.034488201141357422e-01
3.984910845756530762e-01
3.924120664596557617e-01
3.863678574562072754e-01
3.832954168319702148e-01
3.798029422760009766e-01
3.739910125732421875e-01
3.682053685188293457e-01
3.637522161006927490e-01
3.606268167495727539e-01
3.607900142669677734e-01
3.609530329704284668e-01
3.626762926578521729e-01
3.676905333995819092e-01
3.694117069244384766e-01
3.720298111438751221e-01
3.746393918991088867e-01
3.772491216659545898e-01
3.798590004444122314e-01
3.824687600135803223e-01
3.850784301757812500e-01
3.876883685588836670e-01
3.925881981849670410e-01
4.003255069255828857e-01
4.114926755428314209e-01
4.147179722785949707e-01
4.163531064987182617e-01
4.174458980560302734e-01
4.191572070121765137e-01
4.208685159683227539e-01
4.205271005630493164e-01
4.165084362030029297e-01
4.138472676277160645e-01
4.123856425285339355e-01
4.109239876270294189e-01
4.094623029232025146e-01
4.077242016792297363e-01
4.108645021915435791e-01
4.164415001869201660e-01
4.269352555274963379e-01
4.382664859294891357e-01
4.462852478027343750e-01
4.524074494838714600e-01
4.633831977844238281e-01
4.772820472717285156e-01
4.884237647056579590e-01
4.940425753593444824e-01
4.892554283142089844e-01
4.840939640998840332e-01
4.780657887458801270e-01
4.763909578323364258e-01
4.737300276756286621e-01
3.758922517299652100e-01
3.694330453872680664e-01
3.629730045795440674e-01
3.575462102890014648e-01
3.557694256305694580e-01
3.565687537193298340e-01
3.610239028930664062e-01
3.649145364761352539e-01
3.673502802848815918e-01
3.683122396469116211e-01
3.689073622226715088e-01
3.717568218708038330e-01
3.754632771015167236e-01
3.781886696815490723e-01
3.785102665424346924e-01
3.791999816894531250e-01
3.796771168708801270e-01
3.792898356914520264e-01
3.802130520343780518e-01
3.806198835372924805e-01
3.799421191215515137e-01
3.804123401641845703e-01
3.772994875907897949e-01
3.742769360542297363e-01
3.702293038368225098e-01
3.655470311641693115e-01
3.629904985427856445e-01
3.617327213287353516e-01
3.636359572410583496e-01
3.713201284408569336e-01
3.765648901462554932e-01
3.822223842144012451e-01
3.864328861236572266e-01
3.889524936676025391e-01
3.930957615375518799e-01
4.021798670291900635e-01
4.154645800590515137e-01
4.287489354610443115e-01
4.421232044696807861e-01
4.553932249546051025e-01
4.696851372718811035e-01
4.841302037239074707e-01
4.964646697044372559e-01
5.024220347404479980e-01
5.056586265563964844e-01
5.053346753120422363e-01
5.005697011947631836e-01
4.953626990318298340e-01
4.876405596733093262e-01
4.787434339523315430e-01
4.668382108211517334e-01
4.565826356410980225e-01
4.458864927291870117e-01
4.363196790218353271e-01
4.305683970451354980e-01
4.242899417877197266e-01
4.199757575988769531e-01
4.158411920070648193e-01
4.117067456245422363e-01
4.066460132598876953e-01
4.075478613376617432e-01
4.113374948501586914e-01
4.127939939498901367e-01
4.122493565082550049e-01
4.099405109882354736e-01
4.093485772609710693e-01
4.090095460414886475e-01
4.086704850196838379e-01
4.083316028118133545e-01
4.083611369132995605e-01
4.091363549232482910e-01
4.095956385135650635e-01
4.083785414695739746e-01
4.066140055656433105e-01
4.042716324329376221e-01
4.011648297309875488e-01
3.986067473888397217e-01
3.969351351261138916e-01
3.940562009811401367e-01
3.879771828651428223e-01
3.819503188133239746e-01
3.770692050457000732e-01
3.729043006896972656e-01
3.668072223663330078e-01
3.586332798004150391e-01
3.530762195587158203e-01
3.486582934856414795e-01
3.487423658370971680e-01
3.489052057266235352e-01
3.517652750015258789e-01
3.570108115673065186e-01
3.613866567611694336e-01
3.639964759349822998e-01
3.666061758995056152e-01
3.692161440849304199e-01
3.718257248401641846e-01
3.743511438369750977e-01
3.767514824867248535e-01
3.791520297527313232e-01
3.823070824146270752e-01
3.891187608242034912e-01
3.990851044654846191e-01
4.045537114143371582e-01
4.061059057712554932e-01
4.074666500091552734e-01
4.085856378078460693e-01
4.102969169616699219e-01
4.120082259178161621e-01
4.071353077888488770e-01
4.037183821201324463e-01
4.007612168788909912e-01
3.978760540485382080e-01
3.963765501976013184e-01
3.949150443077087402e-01
4.015367329120635986e-01
4.083768129348754883e-01
4.185171425342559814e-01
4.293533861637115479e-01
4.399480521678924561e-01
4.464303553104400635e-01
4.563348293304443359e-01
4.700465798377990723e-01
4.821935296058654785e-01
4.797009825706481934e-01
4.748715758323669434e-01
4.708154201507568359e-01
4.675897061824798584e-01
4.610531628131866455e-01
4.595058262348175049e-01
3.778363466262817383e-01
3.713767826557159424e-01
3.651939034461975098e-01
3.630441725254058838e-01
3.618552684783935547e-01
3.648634850978851318e-01
3.687539696693420410e-01
3.714332282543182373e-01
3.722267150878906250e-01
3.721141815185546875e-01
3.734930753707885742e-01
3.769729733467102051e-01
3.802188038825988770e-01
3.808915615081787109e-01
3.815810680389404297e-01
3.822709023952484131e-01
3.824045956134796143e-01
3.820171058177947998e-01
3.810530900955200195e-01
3.803847432136535645e-01
3.825699388980865479e-01
3.818337917327880859e-01
3.749175667762756348e-01
3.728142082691192627e-01
3.678458631038665771e-01
3.642762899398803711e-01
3.632978796958923340e-01
3.616755008697509766e-01
3.628413379192352295e-01
3.710314035415649414e-01
3.776620626449584961e-01
3.834033608436584473e-01
3.878532648086547852e-01
3.918186128139495850e-01
3.980538845062255859e-01
4.043644070625305176e-01
4.159738421440124512e-01
4.291365444660186768e-01
4.426698386669158936e-01
4.570154547691345215e-01
4.715784192085266113e-01
4.859377741813659668e-01
4.993490576744079590e-01
5.074220299720764160e-01
5.150524973869323730e-01
5.144124627113342285e-01
5.097633600234985352e-01
5.043001174926757812e-01
4.954152703285217285e-01
4.860512614250183105e-01
4.766876101493835449e-01
4.648312926292419434e-01
4.541354179382324219e-01
4.434396922588348389e-01
4.363916814327239990e-01
4.294265210628509521e-01
4.272268414497375488e-01
4.250239729881286621e-01
4.214468002319335938e-01
4.198146164417266846e-01
4.226675331592559814e-01
4.292700588703155518e-01
4.332627058029174805e-01
4.308619201183319092e-01
4.274460077285766602e-01
4.245386123657226562e-01
4.222564101219177246e-01
4.216771423816680908e-01
4.213382303714752197e-01
4.201465249061584473e-01
4.191704392433166504e-01
4.189228415489196777e-01
4.153060615062713623e-01
4.129122793674468994e-01
4.100599884986877441e-01
4.058540761470794678e-01
4.029427170753479004e-01
4.005617797374725342e-01
3.981810212135314941e-01
3.918173909187316895e-01
3.848651051521301270e-01
3.779129981994628906e-01
3.708342015743255615e-01
3.622373342514038086e-01
3.518157005310058594e-01
3.447033464908599854e-01
3.387988507747650146e-01
3.371859192848205566e-01
3.368561267852783203e-01
3.402730524539947510e-01
3.460977971553802490e-01
3.523539602756500244e-01
3.552926778793334961e-01
3.576930165290832520e-01
3.600934147834777832e-01
3.624937236309051514e-01
3.648943006992340088e-01
3.672945499420166016e-01
3.696952462196350098e-01
3.720956444740295410e-01
3.774104714393615723e-01
3.857805728912353516e-01
3.930436372756958008e-01
3.958590328693389893e-01
3.974112868309020996e-01
3.982986807823181152e-01
3.997256755828857422e-01
4.014367461204528809e-01
3.999812304973602295e-01
3.947536945343017578e-01
3.910884261131286621e-01
3.880693316459655762e-01
3.850137591361999512e-01
3.829769492149353027e-01
3.905274271965026855e-01
4.004074335098266602e-01
4.105474352836608887e-01
4.206379055976867676e-01
4.312826693058013916e-01
4.422483444213867188e-01
4.518216848373413086e-01
4.628253281116485596e-01
4.738813042640686035e-01
4.672452807426452637e-01
4.586883783340454102e-01
4.537636041641235352e-01
4.524244070053100586e-01
4.500630199909210205e-01
4.431672394275665283e-01
3.797811567783355713e-01
3.737736940383911133e-01
3.703194260597229004e-01
3.689792752265930176e-01
3.687027394771575928e-01
3.726511597633361816e-01
3.758038282394409180e-01
3.765656948089599609e-01
3.766112625598907471e-01
3.768372535705566406e-01
3.787282109260559082e-01
3.822493553161621094e-01
3.832731246948242188e-01
3.839623332023620605e-01
3.846524357795715332e-01
3.853418231010437012e-01
3.851316869258880615e-01
3.841021955013275146e-01
3.821743726730346680e-01
3.821076154708862305e-01
3.851645588874816895e-01
3.808351159095764160e-01
3.739318847656250000e-01
3.705247044563293457e-01
3.656310141086578369e-01
3.642994165420532227e-01
3.632507026195526123e-01
3.615936636924743652e-01
3.620170652866363525e-01
3.718717098236083984e-01
3.786026835441589355e-01
3.851753473281860352e-01
3.910358250141143799e-01
3.967010378837585449e-01
4.030737876892089844e-01
4.092558026313781738e-01
4.160588681697845459e-01
4.299463629722595215e-01
4.444344043731689453e-01
4.588166177272796631e-01
4.731505513191223145e-01
4.874843358993530273e-01
5.018184185028076172e-01
5.101848244667053223e-01
5.157649517059326172e-01
5.165112614631652832e-01
5.151719450950622559e-01
5.104980468750000000e-01
5.027232170104980469e-01
4.933591485023498535e-01
4.837383627891540527e-01
4.714332222938537598e-01
4.623843431472778320e-01
4.505939185619354248e-01
4.412428736686706543e-01
4.357490539550781250e-01
4.327492713928222656e-01
4.296276569366455078e-01
4.290273487567901611e-01
4.338274598121643066e-01
4.389270246028900146e-01
4.443705677986145020e-01
4.501938819885253906e-01
4.501488208770751953e-01
4.470344185829162598e-01
4.436185657978057861e-01
4.402024745941162109e-01
4.368277192115783691e-01
4.345414042472839355e-01
4.316894412040710449e-01
4.294669628143310547e-01
4.267011284828186035e-01
4.222336709499359131e-01
4.195042252540588379e-01
4.164750576019287109e-01
4.111608266830444336e-01
4.072785377502441406e-01
4.048978686332702637e-01
4.025941491127014160e-01
3.983362317085266113e-01
3.913839757442474365e-01
3.837422132492065430e-01
3.726823925971984863e-01
3.632658720016479492e-01
3.527654707431793213e-01
3.441301584243774414e-01
3.380163311958312988e-01
3.346462845802307129e-01
3.330979347229003906e-01
3.373607993125915527e-01
3.426520824432373047e-01
3.479432761669158936e-01
3.523522913455963135e-01
3.537878096103668213e-01
3.552233874797821045e-01
3.566588461399078369e-01
3.580943942070007324e-01
3.595299720764160156e-01
3.609654307365417480e-01
3.626387715339660645e-01
3.661259710788726807e-01
3.731678724288940430e-01
3.797389864921569824e-01
3.856118917465209961e-01
3.871642053127288818e-01
3.884620666503906250e-01
3.891540765762329102e-01
3.908652067184448242e-01
3.925764560699462891e-01
3.876961767673492432e-01
3.824686408042907715e-01
3.784294724464416504e-01
3.758223652839660645e-01
3.749735355377197266e-01
3.813592493534088135e-01
3.913010358810424805e-01
4.025779366493225098e-01
4.125638008117675781e-01
4.235267639160156250e-01
4.374502003192901611e-01
4.476786255836486816e-01
4.575685560703277588e-01
4.577342271804809570e-01
4.529280662536621094e-01
4.468389749526977539e-01
4.404481053352355957e-01
4.366580247879028320e-01
4.339516758918762207e-01
4.301105737686157227e-01
3.824205398559570312e-01
3.775944113731384277e-01
3.761035203933715820e-01
3.747331500053405762e-01
3.768351078033447266e-01
3.805760741233825684e-01
3.811134994029998779e-01
3.813390433788299561e-01
3.815653324127197266e-01
3.817911446094512939e-01
3.840783238410949707e-01
3.856538534164428711e-01
3.863436281681060791e-01
3.870335817337036133e-01
3.877233266830444336e-01
3.882467746734619141e-01
3.871590495109558105e-01
3.852922916412353516e-01
3.849564790725708008e-01
3.864081501960754395e-01
3.851928710937500000e-01
3.784370422363281250e-01
3.723382353782653809e-01
3.677326440811157227e-01
3.653002977371215820e-01
3.642349243164062500e-01
3.631694018840789795e-01
3.614986538887023926e-01
3.626729249954223633e-01
3.733147978782653809e-01
3.804351687431335449e-01
3.877657651901245117e-01
3.950155377388000488e-01
4.015720486640930176e-01
4.076764285564422607e-01
4.137811064720153809e-01
4.211733937263488770e-01
4.316954910755157471e-01
4.460293352603912354e-01
4.603632092475891113e-01
4.746974110603332520e-01
4.890311360359191895e-01
5.033651590347290039e-01
5.108953118324279785e-01
5.134587883949279785e-01
5.128454566001892090e-01
5.122323632240295410e-01
5.116190314292907715e-01
5.087841749191284180e-01
5.006669163703918457e-01
4.904178977012634277e-01
4.781126379966735840e-01
4.661820530891418457e-01
4.568700790405273438e-01
4.454189836978912354e-01
4.404742717742919922e-01
4.373529553413391113e-01
4.355521500110626221e-01
4.399352669715881348e-01
4.454166889190673828e-01
4.508984982967376709e-01
4.574451446533203125e-01
4.637941718101501465e-01
4.661360383033752441e-01
4.663134515285491943e-01
4.632065892219543457e-01
4.597907364368438721e-01
4.563749730587005615e-01
4.514635801315307617e-01
4.457623660564422607e-01
4.392603337764739990e-01
4.344792962074279785e-01
4.291609227657318115e-01
4.247512817382812500e-01
4.216502010822296143e-01
4.185493588447570801e-01
4.130855798721313477e-01
4.089455008506774902e-01
4.064467847347259521e-01
4.039484262466430664e-01
3.960054218769073486e-01
3.868636190891265869e-01
3.741210103034973145e-01
3.630807399749755859e-01
3.528754115104675293e-01
3.429948687553405762e-01
3.360615372657775879e-01
3.311946392059326172e-01
3.310269713401794434e-01
3.363184034824371338e-01
3.416092991828918457e-01
3.469007611274719238e-01
3.521918952465057373e-01
3.551807701587677002e-01
3.566161096096038818e-01
3.580515682697296143e-01
3.594871759414672852e-01
3.609226942062377930e-01
3.623581528663635254e-01
3.637937307357788086e-01
3.652290999889373779e-01
3.693348765373229980e-01
3.741512596607208252e-01
3.804494142532348633e-01
3.827043771743774414e-01
3.832917809486389160e-01
3.831512629985809326e-01
3.831864595413208008e-01
3.839326798915863037e-01
3.816014230251312256e-01
3.754113316535949707e-01
3.704604208469390869e-01
3.664970397949218750e-01
3.670676350593566895e-01
3.744848966598510742e-01
3.847257494926452637e-01
3.951404690742492676e-01
4.056745767593383789e-01
4.176496863365173340e-01
4.307149052619934082e-01
4.435353279113769531e-01
4.519430696964263916e-01
4.433217644691467285e-01
4.367811679840087891e-01
4.319747388362884521e-01
4.267781972885131836e-01
4.230496883392333984e-01
4.206880927085876465e-01
4.179778099060058594e-01
3.852946162223815918e-01
3.834155201911926270e-01
3.823980689048767090e-01
3.814359605312347412e-01
3.855267167091369629e-01
3.858414590358734131e-01
3.860671520233154297e-01
3.862933218479156494e-01
3.865188956260681152e-01
3.872458040714263916e-01
3.880352377891540527e-01
3.887249231338500977e-01
3.894152641296386719e-01
3.901045918464660645e-01
3.907943069934844971e-01
3.902156949043273926e-01
3.884103894233703613e-01
3.880749344825744629e-01
3.885695934295654297e-01
3.903677463531494141e-01
3.840518891811370850e-01
3.767671585083007812e-01
3.698647022247314453e-01
3.668521344661712646e-01
3.652188777923583984e-01
3.641538023948669434e-01
3.632136583328247070e-01
3.627192378044128418e-01
3.644275963306427002e-01
3.751086592674255371e-01
3.823024630546569824e-01
3.905926346778869629e-01
3.995502293109893799e-01
4.060973525047302246e-01
4.125736951828002930e-01
4.198983907699584961e-01
4.272582530975341797e-01
4.346181154251098633e-01
4.475762248039245605e-01
4.619101285934448242e-01
4.762439131736755371e-01
4.905779957771301270e-01
5.015360713005065918e-01
5.087326169013977051e-01
5.097932815551757812e-01
5.091798901557922363e-01
5.085666775703430176e-01
5.079534649848937988e-01
5.073401331901550293e-01
5.043928623199462891e-01
4.965155720710754395e-01
4.831303954124450684e-01
4.691745638847351074e-01
4.580769538879394531e-01
4.478434026241302490e-01
4.450780749320983887e-01
4.424215853214263916e-01
4.460431635379791260e-01
4.515246748924255371e-01
4.570063948631286621e-01
4.624879360198974609e-01
4.679695963859558105e-01
4.729610681533813477e-01
4.776369333267211914e-01
4.820781946182250977e-01
4.824782609939575195e-01
4.793789982795715332e-01
4.752895236015319824e-01
4.695881009101867676e-01
4.635983407497406006e-01
4.540311098098754883e-01
4.447974264621734619e-01
4.348802864551544189e-01
4.289625585079193115e-01
4.256521463394165039e-01
4.223519563674926758e-01
4.190432727336883545e-01
4.146231412887573242e-01
4.102027118206024170e-01
4.058713912963867188e-01
3.988385796546936035e-01
3.892464637756347656e-01
3.760956227779388428e-01
3.632180392742156982e-01
3.526428639888763428e-01
3.412870466709136963e-01
3.338637351989746094e-01
3.281711041927337646e-01
3.299846351146697998e-01
3.352759182453155518e-01
3.405669331550598145e-01
3.458581566810607910e-01
3.511494398117065430e-01
3.564405143260955811e-01
3.580090999603271484e-01
3.594446480274200439e-01
3.608800768852233887e-01
3.623156845569610596e-01
3.637511134147644043e-01
3.651866018772125244e-01
3.666221499443054199e-01
3.676698803901672363e-01
3.721538782119750977e-01
3.779947161674499512e-01
3.833070397377014160e-01
3.838944435119628906e-01
3.841643929481506348e-01
3.838682472705841064e-01
3.842110037803649902e-01
3.849574029445648193e-01
3.792012035846710205e-01
3.730090260505676270e-01
3.674457073211669922e-01
3.684827983379364014e-01
3.737743496894836426e-01
3.840863108634948730e-01
3.947296738624572754e-01
4.057301878929138184e-01
4.174096584320068359e-01
4.278384745121002197e-01
4.390677213668823242e-01
4.395195245742797852e-01
4.302062392234802246e-01
4.217264056205749512e-01
4.158277511596679688e-01
4.110904335975646973e-01
4.084377288818359375e-01
4.066549241542816162e-01
4.048421382904052734e-01
3.911774158477783203e-01
3.903581798076629639e-01
3.888095021247863770e-01
3.903432190418243408e-01
3.905688524246215820e-01
3.907949924468994141e-01
3.910207748413085938e-01
3.912467360496520996e-01
3.919032216072082520e-01
3.916671872138977051e-01
3.911065459251403809e-01
3.917962312698364258e-01
3.924859166145324707e-01
3.931238055229187012e-01
3.930495381355285645e-01
3.915284872055053711e-01
3.911924958229064941e-01
3.908570706844329834e-01
3.928955197334289551e-01
3.905862569808959961e-01
3.825019001960754395e-01
3.755688071250915527e-01
3.684464097023010254e-01
3.668649196624755859e-01
3.652759194374084473e-01
3.647001981735229492e-01
3.641573786735534668e-01
3.652031421661376953e-01
3.662028908729553223e-01
3.767352700233459473e-01
3.846367597579956055e-01
3.943868577480316162e-01
4.040259718894958496e-01
4.112491905689239502e-01
4.186093807220458984e-01
4.259692728519439697e-01
4.333291053771972656e-01
4.406890273094177246e-01
4.491227865219116211e-01
4.634568095207214355e-01
4.768847823143005371e-01
4.876641631126403809e-01
4.980379939079284668e-01
5.064538121223449707e-01
5.061275362968444824e-01
5.055141448974609375e-01
5.049011707305908203e-01
5.042877793312072754e-01
5.036745667457580566e-01
5.014569163322448730e-01
4.941243529319763184e-01
4.850430488586425781e-01
4.719536900520324707e-01
4.586186707019805908e-01
4.499222636222839355e-01
4.477033615112304688e-01
4.521511197090148926e-01
4.576326608657836914e-01
4.631143212318420410e-01
4.685957431793212891e-01
4.740774631500244141e-01
4.785400032997131348e-01
4.817351102828979492e-01
4.862015247344970703e-01
4.906677007675170898e-01
4.951341748237609863e-01
4.977207183837890625e-01
4.922826290130615234e-01
4.863718152046203613e-01
4.780429601669311523e-01
4.684758186340332031e-01
4.575075507164001465e-01
4.451591074466705322e-01
4.360994100570678711e-01
4.303262233734130859e-01
4.262679219245910645e-01
4.229888319969177246e-01
4.205828607082366943e-01
4.148671329021453857e-01
4.083074331283569336e-01
4.012212753295898438e-01
3.914997577667236328e-01
3.779720962047576904e-01
3.642645776271820068e-01
3.519230484962463379e-01
3.399104177951812744e-01
3.318059146404266357e-01
3.266506791114807129e-01
3.289419412612915039e-01
3.342332541942596436e-01
3.395243585109710693e-01
3.448156714439392090e-01
3.501069247722625732e-01
3.553979694843292236e-01
3.594018816947937012e-01
3.608373403549194336e-01
3.622728884220123291e-01
3.637084066867828369e-01
3.651439547538757324e-01
3.665793836116790771e-01
3.676116466522216797e-01
3.661279082298278809e-01
3.704885542392730713e-01
3.755393922328948975e-01
3.818376660346984863e-01
3.844971060752868652e-01
3.850843906402587891e-01
3.848810791969299316e-01
3.845846056938171387e-01
3.852354586124420166e-01
3.829935193061828613e-01
3.768012821674346924e-01
3.706087768077850342e-01
3.730688095092773438e-01
3.787009716033935547e-01
3.885893225669860840e-01
4.005710482597351074e-01
4.131780266761779785e-01
4.249969124794006348e-01
4.364817440509796143e-01
4.463490545749664307e-01
4.387736022472381592e-01
4.272211790084838867e-01
4.177641868591308594e-01
4.083195030689239502e-01
4.021778106689453125e-01
3.976708948612213135e-01
3.967291116714477539e-01
3.945890963077545166e-01
3.985258340835571289e-01
3.970050811767578125e-01
3.950653672218322754e-01
3.952970206737518311e-01
3.955233097076416016e-01
3.957487344741821289e-01
3.959748148918151855e-01
3.968696296215057373e-01
3.962973356246948242e-01
3.946678042411804199e-01
3.941773176193237305e-01
3.948671817779541016e-01
3.954473733901977539e-01
3.953726291656494141e-01
3.946464657783508301e-01
3.943106234073638916e-01
3.939750790596008301e-01
3.948763906955718994e-01
3.934901952743530273e-01
3.891520500183105469e-01
3.809415996074676514e-01
3.748387098312377930e-01
3.703270554542541504e-01
3.675183653831481934e-01
3.661924600601196289e-01
3.656117320060729980e-01
3.666627705097198486e-01
3.675392270088195801e-01
3.675825297832489014e-01
3.784859478473663330e-01
3.874974548816680908e-01
3.982218205928802490e-01
4.093593657016754150e-01
4.173201918601989746e-01
4.246801733970642090e-01
4.320403337478637695e-01
4.394001662731170654e-01
4.467603862285614014e-01
4.535966515541076660e-01
4.628382325172424316e-01
4.737926125526428223e-01
4.841663241386413574e-01
4.945399165153503418e-01
5.030751228332519531e-01
5.024620890617370605e-01
5.018488168716430664e-01
5.012356638908386230e-01
5.006223320960998535e-01
4.992792010307312012e-01
4.967427253723144531e-01
4.873441457748413086e-01
4.779862165451049805e-01
4.690220355987548828e-01
4.584121108055114746e-01
4.523344039916992188e-01
4.524315595626831055e-01
4.606061875820159912e-01
4.686618447303771973e-01
4.740330576896667480e-01
4.793052077293395996e-01
4.845774769783020020e-01
4.873304367065429688e-01
4.891703724861145020e-01
4.936365485191345215e-01
4.981029629707336426e-01
5.025692582130432129e-01
5.057192444801330566e-01
5.064036250114440918e-01
5.020552277565002441e-01
4.924880266189575195e-01
4.826295375823974609e-01
4.698597788810729980e-01
4.561994075775146484e-01
4.467104673385620117e-01
4.401719868183135986e-01
4.338762164115905762e-01
4.281989336013793945e-01
4.240087866783142090e-01
4.184055626392364502e-01
4.115548431873321533e-01
4.047040045261383057e-01
3.939452171325683594e-01
3.791168034076690674e-01
3.651500642299652100e-01
3.521435856819152832e-01
3.391905725002288818e-01
3.308647572994232178e-01
3.257254064083099365e-01
3.278995156288146973e-01
3.331907093524932861e-01
3.384818434715270996e-01
3.437731266021728516e-01
3.490644097328186035e-01
3.543554246425628662e-01
3.596465885639190674e-01
3.622302412986755371e-01
3.636657297611236572e-01
3.651015162467956543e-01
3.665367960929870605e-01
3.679725229740142822e-01
3.681981563568115234e-01
3.659908175468444824e-01
3.688232302665710449e-01
3.733075261116027832e-01
3.793827891349792480e-01
3.850995004177093506e-01
3.856870532035827637e-01
3.858940303325653076e-01
3.855976462364196777e-01
3.855137825012207031e-01
3.862602114677429199e-01
3.805935382843017578e-01
3.744008541107177734e-01
3.776553273200988770e-01
3.836273252964019775e-01
3.947582840919494629e-01
4.086109399795532227e-01
4.199681878089904785e-01
4.315074384212493896e-01
4.442800581455230713e-01
4.481565654277801514e-01
4.388128519058227539e-01
4.284454286098480225e-01
4.171064794063568115e-01
4.062385559082031250e-01
3.970085084438323975e-01
3.912269771099090576e-01
3.899681568145751953e-01
3.900616765022277832e-01
4.050664901733398438e-01
4.027126431465148926e-01
4.000246524810791016e-01
4.002509117126464844e-01
4.004765748977661133e-01
4.007029533386230469e-01
4.018359184265136719e-01
4.016870558261871338e-01
3.990236222743988037e-01
3.977813720703125000e-01
3.972483277320861816e-01
3.977705240249633789e-01
3.976961076259613037e-01
3.971517384052276611e-01
3.974289298057556152e-01
3.970199823379516602e-01
3.967535793781280518e-01
3.963878750801086426e-01
3.933500051498413086e-01
3.869282603263854980e-01
3.799467682838439941e-01
3.769901096820831299e-01
3.731277883052825928e-01
3.697310090065002441e-01
3.671975135803222656e-01
3.673068284988403320e-01
3.687784671783447266e-01
3.695901930332183838e-01
3.688032031059265137e-01
3.804598450660705566e-01
3.914648890495300293e-01
4.035368561744689941e-01
4.151224493980407715e-01
4.233909845352172852e-01
4.307512044906616211e-01
4.381111562252044678e-01
4.453299045562744141e-01
4.510479569435119629e-01
4.567666053771972656e-01
4.609223008155822754e-01
4.702946543693542480e-01
4.806683659553527832e-01
4.910420775413513184e-01
4.985796809196472168e-01
4.987964034080505371e-01
4.981831908226013184e-01
4.975699782371520996e-01
4.959430694580078125e-01
4.926088452339172363e-01
4.885084033012390137e-01
4.799479246139526367e-01
4.701096415519714355e-01
4.606367945671081543e-01
4.519383311271667480e-01
4.523601531982421875e-01
4.587211310863494873e-01
4.669655859470367432e-01
4.751403927803039551e-01
4.833151102066040039e-01
4.894710183143615723e-01
4.947434067726135254e-01
4.959964752197265625e-01
4.970080256462097168e-01
5.010716319084167480e-01
5.055378675460815430e-01
5.095095634460449219e-01
5.116907358169555664e-01
5.138717293739318848e-01
5.115044713020324707e-01
5.045655369758605957e-01
4.956001639366149902e-01
4.822117686271667480e-01
4.681301116943359375e-01
4.574260413646697998e-01
4.506092071533203125e-01
4.443135261535644531e-01
4.363180100917816162e-01
4.287228882312774658e-01
4.224671125411987305e-01
4.156505465507507324e-01
4.076124727725982666e-01
3.980334699153900146e-01
3.821450769901275635e-01
3.662947416305541992e-01
3.529955446720123291e-01
3.396283090114593506e-01
3.303381800651550293e-01
3.247998654842376709e-01
3.268570899963378906e-01
3.321482837200164795e-01
3.374393880367279053e-01
3.427305817604064941e-01
3.480216264724731445e-01
3.533129990100860596e-01
3.586040139198303223e-01
3.636232316493988037e-01
3.650586605072021484e-01
3.664942979812622070e-01
3.679296374320983887e-01
3.693652153015136719e-01
3.687843084335327148e-01
3.663880228996276855e-01
3.671579957008361816e-01
3.716422021389007568e-01
3.769276142120361328e-01
3.832259774208068848e-01
3.862895071506500244e-01
3.868771195411682129e-01
3.866107165813446045e-01
3.863144516944885254e-01
3.865384161472320557e-01
3.843855857849121094e-01
3.798544406890869141e-01
3.830832540988922119e-01
3.885541260242462158e-01
4.023592472076416016e-01
4.163893461227416992e-01
4.281921684741973877e-01
4.393826723098754883e-01
4.504801928997039795e-01
4.465364813804626465e-01
4.398264884948730469e-01
4.300429821014404297e-01
4.187077283859252930e-01
4.071560204029083252e-01
3.963147997856140137e-01
3.863752484321594238e-01
3.821756243705749512e-01
3.832167387008666992e-01
4.101608991622924805e-01
4.049102365970611572e-01
4.049785733222961426e-01
4.052045345306396484e-01
4.054308533668518066e-01
4.068028628826141357e-01
4.070764183998107910e-01
4.044625163078308105e-01
4.020003676414489746e-01
4.009754061698913574e-01
4.001704156398773193e-01
4.000196456909179688e-01
3.995358347892761230e-01
4.002777934074401855e-01
3.998534679412841797e-01
3.991231024265289307e-01
3.992747664451599121e-01
3.961802124977111816e-01
3.933281600475311279e-01
3.858175277709960938e-01
3.818521499633789062e-01
3.798363804817199707e-01
3.759286403656005859e-01
3.718510568141937256e-01
3.692826628684997559e-01
3.693717122077941895e-01
3.706859648227691650e-01
3.713142275810241699e-01
3.711136579513549805e-01
3.845582008361816406e-01
3.969815969467163086e-01
4.090540111064910889e-01
4.207288920879364014e-01
4.294623136520385742e-01
4.368222355842590332e-01
4.427811205387115479e-01
4.484993219375610352e-01
4.542181193828582764e-01
4.585488438606262207e-01
4.619486331939697266e-01
4.667968153953552246e-01
4.771705269813537598e-01
4.873167872428894043e-01
4.932007193565368652e-01
4.945436120033264160e-01
4.937211871147155762e-01
4.909043312072753906e-01
4.872615933418273926e-01
4.836189150810241699e-01
4.788902401924133301e-01
4.715475440025329590e-01
4.617094397544860840e-01
4.518710374832153320e-01
4.461528658866882324e-01
4.501892924308776855e-01
4.591713845729827881e-01
4.712883234024047852e-01
4.814997315406799316e-01
4.896744489669799805e-01
4.978491663932800293e-01
5.036502480506896973e-01
5.046620965003967285e-01
5.056737661361694336e-01
5.085064768791198730e-01
5.129728913307189941e-01
5.154808163642883301e-01
5.176618695259094238e-01
5.179696083068847656e-01
5.164940357208251953e-01
5.125905871391296387e-01
5.038416981697082520e-01
4.922284483909606934e-01
4.805247187614440918e-01
4.683052897453308105e-01
4.609232842922210693e-01
4.528488814830780029e-01
4.441741704940795898e-01
4.360944330692291260e-01
4.287540316581726074e-01
4.213157594203948975e-01
4.119491577148437500e-01
4.024061262607574463e-01
3.870452046394348145e-01
3.705067038536071777e-01
3.557499647140502930e-01
3.419314622879028320e-01
3.299041092395782471e-01
3.250081539154052734e-01
3.259354233741760254e-01
3.311058282852172852e-01
3.363969027996063232e-01
3.416879475116729736e-01
3.469792604446411133e-01
3.522703647613525391e-01
3.575616478919982910e-01
3.628529012203216553e-01
3.664515018463134766e-01
3.678870797157287598e-01
3.693225383758544922e-01
3.707581460475921631e-01
3.693704605102539062e-01
3.669741153717041016e-01
3.668124079704284668e-01
3.699769973754882812e-01
3.744726479053497314e-01
3.807709515094757080e-01
3.868921101093292236e-01
3.874796032905578613e-01
3.876236677169799805e-01
3.873272836208343506e-01
3.870307505130767822e-01
3.875631690025329590e-01
3.853522539138793945e-01
3.885811269283294678e-01
3.962183296680450439e-01
4.099598228931427002e-01
4.238856434822082520e-01
4.362260699272155762e-01
4.477096796035766602e-01
4.532702267169952393e-01
4.452681541442871094e-01
4.372661411762237549e-01
4.309747517108917236e-01
4.213638305664062500e-01
4.094887375831604004e-01
3.980247080326080322e-01
3.865604400634765625e-01
3.776029348373413086e-01
3.761330246925354004e-01
4.125335812568664551e-01
4.092511534690856934e-01
4.096790850162506104e-01
4.102601408958435059e-01
4.117690026760101318e-01
4.124664366245269775e-01
4.099642038345336914e-01
4.069893956184387207e-01
4.049772024154663086e-01
4.038855135440826416e-01
4.024639129638671875e-01
4.019206166267395020e-01
4.024123549461364746e-01
4.026873111724853516e-01
4.019400179386138916e-01
4.021615087985992432e-01
3.992552459239959717e-01
3.970161080360412598e-01
3.925151526927947998e-01
3.867485523223876953e-01
3.846985697746276855e-01
3.824742734432220459e-01
3.783144950866699219e-01
3.737266063690185547e-01
3.726260364055633545e-01
3.722490072250366211e-01
3.724967837333679199e-01
3.737636804580688477e-01
3.754054009914398193e-01
3.899971842765808105e-01
4.024991393089294434e-01
4.145710468292236328e-01
4.263357222080230713e-01
4.345142543315887451e-01
4.402327835559844971e-01
4.458244144916534424e-01
4.513334333896636963e-01
4.556300044059753418e-01
4.588204920291900635e-01
4.620105028152465820e-01
4.652011096477508545e-01
4.722896814346313477e-01
4.813377261161804199e-01
4.867761731147766113e-01
4.891998171806335449e-01
4.855571389198303223e-01
4.819142222404479980e-01
4.782720208168029785e-01
4.746292233467102051e-01
4.692719578742980957e-01
4.626882672309875488e-01
4.533089399337768555e-01
4.442532360553741455e-01
4.453055858612060547e-01
4.500746726989746094e-01
4.568200409412384033e-01
4.676414132118225098e-01
4.819775223731994629e-01
4.949035644531250000e-01
5.042086839675903320e-01
5.096241831779479980e-01
5.133202075958251953e-01
5.143396258354187012e-01
5.159417986869812012e-01
5.192713141441345215e-01
5.214522480964660645e-01
5.231605172157287598e-01
5.216848254203796387e-01
5.192226767539978027e-01
5.158838629722595215e-01
5.112742781639099121e-01
4.999429583549499512e-01
4.882394671440124512e-01
4.772326350212097168e-01
4.692160487174987793e-01
4.606252014636993408e-01
4.517041444778442383e-01
4.427340030670166016e-01
4.352956414222717285e-01
4.278573691844940186e-01
4.202761054039001465e-01
4.080496430397033691e-01
3.930397629737854004e-01
3.770420551300048828e-01
3.620969057083129883e-01
3.469855487346649170e-01
3.309141993522644043e-01
3.252192735671997070e-01
3.254085481166839600e-01
3.300631046295166016e-01
3.353542685508728027e-01
3.406456708908081055e-01
3.459366858005523682e-01
3.512279987335205078e-01
3.565192222595214844e-01
3.618102073669433594e-01
3.671014308929443359e-01
3.692800402641296387e-01
3.707155585289001465e-01
3.721509873867034912e-01
3.699566721916198730e-01
3.675605058670043945e-01
3.666824698448181152e-01
3.683118224143981934e-01
3.727958798408508301e-01
3.783158957958221436e-01
3.846144080162048340e-01
3.880821764469146729e-01
3.886367082595825195e-01
3.883404135704040527e-01
3.880441784858703613e-01
3.878411650657653809e-01
3.908501863479614258e-01
3.952421545982360840e-01
4.047284722328186035e-01
4.176978170871734619e-01
4.313822686672210693e-01
4.442605078220367432e-01
4.558671712875366211e-01
4.530834555625915527e-01
4.450812339782714844e-01
4.370792210102081299e-01
4.290772974491119385e-01
4.212525784969329834e-01
4.116840362548828125e-01
4.003578424453735352e-01
3.888934850692749023e-01
3.777158856391906738e-01
3.717131614685058594e-01
4.144138097763061523e-01
4.139432013034820557e-01
4.147627353668212891e-01
4.164223670959472656e-01
4.177442193031311035e-01
4.154658913612365723e-01
4.124910533428192139e-01
4.095166027545928955e-01
4.076124131679534912e-01
4.060971736907958984e-01
4.044846892356872559e-01
4.045121073722839355e-01
4.048459827899932861e-01
4.047568142414093018e-01
4.043007791042327881e-01
4.026444554328918457e-01
4.003458619117736816e-01
3.970493674278259277e-01
3.920009732246398926e-01
3.893322348594665527e-01
3.871098160743713379e-01
3.848879635334014893e-01
3.806062042713165283e-01
3.764123022556304932e-01
3.756894171237945557e-01
3.755015432834625244e-01
3.756949305534362793e-01
3.779008388519287109e-01
3.814891874790191650e-01
3.951416611671447754e-01
4.075127840042114258e-01
4.187390208244323730e-01
4.287417531013488770e-01
4.363175630569458008e-01
4.420616924762725830e-01
4.475707709789276123e-01
4.520423412322998047e-01
4.552329182624816895e-01
4.584229588508605957e-01
4.616135358810424805e-01
4.648038446903228760e-01
4.679941534996032715e-01
4.749130010604858398e-01
4.790161252021789551e-01
4.802096486091613770e-01
4.765672087669372559e-01
4.729248881340026855e-01
4.692819118499755859e-01
4.656394720077514648e-01
4.596540331840515137e-01
4.530698657035827637e-01
4.449086189270019531e-01
4.417480230331420898e-01
4.457609653472900391e-01
4.499760270118713379e-01
4.548398256301879883e-01
4.638596773147583008e-01
4.780110716819763184e-01
4.923473000526428223e-01
5.066829919815063477e-01
5.141940712928771973e-01
5.183977484703063965e-01
5.223121047019958496e-01
5.237012505531311035e-01
5.252422690391540527e-01
5.274234414100646973e-01
5.268756747245788574e-01
5.248031020164489746e-01
5.214639306068420410e-01
5.182092785835266113e-01
5.138468742370605469e-01
5.072614550590515137e-01
4.954267144203186035e-01
4.826260805130004883e-01
4.723300933837890625e-01
4.653191566467285156e-01
4.583896696567535400e-01
4.493355154991149902e-01
4.418373107910156250e-01
4.343991279602050781e-01
4.269607365131378174e-01
4.166406989097595215e-01
4.027792215347290039e-01
3.859971761703491211e-01
3.692692816257476807e-01
3.541155457496643066e-01
3.380233049392700195e-01
3.276578485965728760e-01
3.260654211044311523e-01
3.290207087993621826e-01
3.343118131160736084e-01
3.396030664443969727e-01
3.448942899703979492e-01
3.501854538917541504e-01
3.554766774177551270e-01
3.607678413391113281e-01
3.660591244697570801e-01
3.706728518009185791e-01
3.721082806587219238e-01
3.729393482208251953e-01
3.705430626869201660e-01
3.681469559669494629e-01
3.665527999401092529e-01
3.676339983940124512e-01
3.711306452751159668e-01
3.758608102798461914e-01
3.821591734886169434e-01
3.884574770927429199e-01
3.892720937728881836e-01
3.893533349037170410e-01
3.890570700168609619e-01
3.887606859207153320e-01
3.959103524684906006e-01
4.031656086444854736e-01
4.132408797740936279e-01
4.261667132377624512e-01
4.388785660266876221e-01
4.522976875305175781e-01
4.604391157627105713e-01
4.528962373733520508e-01
4.448943138122558594e-01
4.368922114372253418e-01
4.288900494575500488e-01
4.208879470825195312e-01
4.119538068771362305e-01
4.016123414039611816e-01
3.912262916564941406e-01
3.798300027847290039e-01
3.698931336402893066e-01
4.181850850582122803e-01
4.192656278610229492e-01
4.209253489971160889e-01
4.225846529006958008e-01
4.205947518348693848e-01
4.178213477134704590e-01
4.150178730487823486e-01
4.119094014167785645e-01
4.096943140029907227e-01
4.079759716987609863e-01
4.070453643798828125e-01
4.069287478923797607e-01
4.074710607528686523e-01
4.075276851654052734e-01
4.060336947441101074e-01
4.036088585853576660e-01
4.007374644279479980e-01
3.968688249588012695e-01
3.939682245254516602e-01
3.917457163333892822e-01
3.894906640052795410e-01
3.868318200111389160e-01
3.827110528945922852e-01
3.792248964309692383e-01
3.784586191177368164e-01
3.783214986324310303e-01
3.804124593734741211e-01
3.835263252258300781e-01
3.862341344356536865e-01
3.989023566246032715e-01
4.097103476524353027e-01
4.199312925338745117e-01
4.300236105918884277e-01
4.377228021621704102e-01
4.438078403472900391e-01
4.484548270702362061e-01
4.516451358795166016e-01
4.548353850841522217e-01
4.580258131027221680e-01
4.612163603305816650e-01
4.644067287445068359e-01
4.671502709388732910e-01
4.660725891590118408e-01
4.686907529830932617e-01
4.712201952934265137e-01
4.675774276256561279e-01
4.639347195625305176e-01
4.602923989295959473e-01
4.566195905208587646e-01
4.500357508659362793e-01
4.434519708156585693e-01
4.409986734390258789e-01
4.420021772384643555e-01
4.462168216705322266e-01
4.504316747188568115e-01
4.547255039215087891e-01
4.615081250667572021e-01
4.740450978279113770e-01
4.883809685707092285e-01
5.012178421020507812e-01
5.112931728363037109e-01
5.211578607559204102e-01
5.271711945533752441e-01
5.293061137199401855e-01
5.312135815620422363e-01
5.320661664009094238e-01
5.303830504417419434e-01
5.270491242408752441e-01
5.238018631935119629e-01
5.205543637275695801e-01
5.155733823776245117e-01
5.088983178138732910e-01
5.005521178245544434e-01
4.871528744697570801e-01
4.755058884620666504e-01
4.674723446369171143e-01
4.605427682399749756e-01
4.536133408546447754e-01
4.480956792831420898e-01
4.409407973289489746e-01
4.335023760795593262e-01
4.236879944801330566e-01
4.126428365707397461e-01
3.979394137859344482e-01
3.804854750633239746e-01
3.630333244800567627e-01
3.452670872211456299e-01
3.343821763992309570e-01
3.301717042922973633e-01
3.297757804393768311e-01
3.341828882694244385e-01
3.388241827487945557e-01
3.438516557216644287e-01
3.491430878639221191e-01
3.544340431690216064e-01
3.597254753112792969e-01
3.650165796279907227e-01
3.703077137470245361e-01
3.735011816024780273e-01
3.735255002975463867e-01
3.711291849613189697e-01
3.687330484390258789e-01
3.664228916168212891e-01
3.675041198730468750e-01
3.694656193256378174e-01
3.739496767520904541e-01
3.797040283679962158e-01
3.860025405883789062e-01
3.898747563362121582e-01
3.903663456439971924e-01
3.900699615478515625e-01
3.897737264633178711e-01
4.004217982292175293e-01
4.111979305744171143e-01
4.217535257339477539e-01
4.345746636390686035e-01
4.470711350440979004e-01
4.601425528526306152e-01
4.599624872207641602e-01
4.524702429771423340e-01
4.447071850299835205e-01
4.367052018642425537e-01
4.287031590938568115e-01
4.207012355327606201e-01
4.123489856719970703e-01
4.032702445983886719e-01
3.915402293205261230e-01
3.814001679420471191e-01
3.715062737464904785e-01
4.236262440681457520e-01
4.254280030727386475e-01
4.270868897438049316e-01
4.256328344345092773e-01
4.228593707084655762e-01
4.200868606567382812e-01
4.168558120727539062e-01
4.133913516998291016e-01
4.114594459533691406e-01
4.105194211006164551e-01
4.098054170608520508e-01
4.100562334060668945e-01
4.108465313911437988e-01
4.094225168228149414e-01
4.068709015846252441e-01
4.039456844329833984e-01
3.998755216598510742e-01
3.979743421077728271e-01
3.955430686473846436e-01
3.926509916782379150e-01
3.899506926536560059e-01
3.875616788864135742e-01
3.852203488349914551e-01
3.812417387962341309e-01
3.811828792095184326e-01
3.822642266750335693e-01
3.852038979530334473e-01
3.895744681358337402e-01
3.905844092369079590e-01
4.000169932842254639e-01
4.109030961990356445e-01
4.211240410804748535e-01
4.313055872917175293e-01
4.391277730464935303e-01
4.448669552803039551e-01
4.480575919151306152e-01
4.512477815151214600e-01
4.544381201267242432e-01
4.576286077499389648e-01
4.608172774314880371e-01
4.627665281295776367e-01
4.628039002418518066e-01
4.584478139877319336e-01
4.583654701709747314e-01
4.609836041927337646e-01
4.585878849029541016e-01
4.549449682235717773e-01
4.513023793697357178e-01
4.470013082027435303e-01
4.404174685478210449e-01
4.367917776107788086e-01
4.387257099151611328e-01
4.424575567245483398e-01
4.466726183891296387e-01
4.508873224258422852e-01
4.551022648811340332e-01
4.594904482364654541e-01
4.700790047645568848e-01
4.844147562980651855e-01
4.957512021064758301e-01
5.058263540267944336e-01
5.159019827842712402e-01
5.250195264816284180e-01
5.316357612609863281e-01
5.346837639808654785e-01
5.357471108436584473e-01
5.326415896415710449e-01
5.293943881988525391e-01
5.261467695236206055e-01
5.228996872901916504e-01
5.163685679435729980e-01
5.083761215209960938e-01
4.994639754295349121e-01
4.906486868858337402e-01
4.791676402091979980e-01
4.697237610816955566e-01
4.626960158348083496e-01
4.557664394378662109e-01
4.498956799507141113e-01
4.447913169860839844e-01
4.397192597389221191e-01
4.310939311981201172e-01
4.213298261165618896e-01
4.097153544425964355e-01
3.924278318881988525e-01
3.749780058860778809e-01
3.568102717399597168e-01
3.436452150344848633e-01
3.353603184223175049e-01
3.336166143417358398e-01
3.361354470252990723e-01
3.395488560199737549e-01
3.441897630691528320e-01
3.488310873508453369e-01
3.534723818302154541e-01
3.586828112602233887e-01
3.639739751815795898e-01
3.692651689052581787e-01
3.745563626289367676e-01
3.741118907928466797e-01
3.717154860496520996e-01
3.693192005157470703e-01
3.669230341911315918e-01
3.673743009567260742e-01
3.684555888175964355e-01
3.722844123840332031e-01
3.772491812705993652e-01
3.835474252700805664e-01
3.898458778858184814e-01
3.910647630691528320e-01
3.910831212997436523e-01
3.931191563606262207e-01
4.053347706794738770e-01
4.184623360633850098e-01
4.302662312984466553e-01
4.429829418659210205e-01
4.554789662361145020e-01
4.665915966033935547e-01
4.594857990741729736e-01
4.519933462142944336e-01
4.445008039474487305e-01
4.365181922912597656e-01
4.285160005092620850e-01
4.205141365528106689e-01
4.125734567642211914e-01
4.037456810474395752e-01
3.941098451614379883e-01
3.823733925819396973e-01
3.718893527984619141e-01
4.296686649322509766e-01
4.315903484821319580e-01
4.306706786155700684e-01
4.278979003429412842e-01
4.251250028610229492e-01
4.216237962245941162e-01
4.172852039337158203e-01
4.148035049438476562e-01
4.139741063117980957e-01
4.134046137332916260e-01
4.127449691295623779e-01
4.126639366149902344e-01
4.120839238166809082e-01
4.087025225162506104e-01
4.061926603317260742e-01
4.021227359771728516e-01
3.991997838020324707e-01
3.984711170196533203e-01
3.956977427005767822e-01
3.933086395263671875e-01
3.909191787242889404e-01
3.899852037429809570e-01
3.877291977405548096e-01
3.843203783035278320e-01
3.847784101963043213e-01
3.866490721702575684e-01
3.901337981224060059e-01
3.928489685058593750e-01
3.937312960624694824e-01
4.022335708141326904e-01
4.120953381061553955e-01
4.223166108131408691e-01
4.325373768806457520e-01
4.400208890438079834e-01
4.441849589347839355e-01
4.476601481437683105e-01
4.508507251739501953e-01
4.540410935878753662e-01
4.565126895904541016e-01
4.583821296691894531e-01
4.590357840061187744e-01
4.570026993751525879e-01
4.526468217372894287e-01
4.482913017272949219e-01
4.506584107875823975e-01
4.495979845523834229e-01
4.459553360939025879e-01
4.423127472400665283e-01
4.373832941055297852e-01
4.326988458633422852e-01
4.340747296810150146e-01
4.367581009864807129e-01
4.429132342338562012e-01
4.471283555030822754e-01
4.513430297374725342e-01
4.555577337741851807e-01
4.597730636596679688e-01
4.661962389945983887e-01
4.802095293998718262e-01
4.902847409248352051e-01
5.003600716590881348e-01
5.102991461753845215e-01
5.180893540382385254e-01
5.258793234825134277e-01
5.314853787422180176e-01
5.346040129661560059e-01
5.344840288162231445e-01
5.317394137382507324e-01
5.284919142723083496e-01
5.238391757011413574e-01
5.154753923416137695e-01
5.065616965293884277e-01
4.976482391357421875e-01
4.888285994529724121e-01
4.823005199432373047e-01
4.728164076805114746e-01
4.648495614528656006e-01
4.579198062419891357e-01
4.516956806182861328e-01
4.465913772583007812e-01
4.427222907543182373e-01
4.357351362705230713e-01
4.283047318458557129e-01
4.189713895320892334e-01
4.043700397014617920e-01
3.869162797927856445e-01
3.698915243148803711e-01
3.567003905773162842e-01
3.461776971817016602e-01
3.394718766212463379e-01
3.398922681808471680e-01
3.425232470035552979e-01
3.452428579330444336e-01
3.495559394359588623e-01
3.541971147060394287e-01
3.588381409645080566e-01
3.634793162345886230e-01
3.682226538658142090e-01
3.735139071941375732e-01
3.746982812881469727e-01
3.723017573356628418e-01
3.699055314064025879e-01
3.675095736980438232e-01
3.672445118427276611e-01
3.683260083198547363e-01
3.706192076206207275e-01
3.751035034656524658e-01
3.810924291610717773e-01
3.873906731605529785e-01
3.916675448417663574e-01
3.927631080150604248e-01
3.980319201946258545e-01
4.102476537227630615e-01
4.237156510353088379e-01
4.387786984443664551e-01
4.513911604881286621e-01
4.638873338699340820e-01
4.664891660213470459e-01
4.590094387531280518e-01
4.515168666839599609e-01
4.440242648124694824e-01
4.363312125205993652e-01
4.283290505409240723e-01
4.203271567821502686e-01
4.123974442481994629e-01
4.041407108306884766e-01
3.956464827060699463e-01
3.851035237312316895e-01
3.737258613109588623e-01
4.357111752033233643e-01
4.354087114334106445e-01
4.325996041297912598e-01
4.295122921466827393e-01
4.255643486976623535e-01
4.209179878234863281e-01
4.174746870994567871e-01
4.162729978561401367e-01
4.158156514167785645e-01
4.153586626052856445e-01
4.148468375205993652e-01
4.143347144126892090e-01
4.106506705284118652e-01
4.080598354339599609e-01
4.043699502944946289e-01
4.002973139286041260e-01
3.995652794837951660e-01
3.990558087825775146e-01
3.966662287712097168e-01
3.942772448062896729e-01
3.926761150360107422e-01
3.927424252033233643e-01
3.916533589363098145e-01
3.879042267799377441e-01
3.885070681571960449e-01
3.898426890373229980e-01
3.932948112487792969e-01
3.959958553314208984e-01
3.968781828880310059e-01
4.046510457992553711e-01
4.143726229667663574e-01
4.235088229179382324e-01
4.333929121494293213e-01
4.392824470996856689e-01
4.434462785720825195e-01
4.472627043724060059e-01
4.502588510513305664e-01
4.521281719207763672e-01
4.539970457553863525e-01
4.543674588203430176e-01
4.547376334667205811e-01
4.512014985084533691e-01
4.468457102775573730e-01
4.424899816513061523e-01
4.403326809406280518e-01
4.406082928180694580e-01
4.369654655456542969e-01
4.333227276802062988e-01
4.288646876811981201e-01
4.294226467609405518e-01
4.314420223236083984e-01
4.358602762222290039e-01
4.433293342590332031e-01
4.475837945938110352e-01
4.517984390258789062e-01
4.560133814811706543e-01
4.602283239364624023e-01
4.644431173801422119e-01
4.747429490089416504e-01
4.848183989524841309e-01
4.948939085006713867e-01
5.033687949180603027e-01
5.111590623855590820e-01
5.181655287742614746e-01
5.214383006095886230e-01
5.251467227935791016e-01
5.308610796928405762e-01
5.326780080795288086e-01
5.294545292854309082e-01
5.225730538368225098e-01
5.136595368385314941e-01
5.047460198402404785e-01
4.958321452140808105e-01
4.869188666343688965e-01
4.802208542823791504e-01
4.757026433944702148e-01
4.670679569244384766e-01
4.600731730461120605e-01
4.534956216812133789e-01
4.493874907493591309e-01
4.457945227622985840e-01
4.383992552757263184e-01
4.309688210487365723e-01
4.235383868217468262e-01
4.157686531543731689e-01
3.988583683967590332e-01
3.829727172851562500e-01
3.697815835475921631e-01
3.579224944114685059e-01
3.499515652656555176e-01
3.475679457187652588e-01
3.479129076004028320e-01
3.489868938922882080e-01
3.516306281089782715e-01
3.549218773841857910e-01
3.595629334449768066e-01
3.642040789127349854e-01
3.688451945781707764e-01
3.734849095344543457e-01
3.742966651916503906e-01
3.728881478309631348e-01
3.704920113086700439e-01
3.680956363677978516e-01
3.671143352985382080e-01
3.681957721710205078e-01
3.692770004272460938e-01
3.734379708766937256e-01
3.786374330520629883e-01
3.849356174468994141e-01
3.912339210510253906e-01
3.957183063030242920e-01
4.029447436332702637e-01
4.151601195335388184e-01
4.289688169956207275e-01
4.468607604503631592e-01
4.597990810871124268e-01
4.722953438758850098e-01
4.663866758346557617e-01
4.594354033470153809e-01
4.510401487350463867e-01
4.435474276542663574e-01
4.360548853874206543e-01
4.281421303749084473e-01
4.201402068138122559e-01
4.122213125228881836e-01
4.043138027191162109e-01
3.955830931663513184e-01
3.868051469326019287e-01
3.762206435203552246e-01
4.386899173259735107e-01
4.362325072288513184e-01
4.330515861511230469e-01
4.290288388729095459e-01
4.245644211769104004e-01
4.214826226234436035e-01
4.190993905067443848e-01
4.181146025657653809e-01
4.176495671272277832e-01
4.168699383735656738e-01
4.162060618400573730e-01
4.125750362873077393e-01
4.098818898200988770e-01
4.060785770416259766e-01
4.016959667205810547e-01
4.005212187767028809e-01
4.020774662494659424e-01
4.000240266323089600e-01
3.976347148418426514e-01
3.953664302825927734e-01
3.957867026329040527e-01
3.968642950057983398e-01
3.952330350875854492e-01
3.899437785148620605e-01
3.903896510601043701e-01
3.930971622467041016e-01
3.964552283287048340e-01
3.991427719593048096e-01
4.000253677368164062e-01
4.070686697959899902e-01
4.168682992458343506e-01
4.256064891815185547e-01
4.324421882629394531e-01
4.385426640510559082e-01
4.427079260349273682e-01
4.458740353584289551e-01
4.477438330650329590e-01
4.493288397789001465e-01
4.496994018554687500e-01
4.500694274902343750e-01
4.497561454772949219e-01
4.454005360603332520e-01
4.410447776317596436e-01
4.366890788078308105e-01
4.323333501815795898e-01
4.316184818744659424e-01
4.279757142066955566e-01
4.246324896812438965e-01
4.247713088989257812e-01
4.267903864383697510e-01
4.288095235824584961e-01
4.350979924201965332e-01
4.425672888755798340e-01
4.480395317077636719e-01
4.522542953491210938e-01
4.564690589904785156e-01
4.606837630271911621e-01
4.648988246917724609e-01
4.694842100143432617e-01
4.793520569801330566e-01
4.886487126350402832e-01
4.964384436607360840e-01
5.042286515235900879e-01
5.085203647613525391e-01
5.108819603919982910e-01
5.133594870567321777e-01
5.191757678985595703e-01
5.231144428253173828e-01
5.251699090003967285e-01
5.207574963569641113e-01
5.118437409400939941e-01
5.029301047325134277e-01
4.940167069435119629e-01
4.851032495498657227e-01
4.781729578971862793e-01
4.734752178192138672e-01
4.691049456596374512e-01
4.622263610363006592e-01
4.560543596744537354e-01
4.524599313735961914e-01
4.484940469264984131e-01
4.410637617111206055e-01
4.336330890655517578e-01
4.262027740478515625e-01
4.187724590301513672e-01
4.078879654407501221e-01
3.954748809337615967e-01
3.828625977039337158e-01
3.700160384178161621e-01
3.615546822547912598e-01
3.561580181121826172e-01
3.563429117202758789e-01
3.566356599330902100e-01
3.570077419281005859e-01
3.580815792083740234e-01
3.607380092144012451e-01
3.649291098117828369e-01
3.695699572563171387e-01
3.734054267406463623e-01
3.742147088050842285e-01
3.749566674232482910e-01
3.719104528427124023e-01
3.688641190528869629e-01
3.669847249984741211e-01
3.680659532546997070e-01
3.691473007202148438e-01
3.717728257179260254e-01
3.762571215629577637e-01
3.824806809425354004e-01
3.907431960105895996e-01
3.985151350498199463e-01
4.078574180603027344e-01
4.200730919837951660e-01
4.342220723628997803e-01
4.525015950202941895e-01
4.683519005775451660e-01
4.728671312332153320e-01
4.662840962409973145e-01
4.597404599189758301e-01
4.511137604713439941e-01
4.430709481239318848e-01
4.355784058570861816e-01
4.279550313949584961e-01
4.199529588222503662e-01
4.120451807975769043e-01
4.041379392147064209e-01
3.959321975708007812e-01
3.875671029090881348e-01
3.775511682033538818e-01
4.393434524536132812e-01
4.362663030624389648e-01
4.327685832977294922e-01
4.284492731094360352e-01
4.255109429359436035e-01
4.226574301719665527e-01
4.207092523574829102e-01
4.196056425571441650e-01
4.189422130584716797e-01
4.182786643505096436e-01
4.150321185588836670e-01
4.109400510787963867e-01
4.078471660614013672e-01
4.036841392517089844e-01
4.016914367675781250e-01
4.016932249069213867e-01
4.033820331096649170e-01
4.009931683540344238e-01
3.986032009124755859e-01
3.988315165042877197e-01
3.999087810516357422e-01
3.993169665336608887e-01
3.962957262992858887e-01
3.915210664272308350e-01
3.936441540718078613e-01
3.963519930839538574e-01
3.996159136295318604e-01
4.022898077964782715e-01
4.031723141670227051e-01
4.094860851764678955e-01
4.193640947341918945e-01
4.259587228298187256e-01
4.325405061244964600e-01
4.372749626636505127e-01
4.401812553405761719e-01
4.430238008499145508e-01
4.446607232093811035e-01
4.450312256813049316e-01
4.454010725021362305e-01
4.457716345787048340e-01
4.439550638198852539e-01
4.395994246006011963e-01
4.352435171604156494e-01
4.308878779411315918e-01
4.265322089195251465e-01
4.223005473613739014e-01
4.189858138561248779e-01
4.201196432113647461e-01
4.221389591693878174e-01
4.241580367088317871e-01
4.269365072250366211e-01
4.343356490135192871e-01
4.418049454689025879e-01
4.484950900077819824e-01
4.527098536491394043e-01
4.569247364997863770e-01
4.611394703388214111e-01
4.648757278919219971e-01
4.648466706275939941e-01
4.739984869956970215e-01
4.817183613777160645e-01
4.895085692405700684e-01
4.956021308898925781e-01
4.979637861251831055e-01
5.003256201744079590e-01
5.025917291641235352e-01
5.050166249275207520e-01
5.079298019409179688e-01
5.107784867286682129e-01
5.114991068840026855e-01
5.095556378364562988e-01
5.011143088340759277e-01
4.922008514404296875e-01
4.832875728607177734e-01
4.761250615119934082e-01
4.711492061614990234e-01
4.668935835361480713e-01
4.636619985103607178e-01
4.594798088073730469e-01
4.555322527885437012e-01
4.511583447456359863e-01
4.437279701232910156e-01
4.362973868846893311e-01
4.288670718669891357e-01
4.214367568492889404e-01
4.131611585617065430e-01
4.038143157958984375e-01
3.929571807384490967e-01
3.820998072624206543e-01
3.731579184532165527e-01
3.664014339447021484e-01
3.648258447647094727e-01
3.651182651519775391e-01
3.654108941555023193e-01
3.657034039497375488e-01
3.661022186279296875e-01
3.671760559082031250e-01
3.702947795391082764e-01
3.733234703540802002e-01
3.741329610347747803e-01
3.749421834945678711e-01
3.742639124393463135e-01
3.712176382541656494e-01
3.681712746620178223e-01
3.685855269432067871e-01
3.690173327922821045e-01
3.701815307140350342e-01
3.745916783809661865e-01
3.810932338237762451e-01
3.904821276664733887e-01
3.998714685440063477e-01
4.125813245773315430e-01
4.249860346317291260e-01
4.395270347595214844e-01
4.581305384635925293e-01
4.765228629112243652e-01
4.727613329887390137e-01
4.661815166473388672e-01
4.596381187438964844e-01
4.515487849712371826e-01
4.427917599678039551e-01
4.351018071174621582e-01
4.276093840599060059e-01
4.197764694690704346e-01
4.118689894676208496e-01
4.039617776870727539e-01
3.960543870925903320e-01
3.875036835670471191e-01
3.795511424541473389e-01
4.396462440490722656e-01
4.363047778606414795e-01
4.322724938392639160e-01
4.295389652252197266e-01
4.266644716262817383e-01
4.234615862369537354e-01
4.217715263366699219e-01
4.210144579410552979e-01
4.203507900238037109e-01
4.176788032054901123e-01
4.125851392745971680e-01
4.093646407127380371e-01
4.055388569831848145e-01
4.029056727886199951e-01
4.028635919094085693e-01
4.042115211486816406e-01
4.043504595756530762e-01
4.020121395587921143e-01
4.018761515617370605e-01
4.017083644866943359e-01
4.011448919773101807e-01
4.004923105239868164e-01
3.982213437557220459e-01
3.941910266876220703e-01
3.968987464904785156e-01
3.996061980724334717e-01
4.027764797210693359e-01
4.054370820522308350e-01
4.063192307949066162e-01
4.119035601615905762e-01
4.197297990322113037e-01
4.263047277927398682e-01
4.316285848617553711e-01
4.353889822959899902e-01
4.373251497745513916e-01
4.393162131309509277e-01
4.403630495071411133e-01
4.407331347465515137e-01
4.411036074161529541e-01
4.414739608764648438e-01
4.381538629531860352e-01
4.337983429431915283e-01
4.294425845146179199e-01
4.250866174697875977e-01
4.207309782505035400e-01
4.163755476474761963e-01
4.136905372142791748e-01
4.174872040748596191e-01
4.195065498352050781e-01
4.215256571769714355e-01
4.261046648025512695e-01
4.335735738277435303e-01
4.410429000854492188e-01
4.485119879245758057e-01
4.531655609607696533e-01
4.573804140090942383e-01
4.615951776504516602e-01
4.638308882713317871e-01
4.637852907180786133e-01
4.676808714866638184e-01
4.748067259788513184e-01
4.823960661888122559e-01
4.850456118583679199e-01
4.874073863029479980e-01
4.892179369926452637e-01
4.892484545707702637e-01
4.897516369819641113e-01
4.926005601882934570e-01
4.954011440277099609e-01
4.955514669418334961e-01
4.957013726234436035e-01
4.958513975143432617e-01
4.903851151466369629e-01
4.814715981483459473e-01
4.740774035453796387e-01
4.688231348991394043e-01
4.648471474647521973e-01
4.621037244796752930e-01
4.613902270793914795e-01
4.586048126220703125e-01
4.538225531578063965e-01
4.463922977447509766e-01
4.389619231224060059e-01
4.315314590930938721e-01
4.241010546684265137e-01
4.173773825168609619e-01
4.110683798789978027e-01
4.012967944145202637e-01
3.904392719268798828e-01
3.817007243633270264e-01
3.764141499996185303e-01
3.737441897392272949e-01
3.736012876033782959e-01
3.738937377929687500e-01
3.741861581802368164e-01
3.744785487651824951e-01
3.747711181640625000e-01
3.751971721649169922e-01
3.738516271114349365e-01
3.740510344505310059e-01
3.748602867126464844e-01
3.756699264049530029e-01
3.735709488391876221e-01
3.705248832702636719e-01
3.702228963375091553e-01
3.706541061401367188e-01
3.710857033729553223e-01
3.735641539096832275e-01
3.808321356773376465e-01
3.902211785316467285e-01
3.996106386184692383e-01
4.170839190483093262e-01
4.299036264419555664e-01
4.451959133148193359e-01
4.637596309185028076e-01
4.763869047164916992e-01
4.732272028923034668e-01
4.660790562629699707e-01
4.595353901386260986e-01
4.519839286804199219e-01
4.432272315025329590e-01
4.346252083778381348e-01
4.271326065063476562e-01
4.196004271507263184e-01
4.116930067539215088e-01
4.037857949733734131e-01
3.958783745765686035e-01
3.877236843109130859e-01
3.794879019260406494e-01
4.398413300514221191e-01
4.358692169189453125e-01
4.332997500896453857e-01
4.303225278854370117e-01
4.272629022598266602e-01
4.244271218776702881e-01
4.230867028236389160e-01
4.220136106014251709e-01
4.202140569686889648e-01
4.143988490104675293e-01
4.119232594966888428e-01
4.072940051555633545e-01
4.040026664733886719e-01
4.036457836627960205e-01
4.038487672805786133e-01
4.067808687686920166e-01
4.057233035564422607e-01
4.040573239326477051e-01
4.034935832023620605e-01
4.029295742511749268e-01
4.023654460906982422e-01
4.021438360214233398e-01
4.003473818302154541e-01
3.974457383155822754e-01
4.001532196998596191e-01
4.028611779212951660e-01
4.059371948242187500e-01
4.085839390754699707e-01
4.094660282135009766e-01
4.123660326004028320e-01
4.193414151668548584e-01
4.246024787425994873e-01
4.298629462718963623e-01
4.337742328643798828e-01
4.343473613262176514e-01
4.346771538257598877e-01
4.360212683677673340e-01
4.364353418350219727e-01
4.368055760860443115e-01
4.365954399108886719e-01
4.323527812957763672e-01
4.279969930648803711e-01
4.236414134502410889e-01
4.192857146263122559e-01
4.149301648139953613e-01
4.131544232368469238e-01
4.133329391479492188e-01
4.148548841476440430e-01
4.168741405010223389e-01
4.189252853393554688e-01
4.253424406051635742e-01
4.328115582466125488e-01
4.402807056903839111e-01
4.477499127388000488e-01
4.536210298538208008e-01
4.578360319137573242e-01
4.620509743690490723e-01
4.627862572669982910e-01
4.621408581733703613e-01
4.615420699119567871e-01
4.685378670692443848e-01
4.721275568008422852e-01
4.743455648422241211e-01
4.758048653602600098e-01
4.757558703422546387e-01
4.751499891281127930e-01
4.745439887046813965e-01
4.772713780403137207e-01
4.794533252716064453e-01
4.796034097671508789e-01
4.797532558441162109e-01
4.799035191535949707e-01
4.800537228584289551e-01
4.787194132804870605e-01
4.720295071601867676e-01
4.665840566158294678e-01
4.637935757637023926e-01
4.610497653484344482e-01
4.589757323265075684e-01
4.599152207374572754e-01
4.564869999885559082e-01
4.490564763545989990e-01
4.416260123252868652e-01
4.341956079006195068e-01
4.267652332782745361e-01
4.211783409118652344e-01
4.172428846359252930e-01
4.088466763496398926e-01
3.987788558006286621e-01
3.888204693794250488e-01
3.830665349960327148e-01
3.809733986854553223e-01
3.812833130359649658e-01
3.823764026165008545e-01
3.826689720153808594e-01
3.829614520072937012e-01
3.832539319992065430e-01
3.835464715957641602e-01
3.806130886077880859e-01
3.772343993186950684e-01
3.748036623001098633e-01
3.755880296230316162e-01
3.759248256683349609e-01
3.728783130645751953e-01
3.718602657318115234e-01
3.722916841506958008e-01
3.727229833602905273e-01
3.758602142333984375e-01
3.827850818634033203e-01
3.908941745758056641e-01
4.012150168418884277e-01
4.197415411472320557e-01
4.350309669971466064e-01
4.509292542934417725e-01
4.693886041641235352e-01
4.735022187232971191e-01
4.727950096130371094e-01
4.662398993968963623e-01
4.594328701496124268e-01
4.524189829826354980e-01
4.436621963977813721e-01
4.349055290222167969e-01
4.266561567783355713e-01
4.191957712173461914e-01
4.115167260169982910e-01
4.036095738410949707e-01
3.957021236419677734e-01
3.877948522567749023e-01
3.794245719909667969e-01
4.394324421882629395e-01
4.365131258964538574e-01
4.337638914585113525e-01
4.310159087181091309e-01
4.280053675174713135e-01
4.252520501613616943e-01
4.234455227851867676e-01
4.224254190921783447e-01
4.174346327781677246e-01
4.138763546943664551e-01
4.104053676128387451e-01
4.054066538810729980e-01
4.043524861335754395e-01
4.045556783676147461e-01
4.058966636657714844e-01
4.087072014808654785e-01
4.060915708541870117e-01
4.052782654762268066e-01
4.047144353389739990e-01
4.041507840156555176e-01
4.036215543746948242e-01
4.042133092880249023e-01
4.039478898048400879e-01
4.007002413272857666e-01
4.034079909324645996e-01
4.061156511306762695e-01
4.090979397296905518e-01
4.117306470870971680e-01
4.106165766716003418e-01
4.111026227474212646e-01
4.175762236118316650e-01
4.228371679782867432e-01
4.280975461006164551e-01
4.307407736778259277e-01
4.310118854045867920e-01
4.310346841812133789e-01
4.313818514347076416e-01
4.321372509002685547e-01
4.325076937675476074e-01
4.309076070785522461e-01
4.265517890453338623e-01
4.221964180469512939e-01
4.178404211997985840e-01
4.134846329689025879e-01
4.105943441390991211e-01
4.135319590568542480e-01
4.158533215522766113e-01
4.122225642204284668e-01
4.142417907714843750e-01
4.171149730682373047e-01
4.245799779891967773e-01
4.320493638515472412e-01
4.395182728767395020e-01
4.469874501228332520e-01
4.540766477584838867e-01
4.582915008068084717e-01
4.617874920368194580e-01
4.617419540882110596e-01
4.596450328826904297e-01
4.575226902961730957e-01
4.603682160377502441e-01
4.616284966468811035e-01
4.623919427394866943e-01
4.622629880905151367e-01
4.616568386554718018e-01
4.610511660575866699e-01
4.604451656341552734e-01
4.619418680667877197e-01
4.635052680969238281e-01
4.636553525924682617e-01
4.638055562973022461e-01
4.639555215835571289e-01
4.641060233116149902e-01
4.642558097839355469e-01
4.654610753059387207e-01
4.653881788253784180e-01
4.627399444580078125e-01
4.599960744380950928e-01
4.572858214378356934e-01
4.571635723114013672e-01
4.571425914764404297e-01
4.517207741737365723e-01
4.442903995513916016e-01
4.368599951267242432e-01
4.294295310974121094e-01
4.249790608882904053e-01
4.226895570755004883e-01
4.147285223007202148e-01
4.068980216979980469e-01
3.963475525379180908e-01
3.899281620979309082e-01
3.867537081241607666e-01
3.861736953258514404e-01
3.876506090164184570e-01
3.902769386768341064e-01
3.914440572261810303e-01
3.917364776134490967e-01
3.918284773826599121e-01
3.882892131805419922e-01
3.847500085830688477e-01
3.812106251716613770e-01
3.778587877750396729e-01
3.763277828693389893e-01
3.752319216728210449e-01
3.734978437423706055e-01
3.739289641380310059e-01
3.758284747600555420e-01
3.793504834175109863e-01
3.850812315940856934e-01
3.924003839492797852e-01
4.044271707534790039e-01
4.225875139236450195e-01
4.406247138977050781e-01
4.567262828350067139e-01
4.713241457939147949e-01
4.706169962882995605e-01
4.699102640151977539e-01
4.668720960617065430e-01
4.593305289745330811e-01
4.527868926525115967e-01
4.440971612930297852e-01
4.353403449058532715e-01
4.265837073326110840e-01
4.187302589416503906e-01
4.113320410251617432e-01
4.034333229064941406e-01
3.955258727073669434e-01
3.876184821128845215e-01
3.795152306556701660e-01
4.398836493492126465e-01
4.371352195739746094e-01
4.343864321708679199e-01
4.313141703605651855e-01
4.276635050773620605e-01
4.253705739974975586e-01
4.244129359722137451e-01
4.204699993133544922e-01
4.158293604850769043e-01
4.130637049674987793e-01
4.084216654300689697e-01
4.053401052951812744e-01
4.052629172801971436e-01
4.053674936294555664e-01
4.075762629508972168e-01
4.080801606178283691e-01
4.067565500736236572e-01
4.063941836357116699e-01
4.059353172779083252e-01
4.053715467453002930e-01
4.057370424270629883e-01
4.072743058204650879e-01
4.075423181056976318e-01
4.039548635482788086e-01
4.066626727581024170e-01
4.093705117702484131e-01
4.122588038444519043e-01
4.122594594955444336e-01
4.095026552677154541e-01
4.092589914798736572e-01
4.158107936382293701e-01
4.208681583404541016e-01
4.246292710304260254e-01
4.273437261581420898e-01
4.276761710643768311e-01
4.276989102363586426e-01
4.277218282222747803e-01
4.278396368026733398e-01
4.282099008560180664e-01
4.251067638397216797e-01
4.207509160041809082e-01
4.163951277732849121e-01
4.120394587516784668e-01
4.083006083965301514e-01
4.104695320129394531e-01
4.147165119647979736e-01
4.183734655380249023e-01
4.136158525943756104e-01
4.116092622280120850e-01
4.163488745689392090e-01
4.238181114196777344e-01
4.312869906425476074e-01
4.387559890747070312e-01
4.462252557277679443e-01
4.536941349506378174e-01
4.587471783161163330e-01
4.607430696487426758e-01
4.594798088073730469e-01
4.572405517101287842e-01
4.543789029121398926e-01
4.498357176780700684e-01
4.500430226325988770e-01
4.491696059703826904e-01
4.481641650199890137e-01
4.475582838058471680e-01
4.469526410102844238e-01
4.463465809822082520e-01
4.466126263141632080e-01
4.475573897361755371e-01
4.477074742317199707e-01
4.478574991226196289e-01
4.480076432228088379e-01
4.481577277183532715e-01
4.483081102371215820e-01
4.503548741340637207e-01
4.548413157463073730e-01
4.592835307121276855e-01
4.589423537254333496e-01
4.561983942985534668e-01
4.542479515075683594e-01
4.539993703365325928e-01
4.521300792694091797e-01
4.469547569751739502e-01
4.395240843296051025e-01
4.320940375328063965e-01
4.287800490856170654e-01
4.266779124736785889e-01
4.207677841186523438e-01
4.127798974514007568e-01
4.046007096767425537e-01
3.967897295951843262e-01
3.925339877605438232e-01
3.917816281318664551e-01
3.914623260498046875e-01
3.940177559852600098e-01
3.966443836688995361e-01
3.992708921432495117e-01
3.995045721530914307e-01
3.959654569625854492e-01
3.924260139465332031e-01
3.888868689537048340e-01
3.853475451469421387e-01
3.818082213401794434e-01
3.786884844303131104e-01
3.751350045204162598e-01
3.761379718780517578e-01
3.796599507331848145e-01
3.831820487976074219e-01
3.873774409294128418e-01
3.943022489547729492e-01
4.076392650604248047e-01
4.257994592189788818e-01
4.449858069419860840e-01
4.640593826770782471e-01
4.696575999259948730e-01
4.683003425598144531e-01
4.670251905918121338e-01
4.663539528846740723e-01
4.599182009696960449e-01
4.526842236518859863e-01
4.445322155952453613e-01
4.357755780220031738e-01
4.270190596580505371e-01
4.183161258697509766e-01
4.108664095401763916e-01
4.032575488090515137e-01
3.953498601913452148e-01
3.874421119689941406e-01
3.795348405838012695e-01
4.405061602592468262e-01
4.374769628047943115e-01
4.338914752006530762e-01
4.307864904403686523e-01
4.278921782970428467e-01
4.264478683471679688e-01
4.235053062438964844e-01
4.182113111019134521e-01
4.154413938522338867e-01
4.114242792129516602e-01
4.076778292655944824e-01
4.063732028007507324e-01
4.050672352313995361e-01
4.057714343070983887e-01
4.085499048233032227e-01
4.080777168273925781e-01
4.077157974243164062e-01
4.073536396026611328e-01
4.069915413856506348e-01
4.070805311203002930e-01
4.079537391662597656e-01
4.110207259654998779e-01
4.111274480819702148e-01
4.072092473506927490e-01
4.099170565605163574e-01
4.121355712413787842e-01
4.121797382831573486e-01
4.111448824405670166e-01
4.083880186080932617e-01
4.074154198169708252e-01
4.135583043098449707e-01
4.173197150230407715e-01
4.210809171199798584e-01
4.239459931850433350e-01
4.243402481079101562e-01
4.243630766868591309e-01
4.243862032890319824e-01
4.244087934494018555e-01
4.233892560005187988e-01
4.193055033683776855e-01
4.149497747421264648e-01
4.105939269065856934e-01
4.062380194664001465e-01
4.074743986129760742e-01
4.116539359092712402e-01
4.159013032913208008e-01
4.197173118591308594e-01
4.155075550079345703e-01
4.106592237949371338e-01
4.155867099761962891e-01
4.230555295944213867e-01
4.305247664451599121e-01
4.379938840866088867e-01
4.454630017280578613e-01
4.529318809509277344e-01
4.592026472091674805e-01
4.593147039413452148e-01
4.570753872394561768e-01
4.542422294616699219e-01
4.477205872535705566e-01
4.402852058410644531e-01
4.369113743305206299e-01
4.356411099433898926e-01
4.343704879283905029e-01
4.334597289562225342e-01
4.328538179397583008e-01
4.322478175163269043e-01
4.316417872905731201e-01
4.316094219684600830e-01
4.317592978477478027e-01
4.319094121456146240e-01
4.320592880249023438e-01
4.322097003459930420e-01
4.331948757171630859e-01
4.354472458362579346e-01
4.396553933620452881e-01
4.459747672080993652e-01
4.513213932514190674e-01
4.542730748653411865e-01
4.524681568145751953e-01
4.506753981113433838e-01
4.490028321743011475e-01
4.471173286437988281e-01
4.421882033348083496e-01
4.347580075263977051e-01
4.325808882713317871e-01
4.304787516593933105e-01
4.267200529575347900e-01
4.186617136001586914e-01
4.108311533927917480e-01
4.036512970924377441e-01
3.984687924385070801e-01
3.973895013332366943e-01
3.969964087009429932e-01
3.977588713169097900e-01
4.003852903842926025e-01
4.030116200447082520e-01
4.038243889808654785e-01
4.026190042495727539e-01
4.001021981239318848e-01
3.965629041194915771e-01
3.930235803127288818e-01
3.894842863082885742e-01
3.859450221061706543e-01
3.815280199050903320e-01
3.816022872924804688e-01
3.834913372993469238e-01
3.870133757591247559e-01
3.905356228351593018e-01
3.965981006622314453e-01
4.108510613441467285e-01
4.290115237236022949e-01
4.485382437705993652e-01
4.694231748580932617e-01
4.685395359992980957e-01
4.671828150749206543e-01
4.658257365226745605e-01
4.645078778266906738e-01
4.609359502792358398e-01
4.529640674591064453e-01
4.449672698974609375e-01
4.362105131149291992e-01
4.274539351463317871e-01
4.187619984149932861e-01
4.104006886482238770e-01
4.030028581619262695e-01
3.951737284660339355e-01
3.872660994529724121e-01
3.793592453002929688e-01
4.400707483291625977e-01
4.368728399276733398e-01
4.339276552200317383e-01
4.312213659286499023e-01
4.289415776729583740e-01
4.265410602092742920e-01
4.211209118366241455e-01
4.173953533172607422e-01
4.138017594814300537e-01
4.101657867431640625e-01
4.074954688549041748e-01
4.053952693939208984e-01
4.046438336372375488e-01
4.067453444004058838e-01
4.094416797161102295e-01
4.090370833873748779e-01
4.086748063564300537e-01
4.083125591278076172e-01
4.079975187778472900e-01
4.089711606502532959e-01
4.117237031459808350e-01
4.147675931453704834e-01
4.147131443023681641e-01
4.104523658752441406e-01
4.118852913379669189e-01
4.120175838470458984e-01
4.110858440399169922e-01
4.100306928157806396e-01
4.072736501693725586e-01
4.048010110855102539e-01
4.100096225738525391e-01
4.137713909149169922e-01
4.175328016281127930e-01
4.205479919910430908e-01
4.210043549537658691e-01
4.210273921489715576e-01
4.210502803325653076e-01
4.210728108882904053e-01
4.188037514686584473e-01
4.135041534900665283e-01
4.091486036777496338e-01
4.047928750514984131e-01
4.049021601676940918e-01
4.085915088653564453e-01
4.128387570381164551e-01
4.170861244201660156e-01
4.202737808227539062e-01
4.173994660377502441e-01
4.134557843208312988e-01
4.148246645927429199e-01
4.222936034202575684e-01
4.297623634338378906e-01
4.372317790985107422e-01
4.447006583213806152e-01
4.521695971488952637e-01
4.587290287017822266e-01
4.566700458526611328e-01
4.538818597793579102e-01
4.490525722503662109e-01
4.395828843116760254e-01
4.293112158775329590e-01
4.235433936119079590e-01
4.221124053001403809e-01
4.208417534828186035e-01
4.195710122585296631e-01
4.187548458576202393e-01
4.181490540504455566e-01
4.171006679534912109e-01
4.156615138053894043e-01
4.158116281032562256e-01
4.159615933895111084e-01
4.161117076873779297e-01
4.168579578399658203e-01
4.185195267200469971e-01
4.205396771430969238e-01
4.245547652244567871e-01
4.307890236377716064e-01
4.371086359024047852e-01
4.433591961860656738e-01
4.467765092849731445e-01
4.473169445991516113e-01
4.456792473793029785e-01
4.440066218376159668e-01
4.421044588088989258e-01
4.384840130805969238e-01
4.363818466663360596e-01
4.342796206474304199e-01
4.308159053325653076e-01
4.245434105396270752e-01
4.167128801345825195e-01
4.093476831912994385e-01
4.050171971321105957e-01
4.030908346176147461e-01
4.026042222976684570e-01
4.022113084793090820e-01
4.041264653205871582e-01
4.067527949810028076e-01
4.067586660385131836e-01
4.055533409118652344e-01
4.043480157852172852e-01
4.031426906585693359e-01
4.006997644901275635e-01
3.971604704856872559e-01
3.936213552951812744e-01
3.919510245323181152e-01
3.918451666831970215e-01
3.911019861698150635e-01
3.924651741981506348e-01
3.943668603897094727e-01
3.988943397998809814e-01
4.142240881919860840e-01
4.322234392166137695e-01
4.520905017852783203e-01
4.652416706085205078e-01
4.674218297004699707e-01
4.660648405551910400e-01
4.647078514099121094e-01
4.633933603763580322e-01
4.620956182479858398e-01
4.550991058349609375e-01
4.463296830654144287e-01
4.368483722209930420e-01
4.278890490531921387e-01
4.192080497741699219e-01
4.105460345745086670e-01
4.025369882583618164e-01
3.949975371360778809e-01
3.870899677276611328e-01
3.793392777442932129e-01
4.399412572383880615e-01
4.372349977493286133e-01
4.345281720161437988e-01
4.318222999572753906e-01
4.297513961791992188e-01
4.241093993186950684e-01
4.193481504917144775e-01
4.161797165870666504e-01
4.116950631141662598e-01
4.083343446254730225e-01
4.065877795219421387e-01
4.050945639610290527e-01
4.049405157566070557e-01
4.077192544937133789e-01
4.103582501411437988e-01
4.099962413311004639e-01
4.096339941024780273e-01
4.092722833156585693e-01
4.098513126373291016e-01
4.117142558097839355e-01
4.152545332908630371e-01
4.184316396713256836e-01
4.175365567207336426e-01
4.116356670856475830e-01
4.119428396224975586e-01
4.110109508037567139e-01
4.100791215896606445e-01
4.089167714118957520e-01
4.051051437854766846e-01
4.011742770671844482e-01
4.064614176750183105e-01
4.102230370044708252e-01
4.139843583106994629e-01
4.170892238616943359e-01
4.176683723926544189e-01
4.176912605762481689e-01
4.177146553993225098e-01
4.177373051643371582e-01
4.143060147762298584e-01
4.086293876171112061e-01
4.033477008342742920e-01
4.023420810699462891e-01
4.055290818214416504e-01
4.097761809825897217e-01
4.140236377716064453e-01
4.182708561420440674e-01
4.208301305770874023e-01
4.192913472652435303e-01
4.172177910804748535e-01
4.177128672599792480e-01
4.215312004089355469e-01
4.290004074573516846e-01
4.364693760871887207e-01
4.439384937286376953e-01
4.514692127704620361e-01
4.549743831157684326e-01
4.534353017807006836e-01
4.495338797569274902e-01
4.407127499580383301e-01
4.301435053348541260e-01
4.194167256355285645e-01
4.122372269630432129e-01
4.085837602615356445e-01
4.073131680488586426e-01
4.060426354408264160e-01
4.047718346118927002e-01
4.040504395961761475e-01
4.023836851119995117e-01
3.997136056423187256e-01
3.998637795448303223e-01
4.000137150287628174e-01
4.005210995674133301e-01
4.021826982498168945e-01
4.038440585136413574e-01
4.056320190429687500e-01
4.096473753452301025e-01
4.156033396720886230e-01
4.219231605529785156e-01
4.282428920269012451e-01
4.345625042915344238e-01
4.361001849174499512e-01
4.397816956043243408e-01
4.406829476356506348e-01
4.390105009078979492e-01
4.392900466918945312e-01
4.401828646659851074e-01
4.380806684494018555e-01
4.349119365215301514e-01
4.304674565792083740e-01
4.225948452949523926e-01
4.147644042968750000e-01
4.109078049659729004e-01
4.088712632656097412e-01
4.082120656967163086e-01
4.078190326690673828e-01
4.078675508499145508e-01
4.104938507080078125e-01
4.096933901309967041e-01
4.084878265857696533e-01
4.072824120521545410e-01
4.060771167278289795e-01
4.048719406127929688e-01
4.036663174629211426e-01
4.022694826126098633e-01
4.018211960792541504e-01
4.032975435256958008e-01
4.026081562042236328e-01
4.017813205718994141e-01
4.019380807876586914e-01
4.040172100067138672e-01
4.182259440422058105e-01
4.354354143142700195e-01
4.556429982185363770e-01
4.606556296348571777e-01
4.658936858177185059e-01
4.649471044540405273e-01
4.635903239250183105e-01
4.622789621353149414e-01
4.609813690185546875e-01
4.574983716011047363e-01
4.492620229721069336e-01
4.390507340431213379e-01
4.296440482139587402e-01
4.203240871429443359e-01
4.110119938850402832e-01
4.023296833038330078e-01
3.946733474731445312e-01
3.869560360908508301e-01
3.793193995952606201e-01
4.405417740345001221e-01
4.378359019756317139e-01
4.351290762424468994e-01
4.324229955673217773e-01
4.269827604293823242e-01
4.220738410949707031e-01
4.183458685874938965e-01
4.126867651939392090e-01
4.091195464134216309e-01
4.077804684638977051e-01
4.062869846820831299e-01
4.047935903072357178e-01
4.059143662452697754e-01
4.095696210861206055e-01
4.113175868988037109e-01
4.109551906585693359e-01
4.105934500694274902e-01
4.107312858104705811e-01
4.117049276828765869e-01
4.152448773384094238e-01
4.185469150543212891e-01
4.203579425811767578e-01
4.188612997531890869e-01
4.118677675724029541e-01
4.109361171722412109e-01
4.100041389465332031e-01
4.090722501277923584e-01
4.064644575119018555e-01
4.022080302238464355e-01
3.979517221450805664e-01
4.029133617877960205e-01
4.066748023033142090e-01
4.104362130165100098e-01
4.136306941509246826e-01
4.143328666687011719e-01
4.143556654453277588e-01
4.143785834312438965e-01
4.139369130134582520e-01
4.096637964248657227e-01
4.041318297386169434e-01
4.006905555725097656e-01
4.024662077426910400e-01
4.067136049270629883e-01
4.109611511230468750e-01
4.152082502841949463e-01
4.194555878639221191e-01
4.213863611221313477e-01
4.213788509368896484e-01
4.209797978401184082e-01
4.214747846126556396e-01
4.219703078269958496e-01
4.282380342483520508e-01
4.357072710990905762e-01
4.429613053798675537e-01
4.497436285018920898e-01
4.505223035812377930e-01
4.494652152061462402e-01
4.418427944183349609e-01
4.311938583850860596e-01
4.204665720462799072e-01
4.097399115562438965e-01
4.009456932544708252e-01
3.951945304870605469e-01
3.937845826148986816e-01
3.925137817859649658e-01
3.912432491779327393e-01
3.899728357791900635e-01
3.876662552356719971e-01
3.843620717525482178e-01
3.839158415794372559e-01
3.842076063156127930e-01
3.858454823493957520e-01
3.875070214271545410e-01
3.891683816909790039e-01
3.908298313617706299e-01
3.947395086288452148e-01
4.004173874855041504e-01
4.067371487617492676e-01
4.130569398403167725e-01
4.191680848598480225e-01
4.221200346946716309e-01
4.261324107646942139e-01
4.306207001209259033e-01
4.348795115947723389e-01
4.373488128185272217e-01
4.407422840595245361e-01
4.418815970420837402e-01
4.390076696872711182e-01
4.348464012145996094e-01
4.284766614437103271e-01
4.206462502479553223e-01
4.153113961219787598e-01
4.142493605613708496e-01
4.138202369213104248e-01
4.134269058704376221e-01
4.130339026451110840e-01
4.138331413269042969e-01
4.126277565956115723e-01
4.114224314689636230e-01
4.102168679237365723e-01
4.090114235877990723e-01
4.078060388565063477e-01
4.066759049892425537e-01
4.085615575313568115e-01
4.104469418525695801e-01
4.124516248703002930e-01
4.141976833343505859e-01
4.133709073066711426e-01
4.125442802906036377e-01
4.141124486923217773e-01
4.259275794029235840e-01
4.402423202991485596e-01
4.510442018508911133e-01
4.560703039169311523e-01
4.613078832626342773e-01
4.638295769691467285e-01
4.624726176261901855e-01
4.611642360687255859e-01
4.598666429519653320e-01
4.585689306259155273e-01
4.516616463661193848e-01
4.417545199394226074e-01
4.318495392799377441e-01
4.225373864173889160e-01
4.132249057292938232e-01
4.039130210876464844e-01
3.946949243545532227e-01
3.869359791278839111e-01
3.792992830276489258e-01
4.411425292491912842e-01
4.384360313415527344e-01
4.357296824455261230e-01
4.301701784133911133e-01
4.245525300502777100e-01
4.192967712879180908e-01
4.138049781322479248e-01
4.098859429359436035e-01
4.089731574058532715e-01
4.074792563915252686e-01
4.059861898422241211e-01
4.050038456916809082e-01
4.070977568626403809e-01
4.121303856372833252e-01
4.122765064239501953e-01
4.119148552417755127e-01
4.116112887859344482e-01
4.125852882862091064e-01
4.152357876300811768e-01
4.177407026290893555e-01
4.199600219726562500e-01
4.217253029346466064e-01
4.193379282951354980e-01
4.106588065624237061e-01
4.099285900592803955e-01
4.088752269744873047e-01
4.064441919326782227e-01
4.035671055316925049e-01
3.993105292320251465e-01
3.950546979904174805e-01
3.993648588657379150e-01
4.031261801719665527e-01
4.068878889083862305e-01
4.101713299751281738e-01
4.109970927238464355e-01
4.110195338726043701e-01
4.110428094863891602e-01
4.095277488231658936e-01
4.048247337341308594e-01
4.007548391819000244e-01
4.016153812408447266e-01
4.045422077178955078e-01
4.078982472419738770e-01
4.121457338333129883e-01
4.163929820060729980e-01
4.206365942955017090e-01
4.219428002834320068e-01
4.242465198040008545e-01
4.247419238090515137e-01
4.252370893955230713e-01
4.257321655750274658e-01
4.274316430091857910e-01
4.344499707221984863e-01
4.414733052253723145e-01
4.455924630165100098e-01
4.457227289676666260e-01
4.425519704818725586e-01
4.322443604469299316e-01
4.215169548988342285e-01
4.107899367809295654e-01
4.000630378723144531e-01
3.896542191505432129e-01
3.838718235492706299e-01
3.802561759948730469e-01
3.789854645729064941e-01
3.777145743370056152e-01
3.764441609382629395e-01
3.729489445686340332e-01
3.696445226669311523e-01
3.679677248001098633e-01
3.695083260536193848e-01
3.711698651313781738e-01
3.728313446044921875e-01
3.744931817054748535e-01
3.761543035507202148e-01
3.798323273658752441e-01
3.852317333221435547e-01
3.915513157844543457e-01
3.978711962699890137e-01
4.035744667053222656e-01
4.061727523803710938e-01
4.106145501136779785e-01
4.169715046882629395e-01
4.214597940444946289e-01
4.304199814796447754e-01
4.388175308704376221e-01
4.421944022178649902e-01
4.431036710739135742e-01
4.389425218105316162e-01
4.343584775924682617e-01
4.265279769897460938e-01
4.197170734405517578e-01
4.176642298698425293e-01
4.194283187389373779e-01
4.190348088741302490e-01
4.186416864395141602e-01
4.170404672622680664e-01
4.155618548393249512e-01
4.143566489219665527e-01
4.131512939929962158e-01
4.119462072849273682e-01
4.107405543327331543e-01
4.118046164512634277e-01
4.136900901794433594e-01
4.155755639076232910e-01
4.179539680480957031e-01
4.233168959617614746e-01
4.249606132507324219e-01
4.241341650485992432e-01
4.274078607559204102e-01
4.360032081604003906e-01
4.487816691398620605e-01
4.499151110649108887e-01
4.530666470527648926e-01
4.567220211029052734e-01
4.619596600532531738e-01
4.613548815250396729e-01
4.600499272346496582e-01
4.587520956993103027e-01
4.574545025825500488e-01
4.540610313415527344e-01
4.446916878223419189e-01
4.342563748359680176e-01
4.247507452964782715e-01
4.154382944107055664e-01
4.061261713504791260e-01
3.968972265720367432e-01
3.883023262023925781e-01
3.802335262298583984e-01
