-1.644606590270996094e+00
-1.629209995269775391e+00
-1.618454813957214355e+00
-1.607698917388916016e+00
-1.596943140029907227e+00
-1.586187362670898438e+00
-1.575397491455078125e+00
-1.564193844795227051e+00
-1.552412152290344238e+00
-1.540032267570495605e+00
-1.526991844177246094e+00
-1.513951659202575684e+00
-1.500911593437194824e+00
-1.487870931625366211e+00
-1.474831461906433105e+00
-1.461790800094604492e+00
-1.450025677680969238e+00
-1.438671588897705078e+00
-1.427586197853088379e+00
-1.421725153923034668e+00
-1.430122733116149902e+00
-1.443713665008544922e+00
-1.457641959190368652e+00
-1.474082350730895996e+00
-1.490450501441955566e+00
-1.506702303886413574e+00
-1.522953748703002930e+00
-1.538312435150146484e+00
-1.544693112373352051e+00
-1.540525794029235840e+00
-1.531664252281188965e+00
-1.522718787193298340e+00
-1.513774037361145020e+00
-1.504828810691833496e+00
-1.495883345603942871e+00
-1.486937403678894043e+00
-1.477993130683898926e+00
-1.474025011062622070e+00
-1.471337676048278809e+00
-1.468649983406066895e+00
-1.465734243392944336e+00
-1.461114287376403809e+00
-1.469272494316101074e+00
-1.484050035476684570e+00
-1.498827099800109863e+00
-1.513604164123535156e+00
-1.528381943702697754e+00
-1.542183756828308105e+00
-1.553784847259521484e+00
-1.551528811454772949e+00
-1.547087907791137695e+00
-1.535804629325866699e+00
-1.521475911140441895e+00
-1.507146239280700684e+00
-1.494333863258361816e+00
-1.481570839881896973e+00
-1.468808054924011230e+00
-1.455909132957458496e+00
-1.443451762199401855e+00
-1.427495718002319336e+00
-1.404848575592041016e+00
-1.377692461013793945e+00
-1.350727438926696777e+00
-1.324033379554748535e+00
-1.310021042823791504e+00
-1.306612730026245117e+00
-1.305843710899353027e+00
-1.305074930191040039e+00
-1.306151986122131348e+00
-1.312602639198303223e+00
-1.319518446922302246e+00
-1.327864646911621094e+00
-1.336281538009643555e+00
-1.344698309898376465e+00
-1.352498173713684082e+00
-1.359630227088928223e+00
-1.368006110191345215e+00
-1.371922135353088379e+00
-1.374124050140380859e+00
-1.376326203346252441e+00
-1.378475308418273926e+00
-1.380525469779968262e+00
-1.382576107978820801e+00
-1.384625792503356934e+00
-1.389991402626037598e+00
-1.396197915077209473e+00
-1.411050319671630859e+00
-1.427180171012878418e+00
-1.443309426307678223e+00
-1.459439635276794434e+00
-1.474789500236511230e+00
-1.478268623352050781e+00
-1.483748912811279297e+00
-1.489228606224060059e+00
-1.492415547370910645e+00
-1.486257314682006836e+00
-1.471713066101074219e+00
-1.457480907440185547e+00
-1.448199748992919922e+00
-1.439266800880432129e+00
-1.423624873161315918e+00
-1.408946156501770020e+00
-1.406340122222900391e+00
-1.403734326362609863e+00
-1.401039838790893555e+00
-1.401380419731140137e+00
-1.406253933906555176e+00
-1.411478757858276367e+00
-1.416767835617065430e+00
-1.418990731239318848e+00
-1.429315447807312012e+00
-1.445786714553833008e+00
-1.461581110954284668e+00
-1.466198086738586426e+00
-1.470209002494812012e+00
-1.472562551498413086e+00
-1.474915504455566406e+00
-1.477268338203430176e+00
-1.479621887207031250e+00
-1.481975436210632324e+00
-1.484328508377075195e+00
-1.486391067504882812e+00
-1.481945514678955078e+00
-1.473495602607727051e+00
-1.465461492538452148e+00
-1.458238720893859863e+00
-1.451016545295715332e+00
-1.443793892860412598e+00
-1.436624646186828613e+00
-1.629496216773986816e+00
-1.611795783042907715e+00
-1.601039171218872070e+00
-1.590282917022705078e+00
-1.579527378082275391e+00
-1.568771481513977051e+00
-1.558014869689941406e+00
-1.547258377075195312e+00
-1.536472320556640625e+00
-1.525009512901306152e+00
-1.512072086334228516e+00
-1.499031782150268555e+00
-1.485991120338439941e+00
-1.472951173782348633e+00
-1.459910750389099121e+00
-1.446870446205139160e+00
-1.434094190597534180e+00
-1.422740340232849121e+00
-1.411386370658874512e+00
-1.406454682350158691e+00
-1.415707468986511230e+00
-1.427749514579772949e+00
-1.443545460700988770e+00
-1.459730982780456543e+00
-1.476171612739562988e+00
-1.492613315582275391e+00
-1.508875608444213867e+00
-1.525126934051513672e+00
-1.533839583396911621e+00
-1.533803105354309082e+00
-1.526607632637023926e+00
-1.517661452293395996e+00
-1.508715987205505371e+00
-1.499770760536193848e+00
-1.490826010704040527e+00
-1.481879830360412598e+00
-1.472934603691101074e+00
-1.463989734649658203e+00
-1.458138346672058105e+00
-1.455450057983398438e+00
-1.452762246131896973e+00
-1.450422286987304688e+00
-1.446095943450927734e+00
-1.460873603820800781e+00
-1.475650906562805176e+00
-1.490427970886230469e+00
-1.505205273628234863e+00
-1.519207477569580078e+00
-1.531064391136169434e+00
-1.534922361373901367e+00
-1.527707099914550781e+00
-1.511927962303161621e+00
-1.497902512550354004e+00
-1.483747720718383789e+00
-1.470985054969787598e+00
-1.458221793174743652e+00
-1.445459604263305664e+00
-1.432696580886840820e+00
-1.420662760734558105e+00
-1.407199263572692871e+00
-1.388795495033264160e+00
-1.362962841987609863e+00
-1.335724949836730957e+00
-1.324280261993408203e+00
-1.315399765968322754e+00
-1.314631223678588867e+00
-1.313861966133117676e+00
-1.313093304634094238e+00
-1.318697452545166016e+00
-1.325520396232604980e+00
-1.333799242973327637e+00
-1.342216253280639648e+00
-1.350633144378662109e+00
-1.359050035476684570e+00
-1.366614103317260742e+00
-1.373746156692504883e+00
-1.380623459815979004e+00
-1.382825493812561035e+00
-1.385027289390563965e+00
-1.387172818183898926e+00
-1.389223694801330566e+00
-1.391273617744445801e+00
-1.393324136734008789e+00
-1.395374655723571777e+00
-1.400821328163146973e+00
-1.413153648376464844e+00
-1.429894804954528809e+00
-1.446329951286315918e+00
-1.462459444999694824e+00
-1.473163723945617676e+00
-1.476235985755920410e+00
-1.481227040290832520e+00
-1.486706852912902832e+00
-1.492186546325683594e+00
-1.495712995529174805e+00
-1.489361166954040527e+00
-1.475244998931884766e+00
-1.462374210357666016e+00
-1.453444123268127441e+00
-1.440179467201232910e+00
-1.421244263648986816e+00
-1.406835436820983887e+00
-1.404229283332824707e+00
-1.401535868644714355e+00
-1.398805737495422363e+00
-1.401109814643859863e+00
-1.406301736831665039e+00
-1.411526322364807129e+00
-1.416235089302062988e+00
-1.416711926460266113e+00
-1.426403045654296875e+00
-1.442557930946350098e+00
-1.456352710723876953e+00
-1.460821270942687988e+00
-1.463743329048156738e+00
-1.466096282005310059e+00
-1.468449711799621582e+00
-1.470802903175354004e+00
-1.473156094551086426e+00
-1.475509285926818848e+00
-1.479038596153259277e+00
-1.484396815299987793e+00
-1.478154778480529785e+00
-1.469708800315856934e+00
-1.462348461151123047e+00
-1.455126047134399414e+00
-1.447903633117675781e+00
-1.440680503845214844e+00
-1.434304356575012207e+00
-1.614205241203308105e+00
-1.595396637916564941e+00
-1.583619475364685059e+00
-1.572868227958679199e+00
-1.562112092971801758e+00
-1.551355361938476562e+00
-1.540599942207336426e+00
-1.529843449592590332e+00
-1.519087195396423340e+00
-1.508330225944519043e+00
-1.496694087982177734e+00
-1.484111189842224121e+00
-1.471071124076843262e+00
-1.458030343055725098e+00
-1.444989919662475586e+00
-1.431949615478515625e+00
-1.420766234397888184e+00
-1.411910653114318848e+00
-1.403800845146179199e+00
-1.403016686439514160e+00
-1.411746382713317871e+00
-1.420898318290710449e+00
-1.431292176246643066e+00
-1.445808649063110352e+00
-1.461819291114807129e+00
-1.478261351585388184e+00
-1.494701862335205078e+00
-1.511049628257751465e+00
-1.521781802177429199e+00
-1.524848341941833496e+00
-1.521331429481506348e+00
-1.512604355812072754e+00
-1.503658294677734375e+00
-1.494712948799133301e+00
-1.485768079757690430e+00
-1.476822614669799805e+00
-1.467876553535461426e+00
-1.458932161331176758e+00
-1.449988007545471191e+00
-1.444071412086486816e+00
-1.439563393592834473e+00
-1.436963558197021484e+00
-1.435111045837402344e+00
-1.437697052955627441e+00
-1.452474236488342285e+00
-1.467251777648925781e+00
-1.481014132499694824e+00
-1.493703126907348633e+00
-1.504059195518493652e+00
-1.508921027183532715e+00
-1.508616328239440918e+00
-1.489879846572875977e+00
-1.474224925041198730e+00
-1.460399031639099121e+00
-1.447636246681213379e+00
-1.434873223304748535e+00
-1.422111153602600098e+00
-1.409557223320007324e+00
-1.397729277610778809e+00
-1.385693192481994629e+00
-1.370382666587829590e+00
-1.349200844764709473e+00
-1.338539958000183105e+00
-1.328220844268798828e+00
-1.323418617248535156e+00
-1.322649598121643066e+00
-1.321996569633483887e+00
-1.324792027473449707e+00
-1.331835389137268066e+00
-1.339299201965332031e+00
-1.348150610923767090e+00
-1.356567621231079102e+00
-1.364984035491943359e+00
-1.373401284217834473e+00
-1.380730271339416504e+00
-1.387862563133239746e+00
-1.391765117645263672e+00
-1.393728613853454590e+00
-1.395870566368103027e+00
-1.397921204566955566e+00
-1.399971365928649902e+00
-1.402021527290344238e+00
-1.404072403907775879e+00
-1.406122565269470215e+00
-1.415197968482971191e+00
-1.431938648223876953e+00
-1.448680162429809570e+00
-1.465421199798583984e+00
-1.471546530723571777e+00
-1.474610209465026855e+00
-1.478217720985412598e+00
-1.484184861183166504e+00
-1.489664912223815918e+00
-1.495144486427307129e+00
-1.498898148536682129e+00
-1.492048144340515137e+00
-1.477674722671508789e+00
-1.467618107795715332e+00
-1.456197381019592285e+00
-1.437885880470275879e+00
-1.418863773345947266e+00
-1.404724717140197754e+00
-1.402031898498535156e+00
-1.399301648139953613e+00
-1.397395014762878418e+00
-1.401181697845458984e+00
-1.406364560127258301e+00
-1.412025809288024902e+00
-1.413757205009460449e+00
-1.413329958915710449e+00
-1.422462821006774902e+00
-1.437365055084228516e+00
-1.450692176818847656e+00
-1.454923987388610840e+00
-1.457277655601501465e+00
-1.459631085395812988e+00
-1.461984157562255859e+00
-1.464337468147277832e+00
-1.466690421104431152e+00
-1.469043612480163574e+00
-1.477703213691711426e+00
-1.482402205467224121e+00
-1.474363207817077637e+00
-1.466458201408386230e+00
-1.459236264228820801e+00
-1.452012896537780762e+00
-1.444790720939636230e+00
-1.438262104988098145e+00
-1.432046055793762207e+00
-1.598237276077270508e+00
-1.579428553581237793e+00
-1.565344572067260742e+00
-1.554677844047546387e+00
-1.544009923934936523e+00
-1.533342599868774414e+00
-1.522675275802612305e+00
-1.512007355690002441e+00
-1.501341342926025391e+00
-1.490674376487731934e+00
-1.479655981063842773e+00
-1.467729806900024414e+00
-1.455753684043884277e+00
-1.445609927177429199e+00
-1.435813307762145996e+00
-1.426017642021179199e+00
-1.416221737861633301e+00
-1.406425356864929199e+00
-1.398239850997924805e+00
-1.399654388427734375e+00
-1.408361077308654785e+00
-1.417130351066589355e+00
-1.426088452339172363e+00
-1.435358881950378418e+00
-1.447985768318176270e+00
-1.463908433914184570e+00
-1.480348944664001465e+00
-1.496790885925292969e+00
-1.508695244789123535e+00
-1.513726353645324707e+00
-1.514536023139953613e+00
-1.507545948028564453e+00
-1.498601317405700684e+00
-1.489655017852783203e+00
-1.480710744857788086e+00
-1.471764922142028809e+00
-1.462819933891296387e+00
-1.453874230384826660e+00
-1.444929003715515137e+00
-1.436231970787048340e+00
-1.430560469627380371e+00
-1.424888730049133301e+00
-1.421226501464843750e+00
-1.418918251991271973e+00
-1.427097201347351074e+00
-1.440360665321350098e+00
-1.453623652458190918e+00
-1.466513514518737793e+00
-1.476811051368713379e+00
-1.482757329940795898e+00
-1.482822775840759277e+00
-1.469070315361022949e+00
-1.451430320739746094e+00
-1.437050938606262207e+00
-1.424287676811218262e+00
-1.411525249481201172e+00
-1.398762345314025879e+00
-1.386452317237854004e+00
-1.374620318412780762e+00
-1.362138271331787109e+00
-1.353739142417907715e+00
-1.351307034492492676e+00
-1.342480421066284180e+00
-1.332205653190612793e+00
-1.331436991691589355e+00
-1.330952763557434082e+00
-1.331102728843688965e+00
-1.338150501251220703e+00
-1.345198273658752441e+00
-1.353625178337097168e+00
-1.362502336502075195e+00
-1.370919108390808105e+00
-1.379335880279541016e+00
-1.387714028358459473e+00
-1.394846439361572266e+00
-1.401937842369079590e+00
-1.403410077095031738e+00
-1.404568076133728027e+00
-1.406618714332580566e+00
-1.408669114112854004e+00
-1.410719394683837891e+00
-1.412770032882690430e+00
-1.414820432662963867e+00
-1.417706847190856934e+00
-1.433983325958251953e+00
-1.450724363327026367e+00
-1.465861439704895020e+00
-1.469512343406677246e+00
-1.472984194755554199e+00
-1.476056456565856934e+00
-1.481035590171813965e+00
-1.487090468406677246e+00
-1.492622971534729004e+00
-1.498051881790161133e+00
-1.500973105430603027e+00
-1.494181275367736816e+00
-1.481779694557189941e+00
-1.472215533256530762e+00
-1.454690814018249512e+00
-1.435478091239929199e+00
-1.416543364524841309e+00
-1.403469204902648926e+00
-1.399798154830932617e+00
-1.397068142890930176e+00
-1.396586060523986816e+00
-1.401253819465637207e+00
-1.406440854072570801e+00
-1.410590767860412598e+00
-1.409820437431335449e+00
-1.408664464950561523e+00
-1.418056964874267578e+00
-1.431704163551330566e+00
-1.445031762123107910e+00
-1.448458909988403320e+00
-1.450811982154846191e+00
-1.453164935111999512e+00
-1.455518484115600586e+00
-1.457871675491333008e+00
-1.460224509239196777e+00
-1.464544653892517090e+00
-1.476368069648742676e+00
-1.478991746902465820e+00
-1.470624804496765137e+00
-1.463345289230346680e+00
-1.456122875213623047e+00
-1.448900461196899414e+00
-1.442220091819763184e+00
-1.435942173004150391e+00
-1.430392622947692871e+00
-1.582268834114074707e+00
-1.563460707664489746e+00
-1.547069668769836426e+00
-1.536403179168701172e+00
-1.525734901428222656e+00
-1.515067696571350098e+00
-1.504401206970214844e+00
-1.493733525276184082e+00
-1.483066797256469727e+00
-1.472398877143859863e+00
-1.464872360229492188e+00
-1.456343054771423340e+00
-1.447661280632019043e+00
-1.438979268074035645e+00
-1.430272936820983887e+00
-1.420904397964477539e+00
-1.411196827888488770e+00
-1.401489853858947754e+00
-1.392335772514343262e+00
-1.396076560020446777e+00
-1.404852151870727539e+00
-1.413709998130798340e+00
-1.422513365745544434e+00
-1.431283116340637207e+00
-1.440549015998840332e+00
-1.450987339019775391e+00
-1.465997338294982910e+00
-1.482438206672668457e+00
-1.494817852973937988e+00
-1.501315712928771973e+00
-1.505004405975341797e+00
-1.502137899398803711e+00
-1.493543386459350586e+00
-1.484597444534301758e+00
-1.475652694702148438e+00
-1.466707348823547363e+00
-1.457761764526367188e+00
-1.448817253112792969e+00
-1.439871430397033691e+00
-1.430925726890563965e+00
-1.422362327575683594e+00
-1.415176510810852051e+00
-1.407991051673889160e+00
-1.401404738426208496e+00
-1.399297475814819336e+00
-1.412969946861267090e+00
-1.426233410835266113e+00
-1.439269065856933594e+00
-1.449563026428222656e+00
-1.456593871116638184e+00
-1.455132603645324707e+00
-1.445241570472717285e+00
-1.429396510124206543e+00
-1.415023803710937500e+00
-1.401083827018737793e+00
-1.388176560401916504e+00
-1.375413417816162109e+00
-1.363066554069519043e+00
-1.350578665733337402e+00
-1.345426440238952637e+00
-1.349499940872192383e+00
-1.351589798927307129e+00
-1.346420884132385254e+00
-1.340338587760925293e+00
-1.339970350265502930e+00
-1.339915394783020020e+00
-1.344465136528015137e+00
-1.351512789726257324e+00
-1.358970880508422852e+00
-1.367950558662414551e+00
-1.376853585243225098e+00
-1.385270476341247559e+00
-1.393687009811401367e+00
-1.401830077171325684e+00
-1.408961892127990723e+00
-1.414532899856567383e+00
-1.414987444877624512e+00
-1.415356874465942383e+00
-1.417366623878479004e+00
-1.419417023658752441e+00
-1.421467423439025879e+00
-1.423518061637878418e+00
-1.425581812858581543e+00
-1.436439514160156250e+00
-1.452768206596374512e+00
-1.463274836540222168e+00
-1.466925740242004395e+00
-1.470577120780944824e+00
-1.474253654479980469e+00
-1.477798581123352051e+00
-1.483853697776794434e+00
-1.489907979965209961e+00
-1.495093464851379395e+00
-1.499111771583557129e+00
-1.502206206321716309e+00
-1.496973276138305664e+00
-1.487015843391418457e+00
-1.471495985984802246e+00
-1.452250361442565918e+00
-1.433097481727600098e+00
-1.414255023002624512e+00
-1.402708292007446289e+00
-1.397564172744750977e+00
-1.394833683967590332e+00
-1.395828247070312500e+00
-1.400524258613586426e+00
-1.405699849128723145e+00
-1.406376957893371582e+00
-1.404755473136901855e+00
-1.403998970985412598e+00
-1.412716865539550781e+00
-1.426043868064880371e+00
-1.438650488853454590e+00
-1.441992878913879395e+00
-1.444346070289611816e+00
-1.446699261665344238e+00
-1.449052691459655762e+00
-1.451405882835388184e+00
-1.453759074211120605e+00
-1.463209986686706543e+00
-1.475033044815063477e+00
-1.475231647491455078e+00
-1.467455387115478516e+00
-1.460232615470886230e+00
-1.453010201454162598e+00
-1.446178317070007324e+00
-1.439899921417236328e+00
-1.437149882316589355e+00
-1.441475033760070801e+00
-1.566300392150878906e+00
-1.547492384910583496e+00
-1.528795361518859863e+00
-1.518129348754882812e+00
-1.507461190223693848e+00
-1.496792912483215332e+00
-1.486665844917297363e+00
-1.479242324829101562e+00
-1.471818804740905762e+00
-1.464397192001342773e+00
-1.456972718238830566e+00
-1.448945164680480957e+00
-1.440263748168945312e+00
-1.431581139564514160e+00
-1.422900319099426270e+00
-1.414218544960021973e+00
-1.405514836311340332e+00
-1.396086335182189941e+00
-1.387402653694152832e+00
-1.391855716705322266e+00
-1.400608181953430176e+00
-1.409465432167053223e+00
-1.418323636054992676e+00
-1.427181363105773926e+00
-1.436039090156555176e+00
-1.445201039314270020e+00
-1.453752875328063965e+00
-1.467724680900573730e+00
-1.480656981468200684e+00
-1.487406373023986816e+00
-1.493351578712463379e+00
-1.495265245437622070e+00
-1.488485813140869141e+00
-1.479539990425109863e+00
-1.470595121383666992e+00
-1.461649537086486816e+00
-1.452704071998596191e+00
-1.443727254867553711e+00
-1.433267951011657715e+00
-1.422808766365051270e+00
-1.412349462509155273e+00
-1.403122782707214355e+00
-1.395937085151672363e+00
-1.388841032981872559e+00
-1.382526159286499023e+00
-1.384955286979675293e+00
-1.398842692375183105e+00
-1.411992907524108887e+00
-1.422314524650573730e+00
-1.430429816246032715e+00
-1.427442312240600586e+00
-1.417551279067993164e+00
-1.407660245895385742e+00
-1.393205881118774414e+00
-1.379560112953186035e+00
-1.365421414375305176e+00
-1.351513743400573730e+00
-1.339018940925598145e+00
-1.336627364158630371e+00
-1.340700030326843262e+00
-1.344772934913635254e+00
-1.349098801612854004e+00
-1.348662257194519043e+00
-1.349147319793701172e+00
-1.349091649055480957e+00
-1.350780367851257324e+00
-1.357827782630920410e+00
-1.364875435829162598e+00
-1.373296499252319336e+00
-1.382276415824890137e+00
-1.391204714775085449e+00
-1.399621725082397461e+00
-1.408038616180419922e+00
-1.415946006774902344e+00
-1.423078179359436035e+00
-1.426106929779052734e+00
-1.426477074623107910e+00
-1.426846861839294434e+00
-1.428114891052246094e+00
-1.430165648460388184e+00
-1.432215571403503418e+00
-1.434265851974487305e+00
-1.442342162132263184e+00
-1.455172657966613770e+00
-1.460688233375549316e+00
-1.464338898658752441e+00
-1.467990636825561523e+00
-1.471651911735534668e+00
-1.475335717201232910e+00
-1.480617165565490723e+00
-1.486671209335327148e+00
-1.491562128067016602e+00
-1.495974659919738770e+00
-1.499982714653015137e+00
-1.504445433616638184e+00
-1.501193404197692871e+00
-1.488270401954650879e+00
-1.469055533409118652e+00
-1.449809908866882324e+00
-1.430633664131164551e+00
-1.413223862648010254e+00
-1.401947140693664551e+00
-1.395121216773986816e+00
-1.391999363899230957e+00
-1.394648909568786621e+00
-1.399416804313659668e+00
-1.402754902839660645e+00
-1.401735663414001465e+00
-1.399693846702575684e+00
-1.399333357810974121e+00
-1.407056212425231934e+00
-1.420383095741271973e+00
-1.431900978088378906e+00
-1.435526967048645020e+00
-1.437880396842956543e+00
-1.440233349800109863e+00
-1.442587018013000488e+00
-1.444940328598022461e+00
-1.450050830841064453e+00
-1.461874365806579590e+00
-1.473697781562805176e+00
-1.471564888954162598e+00
-1.464342236518859863e+00
-1.457119464874267578e+00
-1.450136184692382812e+00
-1.443857789039611816e+00
-1.446202158927917480e+00
-1.450448632240295410e+00
-1.454773902893066406e+00
-1.550936102867126465e+00
-1.531820654869079590e+00
-1.512716531753540039e+00
-1.501034736633300781e+00
-1.493611454963684082e+00
-1.486188173294067383e+00
-1.478765130043029785e+00
-1.471342086791992188e+00
-1.463920712471008301e+00
-1.456497073173522949e+00
-1.449073433876037598e+00
-1.441549181938171387e+00
-1.432867169380187988e+00
-1.424185276031494141e+00
-1.415503144264221191e+00
-1.406822204589843750e+00
-1.398140788078308105e+00
-1.389458417892456055e+00
-1.384564518928527832e+00
-1.387633919715881348e+00
-1.396364331245422363e+00
-1.405222415924072266e+00
-1.414079904556274414e+00
-1.422937273979187012e+00
-1.431795239448547363e+00
-1.440651774406433105e+00
-1.449621081352233887e+00
-1.457429289817810059e+00
-1.465910673141479492e+00
-1.472659587860107422e+00
-1.479409575462341309e+00
-1.484051108360290527e+00
-1.482111811637878418e+00
-1.473795771598815918e+00
-1.464939475059509277e+00
-1.454864382743835449e+00
-1.444494128227233887e+00
-1.434124112129211426e+00
-1.423753142356872559e+00
-1.413383007049560547e+00
-1.403011679649353027e+00
-1.392618536949157715e+00
-1.383883953094482422e+00
-1.376698136329650879e+00
-1.369767308235168457e+00
-1.363648533821105957e+00
-1.372987866401672363e+00
-1.384544730186462402e+00
-1.395066380500793457e+00
-1.404266238212585449e+00
-1.399752020835876465e+00
-1.389860987663269043e+00
-1.379970192909240723e+00
-1.371387600898742676e+00
-1.357539415359497070e+00
-1.343264937400817871e+00
-1.328544497489929199e+00
-1.327826976776123047e+00
-1.331900238990783691e+00
-1.335973143577575684e+00
-1.340158343315124512e+00
-1.345150232315063477e+00
-1.352840900421142578e+00
-1.358268141746520996e+00
-1.358213305473327637e+00
-1.364142775535583496e+00
-1.371190309524536133e+00
-1.378642439842224121e+00
-1.387622594833374023e+00
-1.396602272987365723e+00
-1.405556559562683105e+00
-1.413973212242126465e+00
-1.422389864921569824e+00
-1.430061936378479004e+00
-1.436984896659851074e+00
-1.437596440315246582e+00
-1.437966585159301758e+00
-1.438335776329040527e+00
-1.438863158226013184e+00
-1.440913319587707520e+00
-1.442963719367980957e+00
-1.448301315307617188e+00
-1.458639144897460938e+00
-1.458409547805786133e+00
-1.461752772331237793e+00
-1.465403795242309570e+00
-1.469055056571960449e+00
-1.472733616828918457e+00
-1.476473927497863770e+00
-1.482581019401550293e+00
-1.487649321556091309e+00
-1.492364287376403809e+00
-1.496845841407775879e+00
-1.500913023948669434e+00
-1.507493376731872559e+00
-1.504288554191589355e+00
-1.485860586166381836e+00
-1.466615080833435059e+00
-1.447287201881408691e+00
-1.428129553794860840e+00
-1.412395000457763672e+00
-1.400669097900390625e+00
-1.391860842704772949e+00
-1.389225602149963379e+00
-1.392631888389587402e+00
-1.397780060768127441e+00
-1.398438215255737305e+00
-1.396693468093872070e+00
-1.394653081893920898e+00
-1.393586397171020508e+00
-1.401395559310913086e+00
-1.413802266120910645e+00
-1.425151348114013672e+00
-1.429061532020568848e+00
-1.431414484977722168e+00
-1.433768153190612793e+00
-1.436121463775634766e+00
-1.438474297523498535e+00
-1.448716044425964355e+00
-1.460539698600769043e+00
-1.471786618232727051e+00
-1.468452334403991699e+00
-1.461229443550109863e+00
-1.454093575477600098e+00
-1.452324509620666504e+00
-1.455579042434692383e+00
-1.459422349929809570e+00
-1.463747620582580566e+00
-1.468073010444641113e+00
-1.537431597709655762e+00
-1.521559953689575195e+00
-1.505688786506652832e+00
-1.493454933166503906e+00
-1.485724210739135742e+00
-1.478289961814880371e+00
-1.470867037773132324e+00
-1.463443160057067871e+00
-1.456019759178161621e+00
-1.448597073554992676e+00
-1.441174387931823730e+00
-1.433751463890075684e+00
-1.425469756126403809e+00
-1.416788697242736816e+00
-1.408106207847595215e+00
-1.399424672126770020e+00
-1.390743017196655273e+00
-1.382032990455627441e+00
-1.379970431327819824e+00
-1.382988095283508301e+00
-1.391962528228759766e+00
-1.400978207588195801e+00
-1.409835696220397949e+00
-1.418693184852600098e+00
-1.427550911903381348e+00
-1.436409592628479004e+00
-1.445265889167785645e+00
-1.453941226005554199e+00
-1.458853125572204590e+00
-1.458316206932067871e+00
-1.464663505554199219e+00
-1.470973253250122070e+00
-1.472776770591735840e+00
-1.465335249900817871e+00
-1.455104470252990723e+00
-1.444734096527099609e+00
-1.434363245964050293e+00
-1.423993229866027832e+00
-1.413622498512268066e+00
-1.403252243995666504e+00
-1.392881512641906738e+00
-1.382511258125305176e+00
-1.372140645980834961e+00
-1.363986968994140625e+00
-1.356889963150024414e+00
-1.350409507751464844e+00
-1.347353100776672363e+00
-1.360490441322326660e+00
-1.369370818138122559e+00
-1.377714872360229492e+00
-1.372025609016418457e+00
-1.362170577049255371e+00
-1.352279782295227051e+00
-1.343431353569030762e+00
-1.334816098213195801e+00
-1.320725560188293457e+00
-1.322104096412658691e+00
-1.324591159820556641e+00
-1.327173590660095215e+00
-1.331527590751647949e+00
-1.336288332939147949e+00
-1.341724753379821777e+00
-1.354253292083740234e+00
-1.365061402320861816e+00
-1.370457768440246582e+00
-1.377505421638488770e+00
-1.384552717208862305e+00
-1.392968058586120605e+00
-1.401947736740112305e+00
-1.410927891731262207e+00
-1.419907689094543457e+00
-1.428324580192565918e+00
-1.436741590499877930e+00
-1.444100975990295410e+00
-1.448715448379516602e+00
-1.449085593223571777e+00
-1.449455618858337402e+00
-1.449825644493103027e+00
-1.450195312500000000e+00
-1.451661705970764160e+00
-1.454260587692260742e+00
-1.459967613220214844e+00
-1.459622263908386230e+00
-1.459422230720520020e+00
-1.462817549705505371e+00
-1.466468453407287598e+00
-1.470131754875183105e+00
-1.473815560340881348e+00
-1.477692484855651855e+00
-1.483077168464660645e+00
-1.488461375236511230e+00
-1.493095159530639648e+00
-1.497677803039550781e+00
-1.502843737602233887e+00
-1.512004971504211426e+00
-1.502665758132934570e+00
-1.483420252799987793e+00
-1.464093685150146484e+00
-1.444745182991027832e+00
-1.425238966941833496e+00
-1.410773396492004395e+00
-1.398220419883728027e+00
-1.387229323387145996e+00
-1.386239409446716309e+00
-1.391465783119201660e+00
-1.394816040992736816e+00
-1.393775463104248047e+00
-1.391651391983032227e+00
-1.389612555503845215e+00
-1.387675881385803223e+00
-1.395703315734863281e+00
-1.407052874565124512e+00
-1.418401956558227539e+00
-1.422596096992492676e+00
-1.424949049949645996e+00
-1.427302002906799316e+00
-1.429655313491821289e+00
-1.435557246208190918e+00
-1.447380661964416504e+00
-1.459204077720642090e+00
-1.469000697135925293e+00
-1.465338945388793945e+00
-1.459485292434692383e+00
-1.461701273918151855e+00
-1.464956521987915039e+00
-1.468396306037902832e+00
-1.472721695899963379e+00
-1.477046608924865723e+00
-1.481371760368347168e+00
-1.532477498054504395e+00
-1.516605496406555176e+00
-1.500733733177185059e+00
-1.486193537712097168e+00
-1.478463172912597656e+00
-1.470733046531677246e+00
-1.463002085685729980e+00
-1.455543875694274902e+00
-1.448120117187500000e+00
-1.440698027610778809e+00
-1.433274149894714355e+00
-1.425851941108703613e+00
-1.418072581291198730e+00
-1.409390926361083984e+00
-1.400709271430969238e+00
-1.392028093338012695e+00
-1.383346199989318848e+00
-1.374590039253234863e+00
-1.375357627868652344e+00
-1.377784967422485352e+00
-1.385810732841491699e+00
-1.395627260208129883e+00
-1.405494809150695801e+00
-1.414449810981750488e+00
-1.423307061195373535e+00
-1.432164311408996582e+00
-1.441022515296936035e+00
-1.449880123138427734e+00
-1.456023216247558594e+00
-1.453067660331726074e+00
-1.449571132659912109e+00
-1.453075289726257324e+00
-1.456853985786437988e+00
-1.454311966896057129e+00
-1.444749593734741211e+00
-1.434568643569946289e+00
-1.424233436584472656e+00
-1.413862586021423340e+00
-1.403491497039794922e+00
-1.393121480941772461e+00
-1.382750868797302246e+00
-1.372380375862121582e+00
-1.362010121345520020e+00
-1.351639628410339355e+00
-1.343977808952331543e+00
-1.336970686912536621e+00
-1.330761075019836426e+00
-1.334329962730407715e+00
-1.345355629920959473e+00
-1.353978037834167480e+00
-1.344635605812072754e+00
-1.333548426628112793e+00
-1.323296427726745605e+00
-1.314431548118591309e+00
-1.309689402580261230e+00
-1.315654993057250977e+00
-1.318735241889953613e+00
-1.321736454963684082e+00
-1.324846267700195312e+00
-1.328135609626770020e+00
-1.332657217979431152e+00
-1.339632868766784668e+00
-1.354906201362609863e+00
-1.370294213294982910e+00
-1.383517622947692871e+00
-1.390867948532104492e+00
-1.398313999176025391e+00
-1.407293677330017090e+00
-1.416273832321166992e+00
-1.425253748893737793e+00
-1.434233307838439941e+00
-1.442676424980163574e+00
-1.451012372970581055e+00
-1.458061814308166504e+00
-1.460205197334289551e+00
-1.460575461387634277e+00
-1.460945487022399902e+00
-1.461315274238586426e+00
-1.461684823036193848e+00
-1.462409734725952148e+00
-1.461296439170837402e+00
-1.460950613021850586e+00
-1.460605025291442871e+00
-1.460434675216674805e+00
-1.463881969451904297e+00
-1.467532873153686523e+00
-1.470584034919738770e+00
-1.472986578941345215e+00
-1.478187918663024902e+00
-1.483572602272033691e+00
-1.488830685615539551e+00
-1.493826389312744141e+00
-1.498503565788269043e+00
-1.505700230598449707e+00
-1.511387944221496582e+00
-1.500225067138671875e+00
-1.480900168418884277e+00
-1.461198925971984863e+00
-1.441416144371032715e+00
-1.421380639076232910e+00
-1.407734990119934082e+00
-1.395094037055969238e+00
-1.382598042488098145e+00
-1.384680747985839844e+00
-1.389860749244689941e+00
-1.390499353408813477e+00
-1.388733744621276855e+00
-1.386609673500061035e+00
-1.383342742919921875e+00
-1.381779789924621582e+00
-1.388953566551208496e+00
-1.400303244590759277e+00
-1.411652684211730957e+00
-1.416130185127258301e+00
-1.418483138084411621e+00
-1.420836806297302246e+00
-1.423189520835876465e+00
-1.434222459793090820e+00
-1.446046233177185059e+00
-1.457874178886413574e+00
-1.466546893119812012e+00
-1.468040823936462402e+00
-1.471078753471374512e+00
-1.474333643913269043e+00
-1.477588772773742676e+00
-1.481695294380187988e+00
-1.486020684242248535e+00
-1.490345835685729980e+00
-1.495023250579833984e+00
-1.527523040771484375e+00
-1.511651158332824707e+00
-1.495779633522033691e+00
-1.479908347129821777e+00
-1.471201896667480469e+00
-1.463471531867980957e+00
-1.455740809440612793e+00
-1.448010921478271484e+00
-1.440279364585876465e+00
-1.432798743247985840e+00
-1.425374865531921387e+00
-1.417951107025146484e+00
-1.410526037216186523e+00
-1.401993155479431152e+00
-1.393312335014343262e+00
-1.384630084037780762e+00
-1.375948071479797363e+00
-1.368424057960510254e+00
-1.370743393898010254e+00
-1.373063206672668457e+00
-1.380583882331848145e+00
-1.389390587806701660e+00
-1.399273037910461426e+00
-1.409155488014221191e+00
-1.419025421142578125e+00
-1.427920937538146973e+00
-1.436544299125671387e+00
-1.443887114524841309e+00
-1.449359774589538574e+00
-1.446216344833374023e+00
-1.442116618156433105e+00
-1.438530921936035156e+00
-1.439276576042175293e+00
-1.441184401512145996e+00
-1.434344887733459473e+00
-1.424164772033691406e+00
-1.413983225822448730e+00
-1.403731465339660645e+00
-1.393361449241638184e+00
-1.382990241050720215e+00
-1.372619986534118652e+00
-1.362249255180358887e+00
-1.351879715919494629e+00
-1.341508865356445312e+00
-1.331625819206237793e+00
-1.323968052864074707e+00
-1.317143678665161133e+00
-1.310767650604248047e+00
-1.319395422935485840e+00
-1.329207658767700195e+00
-1.321028470993041992e+00
-1.307629704475402832e+00
-1.294618248939514160e+00
-1.289712786674499512e+00
-1.298509716987609863e+00
-1.309872746467590332e+00
-1.314999699592590332e+00
-1.318992257118225098e+00
-1.322397112846374512e+00
-1.325686931610107422e+00
-1.329086899757385254e+00
-1.339508652687072754e+00
-1.354870557785034180e+00
-1.374734997749328613e+00
-1.393754839897155762e+00
-1.403808712959289551e+00
-1.412307143211364746e+00
-1.421375632286071777e+00
-1.430444478988647461e+00
-1.439512610435485840e+00
-1.448559045791625977e+00
-1.456943631172180176e+00
-1.465042352676391602e+00
-1.471325278282165527e+00
-1.471694827079772949e+00
-1.472064852714538574e+00
-1.472434401512145996e+00
-1.472804665565490723e+00
-1.469965457916259766e+00
-1.463011026382446289e+00
-1.462279438972473145e+00
-1.461933374404907227e+00
-1.461587786674499512e+00
-1.461446881294250488e+00
-1.464916348457336426e+00
-1.467306017875671387e+00
-1.469708323478698730e+00
-1.473299622535705566e+00
-1.478683590888977051e+00
-1.484002590179443359e+00
-1.489196658134460449e+00
-1.494390726089477539e+00
-1.500323891639709473e+00
-1.506636619567871094e+00
-1.509165167808532715e+00
-1.497484087944030762e+00
-1.477665305137634277e+00
-1.457358956336975098e+00
-1.436766028404235840e+00
-1.417249441146850586e+00
-1.404608607292175293e+00
-1.391967535018920898e+00
-1.380231857299804688e+00
-1.383514523506164551e+00
-1.386877179145812988e+00
-1.385815024375915527e+00
-1.383691191673278809e+00
-1.381446003913879395e+00
-1.377047181129455566e+00
-1.375651478767395020e+00
-1.382220149040222168e+00
-1.393553733825683594e+00
-1.404902815818786621e+00
-1.409664511680603027e+00
-1.412017464637756348e+00
-1.414370775222778320e+00
-1.421064019203186035e+00
-1.432887434959411621e+00
-1.444710850715637207e+00
-1.460050463676452637e+00
-1.475327014923095703e+00
-1.480456233024597168e+00
-1.483710885047912598e+00
-1.486965656280517578e+00
-1.490796089172363281e+00
-1.495485663414001465e+00
-1.500174999237060547e+00
-1.504864811897277832e+00
-1.509553790092468262e+00
-1.524871587753295898e+00
-1.507234692573547363e+00
-1.490825295448303223e+00
-1.474953651428222656e+00
-1.463942527770996094e+00
-1.456211447715759277e+00
-1.448480606079101562e+00
-1.440749883651733398e+00
-1.433019876480102539e+00
-1.425288319587707520e+00
-1.417558312416076660e+00
-1.410052895545959473e+00
-1.402629256248474121e+00
-1.394596219062805176e+00
-1.385915160179138184e+00
-1.377232670783996582e+00
-1.368547081947326660e+00
-1.363810181617736816e+00
-1.366130352020263672e+00
-1.368450045585632324e+00
-1.375357985496520996e+00
-1.383555650711059570e+00
-1.393036007881164551e+00
-1.402919173240661621e+00
-1.411380410194396973e+00
-1.419749855995178223e+00
-1.428084969520568848e+00
-1.435429573059082031e+00
-1.441179394721984863e+00
-1.439061284065246582e+00
-1.435458779335021973e+00
-1.431325078010559082e+00
-1.427532434463500977e+00
-1.424811482429504395e+00
-1.423136234283447266e+00
-1.413759589195251465e+00
-1.403578400611877441e+00
-1.393397331237792969e+00
-1.383216023445129395e+00
-1.372859835624694824e+00
-1.362489581108093262e+00
-1.352118492126464844e+00
-1.341748595237731934e+00
-1.331378340721130371e+00
-1.321007609367370605e+00
-1.311614155769348145e+00
-1.303959131240844727e+00
-1.297092080116271973e+00
-1.293386697769165039e+00
-1.300850033760070801e+00
-1.295044302940368652e+00
-1.283535838127136230e+00
-1.278012871742248535e+00
-1.282693982124328613e+00
-1.287541031837463379e+00
-1.299645066261291504e+00
-1.312047958374023438e+00
-1.316039800643920898e+00
-1.319948554039001465e+00
-1.323238253593444824e+00
-1.326836943626403809e+00
-1.340552926063537598e+00
-1.356305241584777832e+00
-1.378770112991333008e+00
-1.401045083999633789e+00
-1.415727257728576660e+00
-1.425773859024047852e+00
-1.434842228889465332e+00
-1.443910479545593262e+00
-1.452979564666748047e+00
-1.461960434913635254e+00
-1.470392346382141113e+00
-1.478344321250915527e+00
-1.482244491577148438e+00
-1.482703447341918945e+00
-1.483161807060241699e+00
-1.483620762825012207e+00
-1.476239442825317383e+00
-1.466635584831237793e+00
-1.464698195457458496e+00
-1.463261842727661133e+00
-1.462916254997253418e+00
-1.462570786476135254e+00
-1.461759090423583984e+00
-1.464029192924499512e+00
-1.466430068016052246e+00
-1.468832612037658691e+00
-1.473795294761657715e+00
-1.479174733161926270e+00
-1.484368801116943359e+00
-1.489563107490539551e+00
-1.494887232780456543e+00
-1.501396536827087402e+00
-1.504300951957702637e+00
-1.506303429603576660e+00
-1.493865847587585449e+00
-1.473131775856018066e+00
-1.452397704124450684e+00
-1.431864619255065918e+00
-1.414123177528381348e+00
-1.401481986045837402e+00
-1.388841390609741211e+00
-1.379743933677673340e+00
-1.381940722465515137e+00
-1.382560253143310547e+00
-1.380773186683654785e+00
-1.378649353981018066e+00
-1.375148892402648926e+00
-1.370751500129699707e+00
-1.368666529655456543e+00
-1.375494599342346191e+00
-1.386803865432739258e+00
-1.398153305053710938e+00
-1.403198719024658203e+00
-1.405552268028259277e+00
-1.407905340194702148e+00
-1.419728636741638184e+00
-1.433208346366882324e+00
-1.450548768043518066e+00
-1.471534848213195801e+00
-1.488249182701110840e+00
-1.493355154991149902e+00
-1.496974110603332520e+00
-1.500637531280517578e+00
-1.505326986312866211e+00
-1.510016560554504395e+00
-1.514706611633300781e+00
-1.519395470619201660e+00
-1.524041056632995605e+00
-1.530401349067687988e+00
-1.511769890785217285e+00
-1.493140220642089844e+00
-1.475070953369140625e+00
-1.460735082626342773e+00
-1.451986670494079590e+00
-1.443238019943237305e+00
-1.434489369392395020e+00
-1.425773024559020996e+00
-1.418027520179748535e+00
-1.410297393798828125e+00
-1.402566790580749512e+00
-1.394836306571960449e+00
-1.387198805809020996e+00
-1.378518223762512207e+00
-1.369836211204528809e+00
-1.361103892326354980e+00
-1.359196782112121582e+00
-1.361515641212463379e+00
-1.363835930824279785e+00
-1.370133042335510254e+00
-1.377236127853393555e+00
-1.384191632270812988e+00
-1.392560124397277832e+00
-1.400930166244506836e+00
-1.409299492835998535e+00
-1.417668461799621582e+00
-1.426036953926086426e+00
-1.432999730110168457e+00
-1.431067943572998047e+00
-1.428630828857421875e+00
-1.424701213836669922e+00
-1.420567035675048828e+00
-1.416582107543945312e+00
-1.411477923393249512e+00
-1.403355002403259277e+00
-1.393173456192016602e+00
-1.382992744445800781e+00
-1.372811317443847656e+00
-1.362630248069763184e+00
-1.352358698844909668e+00
-1.341988444328308105e+00
-1.331617951393127441e+00
-1.321247458457946777e+00
-1.310876727104187012e+00
-1.300506472587585449e+00
-1.291587114334106445e+00
-1.283253788948059082e+00
-1.274691820144653320e+00
-1.272265315055847168e+00
-1.267543911933898926e+00
-1.267546296119689941e+00
-1.273426413536071777e+00
-1.278492093086242676e+00
-1.283887505531311035e+00
-1.292132377624511719e+00
-1.302778840065002441e+00
-1.313087582588195801e+00
-1.317080616950988770e+00
-1.320789456367492676e+00
-1.328604578971862793e+00
-1.342380404472351074e+00
-1.362039446830749512e+00
-1.382918477058410645e+00
-1.405268788337707520e+00
-1.426628351211547852e+00
-1.439070105552673340e+00
-1.448309183120727539e+00
-1.457377672195434570e+00
-1.466355323791503906e+00
-1.475272059440612793e+00
-1.483729481697082520e+00
-1.491443037986755371e+00
-1.492874741554260254e+00
-1.493333458900451660e+00
-1.493792057037353516e+00
-1.481780767440795898e+00
-1.469523549079895020e+00
-1.467501044273376465e+00
-1.465563535690307617e+00
-1.463626265525817871e+00
-1.463085532188415527e+00
-1.461547851562500000e+00
-1.460272908210754395e+00
-1.462700009346008301e+00
-1.465191364288330078e+00
-1.468631982803344727e+00
-1.474105477333068848e+00
-1.479444622993469238e+00
-1.484727025032043457e+00
-1.489929080009460449e+00
-1.496349215507507324e+00
-1.498325943946838379e+00
-1.501073360443115234e+00
-1.502209186553955078e+00
-1.488904595375061035e+00
-1.468170523643493652e+00
-1.447446227073669434e+00
-1.427008986473083496e+00
-1.410996556282043457e+00
-1.398355841636657715e+00
-1.386420130729675293e+00
-1.379933595657348633e+00
-1.378938198089599609e+00
-1.377855420112609863e+00
-1.375731348991394043e+00
-1.373338222503662109e+00
-1.368851780891418457e+00
-1.364024043083190918e+00
-1.361681342124938965e+00
-1.368769049644470215e+00
-1.380076289176940918e+00
-1.391403675079345703e+00
-1.396733164787292480e+00
-1.399086594581604004e+00
-1.406748771667480469e+00
-1.423292756080627441e+00
-1.442799210548400879e+00
-1.465031027793884277e+00
-1.485075354576110840e+00
-1.502675175666809082e+00
-1.507218837738037109e+00
-1.510837912559509277e+00
-1.515168309211730957e+00
-1.519857883453369141e+00
-1.524547457695007324e+00
-1.529237508773803711e+00
-1.533926606178283691e+00
-1.536609768867492676e+00
-1.535734295845031738e+00
-1.517300605773925781e+00
-1.498670101165771484e+00
-1.480040788650512695e+00
-1.461657881736755371e+00
-1.452823281288146973e+00
-1.444075345993041992e+00
-1.435327649116516113e+00
-1.426579117774963379e+00
-1.417831540107727051e+00
-1.409082889556884766e+00
-1.400334239006042480e+00
-1.391586899757385254e+00
-1.382836222648620605e+00
-1.373227119445800781e+00
-1.363399386405944824e+00
-1.353672742843627930e+00
-1.354583859443664551e+00
-1.356137633323669434e+00
-1.356944203376770020e+00
-1.361124396324157715e+00
-1.367796301841735840e+00
-1.374478340148925781e+00
-1.382109522819519043e+00
-1.390479207038879395e+00
-1.398847937583923340e+00
-1.407217025756835938e+00
-1.415586113929748535e+00
-1.422917485237121582e+00
-1.422196984291076660e+00
-1.420637726783752441e+00
-1.418078064918518066e+00
-1.413943886756896973e+00
-1.409809470176696777e+00
-1.405324339866638184e+00
-1.396643042564392090e+00
-1.382768511772155762e+00
-1.372588157653808594e+00
-1.362406849861145020e+00
-1.352225899696350098e+00
-1.342044591903686523e+00
-1.331857800483703613e+00
-1.321486830711364746e+00
-1.311116814613342285e+00
-1.300746202468872070e+00
-1.290375947952270508e+00
-1.279331803321838379e+00
-1.269839644432067871e+00
-1.260311007499694824e+00
-1.244996309280395508e+00
-1.252814650535583496e+00
-1.259630680084228516e+00
-1.267486810684204102e+00
-1.275008320808410645e+00
-1.280403614044189453e+00
-1.287659049034118652e+00
-1.297642111778259277e+00
-1.307625055313110352e+00
-1.314128518104553223e+00
-1.318121075630187988e+00
-1.330432653427124023e+00
-1.347229838371276855e+00
-1.368108630180358887e+00
-1.388987183570861816e+00
-1.410253167152404785e+00
-1.433854937553405762e+00
-1.450981616973876953e+00
-1.461641430854797363e+00
-1.470749974250793457e+00
-1.479666948318481445e+00
-1.488583803176879883e+00
-1.497067093849182129e+00
-1.503046870231628418e+00
-1.503505587577819824e+00
-1.499952793121337891e+00
-1.487321496009826660e+00
-1.474690556526184082e+00
-1.470303654670715332e+00
-1.468366265296936035e+00
-1.466428875923156738e+00
-1.463720321655273438e+00
-1.461252093315124512e+00
-1.459713697433471680e+00
-1.458474040031433105e+00
-1.460965275764465332e+00
-1.463456869125366211e+00
-1.468268990516662598e+00
-1.473668694496154785e+00
-1.478951573371887207e+00
-1.484234571456909180e+00
-1.489335894584655762e+00
-1.491351246833801270e+00
-1.493396162986755371e+00
-1.495711684226989746e+00
-1.496877551078796387e+00
-1.483609557151794434e+00
-1.462964177131652832e+00
-1.442389130592346191e+00
-1.422183752059936523e+00
-1.407870173454284668e+00
-1.395293354988098145e+00
-1.384452939033508301e+00
-1.379896759986877441e+00
-1.374621748924255371e+00
-1.372813224792480469e+00
-1.370688915252685547e+00
-1.367041230201721191e+00
-1.362555384635925293e+00
-1.356639623641967773e+00
-1.354696512222290039e+00
-1.362043499946594238e+00
-1.373351216316223145e+00
-1.384658455848693848e+00
-1.390267491340637207e+00
-1.397014498710632324e+00
-1.414206624031066895e+00
-1.435927510261535645e+00
-1.457748889923095703e+00
-1.480678200721740723e+00
-1.499598622322082520e+00
-1.517198204994201660e+00
-1.521082997322082520e+00
-1.525009632110595703e+00
-1.529698848724365234e+00
-1.534388899803161621e+00
-1.539078474044799805e+00
-1.543768048286437988e+00
-1.547114253044128418e+00
-1.549178600311279297e+00
-1.540896534919738770e+00
-1.522755384445190430e+00
-1.504199862480163574e+00
-1.485570430755615234e+00
-1.466938734054565430e+00
-1.454392313957214355e+00
-1.444912552833557129e+00
-1.436164975166320801e+00
-1.427416920661926270e+00
-1.418668150901794434e+00
-1.409921050071716309e+00
-1.401171803474426270e+00
-1.392424941062927246e+00
-1.383676409721374512e+00
-1.374567151069641113e+00
-1.364122748374938965e+00
-1.353891730308532715e+00
-1.353527426719665527e+00
-1.353315711021423340e+00
-1.353105187416076660e+00
-1.355677962303161621e+00
-1.361310362815856934e+00
-1.366975426673889160e+00
-1.372641444206237793e+00
-1.380036711692810059e+00
-1.388397336006164551e+00
-1.396765828132629395e+00
-1.405135273933410645e+00
-1.412744164466857910e+00
-1.412210702896118164e+00
-1.410800337791442871e+00
-1.409388899803161621e+00
-1.407319545745849609e+00
-1.403185725212097168e+00
-1.399051070213317871e+00
-1.393389582633972168e+00
-1.379752278327941895e+00
-1.362240672111511230e+00
-1.352002501487731934e+00
-1.341820836067199707e+00
-1.331639885902404785e+00
-1.321458816528320312e+00
-1.311277985572814941e+00
-1.300986170768737793e+00
-1.290367960929870605e+00
-1.279368281364440918e+00
-1.268237590789794922e+00
-1.256790995597839355e+00
-1.247125267982482910e+00
-1.244362831115722656e+00
-1.245046973228454590e+00
-1.252662539482116699e+00
-1.260789990425109863e+00
-1.269183039665222168e+00
-1.277003645896911621e+00
-1.283333659172058105e+00
-1.293168902397155762e+00
-1.303151726722717285e+00
-1.313134551048278809e+00
-1.318897485733032227e+00
-1.332398891448974609e+00
-1.353298783302307129e+00
-1.374177455902099609e+00
-1.395072579383850098e+00
-1.417284607887268066e+00
-1.440096259117126465e+00
-1.460992932319641113e+00
-1.474430084228515625e+00
-1.483963251113891602e+00
-1.492978692054748535e+00
-1.501895427703857422e+00
-1.510403990745544434e+00
-1.513677597045898438e+00
-1.505493998527526855e+00
-1.492862701416015625e+00
-1.480231642723083496e+00
-1.473106384277343750e+00
-1.471168756484985352e+00
-1.469065427780151367e+00
-1.465846896171569824e+00
-1.462628006935119629e+00
-1.459418773651123047e+00
-1.457880496978759766e+00
-1.456739544868469238e+00
-1.459230780601501465e+00
-1.462432146072387695e+00
-1.467893242835998535e+00
-1.473176121711730957e+00
-1.478224158287048340e+00
-1.483058333396911621e+00
-1.485167741775512695e+00
-1.484974026679992676e+00
-1.487289309501647949e+00
-1.489604830741882324e+00
-1.491064667701721191e+00
-1.477789521217346191e+00
-1.457144260406494141e+00
-1.436628580093383789e+00
-1.416629791259765625e+00
-1.403906583786010742e+00
-1.392577767372131348e+00
-1.383136391639709473e+00
-1.377809166908264160e+00
-1.369412779808044434e+00
-1.367377877235412598e+00
-1.364926099777221680e+00
-1.360528826713562012e+00
-1.355499386787414551e+00
-1.349216818809509277e+00
-1.347710967063903809e+00
-1.355317950248718262e+00
-1.366946578025817871e+00
-1.380561470985412598e+00
-1.391515135765075684e+00
-1.407335400581359863e+00
-1.429056048393249512e+00
-1.450776696205139160e+00
-1.473137736320495605e+00
-1.496521472930908203e+00
-1.514121413230895996e+00
-1.531327605247497559e+00
-1.534946799278259277e+00
-1.539540410041809082e+00
-1.544230103492736816e+00
-1.548919796943664551e+00
-1.553609013557434082e+00
-1.557618975639343262e+00
-1.559683203697204590e+00
-1.561747074127197266e+00
-1.545687794685363770e+00
-1.527825355529785156e+00
-1.509723901748657227e+00
-1.491099476814270020e+00
-1.472469449043273926e+00
-1.457615733146667480e+00
-1.447126269340515137e+00
-1.437001585960388184e+00
-1.428254723548889160e+00
-1.419505953788757324e+00
-1.410757184028625488e+00
-1.402009844779968262e+00
-1.393151164054870605e+00
-1.382888436317443848e+00
-1.372519850730895996e+00
-1.361220836639404297e+00
-1.353799581527709961e+00
-1.353281855583190918e+00
-1.352762103080749512e+00
-1.352375030517578125e+00
-1.354356884956359863e+00
-1.359968066215515137e+00
-1.365633368492126465e+00
-1.371298789978027344e+00
-1.377576947212219238e+00
-1.384929060935974121e+00
-1.392280578613281250e+00
-1.399632811546325684e+00
-1.406502366065979004e+00
-1.405138134956359863e+00
-1.402710080146789551e+00
-1.400281667709350586e+00
-1.397996306419372559e+00
-1.395800590515136719e+00
-1.392427802085876465e+00
-1.388293862342834473e+00
-1.379415631294250488e+00
-1.361851572990417480e+00
-1.343900799751281738e+00
-1.331416487693786621e+00
-1.321235418319702148e+00
-1.311054110527038574e+00
-1.300872683525085449e+00
-1.290168642997741699e+00
-1.279332280158996582e+00
-1.268332839012145996e+00
-1.257143735885620117e+00
-1.247445225715637207e+00
-1.252202391624450684e+00
-1.249078392982482910e+00
-1.244515895843505859e+00
-1.245741486549377441e+00
-1.254093527793884277e+00
-1.262486815452575684e+00
-1.271206974983215332e+00
-1.280093669891357422e+00
-1.288695693016052246e+00
-1.298678517341613770e+00
-1.308661341667175293e+00
-1.325512528419494629e+00
-1.341445565223693848e+00
-1.359865307807922363e+00
-1.380246520042419434e+00
-1.401505589485168457e+00
-1.424317002296447754e+00
-1.447128057479858398e+00
-1.469563126564025879e+00
-1.485982537269592285e+00
-1.496959090232849121e+00
-1.506228208541870117e+00
-1.515207052230834961e+00
-1.523389935493469238e+00
-1.511035084724426270e+00
-1.498403906822204590e+00
-1.485772728919982910e+00
-1.475914597511291504e+00
-1.473971962928771973e+00
-1.471192121505737305e+00
-1.467973232269287109e+00
-1.464754700660705566e+00
-1.461535811424255371e+00
-1.458317160606384277e+00
-1.456048607826232910e+00
-1.455004692077636719e+00
-1.457496285438537598e+00
-1.462068915367126465e+00
-1.467274785041809082e+00
-1.472108483314514160e+00
-1.476648211479187012e+00
-1.479303002357482910e+00
-1.476985096931457520e+00
-1.478866934776306152e+00
-1.481182456016540527e+00
-1.483497858047485352e+00
-1.485096454620361328e+00
-1.471969485282897949e+00
-1.451323866844177246e+00
-1.430868387222290039e+00
-1.412473201751708984e+00
-1.400503993034362793e+00
-1.389751911163330078e+00
-1.382014632225036621e+00
-1.374138474464416504e+00
-1.363917469978332520e+00
-1.361476540565490723e+00
-1.357770562171936035e+00
-1.353373408317565918e+00
-1.347350955009460449e+00
-1.341433882713317871e+00
-1.340742588043212891e+00
-1.349527359008789062e+00
-1.366008877754211426e+00
-1.382490038871765137e+00
-1.400021910667419434e+00
-1.421820521354675293e+00
-1.443629860877990723e+00
-1.465588212013244629e+00
-1.489327549934387207e+00
-1.511036038398742676e+00
-1.528644680976867676e+00
-1.545191645622253418e+00
-1.549381732940673828e+00
-1.554072022438049316e+00
-1.558761239051818848e+00
-1.563450694084167480e+00
-1.568123459815979004e+00
-1.570162892341613770e+00
-1.571222424507141113e+00
-1.570015192031860352e+00
-1.548653006553649902e+00
-1.533079266548156738e+00
-1.514704346656799316e+00
-1.496483564376831055e+00
-1.477939605712890625e+00
-1.460838794708251953e+00
-1.450349211692810059e+00
-1.439860701560974121e+00
-1.429371237754821777e+00
-1.420342564582824707e+00
-1.410298347473144531e+00
-1.400035977363586426e+00
-1.389774441719055176e+00
-1.379512429237365723e+00
-1.369248628616333008e+00
-1.358301043510437012e+00
-1.353709578514099121e+00
-1.353190779685974121e+00
-1.352672219276428223e+00
-1.352151751518249512e+00
-1.353237032890319824e+00
-1.358626484870910645e+00
-1.364291310310363770e+00
-1.369957089424133301e+00
-1.375622153282165527e+00
-1.382575750350952148e+00
-1.389927506446838379e+00
-1.397278904914855957e+00
-1.404426813125610352e+00
-1.403249859809875488e+00
-1.400821208953857422e+00
-1.398392438888549805e+00
-1.395964503288269043e+00
-1.393535971641540527e+00
-1.390001058578491211e+00
-1.385874629020690918e+00
-1.380594372749328613e+00
-1.365885615348815918e+00
-1.345931410789489746e+00
-1.326839208602905273e+00
-1.310832381248474121e+00
-1.300478816032409668e+00
-1.289668798446655273e+00
-1.278858542442321777e+00
-1.268048644065856934e+00
-1.257238626480102539e+00
-1.250551581382751465e+00
-1.256148576736450195e+00
-1.261453986167907715e+00
-1.254556536674499512e+00
-1.249487161636352539e+00
-1.239037871360778809e+00
-1.247396945953369141e+00
-1.255790114402770996e+00
-1.264754176139831543e+00
-1.274082303047180176e+00
-1.284222841262817383e+00
-1.294205665588378906e+00
-1.305418372154235840e+00
-1.326854944229125977e+00
-1.352371096611022949e+00
-1.370969653129577637e+00
-1.389233231544494629e+00
-1.408537983894348145e+00
-1.431348681449890137e+00
-1.454055309295654297e+00
-1.476714730262756348e+00
-1.496829390525817871e+00
-1.509545207023620605e+00
-1.519223809242248535e+00
-1.523678779602050781e+00
-1.516576409339904785e+00
-1.503944993019104004e+00
-1.491313815116882324e+00
-1.478961467742919922e+00
-1.476537466049194336e+00
-1.473318696022033691e+00
-1.470100045204162598e+00
-1.466881155967712402e+00
-1.463662743568420410e+00
-1.460443615913391113e+00
-1.457224726676940918e+00
-1.454232096672058105e+00
-1.453270435333251953e+00
-1.456215500831604004e+00
-1.461159348487854004e+00
-1.465867400169372559e+00
-1.469838976860046387e+00
-1.473745942115783691e+00
-1.470409035682678223e+00
-1.470445036888122559e+00
-1.472760319709777832e+00
-1.475075602531433105e+00
-1.477390885353088379e+00
-1.478908181190490723e+00
-1.466149449348449707e+00
-1.445504307746887207e+00
-1.425146460533142090e+00
-1.408487677574157715e+00
-1.397677779197692871e+00
-1.386926054954528809e+00
-1.379620313644409180e+00
-1.370037436485290527e+00
-1.359488844871520996e+00
-1.355247855186462402e+00
-1.351214528083801270e+00
-1.346349120140075684e+00
-1.340338349342346191e+00
-1.334422469139099121e+00
-1.337838768959045410e+00
-1.351138710975646973e+00
-1.369620919227600098e+00
-1.390914201736450195e+00
-1.414036154747009277e+00
-1.435810685157775879e+00
-1.457625031471252441e+00
-1.480807900428771973e+00
-1.504788875579833984e+00
-1.524700522422790527e+00
-1.542388796806335449e+00
-1.558533310890197754e+00
-1.563311696052551270e+00
-1.568089962005615234e+00
-1.572481274604797363e+00
-1.576221466064453125e+00
-1.577982783317565918e+00
-1.579085707664489746e+00
-1.570005774497985840e+00
-1.554112672805786133e+00
-1.546962857246398926e+00
-1.536694288253784180e+00
-1.520386099815368652e+00
-1.501100420951843262e+00
-1.482973575592041016e+00
-1.464645981788635254e+00
-1.453459143638610840e+00
-1.442088484764099121e+00
-1.430112004280090332e+00
-1.418109297752380371e+00
-1.406921505928039551e+00
-1.396659970283508301e+00
-1.386398434638977051e+00
-1.376136064529418945e+00
-1.365874052047729492e+00
-1.355281591415405273e+00
-1.353618502616882324e+00
-1.353099703788757324e+00
-1.352580666542053223e+00
-1.352061867713928223e+00
-1.352556109428405762e+00
-1.357814669609069824e+00
-1.363172173500061035e+00
-1.368614315986633301e+00
-1.374280095100402832e+00
-1.380223155021667480e+00
-1.387574553489685059e+00
-1.394927263259887695e+00
-1.402278304100036621e+00
-1.401361703872680664e+00
-1.398933172225952148e+00
-1.396504521369934082e+00
-1.394075751304626465e+00
-1.391646981239318848e+00
-1.389218926429748535e+00
-1.385356307029724121e+00
-1.381229996681213379e+00
-1.373849987983703613e+00
-1.355344653129577637e+00
-1.335304856300354004e+00
-1.315572619438171387e+00
-1.296835780143737793e+00
-1.284244179725646973e+00
-1.272416949272155762e+00
-1.260589241981506348e+00
-1.256206393241882324e+00
-1.261316657066345215e+00
-1.266239285469055176e+00
-1.269647955894470215e+00
-1.261598944664001465e+00
-1.254769563674926758e+00
-1.245249271392822266e+00
-1.240700602531433105e+00
-1.249093651771545410e+00
-1.258301377296447754e+00
-1.267629027366638184e+00
-1.276957035064697266e+00
-1.289732098579406738e+00
-1.305023074150085449e+00
-1.330899596214294434e+00
-1.358471274375915527e+00
-1.381894707679748535e+00
-1.400866985321044922e+00
-1.420820355415344238e+00
-1.440539479255676270e+00
-1.460932374000549316e+00
-1.483591437339782715e+00
-1.505933642387390137e+00
-1.522532343864440918e+00
-1.523546576499938965e+00
-1.518953680992126465e+00
-1.509486079216003418e+00
-1.496854901313781738e+00
-1.484223842620849609e+00
-1.478664040565490723e+00
-1.475445151329040527e+00
-1.472226619720458984e+00
-1.469007611274719238e+00
-1.465788960456848145e+00
-1.462570309638977051e+00
-1.459351420402526855e+00
-1.456135749816894531e+00
-1.452949881553649902e+00
-1.451178908348083496e+00
-1.454976320266723633e+00
-1.459111332893371582e+00
-1.463030338287353516e+00
-1.466949105262756348e+00
-1.465100646018981934e+00
-1.462336659431457520e+00
-1.464338421821594238e+00
-1.466653823852539062e+00
-1.468968987464904785e+00
-1.471284270286560059e+00
-1.472395539283752441e+00
-1.460055708885192871e+00
-1.439742445945739746e+00
-1.419530034065246582e+00
-1.405603766441345215e+00
-1.394852161407470703e+00
-1.384314775466918945e+00
-1.376324534416198730e+00
-1.366380929946899414e+00
-1.356164097785949707e+00
-1.349324107170104980e+00
-1.345290899276733398e+00
-1.339336514472961426e+00
-1.335555911064147949e+00
-1.334362387657165527e+00
-1.339190363883972168e+00
-1.356927275657653809e+00
-1.378220915794372559e+00
-1.401887536048889160e+00
-1.428050279617309570e+00
-1.449817776679992676e+00
-1.472287297248840332e+00
-1.496268510818481445e+00
-1.520234227180480957e+00
-1.538364410400390625e+00
-1.556052923202514648e+00
-1.571422100067138672e+00
-1.575162768363952637e+00
-1.578902602195739746e+00
-1.582591652870178223e+00
-1.584938645362854004e+00
-1.582466959953308105e+00
-1.568497776985168457e+00
-1.552345156669616699e+00
-1.535542845726013184e+00
-1.546086430549621582e+00
-1.535280585289001465e+00
-1.524123430252075195e+00
-1.507183194160461426e+00
-1.487351536750793457e+00
-1.467093348503112793e+00
-1.452250480651855469e+00
-1.440550327301025391e+00
-1.428849816322326660e+00
-1.417037129402160645e+00
-1.405115127563476562e+00
-1.393283724784851074e+00
-1.383020758628845215e+00
-1.372758984565734863e+00
-1.362494111061096191e+00
-1.353550314903259277e+00
-1.353528022766113281e+00
-1.353008866310119629e+00
-1.352489829063415527e+00
-1.351970911026000977e+00
-1.351874232292175293e+00
-1.357111573219299316e+00
-1.362469196319580078e+00
-1.367826819419860840e+00
-1.373184323310852051e+00
-1.378602623939514160e+00
-1.385222196578979492e+00
-1.392573237419128418e+00
-1.399924516677856445e+00
-1.399472594261169434e+00
-1.397044897079467773e+00
-1.394615888595581055e+00
-1.392187476158142090e+00
-1.389758706092834473e+00
-1.387329936027526855e+00
-1.384837031364440918e+00
-1.380711436271667480e+00
-1.376322627067565918e+00
-1.363671064376831055e+00
-1.343499422073364258e+00
-1.323321938514709473e+00
-1.303227305412292480e+00
-1.283620715141296387e+00
-1.269204974174499512e+00
-1.267964363098144531e+00
-1.273380517959594727e+00
-1.278432607650756836e+00
-1.283401131629943848e+00
-1.285261511802673340e+00
-1.276233553886413574e+00
-1.267167448997497559e+00
-1.256380796432495117e+00
-1.243841648101806641e+00
-1.245312929153442383e+00
-1.253623366355895996e+00
-1.261934041976928711e+00
-1.270504117012023926e+00
-1.282058477401733398e+00
-1.307344198226928711e+00
-1.334943771362304688e+00
-1.362515926361083984e+00
-1.390159249305725098e+00
-1.412755846977233887e+00
-1.433100819587707520e+00
-1.452776312828063965e+00
-1.472451806068420410e+00
-1.492127299308776855e+00
-1.512142300605773926e+00
-1.519111037254333496e+00
-1.519654631614685059e+00
-1.514812111854553223e+00
-1.502090096473693848e+00
-1.489456892013549805e+00
-1.480790615081787109e+00
-1.477571845054626465e+00
-1.474352955818176270e+00
-1.471134305000305176e+00
-1.467915177345275879e+00
-1.464696407318115234e+00
-1.461477637290954590e+00
-1.458259105682373047e+00
-1.454813003540039062e+00
-1.451169133186340332e+00
-1.448342680931091309e+00
-1.452302455902099609e+00
-1.456221342086791992e+00
-1.460139870643615723e+00
-1.460698962211608887e+00
-1.455600142478942871e+00
-1.455916166305541992e+00
-1.458231449127197266e+00
-1.460546493530273438e+00
-1.462861895561218262e+00
-1.465177416801452637e+00
-1.465585112571716309e+00
-1.453870654106140137e+00
-1.433955073356628418e+00
-1.414524435997009277e+00
-1.403292536735534668e+00
-1.392904877662658691e+00
-1.382674336433410645e+00
-1.373434066772460938e+00
-1.363216996192932129e+00
-1.352288126945495605e+00
-1.343400359153747559e+00
-1.339086890220642090e+00
-1.337797284126281738e+00
-1.336507320404052734e+00
-1.336856365203857422e+00
-1.346895933151245117e+00
-1.365526795387268066e+00
-1.386820316314697266e+00
-1.415618062019348145e+00
-1.442064762115478516e+00
-1.464190721511840820e+00
-1.487748384475708008e+00
-1.511588692665100098e+00
-1.533161044120788574e+00
-1.549811720848083496e+00
-1.566879391670227051e+00
-1.581493258476257324e+00
-1.585155367851257324e+00
-1.588817715644836426e+00
-1.591827988624572754e+00
-1.580964207649230957e+00
-1.566989064216613770e+00
-1.550557494163513184e+00
-1.533544301986694336e+00
-1.514953017234802246e+00
-1.544622778892517090e+00
-1.534090638160705566e+00
-1.521771073341369629e+00
-1.508049011230468750e+00
-1.488688230514526367e+00
-1.468886375427246094e+00
-1.450331330299377441e+00
-1.438631892204284668e+00
-1.426932215690612793e+00
-1.415231943130493164e+00
-1.403530955314636230e+00
-1.391831040382385254e+00
-1.380068659782409668e+00
-1.369381666183471680e+00
-1.359071731567382812e+00
-1.353060364723205566e+00
-1.353437185287475586e+00
-1.352918505668640137e+00
-1.352398991584777832e+00
-1.351879477500915527e+00
-1.351360917091369629e+00
-1.356408953666687012e+00
-1.361766457557678223e+00
-1.367123603820800781e+00
-1.372480988502502441e+00
-1.377838730812072754e+00
-1.383195996284484863e+00
-1.390220046043395996e+00
-1.397572278976440430e+00
-1.397584676742553711e+00
-1.395155787467956543e+00
-1.392727255821228027e+00
-1.390298485755920410e+00
-1.387870430946350098e+00
-1.385441660881042480e+00
-1.383012890815734863e+00
-1.380192160606384277e+00
-1.375696897506713867e+00
-1.368981957435607910e+00
-1.350631833076477051e+00
-1.330460190773010254e+00
-1.310636878013610840e+00
-1.291368484497070312e+00
-1.284996867179870605e+00
-1.285138964653015137e+00
-1.290555119514465332e+00
-1.295548796653747559e+00
-1.300517678260803223e+00
-1.300748348236083984e+00
-1.291981458663940430e+00
-1.283038020133972168e+00
-1.271759510040283203e+00
-1.258306026458740234e+00
-1.247493624687194824e+00
-1.255268692970275879e+00
-1.263579249382019043e+00
-1.271890163421630859e+00
-1.285165429115295410e+00
-1.313805580139160156e+00
-1.343358159065246582e+00
-1.370330452919006348e+00
-1.397253274917602539e+00
-1.425625085830688477e+00
-1.445625424385070801e+00
-1.465013384819030762e+00
-1.484688639640808105e+00
-1.498748421669006348e+00
-1.505334019660949707e+00
-1.511559605598449707e+00
-1.513881325721740723e+00
-1.509424328804016113e+00
-1.495369076728820801e+00
-1.482881426811218262e+00
-1.479698181152343750e+00
-1.476479768753051758e+00
-1.473260760307312012e+00
-1.470041871070861816e+00
-1.466823220252990723e+00
-1.463604211807250977e+00
-1.460246562957763672e+00
-1.456584334373474121e+00
-1.452626585960388184e+00
-1.448076248168945312e+00
-1.445829987525939941e+00
-1.449412345886230469e+00
-1.453331351280212402e+00
-1.456065297126770020e+00
-1.450261831283569336e+00
-1.447687506675720215e+00
-1.449809193611145020e+00
-1.452124714851379395e+00
-1.454439759254455566e+00
-1.456755161285400391e+00
-1.459070444107055664e+00
-1.459064602851867676e+00
-1.448340535163879395e+00
-1.428848624229431152e+00
-1.412086367607116699e+00
-1.401698350906372070e+00
-1.391028642654418945e+00
-1.380235552787780762e+00
-1.370270252227783203e+00
-1.360052704811096191e+00
-1.347869396209716797e+00
-1.341328501701354980e+00
-1.340038180351257324e+00
-1.338748335838317871e+00
-1.341176629066467285e+00
-1.344797253608703613e+00
-1.355236172676086426e+00
-1.374127030372619629e+00
-1.398584365844726562e+00
-1.429348349571228027e+00
-1.455695748329162598e+00
-1.477718830108642578e+00
-1.500619769096374512e+00
-1.523486495018005371e+00
-1.543184399604797363e+00
-1.559784770011901855e+00
-1.577427983283996582e+00
-1.591381907463073730e+00
-1.595044970512390137e+00
-1.593307137489318848e+00
-1.579448699951171875e+00
-1.565373063087463379e+00
-1.548769831657409668e+00
-1.531289696693420410e+00
-1.512482047080993652e+00
-1.492383122444152832e+00
-1.533769130706787109e+00
-1.523703217506408691e+00
-1.513637661933898926e+00
-1.502838492393493652e+00
-1.489169001579284668e+00
-1.469151854515075684e+00
-1.449884057044982910e+00
-1.437164783477783203e+00
-1.425014376640319824e+00
-1.413313150405883789e+00
-1.401612639427185059e+00
-1.389912962913513184e+00
-1.378212094306945801e+00
-1.366512537002563477e+00
-1.355341315269470215e+00
-1.352454662322998047e+00
-1.352997183799743652e+00
-1.352827191352844238e+00
-1.352308154106140137e+00
-1.351788759231567383e+00
-1.351270556449890137e+00
-1.355704665184020996e+00
-1.361062288284301758e+00
-1.366420030593872070e+00
-1.371777653694152832e+00
-1.377135276794433594e+00
-1.382493138313293457e+00
-1.388467788696289062e+00
-1.395512223243713379e+00
-1.395695686340332031e+00
-1.393266797065734863e+00
-1.390838861465454102e+00
-1.388410210609436035e+00
-1.385981440544128418e+00
-1.383552789688110352e+00
-1.381107687950134277e+00
-1.378049969673156738e+00
-1.374273538589477539e+00
-1.369518160820007324e+00
-1.357758522033691406e+00
-1.337592720985412598e+00
-1.318310856819152832e+00
-1.314381241798400879e+00
-1.312550663948059082e+00
-1.310262560844421387e+00
-1.309167265892028809e+00
-1.312664628028869629e+00
-1.317633509635925293e+00
-1.316144824028015137e+00
-1.307577967643737793e+00
-1.298701405525207520e+00
-1.288921356201171875e+00
-1.273158669471740723e+00
-1.260777950286865234e+00
-1.257446408271789551e+00
-1.265224218368530273e+00
-1.273535132408142090e+00
-1.294136166572570801e+00
-1.322734951972961426e+00
-1.352287650108337402e+00
-1.381939530372619629e+00
-1.410240292549133301e+00
-1.438575387001037598e+00
-1.465456843376159668e+00
-1.484818339347839355e+00
-1.493460059165954590e+00
-1.499028563499450684e+00
-1.504596948623657227e+00
-1.510165333747863770e+00
-1.512698054313659668e+00
-1.503110766410827637e+00
-1.488901376724243164e+00
-1.483356595039367676e+00
-1.478904128074645996e+00
-1.475387334823608398e+00
-1.472168326377868652e+00
-1.468949675559997559e+00
-1.465700984001159668e+00
-1.462033390998840332e+00
-1.458228945732116699e+00
-1.453704118728637695e+00
-1.449153900146484375e+00
-1.444576859474182129e+00
-1.443680882453918457e+00
-1.446522355079650879e+00
-1.450369715690612793e+00
-1.445824265480041504e+00
-1.440791487693786621e+00
-1.441387176513671875e+00
-1.443702340126037598e+00
-1.446083188056945801e+00
-1.448762536048889160e+00
-1.451442003250122070e+00
-1.454121470451354980e+00
-1.453485846519470215e+00
-1.443340539932250977e+00
-1.424965500831604004e+00
-1.410347104072570801e+00
-1.400104284286499023e+00
-1.387522459030151367e+00
-1.377323508262634277e+00
-1.367106318473815918e+00
-1.358548045158386230e+00
-1.350689291954040527e+00
-1.342279314994812012e+00
-1.342071652412414551e+00
-1.345593571662902832e+00
-1.349115967750549316e+00
-1.352737903594970703e+00
-1.363576531410217285e+00
-1.381794333457946777e+00
-1.410344481468200684e+00
-1.440056800842285156e+00
-1.467001080513000488e+00
-1.489522814750671387e+00
-1.512346267700195312e+00
-1.535170316696166992e+00
-1.553065896034240723e+00
-1.570333123207092285e+00
-1.587976574897766113e+00
-1.601026177406311035e+00
-1.591128468513488770e+00
-1.577933192253112793e+00
-1.563623547554016113e+00
-1.546981692314147949e+00
-1.529034614562988281e+00
-1.509949088096618652e+00
-1.489705920219421387e+00
-1.469462990760803223e+00
-1.519629716873168945e+00
-1.510312557220458984e+00
-1.499632477760314941e+00
-1.489565730094909668e+00
-1.479492068290710449e+00
-1.464230418205261230e+00
-1.445089459419250488e+00
-1.432355284690856934e+00
-1.421635746955871582e+00
-1.410091757774353027e+00
-1.399572730064392090e+00
-1.387995362281799316e+00
-1.376294970512390137e+00
-1.364594340324401855e+00
-1.352754235267639160e+00
-1.350967049598693848e+00
-1.351880550384521484e+00
-1.352410674095153809e+00
-1.352178454399108887e+00
-1.351698517799377441e+00
-1.351179003715515137e+00
-1.355002045631408691e+00
-1.360359787940979004e+00
-1.365717172622680664e+00
-1.371074557304382324e+00
-1.376432061195373535e+00
-1.381789326667785645e+00
-1.387146711349487305e+00
-1.393798470497131348e+00
-1.394432067871093750e+00
-1.391695618629455566e+00
-1.388959288597106934e+00
-1.386521458625793457e+00
-1.384092688560485840e+00
-1.381371855735778809e+00
-1.378314375877380371e+00
-1.375256419181823730e+00
-1.372199177742004395e+00
-1.368094205856323242e+00
-1.362711429595947266e+00
-1.347476363182067871e+00
-1.344567656517028809e+00
-1.341639876365661621e+00
-1.338883399963378906e+00
-1.337051868438720703e+00
-1.335129380226135254e+00
-1.332886815071105957e+00
-1.334749817848205566e+00
-1.331541299819946289e+00
-1.323175430297851562e+00
-1.314298510551452637e+00
-1.305826783180236816e+00
-1.290428280830383301e+00
-1.275600790977478027e+00
-1.263818144798278809e+00
-1.267399072647094727e+00
-1.279137134552001953e+00
-1.304100632667541504e+00
-1.331664681434631348e+00
-1.361217141151428223e+00
-1.391010642051696777e+00
-1.422343611717224121e+00
-1.451525807380676270e+00
-1.478073358535766602e+00
-1.489771723747253418e+00
-1.496042966842651367e+00
-1.501642823219299316e+00
-1.507211446762084961e+00
-1.511724948883056641e+00
-1.514168739318847656e+00
-1.505326509475708008e+00
-1.499337077140808105e+00
-1.491741180419921875e+00
-1.486271739006042480e+00
-1.480801582336425781e+00
-1.475782632827758789e+00
-1.471176862716674805e+00
-1.466413140296936035e+00
-1.461012005805969238e+00
-1.455418944358825684e+00
-1.450231671333312988e+00
-1.445681452751159668e+00
-1.442338824272155762e+00
-1.441532373428344727e+00
-1.443704247474670410e+00
-1.441660284996032715e+00
-1.435422778129577637e+00
-1.433243870735168457e+00
-1.435849547386169434e+00
-1.438528895378112793e+00
-1.441208243370056152e+00
-1.443887591361999512e+00
-1.446566939353942871e+00
-1.449246525764465332e+00
-1.447907209396362305e+00
-1.438488841056823730e+00
-1.421375393867492676e+00
-1.408388495445251465e+00
-1.398259997367858887e+00
-1.384146332740783691e+00
-1.375199437141418457e+00
-1.369703292846679688e+00
-1.362093210220336914e+00
-1.353890538215637207e+00
-1.347363114356994629e+00
-1.350011229515075684e+00
-1.353243708610534668e+00
-1.355727314949035645e+00
-1.358312726020812988e+00
-1.368457436561584473e+00
-1.390706658363342285e+00
-1.420354485511779785e+00
-1.450797438621520996e+00
-1.478402018547058105e+00
-1.501225352287292480e+00
-1.524049162864685059e+00
-1.546404123306274414e+00
-1.563238501548767090e+00
-1.580881595611572266e+00
-1.591219902038574219e+00
-1.588949799537658691e+00
-1.576417326927185059e+00
-1.561836361885070801e+00
-1.545064568519592285e+00
-1.526779770851135254e+00
-1.507271647453308105e+00
-1.487028717994689941e+00
-1.466785788536071777e+00
-1.446543216705322266e+00
-1.505291819572448730e+00
-1.496599674224853516e+00
-1.487208247184753418e+00
-1.475850939750671387e+00
-1.465494275093078613e+00
-1.455414652824401855e+00
-1.439259886741638184e+00
-1.424032211303710938e+00
-1.412623286247253418e+00
-1.402032256126403809e+00
-1.390944361686706543e+00
-1.380068778991699219e+00
-1.369598984718322754e+00
-1.359104752540588379e+00
-1.350216031074523926e+00
-1.350748658180236816e+00
-1.351100325584411621e+00
-1.351193547248840332e+00
-1.351176619529724121e+00
-1.350961208343505859e+00
-1.350744724273681641e+00
-1.354209780693054199e+00
-1.359657645225524902e+00
-1.365014314651489258e+00
-1.370371699333190918e+00
-1.375728964805603027e+00
-1.381086111068725586e+00
-1.386444211006164551e+00
-1.392084240913391113e+00
-1.393182516098022461e+00
-1.390446066856384277e+00
-1.387709379196166992e+00
-1.384973526000976562e+00
-1.381668567657470703e+00
-1.378577828407287598e+00
-1.375520586967468262e+00
-1.372462868690490723e+00
-1.369468569755554199e+00
-1.367056012153625488e+00
-1.367815613746643066e+00
-1.374875187873840332e+00
-1.372086405754089355e+00
-1.369157910346984863e+00
-1.366229653358459473e+00
-1.363384246826171875e+00
-1.361403584480285645e+00
-1.359125494956970215e+00
-1.357055187225341797e+00
-1.347454190254211426e+00
-1.338771939277648926e+00
-1.329895138740539551e+00
-1.322475314140319824e+00
-1.307689905166625977e+00
-1.292453050613403320e+00
-1.278526306152343750e+00
-1.269622445106506348e+00
-1.289628744125366211e+00
-1.314064741134643555e+00
-1.340594053268432617e+00
-1.370147824287414551e+00
-1.400747895240783691e+00
-1.432081341743469238e+00
-1.456995844841003418e+00
-1.473302721977233887e+00
-1.488547921180725098e+00
-1.498153448104858398e+00
-1.503807663917541504e+00
-1.508094668388366699e+00
-1.512381672859191895e+00
-1.512756586074829102e+00
-1.512371182441711426e+00
-1.510750770568847656e+00
-1.505661725997924805e+00
-1.497207999229431152e+00
-1.489264607429504395e+00
-1.483325839042663574e+00
-1.476820349693298340e+00
-1.471220135688781738e+00
-1.465620040893554688e+00
-1.460044384002685547e+00
-1.454476952552795410e+00
-1.448813796043395996e+00
-1.445791363716125488e+00
-1.443984389305114746e+00
-1.442368865013122559e+00
-1.434289336204528809e+00
-1.428668856620788574e+00
-1.428891658782958984e+00
-1.430974364280700684e+00
-1.433653831481933594e+00
-1.436333298683166504e+00
-1.439012527465820312e+00
-1.441692113876342773e+00
-1.444371461868286133e+00
-1.442328333854675293e+00
-1.434467792510986328e+00
-1.417785525321960449e+00
-1.406429648399353027e+00
-1.394508361816406250e+00
-1.385496139526367188e+00
-1.379999279975891113e+00
-1.373497128486633301e+00
-1.366261243820190430e+00
-1.361095786094665527e+00
-1.355051279067993164e+00
-1.355172276496887207e+00
-1.357578635215759277e+00
-1.359985470771789551e+00
-1.362493872642517090e+00
-1.373015284538269043e+00
-1.400654435157775879e+00
-1.430944800376892090e+00
-1.461686730384826660e+00
-1.490104317665100098e+00
-1.512927889823913574e+00
-1.535750985145568848e+00
-1.556309580802917480e+00
-1.572534799575805664e+00
-1.575719237327575684e+00
-1.578456759452819824e+00
-1.574901938438415527e+00
-1.560048341751098633e+00
-1.543115615844726562e+00
-1.524529337882995605e+00
-1.504719376564025879e+00
-1.484596848487854004e+00
-1.464473843574523926e+00
-1.444351315498352051e+00
-1.425232887268066406e+00
-1.492235064506530762e+00
-1.482482552528381348e+00
-1.472875952720642090e+00
-1.464110255241394043e+00
-1.452687859535217285e+00
-1.441421627998352051e+00
-1.430992007255554199e+00
-1.415474891662597656e+00
-1.404854655265808105e+00
-1.393364787101745605e+00
-1.382289290428161621e+00
-1.371680617332458496e+00
-1.360514283180236816e+00
-1.349974513053894043e+00
-1.343913674354553223e+00
-1.344446182250976562e+00
-1.344979405403137207e+00
-1.345299124717712402e+00
-1.345600128173828125e+00
-1.346614122390747070e+00
-1.347629666328430176e+00
-1.351761817932128906e+00
-1.358279705047607422e+00
-1.363949894905090332e+00
-1.369529008865356445e+00
-1.375025749206542969e+00
-1.380383372306823730e+00
-1.385740637779235840e+00
-1.391098856925964355e+00
-1.391932606697082520e+00
-1.389196634292602539e+00
-1.386244654655456543e+00
-1.382879137992858887e+00
-1.379513621330261230e+00
-1.376148223876953125e+00
-1.372783303260803223e+00
-1.370053172111511230e+00
-1.367709279060363770e+00
-1.372603535652160645e+00
-1.386791586875915527e+00
-1.399074196815490723e+00
-1.399604678153991699e+00
-1.396676301956176758e+00
-1.393748164176940918e+00
-1.390819668769836426e+00
-1.387683510780334473e+00
-1.385400176048278809e+00
-1.382829070091247559e+00
-1.369255661964416504e+00
-1.356191396713256836e+00
-1.345662951469421387e+00
-1.338369488716125488e+00
-1.325032114982604980e+00
-1.309795498847961426e+00
-1.294558644294738770e+00
-1.285426735877990723e+00
-1.300170898437500000e+00
-1.324553489685058594e+00
-1.349680781364440918e+00
-1.379163384437561035e+00
-1.410485386848449707e+00
-1.430769324302673340e+00
-1.449012398719787598e+00
-1.467256188392639160e+00
-1.483777642250061035e+00
-1.497897267341613770e+00
-1.504128575325012207e+00
-1.508751034736633301e+00
-1.512954473495483398e+00
-1.513486266136169434e+00
-1.520456910133361816e+00
-1.520898938179016113e+00
-1.518431186676025391e+00
-1.510691285133361816e+00
-1.501437783241271973e+00
-1.491619944572448730e+00
-1.483180880546569824e+00
-1.476120114326477051e+00
-1.470237135887145996e+00
-1.464669823646545410e+00
-1.459187150001525879e+00
-1.454918026924133301e+00
-1.452442765235900879e+00
-1.450256228446960449e+00
-1.441729426383972168e+00
-1.433253169059753418e+00
-1.430452466011047363e+00
-1.432114720344543457e+00
-1.433776974678039551e+00
-1.435438871383666992e+00
-1.437101006507873535e+00
-1.438763380050659180e+00
-1.440425515174865723e+00
-1.442087769508361816e+00
-1.439180135726928711e+00
-1.430778145790100098e+00
-1.414351224899291992e+00
-1.407056689262390137e+00
-1.396887779235839844e+00
-1.390232920646667480e+00
-1.383717894554138184e+00
-1.377721905708312988e+00
-1.373036503791809082e+00
-1.366896629333496094e+00
-1.360756635665893555e+00
-1.359329104423522949e+00
-1.361735463142395020e+00
-1.364143610000610352e+00
-1.366652011871337891e+00
-1.382318854331970215e+00
-1.411092758178710938e+00
-1.441691160202026367e+00
-1.472884535789489746e+00
-1.501806497573852539e+00
-1.524630188941955566e+00
-1.547453761100769043e+00
-1.557559251785278320e+00
-1.560254693031311035e+00
-1.563064932823181152e+00
-1.565921902656555176e+00
-1.558609724044799805e+00
-1.541329503059387207e+00
-1.522626519203186035e+00
-1.502626061439514160e+00
-1.482503294944763184e+00
-1.462380766868591309e+00
-1.442492842674255371e+00
-1.423849463462829590e+00
-1.405452609062194824e+00
-1.479895114898681641e+00
-1.469719290733337402e+00
-1.459674477577209473e+00
-1.449921965599060059e+00
-1.440486550331115723e+00
-1.429589629173278809e+00
-1.418167352676391602e+00
-1.406014919281005859e+00
-1.395612835884094238e+00
-1.385473132133483887e+00
-1.374106645584106445e+00
-1.362616896629333496e+00
-1.351966977119445801e+00
-1.341143727302551270e+00
-1.337613463401794434e+00
-1.338145852088928223e+00
-1.338677763938903809e+00
-1.339102625846862793e+00
-1.339321732521057129e+00
-1.338645577430725098e+00
-1.339444994926452637e+00
-1.342968344688415527e+00
-1.349855303764343262e+00
-1.356747627258300781e+00
-1.363639116287231445e+00
-1.370530486106872559e+00
-1.377395033836364746e+00
-1.384199261665344238e+00
-1.390395045280456543e+00
-1.390736460685729980e+00
-1.387455582618713379e+00
-1.384090304374694824e+00
-1.380725026130676270e+00
-1.377359509468078613e+00
-1.374123692512512207e+00
-1.371401667594909668e+00
-1.368750095367431641e+00
-1.376095771789550781e+00
-1.390202999114990234e+00
-1.404388785362243652e+00
-1.418242096900939941e+00
-1.426849961280822754e+00
-1.424194455146789551e+00
-1.421266436576843262e+00
-1.418337821960449219e+00
-1.415143609046936035e+00
-1.411768078804016113e+00
-1.407383918762207031e+00
-1.393781661987304688e+00
-1.378769755363464355e+00
-1.364059805870056152e+00
-1.353846907615661621e+00
-1.342355728149414062e+00
-1.327137589454650879e+00
-1.311901092529296875e+00
-1.309019446372985840e+00
-1.313354849815368652e+00
-1.335042834281921387e+00
-1.360364198684692383e+00
-1.386299133300781250e+00
-1.404542446136474609e+00
-1.422785758972167969e+00
-1.441029429435729980e+00
-1.458752632141113281e+00
-1.475714683532714844e+00
-1.491169452667236328e+00
-1.504281520843505859e+00
-1.509271264076232910e+00
-1.511564731597900391e+00
-1.519330501556396484e+00
-1.526764273643493652e+00
-1.530481338500976562e+00
-1.527868509292602539e+00
-1.522754192352294922e+00
-1.513124108314514160e+00
-1.503306508064270020e+00
-1.493488907814025879e+00
-1.483930230140686035e+00
-1.476225972175598145e+00
-1.470282196998596191e+00
-1.464915156364440918e+00
-1.461954474449157715e+00
-1.459418773651123047e+00
-1.449970006942749023e+00
-1.441089749336242676e+00
-1.433854699134826660e+00
-1.433675408363342285e+00
-1.435337424278259277e+00
-1.436999917030334473e+00
-1.438661694526672363e+00
-1.440324068069458008e+00
-1.441986203193664551e+00
-1.443648457527160645e+00
-1.445526719093322754e+00
-1.442858457565307617e+00
-1.435866832733154297e+00
-1.425534129142761230e+00
-1.416253924369812012e+00
-1.402716279029846191e+00
-1.395814299583435059e+00
-1.392224669456481934e+00
-1.387045025825500488e+00
-1.380231976509094238e+00
-1.373074650764465332e+00
-1.366418719291687012e+00
-1.363485932350158691e+00
-1.365892291069030762e+00
-1.368301510810852051e+00
-1.371216416358947754e+00
-1.392345547676086426e+00
-1.421833276748657227e+00
-1.452622771263122559e+00
-1.484395146369934082e+00
-1.513720870018005371e+00
-1.533906579017639160e+00
-1.541957616806030273e+00
-1.545392870903015137e+00
-1.548208355903625488e+00
-1.551023960113525391e+00
-1.550410389900207520e+00
-1.539658904075622559e+00
-1.520655751228332520e+00
-1.500533461570739746e+00
-1.480410456657409668e+00
-1.460287690162658691e+00
-1.441109776496887207e+00
-1.422466158866882324e+00
-1.404000997543334961e+00
-1.386788010597229004e+00
-1.467298746109008789e+00
-1.456919550895690918e+00
-1.446744561195373535e+00
-1.436866044998168945e+00
-1.427112698554992676e+00
-1.417109251022338867e+00
-1.406136393547058105e+00
-1.395067811012268066e+00
-1.386186003684997559e+00
-1.375751256942749023e+00
-1.365490317344665527e+00
-1.354847669601440430e+00
-1.343356251716613770e+00
-1.332061409950256348e+00
-1.331549763679504395e+00
-1.331843972206115723e+00
-1.332376718521118164e+00
-1.332904815673828125e+00
-1.333123803138732910e+00
-1.332845926284790039e+00
-1.332119822502136230e+00
-1.334193110466003418e+00
-1.341058611869812012e+00
-1.347950339317321777e+00
-1.354841589927673340e+00
-1.361732840538024902e+00
-1.368624687194824219e+00
-1.375515818595886230e+00
-1.382268548011779785e+00
-1.383920073509216309e+00
-1.380938291549682617e+00
-1.379019618034362793e+00
-1.376910567283630371e+00
-1.375224232673645020e+00
-1.373001456260681152e+00
-1.370411515235900879e+00
-1.380450844764709473e+00
-1.394328713417053223e+00
-1.408206582069396973e+00
-1.422084331512451172e+00
-1.436167359352111816e+00
-1.449693083763122559e+00
-1.451712965965270996e+00
-1.448784708976745605e+00
-1.445856094360351562e+00
-1.442603707313537598e+00
-1.439228296279907227e+00
-1.432121157646179199e+00
-1.418336510658264160e+00
-1.403524994850158691e+00
-1.388037800788879395e+00
-1.373624205589294434e+00
-1.359567403793334961e+00
-1.344134449958801270e+00
-1.333418369293212891e+00
-1.334587812423706055e+00
-1.336223483085632324e+00
-1.345376849174499512e+00
-1.363906025886535645e+00
-1.378835082054138184e+00
-1.396559119224548340e+00
-1.414802789688110352e+00
-1.431849598884582520e+00
-1.448811769485473633e+00
-1.465773940086364746e+00
-1.482735633850097656e+00
-1.498405337333679199e+00
-1.509424448013305664e+00
-1.517124772071838379e+00
-1.525088191032409668e+00
-1.531791806221008301e+00
-1.537075400352478027e+00
-1.535637259483337402e+00
-1.532217383384704590e+00
-1.525209307670593262e+00
-1.515755653381347656e+00
-1.506302237510681152e+00
-1.496859431266784668e+00
-1.487438559532165527e+00
-1.477615714073181152e+00
-1.471466422080993652e+00
-1.468930363655090332e+00
-1.460928678512573242e+00
-1.449330568313598633e+00
-1.440831065177917480e+00
-1.436659455299377441e+00
-1.436898350715637207e+00
-1.438560605049133301e+00
-1.440222740173339844e+00
-1.441884875297546387e+00
-1.443546891212463379e+00
-1.445209145545959473e+00
-1.446855425834655762e+00
-1.449163317680358887e+00
-1.449269413948059082e+00
-1.444743752479553223e+00
-1.435680508613586426e+00
-1.423483014106750488e+00
-1.413759589195251465e+00
-1.411507368087768555e+00
-1.406939029693603516e+00
-1.401149392127990723e+00
-1.393991827964782715e+00
-1.386834502220153809e+00
-1.379677295684814453e+00
-1.374222397804260254e+00
-1.375687122344970703e+00
-1.377200722694396973e+00
-1.384535908699035645e+00
-1.405773043632507324e+00
-1.434676289558410645e+00
-1.465054035186767578e+00
-1.496518135070800781e+00
-1.515012621879577637e+00
-1.523050308227539062e+00
-1.530542254447937012e+00
-1.533357739448547363e+00
-1.536173462867736816e+00
-1.535827279090881348e+00
-1.531651616096496582e+00
-1.518562793731689453e+00
-1.498439908027648926e+00
-1.478317141532897949e+00
-1.458370089530944824e+00
-1.439726352691650391e+00
-1.421082854270935059e+00
-1.402549505233764648e+00
-1.385229110717773438e+00
-1.369760990142822266e+00
-1.455548882484436035e+00
-1.444535493850708008e+00
-1.433944106101989746e+00
-1.423767924308776855e+00
-1.413920760154724121e+00
-1.404304862022399902e+00
-1.393970370292663574e+00
-1.382546544075012207e+00
-1.374613881111145020e+00
-1.367272257804870605e+00
-1.356023788452148438e+00
-1.345507025718688965e+00
-1.334992408752441406e+00
-1.325787425041198730e+00
-1.325300097465515137e+00
-1.325593113899230957e+00
-1.325998902320861816e+00
-1.326607823371887207e+00
-1.326927423477172852e+00
-1.327047705650329590e+00
-1.326321005821228027e+00
-1.326922774314880371e+00
-1.332262158393859863e+00
-1.339152932167053223e+00
-1.346044301986694336e+00
-1.352936029434204102e+00
-1.359826922416687012e+00
-1.366304636001586914e+00
-1.372566342353820801e+00
-1.374741911888122559e+00
-1.371224284172058105e+00
-1.369194746017456055e+00
-1.367918729782104492e+00
-1.366714358329772949e+00
-1.365762710571289062e+00
-1.379669904708862305e+00
-1.394778609275817871e+00
-1.409887909889221191e+00
-1.424996972084045410e+00
-1.440104961395263672e+00
-1.454193949699401855e+00
-1.468072414398193359e+00
-1.478755712509155273e+00
-1.476302981376647949e+00
-1.473374247550964355e+00
-1.470064163208007812e+00
-1.466688752174377441e+00
-1.457861542701721191e+00
-1.443162083625793457e+00
-1.428280115127563477e+00
-1.413017392158508301e+00
-1.398661375045776367e+00
-1.382066607475280762e+00
-1.363866925239562988e+00
-1.357682824134826660e+00
-1.359762549400329590e+00
-1.361351132392883301e+00
-1.352398991584777832e+00
-1.357416749000549316e+00
-1.371615529060363770e+00
-1.388501524925231934e+00
-1.404946565628051758e+00
-1.421908855438232422e+00
-1.438871264457702637e+00
-1.455832839012145996e+00
-1.472794771194458008e+00
-1.489757180213928223e+00
-1.509750485420227051e+00
-1.522047162055969238e+00
-1.529759526252746582e+00
-1.535654783248901367e+00
-1.541641116142272949e+00
-1.544290184974670410e+00
-1.541200041770935059e+00
-1.537472009658813477e+00
-1.528674244880676270e+00
-1.519220709800720215e+00
-1.509795546531677246e+00
-1.500332355499267578e+00
-1.490660548210144043e+00
-1.482846736907958984e+00
-1.473136544227600098e+00
-1.460207104682922363e+00
-1.448690891265869141e+00
-1.441615223884582520e+00
-1.440623879432678223e+00
-1.440605282783508301e+00
-1.441783785820007324e+00
-1.443445563316345215e+00
-1.444915175437927246e+00
-1.445539116859436035e+00
-1.446143031120300293e+00
-1.450516462326049805e+00
-1.457583785057067871e+00
-1.457208752632141113e+00
-1.452806711196899414e+00
-1.443891286849975586e+00
-1.434632420539855957e+00
-1.429498553276062012e+00
-1.425991535186767578e+00
-1.421482682228088379e+00
-1.415088534355163574e+00
-1.408051252365112305e+00
-1.401014208793640137e+00
-1.393977046012878418e+00
-1.387136936187744141e+00
-1.388646245002746582e+00
-1.391393303871154785e+00
-1.403419613838195801e+00
-1.425056099891662598e+00
-1.454410910606384277e+00
-1.480659842491149902e+00
-1.496676445007324219e+00
-1.510646939277648926e+00
-1.518081307411193848e+00
-1.523012042045593262e+00
-1.524807095527648926e+00
-1.523709058761596680e+00
-1.518177270889282227e+00
-1.511251449584960938e+00
-1.496347069740295410e+00
-1.476224303245544434e+00
-1.456986784934997559e+00
-1.438343167304992676e+00
-1.419699549674987793e+00
-1.401097655296325684e+00
-1.383687853813171387e+00
-1.368248224258422852e+00
-1.354992508888244629e+00
-1.444840788841247559e+00
-1.432786345481872559e+00
-1.421774864196777344e+00
-1.410969376564025879e+00
-1.400792956352233887e+00
-1.390617847442626953e+00
-1.381495833396911621e+00
-1.370833992958068848e+00
-1.359931588172912598e+00
-1.356541156768798828e+00
-1.348370194435119629e+00
-1.337013602256774902e+00
-1.325429439544677734e+00
-1.319526910781860352e+00
-1.320061802864074707e+00
-1.319826841354370117e+00
-1.319635629653930664e+00
-1.320057749748229980e+00
-1.320730566978454590e+00
-1.320949673652648926e+00
-1.320521950721740723e+00
-1.320533871650695801e+00
-1.325614571571350098e+00
-1.330764889717102051e+00
-1.337247252464294434e+00
-1.344076991081237793e+00
-1.350339531898498535e+00
-1.356602072715759277e+00
-1.362864136695861816e+00
-1.365545272827148438e+00
-1.362499594688415527e+00
-1.359982371330261230e+00
-1.358864545822143555e+00
-1.359418511390686035e+00
-1.374850273132324219e+00
-1.390175700187683105e+00
-1.405501246452331543e+00
-1.420826315879821777e+00
-1.436061143875122070e+00
-1.451170444488525391e+00
-1.466279149055480957e+00
-1.481388449668884277e+00
-1.496496915817260742e+00
-1.501517534255981445e+00
-1.499670028686523438e+00
-1.497491478919982910e+00
-1.494148612022399902e+00
-1.483601689338684082e+00
-1.468902349472045898e+00
-1.453394412994384766e+00
-1.437996745109558105e+00
-1.423884510993957520e+00
-1.408374190330505371e+00
-1.392032384872436523e+00
-1.385741114616394043e+00
-1.380404472351074219e+00
-1.369305849075317383e+00
-1.359412670135498047e+00
-1.352413296699523926e+00
-1.363902568817138672e+00
-1.378907203674316406e+00
-1.395477414131164551e+00
-1.411968231201171875e+00
-1.428930282592773438e+00
-1.445892214775085449e+00
-1.462689280509948730e+00
-1.481632828712463379e+00
-1.505283474922180176e+00
-1.524465560913085938e+00
-1.534067511558532715e+00
-1.540394663810729980e+00
-1.546406388282775879e+00
-1.551378607749938965e+00
-1.550182461738586426e+00
-1.547092318534851074e+00
-1.541592717170715332e+00
-1.532151579856872559e+00
-1.522730946540832520e+00
-1.513079285621643066e+00
-1.503990054130554199e+00
-1.496801257133483887e+00
-1.479592084884643555e+00
-1.462145566940307617e+00
-1.448467850685119629e+00
-1.444606542587280273e+00
-1.444577813148498535e+00
-1.443981170654296875e+00
-1.443379759788513184e+00
-1.443944096565246582e+00
-1.444490671157836914e+00
-1.446651101112365723e+00
-1.452012538909912109e+00
-1.459079861640930176e+00
-1.466147065162658691e+00
-1.465170741081237793e+00
-1.462767004966735840e+00
-1.457896590232849121e+00
-1.448468565940856934e+00
-1.445567250251770020e+00
-1.441119194030761719e+00
-1.435726404190063477e+00
-1.429300308227539062e+00
-1.422515630722045898e+00
-1.415478467941284180e+00
-1.408441185951232910e+00
-1.401438593864440918e+00
-1.401605486869812012e+00
-1.410277128219604492e+00
-1.422303318977355957e+00
-1.444440841674804688e+00
-1.461552619934082031e+00
-1.477569341659545898e+00
-1.493585228919982910e+00
-1.507850527763366699e+00
-1.515816807746887207e+00
-1.518825173377990723e+00
-1.517850995063781738e+00
-1.512117981910705566e+00
-1.505017638206481934e+00
-1.497816681861877441e+00
-1.481768488883972168e+00
-1.462101817131042480e+00
-1.442441105842590332e+00
-1.422780275344848633e+00
-1.403119206428527832e+00
-1.384816765785217285e+00
-1.368147969245910645e+00
-1.353874325752258301e+00
-1.340184211730957031e+00
-1.433168292045593262e+00
-1.422552227973937988e+00
-1.410924792289733887e+00
-1.399013400077819824e+00
-1.387999892234802246e+00
-1.377817630767822266e+00
-1.367641329765319824e+00
-1.358453750610351562e+00
-1.347695469856262207e+00
-1.342628121376037598e+00
-1.339077591896057129e+00
-1.328729748725891113e+00
-1.317862510681152344e+00
-1.313433051109313965e+00
-1.313328862190246582e+00
-1.313863992691040039e+00
-1.314353823661804199e+00
-1.313866019248962402e+00
-1.314095616340637207e+00
-1.314203739166259766e+00
-1.314723372459411621e+00
-1.314144492149353027e+00
-1.319203257560729980e+00
-1.324353337287902832e+00
-1.329166531562805176e+00
-1.334375500679016113e+00
-1.340637326240539551e+00
-1.346899747848510742e+00
-1.353424191474914551e+00
-1.357168793678283691e+00
-1.354364514350891113e+00
-1.351560115814208984e+00
-1.354149937629699707e+00
-1.369613528251647949e+00
-1.385025262832641602e+00
-1.400437235832214355e+00
-1.415849328041076660e+00
-1.431191444396972656e+00
-1.446516633033752441e+00
-1.461841702461242676e+00
-1.477167248725891113e+00
-1.492452740669250488e+00
-1.507561922073364258e+00
-1.521772980690002441e+00
-1.520451664924621582e+00
-1.517998933792114258e+00
-1.515680909156799316e+00
-1.504645466804504395e+00
-1.491177201271057129e+00
-1.477100253105163574e+00
-1.462419867515563965e+00
-1.449107646942138672e+00
-1.437396407127380371e+00
-1.425043821334838867e+00
-1.411037921905517578e+00
-1.392078042030334473e+00
-1.377253174781799316e+00
-1.365816950798034668e+00
-1.356975913047790527e+00
-1.355146050453186035e+00
-1.369242429733276367e+00
-1.385841250419616699e+00
-1.402411460876464844e+00
-1.419022202491760254e+00
-1.435899376869201660e+00
-1.452748656272888184e+00
-1.478524208068847656e+00
-1.499660849571228027e+00
-1.519706249237060547e+00
-1.538303375244140625e+00
-1.545091986656188965e+00
-1.551171541213989258e+00
-1.556694149971008301e+00
-1.559165120124816895e+00
-1.556074857711791992e+00
-1.552984952926635742e+00
-1.545087337493896484e+00
-1.535497546195983887e+00
-1.525762677192687988e+00
-1.518044590950012207e+00
-1.503414988517761230e+00
-1.486265063285827637e+00
-1.468779921531677246e+00
-1.453942894935607910e+00
-1.448078036308288574e+00
-1.445392966270446777e+00
-1.444258451461791992e+00
-1.443124651908874512e+00
-1.443553090095520020e+00
-1.448934674263000488e+00
-1.454321980476379395e+00
-1.460962772369384766e+00
-1.468150258064270020e+00
-1.475337862968444824e+00
-1.477867960929870605e+00
-1.477473139762878418e+00
-1.472060918807983398e+00
-1.464290022850036621e+00
-1.460755825042724609e+00
-1.456252217292785645e+00
-1.449825882911682129e+00
-1.443400144577026367e+00
-1.436974167823791504e+00
-1.429942965507507324e+00
-1.422905564308166504e+00
-1.415870070457458496e+00
-1.417229056358337402e+00
-1.429160714149475098e+00
-1.434667468070983887e+00
-1.442512154579162598e+00
-1.458461642265319824e+00
-1.474478602409362793e+00
-1.490494847297668457e+00
-1.505710244178771973e+00
-1.512810468673706055e+00
-1.511376500129699707e+00
-1.505985021591186523e+00
-1.498783946037292480e+00
-1.491582751274108887e+00
-1.485207200050354004e+00
-1.469863772392272949e+00
-1.450173020362854004e+00
-1.430511713027954102e+00
-1.410923600196838379e+00
-1.392631649971008301e+00
-1.374883055686950684e+00
-1.359462618827819824e+00
-1.343843340873718262e+00
-1.327753782272338867e+00
-1.420684695243835449e+00
-1.410068631172180176e+00
-1.399451851844787598e+00
-1.388836383819580078e+00
-1.377010583877563477e+00
-1.365239739418029785e+00
-1.354841589927673340e+00
-1.344666600227355957e+00
-1.335140109062194824e+00
-1.328823328018188477e+00
-1.325325608253479004e+00
-1.320882081985473633e+00
-1.309455633163452148e+00
-1.308435082435607910e+00
-1.308208107948303223e+00
-1.307432770729064941e+00
-1.307665228843688965e+00
-1.308200478553771973e+00
-1.308393001556396484e+00
-1.307929873466491699e+00
-1.308037877082824707e+00
-1.308027863502502441e+00
-1.312792301177978516e+00
-1.317329287528991699e+00
-1.321850657463073730e+00
-1.326371788978576660e+00
-1.331043124198913574e+00
-1.337775349617004395e+00
-1.344751477241516113e+00
-1.349034190177917480e+00
-1.346229434013366699e+00
-1.350616335868835449e+00
-1.364387154579162598e+00
-1.379750370979309082e+00
-1.395162582397460938e+00
-1.410574555397033691e+00
-1.425986409187316895e+00
-1.441398739814758301e+00
-1.456810593605041504e+00
-1.472207188606262207e+00
-1.487532496452331543e+00
-1.502857446670532227e+00
-1.518182635307312012e+00
-1.533508181571960449e+00
-1.541372776031494141e+00
-1.538931250572204590e+00
-1.536479234695434570e+00
-1.523416280746459961e+00
-1.509750604629516602e+00
-1.495874285697937012e+00
-1.481418251991271973e+00
-1.467926979064941406e+00
-1.461758852005004883e+00
-1.442576527595520020e+00
-1.424734711647033691e+00
-1.406836271286010742e+00
-1.388288021087646484e+00
-1.374405622482299805e+00
-1.361600518226623535e+00
-1.353120684623718262e+00
-1.359264016151428223e+00
-1.376441955566406250e+00
-1.393304944038391113e+00
-1.409721136093139648e+00
-1.425528049468994141e+00
-1.448886990547180176e+00
-1.473992943763732910e+00
-1.494038581848144531e+00
-1.514084100723266602e+00
-1.533343672752380371e+00
-1.549327731132507324e+00
-1.555937051773071289e+00
-1.561459422111511230e+00
-1.566375613212585449e+00
-1.565057516098022461e+00
-1.561981558799743652e+00
-1.557767033576965332e+00
-1.548180937767028809e+00
-1.538847804069519043e+00
-1.526524901390075684e+00
-1.508392214775085449e+00
-1.490198731422424316e+00
-1.472358822822570801e+00
-1.460851550102233887e+00
-1.455268263816833496e+00
-1.449872255325317383e+00
-1.445874452590942383e+00
-1.447296023368835449e+00
-1.451655626296997070e+00
-1.457043290138244629e+00
-1.463043212890625000e+00
-1.470230579376220703e+00
-1.478839397430419922e+00
-1.490504860877990723e+00
-1.493498921394348145e+00
-1.491709113121032715e+00
-1.486057877540588379e+00
-1.480283141136169434e+00
-1.475944280624389648e+00
-1.470351576805114746e+00
-1.463925719261169434e+00
-1.457499623298645020e+00
-1.451073765754699707e+00
-1.444406986236572266e+00
-1.437369465827941895e+00
-1.430856347084045410e+00
-1.435538530349731445e+00
-1.433119654655456543e+00
-1.430429577827453613e+00
-1.439354538917541504e+00
-1.455371022224426270e+00
-1.471387505531311035e+00
-1.487677574157714844e+00
-1.502692222595214844e+00
-1.504902124404907227e+00
-1.499751448631286621e+00
-1.492550134658813477e+00
-1.485404610633850098e+00
-1.479683041572570801e+00
-1.473960757255554199e+00
-1.457958817481994629e+00
-1.436960816383361816e+00
-1.415573954582214355e+00
-1.394856810569763184e+00
-1.375113844871520996e+00
-1.358191967010498047e+00
-1.341270565986633301e+00
-1.324348807334899902e+00
-1.309081673622131348e+00
-1.408199906349182129e+00
-1.397585034370422363e+00
-1.386968016624450684e+00
-1.376352787017822266e+00
-1.365737199783325195e+00
-1.355121016502380371e+00
-1.343096017837524414e+00
-1.331865668296813965e+00
-1.321690678596496582e+00
-1.313569664955139160e+00
-1.311450600624084473e+00
-1.307951569557189941e+00
-1.303868651390075684e+00
-1.303535699844360352e+00
-1.302799582481384277e+00
-1.302558660507202148e+00
-1.302161812782287598e+00
-1.301467180252075195e+00
-1.302002072334289551e+00
-1.302428603172302246e+00
-1.302010416984558105e+00
-1.301214337348937988e+00
-1.304455637931823730e+00
-1.310013055801391602e+00
-1.314534544944763184e+00
-1.319383978843688965e+00
-1.324543595314025879e+00
-1.329778790473937988e+00
-1.336152195930480957e+00
-1.340899109840393066e+00
-1.348045229911804199e+00
-1.361809968948364258e+00
-1.375535845756530762e+00
-1.389887928962707520e+00
-1.405300259590148926e+00
-1.420712113380432129e+00
-1.436124444007873535e+00
-1.451535820960998535e+00
-1.466948151588439941e+00
-1.482360005378723145e+00
-1.497772097587585449e+00
-1.513183951377868652e+00
-1.528547883033752441e+00
-1.543873190879821777e+00
-1.558998465538024902e+00
-1.559369564056396484e+00
-1.556126952171325684e+00
-1.542567491531372070e+00
-1.528852820396423340e+00
-1.515061140060424805e+00
-1.500656604766845703e+00
-1.486915111541748047e+00
-1.468309521675109863e+00
-1.452353835105895996e+00
-1.433779120445251465e+00
-1.414892673492431641e+00
-1.397179007530212402e+00
-1.381281018257141113e+00
-1.367077946662902832e+00
-1.355320453643798828e+00
-1.347472667694091797e+00
-1.363872289657592773e+00
-1.381995081901550293e+00
-1.398725628852844238e+00
-1.419465780258178711e+00
-1.445459604263305664e+00
-1.468370795249938965e+00
-1.488416075706481934e+00
-1.508461475372314453e+00
-1.527485728263854980e+00
-1.546246409416198730e+00
-1.560352206230163574e+00
-1.566225051879882812e+00
-1.571747660636901855e+00
-1.574040293693542480e+00
-1.570892214775085449e+00
-1.566827654838562012e+00
-1.559179186820983887e+00
-1.547637581825256348e+00
-1.529547691345214844e+00
-1.511457562446594238e+00
-1.493367314338684082e+00
-1.477534055709838867e+00
-1.469131946563720703e+00
-1.463548541069030762e+00
-1.459866404533386230e+00
-1.459003806114196777e+00
-1.459465980529785156e+00
-1.460188984870910645e+00
-1.465151429176330566e+00
-1.472311019897460938e+00
-1.483096241950988770e+00
-1.495095610618591309e+00
-1.506327748298645020e+00
-1.507247805595397949e+00
-1.505366683006286621e+00
-1.500054955482482910e+00
-1.495331168174743652e+00
-1.490876913070678711e+00
-1.484451174736022949e+00
-1.478025197982788086e+00
-1.471598982810974121e+00
-1.465173244476318359e+00
-1.458747267723083496e+00
-1.452206015586853027e+00
-1.440468430519104004e+00
-1.431663393974304199e+00
-1.428698182106018066e+00
-1.426592111587524414e+00
-1.436263442039489746e+00
-1.452280163764953613e+00
-1.468296408653259277e+00
-1.483967185020446777e+00
-1.496097922325134277e+00
-1.492769002914428711e+00
-1.484848141670227051e+00
-1.477690339088439941e+00
-1.470292210578918457e+00
-1.461936354637145996e+00
-1.453565955162048340e+00
-1.434383511543273926e+00
-1.412493586540222168e+00
-1.391165614128112793e+00
-1.371351480484008789e+00
-1.354288458824157715e+00
-1.337366342544555664e+00
-1.320445418357849121e+00
-1.303523540496826172e+00
-1.290627598762512207e+00
-1.396489977836608887e+00
-1.385252594947814941e+00
-1.374484062194824219e+00
-1.363868832588195801e+00
-1.353252291679382324e+00
-1.342635989189147949e+00
-1.332021117210388184e+00
-1.321252942085266113e+00
-1.309367179870605469e+00
-1.298715710639953613e+00
-1.296117067337036133e+00
-1.293785214424133301e+00
-1.295278906822204590e+00
-1.298726677894592285e+00
-1.298359513282775879e+00
-1.297536611557006836e+00
-1.296712756156921387e+00
-1.296682119369506836e+00
-1.296114444732666016e+00
-1.295799136161804199e+00
-1.295485377311706543e+00
-1.295077800750732422e+00
-1.297062277793884277e+00
-1.301646590232849121e+00
-1.307248115539550781e+00
-1.313095688819885254e+00
-1.318330168724060059e+00
-1.323565602302551270e+00
-1.328868746757507324e+00
-1.345474481582641602e+00
-1.359232783317565918e+00
-1.372958302497863770e+00
-1.386683344841003418e+00
-1.400409340858459473e+00
-1.415437459945678711e+00
-1.430849671363830566e+00
-1.446261405944824219e+00
-1.461673378944396973e+00
-1.477085709571838379e+00
-1.492497801780700684e+00
-1.507909536361694336e+00
-1.523321747779846191e+00
-1.538733243942260742e+00
-1.554145574569702148e+00
-1.569332003593444824e+00
-1.578833818435668945e+00
-1.574640512466430664e+00
-1.561080336570739746e+00
-1.547520637512207031e+00
-1.534365415573120117e+00
-1.512589812278747559e+00
-1.492766499519348145e+00
-1.477867126464843750e+00
-1.461578130722045898e+00
-1.442129969596862793e+00
-1.423823595046997070e+00
-1.407384514808654785e+00
-1.391493678092956543e+00
-1.375425457954406738e+00
-1.359555125236511230e+00
-1.347222208976745605e+00
-1.344246625900268555e+00
-1.362064599990844727e+00
-1.382207155227661133e+00
-1.410139799118041992e+00
-1.438079237937927246e+00
-1.459711909294128418e+00
-1.481212735176086426e+00
-1.502437233924865723e+00
-1.521628022193908691e+00
-1.540388464927673340e+00
-1.559246301651000977e+00
-1.570930123329162598e+00
-1.575716853141784668e+00
-1.579557538032531738e+00
-1.576912045478820801e+00
-1.572544336318969727e+00
-1.568263411521911621e+00
-1.550916790962219238e+00
-1.532826781272888184e+00
-1.514736533164978027e+00
-1.497157692909240723e+00
-1.484683156013488770e+00
-1.477647423744201660e+00
-1.476972937583923340e+00
-1.476110577583312988e+00
-1.475247979164123535e+00
-1.474385261535644531e+00
-1.474399089813232422e+00
-1.478065848350524902e+00
-1.487352728843688965e+00
-1.499352335929870605e+00
-1.511351704597473145e+00
-1.522057175636291504e+00
-1.519852757453918457e+00
-1.518877863883972168e+00
-1.514253020286560059e+00
-1.510379672050476074e+00
-1.504976391792297363e+00
-1.498550534248352051e+00
-1.492124676704406738e+00
-1.485698819160461426e+00
-1.479272961616516113e+00
-1.471030354499816895e+00
-1.450633168220520020e+00
-1.437544465065002441e+00
-1.427054882049560547e+00
-1.423562288284301758e+00
-1.421622872352600098e+00
-1.430833697319030762e+00
-1.446130275726318359e+00
-1.459633946418762207e+00
-1.471026778221130371e+00
-1.478953361511230469e+00
-1.470019698143005371e+00
-1.461647629737854004e+00
-1.453277111053466797e+00
-1.444906830787658691e+00
-1.436535716056823730e+00
-1.428551435470581055e+00
-1.409043669700622559e+00
-1.387598872184753418e+00
-1.367679119110107422e+00
-1.350384354591369629e+00
-1.333462595939636230e+00
-1.316541314125061035e+00
-1.299619555473327637e+00
-1.282697558403015137e+00
-1.272174239158630371e+00
-1.389275431632995605e+00
-1.375062823295593262e+00
-1.363658547401428223e+00
-1.351658701896667480e+00
-1.340767979621887207e+00
-1.330152392387390137e+00
-1.319535970687866211e+00
-1.308920502662658691e+00
-1.298304677009582520e+00
-1.287337183952331543e+00
-1.281345963478088379e+00
-1.278813838958740234e+00
-1.283740282058715820e+00
-1.291175961494445801e+00
-1.293584227561950684e+00
-1.293094873428344727e+00
-1.292272090911865234e+00
-1.291448473930358887e+00
-1.290523171424865723e+00
-1.289993762969970703e+00
-1.288420081138610840e+00
-1.287563204765319824e+00
-1.290466547012329102e+00
-1.295415639877319336e+00
-1.300234198570251465e+00
-1.305358767509460449e+00
-1.312106013298034668e+00
-1.317612290382385254e+00
-1.338057041168212891e+00
-1.358548164367675781e+00
-1.370532155036926270e+00
-1.384106397628784180e+00
-1.397832036018371582e+00
-1.411557555198669434e+00
-1.425575137138366699e+00
-1.440986752510070801e+00
-1.456398844718933105e+00
-1.471810698509216309e+00
-1.487222790718078613e+00
-1.502634763717651367e+00
-1.518046736717224121e+00
-1.533459424972534180e+00
-1.548871159553527832e+00
-1.564282298088073730e+00
-1.579410791397094727e+00
-1.594375371932983398e+00
-1.592652201652526855e+00
-1.579593777656555176e+00
-1.565658688545227051e+00
-1.539498209953308105e+00
-1.518419146537780762e+00
-1.498260140419006348e+00
-1.486801743507385254e+00
-1.471755623817443848e+00
-1.452223420143127441e+00
-1.433694243431091309e+00
-1.417528748512268066e+00
-1.401189446449279785e+00
-1.384663820266723633e+00
-1.367409348487854004e+00
-1.350154757499694824e+00
-1.336912274360656738e+00
-1.342326045036315918e+00
-1.369719147682189941e+00
-1.398133158683776855e+00
-1.424551129341125488e+00
-1.446579813957214355e+00
-1.468109011650085449e+00
-1.489784121513366699e+00
-1.509556174278259277e+00
-1.528605103492736816e+00
-1.547600984573364258e+00
-1.566088676452636719e+00
-1.575776576995849609e+00
-1.581538796424865723e+00
-1.582580924034118652e+00
-1.578213095664978027e+00
-1.567742943763732910e+00
-1.554195761680603027e+00
-1.536105632781982422e+00
-1.518015384674072266e+00
-1.502452135086059570e+00
-1.496232390403747559e+00
-1.493575930595397949e+00
-1.493065237998962402e+00
-1.492354750633239746e+00
-1.491492152214050293e+00
-1.490629553794860840e+00
-1.493395805358886719e+00
-1.499682307243347168e+00
-1.508697867393493652e+00
-1.517713904380798340e+00
-1.527608036994934082e+00
-1.535862565040588379e+00
-1.532115340232849121e+00
-1.532389402389526367e+00
-1.529301047325134277e+00
-1.524971842765808105e+00
-1.519075989723205566e+00
-1.512320399284362793e+00
-1.505174636840820312e+00
-1.498028993606567383e+00
-1.480622649192810059e+00
-1.459515213966369629e+00
-1.441978216171264648e+00
-1.429510951042175293e+00
-1.416803956031799316e+00
-1.412614941596984863e+00
-1.410617709159851074e+00
-1.419063687324523926e+00
-1.429879665374755859e+00
-1.439721703529357910e+00
-1.447787642478942871e+00
-1.452988266944885254e+00
-1.444617629051208496e+00
-1.436247348785400391e+00
-1.427876591682434082e+00
-1.419688820838928223e+00
-1.411779522895812988e+00
-1.403870820999145508e+00
-1.384080529212951660e+00
-1.364053845405578613e+00
-1.346523165702819824e+00
-1.329559683799743652e+00
-1.312637448310852051e+00
-1.295715451240539551e+00
-1.278794050216674805e+00
-1.263564109802246094e+00
-1.253720521926879883e+00
-1.383416295051574707e+00
-1.369896531105041504e+00
-1.356503725051879883e+00
-1.342316508293151855e+00
-1.330065608024597168e+00
-1.318065047264099121e+00
-1.307052016258239746e+00
-1.296436190605163574e+00
-1.285820841789245605e+00
-1.275204539299011230e+00
-1.267507314682006836e+00
-1.264915108680725098e+00
-1.272199511528015137e+00
-1.279976844787597656e+00
-1.287023186683654785e+00
-1.288423061370849609e+00
-1.287830829620361328e+00
-1.286548852920532227e+00
-1.285096406936645508e+00
-1.283644556999206543e+00
-1.282615542411804199e+00
-1.282152652740478516e+00
-1.283890843391418457e+00
-1.288982510566711426e+00
-1.294219970703125000e+00
-1.299067974090576172e+00
-1.305815815925598145e+00
-1.328312277793884277e+00
-1.351153016090393066e+00
-1.372082591056823730e+00
-1.384066939353942871e+00
-1.396050930023193359e+00
-1.408980727195739746e+00
-1.422706246376037598e+00
-1.436431765556335449e+00
-1.451124310493469238e+00
-1.466536283493041992e+00
-1.481948375701904297e+00
-1.497360587120056152e+00
-1.512772440910339355e+00
-1.528184294700622559e+00
-1.543596386909484863e+00
-1.559008240699768066e+00
-1.574420094490051270e+00
-1.589489817619323730e+00
-1.604454636573791504e+00
-1.609624028205871582e+00
-1.593204736709594727e+00
-1.566967487335205078e+00
-1.543932676315307617e+00
-1.523717641830444336e+00
-1.506787061691284180e+00
-1.495700716972351074e+00
-1.481790781021118164e+00
-1.462653517723083496e+00
-1.444051146507263184e+00
-1.426628589630126953e+00
-1.409733772277832031e+00
-1.392479538917541504e+00
-1.375289082527160645e+00
-1.358154892921447754e+00
-1.341115713119506836e+00
-1.337494969367980957e+00
-1.359863638877868652e+00
-1.386791944503784180e+00
-1.410720705986022949e+00
-1.431920647621154785e+00
-1.452848792076110840e+00
-1.473385691642761230e+00
-1.492971062660217285e+00
-1.512462496757507324e+00
-1.531498074531555176e+00
-1.549959182739257812e+00
-1.566544651985168457e+00
-1.575474143028259277e+00
-1.580656886100769043e+00
-1.574049711227416992e+00
-1.563482403755187988e+00
-1.552986383438110352e+00
-1.538202524185180664e+00
-1.524046659469604492e+00
-1.516586422920227051e+00
-1.512107253074645996e+00
-1.509504437446594238e+00
-1.508993744850158691e+00
-1.508483290672302246e+00
-1.508238792419433594e+00
-1.512188553810119629e+00
-1.517787575721740723e+00
-1.523537278175354004e+00
-1.530335426330566406e+00
-1.539330124855041504e+00
-1.547816395759582520e+00
-1.548976302146911621e+00
-1.543661952018737793e+00
-1.542626023292541504e+00
-1.540990233421325684e+00
-1.534852027893066406e+00
-1.528280258178710938e+00
-1.520670056343078613e+00
-1.509126067161560059e+00
-1.486518263816833496e+00
-1.464662432670593262e+00
-1.442814707756042480e+00
-1.429614901542663574e+00
-1.417102932929992676e+00
-1.403218150138854980e+00
-1.396824121475219727e+00
-1.393979668617248535e+00
-1.398404002189636230e+00
-1.407535314559936523e+00
-1.415609598159790039e+00
-1.423880457878112793e+00
-1.427587866783142090e+00
-1.419217228889465332e+00
-1.410846590995788574e+00
-1.402917504310607910e+00
-1.395008325576782227e+00
-1.387099146842956543e+00
-1.379498243331909180e+00
-1.360428929328918457e+00
-1.342685580253601074e+00
-1.325722098350524902e+00
-1.308758378028869629e+00
-1.291812062263488770e+00
-1.274889945983886719e+00
-1.257969021797180176e+00
-1.245110392570495605e+00
-1.235827088356018066e+00
-1.377104878425598145e+00
-1.363348126411437988e+00
-1.349602460861206055e+00
-1.336161732673645020e+00
-1.323853611946105957e+00
-1.309198975563049316e+00
-1.296471476554870605e+00
-1.284471750259399414e+00
-1.273335933685302734e+00
-1.262719511985778809e+00
-1.252670407295227051e+00
-1.252241015434265137e+00
-1.261147022247314453e+00
-1.269761800765991211e+00
-1.276266336441040039e+00
-1.282375931739807129e+00
-1.282040596008300781e+00
-1.281202793121337891e+00
-1.279837012290954590e+00
-1.278759360313415527e+00
-1.277937769889831543e+00
-1.276885509490966797e+00
-1.278594136238098145e+00
-1.283389687538146973e+00
-1.287574648857116699e+00
-1.297195911407470703e+00
-1.319038152694702148e+00
-1.340558052062988281e+00
-1.362212061882019043e+00
-1.385070204734802246e+00
-1.397601366043090820e+00
-1.409585833549499512e+00
-1.421570062637329102e+00
-1.433854460716247559e+00
-1.447579741477966309e+00
-1.461305260658264160e+00
-1.476673603057861328e+00
-1.492085814476013184e+00
-1.507497429847717285e+00
-1.522909522056579590e+00
-1.538321733474731445e+00
-1.553733468055725098e+00
-1.569145798683166504e+00
-1.584754705429077148e+00
-1.600130558013916016e+00
-1.615459561347961426e+00
-1.613259911537170410e+00
-1.593476533889770508e+00
-1.567734003067016602e+00
-1.548325777053833008e+00
-1.528370141983032227e+00
-1.515604257583618164e+00
-1.504600048065185547e+00
-1.491762757301330566e+00
-1.472982168197631836e+00
-1.454223275184631348e+00
-1.435900092124938965e+00
-1.417695641517639160e+00
-1.400469660758972168e+00
-1.383544921875000000e+00
-1.366626858711242676e+00
-1.354249119758605957e+00
-1.348229050636291504e+00
-1.354457974433898926e+00
-1.375908017158508301e+00
-1.393463253974914551e+00
-1.414377927780151367e+00
-1.435292363166809082e+00
-1.455528736114501953e+00
-1.475244641304016113e+00
-1.495394468307495117e+00
-1.514910697937011719e+00
-1.533719301223754883e+00
-1.551977038383483887e+00
-1.566294550895690918e+00
-1.572665810585021973e+00
-1.566154122352600098e+00
-1.555658459663391113e+00
-1.545873403549194336e+00
-1.539675593376159668e+00
-1.530356526374816895e+00
-1.526586055755615234e+00
-1.523367762565612793e+00
-1.522047758102416992e+00
-1.522763371467590332e+00
-1.525474429130554199e+00
-1.530041575431823730e+00
-1.534359812736511230e+00
-1.539389491081237793e+00
-1.544419288635253906e+00
-1.549756169319152832e+00
-1.556466579437255859e+00
-1.562157154083251953e+00
-1.560680985450744629e+00
-1.554637551307678223e+00
-1.549075841903686523e+00
-1.547845721244812012e+00
-1.540625452995300293e+00
-1.533322215080261230e+00
-1.513394594192504883e+00
-1.490549445152282715e+00
-1.468413472175598145e+00
-1.445483088493347168e+00
-1.426835894584655762e+00
-1.413292050361633301e+00
-1.399828314781188965e+00
-1.386611104011535645e+00
-1.378542423248291016e+00
-1.372348189353942871e+00
-1.375349283218383789e+00
-1.384076595306396484e+00
-1.393075823783874512e+00
-1.399699807167053223e+00
-1.401962876319885254e+00
-1.394055128097534180e+00
-1.386145949363708496e+00
-1.378236651420593262e+00
-1.370327830314636230e+00
-1.362658143043518066e+00
-1.356398463249206543e+00
-1.338847517967224121e+00
-1.321884036064147949e+00
-1.304920554161071777e+00
-1.287957072257995605e+00
-1.270993590354919434e+00
-1.254064679145812988e+00
-1.237143158912658691e+00
-1.227230191230773926e+00
-1.218278288841247559e+00
-1.370074629783630371e+00
-1.357266306877136230e+00
-1.343463540077209473e+00
-1.329660892486572266e+00
-1.315857529640197754e+00
-1.303107619285583496e+00
-1.290516018867492676e+00
-1.275862097740173340e+00
-1.262878060340881348e+00
-1.250878453254699707e+00
-1.239481806755065918e+00
-1.240233302116394043e+00
-1.248760581016540527e+00
-1.257454037666320801e+00
-1.266435146331787109e+00
-1.272453427314758301e+00
-1.275453567504882812e+00
-1.275134086608886719e+00
-1.275061130523681641e+00
-1.274438500404357910e+00
-1.273699760437011719e+00
-1.272746682167053223e+00
-1.273341298103332520e+00
-1.277867794036865234e+00
-1.289603471755981445e+00
-1.310584545135498047e+00
-1.331690192222595215e+00
-1.353457331657409668e+00
-1.375204205513000488e+00
-1.396619439125061035e+00
-1.409636497497558594e+00
-1.423095822334289551e+00
-1.435104370117187500e+00
-1.447088837623596191e+00
-1.459072947502136230e+00
-1.472453474998474121e+00
-1.486811399459838867e+00
-1.502223253250122070e+00
-1.517634987831115723e+00
-1.533047556877136230e+00
-1.548795819282531738e+00
-1.564571619033813477e+00
-1.580347776412963867e+00
-1.596112370491027832e+00
-1.610272049903869629e+00
-1.612492918968200684e+00
-1.604706168174743652e+00
-1.591826081275939941e+00
-1.570406317710876465e+00
-1.552990913391113281e+00
-1.535667538642883301e+00
-1.524596810340881348e+00
-1.513348221778869629e+00
-1.501329302787780762e+00
-1.482689380645751953e+00
-1.463868498802185059e+00
-1.445545196533203125e+00
-1.427222132682800293e+00
-1.408878207206726074e+00
-1.391062617301940918e+00
-1.374935030937194824e+00
-1.366874217987060547e+00
-1.359491229057312012e+00
-1.356099367141723633e+00
-1.365410923957824707e+00
-1.380913615226745605e+00
-1.397593975067138672e+00
-1.417735934257507324e+00
-1.437737107276916504e+00
-1.457366824150085449e+00
-1.477035164833068848e+00
-1.497121572494506836e+00
-1.516628980636596680e+00
-1.535296082496643066e+00
-1.553741812705993652e+00
-1.555987954139709473e+00
-1.556166529655456543e+00
-1.551727175712585449e+00
-1.545232176780700684e+00
-1.539380788803100586e+00
-1.536322116851806641e+00
-1.532325387001037598e+00
-1.528416752815246582e+00
-1.526472449302673340e+00
-1.531284928321838379e+00
-1.536097288131713867e+00
-1.541077852249145508e+00
-1.547130584716796875e+00
-1.552874565124511719e+00
-1.558575510978698730e+00
-1.564249396324157715e+00
-1.571099400520324707e+00
-1.572869658470153809e+00
-1.569229125976562500e+00
-1.563618183135986328e+00
-1.559077620506286621e+00
-1.555503368377685547e+00
-1.539417743682861328e+00
-1.515993714332580566e+00
-1.492416977882385254e+00
-1.469021201133728027e+00
-1.445994973182678223e+00
-1.422980666160583496e+00
-1.409414649009704590e+00
-1.395849227905273438e+00
-1.382576823234558105e+00
-1.369150996208190918e+00
-1.355787158012390137e+00
-1.348216652870178223e+00
-1.352608203887939453e+00
-1.362151741981506348e+00
-1.369187951087951660e+00
-1.375554442405700684e+00
-1.376775264739990234e+00
-1.369374752044677734e+00
-1.361465334892272949e+00
-1.353555798530578613e+00
-1.345818161964416504e+00
-1.339451432228088379e+00
-1.335009932518005371e+00
-1.318046092987060547e+00
-1.301082730293273926e+00
-1.284119009971618652e+00
-1.267155766487121582e+00
-1.250192046165466309e+00
-1.233239173889160156e+00
-1.218633770942687988e+00
-1.209682106971740723e+00
-1.200730323791503906e+00
-1.362767934799194336e+00
-1.350366950035095215e+00
-1.337959885597229004e+00
-1.324176192283630371e+00
-1.310306549072265625e+00
-1.296438455581665039e+00
-1.282959103584289551e+00
-1.270437598228454590e+00
-1.256950259208679199e+00
-1.242673754692077637e+00
-1.229217767715454102e+00
-1.229062557220458984e+00
-1.236749768257141113e+00
-1.244622111320495605e+00
-1.252520203590393066e+00
-1.261359333992004395e+00
-1.268494367599487305e+00
-1.270522356033325195e+00
-1.269398808479309082e+00
-1.269573807716369629e+00
-1.269456505775451660e+00
-1.268608093261718750e+00
-1.268609523773193359e+00
-1.283317685127258301e+00
-1.303902387619018555e+00
-1.324314713478088379e+00
-1.345646262168884277e+00
-1.366407990455627441e+00
-1.387862801551818848e+00
-1.409629940986633301e+00
-1.422282338142395020e+00
-1.434155464172363281e+00
-1.447794079780578613e+00
-1.460623025894165039e+00
-1.472607731819152832e+00
-1.484592080116271973e+00
-1.497439503669738770e+00
-1.512836575508117676e+00
-1.528612256050109863e+00
-1.544388890266418457e+00
-1.560165047645568848e+00
-1.575955986976623535e+00
-1.591852307319641113e+00
-1.601879239082336426e+00
-1.604216098785400391e+00
-1.605474472045898438e+00
-1.595080137252807617e+00
-1.585812687873840332e+00
-1.573666214942932129e+00
-1.557178378105163574e+00
-1.544512391090393066e+00
-1.532969713211059570e+00
-1.521045327186584473e+00
-1.509745478630065918e+00
-1.491891264915466309e+00
-1.473209738731384277e+00
-1.454022645950317383e+00
-1.434670329093933105e+00
-1.415248632431030273e+00
-1.395990371704101562e+00
-1.387085437774658203e+00
-1.379185914993286133e+00
-1.371537804603576660e+00
-1.366188883781433105e+00
-1.360627293586730957e+00
-1.370792984962463379e+00
-1.385769605636596680e+00
-1.402599096298217773e+00
-1.419945359230041504e+00
-1.439525723457336426e+00
-1.458819270133972168e+00
-1.477697730064392090e+00
-1.496502041816711426e+00
-1.515148043632507324e+00
-1.526239752769470215e+00
-1.537259697914123535e+00
-1.544210672378540039e+00
-1.545608401298522949e+00
-1.540183067321777344e+00
-1.536623120307922363e+00
-1.538315892219543457e+00
-1.534956097602844238e+00
-1.532736539840698242e+00
-1.535053133964538574e+00
-1.539305686950683594e+00
-1.543558478355407715e+00
-1.549328923225402832e+00
-1.555323481559753418e+00
-1.561204075813293457e+00
-1.566724896430969238e+00
-1.572192311286926270e+00
-1.576069474220275879e+00
-1.576454043388366699e+00
-1.572926521301269531e+00
-1.566553115844726562e+00
-1.563269734382629395e+00
-1.546199202537536621e+00
-1.521008014678955078e+00
-1.495211005210876465e+00
-1.469493269920349121e+00
-1.446457028388977051e+00
-1.423420906066894531e+00
-1.405537486076354980e+00
-1.391971588134765625e+00
-1.378555893898010254e+00
-1.363977551460266113e+00
-1.346986413002014160e+00
-1.331698298454284668e+00
-1.325926899909973145e+00
-1.330682873725891113e+00
-1.338382601737976074e+00
-1.345594286918640137e+00
-1.350723624229431152e+00
-1.351810574531555176e+00
-1.344693899154663086e+00
-1.336784482002258301e+00
-1.328977942466735840e+00
-1.322504401206970215e+00
-1.318104386329650879e+00
-1.314208388328552246e+00
-1.297244787216186523e+00
-1.280281305313110352e+00
-1.263317942619323730e+00
-1.246354222297668457e+00
-1.229390740394592285e+00
-1.213027596473693848e+00
-1.201085686683654785e+00
-1.192133545875549316e+00
-1.183181881904602051e+00
-1.355003714561462402e+00
-1.343065619468688965e+00
-1.330659508705139160e+00
-1.318252801895141602e+00
-1.304970860481262207e+00
-1.291102528572082520e+00
-1.277232289314270020e+00
-1.263362765312194824e+00
-1.250645399093627930e+00
-1.237209200859069824e+00
-1.223561525344848633e+00
-1.221928477287292480e+00
-1.226830601692199707e+00
-1.233232140541076660e+00
-1.240503430366516113e+00
-1.248753547668457031e+00
-1.257827162742614746e+00
-1.264963269233703613e+00
-1.266336679458618164e+00
-1.264665007591247559e+00
-1.264106869697570801e+00
-1.264331936836242676e+00
-1.276543140411376953e+00
-1.297927021980285645e+00
-1.318834662437438965e+00
-1.339244246482849121e+00
-1.359652876853942871e+00
-1.380274176597595215e+00
-1.401605367660522461e+00
-1.422267794609069824e+00
-1.435277104377746582e+00
-1.447267174720764160e+00
-1.459486126899719238e+00
-1.472466111183166504e+00
-1.486567378044128418e+00
-1.499106287956237793e+00
-1.511573672294616699e+00
-1.524444937705993652e+00
-1.540341019630432129e+00
-1.556237459182739258e+00
-1.572133660316467285e+00
-1.588029742240905762e+00
-1.593495368957519531e+00
-1.595808029174804688e+00
-1.596734166145324707e+00
-1.595940232276916504e+00
-1.585542440414428711e+00
-1.580516219139099121e+00
-1.575650811195373535e+00
-1.560913681983947754e+00
-1.551691412925720215e+00
-1.540009260177612305e+00
-1.527869582176208496e+00
-1.516207695007324219e+00
-1.498512029647827148e+00
-1.479009747505187988e+00
-1.459657311439514160e+00
-1.440305113792419434e+00
-1.420953154563903809e+00
-1.408747315406799316e+00
-1.399612545967102051e+00
-1.391817927360534668e+00
-1.384170174598693848e+00
-1.375556349754333496e+00
-1.364653110504150391e+00
-1.364090442657470703e+00
-1.373770356178283691e+00
-1.387120127677917480e+00
-1.401794433593750000e+00
-1.416730046272277832e+00
-1.435715198516845703e+00
-1.454389214515686035e+00
-1.472733139991760254e+00
-1.487612843513488770e+00
-1.500238656997680664e+00
-1.515136361122131348e+00
-1.529198169708251953e+00
-1.533609986305236816e+00
-1.531870245933532715e+00
-1.532604336738586426e+00
-1.534411311149597168e+00
-1.539372563362121582e+00
-1.539730072021484375e+00
-1.541929483413696289e+00
-1.546010136604309082e+00
-1.550918936729431152e+00
-1.556738138198852539e+00
-1.562557458877563477e+00
-1.568376898765563965e+00
-1.574167132377624512e+00
-1.579069256782531738e+00
-1.578183531761169434e+00
-1.576701283454895020e+00
-1.571707487106323242e+00
-1.557216286659240723e+00
-1.538836121559143066e+00
-1.520928025245666504e+00
-1.495801568031311035e+00
-1.470896124839782715e+00
-1.446682095527648926e+00
-1.421974778175354004e+00
-1.398917436599731445e+00
-1.386524677276611328e+00
-1.374131798744201660e+00
-1.358863830566406250e+00
-1.341390728950500488e+00
-1.324688315391540527e+00
-1.308505415916442871e+00
-1.303742289543151855e+00
-1.307667374610900879e+00
-1.315046787261962891e+00
-1.322193861007690430e+00
-1.325759291648864746e+00
-1.326846003532409668e+00
-1.320012927055358887e+00
-1.312138199806213379e+00
-1.305557608604431152e+00
-1.300944924354553223e+00
-1.297962188720703125e+00
-1.293407320976257324e+00
-1.276443362236022949e+00
-1.259479880332946777e+00
-1.242516636848449707e+00
-1.225553035736083984e+00
-1.209203124046325684e+00
-1.193131804466247559e+00
-1.183537364006042480e+00
-1.174585461616516113e+00
-1.165633320808410645e+00
-1.347238421440124512e+00
-1.335319399833679199e+00
-1.323357939720153809e+00
-1.310952305793762207e+00
-1.298544526100158691e+00
-1.285765528678894043e+00
-1.271896481513977051e+00
-1.258027315139770508e+00
-1.244158506393432617e+00
-1.230874776840209961e+00
-1.219303727149963379e+00
-1.215996742248535156e+00
-1.220816373825073242e+00
-1.226218223571777344e+00
-1.231752038002014160e+00
-1.238866925239562988e+00
-1.246356606483459473e+00
-1.255216836929321289e+00
-1.262125730514526367e+00
-1.261657118797302246e+00
-1.261159300804138184e+00
-1.275220990180969238e+00
-1.291117310523986816e+00
-1.312887072563171387e+00
-1.334081053733825684e+00
-1.354377865791320801e+00
-1.374688744544982910e+00
-1.395052075386047363e+00
-1.415415644645690918e+00
-1.436263442039489746e+00
-1.449748158454895020e+00
-1.461344718933105469e+00
-1.473815560340881348e+00
-1.486714482307434082e+00
-1.499120712280273438e+00
-1.513287186622619629e+00
-1.527006387710571289e+00
-1.539513111114501953e+00
-1.552953481674194336e+00
-1.568310856819152832e+00
-1.582235455513000488e+00
-1.585041642189025879e+00
-1.586802721023559570e+00
-1.587989926338195801e+00
-1.588915944099426270e+00
-1.586402773857116699e+00
-1.578202366828918457e+00
-1.574383020401000977e+00
-1.570694565773010254e+00
-1.565542221069335938e+00
-1.555365562438964844e+00
-1.544049859046936035e+00
-1.531793832778930664e+00
-1.520366668701171875e+00
-1.503996849060058594e+00
-1.484644412994384766e+00
-1.464779973030090332e+00
-1.444707870483398438e+00
-1.429252624511718750e+00
-1.419204354286193848e+00
-1.409826397895812988e+00
-1.400447845458984375e+00
-1.391931891441345215e+00
-1.379812121391296387e+00
-1.367969512939453125e+00
-1.357427239418029785e+00
-1.363546013832092285e+00
-1.373232960700988770e+00
-1.383735060691833496e+00
-1.397580027580261230e+00
-1.411721706390380859e+00
-1.428676009178161621e+00
-1.448572874069213867e+00
-1.460776805877685547e+00
-1.474098205566406250e+00
-1.489546060562133789e+00
-1.504981756210327148e+00
-1.517152786254882812e+00
-1.521738767623901367e+00
-1.528202652931213379e+00
-1.536433219909667969e+00
-1.542870163917541504e+00
-1.545773267745971680e+00
-1.547961115837097168e+00
-1.552226185798645020e+00
-1.558045506477355957e+00
-1.563453674316406250e+00
-1.568165421485900879e+00
-1.572876572608947754e+00
-1.577588200569152832e+00
-1.580152153968811035e+00
-1.577567696571350098e+00
-1.573738694190979004e+00
-1.554216980934143066e+00
-1.532076478004455566e+00
-1.515071392059326172e+00
-1.495954155921936035e+00
-1.470589756965637207e+00
-1.446375608444213867e+00
-1.422161221504211426e+00
-1.397594332695007324e+00
-1.378749132156372070e+00
-1.363294124603271484e+00
-1.346643328666687012e+00
-1.330118298530578613e+00
-1.314829707145690918e+00
-1.298875331878662109e+00
-1.283817172050476074e+00
-1.280015468597412109e+00
-1.284299015998840332e+00
-1.291878700256347656e+00
-1.298733115196228027e+00
-1.300794482231140137e+00
-1.301881194114685059e+00
-1.295332312583923340e+00
-1.288610935211181641e+00
-1.283785223960876465e+00
-1.280802607536315918e+00
-1.277820110321044922e+00
-1.272605657577514648e+00
-1.255641818046569824e+00
-1.238678574562072754e+00
-1.221714973449707031e+00
-1.205378413200378418e+00
-1.189307451248168945e+00
-1.175001978874206543e+00
-1.166008353233337402e+00
-1.157037138938903809e+00
-1.148085474967956543e+00
-1.339472770690917969e+00
-1.327554583549499512e+00
-1.315636634826660156e+00
-1.303649783134460449e+00
-1.291243433952331543e+00
-1.278837561607360840e+00
-1.266431212425231934e+00
-1.252690672874450684e+00
-1.238594055175781250e+00
-1.223935246467590332e+00
-1.214780449867248535e+00
-1.212609052658081055e+00
-1.215129971504211426e+00
-1.220633864402770996e+00
-1.226367115974426270e+00
-1.232107877731323242e+00
-1.237976670265197754e+00
-1.245092034339904785e+00
-1.252606034278869629e+00
-1.260267615318298340e+00
-1.275230169296264648e+00
-1.290987849235534668e+00
-1.307220220565795898e+00
-1.327514410018920898e+00
-1.349351286888122559e+00
-1.370427966117858887e+00
-1.391010642051696777e+00
-1.411792635917663574e+00
-1.432573676109313965e+00
-1.453354954719543457e+00
-1.466307759284973145e+00
-1.477942347526550293e+00
-1.489679455757141113e+00
-1.501546502113342285e+00
-1.513905882835388184e+00
-1.526926398277282715e+00
-1.540137648582458496e+00
-1.554349660873413086e+00
-1.567452192306518555e+00
-1.574965357780456543e+00
-1.576177120208740234e+00
-1.577669739723205566e+00
-1.579043388366699219e+00
-1.580171942710876465e+00
-1.580854058265686035e+00
-1.576000094413757324e+00
-1.570398092269897461e+00
-1.564622998237609863e+00
-1.560056567192077637e+00
-1.564542651176452637e+00
-1.555943250656127930e+00
-1.544013381004333496e+00
-1.533130049705505371e+00
-1.520983338356018066e+00
-1.505219578742980957e+00
-1.485297441482543945e+00
-1.465225458145141602e+00
-1.447241187095642090e+00
-1.437171936035156250e+00
-1.427605509757995605e+00
-1.418227076530456543e+00
-1.408809542655944824e+00
-1.398818135261535645e+00
-1.383443951606750488e+00
-1.369895339012145996e+00
-1.358193516731262207e+00
-1.351209402084350586e+00
-1.359092831611633301e+00
-1.367474913597106934e+00
-1.377509236335754395e+00
-1.393044829368591309e+00
-1.411637902259826660e+00
-1.421437144279479980e+00
-1.433400273323059082e+00
-1.447622656822204590e+00
-1.463092923164367676e+00
-1.478523492813110352e+00
-1.494597554206848145e+00
-1.514230370521545410e+00
-1.525911688804626465e+00
-1.536017894744873047e+00
-1.544441938400268555e+00
-1.551101446151733398e+00
-1.552563786506652832e+00
-1.556880950927734375e+00
-1.561592459678649902e+00
-1.566303372383117676e+00
-1.571003913879394531e+00
-1.575688004493713379e+00
-1.580371618270874023e+00
-1.579821705818176270e+00
-1.567278981208801270e+00
-1.548568010330200195e+00
-1.529278278350830078e+00
-1.508307099342346191e+00
-1.491306424140930176e+00
-1.472336292266845703e+00
-1.447196364402770996e+00
-1.421854853630065918e+00
-1.397640585899353027e+00
-1.374817728996276855e+00
-1.359062314033508301e+00
-1.340004086494445801e+00
-1.320654511451721191e+00
-1.302382349967956543e+00
-1.285599112510681152e+00
-1.270262837409973145e+00
-1.255816817283630371e+00
-1.249165654182434082e+00
-1.254116415977478027e+00
-1.262726545333862305e+00
-1.269989252090454102e+00
-1.272307157516479492e+00
-1.274567008018493652e+00
-1.270486950874328613e+00
-1.266580462455749512e+00
-1.263643145561218262e+00
-1.260660409927368164e+00
-1.257677435874938965e+00
-1.251804471015930176e+00
-1.234840750694274902e+00
-1.217877268791198730e+00
-1.201554179191589355e+00
-1.185482740402221680e+00
-1.169411301612854004e+00
-1.157477855682373047e+00
-1.148484468460083008e+00
-1.139490723609924316e+00
-1.130537271499633789e+00
-1.332283139228820801e+00
-1.319790005683898926e+00
-1.307872176170349121e+00
-1.295953869819641113e+00
-1.283941984176635742e+00
-1.271535873413085938e+00
-1.259129405021667480e+00
-1.246219277381896973e+00
-1.232308268547058105e+00
-1.217932820320129395e+00
-1.211667776107788086e+00
-1.208802819252014160e+00
-1.210133790969848633e+00
-1.215647339820861816e+00
-1.221151709556579590e+00
-1.226655364036560059e+00
-1.232338070869445801e+00
-1.238078713417053223e+00
-1.248608946800231934e+00
-1.272376060485839844e+00
-1.292219519615173340e+00
-1.307105183601379395e+00
-1.322580814361572266e+00
-1.343524813652038574e+00
-1.366074323654174805e+00
-1.387457728385925293e+00
-1.408790707588195801e+00
-1.429571747779846191e+00
-1.450353264808654785e+00
-1.471134543418884277e+00
-1.484552025794982910e+00
-1.495553374290466309e+00
-1.506554007530212402e+00
-1.518398880958557129e+00
-1.530013442039489746e+00
-1.542216897010803223e+00
-1.554945349693298340e+00
-1.567666888236999512e+00
-1.570532202720642090e+00
-1.570931911468505859e+00
-1.570709824562072754e+00
-1.570074200630187988e+00
-1.569927692413330078e+00
-1.568636775016784668e+00
-1.566989541053771973e+00
-1.561723589897155762e+00
-1.555228710174560547e+00
-1.548733830451965332e+00
-1.547517657279968262e+00
-1.553074479103088379e+00
-1.552364468574523926e+00
-1.541334986686706543e+00
-1.530885219573974609e+00
-1.519952416419982910e+00
-1.505472183227539062e+00
-1.485603570938110352e+00
-1.465174198150634766e+00
-1.453900814056396484e+00
-1.443565249443054199e+00
-1.433627128601074219e+00
-1.423689007759094238e+00
-1.413750767707824707e+00
-1.401689291000366211e+00
-1.385140895843505859e+00
-1.369946599006652832e+00
-1.358103394508361816e+00
-1.346604824066162109e+00
-1.345703244209289551e+00
-1.354095935821533203e+00
-1.367383360862731934e+00
-1.381633281707763672e+00
-1.390542626380920410e+00
-1.398189663887023926e+00
-1.406405687332153320e+00
-1.420716047286987305e+00
-1.435669302940368652e+00
-1.452400922775268555e+00
-1.476030349731445312e+00
-1.504897952079772949e+00
-1.521115183830261230e+00
-1.530741691589355469e+00
-1.540048956871032715e+00
-1.548152804374694824e+00
-1.554638981819152832e+00
-1.559651851654052734e+00
-1.564391255378723145e+00
-1.569075226783752441e+00
-1.573758840560913086e+00
-1.578442692756652832e+00
-1.577875018119812012e+00
-1.560792207717895508e+00
-1.543007493019104004e+00
-1.523377060890197754e+00
-1.503441572189331055e+00
-1.484542250633239746e+00
-1.467541694641113281e+00
-1.449460864067077637e+00
-1.424709916114807129e+00
-1.398909926414489746e+00
-1.373119950294494629e+00
-1.354576349258422852e+00
-1.335351824760437012e+00
-1.316098809242248535e+00
-1.297442555427551270e+00
-1.278519511222839355e+00
-1.260053992271423340e+00
-1.242599368095397949e+00
-1.226105809211730957e+00
-1.218207001686096191e+00
-1.223679184913635254e+00
-1.232221364974975586e+00
-1.237857937812805176e+00
-1.240175724029541016e+00
-1.243330597877502441e+00
-1.241238474845886230e+00
-1.239486694335937500e+00
-1.237735152244567871e+00
-1.235983252525329590e+00
-1.234208464622497559e+00
-1.228849649429321289e+00
-1.213058590888977051e+00
-1.197702407836914062e+00
-1.181658387184143066e+00
-1.165587186813354492e+00
-1.149515509605407715e+00
-1.139953613281250000e+00
-1.130960226058959961e+00
-1.121966361999511719e+00
-1.113244652748107910e+00
-1.325078606605529785e+00
-1.312856078147888184e+00
-1.300313591957092285e+00
-1.288189053535461426e+00
-1.276270508766174316e+00
-1.264083504676818848e+00
-1.251047968864440918e+00
-1.238143444061279297e+00
-1.225391507148742676e+00
-1.212326884269714355e+00
-1.209231257438659668e+00
-1.206448316574096680e+00
-1.204514265060424805e+00
-1.210552811622619629e+00
-1.216458439826965332e+00
-1.222082853317260742e+00
-1.227707266807556152e+00
-1.240427255630493164e+00
-1.262784361839294434e+00
-1.285302042961120605e+00
-1.308650851249694824e+00
-1.326739430427551270e+00
-1.340489506721496582e+00
-1.359630942344665527e+00
-1.381789207458496094e+00
-1.404825806617736816e+00
-1.426430821418762207e+00
-1.447067141532897949e+00
-1.468132376670837402e+00
-1.488914370536804199e+00
-1.502796292304992676e+00
-1.513797402381896973e+00
-1.524798512458801270e+00
-1.535799384117126465e+00
-1.546688795089721680e+00
-1.557892322540283203e+00
-1.566070079803466797e+00
-1.564102768898010254e+00
-1.562099695205688477e+00
-1.559427857398986816e+00
-1.558490157127380371e+00
-1.556766390800476074e+00
-1.553920149803161621e+00
-1.551000237464904785e+00
-1.549643039703369141e+00
-1.545761942863464355e+00
-1.539155006408691406e+00
-1.532663583755493164e+00
-1.535766124725341797e+00
-1.541133522987365723e+00
-1.545782446861267090e+00
-1.537619709968566895e+00
-1.526566147804260254e+00
-1.515556216239929199e+00
-1.502685546875000000e+00
-1.482589483261108398e+00
-1.468989729881286621e+00
-1.458444952964782715e+00
-1.448506712913513184e+00
-1.438568472862243652e+00
-1.428630232810974121e+00
-1.418676495552062988e+00
-1.404098629951477051e+00
-1.387443661689758301e+00
-1.370679140090942383e+00
-1.357520461082458496e+00
-1.345580339431762695e+00
-1.337509512901306152e+00
-1.347494363784790039e+00
-1.359072804450988770e+00
-1.368319153785705566e+00
-1.372197985649108887e+00
-1.376466631889343262e+00
-1.385441184043884277e+00
-1.396011471748352051e+00
-1.411142945289611816e+00
-1.430643558502197266e+00
-1.456793904304504395e+00
-1.484790682792663574e+00
-1.511307239532470703e+00
-1.522308707237243652e+00
-1.531988620758056641e+00
-1.541957497596740723e+00
-1.554684281349182129e+00
-1.561755537986755371e+00
-1.566763758659362793e+00
-1.571771979331970215e+00
-1.576415061950683594e+00
-1.569749355316162109e+00
-1.554306268692016602e+00
-1.536359906196594238e+00
-1.517547965049743652e+00
-1.497537493705749512e+00
-1.478299498558044434e+00
-1.460777521133422852e+00
-1.444367289543151855e+00
-1.426635384559631348e+00
-1.402223229408264160e+00
-1.376423597335815430e+00
-1.351388692855834961e+00
-1.331332206726074219e+00
-1.311564564704895020e+00
-1.292502284049987793e+00
-1.273788332939147949e+00
-1.255263209342956543e+00
-1.237522006034851074e+00
-1.218913674354553223e+00
-1.198857903480529785e+00
-1.187247872352600098e+00
-1.192979931831359863e+00
-1.201593756675720215e+00
-1.205726742744445801e+00
-1.208705782890319824e+00
-1.213469743728637695e+00
-1.213929772377014160e+00
-1.212177753448486328e+00
-1.210425972938537598e+00
-1.208674073219299316e+00
-1.206922054290771484e+00
-1.200961470603942871e+00
-1.185896039009094238e+00
-1.171055555343627930e+00
-1.156215190887451172e+00
-1.141374945640563965e+00
-1.128293275833129883e+00
-1.120472431182861328e+00
-1.112651705741882324e+00
-1.104432940483093262e+00
-1.100610017776489258e+00
-1.316079139709472656e+00
-1.305561184883117676e+00
-1.293429970741271973e+00
-1.281207919120788574e+00
-1.268079280853271484e+00
-1.255532503128051758e+00
-1.243229627609252930e+00
-1.230688929557800293e+00
-1.218266129493713379e+00
-1.208419561386108398e+00
-1.207219243049621582e+00
-1.204731106758117676e+00
-1.202068209648132324e+00
-1.206035971641540527e+00
-1.211623549461364746e+00
-1.217801213264465332e+00
-1.233501195907592773e+00
-1.256095051765441895e+00
-1.278652787208557129e+00
-1.301170468330383301e+00
-1.323765754699707031e+00
-1.346131920814514160e+00
-1.362152934074401855e+00
-1.378922820091247559e+00
-1.398270487785339355e+00
-1.420053601264953613e+00
-1.442743182182312012e+00
-1.464440226554870605e+00
-1.484926104545593262e+00
-1.504860043525695801e+00
-1.518486618995666504e+00
-1.528767585754394531e+00
-1.539049148559570312e+00
-1.549329400062561035e+00
-1.559548258781433105e+00
-1.562154173851013184e+00
-1.557418584823608398e+00
-1.553135275840759277e+00
-1.548771023750305176e+00
-1.544755578041076660e+00
-1.541358232498168945e+00
-1.539705991744995117e+00
-1.537778735160827637e+00
-1.533764243125915527e+00
-1.534711003303527832e+00
-1.528549909591674805e+00
-1.521383404731750488e+00
-1.516783475875854492e+00
-1.521420598030090332e+00
-1.526707053184509277e+00
-1.532130599021911621e+00
-1.531632304191589355e+00
-1.521539807319641113e+00
-1.510417699813842773e+00
-1.499528527259826660e+00
-1.484575748443603516e+00
-1.473817706108093262e+00
-1.463597655296325684e+00
-1.453456759452819824e+00
-1.443234682083129883e+00
-1.433075308799743652e+00
-1.422481417655944824e+00
-1.405699133872985840e+00
-1.388874411582946777e+00
-1.372019886970520020e+00
-1.359968543052673340e+00
-1.351944446563720703e+00
-1.343311190605163574e+00
-1.340707778930664062e+00
-1.350393414497375488e+00
-1.351651787757873535e+00
-1.354676365852355957e+00
-1.357598304748535156e+00
-1.363684415817260742e+00
-1.376849532127380371e+00
-1.390842676162719727e+00
-1.409175872802734375e+00
-1.436665892601013184e+00
-1.464635491371154785e+00
-1.492604374885559082e+00
-1.513643860816955566e+00
-1.523386836051940918e+00
-1.534643769264221191e+00
-1.548483014106750488e+00
-1.562487959861755371e+00
-1.568413257598876953e+00
-1.568893074989318848e+00
-1.559030294418334961e+00
-1.547074556350708008e+00
-1.529892325401306152e+00
-1.511858940124511719e+00
-1.492064118385314941e+00
-1.472102999687194824e+00
-1.454452157020568848e+00
-1.437451720237731934e+00
-1.421395301818847656e+00
-1.403809905052185059e+00
-1.379631638526916504e+00
-1.352040410041809082e+00
-1.329846024513244629e+00
-1.309336066246032715e+00
-1.288753271102905273e+00
-1.269114375114440918e+00
-1.250589251518249512e+00
-1.232444405555725098e+00
-1.214499235153198242e+00
-1.194419264793395996e+00
-1.174364924430847168e+00
-1.161270499229431152e+00
-1.164278388023376465e+00
-1.170745491981506348e+00
-1.174081325531005859e+00
-1.178632378578186035e+00
-1.185876965522766113e+00
-1.186620712280273438e+00
-1.184868693351745605e+00
-1.183116674423217773e+00
-1.181364893913269043e+00
-1.179612994194030762e+00
-1.173673987388610840e+00
-1.158833622932434082e+00
-1.143993020057678223e+00
-1.129152774810791016e+00
-1.114312171936035156e+00
-1.103646636009216309e+00
-1.095883727073669434e+00
-1.088121175765991211e+00
-1.084420084953308105e+00
-1.082663178443908691e+00
-1.305742383003234863e+00
-1.295414805412292480e+00
-1.285013318061828613e+00
-1.273361086845397949e+00
-1.261148214340209961e+00
-1.248466253280639648e+00
-1.236087203025817871e+00
-1.224183917045593262e+00
-1.211821436882019043e+00
-1.204803824424743652e+00
-1.203603863716125488e+00
-1.202403903007507324e+00
-1.200428485870361328e+00
-1.202439188957214355e+00
-1.208362936973571777e+00
-1.226739645004272461e+00
-1.249816536903381348e+00
-1.272367954254150391e+00
-1.294885993003845215e+00
-1.317403912544250488e+00
-1.339377522468566895e+00
-1.361175417900085449e+00
-1.382404685020446777e+00
-1.397728323936462402e+00
-1.415527939796447754e+00
-1.434235453605651855e+00
-1.453861713409423828e+00
-1.474875569343566895e+00
-1.496247649192810059e+00
-1.517619848251342773e+00
-1.531906843185424805e+00
-1.541730880737304688e+00
-1.551339268684387207e+00
-1.560504436492919922e+00
-1.557081460952758789e+00
-1.551875710487365723e+00
-1.546669840812683105e+00
-1.540762066841125488e+00
-1.534933567047119141e+00
-1.529020667076110840e+00
-1.522827982902526855e+00
-1.518616080284118652e+00
-1.515829920768737793e+00
-1.515303730964660645e+00
-1.518365621566772461e+00
-1.509618878364562988e+00
-1.502171158790588379e+00
-1.501893281936645508e+00
-1.506944179534912109e+00
-1.512280941009521484e+00
-1.518628358840942383e+00
-1.522904515266418457e+00
-1.516351938247680664e+00
-1.505436778068542480e+00
-1.497053146362304688e+00
-1.489235043525695801e+00
-1.478900551795959473e+00
-1.468616962432861328e+00
-1.458333373069763184e+00
-1.448050260543823242e+00
-1.437766432762145996e+00
-1.424556374549865723e+00
-1.407620668411254883e+00
-1.392175078392028809e+00
-1.379877686500549316e+00
-1.368203282356262207e+00
-1.359331727027893066e+00
-1.348928332328796387e+00
-1.339099049568176270e+00
-1.332969069480895996e+00
-1.333105921745300293e+00
-1.333719849586486816e+00
-1.341056942939758301e+00
-1.351113080978393555e+00
-1.361145973205566406e+00
-1.374238371849060059e+00
-1.395242333412170410e+00
-1.418178439140319824e+00
-1.444431662559509277e+00
-1.472400903701782227e+00
-1.499370932579040527e+00
-1.515427708625793457e+00
-1.527231216430664062e+00
-1.541137099266052246e+00
-1.556293606758117676e+00
-1.555122613906860352e+00
-1.546141982078552246e+00
-1.537154316902160645e+00
-1.522426247596740723e+00
-1.505001664161682129e+00
-1.486169219017028809e+00
-1.466012120246887207e+00
-1.446668267250061035e+00
-1.431400775909423828e+00
-1.414373040199279785e+00
-1.398422956466674805e+00
-1.380628466606140137e+00
-1.355140328407287598e+00
-1.328360319137573242e+00
-1.307850003242492676e+00
-1.287747144699096680e+00
-1.267362117767333984e+00
-1.247251391410827637e+00
-1.227390170097351074e+00
-1.209912419319152832e+00
-1.190004944801330566e+00
-1.169924974441528320e+00
-1.149871826171875000e+00
-1.135671854019165039e+00
-1.138829827308654785e+00
-1.143303990364074707e+00
-1.145202517509460449e+00
-1.151039600372314453e+00
-1.158283829689025879e+00
-1.159311294555664062e+00
-1.157559394836425781e+00
-1.155807733535766602e+00
-1.154055476188659668e+00
-1.152997612953186035e+00
-1.146611332893371582e+00
-1.131771087646484375e+00
-1.116930127143859863e+00
-1.102090001106262207e+00
-1.087249159812927246e+00
-1.078955411911010742e+00
-1.071192622184753418e+00
-1.066391587257385254e+00
-1.064634442329406738e+00
-1.062479853630065918e+00
-1.296089291572570801e+00
-1.285412073135375977e+00
-1.274498224258422852e+00
-1.263916850090026855e+00
-1.253333926200866699e+00
-1.241684556007385254e+00
-1.230048537254333496e+00
-1.217443823814392090e+00
-1.205375790596008301e+00
-1.201323032379150391e+00
-1.200487017631530762e+00
-1.199651360511779785e+00
-1.198815584182739258e+00
-1.199291825294494629e+00
-1.219516515731811523e+00
-1.241244077682495117e+00
-1.262924075126647949e+00
-1.284996032714843750e+00
-1.306825041770935059e+00
-1.328623175621032715e+00
-1.350421786308288574e+00
-1.372219920158386230e+00
-1.394008159637451172e+00
-1.416454076766967773e+00
-1.433421015739440918e+00
-1.450301527976989746e+00
-1.468037486076354980e+00
-1.487429261207580566e+00
-1.506816506385803223e+00
-1.526855349540710449e+00
-1.541605353355407715e+00
-1.551542162895202637e+00
-1.556597948074340820e+00
-1.550222635269165039e+00
-1.544456839561462402e+00
-1.538583040237426758e+00
-1.532319188117980957e+00
-1.525681376457214355e+00
-1.518400073051452637e+00
-1.511118292808532715e+00
-1.504601240158081055e+00
-1.498194336891174316e+00
-1.494086384773254395e+00
-1.497037768363952637e+00
-1.499081969261169434e+00
-1.491926670074462891e+00
-1.484615206718444824e+00
-1.487139344215393066e+00
-1.492393851280212402e+00
-1.497936964035034180e+00
-1.504581570625305176e+00
-1.508781313896179199e+00
-1.509074449539184570e+00
-1.499953985214233398e+00
-1.498757839202880859e+00
-1.492303490638732910e+00
-1.483621597290039062e+00
-1.473337888717651367e+00
-1.463054418563842773e+00
-1.452770829200744629e+00
-1.442487359046936035e+00
-1.427019357681274414e+00
-1.414562106132507324e+00
-1.401674151420593262e+00
-1.388269186019897461e+00
-1.374864101409912109e+00
-1.363951802253723145e+00
-1.352735996246337891e+00
-1.334931969642639160e+00
-1.315342307090759277e+00
-1.315362930297851562e+00
-1.320275664329528809e+00
-1.328834176063537598e+00
-1.338755011558532715e+00
-1.348676085472106934e+00
-1.362540245056152344e+00
-1.382465958595275879e+00
-1.404896736145019531e+00
-1.427812218666076660e+00
-1.452197790145874023e+00
-1.480168700218200684e+00
-1.505460143089294434e+00
-1.519818902015686035e+00
-1.526914715766906738e+00
-1.527494430541992188e+00
-1.528064727783203125e+00
-1.522892594337463379e+00
-1.511866450309753418e+00
-1.495844483375549316e+00
-1.478833913803100586e+00
-1.459336161613464355e+00
-1.438712477684020996e+00
-1.421718120574951172e+00
-1.408853769302368164e+00
-1.391469120979309082e+00
-1.374904036521911621e+00
-1.355603694915771484e+00
-1.328027963638305664e+00
-1.306417346000671387e+00
-1.286375880241394043e+00
-1.266041994094848633e+00
-1.246197342872619629e+00
-1.226086616516113281e+00
-1.206619620323181152e+00
-1.185789823532104492e+00
-1.165510654449462891e+00
-1.145430564880371094e+00
-1.125378727912902832e+00
-1.111348271369934082e+00
-1.113498568534851074e+00
-1.117967963218688965e+00
-1.122614264488220215e+00
-1.127213120460510254e+00
-1.131473660469055176e+00
-1.132002234458923340e+00
-1.130250334739685059e+00
-1.128498315811157227e+00
-1.127454161643981934e+00
-1.126594066619873047e+00
-1.119548797607421875e+00
-1.104707956314086914e+00
-1.089867591857910156e+00
-1.075027585029602051e+00
-1.062027096748352051e+00
-1.054264307022094727e+00
-1.048362612724304199e+00
-1.046605944633483887e+00
-1.044488310813903809e+00
-1.042664170265197754e+00
-1.287002205848693848e+00
-1.275516629219055176e+00
-1.264534711837768555e+00
-1.254036426544189453e+00
-1.243793606758117676e+00
-1.233424782752990723e+00
-1.222185134887695312e+00
-1.210079073905944824e+00
-1.197595477104187012e+00
-1.195916175842285156e+00
-1.194378733634948730e+00
-1.192822813987731934e+00
-1.192796230316162109e+00
-1.207846522331237793e+00
-1.230748295783996582e+00
-1.252640724182128906e+00
-1.274292707443237305e+00
-1.295945286750793457e+00
-1.317597866058349609e+00
-1.339667201042175293e+00
-1.361465573310852051e+00
-1.383263707160949707e+00
-1.405061721801757812e+00
-1.428068161010742188e+00
-1.452755808830261230e+00
-1.468344926834106445e+00
-1.483123421669006348e+00
-1.498267054557800293e+00
-1.513900637626647949e+00
-1.532457470893859863e+00
-1.545767903327941895e+00
-1.546368956565856934e+00
-1.541913866996765137e+00
-1.537431120872497559e+00
-1.530760288238525391e+00
-1.523732423782348633e+00
-1.516544938087463379e+00
-1.509263396263122559e+00
-1.501981854438781738e+00
-1.494700193405151367e+00
-1.487418651580810547e+00
-1.480168581008911133e+00
-1.478047132492065430e+00
-1.480150461196899414e+00
-1.478922009468078613e+00
-1.471785426139831543e+00
-1.469516277313232422e+00
-1.473222136497497559e+00
-1.477026343345642090e+00
-1.483231186866760254e+00
-1.489814639091491699e+00
-1.494152665138244629e+00
-1.498214602470397949e+00
-1.500221610069274902e+00
-1.500349164009094238e+00
-1.495654702186584473e+00
-1.487068533897399902e+00
-1.478058695793151855e+00
-1.467775225639343262e+00
-1.457158803939819336e+00
-1.447702884674072266e+00
-1.434297680854797363e+00
-1.420892953872680664e+00
-1.407487988471984863e+00
-1.394082903861999512e+00
-1.380651712417602539e+00
-1.368166923522949219e+00
-1.352638363838195801e+00
-1.331080675125122070e+00
-1.312429666519165039e+00
-1.304416060447692871e+00
-1.310700058937072754e+00
-1.318318247795104980e+00
-1.327002048492431641e+00
-1.337895393371582031e+00
-1.355391263961791992e+00
-1.374174237251281738e+00
-1.393033385276794434e+00
-1.415352225303649902e+00
-1.437962412834167480e+00
-1.462061285972595215e+00
-1.488760232925415039e+00
-1.497128605842590332e+00
-1.496353507041931152e+00
-1.496835589408874512e+00
-1.497392773628234863e+00
-1.496402025222778320e+00
-1.485377073287963867e+00
-1.468719363212585449e+00
-1.450476527214050293e+00
-1.430981755256652832e+00
-1.410764455795288086e+00
-1.396605849266052246e+00
-1.385311007499694824e+00
-1.368232727050781250e+00
-1.348905444145202637e+00
-1.328103899955749512e+00
-1.305189847946166992e+00
-1.285140872001647949e+00
-1.264678835868835449e+00
-1.244514822959899902e+00
-1.224978804588317871e+00
-1.205161929130554199e+00
-1.184995055198669434e+00
-1.163329720497131348e+00
-1.141663908958435059e+00
-1.120936512947082520e+00
-1.100885748863220215e+00
-1.087466955184936523e+00
-1.089559197425842285e+00
-1.095144867897033691e+00
-1.100016713142395020e+00
-1.104888558387756348e+00
-1.109240651130676270e+00
-1.107852220535278320e+00
-1.103116512298583984e+00
-1.101910114288330078e+00
-1.101050496101379395e+00
-1.100190758705139160e+00
-1.092485904693603516e+00
-1.077645421028137207e+00
-1.062804818153381348e+00
-1.047964453697204590e+00
-1.037335753440856934e+00
-1.030334234237670898e+00
-1.028577327728271484e+00
-1.026497006416320801e+00
-1.024361491203308105e+00
-1.021261096000671387e+00
-1.276587605476379395e+00
-1.264492630958557129e+00
-1.252701520919799805e+00
-1.241310477256774902e+00
-1.230521202087402344e+00
-1.219922900199890137e+00
-1.209324002265930176e+00
-1.198564767837524414e+00
-1.189300179481506348e+00
-1.188310265541076660e+00
-1.186238169670104980e+00
-1.189291954040527344e+00
-1.204588532447814941e+00
-1.219638466835021973e+00
-1.240172982215881348e+00
-1.263287901878356934e+00
-1.285661816596984863e+00
-1.307313919067382812e+00
-1.328788161277770996e+00
-1.349880814552307129e+00
-1.371159195899963379e+00
-1.392299294471740723e+00
-1.412732720375061035e+00
-1.433641791343688965e+00
-1.459310173988342285e+00
-1.480792880058288574e+00
-1.495508790016174316e+00
-1.510073304176330566e+00
-1.524509191513061523e+00
-1.538978695869445801e+00
-1.536886215209960938e+00
-1.531787276268005371e+00
-1.526160597801208496e+00
-1.520565390586853027e+00
-1.514946818351745605e+00
-1.508749604225158691e+00
-1.500580191612243652e+00
-1.492777943611145020e+00
-1.485451579093933105e+00
-1.478015065193176270e+00
-1.470561504364013672e+00
-1.464034199714660645e+00
-1.463462710380554199e+00
-1.464182972908020020e+00
-1.460059881210327148e+00
-1.451056838035583496e+00
-1.452321887016296387e+00
-1.457257151603698730e+00
-1.462716221809387207e+00
-1.468694329261779785e+00
-1.474977850914001465e+00
-1.479516267776489258e+00
-1.487966537475585938e+00
-1.499737858772277832e+00
-1.502361416816711426e+00
-1.498589396476745605e+00
-1.489030122756958008e+00
-1.479336142539978027e+00
-1.470750331878662109e+00
-1.464041829109191895e+00
-1.453516721725463867e+00
-1.440111756324768066e+00
-1.426706552505493164e+00
-1.413288593292236328e+00
-1.399855732917785645e+00
-1.386267662048339844e+00
-1.370626211166381836e+00
-1.349084496498107910e+00
-1.332256197929382324e+00
-1.315504908561706543e+00
-1.299379944801330566e+00
-1.301124930381774902e+00
-1.308768749237060547e+00
-1.315997004508972168e+00
-1.329459547996520996e+00
-1.348242282867431641e+00
-1.367025017738342285e+00
-1.385807871818542480e+00
-1.404590606689453125e+00
-1.426432847976684570e+00
-1.441923379898071289e+00
-1.451761841773986816e+00
-1.460095405578613281e+00
-1.466555237770080566e+00
-1.467052936553955078e+00
-1.467511534690856934e+00
-1.465936660766601562e+00
-1.455343365669250488e+00
-1.441283822059631348e+00
-1.422477364540100098e+00
-1.401947021484375000e+00
-1.383649945259094238e+00
-1.372393012046813965e+00
-1.361286640167236328e+00
-1.341094732284545898e+00
-1.320178627967834473e+00
-1.300167560577392578e+00
-1.283474564552307129e+00
-1.263092637062072754e+00
-1.242880940437316895e+00
-1.223209738731384277e+00
-1.203673958778381348e+00
-1.184200406074523926e+00
-1.162535071372985840e+00
-1.140869617462158203e+00
-1.119204044342041016e+00
-1.097538352012634277e+00
-1.076556682586669922e+00
-1.064911842346191406e+00
-1.067675709724426270e+00
-1.072547316551208496e+00
-1.077419042587280273e+00
-1.082290887832641602e+00
-1.087007999420166016e+00
-1.085903167724609375e+00
-1.081901311874389648e+00
-1.078057885169982910e+00
-1.074646949768066406e+00
-1.073787212371826172e+00
-1.065423607826232910e+00
-1.050582885742187500e+00
-1.035742282867431641e+00
-1.020902276039123535e+00
-1.012644886970520020e+00
-1.010548949241638184e+00
-1.008505344390869141e+00
-1.006058812141418457e+00
-1.002434611320495605e+00
-1.001638650894165039e+00
-1.263445496559143066e+00
-1.252054810523986816e+00
-1.240663647651672363e+00
-1.229273319244384766e+00
-1.217882275581359863e+00
-1.206509828567504883e+00
-1.195867419242858887e+00
-1.185106873512268066e+00
-1.179847836494445801e+00
-1.179842710494995117e+00
-1.185901165008544922e+00
-1.200915217399597168e+00
-1.215245366096496582e+00
-1.230048894882202148e+00
-1.248082995414733887e+00
-1.270733475685119629e+00
-1.293270707130432129e+00
-1.315524697303771973e+00
-1.336335062980651855e+00
-1.356399893760681152e+00
-1.376376390457153320e+00
-1.396412372589111328e+00
-1.416534662246704102e+00
-1.436843752861022949e+00
-1.462830781936645508e+00
-1.488131999969482422e+00
-1.508126258850097656e+00
-1.522672772407531738e+00
-1.531702399253845215e+00
-1.531466603279113770e+00
-1.526888847351074219e+00
-1.517691850662231445e+00
-1.510042428970336914e+00
-1.503281235694885254e+00
-1.496849536895751953e+00
-1.489978432655334473e+00
-1.483835220336914062e+00
-1.477052092552185059e+00
-1.468479752540588379e+00
-1.460630655288696289e+00
-1.453115820884704590e+00
-1.450768351554870605e+00
-1.450093507766723633e+00
-1.449539780616760254e+00
-1.442774653434753418e+00
-1.436249613761901855e+00
-1.437140107154846191e+00
-1.440558910369873047e+00
-1.446975588798522949e+00
-1.454010128974914551e+00
-1.460604786872863770e+00
-1.466467022895812988e+00
-1.479569196701049805e+00
-1.493634343147277832e+00
-1.499972581863403320e+00
-1.497470736503601074e+00
-1.488486170768737793e+00
-1.483512997627258301e+00
-1.478502988815307617e+00
-1.472261786460876465e+00
-1.459305405616760254e+00
-1.445872664451599121e+00
-1.432439804077148438e+00
-1.419007182121276855e+00
-1.405479907989501953e+00
-1.391513824462890625e+00
-1.369844079017639160e+00
-1.352436304092407227e+00
-1.335685253143310547e+00
-1.318933725357055664e+00
-1.303418278694152832e+00
-1.291549801826477051e+00
-1.299219012260437012e+00
-1.307485342025756836e+00
-1.322569012641906738e+00
-1.341093182563781738e+00
-1.359875798225402832e+00
-1.378658652305603027e+00
-1.394571423530578613e+00
-1.400740981101989746e+00
-1.407953381538391113e+00
-1.417166113853454590e+00
-1.426238417625427246e+00
-1.431863069534301758e+00
-1.437425494194030762e+00
-1.437662959098815918e+00
-1.432974934577941895e+00
-1.425224661827087402e+00
-1.410329937934875488e+00
-1.393449306488037109e+00
-1.374189376831054688e+00
-1.358772516250610352e+00
-1.347822070121765137e+00
-1.333070755004882812e+00
-1.313001990318298340e+00
-1.292877793312072754e+00
-1.276994824409484863e+00
-1.260551571846008301e+00
-1.240777850151062012e+00
-1.220870614051818848e+00
-1.201473712921142578e+00
-1.182598710060119629e+00
-1.161683201789855957e+00
-1.140074849128723145e+00
-1.118409514427185059e+00
-1.096743702888488770e+00
-1.075173974037170410e+00
-1.055087447166442871e+00
-1.044412493705749512e+00
-1.045077919960021973e+00
-1.049949526786804199e+00
-1.054821491241455078e+00
-1.059693217277526855e+00
-1.064564824104309082e+00
-1.064701437950134277e+00
-1.060858130455017090e+00
-1.057014584541320801e+00
-1.053171038627624512e+00
-1.049327731132507324e+00
-1.038360953330993652e+00
-1.023520350456237793e+00
-1.008679986000061035e+00
-9.957169294357299805e-01
-9.925198554992675781e-01
-9.905138015747070312e-01
-9.877514839172363281e-01
-9.836742877960205078e-01
-9.827257394790649414e-01
-9.815056324005126953e-01
-1.251407504081726074e+00
-1.240017175674438477e+00
-1.228626728057861328e+00
-1.217235207557678223e+00
-1.205845236778259277e+00
-1.194454073905944824e+00
-1.182595014572143555e+00
-1.170710325241088867e+00
-1.167720794677734375e+00
-1.177372574806213379e+00
-1.193820357322692871e+00
-1.209236741065979004e+00
-1.223926186561584473e+00
-1.237527251243591309e+00
-1.252889990806579590e+00
-1.275262951850891113e+00
-1.297083020210266113e+00
-1.318847179412841797e+00
-1.340286374092102051e+00
-1.360526442527770996e+00
-1.380503296852111816e+00
-1.400480151176452637e+00
-1.420457243919372559e+00
-1.440459012985229492e+00
-1.466020822525024414e+00
-1.491908311843872070e+00
-1.516586303710937500e+00
-1.524909138679504395e+00
-1.524849534034729004e+00
-1.523355484008789062e+00
-1.518443942070007324e+00
-1.506891965866088867e+00
-1.496179461479187012e+00
-1.486765503883361816e+00
-1.478291869163513184e+00
-1.471205830574035645e+00
-1.465042471885681152e+00
-1.457987308502197266e+00
-1.451782345771789551e+00
-1.444330573081970215e+00
-1.438062667846679688e+00
-1.437457680702209473e+00
-1.436725020408630371e+00
-1.435865283012390137e+00
-1.426674723625183105e+00
-1.423786163330078125e+00
-1.424177408218383789e+00
-1.426574826240539551e+00
-1.430420875549316406e+00
-1.435356497764587402e+00
-1.442113280296325684e+00
-1.455183625221252441e+00
-1.468029618263244629e+00
-1.482875347137451172e+00
-1.495406508445739746e+00
-1.499710083007812500e+00
-1.495515346527099609e+00
-1.490478515625000000e+00
-1.485353708267211914e+00
-1.478165745735168457e+00
-1.465023875236511230e+00
-1.451591134071350098e+00
-1.438158273696899414e+00
-1.424692273139953613e+00
-1.411068916320800781e+00
-1.394909977912902832e+00
-1.374505996704101562e+00
-1.355865240097045898e+00
-1.339114189147949219e+00
-1.322363018989562988e+00
-1.308218359947204590e+00
-1.294576644897460938e+00
-1.289692282676696777e+00
-1.301532983779907227e+00
-1.317623019218444824e+00
-1.333943843841552734e+00
-1.352508306503295898e+00
-1.360847234725952148e+00
-1.365762829780578613e+00
-1.371439576148986816e+00
-1.377116203308105469e+00
-1.383290171623229980e+00
-1.392974972724914551e+00
-1.400378584861755371e+00
-1.406058549880981445e+00
-1.406294703483581543e+00
-1.399447798728942871e+00
-1.391383290290832520e+00
-1.379235744476318359e+00
-1.362166047096252441e+00
-1.346671462059020996e+00
-1.332324504852294922e+00
-1.319690227508544922e+00
-1.304729819297790527e+00
-1.284755349159240723e+00
-1.265209317207336426e+00
-1.253479123115539551e+00
-1.237869262695312500e+00
-1.218271017074584961e+00
-1.199380993843078613e+00
-1.180373787879943848e+00
-1.160323858261108398e+00
-1.139237046241760254e+00
-1.117676019668579102e+00
-1.096114516258239746e+00
-1.074580430984497070e+00
-1.054351091384887695e+00
-1.036456942558288574e+00
-1.026639103889465332e+00
-1.022903561592102051e+00
-1.027352213859558105e+00
-1.032224178314208984e+00
-1.037095665931701660e+00
-1.042728424072265625e+00
-1.043658018112182617e+00
-1.039814352989196777e+00
-1.035971045494079590e+00
-1.032127618789672852e+00
-1.028283953666687012e+00
-1.015618205070495605e+00
-9.977937936782836914e-01
-9.816173315048217773e-01
-9.744916558265686035e-01
-9.725221395492553711e-01
-9.693931341171264648e-01
-9.650055170059204102e-01
-9.631506204605102539e-01
-9.606451988220214844e-01
-9.579572677612304688e-01
-1.237539172172546387e+00
-1.226417660713195801e+00
-1.214990735054016113e+00
-1.203040719032287598e+00
-1.191089391708374023e+00
-1.179138660430908203e+00
-1.167051911354064941e+00
-1.155027747154235840e+00
-1.166555762290954590e+00
-1.182635426521301270e+00
-1.199018120765686035e+00
-1.215209126472473145e+00
-1.230429530143737793e+00
-1.243975996971130371e+00
-1.257012963294982910e+00
-1.276433348655700684e+00
-1.298253655433654785e+00
-1.320073723793029785e+00
-1.341894030570983887e+00
-1.363714456558227539e+00
-1.384630322456359863e+00
-1.404581189155578613e+00
-1.424513220787048340e+00
-1.444444537162780762e+00
-1.468986630439758301e+00
-1.493490338325500488e+00
-1.504516959190368652e+00
-1.513680815696716309e+00
-1.516164183616638184e+00
-1.514283776283264160e+00
-1.508430838584899902e+00
-1.496429324150085449e+00
-1.484663844108581543e+00
-1.473462700843811035e+00
-1.463760614395141602e+00
-1.454560399055480957e+00
-1.445987224578857422e+00
-1.438894510269165039e+00
-1.432861328125000000e+00
-1.425871253013610840e+00
-1.426095843315124512e+00
-1.425257325172424316e+00
-1.423407077789306641e+00
-1.422417044639587402e+00
-1.411783695220947266e+00
-1.410165429115295410e+00
-1.409498095512390137e+00
-1.411187767982482910e+00
-1.413566708564758301e+00
-1.416844606399536133e+00
-1.428087830543518066e+00
-1.442412972450256348e+00
-1.457095384597778320e+00
-1.473810315132141113e+00
-1.493330597877502441e+00
-1.505026578903198242e+00
-1.502423882484436035e+00
-1.497298598289489746e+00
-1.492173910140991211e+00
-1.482514858245849609e+00
-1.470742464065551758e+00
-1.457309484481811523e+00
-1.443876981735229492e+00
-1.431921243667602539e+00
-1.419033885002136230e+00
-1.399572014808654785e+00
-1.379168152809143066e+00
-1.359294295310974121e+00
-1.342543125152587891e+00
-1.326788187026977539e+00
-1.313018918037414551e+00
-1.299249291419982910e+00
-1.287069678306579590e+00
-1.296698212623596191e+00
-1.312677383422851562e+00
-1.324225068092346191e+00
-1.326509833335876465e+00
-1.330784559249877930e+00
-1.336461186408996582e+00
-1.342137932777404785e+00
-1.347814679145812988e+00
-1.353491544723510742e+00
-1.359669566154479980e+00
-1.369912266731262207e+00
-1.375192642211914062e+00
-1.375649809837341309e+00
-1.366224646568298340e+00
-1.356905102729797363e+00
-1.347121238708496094e+00
-1.331926226615905762e+00
-1.313669085502624512e+00
-1.302784323692321777e+00
-1.291455745697021484e+00
-1.276473760604858398e+00
-1.256508827209472656e+00
-1.241512060165405273e+00
-1.229791641235351562e+00
-1.214174628257751465e+00
-1.195654273033142090e+00
-1.177365422248840332e+00
-1.158198595046997070e+00
-1.137536406517028809e+00
-1.116874575614929199e+00
-1.095429539680480957e+00
-1.073868393898010254e+00
-1.053599119186401367e+00
-1.035675883293151855e+00
-1.019075155258178711e+00
-1.009540200233459473e+00
-1.003438830375671387e+00
-1.006341814994812012e+00
-1.010245323181152344e+00
-1.015779018402099609e+00
-1.021431446075439453e+00
-1.022569417953491211e+00
-1.018941760063171387e+00
-1.015031456947326660e+00
-1.011121749877929688e+00
-1.007240653038024902e+00
-9.939157962799072266e-01
-9.760911464691162109e-01
-9.606327414512634277e-01
-9.552595615386962891e-01
-9.512636065483093262e-01
-9.458572268486022949e-01
-9.423121213912963867e-01
-9.396235942840576172e-01
-9.369362592697143555e-01
-9.342488050460815430e-01
-1.217546820640563965e+00
-1.208909034729003906e+00
-1.198281288146972656e+00
-1.187160849571228027e+00
-1.175592780113220215e+00
-1.163622021675109863e+00
-1.151746988296508789e+00
-1.157408118247985840e+00
-1.172710299491882324e+00
-1.187272310256958008e+00
-1.201737403869628906e+00
-1.216848492622375488e+00
-1.232105374336242676e+00
-1.247362256050109863e+00
-1.261389136314392090e+00
-1.279225468635559082e+00
-1.299867391586303711e+00
-1.321172595024108887e+00
-1.342947840690612793e+00
-1.364675402641296387e+00
-1.386324048042297363e+00
-1.407778382301330566e+00
-1.427964448928833008e+00
-1.447625637054443359e+00
-1.465120553970336914e+00
-1.475684046745300293e+00
-1.486317157745361328e+00
-1.496013641357421875e+00
-1.503017425537109375e+00
-1.504295706748962402e+00
-1.498934149742126465e+00
-1.486332178115844727e+00
-1.474030971527099609e+00
-1.462265729904174805e+00
-1.450726032257080078e+00
-1.440764307975769043e+00
-1.431563973426818848e+00
-1.422363400459289551e+00
-1.413697004318237305e+00
-1.410247445106506348e+00
-1.410373210906982422e+00
-1.409767746925354004e+00
-1.408594489097595215e+00
-1.404575228691101074e+00
-1.396556377410888672e+00
-1.394350767135620117e+00
-1.393960475921630859e+00
-1.396320939064025879e+00
-1.398699641227722168e+00
-1.405347347259521484e+00
-1.417885422706604004e+00
-1.430936932563781738e+00
-1.449574351310729980e+00
-1.469885945320129395e+00
-1.489744186401367188e+00
-1.507890582084655762e+00
-1.508521676063537598e+00
-1.504119038581848145e+00
-1.498598814010620117e+00
-1.486863732337951660e+00
-1.475128054618835449e+00
-1.463028192520141602e+00
-1.453309893608093262e+00
-1.443049907684326172e+00
-1.423944354057312012e+00
-1.404234170913696289e+00
-1.383829832077026367e+00
-1.363425731658935547e+00
-1.345971941947937012e+00
-1.331588387489318848e+00
-1.317818880081176758e+00
-1.304049491882324219e+00
-1.295216679573059082e+00
-1.292498946189880371e+00
-1.295364260673522949e+00
-1.296348452568054199e+00
-1.297532439231872559e+00
-1.301483035087585449e+00
-1.307159781455993652e+00
-1.312836527824401855e+00
-1.318513274192810059e+00
-1.324190139770507812e+00
-1.330397725105285645e+00
-1.338865399360656738e+00
-1.343474984169006348e+00
-1.341097116470336914e+00
-1.336769700050354004e+00
-1.323991537094116211e+00
-1.312822580337524414e+00
-1.299029588699340820e+00
-1.279736042022705078e+00
-1.271601557731628418e+00
-1.261898756027221680e+00
-1.247870445251464844e+00
-1.228813886642456055e+00
-1.217689514160156250e+00
-1.206266999244689941e+00
-1.190308332443237305e+00
-1.172253966331481934e+00
-1.154126644134521484e+00
-1.134517550468444824e+00
-1.114484786987304688e+00
-1.093836545944213867e+00
-1.072780013084411621e+00
-1.052660107612609863e+00
-1.034602642059326172e+00
-1.017967581748962402e+00
-1.001089453697204590e+00
-9.909247159957885742e-01
-9.846198558807373047e-01
-9.862664937973022461e-01
-9.904445409774780273e-01
-9.950003623962402344e-01
-1.000652074813842773e+00
-1.002074241638183594e+00
-9.987299442291259766e-01
-9.948559999465942383e-01
-9.909006357192993164e-01
-9.869450330734252930e-01
-9.728490114212036133e-01
-9.561783671379089355e-01
-9.460238218307495117e-01
-9.392011165618896484e-01
-9.288637638092041016e-01
-9.215656518936157227e-01
-9.186627864837646484e-01
-9.159150719642639160e-01
-9.132276177406311035e-01
-9.105404019355773926e-01
-1.193491578102111816e+00
-1.186342120170593262e+00
-1.179184675216674805e+00
-1.169790148735046387e+00
-1.158812165260314941e+00
-1.148417115211486816e+00
-1.152037143707275391e+00
-1.161070704460144043e+00
-1.175594687461853027e+00
-1.190059542655944824e+00
-1.204523921012878418e+00
-1.218960881233215332e+00
-1.233444213867187500e+00
-1.248656392097473145e+00
-1.263836979866027832e+00
-1.280590415000915527e+00
-1.301934838294982910e+00
-1.322936415672302246e+00
-1.343353390693664551e+00
-1.364953994750976562e+00
-1.386540770530700684e+00
-1.408127546310424805e+00
-1.428878307342529297e+00
-1.437973737716674805e+00
-1.446842551231384277e+00
-1.457381129264831543e+00
-1.466955542564392090e+00
-1.476359009742736816e+00
-1.485657095909118652e+00
-1.491102099418640137e+00
-1.489326000213623047e+00
-1.476749777793884277e+00
-1.464148402214050293e+00
-1.451632618904113770e+00
-1.439867615699768066e+00
-1.428102135658264160e+00
-1.417151570320129395e+00
-1.406843781471252441e+00
-1.397359251976013184e+00
-1.394153714179992676e+00
-1.391389250755310059e+00
-1.390200972557067871e+00
-1.389326930046081543e+00
-1.386206030845642090e+00
-1.383161187171936035e+00
-1.379729390144348145e+00
-1.379056572914123535e+00
-1.381408095359802246e+00
-1.385504484176635742e+00
-1.398067235946655273e+00
-1.414190173149108887e+00
-1.430913090705871582e+00
-1.447306513786315918e+00
-1.464958548545837402e+00
-1.485062122344970703e+00
-1.505249023437500000e+00
-1.512440323829650879e+00
-1.510641336441040039e+00
-1.502947807312011719e+00
-1.491212248802185059e+00
-1.480657696723937988e+00
-1.473693370819091797e+00
-1.465428233146667480e+00
-1.447961211204528809e+00
-1.428841829299926758e+00
-1.408896207809448242e+00
-1.388492107391357422e+00
-1.368087887763977051e+00
-1.350158214569091797e+00
-1.336388587951660156e+00
-1.322619318962097168e+00
-1.310247063636779785e+00
-1.298431754112243652e+00
-1.278347969055175781e+00
-1.268292546272277832e+00
-1.268379092216491699e+00
-1.270191669464111328e+00
-1.273175597190856934e+00
-1.277858495712280273e+00
-1.283535122871398926e+00
-1.289211750030517578e+00
-1.294888734817504883e+00
-1.301125764846801758e+00
-1.309605479240417480e+00
-1.312848329544067383e+00
-1.308391213417053223e+00
-1.304717421531677246e+00
-1.294829487800598145e+00
-1.277305245399475098e+00
-1.261652588844299316e+00
-1.247635483741760254e+00
-1.240983247756958008e+00
-1.230553984642028809e+00
-1.217361688613891602e+00
-1.204493403434753418e+00
-1.193558812141418457e+00
-1.182732224464416504e+00
-1.167440176010131836e+00
-1.148853898048400879e+00
-1.129431128501892090e+00
-1.109822034835815430e+00
-1.090213060379028320e+00
-1.070421099662780762e+00
-1.050823688507080078e+00
-1.032799601554870605e+00
-1.016489148139953613e+00
-1.000178933143615723e+00
-9.830895662307739258e-01
-9.718204736709594727e-01
-9.657706022262573242e-01
-9.667177200317382812e-01
-9.710004329681396484e-01
-9.752830862998962402e-01
-9.795657396316528320e-01
-9.813197851181030273e-01
-9.781922101974487305e-01
-9.747256636619567871e-01
-9.707703590393066406e-01
-9.668148159980773926e-01
-9.522612690925598145e-01
-9.399180412292480469e-01
-9.286190271377563477e-01
-9.177317619323730469e-01
-9.099144339561462402e-01
-9.040516614913940430e-01
-8.982684016227722168e-01
-8.929713964462280273e-01
-8.904175162315368652e-01
-8.895410299301147461e-01
-1.169298529624938965e+00
-1.161894917488098145e+00
-1.153800368309020996e+00
-1.145535230636596680e+00
-1.141510963439941406e+00
-1.146863579750061035e+00
-1.151114344596862793e+00
-1.163739562034606934e+00
-1.178262352943420410e+00
-1.192666649818420410e+00
-1.206959843635559082e+00
-1.221253037452697754e+00
-1.235546231269836426e+00
-1.249839186668395996e+00
-1.264374732971191406e+00
-1.279398560523986816e+00
-1.302020430564880371e+00
-1.323952317237854004e+00
-1.345234990119934082e+00
-1.365665793418884277e+00
-1.386346459388732910e+00
-1.405164361000061035e+00
-1.411931633949279785e+00
-1.418370604515075684e+00
-1.426559805870056152e+00
-1.436824917793273926e+00
-1.447083115577697754e+00
-1.457035183906555176e+00
-1.466082930564880371e+00
-1.475072145462036133e+00
-1.476913213729858398e+00
-1.467167019844055176e+00
-1.454104065895080566e+00
-1.440394997596740723e+00
-1.426685452461242676e+00
-1.413684487342834473e+00
-1.400811433792114258e+00
-1.388823747634887695e+00
-1.383527636528015137e+00
-1.380322098731994629e+00
-1.377116322517395020e+00
-1.373804926872253418e+00
-1.370497345924377441e+00
-1.368870615959167480e+00
-1.366453051567077637e+00
-1.365568995475769043e+00
-1.365804076194763184e+00
-1.367459535598754883e+00
-1.380449652671813965e+00
-1.397525072097778320e+00
-1.415147662162780762e+00
-1.432087302207946777e+00
-1.448267817497253418e+00
-1.464417219161987305e+00
-1.481094717979431152e+00
-1.499659180641174316e+00
-1.514449238777160645e+00
-1.514977693557739258e+00
-1.506408929824829102e+00
-1.498717427253723145e+00
-1.491994976997375488e+00
-1.484900951385498047e+00
-1.471308946609497070e+00
-1.452858805656433105e+00
-1.433739304542541504e+00
-1.413558125495910645e+00
-1.393153786659240723e+00
-1.372749924659729004e+00
-1.354958415031433105e+00
-1.341188907623291016e+00
-1.326269268989562988e+00
-1.304504990577697754e+00
-1.284691333770751953e+00
-1.264321565628051758e+00
-1.244450688362121582e+00
-1.241583585739135742e+00
-1.243470311164855957e+00
-1.246077895164489746e+00
-1.249061703681945801e+00
-1.254233837127685547e+00
-1.259910464286804199e+00
-1.265587091445922852e+00
-1.271854043006896973e+00
-1.278537869453430176e+00
-1.282563805580139160e+00
-1.279266595840454102e+00
-1.269560337066650391e+00
-1.260306239128112793e+00
-1.244636535644531250e+00
-1.226528644561767578e+00
-1.214544177055358887e+00
-1.210173606872558594e+00
-1.198884129524230957e+00
-1.187343120574951172e+00
-1.179091215133666992e+00
-1.169547319412231445e+00
-1.158858418464660645e+00
-1.144338488578796387e+00
-1.124239802360534668e+00
-1.104717850685119629e+00
-1.085126519203186035e+00
-1.065517306327819824e+00
-1.046674370765686035e+00
-1.029732227325439453e+00
-1.014122724533081055e+00
-9.981299638748168945e-01
-9.818197488784790039e-01
-9.646824002265930176e-01
-9.526334404945373535e-01
-9.477403163909912109e-01
-9.472737312316894531e-01
-9.515563249588012695e-01
-9.558391571044921875e-01
-9.601215124130249023e-01
-9.607421755790710449e-01
-9.569972753524780273e-01
-9.538695812225341797e-01
-9.503298401832580566e-01
-9.464073181152343750e-01
-9.342193603515625000e-01
-9.182159900665283203e-01
-9.066044092178344727e-01
-8.983141183853149414e-01
-8.923994302749633789e-01
-8.866162300109863281e-01
-8.809481859207153320e-01
-8.761003017425537109e-01
-8.737828731536865234e-01
-8.730633258819580078e-01
-1.141132593154907227e+00
-1.133520245552062988e+00
-1.125887274742126465e+00
-1.124578356742858887e+00
-1.132872700691223145e+00
-1.140882611274719238e+00
-1.148328900337219238e+00
-1.164400696754455566e+00
-1.179523110389709473e+00
-1.194597721099853516e+00
-1.208829641342163086e+00
-1.223061919212341309e+00
-1.237292885780334473e+00
-1.251524448394775391e+00
-1.265756249427795410e+00
-1.279988169670104980e+00
-1.300383090972900391e+00
-1.323132395744323730e+00
-1.345808625221252441e+00
-1.366183161735534668e+00
-1.379404425621032715e+00
-1.384688496589660645e+00
-1.390480160713195801e+00
-1.396332144737243652e+00
-1.404560327529907227e+00
-1.416138768196105957e+00
-1.426404356956481934e+00
-1.436373114585876465e+00
-1.445829153060913086e+00
-1.453797578811645508e+00
-1.460104227066040039e+00
-1.451168417930603027e+00
-1.440245270729064941e+00
-1.426535487174987793e+00
-1.412826180458068848e+00
-1.399116754531860352e+00
-1.385901689529418945e+00
-1.375232577323913574e+00
-1.370009183883666992e+00
-1.366475939750671387e+00
-1.363242864608764648e+00
-1.359845042228698730e+00
-1.356164574623107910e+00
-1.355091452598571777e+00
-1.350588083267211914e+00
-1.349501013755798340e+00
-1.350939631462097168e+00
-1.364963412284851074e+00
-1.382529377937316895e+00
-1.398883700370788574e+00
-1.416104435920715332e+00
-1.433443188667297363e+00
-1.449593544006347656e+00
-1.465649962425231934e+00
-1.481706380844116211e+00
-1.497762680053710938e+00
-1.511407494544982910e+00
-1.516742825508117676e+00
-1.513892889022827148e+00
-1.508269667625427246e+00
-1.502814292907714844e+00
-1.492154479026794434e+00
-1.474828362464904785e+00
-1.457406401634216309e+00
-1.438624382019042969e+00
-1.418220162391662598e+00
-1.397816061973571777e+00
-1.377929806709289551e+00
-1.360353112220764160e+00
-1.338003873825073242e+00
-1.310965657234191895e+00
-1.290597558021545410e+00
-1.270783901214599609e+00
-1.250439882278442383e+00
-1.230063319206237793e+00
-1.215670943260192871e+00
-1.217558026313781738e+00
-1.219444870948791504e+00
-1.221963763236999512e+00
-1.224947929382324219e+00
-1.230608940124511719e+00
-1.236285805702209473e+00
-1.243334174156188965e+00
-1.248247146606445312e+00
-1.250598311424255371e+00
-1.248571038246154785e+00
-1.236200571060180664e+00
-1.222403883934020996e+00
-1.211425423622131348e+00
-1.194293856620788574e+00
-1.185266256332397461e+00
-1.179291844367980957e+00
-1.167066216468811035e+00
-1.160445094108581543e+00
-1.152248740196228027e+00
-1.144331932067871094e+00
-1.135726571083068848e+00
-1.120134472846984863e+00
-1.099492430686950684e+00
-1.079794287681579590e+00
-1.060271859169006348e+00
-1.041340231895446777e+00
-1.024590730667114258e+00
-1.009908318519592285e+00
-9.944217205047607422e-01
-9.788123369216918945e-01
-9.629857540130615234e-01
-9.458572268486022949e-01
-9.337056875228881836e-01
-9.293915033340454102e-01
-9.277441501617431641e-01
-9.321123361587524414e-01
-9.363948106765747070e-01
-9.406777620315551758e-01
-9.415820837020874023e-01
-9.368684291839599609e-01
-9.325839877128601074e-01
-9.276190996170043945e-01
-9.255390167236328125e-01
-9.115223884582519531e-01
-8.951165080070495605e-01
-8.865690827369689941e-01
-8.807469606399536133e-01
-8.751828670501708984e-01
-8.699447512626647949e-01
-8.664172887802124023e-01
-8.646041154861450195e-01
-8.627907037734985352e-01
-8.609773516654968262e-01
-1.110978722572326660e+00
-1.103186368942260742e+00
-1.105194687843322754e+00
-1.114047527313232422e+00
-1.122857332229614258e+00
-1.131429433822631836e+00
-1.142279624938964844e+00
-1.161312699317932129e+00
-1.178969144821166992e+00
-1.194769263267517090e+00
-1.209831357002258301e+00
-1.224714398384094238e+00
-1.238946080207824707e+00
-1.253177762031555176e+00
-1.267409801483154297e+00
-1.281641364097595215e+00
-1.299249291419982910e+00
-1.321320176124572754e+00
-1.342295289039611816e+00
-1.352519631385803223e+00
-1.359082698822021484e+00
-1.364629745483398438e+00
-1.369321227073669434e+00
-1.374292492866516113e+00
-1.381623268127441406e+00
-1.392377495765686035e+00
-1.402913928031921387e+00
-1.412160873413085938e+00
-1.420852899551391602e+00
-1.429545164108276367e+00
-1.436730742454528809e+00
-1.433339834213256836e+00
-1.423491597175598145e+00
-1.412676692008972168e+00
-1.398967266082763672e+00
-1.385257840156555176e+00
-1.371521472930908203e+00
-1.364509820938110352e+00
-1.358711838722229004e+00
-1.353122234344482422e+00
-1.349316120147705078e+00
-1.345860481262207031e+00
-1.345688581466674805e+00
-1.343705058097839355e+00
-1.339650988578796387e+00
-1.341001629829406738e+00
-1.348397731781005859e+00
-1.364042162895202637e+00
-1.381399512290954590e+00
-1.400077223777770996e+00
-1.418524622917175293e+00
-1.435174226760864258e+00
-1.450826287269592285e+00
-1.466882824897766113e+00
-1.482938885688781738e+00
-1.498995304107666016e+00
-1.515365481376647949e+00
-1.523639798164367676e+00
-1.520967245101928711e+00
-1.517411112785339355e+00
-1.509992837905883789e+00
-1.494459390640258789e+00
-1.478044748306274414e+00
-1.460927605628967285e+00
-1.443264126777648926e+00
-1.422881960868835449e+00
-1.402477979660034180e+00
-1.381404280662536621e+00
-1.350164055824279785e+00
-1.319536089897155762e+00
-1.296503543853759766e+00
-1.276690006256103516e+00
-1.256876468658447266e+00
-1.236558318138122559e+00
-1.216975927352905273e+00
-1.198560714721679688e+00
-1.191645503044128418e+00
-1.193532466888427734e+00
-1.195419192314147949e+00
-1.197849750518798828e+00
-1.201355457305908203e+00
-1.208511233329772949e+00
-1.214319825172424316e+00
-1.215990304946899414e+00
-1.215687632560729980e+00
-1.212403416633605957e+00
-1.201850771903991699e+00
-1.188069462776184082e+00
-1.174782872200012207e+00
-1.163166403770446777e+00
-1.156495928764343262e+00
-1.151267290115356445e+00
-1.140476942062377930e+00
-1.133546948432922363e+00
-1.125542163848876953e+00
-1.117807745933532715e+00
-1.110373139381408691e+00
-1.095978856086730957e+00
-1.075512647628784180e+00
-1.054796576499938965e+00
-1.035710453987121582e+00
-1.018816351890563965e+00
-1.004220485687255859e+00
-9.896246194839477539e-01
-9.746199846267700195e-01
-9.591113328933715820e-01
-9.429914951324462891e-01
-9.256449937820434570e-01
-9.146453142166137695e-01
-9.108012318611145020e-01
-9.076488018035888672e-01
-9.122559428215026855e-01
-9.168633222579956055e-01
-9.212332963943481445e-01
-9.224215745925903320e-01
-9.160040616989135742e-01
-9.090058803558349609e-01
-9.049503803253173828e-01
-9.032858610153198242e-01
-8.858286142349243164e-01
-8.741739988327026367e-01
-8.685735464096069336e-01
-8.632258176803588867e-01
-8.588811755180358887e-01
-8.570431470870971680e-01
-8.554246425628662109e-01
-8.536115884780883789e-01
-8.517984151840209961e-01
-8.499853610992431641e-01
-1.082606315612792969e+00
-1.086388468742370605e+00
-1.094174027442932129e+00
-1.102476596832275391e+00
-1.111137390136718750e+00
-1.119691371917724609e+00
-1.134057402610778809e+00
-1.153773665428161621e+00
-1.173440814018249512e+00
-1.192473292350769043e+00
-1.209435820579528809e+00
-1.225026726722717285e+00
-1.240088343620300293e+00
-1.254831075668334961e+00
-1.269063830375671387e+00
-1.283295035362243652e+00
-1.297362208366394043e+00
-1.315800428390502930e+00
-1.322823524475097656e+00
-1.329102158546447754e+00
-1.335814714431762695e+00
-1.341878771781921387e+00
-1.346486210823059082e+00
-1.350574374198913574e+00
-1.355153322219848633e+00
-1.365362167358398438e+00
-1.375830650329589844e+00
-1.386292099952697754e+00
-1.395839452743530273e+00
-1.404531836509704590e+00
-1.412822842597961426e+00
-1.411207795143127441e+00
-1.405796885490417480e+00
-1.395343422889709473e+00
-1.384635329246520996e+00
-1.371279120445251465e+00
-1.361150622367858887e+00
-1.354516267776489258e+00
-1.347948074340820312e+00
-1.342150330543518066e+00
-1.336352229118347168e+00
-1.331875324249267578e+00
-1.336132168769836426e+00
-1.335039496421813965e+00
-1.336412191390991211e+00
-1.340176939964294434e+00
-1.353417038917541504e+00
-1.367120385169982910e+00
-1.382265686988830566e+00
-1.400214791297912598e+00
-1.417641520500183105e+00
-1.436452984809875488e+00
-1.453380942344665527e+00
-1.468378424644470215e+00
-1.484433889389038086e+00
-1.505302309989929199e+00
-1.524594187736511230e+00
-1.531042933464050293e+00
-1.531876087188720703e+00
-1.525192141532897949e+00
-1.510693669319152832e+00
-1.495052099227905273e+00
-1.479349732398986816e+00
-1.463784933090209961e+00
-1.446342468261718750e+00
-1.427206039428710938e+00
-1.397533774375915527e+00
-1.365214109420776367e+00
-1.332885861396789551e+00
-1.302844405174255371e+00
-1.282595992088317871e+00
-1.262782454490661621e+00
-1.242968916893005371e+00
-1.222830176353454590e+00
-1.204253554344177246e+00
-1.185677051544189453e+00
-1.167622804641723633e+00
-1.167620182037353516e+00
-1.169506907463073730e+00
-1.172151446342468262e+00
-1.175972461700439453e+00
-1.181292891502380371e+00
-1.182082295417785645e+00
-1.181417822837829590e+00
-1.178811669349670410e+00
-1.173836350440979004e+00
-1.167316198348999023e+00
-1.153779268264770508e+00
-1.140636682510375977e+00
-1.130246520042419434e+00
-1.127812147140502930e+00
-1.122077107429504395e+00
-1.119172453880310059e+00
-1.110827207565307617e+00
-1.098835825920104980e+00
-1.091587424278259277e+00
-1.082677483558654785e+00
-1.069671630859375000e+00
-1.051696181297302246e+00
-1.030668258666992188e+00
-1.013199567794799805e+00
-9.984854459762573242e-01
-9.838358163833618164e-01
-9.692395925521850586e-01
-9.543753862380981445e-01
-9.392046928405761719e-01
-9.237577319145202637e-01
-9.050467014312744141e-01
-8.946108818054199219e-01
-8.913727402687072754e-01
-8.881283402442932129e-01
-8.921605348587036133e-01
-8.967677354812622070e-01
-8.998474478721618652e-01
-8.993595242500305176e-01
-8.924512863159179688e-01
-8.872237801551818848e-01
-8.842119574546813965e-01
-8.784606456756591797e-01
-8.623992204666137695e-01
-8.563282489776611328e-01
-8.513978719711303711e-01
-8.485447764396667480e-01
-8.469480276107788086e-01
-8.453510403633117676e-01
-8.434411287307739258e-01
-8.414896130561828613e-01
-8.395378589630126953e-01
-8.377284407615661621e-01
-1.064664363861083984e+00
-1.074967384338378906e+00
-1.084994673728942871e+00
-1.092732548713684082e+00
-1.100307941436767578e+00
-1.107924342155456543e+00
-1.125118851661682129e+00
-1.144836664199829102e+00
-1.164553999900817871e+00
-1.184271693229675293e+00
-1.203988909721374512e+00
-1.223633408546447754e+00
-1.239902257919311523e+00
-1.255283713340759277e+00
-1.269825696945190430e+00
-1.282698273658752441e+00
-1.287885427474975586e+00
-1.292506575584411621e+00
-1.298036217689514160e+00
-1.303564190864562988e+00
-1.308604598045349121e+00
-1.313961625099182129e+00
-1.319794774055480957e+00
-1.325171113014221191e+00
-1.330060601234436035e+00
-1.339364528656005859e+00
-1.348747611045837402e+00
-1.359216332435607910e+00
-1.369468450546264648e+00
-1.379495024681091309e+00
-1.387945652008056641e+00
-1.387112498283386230e+00
-1.385038971900939941e+00
-1.377711653709411621e+00
-1.367111086845397949e+00
-1.357055425643920898e+00
-1.350801944732666016e+00
-1.344548344612121582e+00
-1.338168740272521973e+00
-1.331534266471862793e+00
-1.325588822364807129e+00
-1.322836995124816895e+00
-1.331897377967834473e+00
-1.331822395324707031e+00
-1.334247112274169922e+00
-1.345194458961486816e+00
-1.358659267425537109e+00
-1.372764229774475098e+00
-1.387158155441284180e+00
-1.402851104736328125e+00
-1.418946623802185059e+00
-1.437233805656433105e+00
-1.452804923057556152e+00
-1.471905350685119629e+00
-1.493835687637329102e+00
-1.513645529747009277e+00
-1.531824707984924316e+00
-1.538070321083068848e+00
-1.543065905570983887e+00
-1.532710433006286621e+00
-1.514376163482666016e+00
-1.495599746704101562e+00
-1.479375243186950684e+00
-1.463632225990295410e+00
-1.443842768669128418e+00
-1.412438511848449707e+00
-1.380147576332092285e+00
-1.347935795783996582e+00
-1.315672993659973145e+00
-1.289297461509704590e+00
-1.268688678741455078e+00
-1.248875141143798828e+00
-1.229061365127563477e+00
-1.210107564926147461e+00
-1.191531181335449219e+00
-1.172954559326171875e+00
-1.154378175735473633e+00
-1.141707777976989746e+00
-1.145061850547790527e+00
-1.148427963256835938e+00
-1.151596546173095703e+00
-1.151037573814392090e+00
-1.147039532661437988e+00
-1.144539713859558105e+00
-1.140452861785888672e+00
-1.135269403457641602e+00
-1.130085587501525879e+00
-1.119489550590515137e+00
-1.106027960777282715e+00
-1.098291635513305664e+00
-1.099787116050720215e+00
-1.097229123115539551e+00
-1.096144318580627441e+00
-1.090332150459289551e+00
-1.078113675117492676e+00
-1.065229058265686035e+00
-1.055162310600280762e+00
-1.042303323745727539e+00
-1.025738358497619629e+00
-1.008772134780883789e+00
-9.931801557540893555e-01
-9.784657955169677734e-01
-9.637511968612670898e-01
-9.490368366241455078e-01
-9.341309070587158203e-01
-9.196720719337463379e-01
-9.044413566589355469e-01
-8.842280507087707520e-01
-8.745306730270385742e-01
-8.713791370391845703e-01
-8.682025671005249023e-01
-8.699363470077514648e-01
-8.728911280632019043e-01
-8.753597140312194824e-01
-8.751556873321533203e-01
-8.692443370819091797e-01
-8.667204976081848145e-01
-8.607761859893798828e-01
-8.569995164871215820e-01
-8.449361324310302734e-01
-8.400486707687377930e-01
-8.379943966865539551e-01
-8.360429406166076660e-01
-8.340910673141479492e-01
-8.321394920349121094e-01
-8.301876783370971680e-01
-8.283492326736450195e-01
-8.265864849090576172e-01
-8.248239159584045410e-01
-1.050572514533996582e+00
-1.060493946075439453e+00
-1.070743680000305176e+00
-1.080938220024108887e+00
-1.090442538261413574e+00
-1.098328590393066406e+00
-1.117072224617004395e+00
-1.135815620422363281e+00
-1.155182719230651855e+00
-1.174932122230529785e+00
-1.194679856300354004e+00
-1.214428782463073730e+00
-1.234026312828063965e+00
-1.251024246215820312e+00
-1.264777064323425293e+00
-1.264851212501525879e+00
-1.263100743293762207e+00
-1.265349268913269043e+00
-1.270909786224365234e+00
-1.276470780372619629e+00
-1.282004952430725098e+00
-1.287077307701110840e+00
-1.292145371437072754e+00
-1.297617077827453613e+00
-1.303315281867980957e+00
-1.313695073127746582e+00
-1.323476433753967285e+00
-1.332599759101867676e+00
-1.342399001121520996e+00
-1.352526068687438965e+00
-1.362625956535339355e+00
-1.362468481063842773e+00
-1.361304879188537598e+00
-1.358405232429504395e+00
-1.349930882453918457e+00
-1.343841910362243652e+00
-1.340098261833190918e+00
-1.333844661712646484e+00
-1.327591061592102051e+00
-1.321650743484497070e+00
-1.319569945335388184e+00
-1.324297428131103516e+00
-1.330634951591491699e+00
-1.329538583755493164e+00
-1.338075876235961914e+00
-1.350212454795837402e+00
-1.364094018936157227e+00
-1.378487944602966309e+00
-1.392856478691101074e+00
-1.407441020011901855e+00
-1.423469662666320801e+00
-1.440362572669982910e+00
-1.459604382514953613e+00
-1.479868292808532715e+00
-1.500251889228820801e+00
-1.521531462669372559e+00
-1.538695335388183594e+00
-1.545042037963867188e+00
-1.546623349189758301e+00
-1.537738680839538574e+00
-1.521131753921508789e+00
-1.501698613166809082e+00
-1.480945229530334473e+00
-1.452141523361206055e+00
-1.420443534851074219e+00
-1.389475107192993164e+00
-1.361128926277160645e+00
-1.330333113670349121e+00
-1.300384759902954102e+00
-1.276623010635375977e+00
-1.254781126976013184e+00
-1.234967589378356934e+00
-1.215826272964477539e+00
-1.197385311126708984e+00
-1.178808569908142090e+00
-1.160232305526733398e+00
-1.142353415489196777e+00
-1.125433921813964844e+00
-1.121520161628723145e+00
-1.124298214912414551e+00
-1.124805927276611328e+00
-1.119238376617431641e+00
-1.111859560012817383e+00
-1.107061505317687988e+00
-1.101886034011840820e+00
-1.096702337265014648e+00
-1.091518521308898926e+00
-1.084725022315979004e+00
-1.071702122688293457e+00
-1.067376017570495605e+00
-1.068871378898620605e+00
-1.076318025588989258e+00
-1.074024796485900879e+00
-1.068527221679687500e+00
-1.057253479957580566e+00
-1.043616890907287598e+00
-1.030781149864196777e+00
-1.015091180801391602e+00
-1.000406742095947266e+00
-9.869129657745361328e-01
-9.731603264808654785e-01
-9.584459662437438965e-01
-9.437316656112670898e-01
-9.290173053741455078e-01
-9.151839017868041992e-01
-9.002786874771118164e-01
-8.839836120605468750e-01
-8.636568188667297363e-01
-8.543707728385925293e-01
-8.500449657440185547e-01
-8.446092605590820312e-01
-8.439912796020507812e-01
-8.471014499664306641e-01
-8.503502607345581055e-01
-8.512388467788696289e-01
-8.483571410179138184e-01
-8.423728942871093750e-01
-8.381277918815612793e-01
-8.376640081405639648e-01
-8.313161134719848633e-01
-8.279671669006347656e-01
-8.247414231300354004e-01
-8.227899074554443359e-01
-8.208380937576293945e-01
-8.189702630043029785e-01
-8.172076940536499023e-01
-8.154449462890625000e-01
-8.136826753616333008e-01
-8.119199275970458984e-01
-1.036358714103698730e+00
-1.047072172164916992e+00
-1.056928396224975586e+00
-1.066500544548034668e+00
-1.076417088508605957e+00
-1.089295506477355957e+00
-1.109959602355957031e+00
-1.128702521324157715e+00
-1.147390604019165039e+00
-1.165547847747802734e+00
-1.183358788490295410e+00
-1.201178193092346191e+00
-1.217970967292785645e+00
-1.231212973594665527e+00
-1.234118700027465820e+00
-1.235759615898132324e+00
-1.235679030418395996e+00
-1.236789345741271973e+00
-1.243179917335510254e+00
-1.248830914497375488e+00
-1.254391431808471680e+00
-1.259900927543640137e+00
-1.264855742454528809e+00
-1.269748687744140625e+00
-1.274641871452331543e+00
-1.285460948944091797e+00
-1.296709060668945312e+00
-1.306877374649047852e+00
-1.316173076629638672e+00
-1.325040817260742188e+00
-1.335199594497680664e+00
-1.336575269699096680e+00
-1.336391210556030273e+00
-1.334578394889831543e+00
-1.333294868469238281e+00
-1.331129789352416992e+00
-1.326760530471801758e+00
-1.323142409324645996e+00
-1.319765210151672363e+00
-1.318263769149780273e+00
-1.317529559135437012e+00
-1.325583696365356445e+00
-1.330180287361145020e+00
-1.333714723587036133e+00
-1.343478083610534668e+00
-1.355440378189086914e+00
-1.369817495346069336e+00
-1.384187102317810059e+00
-1.398457288742065430e+00
-1.412727236747741699e+00
-1.430237412452697754e+00
-1.451942086219787598e+00
-1.471484303474426270e+00
-1.490666985511779785e+00
-1.509767770767211914e+00
-1.529375553131103516e+00
-1.543127179145812988e+00
-1.549916625022888184e+00
-1.545756936073303223e+00
-1.540568470954895020e+00
-1.526976585388183594e+00
-1.503126144409179688e+00
-1.468767523765563965e+00
-1.433342456817626953e+00
-1.397887229919433594e+00
-1.366313338279724121e+00
-1.338108897209167480e+00
-1.310617923736572266e+00
-1.286883234977722168e+00
-1.263721346855163574e+00
-1.240873813629150391e+00
-1.221091389656066895e+00
-1.203078031539916992e+00
-1.184662699699401855e+00
-1.166086316108703613e+00
-1.148917317390441895e+00
-1.131819844245910645e+00
-1.115162491798400879e+00
-1.097457408905029297e+00
-1.097200512886047363e+00
-1.094611048698425293e+00
-1.086599469184875488e+00
-1.077440261840820312e+00
-1.068764567375183105e+00
-1.063319087028503418e+00
-1.058135271072387695e+00
-1.052442789077758789e+00
-1.047047495841979980e+00
-1.037802815437316895e+00
-1.036460161209106445e+00
-1.042338848114013672e+00
-1.050162672996520996e+00
-1.055172562599182129e+00
-1.047786712646484375e+00
-1.035771608352661133e+00
-1.022678494453430176e+00
-1.009450554847717285e+00
-9.940952062606811523e-01
-9.783655405044555664e-01
-9.644218683242797852e-01
-9.510250687599182129e-01
-9.384261965751647949e-01
-9.237141609191894531e-01
-9.098919034004211426e-01
-8.960700035095214844e-01
-8.810831308364868164e-01
-8.634046912193298340e-01
-8.422336578369140625e-01
-8.309290409088134766e-01
-8.254928588867187500e-01
-8.201377391815185547e-01
-8.182036876678466797e-01
-8.211783766746520996e-01
-8.241531848907470703e-01
-8.274572491645812988e-01
-8.221153616905212402e-01
-8.180946111679077148e-01
-8.193907141685485840e-01
-8.222589492797851562e-01
-8.193112611770629883e-01
-8.166516423225402832e-01
-8.132112026214599609e-01
-8.097281455993652344e-01
-8.078283071517944336e-01
-8.060657978057861328e-01
-8.043032884597778320e-01
-8.025410175323486328e-01
-8.008456230163574219e-01
-8.004103899002075195e-01
-1.021092057228088379e+00
-1.031790256500244141e+00
-1.042488574981689453e+00
-1.053075790405273438e+00
-1.062915205955505371e+00
-1.077863335609436035e+00
-1.097281575202941895e+00
-1.116969466209411621e+00
-1.136523127555847168e+00
-1.153890013694763184e+00
-1.169896721839904785e+00
-1.185254812240600586e+00
-1.192656159400939941e+00
-1.195288658142089844e+00
-1.198193907737731934e+00
-1.201099514961242676e+00
-1.204004883766174316e+00
-1.204952359199523926e+00
-1.212784171104431152e+00
-1.219832181930541992e+00
-1.226691842079162598e+00
-1.232123970985412598e+00
-1.237429141998291016e+00
-1.242321848869323730e+00
-1.247214674949645996e+00
-1.256687879562377930e+00
-1.267607808113098145e+00
-1.279169917106628418e+00
-1.289793372154235840e+00
-1.299384236335754395e+00
-1.308225393295288086e+00
-1.309331297874450684e+00
-1.309709906578063965e+00
-1.309830784797668457e+00
-1.313853025436401367e+00
-1.317062616348266602e+00
-1.315619587898254395e+00
-1.315804600715637207e+00
-1.316390633583068848e+00
-1.314888834953308105e+00
-1.318415045738220215e+00
-1.326468706130981445e+00
-1.331325411796569824e+00
-1.340344309806823730e+00
-1.350328683853149414e+00
-1.361212253570556641e+00
-1.375003218650817871e+00
-1.389304399490356445e+00
-1.403605699539184570e+00
-1.422062158584594727e+00
-1.441645026206970215e+00
-1.463360071182250977e+00
-1.483133912086486816e+00
-1.502348303794860840e+00
-1.521562576293945312e+00
-1.537970781326293945e+00
-1.549225807189941406e+00
-1.549677014350891113e+00
-1.544015526771545410e+00
-1.537911295890808105e+00
-1.517255663871765137e+00
-1.486988425254821777e+00
-1.453215479850769043e+00
-1.417664766311645508e+00
-1.380955100059509277e+00
-1.347292661666870117e+00
-1.316048622131347656e+00
-1.288709998130798340e+00
-1.270289063453674316e+00
-1.249710321426391602e+00
-1.227372765541076660e+00
-1.208213210105895996e+00
-1.190329790115356445e+00
-1.172578334808349609e+00
-1.155480742454528809e+00
-1.138620495796203613e+00
-1.121873378753662109e+00
-1.102917313575744629e+00
-1.082679629325866699e+00
-1.068537235260009766e+00
-1.062313914299011230e+00
-1.053494930267333984e+00
-1.043107151985168457e+00
-1.033397197723388672e+00
-1.024752259254455566e+00
-1.019063830375671387e+00
-1.013229012489318848e+00
-1.007985234260559082e+00
-1.004452228546142578e+00
-1.005588054656982422e+00
-1.016553878784179688e+00
-1.024075984954833984e+00
-1.029622673988342285e+00
-1.027245640754699707e+00
-1.016192436218261719e+00
-1.002075672149658203e+00
-9.899960756301879883e-01
-9.772454500198364258e-01
-9.617558121681213379e-01
-9.441249370574951172e-01
-9.285339117050170898e-01
-9.154121875762939453e-01
-9.045723676681518555e-01
-8.907778263092041016e-01
-8.768617510795593262e-01
-8.609952926635742188e-01
-8.395284414291381836e-01
-8.174751400947570801e-01
-8.063956499099731445e-01
-8.007482886314392090e-01
-7.948911190032958984e-01
-7.911272048950195312e-01
-7.941019535064697266e-01
-7.982091903686523438e-01
-8.001619577407836914e-01
-7.965892553329467773e-01
-7.997056841850280762e-01
-8.047940731048583984e-01
-8.095847368240356445e-01
-8.070763945579528809e-01
-8.045001626014709473e-01
-8.017831444740295410e-01
-7.987592816352844238e-01
-7.955102324485778809e-01
-7.931617498397827148e-01
-7.915766239166259766e-01
-7.912602424621582031e-01
-7.914560437202453613e-01
-7.916525006294250488e-01
-1.005650401115417480e+00
-1.016072630882263184e+00
-1.025767326354980469e+00
-1.035201311111450195e+00
-1.044629931449890137e+00
-1.062854409217834473e+00
-1.082893133163452148e+00
-1.102184176445007324e+00
-1.120317459106445312e+00
-1.137616038322448730e+00
-1.154520511627197266e+00
-1.157290935516357422e+00
-1.159191012382507324e+00
-1.161091089248657227e+00
-1.162991404533386230e+00
-1.165158748626708984e+00
-1.168036341667175293e+00
-1.170913815498352051e+00
-1.179611682891845703e+00
-1.187978863716125488e+00
-1.195487499237060547e+00
-1.202384114265441895e+00
-1.209089279174804688e+00
-1.214894890785217285e+00
-1.219787955284118652e+00
-1.228648662567138672e+00
-1.239418029785156250e+00
-1.250187754631042480e+00
-1.261316895484924316e+00
-1.272596716880798340e+00
-1.282451272010803223e+00
-1.283583045005798340e+00
-1.282643914222717285e+00
-1.286325335502624512e+00
-1.293428301811218262e+00
-1.302902460098266602e+00
-1.309702754020690918e+00
-1.311147570610046387e+00
-1.311448574066162109e+00
-1.311711788177490234e+00
-1.319299936294555664e+00
-1.327776432037353516e+00
-1.338756203651428223e+00
-1.347904086112976074e+00
-1.357307791709899902e+00
-1.368450999259948730e+00
-1.380568385124206543e+00
-1.395380020141601562e+00
-1.414874076843261719e+00
-1.434016823768615723e+00
-1.453797936439514160e+00
-1.474502086639404297e+00
-1.494476199150085449e+00
-1.513690471649169922e+00
-1.532887101173400879e+00
-1.546758770942687988e+00
-1.553164720535278320e+00
-1.551372647285461426e+00
-1.536473155021667480e+00
-1.515889286994934082e+00
-1.495280265808105469e+00
-1.467347145080566406e+00
-1.434831500053405762e+00
-1.401154637336730957e+00
-1.365767121315002441e+00
-1.332070350646972656e+00
-1.298510909080505371e+00
-1.272507309913635254e+00
-1.250890970230102539e+00
-1.231225013732910156e+00
-1.211959481239318848e+00
-1.194317698478698730e+00
-1.178254961967468262e+00
-1.161739945411682129e+00
-1.145168423652648926e+00
-1.128062129020690918e+00
-1.108637928962707520e+00
-1.088389635086059570e+00
-1.066978096961975098e+00
-1.043500304222106934e+00
-1.029311418533325195e+00
-1.019268751144409180e+00
-1.007853150367736816e+00
-9.982192516326904297e-01
-9.887486696243286133e-01
-9.797899723052978516e-01
-9.740149974822998047e-01
-9.692963361740112305e-01
-9.704241752624511719e-01
-9.798029661178588867e-01
-9.908248186111450195e-01
-9.979892969131469727e-01
-1.002279400825500488e+00
-1.002901196479797363e+00
-9.963968992233276367e-01
-9.858256578445434570e-01
-9.744282960891723633e-01
-9.609922766685485840e-01
-9.457481503486633301e-01
-9.276151657104492188e-01
-9.099129438400268555e-01
-8.935670852661132812e-01
-8.822610378265380859e-01
-8.704779744148254395e-01
-8.538563251495361328e-01
-8.363810777664184570e-01
-8.132749199867248535e-01
-7.916589975357055664e-01
-7.809652686119079590e-01
-7.756201624870300293e-01
-7.699369192123413086e-01
-7.643600702285766602e-01
-7.670036554336547852e-01
-7.708108425140380859e-01
-7.761677503585815430e-01
-7.791321277618408203e-01
-7.841880321502685547e-01
-7.892773747444152832e-01
-7.960125207901000977e-01
-7.943841218948364258e-01
-7.925203442573547363e-01
-7.902019023895263672e-01
-7.872381210327148438e-01
-7.845011353492736816e-01
-7.830421328544616699e-01
-7.823052406311035156e-01
-7.825017571449279785e-01
-7.826980352401733398e-01
-7.828943729400634766e-01
-9.830070734024047852e-01
-9.945112466812133789e-01
-1.005631804466247559e+00
-1.015596508979797363e+00
-1.025486826896667480e+00
-1.046028733253479004e+00
-1.066171765327453613e+00
-1.084937214851379395e+00
-1.102499604225158691e+00
-1.115233540534973145e+00
-1.118595480918884277e+00
-1.121956944465637207e+00
-1.125697731971740723e+00
-1.127570033073425293e+00
-1.129442691802978516e+00
-1.131314873695373535e+00
-1.133187174797058105e+00
-1.135059475898742676e+00
-1.141285538673400879e+00
-1.152196407318115234e+00
-1.162605166435241699e+00
-1.170584797859191895e+00
-1.177837252616882324e+00
-1.184733271598815918e+00
-1.191172480583190918e+00
-1.200106024742126465e+00
-1.211378812789916992e+00
-1.222148299217224121e+00
-1.232917904853820801e+00
-1.243679404258728027e+00
-1.254703879356384277e+00
-1.257768988609313965e+00
-1.258313536643981934e+00
-1.267557263374328613e+00
-1.278473496437072754e+00
-1.289730548858642578e+00
-1.299863100051879883e+00
-1.305267691612243652e+00
-1.306519627571105957e+00
-1.310820579528808594e+00
-1.320255041122436523e+00
-1.335532784461975098e+00
-1.346361875534057617e+00
-1.355556607246398926e+00
-1.365374088287353516e+00
-1.375971436500549316e+00
-1.391403079032897949e+00
-1.408332228660583496e+00
-1.425837635993957520e+00
-1.445331692695617676e+00
-1.465691924095153809e+00
-1.486000418663024902e+00
-1.505818724632263184e+00
-1.525032877922058105e+00
-1.543106436729431152e+00
-1.552120327949523926e+00
-1.551983475685119629e+00
-1.538225054740905762e+00
-1.516838669776916504e+00
-1.494727253913879395e+00
-1.472151398658752441e+00
-1.448665738105773926e+00
-1.417432546615600586e+00
-1.382861018180847168e+00
-1.348674416542053223e+00
-1.316403269767761230e+00
-1.285864830017089844e+00
-1.260954618453979492e+00
-1.236326575279235840e+00
-1.213784456253051758e+00
-1.194390892982482910e+00
-1.178079485893249512e+00
-1.165317893028259277e+00
-1.150779247283935547e+00
-1.133510470390319824e+00
-1.113904356956481934e+00
-1.093484878540039062e+00
-1.071964740753173828e+00
-1.049921751022338867e+00
-1.023476481437683105e+00
-9.954248666763305664e-01
-9.840712547302246094e-01
-9.719882011413574219e-01
-9.619244933128356934e-01
-9.522677659988403320e-01
-9.426110386848449707e-01
-9.344437718391418457e-01
-9.306012392044067383e-01
-9.356545209884643555e-01
-9.535778164863586426e-01
-9.648225307464599609e-01
-9.705259203910827637e-01
-9.745768308639526367e-01
-9.754900336265563965e-01
-9.751406908035278320e-01
-9.705536365509033203e-01
-9.623816013336181641e-01
-9.469416141510009766e-01
-9.295731782913208008e-01
-9.111586809158325195e-01
-8.935943245887756348e-01
-8.757708072662353516e-01
-8.568812608718872070e-01
-8.423681259155273438e-01
-8.284461498260498047e-01
-8.102024793624877930e-01
-7.870928049087524414e-01
-7.658774852752685547e-01
-7.554432749748229980e-01
-7.501053214073181152e-01
-7.447670698165893555e-01
-7.379517555236816406e-01
-7.408936023712158203e-01
-7.485308647155761719e-01
-7.586029767990112305e-01
-7.635816931724548340e-01
-7.686712741851806641e-01
-7.739164233207702637e-01
-7.825530171394348145e-01
-7.809284925460815430e-01
-7.793036699295043945e-01
-7.780759334564208984e-01
-7.776666283607482910e-01
-7.767318487167358398e-01
-7.756673693656921387e-01
-7.746024131774902344e-01
-7.736403942108154297e-01
-7.739402055740356445e-01
-7.741360664367675781e-01
-9.554538726806640625e-01
-9.670284986495971680e-01
-9.785159826278686523e-01
-9.899296760559082031e-01
-1.004243016242980957e+00
-1.024698376655578613e+00
-1.042903423309326172e+00
-1.060921549797058105e+00
-1.070534348487854004e+00
-1.075433969497680664e+00
-1.079800486564636230e+00
-1.083205342292785645e+00
-1.086610317230224609e+00
-1.090015292167663574e+00
-1.093465566635131836e+00
-1.095408320426940918e+00
-1.097351312637329102e+00
-1.099294185638427734e+00
-1.102332234382629395e+00
-1.112264990806579590e+00
-1.122588753700256348e+00
-1.133526086807250977e+00
-1.143311142921447754e+00
-1.151361942291259766e+00
-1.158475279808044434e+00
-1.168034195899963379e+00
-1.179917573928833008e+00
-1.191442608833312988e+00
-1.202967286109924316e+00
-1.214289426803588867e+00
-1.224977374076843262e+00
-1.230331778526306152e+00
-1.241412281990051270e+00
-1.253380656242370605e+00
-1.264475464820861816e+00
-1.274537444114685059e+00
-1.285412073135375977e+00
-1.295656681060791016e+00
-1.300141572952270508e+00
-1.309284329414367676e+00
-1.323969244956970215e+00
-1.344527840614318848e+00
-1.353526711463928223e+00
-1.363253474235534668e+00
-1.374098658561706543e+00
-1.389803171157836914e+00
-1.405966520309448242e+00
-1.422370553016662598e+00
-1.439370393753051758e+00
-1.456619620323181152e+00
-1.476853966712951660e+00
-1.497284293174743652e+00
-1.516672849655151367e+00
-1.536267876625061035e+00
-1.549795746803283691e+00
-1.543954730033874512e+00
-1.531278729438781738e+00
-1.517042040824890137e+00
-1.495866179466247559e+00
-1.474203824996948242e+00
-1.452541708946228027e+00
-1.430022239685058594e+00
-1.400527834892272949e+00
-1.367621779441833496e+00
-1.334381818771362305e+00
-1.299875140190124512e+00
-1.272647261619567871e+00
-1.249379515647888184e+00
-1.225687623023986816e+00
-1.203209280967712402e+00
-1.182848334312438965e+00
-1.163625359535217285e+00
-1.148820042610168457e+00
-1.134625315666198730e+00
-1.117750048637390137e+00
-1.098131895065307617e+00
-1.076807975769042969e+00
-1.054922223091125488e+00
-1.031668186187744141e+00
-1.003115773200988770e+00
-9.724624156951904297e-01
-9.482064843177795410e-01
-9.356420636177062988e-01
-9.254051446914672852e-01
-9.157485961914062500e-01
-9.060916900634765625e-01
-8.969222307205200195e-01
-8.919754624366760254e-01
-9.050174951553344727e-01
-9.247312545776367188e-01
-9.382388591766357422e-01
-9.423287510871887207e-01
-9.470465779304504395e-01
-9.487950801849365234e-01
-9.509556889533996582e-01
-9.537574052810668945e-01
-9.470815658569335938e-01
-9.333193898200988770e-01
-9.149494767189025879e-01
-8.936629295349121094e-01
-8.738716244697570801e-01
-8.542420268058776855e-01
-8.346273899078369141e-01
-8.168638944625854492e-01
-7.998089790344238281e-01
-7.826514840126037598e-01
-7.603675723075866699e-01
-7.395839691162109375e-01
-7.294407486915588379e-01
-7.241338491439819336e-01
-7.169719338417053223e-01
-7.147086262702941895e-01
-7.197611331939697266e-01
-7.304990291595458984e-01
-7.433465719223022461e-01
-7.482862472534179688e-01
-7.532879710197448730e-01
-7.606115937232971191e-01
-7.689296603202819824e-01
-7.678430676460266113e-01
-7.680511474609375000e-01
-7.684164047241210938e-01
-7.687819600105285645e-01
-7.687138915061950684e-01
-7.681251764297485352e-01
-7.671868801116943359e-01
-7.661623954772949219e-01
-7.652117013931274414e-01
-7.655038833618164062e-01
-9.291584491729736328e-01
-9.403169155120849609e-01
-9.507570266723632812e-01
-9.608902335166931152e-01
-9.760767221450805664e-01
-9.959830045700073242e-01
-1.015885829925537109e+00
-1.022571802139282227e+00
-1.027471899986267090e+00
-1.032371640205383301e+00
-1.037271618843078613e+00
-1.042025446891784668e+00
-1.046370625495910645e+00
-1.049775600433349609e+00
-1.053181052207946777e+00
-1.056586384773254395e+00
-1.059845328330993652e+00
-1.061502695083618164e+00
-1.063294053077697754e+00
-1.072126746177673340e+00
-1.082058429718017578e+00
-1.091990351676940918e+00
-1.101923108100891113e+00
-1.112803101539611816e+00
-1.121894478797912598e+00
-1.132013440132141113e+00
-1.144680857658386230e+00
-1.157035589218139648e+00
-1.168778777122497559e+00
-1.180721759796142578e+00
-1.196776270866394043e+00
-1.208247780799865723e+00
-1.221277952194213867e+00
-1.234042406082153320e+00
-1.246754407882690430e+00
-1.257858395576477051e+00
-1.267868518829345703e+00
-1.277837276458740234e+00
-1.289944291114807129e+00
-1.305008530616760254e+00
-1.326836228370666504e+00
-1.347927451133728027e+00
-1.358192563056945801e+00
-1.370338082313537598e+00
-1.384935021400451660e+00
-1.400863885879516602e+00
-1.417027115821838379e+00
-1.433190703392028809e+00
-1.449380278587341309e+00
-1.466706752777099609e+00
-1.484642982482910156e+00
-1.504523396492004395e+00
-1.523836731910705566e+00
-1.537950754165649414e+00
-1.530235886573791504e+00
-1.517867684364318848e+00
-1.505441308021545410e+00
-1.492130875587463379e+00
-1.471464514732360840e+00
-1.449872851371765137e+00
-1.428281188011169434e+00
-1.406689286231994629e+00
-1.382892489433288574e+00
-1.351468920707702637e+00
-1.317619323730468750e+00
-1.286141872406005859e+00
-1.260656118392944336e+00
-1.235182285308837891e+00
-1.211594223976135254e+00
-1.192164778709411621e+00
-1.172795891761779785e+00
-1.151839375495910645e+00
-1.131147861480712891e+00
-1.111883044242858887e+00
-1.094101190567016602e+00
-1.076130867004394531e+00
-1.056899785995483398e+00
-1.035807371139526367e+00
-1.009753465652465820e+00
-9.803243875503540039e-01
-9.483779072761535645e-01
-9.148424863815307617e-01
-8.973348736763000488e-01
-8.872208595275878906e-01
-8.776347637176513672e-01
-8.680915832519531250e-01
-8.593989014625549316e-01
-8.553609848022460938e-01
-8.732060790061950684e-01
-8.928564786911010742e-01
-9.083937406539916992e-01
-9.125208258628845215e-01
-9.179812073707580566e-01
-9.217011928558349609e-01
-9.249405860900878906e-01
-9.281800389289855957e-01
-9.290980696678161621e-01
-9.177962541580200195e-01
-8.989471793174743652e-01
-8.758107423782348633e-01
-8.526742458343505859e-01
-8.321406245231628418e-01
-8.125401735305786133e-01
-7.932692766189575195e-01
-7.747323513031005859e-01
-7.518662810325622559e-01
-7.317796945571899414e-01
-7.122642397880554199e-01
-7.023433446884155273e-01
-6.958872675895690918e-01
-6.938000321388244629e-01
-6.929535865783691406e-01
-6.995157003402709961e-01
-7.134585380554199219e-01
-7.269327640533447266e-01
-7.318928837776184082e-01
-7.368535399436950684e-01
-7.468646168708801270e-01
-7.560947537422180176e-01
-7.563470602035522461e-01
-7.566710710525512695e-01
-7.569952011108398438e-01
-7.573192715644836426e-01
-7.576006650924682617e-01
-7.574311494827270508e-01
-7.572612762451171875e-01
-7.567259669303894043e-01
-7.559444308280944824e-01
-7.551734447479248047e-01
-9.026859998703002930e-01
-9.126580953598022461e-01
-9.220808744430541992e-01
-9.303637146949768066e-01
-9.475080966949462891e-01
-9.620600938796997070e-01
-9.680850505828857422e-01
-9.746344089508056641e-01
-9.814070463180541992e-01
-9.881793260574340820e-01
-9.936057329177856445e-01
-9.984641075134277344e-01
-1.003299117088317871e+00
-1.007724404335021973e+00
-1.012149453163146973e+00
-1.015536427497863770e+00
-1.018781781196594238e+00
-1.021994352340698242e+00
-1.025056958198547363e+00
-1.031013011932373047e+00
-1.040903687477111816e+00
-1.050794243812561035e+00
-1.060685276985168457e+00
-1.070576071739196777e+00
-1.080466628074645996e+00
-1.092375636100769043e+00
-1.106608271598815918e+00
-1.120289325714111328e+00
-1.135917305946350098e+00
-1.152951717376708984e+00
-1.169226050376892090e+00
-1.185362100601196289e+00
-1.198575139045715332e+00
-1.211788654327392578e+00
-1.225001931190490723e+00
-1.238275766372680664e+00
-1.249376416206359863e+00
-1.259733319282531738e+00
-1.276078820228576660e+00
-1.303180336952209473e+00
-1.327453494071960449e+00
-1.347719550132751465e+00
-1.365028738975524902e+00
-1.380534887313842773e+00
-1.393877387046813965e+00
-1.409874796867370605e+00
-1.425997138023376465e+00
-1.442119240760803223e+00
-1.458241343498229980e+00
-1.474888443946838379e+00
-1.492595553398132324e+00
-1.509811997413635254e+00
-1.517675995826721191e+00
-1.512863397598266602e+00
-1.500454068183898926e+00
-1.488030195236206055e+00
-1.475606679916381836e+00
-1.463211894035339355e+00
-1.443603634834289551e+00
-1.422156214714050293e+00
-1.400522828102111816e+00
-1.378889918327331543e+00
-1.357917189598083496e+00
-1.331846475601196289e+00
-1.299968361854553223e+00
-1.272473096847534180e+00
-1.246296525001525879e+00
-1.221870779991149902e+00
-1.199871540069580078e+00
-1.177328705787658691e+00
-1.154836058616638184e+00
-1.132722973823547363e+00
-1.110255122184753418e+00
-1.088068366050720215e+00
-1.066032886505126953e+00
-1.045580863952636719e+00
-1.027514338493347168e+00
-1.007998228073120117e+00
-9.813511371612548828e-01
-9.508842825889587402e-01
-9.175950288772583008e-01
-8.835960626602172852e-01
-8.530687093734741211e-01
-8.429654240608215332e-01
-8.333379030227661133e-01
-8.236479163169860840e-01
-8.155093789100646973e-01
-8.192132115364074707e-01
-8.348596096038818359e-01
-8.517075777053833008e-01
-8.686584234237670898e-01
-8.762961626052856445e-01
-8.842272758483886719e-01
-8.891092538833618164e-01
-8.923487067222595215e-01
-8.956305384635925293e-01
-8.968486785888671875e-01
-8.911797404289245605e-01
-8.750503063201904297e-01
-8.515020012855529785e-01
-8.283654451370239258e-01
-8.052288889884948730e-01
-7.836569547653198242e-01
-7.634380459785461426e-01
-7.438315749168395996e-01
-7.197494506835937500e-01
-6.958830356597900391e-01
-6.773602962493896484e-01
-6.694142818450927734e-01
-6.662973165512084961e-01
-6.653063297271728516e-01
-6.671769618988037109e-01
-6.757405996322631836e-01
-6.903091073036193848e-01
-7.043212652206420898e-01
-7.103006839752197266e-01
-7.172906398773193359e-01
-7.310861349105834961e-01
-7.397662401199340820e-01
-7.398531436920166016e-01
-7.399955987930297852e-01
-7.404125928878784180e-01
-7.409248352050781250e-01
-7.414402365684509277e-01
-7.417368292808532715e-01
-7.417373657226562500e-01
-7.417383790016174316e-01
-7.417341470718383789e-01
-7.413312196731567383e-01
-8.745714426040649414e-01
-8.806242942810058594e-01
-8.871427774429321289e-01
-8.960068225860595703e-01
-9.062590599060058594e-01
-9.126158952713012695e-01
-9.189715981483459473e-01
-9.251229763031005859e-01
-9.311481118202209473e-01
-9.371733069419860840e-01
-9.435870051383972168e-01
-9.503604769706726074e-01
-9.562184214591979980e-01
-9.614073634147644043e-01
-9.659309983253479004e-01
-9.702348113059997559e-01
-9.745084643363952637e-01
-9.778882265090942383e-01
-9.810999631881713867e-01
-9.867404699325561523e-01
-9.979419708251953125e-01
-1.007241845130920410e+00
-1.016835451126098633e+00
-1.026726365089416504e+00
-1.036616921424865723e+00
-1.047531008720397949e+00
-1.065285682678222656e+00
-1.085478067398071289e+00
-1.103859663009643555e+00
-1.121496319770812988e+00
-1.141909480094909668e+00
-1.160236001014709473e+00
-1.173449397087097168e+00
-1.186662673950195312e+00
-1.199875831604003906e+00
-1.213089108467102051e+00
-1.225698709487915039e+00
-1.239119291305541992e+00
-1.266402363777160645e+00
-1.296599984169006348e+00
-1.327119946479797363e+00
-1.352310061454772949e+00
-1.369648337364196777e+00
-1.386957287788391113e+00
-1.402880430221557617e+00
-1.417789816856384277e+00
-1.433346152305603027e+00
-1.449468493461608887e+00
-1.465590238571166992e+00
-1.482225656509399414e+00
-1.493901968002319336e+00
-1.497586607933044434e+00
-1.496502280235290527e+00
-1.482818484306335449e+00
-1.469367623329162598e+00
-1.456943631172180176e+00
-1.444533705711364746e+00
-1.432142853736877441e+00
-1.413812160491943359e+00
-1.392559885978698730e+00
-1.371307730674743652e+00
-1.350055456161499023e+00
-1.330252289772033691e+00
-1.308998465538024902e+00
-1.283041357994079590e+00
-1.260428547859191895e+00
-1.235802412033081055e+00
-1.211284518241882324e+00
-1.187620401382446289e+00
-1.164360404014587402e+00
-1.139294624328613281e+00
-1.112900376319885254e+00
-1.086226105690002441e+00
-1.063858866691589355e+00
-1.040515303611755371e+00
-1.019066810607910156e+00
-9.984378814697265625e-01
-9.740591645240783691e-01
-9.480601549148559570e-01
-9.191033244132995605e-01
-8.858944773674011230e-01
-8.519133925437927246e-01
-8.184837698936462402e-01
-7.975919842720031738e-01
-7.876098155975341797e-01
-7.778924703598022461e-01
-7.731012105941772461e-01
-7.825842499732971191e-01
-7.974221706390380859e-01
-8.112775087356567383e-01
-8.284709453582763672e-01
-8.423298597335815430e-01
-8.518460392951965332e-01
-8.566673994064331055e-01
-8.580800294876098633e-01
-8.593497872352600098e-01
-8.614162206649780273e-01
-8.602204918861389160e-01
-8.494292497634887695e-01
-8.276023864746093750e-01
-8.040566444396972656e-01
-7.809200882911682129e-01
-7.577836513519287109e-01
-7.342618703842163086e-01
-7.124103903770446777e-01
-6.882016062736511230e-01
-6.658786535263061523e-01
-6.461392641067504883e-01
-6.372542381286621094e-01
-6.376029253005981445e-01
-6.389691829681396484e-01
-6.445298194885253906e-01
-6.518755555152893066e-01
-6.674791574478149414e-01
-6.840062737464904785e-01
-6.912287473678588867e-01
-7.005074024200439453e-01
-7.146975994110107422e-01
-7.228360176086425781e-01
-7.230407595634460449e-01
-7.232843637466430664e-01
-7.235885858535766602e-01
-7.238927483558654785e-01
-7.243862748146057129e-01
-7.249978184700012207e-01
-7.250479459762573242e-01
-7.250486612319946289e-01
-7.250494956970214844e-01
-7.250497341156005859e-01
-8.441154956817626953e-01
-8.507740497589111328e-01
-8.576651215553283691e-01
-8.539778590202331543e-01
-8.583841323852539062e-01
-8.631194829940795898e-01
-8.691072463989257812e-01
-8.754637241363525391e-01
-8.818200826644897461e-01
-8.881763815879821777e-01
-8.942112922668457031e-01
-9.002364873886108398e-01
-9.062615633010864258e-01
-9.125404357910156250e-01
-9.186502099037170410e-01
-9.235817193984985352e-01
-9.281350374221801758e-01
-9.324086308479309082e-01
-9.366828203201293945e-01
-9.403278231620788574e-01
-9.516804218292236328e-01
-9.630337953567504883e-01
-9.742324352264404297e-01
-9.835325479507446289e-01
-9.934591054916381836e-01
-1.008299589157104492e+00
-1.028787851333618164e+00
-1.049275875091552734e+00
-1.069764018058776855e+00
-1.089479565620422363e+00
-1.114302277565002441e+00
-1.133652806282043457e+00
-1.147696375846862793e+00
-1.161536574363708496e+00
-1.174749732017517090e+00
-1.187963128089904785e+00
-1.201210379600524902e+00
-1.222328424453735352e+00
-1.254783153533935547e+00
-1.292961239814758301e+00
-1.329074978828430176e+00
-1.355757474899291992e+00
-1.373736262321472168e+00
-1.391577005386352539e+00
-1.409324765205383301e+00
-1.426802992820739746e+00
-1.441712379455566406e+00
-1.456817626953125000e+00
-1.471993803977966309e+00
-1.477075457572937012e+00
-1.479235768318176270e+00
-1.479599118232727051e+00
-1.471783041954040527e+00
-1.455158829689025879e+00
-1.438640356063842773e+00
-1.425857543945312500e+00
-1.413464665412902832e+00
-1.401073932647705078e+00
-1.384020805358886719e+00
-1.362768650054931641e+00
-1.341516137123107910e+00
-1.320718050003051758e+00
-1.301943898200988770e+00
-1.283856034278869629e+00
-1.267958879470825195e+00
-1.247678518295288086e+00
-1.225426077842712402e+00
-1.202266693115234375e+00
-1.177116870880126953e+00
-1.149881482124328613e+00
-1.122615575790405273e+00
-1.095509648323059082e+00
-1.068265557289123535e+00
-1.040853500366210938e+00
-1.016113877296447754e+00
-9.933403730392456055e-01
-9.699155092239379883e-01
-9.425175786018371582e-01
-9.122102260589599609e-01
-8.804324865341186523e-01
-8.496859073638916016e-01
-8.186300992965698242e-01
-7.853487133979797363e-01
-7.550643086433410645e-01
-7.417010664939880371e-01
-7.324081659317016602e-01
-7.334071993827819824e-01
-7.458099126815795898e-01
-7.590139508247375488e-01
-7.735592722892761230e-01
-7.912950515747070312e-01
-8.085458278656005859e-01
-8.180685639381408691e-01
-8.204637765884399414e-01
-8.217469453811645508e-01
-8.238131999969482422e-01
-8.258796334266662598e-01
-8.251340985298156738e-01
-8.218767046928405762e-01
-8.034338355064392090e-01
-7.801544070243835449e-01
-7.566115260124206543e-01
-7.332111597061157227e-01
-7.091337442398071289e-01
-6.819863319396972656e-01
-6.608358621597290039e-01
-6.376505494117736816e-01
-6.168553829193115234e-01
-6.107624769210815430e-01
-6.103416085243225098e-01
-6.161477565765380859e-01
-6.234332919120788574e-01
-6.314369440078735352e-01
-6.477600336074829102e-01
-6.644024848937988281e-01
-6.723420023918151855e-01
-6.841096878051757812e-01
-6.985596418380737305e-01
-7.062608003616333008e-01
-7.065649628639221191e-01
-7.068690061569213867e-01
-7.071733474731445312e-01
-7.074778079986572266e-01
-7.077817320823669434e-01
-7.080860733985900879e-01
-7.083580493927001953e-01
-7.083588838577270508e-01
-7.083597183227539062e-01
-7.083601951599121094e-01
-8.208922743797302246e-01
-8.200918436050415039e-01
-8.118367195129394531e-01
-8.106184601783752441e-01
-8.154730796813964844e-01
-8.196392059326171875e-01
-8.240453600883483887e-01
-8.284524679183959961e-01
-8.329673409461975098e-01
-8.383216857910156250e-01
-8.446685671806335449e-01
-8.510241508483886719e-01
-8.572741746902465820e-01
-8.631708621978759766e-01
-8.690445423126220703e-01
-8.749180436134338379e-01
-8.806576728820800781e-01
-8.853687047958374023e-01
-8.900795578956604004e-01
-8.945825099945068359e-01
-9.048129916191101074e-01
-9.166211485862731934e-01
-9.282949566841125488e-01
-9.431973695755004883e-01
-9.591137766838073730e-01
-9.731799960136413574e-01
-9.927133321762084961e-01
-1.012778162956237793e+00
-1.033265948295593262e+00
-1.058513045310974121e+00
-1.085829257965087891e+00
-1.106586933135986328e+00
-1.120866894721984863e+00
-1.135093688964843750e+00
-1.149136781692504883e+00
-1.162905097007751465e+00
-1.177859187126159668e+00
-1.211710333824157715e+00
-1.249513268470764160e+00
-1.288043379783630371e+00
-1.326441645622253418e+00
-1.355695605278015137e+00
-1.376886487007141113e+00
-1.395025849342346191e+00
-1.414168834686279297e+00
-1.433044314384460449e+00
-1.450331211090087891e+00
-1.458369851112365723e+00
-1.459422469139099121e+00
-1.461319327354431152e+00
-1.462530970573425293e+00
-1.457213044166564941e+00
-1.445751428604125977e+00
-1.428246498107910156e+00
-1.411571383476257324e+00
-1.395235776901245117e+00
-1.382395386695861816e+00
-1.370004653930664062e+00
-1.354138731956481934e+00
-1.332976818084716797e+00
-1.311724781990051270e+00
-1.292696833610534668e+00
-1.275166153907775879e+00
-1.261037230491638184e+00
-1.251362085342407227e+00
-1.233474731445312500e+00
-1.213820099830627441e+00
-1.190147399902343750e+00
-1.163638234138488770e+00
-1.136288404464721680e+00
-1.107865810394287109e+00
-1.078635811805725098e+00
-1.049066066741943359e+00
-1.021056413650512695e+00
-9.972528219223022461e-01
-9.709481596946716309e-01
-9.399002790451049805e-01
-9.077157974243164062e-01
-8.754861950874328613e-01
-8.441745042800903320e-01
-8.112248778343200684e-01
-7.800463438034057617e-01
-7.501562833786010742e-01
-7.216051816940307617e-01
-6.955657005310058594e-01
-6.905442476272583008e-01
-6.947460174560546875e-01
-7.074018120765686035e-01
-7.212240695953369141e-01
-7.391902804374694824e-01
-7.559759020805358887e-01
-7.696981430053710938e-01
-7.824436426162719727e-01
-7.841441631317138672e-01
-7.862104177474975586e-01
-7.882766723632812500e-01
-7.903429269790649414e-01
-7.897442579269409180e-01
-7.870057225227355957e-01
-7.772105932235717773e-01
-7.564238309860229492e-01
-7.327062487602233887e-01
-7.087042331695556641e-01
-6.869906783103942871e-01
-6.614935994148254395e-01
-6.340565681457519531e-01
-6.074025630950927734e-01
-5.915748476982116699e-01
-5.867562294006347656e-01
-5.914318561553955078e-01
-5.982039570808410645e-01
-6.053637862205505371e-01
-6.134623885154724121e-01
-6.284326910972595215e-01
-6.451773643493652344e-01
-6.535210609436035156e-01
-6.680555343627929688e-01
-6.825297474861145020e-01
-6.896393895149230957e-01
-6.901328563690185547e-01
-6.904537677764892578e-01
-6.907582283020019531e-01
-6.910623311996459961e-01
-6.913662552833557129e-01
-6.916707754135131836e-01
-6.919747591018676758e-01
-6.918351650238037109e-01
-6.916703581809997559e-01
-6.916710138320922852e-01
-7.946805357933044434e-01
-7.841362357139587402e-01
-7.742932438850402832e-01
-7.737779021263122559e-01
-7.758972644805908203e-01
-7.790888547897338867e-01
-7.831196188926696777e-01
-7.870839834213256836e-01
-7.900651097297668457e-01
-7.941135764122009277e-01
-7.985194921493530273e-01
-8.029261231422424316e-01
-8.076753616333007812e-01
-8.135890960693359375e-01
-8.197935223579406738e-01
-8.257753849029541016e-01
-8.316488862037658691e-01
-8.375222682952880859e-01
-8.429948687553405762e-01
-8.471728563308715820e-01
-8.556867241859436035e-01
-8.707609772682189941e-01
-8.880745768547058105e-01
-9.047483205795288086e-01
-9.208223819732666016e-01
-9.369197487831115723e-01
-9.577560424804687500e-01
-9.776532649993896484e-01
-9.994478225708007812e-01
-1.026447892189025879e+00
-1.053847074508666992e+00
-1.077001333236694336e+00
-1.094105720520019531e+00
-1.108686208724975586e+00
-1.122781634330749512e+00
-1.137199878692626953e+00
-1.167780399322509766e+00
-1.205748915672302246e+00
-1.244165182113647461e+00
-1.283119082450866699e+00
-1.321950793266296387e+00
-1.351517319679260254e+00
-1.377383351325988770e+00
-1.397725939750671387e+00
-1.416752696037292480e+00
-1.434736847877502441e+00
-1.441604256629943848e+00
-1.444778323173522949e+00
-1.445322394371032715e+00
-1.446125626564025879e+00
-1.441985368728637695e+00
-1.433615088462829590e+00
-1.419889926910400391e+00
-1.402378201484680176e+00
-1.384866833686828613e+00
-1.368017315864562988e+00
-1.352374196052551270e+00
-1.338935494422912598e+00
-1.324154138565063477e+00
-1.303185582160949707e+00
-1.283256411552429199e+00
-1.266720056533813477e+00
-1.249780416488647461e+00
-1.239894032478332520e+00
-1.231140971183776855e+00
-1.218294501304626465e+00
-1.197579145431518555e+00
-1.173844814300537109e+00
-1.147883057594299316e+00
-1.120345711708068848e+00
-1.091015100479125977e+00
-1.061336636543273926e+00
-1.031926274299621582e+00
-1.003048181533813477e+00
-9.764238595962524414e-01
-9.499854445457458496e-01
-9.170812368392944336e-01
-8.795685172080993652e-01
-8.406966328620910645e-01
-8.055874705314636230e-01
-7.737281322479248047e-01
-7.428095340728759766e-01
-7.113413810729980469e-01
-6.840986013412475586e-01
-6.574491262435913086e-01
-6.503990888595581055e-01
-6.558620929718017578e-01
-6.696043014526367188e-01
-6.851879954338073730e-01
-7.032155394554138184e-01
-7.189163565635681152e-01
-7.311900854110717773e-01
-7.455374002456665039e-01
-7.493023872375488281e-01
-7.506738305091857910e-01
-7.527402639389038086e-01
-7.548063993453979492e-01
-7.543544769287109375e-01
-7.516158819198608398e-01
-7.444020509719848633e-01
-7.312153577804565430e-01
-7.098338603973388672e-01
-6.890172362327575684e-01
-6.669671535491943359e-01
-6.385352015495300293e-01
-6.078852415084838867e-01
-5.841427445411682129e-01
-5.690575242042541504e-01
-5.704617500305175781e-01
-5.768218040466308594e-01
-5.832301378250122070e-01
-5.900510549545288086e-01
-5.959597826004028320e-01
-6.094313263893127441e-01
-6.261761188507080078e-01
-6.369402408599853516e-01
-6.517665386199951172e-01
-6.664998531341552734e-01
-6.729503870010375977e-01
-6.734439730644226074e-01
-6.739372611045837402e-01
-6.743428707122802734e-01
-6.746472120285034180e-01
-6.749510765075683594e-01
-6.752554178237915039e-01
-6.755599975585937500e-01
-6.757847666740417480e-01
-6.754777431488037109e-01
-6.751705408096313477e-01
-7.613991498947143555e-01
-7.506546974182128906e-01
-7.405940890312194824e-01
-7.417855262756347656e-01
-7.433282136917114258e-01
-7.448703050613403320e-01
-7.466121912002563477e-01
-7.491096258163452148e-01
-7.526545524597167969e-01
-7.561466693878173828e-01
-7.580651044845581055e-01
-7.606873512268066406e-01
-7.638937830924987793e-01
-7.681483030319213867e-01
-7.724030613899230957e-01
-7.768353819847106934e-01
-7.821832895278930664e-01
-7.883796095848083496e-01
-7.942727208137512207e-01
-8.007619380950927734e-01
-8.122668862342834473e-01
-8.296828269958496094e-01
-8.465087413787841797e-01
-8.639294505119323730e-01
-8.815019726753234863e-01
-8.984493017196655273e-01
-9.188548922538757324e-01
-9.408051967620849609e-01
-9.687312245368957520e-01
-9.957313537597656250e-01
-1.022731542587280273e+00
-1.046058654785156250e+00
-1.062881469726562500e+00
-1.079889893531799316e+00
-1.098732113838195801e+00
-1.124236941337585449e+00
-1.160641908645629883e+00
-1.199337363243103027e+00
-1.239057660102844238e+00
-1.278194785118103027e+00
-1.317141652107238770e+00
-1.345437765121459961e+00
-1.373255372047424316e+00
-1.398250579833984375e+00
-1.410740017890930176e+00
-1.416172504425048828e+00
-1.420971989631652832e+00
-1.425760388374328613e+00
-1.429776430130004883e+00
-1.428797245025634766e+00
-1.419590711593627930e+00
-1.408976078033447266e+00
-1.393986344337463379e+00
-1.376516461372375488e+00
-1.359022736549377441e+00
-1.341543793678283691e+00
-1.324479937553405762e+00
-1.309512734413146973e+00
-1.294493436813354492e+00
-1.275263905525207520e+00
-1.257538199424743652e+00
-1.241208434104919434e+00
-1.227503299713134766e+00
-1.218574643135070801e+00
-1.208842873573303223e+00
-1.197454452514648438e+00
-1.178036332130432129e+00
-1.154929876327514648e+00
-1.128951668739318848e+00
-1.100567698478698730e+00
-1.072183609008789062e+00
-1.043856024742126465e+00
-1.015311002731323242e+00
-9.864584207534790039e-01
-9.583355784416198730e-01
-9.272032976150512695e-01
-8.921763896942138672e-01
-8.540620803833007812e-01
-8.153662681579589844e-01
-7.756502628326416016e-01
-7.367117404937744141e-01
-7.034208774566650391e-01
-6.731516122817993164e-01
-6.459350585937500000e-01
-6.231150031089782715e-01
-6.087247133255004883e-01
-6.159605383872985840e-01
-6.302163600921630859e-01
-6.485487818717956543e-01
-6.666491031646728516e-01
-6.818567514419555664e-01
-6.942794919013977051e-01
-7.074455618858337402e-01
-7.149517536163330078e-01
-7.159208059310913086e-01
-7.172034978866577148e-01
-7.192698717117309570e-01
-7.189647555351257324e-01
-7.162262201309204102e-01
-7.097364664077758789e-01
-7.043243050575256348e-01
-6.917767524719238281e-01
-6.710065603256225586e-01
-6.444815397262573242e-01
-6.133713722229003906e-01
-5.887023806571960449e-01
-5.677856802940368652e-01
-5.563647150993347168e-01
-5.562686920166015625e-01
-5.626380443572998047e-01
-5.690980553627014160e-01
-5.755580663681030273e-01
-5.821855664253234863e-01
-5.921584367752075195e-01
-6.071749925613403320e-01
-6.205945014953613281e-01
-6.354207992553710938e-01
-6.502470970153808594e-01
-6.562609672546386719e-01
-6.567546129226684570e-01
-6.572482585906982422e-01
-6.577414870262145996e-01
-6.582320332527160645e-01
-6.585362553596496582e-01
-6.588405370712280273e-01
-6.591446995735168457e-01
-6.594488024711608887e-01
-6.594270467758178711e-01
-6.591197252273559570e-01
-7.270962595939636230e-01
-7.167642116546630859e-01
-7.098201513290405273e-01
-7.103301286697387695e-01
-7.113710045814514160e-01
-7.128784060478210449e-01
-7.144206166267395020e-01
-7.160789370536804199e-01
-7.182304263114929199e-01
-7.212138772010803223e-01
-7.232086062431335449e-01
-7.255763411521911621e-01
-7.274385690689086914e-01
-7.286210656166076660e-01
-7.309095263481140137e-01
-7.337158918380737305e-01
-7.376064062118530273e-01
-7.422335743904113770e-01
-7.503149509429931641e-01
-7.598693370819091797e-01
-7.702998518943786621e-01
-7.876399159431457520e-01
-8.059418797492980957e-01
-8.237333893775939941e-01
-8.405588269233703613e-01
-8.573850393295288086e-01
-8.783912062644958496e-01
-9.049438238143920898e-01
-9.340744018554687500e-01
-9.631274342536926270e-01
-9.920147657394409180e-01
-1.015807032585144043e+00
-1.033017635345458984e+00
-1.053609967231750488e+00
-1.078878760337829590e+00
-1.112617135047912598e+00
-1.153390526771545410e+00
-1.193863987922668457e+00
-1.233859658241271973e+00
-1.272556900978088379e+00
-1.310675382614135742e+00
-1.338890790939331055e+00
-1.363724589347839355e+00
-1.378283619880676270e+00
-1.389445424079895020e+00
-1.395662903785705566e+00
-1.400584936141967773e+00
-1.405384898185729980e+00
-1.408842086791992188e+00
-1.404175519943237305e+00
-1.395985245704650879e+00
-1.383529305458068848e+00
-1.368011474609375000e+00
-1.350656509399414062e+00
-1.333178162574768066e+00
-1.315699696540832520e+00
-1.298220753669738770e+00
-1.282655239105224609e+00
-1.268914461135864258e+00
-1.248062968254089355e+00
-1.231353759765625000e+00
-1.214939117431640625e+00
-1.204977631568908691e+00
-1.194448709487915039e+00
-1.183090925216674805e+00
-1.172181963920593262e+00
-1.156699538230895996e+00
-1.133984684944152832e+00
-1.108148694038391113e+00
-1.080749630928039551e+00
-1.052365660667419434e+00
-1.024890780448913574e+00
-9.974511861801147461e-01
-9.694503545761108398e-01
-9.384363889694213867e-01
-9.047980308532714844e-01
-8.682125210762023926e-01
-8.296434879302978516e-01
-7.895051836967468262e-01
-7.503428459167480469e-01
-7.114601135253906250e-01
-6.722291707992553711e-01
-6.355024576187133789e-01
-6.071407794952392578e-01
-5.889947414398193359e-01
-5.707147121429443359e-01
-5.694654583930969238e-01
-5.909122824668884277e-01
-6.114066243171691895e-01
-6.298025250434875488e-01
-6.449595689773559570e-01
-6.581255197525024414e-01
-6.712915301322937012e-01
-6.787828207015991211e-01
-6.815699338912963867e-01
-6.825389266014099121e-01
-6.837333440780639648e-01
-6.835748553276062012e-01
-6.822440624237060547e-01
-6.796573400497436523e-01
-6.758136749267578125e-01
-6.699662208557128906e-01
-6.506716012954711914e-01
-6.221975088119506836e-01
-5.961182117462158203e-01
-5.733828544616699219e-01
-5.552486181259155273e-01
-5.464365482330322266e-01
-5.467108488082885742e-01
-5.496350526809692383e-01
-5.549658536911010742e-01
-5.614261031150817871e-01
-5.678862333297729492e-01
-5.766907930374145508e-01
-5.915490984916687012e-01
-6.042488217353820801e-01
-6.190749406814575195e-01
-6.339014172554016113e-01
-6.393852233886718750e-01
-6.400653123855590820e-01
-6.405587196350097656e-01
-6.410524249076843262e-01
-6.415458917617797852e-01
-6.420395374298095703e-01
-6.424253582954406738e-01
-6.427292823791503906e-01
-6.430335044860839844e-01
-6.433378458023071289e-01
-6.432479619979858398e-01
-6.937071084976196289e-01
-6.821235418319702148e-01
-6.782226562500000000e-01
-6.790535449981689453e-01
-6.797957420349121094e-01
-6.808024644851684570e-01
-6.824283003807067871e-01
-6.839711666107177734e-01
-6.855449080467224121e-01
-6.873300075531005859e-01
-6.902187466621398926e-01
-6.926249265670776367e-01
-6.946065425872802734e-01
-6.965880990028381348e-01
-6.979439854621887207e-01
-6.987844705581665039e-01
-7.023214101791381836e-01
-7.087333798408508301e-01
-7.160061597824096680e-01
-7.239051461219787598e-01
-7.328808307647705078e-01
-7.466942667961120605e-01
-7.636263966560363770e-01
-7.813145518302917480e-01
-7.996169328689575195e-01
-8.177839517593383789e-01
-8.381338119506835938e-01
-8.679388761520385742e-01
-8.977442979812622070e-01
-9.278434514999389648e-01
-9.573339223861694336e-01
-9.850698709487915039e-01
-1.008986473083496094e+00
-1.032097101211547852e+00
-1.063886761665344238e+00
-1.101317524909973145e+00
-1.143121361732482910e+00
-1.186403393745422363e+00
-1.228420734405517578e+00
-1.268143773078918457e+00
-1.303594708442687988e+00
-1.321903228759765625e+00
-1.335817456245422363e+00
-1.349107861518859863e+00
-1.363072872161865234e+00
-1.373638987541198730e+00
-1.380080342292785645e+00
-1.383999466896057129e+00
-1.382643222808837891e+00
-1.377878308296203613e+00
-1.370951294898986816e+00
-1.357098102569580078e+00
-1.341580271720886230e+00
-1.324002623558044434e+00
-1.306256294250488281e+00
-1.289386868476867676e+00
-1.273426651954650879e+00
-1.257533907890319824e+00
-1.242980360984802246e+00
-1.223808288574218750e+00
-1.204558968544006348e+00
-1.191361784934997559e+00
-1.179970622062683105e+00
-1.167963504791259766e+00
-1.157054543495178223e+00
-1.145376324653625488e+00
-1.132340192794799805e+00
-1.111513853073120117e+00
-1.087086319923400879e+00
-1.060589194297790527e+00
-1.033304691314697266e+00
-1.005865335464477539e+00
-9.784258604049682617e-01
-9.502164125442504883e-01
-9.164552092552185059e-01
-8.806723952293395996e-01
-8.431967496871948242e-01
-8.050227165222167969e-01
-7.662416100502014160e-01
-7.263224124908447266e-01
-6.864032745361328125e-01
-6.476922035217285156e-01
-6.086880564689636230e-01
-5.756114125251770020e-01
-5.515369176864624023e-01
-5.349549055099487305e-01
-5.329894423484802246e-01
-5.465621352195739746e-01
-5.697491765022277832e-01
-5.916264653205871582e-01
-6.083178520202636719e-01
-6.217883825302124023e-01
-6.351375579833984375e-01
-6.421943902969360352e-01
-6.472191810607910156e-01
-6.481881141662597656e-01
-6.494354009628295898e-01
-6.517709493637084961e-01
-6.529544591903686523e-01
-6.510273218154907227e-01
-6.479388475418090820e-01
-6.423722505569458008e-01
-6.306245326995849609e-01
-6.045380830764770508e-01
-5.813707113265991211e-01
-5.617026090621948242e-01
-5.452934503555297852e-01
-5.367149710655212402e-01
-5.374168753623962402e-01
-5.403688549995422363e-01
-5.433207154273986816e-01
-5.476412773132324219e-01
-5.541288256645202637e-01
-5.614561438560485840e-01
-5.786640048027038574e-01
-5.933834314346313477e-01
-6.040031313896179199e-01
-6.180689930915832520e-01
-6.229216456413269043e-01
-6.237950325012207031e-01
-6.244666576385498047e-01
-6.249879598617553711e-01
-6.255093216896057129e-01
-6.260308027267456055e-01
-6.265521049499511719e-01
-6.270496845245361328e-01
-6.274331808090209961e-01
-6.286685466766357422e-01
-6.296956539154052734e-01
-6.682789325714111328e-01
-6.507964730262756348e-01
-6.464110612869262695e-01
-6.472426056861877441e-01
-6.480742692947387695e-01
-6.489059925079345703e-01
-6.499463319778442383e-01
-6.515619754791259766e-01
-6.532906889915466309e-01
-6.547663211822509766e-01
-6.564791798591613770e-01
-6.591534614562988281e-01
-6.620414853096008301e-01
-6.640948057174682617e-01
-6.672056913375854492e-01
-6.739079952239990234e-01
-6.806106567382812500e-01
-6.851404905319213867e-01
-6.899104714393615723e-01
-6.955717206001281738e-01
-7.014073729515075684e-01
-7.109206318855285645e-01
-7.265663743019104004e-01
-7.429676055908203125e-01
-7.596511840820312500e-01
-7.764196991920471191e-01
-8.005807995796203613e-01
-8.317258358001708984e-01
-8.617720603942871094e-01
-8.915771245956420898e-01
-9.249579906463623047e-01
-9.572956562042236328e-01
-9.817539453506469727e-01
-1.014761447906494141e+00
-1.049089908599853516e+00
-1.090290904045104980e+00
-1.133299231529235840e+00
-1.176581144332885742e+00
-1.219532608985900879e+00
-1.256980538368225098e+00
-1.279013991355895996e+00
-1.293311953544616699e+00
-1.306746125221252441e+00
-1.320179581642150879e+00
-1.334488034248352051e+00
-1.347770094871520996e+00
-1.357210516929626465e+00
-1.358673572540283203e+00
-1.354840517044067383e+00
-1.349862694740295410e+00
-1.342937946319580078e+00
-1.328909039497375488e+00
-1.314015865325927734e+00
-1.296477198600769043e+00
-1.279104590415954590e+00
-1.262587785720825195e+00
-1.247294306755065918e+00
-1.232086062431335449e+00
-1.217206597328186035e+00
-1.200126290321350098e+00
-1.180926918983459473e+00
-1.166360735893249512e+00
-1.152836203575134277e+00
-1.141926884651184082e+00
-1.130077719688415527e+00
-1.117563366889953613e+00
-1.104596257209777832e+00
-1.088255167007446289e+00
-1.065321087837219238e+00
-1.040372014045715332e+00
-1.014310836791992188e+00
-9.868990182876586914e-01
-9.590828418731689453e-01
-9.290432929992675781e-01
-8.930153846740722656e-01
-8.551455736160278320e-01
-8.178743720054626465e-01
-7.800611853599548340e-01
-7.422477006912231445e-01
-7.036511898040771484e-01
-6.630657315254211426e-01
-6.212149858474731445e-01
-5.803452730178833008e-01
-5.510316491127014160e-01
-5.252751111984252930e-01
-5.073283314704895020e-01
-5.051428079605102539e-01
-5.046411156654357910e-01
-5.254428982734680176e-01
-5.479140877723693848e-01
-5.681088566780090332e-01
-5.849311351776123047e-01
-5.991920828819274902e-01
-6.064137220382690430e-01
-6.134741306304931641e-01
-6.166952252388000488e-01
-6.215847730636596680e-01
-6.248006820678710938e-01
-6.258736848831176758e-01
-6.263579130172729492e-01
-6.214469671249389648e-01
-6.135024428367614746e-01
-6.036982536315917969e-01
-5.902974605560302734e-01
-5.700482130050659180e-01
-5.533952713012695312e-01
-5.368890166282653809e-01
-5.275797843933105469e-01
-5.286816358566284180e-01
-5.316333770751953125e-01
-5.345851778984069824e-01
-5.375370979309082031e-01
-5.408191084861755371e-01
-5.473141074180603027e-01
-5.662206411361694336e-01
-5.813509821891784668e-01
-5.943609476089477539e-01
-6.049810051918029785e-01
-6.067388653755187988e-01
-6.076123714447021484e-01
-6.084855198860168457e-01
-6.091212630271911621e-01
-6.096426844596862793e-01
-6.101638078689575195e-01
-6.106852889060974121e-01
-6.120333671569824219e-01
-6.134586334228515625e-01
-6.147545576095581055e-01
-6.159897446632385254e-01
-6.494274139404296875e-01
-6.310857534408569336e-01
-6.231091618537902832e-01
-6.182478070259094238e-01
-6.173898577690124512e-01
-6.181231737136840820e-01
-6.188561916351318359e-01
-6.194403767585754395e-01
-6.208853125572204590e-01
-6.226670742034912109e-01
-6.242914199829101562e-01
-6.260773539543151855e-01
-6.288534402847290039e-01
-6.356627941131591797e-01
-6.427476406097412109e-01
-6.493871808052062988e-01
-6.560429930686950684e-01
-6.627125144004821777e-01
-6.694146990776062012e-01
-6.747339367866516113e-01
-6.791696548461914062e-01
-6.838825941085815430e-01
-6.972219347953796387e-01
-7.111644148826599121e-01
-7.254188656806945801e-01
-7.421410083770751953e-01
-7.667062282562255859e-01
-7.963688969612121582e-01
-8.268287777900695801e-01
-8.613677024841308594e-01
-8.959743976593017578e-01
-9.289129972457885742e-01
-9.598749876022338867e-01
-9.950336217880249023e-01
-1.033560514450073242e+00
-1.077888488769531250e+00
-1.123477339744567871e+00
-1.165723919868469238e+00
-1.197759032249450684e+00
-1.226003170013427734e+00
-1.246935009956359863e+00
-1.263434767723083496e+00
-1.277169704437255859e+00
-1.291725873947143555e+00
-1.306544899940490723e+00
-1.320903420448303223e+00
-1.330014467239379883e+00
-1.327864050865173340e+00
-1.324362874031066895e+00
-1.320855021476745605e+00
-1.311279654502868652e+00
-1.299455642700195312e+00
-1.286128163337707520e+00
-1.270493388175964355e+00
-1.254552245140075684e+00
-1.238159060478210449e+00
-1.221766114234924316e+00
-1.206049084663391113e+00
-1.191976428031921387e+00
-1.175474762916564941e+00
-1.157273411750793457e+00
-1.142688155174255371e+00
-1.128906369209289551e+00
-1.115438461303710938e+00
-1.102843403816223145e+00
-1.089904069900512695e+00
-1.076964616775512695e+00
-1.063528656959533691e+00
-1.043833613395690918e+00
-1.020646929740905762e+00
-9.953999519348144531e-01
-9.682990312576293945e-01
-9.398571252822875977e-01
-9.067915678024291992e-01
-8.693587779998779297e-01
-8.293511867523193359e-01
-7.924513816833496094e-01
-7.555518150329589844e-01
-7.172396183013916016e-01
-6.771417856216430664e-01
-6.359331607818603516e-01
-5.944927334785461426e-01
-5.581610202789306641e-01
-5.288583636283874512e-01
-5.058434009552001953e-01
-4.915657043457031250e-01
-4.841087460517883301e-01
-4.804675579071044922e-01
-4.860262870788574219e-01
-5.062514543533325195e-01
-5.237234234809875488e-01
-5.410726070404052734e-01
-5.597260594367980957e-01
-5.707105994224548340e-01
-5.822573304176330566e-01
-5.908645391464233398e-01
-5.959212779998779297e-01
-6.012495160102844238e-01
-6.035575866699218750e-01
-5.999609827995300293e-01
-5.924836397171020508e-01
-5.848428606986999512e-01
-5.790950655937194824e-01
-5.720415115356445312e-01
-5.616854429244995117e-01
-5.451791286468505859e-01
-5.286729335784912109e-01
-5.188679695129394531e-01
-5.199462175369262695e-01
-5.228980183601379395e-01
-5.258498191833496094e-01
-5.288018584251403809e-01
-5.317534208297729492e-01
-5.347051024436950684e-01
-5.537773966789245605e-01
-5.691914558410644531e-01
-5.823072195053100586e-01
-5.954034924507141113e-01
-5.946386456489562988e-01
-5.914298892021179199e-01
-5.923028588294982910e-01
-5.931763052940368652e-01
-5.937759280204772949e-01
-5.949965715408325195e-01
-5.964215993881225586e-01
-5.978459119796752930e-01
-5.992708802223205566e-01
-6.006951332092285156e-01
-6.020758748054504395e-01
-6.402799487113952637e-01
-6.190562248229980469e-01
-6.090146303176879883e-01
-6.009412407875061035e-01
-5.930283665657043457e-01
-5.899614095687866211e-01
-5.903719067573547363e-01
-5.909529328346252441e-01
-5.915346145629882812e-01
-5.926682353019714355e-01
-5.947933197021484375e-01
-5.994184613227844238e-01
-6.059460639953613281e-01
-6.131530404090881348e-01
-6.207848787307739258e-01
-6.283244490623474121e-01
-6.350110769271850586e-01
-6.416434049606323242e-01
-6.482751369476318359e-01
-6.549069285392761230e-01
-6.615386605262756348e-01
-6.675766706466674805e-01
-6.780351400375366211e-01
-6.905413269996643066e-01
-7.030473947525024414e-01
-7.217713594436645508e-01
-7.433043718338012695e-01
-7.728385925292968750e-01
-8.051201701164245605e-01
-8.380305171012878418e-01
-8.720582723617553711e-01
-9.084334373474121094e-01
-9.426943063735961914e-01
-9.765787720680236816e-01
-1.020040392875671387e+00
-1.065905690193176270e+00
-1.105311036109924316e+00
-1.136739730834960938e+00
-1.166566014289855957e+00
-1.195328593254089355e+00
-1.214551687240600586e+00
-1.230897784233093262e+00
-1.247067093849182129e+00
-1.263087153434753418e+00
-1.277935266494750977e+00
-1.290661215782165527e+00
-1.295845985412597656e+00
-1.297501921653747559e+00
-1.294552922248840332e+00
-1.289678692817687988e+00
-1.279543757438659668e+00
-1.269752621650695801e+00
-1.259364008903503418e+00
-1.246561169624328613e+00
-1.230080842971801758e+00
-1.214115500450134277e+00
-1.197722673416137695e+00
-1.181329369544982910e+00
-1.166270375251770020e+00
-1.147855997085571289e+00
-1.133316636085510254e+00
-1.118554711341857910e+00
-1.103980660438537598e+00
-1.089397311210632324e+00
-1.075069308280944824e+00
-1.062352061271667480e+00
-1.049412727355957031e+00
-1.036774873733520508e+00
-1.022008180618286133e+00
-1.000373721122741699e+00
-9.757995009422302246e-01
-9.495320916175842285e-01
-9.198306202888488770e-01
-8.844509124755859375e-01
-8.451819419860839844e-01
-8.046293258666992188e-01
-7.662007808685302734e-01
-7.270165681838989258e-01
-6.878325939178466797e-01
-6.483742594718933105e-01
-6.082763075828552246e-01
-5.680909156799316406e-01
-5.350751280784606934e-01
-5.103183984756469727e-01
-4.894348382949829102e-01
-4.776465892791748047e-01
-4.697586894035339355e-01
-4.632698893547058105e-01
-4.582600593566894531e-01
-4.704542160034179688e-01
-4.845985174179077148e-01
-4.989195466041564941e-01
-5.176901221275329590e-01
-5.333929061889648438e-01
-5.508986115455627441e-01
-5.673322677612304688e-01
-5.738223791122436523e-01
-5.789816975593566895e-01
-5.778818130493164062e-01
-5.724765658378601074e-01
-5.636488199234008789e-01
-5.604655146598815918e-01
-5.552905201911926270e-01
-5.542067289352416992e-01
-5.506308674812316895e-01
-5.369627475738525391e-01
-5.204566717147827148e-01
-5.110523700714111328e-01
-5.114989280700683594e-01
-5.141625404357910156e-01
-5.171146392822265625e-01
-5.200662612915039062e-01
-5.230181217193603516e-01
-5.281804203987121582e-01
-5.430800318717956543e-01
-5.570318102836608887e-01
-5.701478719711303711e-01
-5.832638144493103027e-01
-5.844007730484008789e-01
-5.809767246246337891e-01
-5.776157379150390625e-01
-5.775657296180725098e-01
-5.793425440788269043e-01
-5.808088779449462891e-01
-5.822339057922363281e-01
-5.837722420692443848e-01
-5.854057073593139648e-01
-5.870393514633178711e-01
-5.886729359626770020e-01
-6.349225044250488281e-01
-6.165560483932495117e-01
-6.027670502662658691e-01
-5.889782905578613281e-01
-5.794996619224548340e-01
-5.713338255882263184e-01
-5.645620822906494141e-01
-5.632157325744628906e-01
-5.639493465423583984e-01
-5.659220218658447266e-01
-5.715166926383972168e-01
-5.779764652252197266e-01
-5.846700668334960938e-01
-5.914353728294372559e-01
-5.985013842582702637e-01
-6.063730120658874512e-01
-6.141743659973144531e-01
-6.213433742523193359e-01
-6.279749274253845215e-01
-6.346074938774108887e-01
-6.412389278411865234e-01
-6.478710174560546875e-01
-6.582902073860168457e-01
-6.730631589889526367e-01
-6.889389753341674805e-01
-7.090286016464233398e-01
-7.341084480285644531e-01
-7.639948129653930664e-01
-7.938591241836547852e-01
-8.243124485015869141e-01
-8.565965890884399414e-01
-8.972095251083374023e-01
-9.306024312973022461e-01
-9.673781991004943848e-01
-1.010661125183105469e+00
-1.043151497840881348e+00
-1.073308587074279785e+00
-1.104037642478942871e+00
-1.134190320968627930e+00
-1.164353609085083008e+00
-1.183464169502258301e+00
-1.199323534965515137e+00
-1.215537428855895996e+00
-1.232598543167114258e+00
-1.249178290367126465e+00
-1.258706331253051758e+00
-1.263026595115661621e+00
-1.267074584960937500e+00
-1.267646789550781250e+00
-1.262101650238037109e+00
-1.252770304679870605e+00
-1.243511319160461426e+00
-1.234852194786071777e+00
-1.223755836486816406e+00
-1.209276795387268066e+00
-1.193200707435607910e+00
-1.176647663116455078e+00
-1.158765316009521484e+00
-1.141654014587402344e+00
-1.127121806144714355e+00
-1.111584544181823730e+00
-1.096670866012573242e+00
-1.081043720245361328e+00
-1.065289616584777832e+00
-1.050338387489318848e+00
-1.035529732704162598e+00
-1.023110270500183105e+00
-1.011701822280883789e+00
-9.995388984680175781e-01
-9.807243347167968750e-01
-9.572123885154724121e-01
-9.313088059425354004e-01
-8.993647098541259766e-01
-8.622491359710693359e-01
-8.214491605758666992e-01
-7.786035537719726562e-01
-7.370153069496154785e-01
-6.977328658103942871e-01
-6.584503054618835449e-01
-6.191678643226623535e-01
-5.798854231834411621e-01
-5.451999902725219727e-01
-5.153167843818664551e-01
-4.922970533370971680e-01
-4.739530384540557861e-01
-4.642019867897033691e-01
-4.573968648910522461e-01
-4.507613182067871094e-01
-4.438086152076721191e-01
-4.381346702575683594e-01
-4.512906670570373535e-01
-4.682635664939880371e-01
-4.865996241569519043e-01
-5.001788735389709473e-01
-5.165249109268188477e-01
-5.348142385482788086e-01
-5.496550202369689941e-01
-5.525078177452087402e-01
-5.499594211578369141e-01
-5.449132323265075684e-01
-5.396606922149658203e-01
-5.366878509521484375e-01
-5.353332161903381348e-01
-5.348672270774841309e-01
-5.330411791801452637e-01
-5.286546945571899414e-01
-5.122404098510742188e-01
-5.032366514205932617e-01
-5.032014846801757812e-01
-5.058088302612304688e-01
-5.083793401718139648e-01
-5.114319324493408203e-01
-5.145928263664245605e-01
-5.223352313041687012e-01
-5.359392166137695312e-01
-5.485942363739013672e-01
-5.591338872909545898e-01
-5.724588036537170410e-01
-5.731458067893981934e-01
-5.729343295097351074e-01
-5.706433653831481934e-01
-5.683948397636413574e-01
-5.672380924224853516e-01
-5.692236423492431641e-01
-5.708630681037902832e-01
-5.724967718124389648e-01
-5.741308331489562988e-01
-5.757639408111572266e-01
-5.773974657058715820e-01
-6.298329830169677734e-01
-6.142951846122741699e-01
-6.005065441131591797e-01
-5.867099761962890625e-01
-5.727696418762207031e-01
-5.588287711143493652e-01
-5.497419834136962891e-01
-5.420866608619689941e-01
-5.413715839385986328e-01
-5.462216138839721680e-01
-5.515517592430114746e-01
-5.568817257881164551e-01
-5.631888508796691895e-01
-5.698827505111694336e-01
-5.765766501426696777e-01
-5.836424827575683594e-01
-5.917215347290039062e-01
-5.995933413505554199e-01
-6.074646711349487305e-01
-6.143073439598083496e-01
-6.209391355514526367e-01
-6.275716423988342285e-01
-6.356840729713439941e-01
-6.507700085639953613e-01
-6.753031015396118164e-01
-7.019907236099243164e-01
-7.274919748306274414e-01
-7.577400207519531250e-01
-7.877485752105712891e-01
-8.180100917816162109e-01
-8.558818697929382324e-01
-8.950959444046020508e-01
-9.254623651504516602e-01
-9.560638666152954102e-01
-9.852432012557983398e-01
-1.014138340950012207e+00
-1.043532848358154297e+00
-1.072696566581726074e+00
-1.102045059204101562e+00
-1.130745053291320801e+00
-1.149163246154785156e+00
-1.167038559913635254e+00
-1.184768438339233398e+00
-1.201375484466552734e+00
-1.214005351066589355e+00
-1.221123576164245605e+00
-1.228424429893493652e+00
-1.234167575836181641e+00
-1.238954782485961914e+00
-1.236062288284301758e+00
-1.227318167686462402e+00
-1.218791842460632324e+00
-1.209596633911132812e+00
-1.199270129203796387e+00
-1.187229156494140625e+00
-1.172284007072448730e+00
-1.153484702110290527e+00
-1.135381102561950684e+00
-1.118959426879882812e+00
-1.108555793762207031e+00
-1.091661334037780762e+00
-1.074906468391418457e+00
-1.059152126312255859e+00
-1.043398141860961914e+00
-1.027643561363220215e+00
-1.012478232383728027e+00
-9.986994266510009766e-01
-9.868046045303344727e-01
-9.752415418624877930e-01
-9.611516594886779785e-01
-9.398062229156494141e-01
-9.137750267982482910e-01
-8.796250224113464355e-01
-8.389381766319274902e-01
-7.960643172264099121e-01
-7.531290650367736816e-01
-7.103076577186584473e-01
-6.710251569747924805e-01
-6.317426562309265137e-01
-5.924603343009948730e-01
-5.542605519294738770e-01
-5.261123776435852051e-01
-4.999408721923828125e-01
-4.785300493240356445e-01
-4.625510871410369873e-01
-4.550828337669372559e-01
-4.483709633350372314e-01
-4.416592419147491455e-01
-4.350186586380004883e-01
-4.308711290359497070e-01
-4.319567680358886719e-01
-4.477698504924774170e-01
-4.653358459472656250e-01
-4.780969023704528809e-01
-4.913304448127746582e-01
-5.045661926269531250e-01
-5.173673629760742188e-01
-5.218423008918762207e-01
-5.207432508468627930e-01
-5.215320587158203125e-01
-5.205549597740173340e-01
-5.206105709075927734e-01
-5.191576480865478516e-01
-5.184966325759887695e-01
-5.181412696838378906e-01
-5.152513980865478516e-01
-5.075218677520751953e-01
-4.990293383598327637e-01
-4.992026686668395996e-01
-5.014810562133789062e-01
-5.039622783660888672e-01
-5.066459178924560547e-01
-5.097083449363708496e-01
-5.197240114212036133e-01
-5.317242741584777832e-01
-5.445648431777954102e-01
-5.542548894882202148e-01
-5.642619729042053223e-01
-5.648080110549926758e-01
-5.649574398994445801e-01
-5.651060342788696289e-01
-5.629208087921142578e-01
-5.604363679885864258e-01
-5.581877827644348145e-01
-5.595878958702087402e-01
-5.612215995788574219e-01
-5.628553032875061035e-01
-5.644887685775756836e-01
-5.661222934722900391e-01
-6.258235573768615723e-01
-6.120344400405883789e-01
-5.982348322868347168e-01
-5.842943787574768066e-01
-5.703533887863159180e-01
-5.567408800125122070e-01
-5.457260608673095703e-01
-5.365061163902282715e-01
-5.326806306838989258e-01
-5.293387770652770996e-01
-5.318503379821777344e-01
-5.371810793876647949e-01
-5.425109267234802246e-01
-5.484485626220703125e-01
-5.550954937934875488e-01
-5.617895126342773438e-01
-5.687618255615234375e-01
-5.767382383346557617e-01
-5.849309563636779785e-01
-5.928133726119995117e-01
-6.003702282905578613e-01
-6.072716712951660156e-01
-6.139250993728637695e-01
-6.372389793395996094e-01
-6.639265418052673340e-01
-6.906144618988037109e-01
-7.173759937286376953e-01
-7.493007779121398926e-01
-7.812771797180175781e-01
-8.167749643325805664e-01
-8.561024665832519531e-01
-8.921511769294738770e-01
-9.122246503829956055e-01
-9.381908774375915527e-01
-9.650658965110778809e-01
-9.917219877243041992e-01
-1.018798351287841797e+00
-1.046607971191406250e+00
-1.075169682502746582e+00
-1.101189017295837402e+00
-1.117995142936706543e+00
-1.135370612144470215e+00
-1.152281880378723145e+00
-1.167312979698181152e+00
-1.176029086112976074e+00
-1.182937860488891602e+00
-1.190227627754211426e+00
-1.199810028076171875e+00
-1.208184838294982910e+00
-1.206845879554748535e+00
-1.202416777610778809e+00
-1.193663597106933594e+00
-1.184653639793395996e+00
-1.174804806709289551e+00
-1.162387490272521973e+00
-1.147224783897399902e+00
-1.129273891448974609e+00
-1.112275242805480957e+00
-1.099652886390686035e+00
-1.089235663414001465e+00
-1.072463512420654297e+00
-1.054143071174621582e+00
-1.037260532379150391e+00
-1.021587252616882324e+00
-1.006052255630493164e+00
-9.913079738616943359e-01
-9.770919084548950195e-01
-9.629716873168945312e-01
-9.497640728950500488e-01
-9.376311302185058594e-01
-9.191970825195312500e-01
-8.896875381469726562e-01
-8.535293340682983398e-01
-8.132805824279785156e-01
-7.705897092819213867e-01
-7.276543378829956055e-01
-6.847190856933593750e-01
-6.443175077438354492e-01
-6.051231026649475098e-01
-5.654968023300170898e-01
-5.344130396842956543e-01
-5.078888535499572754e-01
-4.834864735603332520e-01
-4.655504524707794189e-01
-4.530585408210754395e-01
-4.465556144714355469e-01
-4.400526881217956543e-01
-4.350735843181610107e-01
-4.343282282352447510e-01
-4.327129721641540527e-01
-4.263548851013183594e-01
-4.354023337364196777e-01
-4.488377273082733154e-01
-4.604887962341308594e-01
-4.728724956512451172e-01
-4.823192954063415527e-01
-4.902917146682739258e-01
-4.939544200897216797e-01
-4.934730529785156250e-01
-4.985333681106567383e-01
-5.045549869537353516e-01
-5.072198510169982910e-01
-5.071983933448791504e-01
-5.057455301284790039e-01
-5.049960613250732422e-01
-5.039366483688354492e-01
-5.005766749382019043e-01
-4.976053833961486816e-01
-4.980381727218627930e-01
-4.997153878211975098e-01
-5.021969079971313477e-01
-5.046781897544860840e-01
-5.096118450164794922e-01
-5.197517871856689453e-01
-5.302470922470092773e-01
-5.435603857040405273e-01
-5.541541576385498047e-01
-5.647479295730590820e-01
-5.613856911659240723e-01
-5.602093935012817383e-01
-5.603582859039306641e-01
-5.605074763298034668e-01
-5.585372447967529297e-01
-5.558134317398071289e-01
-5.534664392471313477e-01
-5.530850887298583984e-01
-5.546203851699829102e-01
-5.561553835868835449e-01
-5.576907396316528320e-01
-6.235631704330444336e-01
-6.097595691680908203e-01
-5.958190560340881348e-01
-5.820552110671997070e-01
-5.697134137153625488e-01
-5.604936480522155762e-01
-5.512738227844238281e-01
-5.420544147491455078e-01
-5.328348875045776367e-01
-5.238820314407348633e-01
-5.203590989112854004e-01
-5.182990431785583496e-01
-5.228098034858703613e-01
-5.281399488449096680e-01
-5.337898731231689453e-01
-5.403080582618713379e-01
-5.470018982887268066e-01
-5.538902282714843750e-01
-5.616421699523925781e-01
-5.698346495628356934e-01
-5.780272483825683594e-01
-5.882310867309570312e-01
-6.018677949905395508e-01
-6.257181167602539062e-01
-6.521583795547485352e-01
-6.784912347793579102e-01
-7.048761844635009766e-01
-7.358536720275878906e-01
-7.714141607284545898e-01
-8.125848770141601562e-01
-8.456930518150329590e-01
-8.712246417999267578e-01
-8.938630819320678711e-01
-9.205458164215087891e-01
-9.474206566810607910e-01
-9.741811752319335938e-01
-1.000742435455322266e+00
-1.027303814888000488e+00
-1.054300665855407715e+00
-1.077246189117431641e+00
-1.093719124794006348e+00
-1.109606862068176270e+00
-1.122290730476379395e+00
-1.131076216697692871e+00
-1.138657212257385254e+00
-1.146533370018005371e+00
-1.156094193458557129e+00
-1.164911627769470215e+00
-1.171182155609130859e+00
-1.173843502998352051e+00
-1.173796296119689941e+00
-1.167887926101684570e+00
-1.159961819648742676e+00
-1.148995518684387207e+00
-1.133862495422363281e+00
-1.118502259254455566e+00
-1.104896664619445801e+00
-1.090802192687988281e+00
-1.080462336540222168e+00
-1.070845007896423340e+00
-1.053953051567077637e+00
-1.034777998924255371e+00
-1.017352342605590820e+00
-1.000604629516601562e+00
-9.853414297103881836e-01
-9.707506895065307617e-01
-9.558017253875732422e-01
-9.406571984291076660e-01
-9.259557723999023438e-01
-9.104121327400207520e-01
-8.928452134132385254e-01
-8.619647622108459473e-01
-8.252700567245483398e-01
-7.858507037162780762e-01
-7.447183132171630859e-01
-7.027941942214965820e-01
-6.608805060386657715e-01
-6.198079586029052734e-01
-5.809780955314636230e-01
-5.455766320228576660e-01
-5.186448693275451660e-01
-4.923973083496093750e-01
-4.705378115177154541e-01
-4.556723535060882568e-01
-4.461161792278289795e-01
-4.408625364303588867e-01
-4.398242235183715820e-01
-4.392199814319610596e-01
-4.386157691478729248e-01
-4.365074336528778076e-01
-4.301492571830749512e-01
-4.260067939758300781e-01
-4.388049840927124023e-01
-4.466332197189331055e-01
-4.532218575477600098e-01
-4.597615003585815430e-01
-4.666750729084014893e-01
-4.741152524948120117e-01
-4.759290516376495361e-01
-4.792387485504150391e-01
-4.854859709739685059e-01
-4.885503053665161133e-01
-4.906448721885681152e-01
-4.919400215148925781e-01
-4.923336505889892578e-01
-4.914957284927368164e-01
-4.893782734870910645e-01
-4.933944940567016602e-01
-4.968736767768859863e-01
-4.982494115829467773e-01
-5.004312992095947266e-01
-5.029125809669494629e-01
-5.100128650665283203e-01
-5.198412537574768066e-01
-5.308847427368164062e-01
-5.440463423728942871e-01
-5.546400547027587891e-01
-5.645992159843444824e-01
-5.612124204635620117e-01
-5.578255057334899902e-01
-5.556104779243469238e-01
-5.557596683502197266e-01
-5.559087395668029785e-01
-5.541529655456542969e-01
-5.513037443161010742e-01
-5.488889813423156738e-01
-5.468248128890991211e-01
-5.483596324920654297e-01
-5.498945713043212891e-01
-6.212842464447021484e-01
-6.073697209358215332e-01
-5.939334630966186523e-01
-5.844808220863342285e-01
-5.752610564231872559e-01
-5.660414695739746094e-01
-5.568219423294067383e-01
-5.476022362709045410e-01
-5.383829474449157715e-01
-5.291631817817687988e-01
-5.199439525604248047e-01
-5.115307569503784180e-01
-5.080389976501464844e-01
-5.084393620491027832e-01
-5.137691497802734375e-01
-5.191316008567810059e-01
-5.255208015441894531e-01
-5.322145819664001465e-01
-5.390188694000244141e-01
-5.463671684265136719e-01
-5.585786104202270508e-01
-5.712283849716186523e-01
-5.898123979568481445e-01
-6.119468212127685547e-01
-6.386120319366455078e-01
-6.652765274047851562e-01
-6.919151544570922852e-01
-7.226765155792236328e-01
-7.602444887161254883e-01
-7.897055149078369141e-01
-8.173415660858154297e-01
-8.453099727630615234e-01
-8.749402165412902832e-01
-9.029002189636230469e-01
-9.297753572463989258e-01
-9.566401839256286621e-01
-9.832016229629516602e-01
-1.009784698486328125e+00
-1.036945104598999023e+00
-1.057993292808532715e+00
-1.073718667030334473e+00
-1.088088512420654297e+00
-1.096503615379333496e+00
-1.102299332618713379e+00
-1.108886957168579102e+00
-1.116021752357482910e+00
-1.124795198440551758e+00
-1.133427262306213379e+00
-1.137261748313903809e+00
-1.138681650161743164e+00
-1.139910221099853516e+00
-1.139558672904968262e+00
-1.132151246070861816e+00
-1.119837522506713867e+00
-1.104938626289367676e+00
-1.090234518051147461e+00
-1.077309966087341309e+00
-1.069100975990295410e+00
-1.062267661094665527e+00
-1.054712295532226562e+00
-1.039027690887451172e+00
-1.019075512886047363e+00
-9.993329048156738281e-01
-9.831280708312988281e-01
-9.675335884094238281e-01
-9.519830942153930664e-01
-9.366763830184936523e-01
-9.199334383010864258e-01
-9.025530815124511719e-01
-8.855646252632141113e-01
-8.642429709434509277e-01
-8.350387811660766602e-01
-7.988498210906982422e-01
-7.605334520339965820e-01
-7.204986810684204102e-01
-6.788278222084045410e-01
-6.370035409927368164e-01
-5.953888893127441406e-01
-5.580089092254638672e-01
-5.301017761230468750e-01
-5.034658312797546387e-01
-4.782921075820922852e-01
-4.585836231708526611e-01
-4.454691708087921143e-01
-4.427491724491119385e-01
-4.433768391609191895e-01
-4.436863064765930176e-01
-4.435074925422668457e-01
-4.429031908512115479e-01
-4.403017461299896240e-01
-4.339435696601867676e-01
-4.275854527950286865e-01
-4.291986227035522461e-01
-4.331918656826019287e-01
-4.355499148368835449e-01
-4.387859702110290527e-01
-4.452515542507171631e-01
-4.561620950698852539e-01
-4.649257659912109375e-01
-4.707721471786499023e-01
-4.704691767692565918e-01
-4.685573577880859375e-01
-4.710434079170227051e-01
-4.737385511398315430e-01
-4.755353331565856934e-01
-4.766606092453002930e-01
-4.774135351181030273e-01
-4.838087558746337891e-01
-4.950153827667236328e-01
-4.970849752426147461e-01
-4.986656904220581055e-01
-5.011469721794128418e-01
-5.114566683769226074e-01
-5.219191908836364746e-01
-5.325918197631835938e-01
-5.445321798324584961e-01
-5.551258921623229980e-01
-5.644260644912719727e-01
-5.610389709472656250e-01
-5.576519966125488281e-01
-5.542645454406738281e-01
-5.510118007659912109e-01
-5.511611104011535645e-01
-5.513095259666442871e-01
-5.497690439224243164e-01
-5.469195246696472168e-01
-5.443117022514343262e-01
-5.418258905410766602e-01
-5.420988202095031738e-01
-6.191672682762145996e-01
-6.084679961204528809e-01
-5.992488265037536621e-01
-5.900287032127380371e-01
-5.808092355728149414e-01
-5.715894103050231934e-01
-5.623698234558105469e-01
-5.531502366065979004e-01
-5.439310073852539062e-01
-5.347111821174621582e-01
-5.254916548728942871e-01
-5.162718892097473145e-01
-5.070527195930480957e-01
-4.991791844367980957e-01
-4.962307214736938477e-01
-4.990769624710083008e-01
-5.040522813796997070e-01
-5.097024440765380859e-01
-5.177798271179199219e-01
-5.289574861526489258e-01
-5.407170057296752930e-01
-5.564392805099487305e-01
-5.761919021606445312e-01
-5.963406562805175781e-01
-6.242341995239257812e-01
-6.514250636100769043e-01
-6.773309707641601562e-01
-7.045098543167114258e-01
-7.326869964599609375e-01
-7.604358792304992676e-01
-7.882888317108154297e-01
-8.207851052284240723e-01
-8.517718315124511719e-01
-8.811135292053222656e-01
-9.102552533149719238e-01
-9.390048384666442871e-01
-9.656606316566467285e-01
-9.924869537353515625e-01
-1.019589662551879883e+00
-1.038918137550354004e+00
-1.054158926010131836e+00
-1.065508484840393066e+00
-1.071850061416625977e+00
-1.079333066940307617e+00
-1.086809158325195312e+00
-1.094285368919372559e+00
-1.101595997810363770e+00
-1.107083439826965332e+00
-1.108453869819641113e+00
-1.109808206558227539e+00
-1.111237525939941406e+00
-1.108210206031799316e+00
-1.102297186851501465e+00
-1.092695355415344238e+00
-1.078454375267028809e+00
-1.064911723136901855e+00
-1.053415179252624512e+00
-1.047957897186279297e+00
-1.044691324234008789e+00
-1.039084553718566895e+00
-1.026384472846984863e+00
-1.007313966751098633e+00
-9.876281023025512695e-01
-9.687076807022094727e-01
-9.510215520858764648e-01
-9.332202672958374023e-01
-9.146269559860229492e-01
-8.971901535987854004e-01
-8.798689842224121094e-01
-8.607834577560424805e-01
-8.361935019493103027e-01
-8.070383667945861816e-01
-7.720179557800292969e-01
-7.349363565444946289e-01
-6.956135630607604980e-01
-6.549509167671203613e-01
-6.132000088691711426e-01
-5.725106000900268555e-01
-5.390889048576354980e-01
-5.128900408744812012e-01
-4.871528744697570801e-01
-4.654757380485534668e-01
-4.497295618057250977e-01
-4.436938762664794922e-01
-4.442478716373443604e-01
-4.462450444698333740e-01
-4.465546011924743652e-01
-4.468640387058258057e-01
-4.471736550331115723e-01
-4.440962970256805420e-01
-4.377380013465881348e-01
-4.313798248767852783e-01
-4.193724393844604492e-01
-4.180300235748291016e-01
-4.203881919384002686e-01
-4.227463304996490479e-01
-4.296315908432006836e-01
-4.433603882789611816e-01
-4.576091766357421875e-01
-4.628455340862274170e-01
-4.604531526565551758e-01
-4.566527009010314941e-01
-4.552296996116638184e-01
-4.544283151626586914e-01
-4.562314152717590332e-01
-4.587535262107849121e-01
-4.604257941246032715e-01
-4.700321555137634277e-01
-4.861123561859130859e-01
-4.959203004837036133e-01
-4.977943897247314453e-01
-5.032795667648315430e-01
-5.137418508529663086e-01
-5.242041349411010742e-01
-5.346668362617492676e-01
-5.450178980827331543e-01
-5.556114912033081055e-01
-5.642530322074890137e-01
-5.608655810356140137e-01
-5.574784278869628906e-01
-5.540913939476013184e-01
-5.507042407989501953e-01
-5.473170280456542969e-01
-5.465619564056396484e-01
-5.467106103897094727e-01
-5.453847646713256836e-01
-5.425357818603515625e-01
-5.397341251373291016e-01
-5.372122526168823242e-01
-6.227145791053771973e-01
-6.138121485710144043e-01
-6.047968864440917969e-01
-5.955770611763000488e-01
-5.863577127456665039e-01
-5.771375298500061035e-01
-5.679180026054382324e-01
-5.586985945701599121e-01
-5.494793057441711426e-01
-5.402592420578002930e-01
-5.309308767318725586e-01
-5.213562250137329102e-01
-5.117819905281066895e-01
-5.022077560424804688e-01
-4.926334023475646973e-01
-4.849447011947631836e-01
-4.827899336814880371e-01
-4.916800260543823242e-01
-5.018432140350341797e-01
-5.128768682479858398e-01
-5.242389440536499023e-01
-5.428189039230346680e-01
-5.625716447830200195e-01
-5.823240876197814941e-01
-6.076740026473999023e-01
-6.296154260635375977e-01
-6.498017907142639160e-01
-6.746484041213989258e-01
-7.028174400329589844e-01
-7.310017347335815430e-01
-7.598677873611450195e-01
-7.976191043853759766e-01
-8.293186426162719727e-01
-8.591027259826660156e-01
-8.887755870819091797e-01
-9.181265234947204590e-01
-9.473625421524047852e-01
-9.769034385681152344e-01
-1.004558205604553223e+00
-1.022376179695129395e+00
-1.035348534584045410e+00
-1.043415784835815430e+00
-1.051454067230224609e+00
-1.059338212013244629e+00
-1.066814303398132324e+00
-1.074442982673645020e+00
-1.082855582237243652e+00
-1.086975574493408203e+00
-1.088000178337097168e+00
-1.087711930274963379e+00
-1.084720730781555176e+00
-1.081116080284118652e+00
-1.076251864433288574e+00
-1.067630052566528320e+00
-1.052890300750732422e+00
-1.041198372840881348e+00
-1.032503724098205566e+00
-1.028631567955017090e+00
-1.025387406349182129e+00
-1.021736264228820801e+00
-1.011255025863647461e+00
-9.944036006927490234e-01
-9.770311117172241211e-01
-9.561929106712341309e-01
-9.345126748085021973e-01
-9.136824011802673340e-01
-8.938651680946350098e-01
-8.753970265388488770e-01
-8.573102951049804688e-01
-8.351840972900390625e-01
-8.080523610115051270e-01
-7.791613340377807617e-01
-7.458577156066894531e-01
-7.090088129043579102e-01
-6.707035303115844727e-01
-6.305599212646484375e-01
-5.907329916954040527e-01
-5.512098670005798340e-01
-5.217432379722595215e-01
-4.967603087425231934e-01
-4.743958711624145508e-01
-4.583877027034759521e-01
-4.465870261192321777e-01
-4.423054754734039307e-01
-4.449910521507263184e-01
-4.476825892925262451e-01
-4.494228661060333252e-01
-4.497323036193847656e-01
-4.500418305397033691e-01
-4.473679959774017334e-01
-4.415324926376342773e-01
-4.311680197715759277e-01
-4.174004197120666504e-01
-4.028682112693786621e-01
-4.052263796329498291e-01
-4.107783734798431396e-01
-4.218033552169799805e-01
-4.362841248512268066e-01
-4.471002221107482910e-01
-4.571668505668640137e-01
-4.528854489326477051e-01
-4.468518197536468506e-01
-4.427810907363891602e-01
-4.419024288654327393e-01
-4.407487213611602783e-01
-4.405412375926971436e-01
-4.414362311363220215e-01
-4.536457657814025879e-01
-4.718361496925354004e-01
-4.874907135963439941e-01
-4.970794916152954102e-01
-5.055647492408752441e-01
-5.160269737243652344e-01
-5.264893770217895508e-01
-5.369518399238586426e-01
-5.458686351776123047e-01
-5.560972690582275391e-01
-5.640795826911926270e-01
-5.606923103332519531e-01
-5.573052763938903809e-01
-5.539179444313049316e-01
-5.505309700965881348e-01
-5.471438765525817871e-01
-5.437566637992858887e-01
-5.419633388519287109e-01
-5.421124100685119629e-01
-5.410006046295166016e-01
-5.381517410278320312e-01
-5.353024005889892578e-01
-6.278217434883117676e-01
-6.189191937446594238e-01
-6.100167036056518555e-01
-6.011143922805786133e-01
-5.919055342674255371e-01
-5.826857686042785645e-01
-5.732145905494689941e-01
-5.636405348777770996e-01
-5.540660023689270020e-01
-5.444916486740112305e-01
-5.349174141883850098e-01
-5.253431200981140137e-01
-5.157685279846191406e-01
-5.062078833580017090e-01
-4.968422055244445801e-01
-4.887560606002807617e-01
-4.842031002044677734e-01
-4.823471307754516602e-01
-4.882517457008361816e-01
-4.983358383178710938e-01
-5.139015913009643555e-01
-5.323646664619445801e-01
-5.508590936660766602e-01
-5.690024495124816895e-01
-5.809268951416015625e-01
-5.977702140808105469e-01
-6.208450794219970703e-01
-6.462184190750122070e-01
-6.749948859214782715e-01
-7.039823532104492188e-01
-7.361354231834411621e-01
-7.757715582847595215e-01
-8.082535862922668457e-01
-8.383694887161254883e-01
-8.682751655578613281e-01
-8.980588316917419434e-01
-9.274109005928039551e-01
-9.571373462677001953e-01
-9.866621494293212891e-01
-1.003723144531250000e+00
-1.014975428581237793e+00
-1.022358059883117676e+00
-1.030597567558288574e+00
-1.039012908935546875e+00
-1.046819329261779785e+00
-1.054646253585815430e+00
-1.062785863876342773e+00
-1.064720273017883301e+00
-1.065271496772766113e+00
-1.063504576683044434e+00
-1.061308145523071289e+00
-1.058226943016052246e+00
-1.054222702980041504e+00
-1.046971440315246582e+00
-1.035494208335876465e+00
-1.021832227706909180e+00
-1.017029881477355957e+00
-1.013321518898010254e+00
-1.008541822433471680e+00
-1.003946900367736816e+00
-9.957580566406250000e-01
-9.792718887329101562e-01
-9.611560106277465820e-01
-9.415740966796875000e-01
-9.201672077178955078e-01
-8.988517522811889648e-01
-8.770797252655029297e-01
-8.565818667411804199e-01
-8.353902697563171387e-01
-8.085805177688598633e-01
-7.798072099685668945e-01
-7.505614757537841797e-01
-7.202050685882568359e-01
-6.837703585624694824e-01
-6.448794603347778320e-01
-6.074284315109252930e-01
-5.694322586059570312e-01
-5.353152751922607422e-01
-5.079253911972045898e-01
-4.861505627632141113e-01
-4.686327278614044189e-01
-4.547448456287384033e-01
-4.444217383861541748e-01
-4.417652487754821777e-01
-4.444567859172821045e-01
-4.471485316753387451e-01
-4.498399496078491211e-01
-4.518668353557586670e-01
-4.528610706329345703e-01
-4.497431516647338867e-01
-4.402070343494415283e-01
-4.292923808097839355e-01
-4.154285788536071777e-01
-3.973233699798583984e-01
-3.921582102775573730e-01
-4.024674296379089355e-01
-4.174751937389373779e-01
-4.319506585597991943e-01
-4.413932561874389648e-01
-4.505528807640075684e-01
-4.450078606605529785e-01
-4.400610327720642090e-01
-4.350037574768066406e-01
-4.295277893543243408e-01
-4.280708432197570801e-01
-4.272978305816650391e-01
-4.267227053642272949e-01
-4.382625818252563477e-01
-4.566282331943511963e-01
-4.748280048370361328e-01
-4.899376630783081055e-01
-5.040689706802368164e-01
-5.164308547973632812e-01
-5.287747979164123535e-01
-5.392374992370605469e-01
-5.469326972961425781e-01
-5.569453239440917969e-01
-5.639061927795410156e-01
-5.605188608169555664e-01
-5.571320056915283203e-01
-5.537445545196533203e-01
-5.503576993942260742e-01
-5.469704866409301758e-01
-5.435830354690551758e-01
-5.401962995529174805e-01
-5.373646020889282227e-01
-5.375134348869323730e-01
-5.367974042892456055e-01
-5.341821908950805664e-01
-6.331388950347900391e-01
-6.244068145751953125e-01
-6.153582930564880371e-01
-6.063104271888732910e-01
-5.972620248794555664e-01
-5.880305767059326172e-01
-5.786651968955993652e-01
-5.692995786666870117e-01
-5.599342584609985352e-01
-5.505691170692443848e-01
-5.412034392356872559e-01
-5.318379402160644531e-01
-5.224727392196655273e-01
-5.131069421768188477e-01
-5.071969032287597656e-01
-5.026437044143676758e-01
-4.980901479721069336e-01
-4.935367107391357422e-01
-4.889833927154541016e-01
-4.900183677673339844e-01
-5.055766105651855469e-01
-5.226470232009887695e-01
-5.336120128631591797e-01
-5.387802124023437500e-01
-5.457206964492797852e-01
-5.687945485115051270e-01
-5.918695926666259766e-01
-6.168706417083740234e-01
-6.465563178062438965e-01
-6.765056252479553223e-01
-7.132120132446289062e-01
-7.534292936325073242e-01
-7.866969108581542969e-01
-8.169248700141906738e-01
-8.470407128334045410e-01
-8.771561980247497559e-01
-9.072924852371215820e-01
-9.373714327812194824e-01
-9.657913446426391602e-01
-9.800199270248413086e-01
-9.896917343139648438e-01
-9.993019104003906250e-01
-1.009740710258483887e+00
-1.018554329872131348e+00
-1.026518821716308594e+00
-1.034850001335144043e+00
-1.040637850761413574e+00
-1.040296316146850586e+00
-1.038576245307922363e+00
-1.037028789520263672e+00
-1.035480976104736328e+00
-1.033423066139221191e+00
-1.030664563179016113e+00
-1.025141835212707520e+00
-1.017897725105285645e+00
-1.013222575187683105e+00
-1.009125113487243652e+00
-1.003535628318786621e+00
-9.983265399932861328e-01
-9.910523891448974609e-01
-9.808923006057739258e-01
-9.643970131874084473e-01
-9.449312090873718262e-01
-9.249900579452514648e-01
-9.054356813430786133e-01
-8.859087228775024414e-01
-8.644155859947204590e-01
-8.413394689559936523e-01
-8.147258758544921875e-01
-7.842130661010742188e-01
-7.527489662170410156e-01
-7.223162651062011719e-01
-6.930704712867736816e-01
-6.595323085784912109e-01
-6.226291060447692871e-01
-5.862968564033508301e-01
-5.505828857421875000e-01
-5.241528153419494629e-01
-5.004309415817260742e-01
-4.809246063232421875e-01
-4.643187820911407471e-01
-4.511019289493560791e-01
-4.422564506530761719e-01
-4.412311017513275146e-01
-4.439227581024169922e-01
-4.466144144535064697e-01
-4.493059217929840088e-01
-4.519974887371063232e-01
-4.536966681480407715e-01
-4.465442001819610596e-01
-4.363144338130950928e-01
-4.260846078395843506e-01
-4.128367900848388672e-01
-3.964651525020599365e-01
-3.855913579463958740e-01
-3.980554342269897461e-01
-4.132436215877532959e-01
-4.275729954242706299e-01
-4.370154738426208496e-01
-4.439870715141296387e-01
-4.403388798236846924e-01
-4.326236248016357422e-01
-4.272366166114807129e-01
-4.222896993160247803e-01
-4.185596108436584473e-01
-4.159069061279296875e-01
-4.154946208000183105e-01
-4.269475638866424561e-01
-4.449253678321838379e-01
-4.617900848388671875e-01
-4.796535372734069824e-01
-5.006245970726013184e-01
-5.144047737121582031e-01
-5.267667770385742188e-01
-5.391290187835693359e-01
-5.476404428482055664e-01
-5.580093860626220703e-01
-5.640921592712402344e-01
-5.603454113006591797e-01
-5.569587349891662598e-01
-5.538030862808227539e-01
-5.506501197814941406e-01
-5.474969744682312012e-01
-5.443442463874816895e-01
-5.411914587020874023e-01
-5.380381345748901367e-01
-5.348854660987854004e-01
-5.347856879234313965e-01
-5.343378186225891113e-01
-6.399130225181579590e-01
-6.308650970458984375e-01
-6.218166947364807129e-01
-6.127681136131286621e-01
-6.037203669548034668e-01
-5.946718454360961914e-01
-5.855643153190612793e-01
-5.761988162994384766e-01
-5.668334364891052246e-01
-5.574676394462585449e-01
-5.481022596359252930e-01
-5.387371778488159180e-01
-5.301918387413024902e-01
-5.256379246711730957e-01
-5.210844278335571289e-01
-5.165308117866516113e-01
-5.119778513908386230e-01
-5.074242353439331055e-01
-5.028709173202514648e-01
-5.037635564804077148e-01
-5.036226511001586914e-01
-5.007160902023315430e-01
-5.029214620590209961e-01
-5.067413449287414551e-01
-5.180990695953369141e-01
-5.398194193840026855e-01
-5.629702806472778320e-01
-5.875954627990722656e-01
-6.176900863647460938e-01
-6.493691205978393555e-01
-6.902003288269042969e-01
-7.307540178298950195e-01
-7.644864320755004883e-01
-7.949230074882507324e-01
-8.253601789474487305e-01
-8.557116985321044922e-01
-8.869975805282592773e-01
-9.190937280654907227e-01
-9.437996149063110352e-01
-9.536625742912292480e-01
-9.632878303527832031e-01
-9.728978872299194336e-01
-9.838533401489257812e-01
-9.950295686721801758e-01
-1.005563020706176758e+00
-1.014664053916931152e+00
-1.015471577644348145e+00
-1.013924241065979004e+00
-1.012376546859741211e+00
-1.010828971862792969e+00
-1.008599638938903809e+00
-1.005895018577575684e+00
-1.002342224121093750e+00
-9.999538660049438477e-01
-9.985219240188598633e-01
-1.001159071922302246e+00
-1.000485777854919434e+00
-9.969476461410522461e-01
-9.907804727554321289e-01
-9.825497865676879883e-01
-9.732977747917175293e-01
-9.552271366119384766e-01
-9.355403184890747070e-01
-9.143722653388977051e-01
-8.923492431640625000e-01
-8.715767264366149902e-01
-8.529482483863830566e-01
-8.295008540153503418e-01
-7.981135249137878418e-01
-7.634745240211486816e-01
-7.292456626892089844e-01
-6.971866488456726074e-01
-6.662639975547790527e-01
-6.376163959503173828e-01
-6.056250929832458496e-01
-5.701144933700561523e-01
-5.403424501419067383e-01
-5.184391736984252930e-01
-4.963124394416809082e-01
-4.761682748794555664e-01
-4.604972898960113525e-01
-4.474591910839080811e-01
-4.401549398899078369e-01
-4.406971335411071777e-01
-4.433886408805847168e-01
-4.460802674293518066e-01
-4.487718343734741211e-01
-4.514634311199188232e-01
-4.498713612556457520e-01
-4.413309097290039062e-01
-4.311011731624603271e-01
-4.208713471889495850e-01
-4.084253609180450439e-01
-3.983445763587951660e-01
-3.939521610736846924e-01
-3.938240110874176025e-01
-4.090121984481811523e-01
-4.231952428817749023e-01
-4.326376318931579590e-01
-4.381055831909179688e-01
-4.384038150310516357e-01
-4.295136034488677979e-01
-4.213885068893432617e-01
-4.155303835868835449e-01
-4.114717543125152588e-01
-4.091163575649261475e-01
-4.074178636074066162e-01
-4.165236353874206543e-01
-4.340240359306335449e-01
-4.516517519950866699e-01
-4.722317457199096680e-01
-4.926575422286987305e-01
-5.109444856643676758e-01
-5.244407057762145996e-01
-5.376197695732116699e-01
-5.466404557228088379e-01
-5.571531057357788086e-01
-5.647110342979431152e-01
-5.619825124740600586e-01
-5.584726333618164062e-01
-5.553199052810668945e-01
-5.521668791770935059e-01
-5.490140914916992188e-01
-5.458612442016601562e-01
-5.427081584930419922e-01
-5.395551919937133789e-01
-5.364022850990295410e-01
-5.325853824615478516e-01
-5.281645059585571289e-01
-6.440879106521606445e-01
-6.357360482215881348e-01
-6.273841261863708496e-01
-6.190278530120849609e-01
-6.101788282394409180e-01
-6.011307835578918457e-01
-5.920823216438293457e-01
-5.830339789390563965e-01
-5.737327337265014648e-01
-5.643674135208129883e-01
-5.550016760826110840e-01
-5.486323833465576172e-01
-5.440793633460998535e-01
-5.395255088806152344e-01
-5.349721312522888184e-01
-5.304188728332519531e-01
-5.258657336235046387e-01
-5.213121175765991211e-01
-5.186921358108520508e-01
-5.122909545898437500e-01
-5.012843608856201172e-01
-4.888089895248413086e-01
-4.772741198539733887e-01
-4.799240231513977051e-01
-4.931715726852416992e-01
-5.117529034614562988e-01
-5.342350006103515625e-01
-5.587294697761535645e-01
-5.888243913650512695e-01
-6.250106096267700195e-01
-6.661354303359985352e-01
-7.072601318359375000e-01
-7.422757148742675781e-01
-7.727127075195312500e-01
-8.031818866729736328e-01
-8.354200124740600586e-01
-8.683357834815979004e-01
-8.983315229415893555e-01
-9.162911176681518555e-01
-9.266428947448730469e-01
-9.365848302841186523e-01
-9.464968442916870117e-01
-9.576736092567443848e-01
-9.688853025436401367e-01
-9.795600175857543945e-01
-9.864922761917114258e-01
-9.877295494079589844e-01
-9.877243041992187500e-01
-9.861766099929809570e-01
-9.837763309478759766e-01
-9.810161590576171875e-01
-9.774104356765747070e-01
-9.738945364952087402e-01
-9.731246829032897949e-01
-9.779552221298217773e-01
-9.835393428802490234e-01
-9.853028059005737305e-01
-9.825729131698608398e-01
-9.785237312316894531e-01
-9.733359813690185547e-01
-9.662280082702636719e-01
-9.501874446868896484e-01
-9.322562217712402344e-01
-9.116511344909667969e-01
-8.888135552406311035e-01
-8.654505610466003418e-01
-8.423100709915161133e-01
-8.167245984077453613e-01
-7.847908735275268555e-01
-7.489333152770996094e-01
-7.128857374191284180e-01
-6.787914037704467773e-01
-6.481236219406127930e-01
-6.213880777359008789e-01
-5.915023088455200195e-01
-5.601668953895568848e-01
-5.369758605957031250e-01
-5.138707160949707031e-01
-4.924008846282958984e-01
-4.716421663761138916e-01
-4.567374587059020996e-01
-4.450150430202484131e-01
-4.381008148193359375e-01
-4.401629269123077393e-01
-4.428545236587524414e-01
-4.455459713935852051e-01
-4.482029676437377930e-01
-4.465231001377105713e-01
-4.438025653362274170e-01
-4.360681772232055664e-01
-4.258880317211151123e-01
-4.156582951545715332e-01
-4.080526530742645264e-01
-4.031351804733276367e-01
-3.994586169719696045e-01
-3.957819938659667969e-01
-4.039247632026672363e-01
-4.188173413276672363e-01
-4.281330704689025879e-01
-4.322241544723510742e-01
-4.329336881637573242e-01
-4.291641116142272949e-01
-4.206068515777587891e-01
-4.125405251979827881e-01
-4.057725071907043457e-01
-4.013287723064422607e-01
-4.002550840377807617e-01
-4.112228751182556152e-01
-4.271705448627471924e-01
-4.423965811729431152e-01
-4.660879373550415039e-01
-4.887257814407348633e-01
-5.071614980697631836e-01
-5.249186158180236816e-01
-5.363132953643798828e-01
-5.462729930877685547e-01
-5.555958747863769531e-01
-5.624945163726806641e-01
-5.606601834297180176e-01
-5.588262081146240234e-01
-5.568368434906005859e-01
-5.536839962005615234e-01
-5.505307316780090332e-01
-5.473778843879699707e-01
-5.442249774932861328e-01
-5.404262542724609375e-01
-5.364640355110168457e-01
-5.303454995155334473e-01
-5.232951641082763672e-01
-6.472386717796325684e-01
-6.388866901397705078e-01
-6.305354237556457520e-01
-6.221836805343627930e-01
-6.138317584991455078e-01
-6.054799556732177734e-01
-5.971284508705139160e-01
-5.887765884399414062e-01
-5.803337097167968750e-01
-5.716267824172973633e-01
-5.670733451843261719e-01
-5.625197887420654297e-01
-5.579666495323181152e-01
-5.534132719039916992e-01
-5.488598942756652832e-01
-5.443064570426940918e-01
-5.391833782196044922e-01
-5.306497216224670410e-01
-5.208026766777038574e-01
-5.084581971168518066e-01
-4.959837198257446289e-01
-4.835030436515808105e-01
-4.742688834667205811e-01
-4.717907607555389404e-01
-4.718885123729705811e-01
-4.846886396408081055e-01
-5.070623159408569336e-01
-5.301878452301025391e-01
-5.601479411125183105e-01
-6.009458899497985840e-01
-6.420705318450927734e-01
-6.831954717636108398e-01
-7.187645435333251953e-01
-7.509701848030090332e-01
-7.837402820587158203e-01
-8.161177635192871094e-01
-8.469961285591125488e-01
-8.725992441177368164e-01
-8.880462050437927246e-01
-8.987423181533813477e-01
-9.092797636985778809e-01
-9.196560382843017578e-01
-9.313837289810180664e-01
-9.418704509735107422e-01
-9.500097632408142090e-01
-9.545357227325439453e-01
-9.557431340217590332e-01
-9.569509029388427734e-01
-9.568789601325988770e-01
-9.562042355537414551e-01
-9.528158903121948242e-01
-9.494275450706481934e-01
-9.470284581184387207e-01
-9.483087062835693359e-01
-9.548643827438354492e-01
-9.599330425262451172e-01
-9.634286761283874512e-01
-9.649680852890014648e-01
-9.631195068359375000e-01
-9.585694074630737305e-01
-9.529455304145812988e-01
-9.416283369064331055e-01
-9.258792996406555176e-01
-9.079485535621643066e-01
-8.895367980003356934e-01
-8.663238286972045898e-01
-8.408209085464477539e-01
-8.094283342361450195e-01
-7.750504612922668457e-01
-7.426031827926635742e-01
-7.073906064033508301e-01
-6.721980571746826172e-01
-6.416686177253723145e-01
-6.122188568115234375e-01
-5.854032039642333984e-01
-5.606151819229125977e-01
-5.369290113449096680e-01
-5.133465528488159180e-01
-4.901552796363830566e-01
-4.684456288814544678e-01
-4.530651271343231201e-01
-4.427977800369262695e-01
-4.369372129440307617e-01
-4.396288692951202393e-01
-4.423204660415649414e-01
-4.448548257350921631e-01
-4.431748390197753906e-01
-4.404913187026977539e-01
-4.377127587795257568e-01
-4.294853210449218750e-01
-4.206747412681579590e-01
-4.144765734672546387e-01
-4.123183488845825195e-01
-4.086418151855468750e-01
-4.049650728702545166e-01
-4.012885391712188721e-01
-3.971315324306488037e-01
-4.119911789894104004e-01
-4.210694432258605957e-01
-4.269277453422546387e-01
-4.296886920928955078e-01
-4.299782514572143555e-01
-4.220474958419799805e-01
-4.137245118618011475e-01
-4.054015576839447021e-01
-3.986651301383972168e-01
-3.940427899360656738e-01
-4.051715135574340820e-01
-4.218259453773498535e-01
-4.408392310142517090e-01
-4.636656343936920166e-01
-4.837189912796020508e-01
-5.045705437660217285e-01
-5.225524902343750000e-01
-5.382710695266723633e-01
-5.474711656570434570e-01
-5.535811185836791992e-01
-5.602096319198608398e-01
-5.584440231323242188e-01
-5.566098690032958984e-01
-5.547754764556884766e-01
-5.531711578369140625e-01
-5.519179701805114746e-01
-5.482669472694396973e-01
-5.443046689033508301e-01
-5.403420329093933105e-01
-5.345410108566284180e-01
-5.274907350540161133e-01
-5.204404592514038086e-01
-6.503900885581970215e-01
-6.420387625694274902e-01
-6.336867809295654297e-01
-6.253348588943481445e-01
-6.169829964637756348e-01
-6.086311340332031250e-01
-6.002791523933410645e-01
-5.919279456138610840e-01
-5.861129164695739746e-01
-5.825728774070739746e-01
-5.790271759033203125e-01
-5.751706361770629883e-01
-5.713133215904235840e-01
-5.672788619995117188e-01
-5.626090168952941895e-01
-5.569275617599487305e-01
-5.419809222221374512e-01
-5.279886722564697266e-01
-5.156320333480834961e-01
-5.031588673591613770e-01
-4.906778931617736816e-01
-4.789347648620605469e-01
-4.764370322227478027e-01
-4.739590287208557129e-01
-4.714807569980621338e-01
-4.705205857753753662e-01
-4.821764230728149414e-01
-5.034389495849609375e-01
-5.359733104705810547e-01
-5.768812894821166992e-01
-6.180061101913452148e-01
-6.592184305191040039e-01
-6.969933509826660156e-01
-7.302784323692321777e-01
-7.635632157325744629e-01
-7.954120039939880371e-01
-8.231532573699951172e-01
-8.456961512565612793e-01
-8.595111966133117676e-01
-8.704266548156738281e-01
-8.813420534133911133e-01
-8.927089571952819824e-01
-9.027824401855468750e-01
-9.109084606170654297e-01
-9.193183779716491699e-01
-9.222745895385742188e-01
-9.239039421081542969e-01
-9.241722822189331055e-01
-9.241678714752197266e-01
-9.232525825500488281e-01
-9.220993518829345703e-01
-9.202927350997924805e-01
-9.179053306579589844e-01
-9.234114885330200195e-01
-9.299874305725097656e-01
-9.354366660118103027e-01
-9.405638575553894043e-01
-9.441011548042297363e-01
-9.446893930435180664e-01
-9.407411217689514160e-01
-9.365937709808349609e-01
-9.280040860176086426e-01
-9.135187864303588867e-01
-8.990334272384643555e-01
-8.834255933761596680e-01
-8.652184605598449707e-01
-8.390101194381713867e-01
-8.064919114112854004e-01
-7.743369340896606445e-01
-7.415822744369506836e-01
-7.092616558074951172e-01
-6.799049377441406250e-01
-6.482897996902465820e-01
-6.172229051589965820e-01
-5.892314314842224121e-01
-5.673678517341613770e-01
-5.430231690406799316e-01
-5.182878971099853516e-01
-4.930285215377807617e-01
-4.700549244880676270e-01
-4.504345357418060303e-01
-4.405802190303802490e-01
-4.364031255245208740e-01
-4.390946626663208008e-01
-4.415065050125122070e-01
-4.398266971111297607e-01
-4.371801316738128662e-01
-4.344015121459960938e-01
-4.314349293708801270e-01
-4.229025244712829590e-01
-4.170270264148712158e-01
-4.186283349990844727e-01
-4.182595312595367432e-01
-4.148170351982116699e-01
-4.113747179508209229e-01
-4.079323709011077881e-01
-4.037165045738220215e-01
-4.063409566879272461e-01
-4.156554639339447021e-01
-4.223828911781311035e-01
-4.255203008651733398e-01
-4.264949858188629150e-01
-4.234659969806671143e-01
-4.157686233520507812e-01
-4.074456095695495605e-01
-3.991224765777587891e-01
-3.930981159210205078e-01
-3.996778726577758789e-01
-4.157745838165283203e-01
-4.371595084667205811e-01
-4.608918428421020508e-01
-4.838435649871826172e-01
-5.036728978157043457e-01
-5.200588703155517578e-01
-5.388807058334350586e-01
-5.492221117019653320e-01
-5.545078516006469727e-01
-5.594896078109741211e-01
-5.562438964843750000e-01
-5.544795989990234375e-01
-5.525596141815185547e-01
-5.501157045364379883e-01
-5.477043390274047852e-01
-5.456417798995971680e-01
-5.435791015625000000e-01
-5.387361645698547363e-01
-5.316864252090454102e-01
-5.246360301971435547e-01
-5.166007280349731445e-01
-6.535417437553405762e-01
-6.451896429061889648e-01
-6.368378996849060059e-01
-6.284864544868469238e-01
-6.201342940330505371e-01
-6.117826104164123535e-01
-6.034308075904846191e-01
-5.997923612594604492e-01
-5.962524414062500000e-01
-5.927129387855529785e-01
-5.891728401184082031e-01
-5.856330990791320801e-01
-5.818940401077270508e-01
-5.772835016250610352e-01
-5.678485631942749023e-01
-5.513687133789062500e-01
-5.341005325317382812e-01
-5.224401354789733887e-01
-5.103340148925781250e-01
-4.978532791137695312e-01
-4.858406782150268555e-01
-4.810824394226074219e-01
-4.786046743392944336e-01
-4.761267006397247314e-01
-4.737794399261474609e-01
-4.723715782165527344e-01
-4.774045348167419434e-01
-4.864299893379211426e-01
-5.135297775268554688e-01
-5.532580018043518066e-01
-5.947976112365722656e-01
-6.378630399703979492e-01
-6.763015985488891602e-01
-7.095866799354553223e-01
-7.421548366546630859e-01
-7.720528841018676758e-01
-7.960461974143981934e-01
-8.191064596176147461e-01
-8.314945697784423828e-01
-8.424097895622253418e-01
-8.533002734184265137e-01
-8.618967533111572266e-01
-8.708382844924926758e-01
-8.797874450683593750e-01
-8.873149156570434570e-01
-8.898957967758178711e-01
-8.904995918273925781e-01
-8.907189369201660156e-01
-8.904081583023071289e-01
-8.892965316772460938e-01
-8.864361047744750977e-01
-8.838346600532531738e-01
-8.867087960243225098e-01
-8.969465494155883789e-01
-9.051101207733154297e-01
-9.106239676475524902e-01
-9.167343378067016602e-01
-9.216081500053405762e-01
-9.236732721328735352e-01
-9.225101470947265625e-01
-9.183629751205444336e-01
-9.110313653945922852e-01
-8.980687260627746582e-01
-8.850598335266113281e-01
-8.713378906250000000e-01
-8.570379018783569336e-01
-8.347491621971130371e-01
-8.046178221702575684e-01
-7.731012105941772461e-01
-7.418608665466308594e-01
-7.163504362106323242e-01
-6.906055808067321777e-01
-6.638947725296020508e-01
-6.336532831192016602e-01
-6.084538102149963379e-01
-5.855357050895690918e-01
-5.586547851562500000e-01
-5.311099290847778320e-01
-5.044239163398742676e-01
-4.796343445777893066e-01
-4.568382799625396729e-01
-4.433053135871887207e-01
-4.375750124454498291e-01
-4.383929967880249023e-01
-4.367297291755676270e-01
-4.343544840812683105e-01
-4.318100512027740479e-01
-4.292657971382141113e-01
-4.260402023792266846e-01
-4.192605614662170410e-01
-4.207398593425750732e-01
-4.252716004848480225e-01
-4.254561066627502441e-01
-4.220137894153594971e-01
-4.185714125633239746e-01
-4.155966937541961670e-01
-4.121167659759521484e-01
-4.086368381977081299e-01
-4.096914529800415039e-01
-4.165185689926147461e-01
-4.209089279174804688e-01
-4.222891628742218018e-01
-4.232636392116546631e-01
-4.158394038677215576e-01
-4.082010388374328613e-01
-4.005627632141113281e-01
-3.945998847484588623e-01
-3.994407057762145996e-01
-4.116064012050628662e-01
-4.336124062538146973e-01
-4.572117924690246582e-01
-4.809442758560180664e-01
-5.026811361312866211e-01
-5.234206914901733398e-01
-5.388915538787841797e-01
-5.527364015579223633e-01
-5.555757880210876465e-01
-5.590755939483642578e-01
-5.567408800125122070e-01
-5.534191131591796875e-01
-5.493637323379516602e-01
-5.464351177215576172e-01
-5.436546802520751953e-01
-5.412459373474121094e-01
-5.372093915939331055e-01
-5.299534201622009277e-01
-5.226972699165344238e-01
-5.146948099136352539e-01
-5.055390596389770508e-01
-6.566932201385498047e-01
-6.483413577079772949e-01
-6.399893760681152344e-01
-6.316373348236083984e-01
-6.232859492301940918e-01
-6.170114874839782715e-01
-6.134713888168334961e-01
-6.099316477775573730e-01
-6.063920855522155762e-01
-6.028522849082946777e-01
-5.993129014968872070e-01
-5.954509377479553223e-01
-5.905478000640869141e-01
-5.752851963043212891e-01
-5.574067234992980957e-01
-5.386438369750976562e-01
-5.256108045578002930e-01
-5.138361454010009766e-01
-5.020519495010375977e-01
-4.904918670654296875e-01
-4.841446280479431152e-01
-4.823633432388305664e-01
-4.805549383163452148e-01
-4.782943725585937500e-01
-4.765960872173309326e-01
-4.752611815929412842e-01
-4.779874086380004883e-01
-4.880892038345336914e-01
-5.101159811019897461e-01
-5.404719114303588867e-01
-5.743080377578735352e-01
-6.167067885398864746e-01
-6.556099057197570801e-01
-6.888413429260253906e-01
-7.192173600196838379e-01
-7.443893551826477051e-01
-7.683135271072387695e-01
-7.912243604660034180e-01
-8.033607006072998047e-01
-8.140875101089477539e-01
-8.217159509658813477e-01
-8.301478624343872070e-01
-8.392453193664550781e-01
-8.483452796936035156e-01
-8.536663055419921875e-01
-8.555338382720947266e-01
-8.563673496246337891e-01
-8.557318449020385742e-01
-8.536022901535034180e-01
-8.510167002677917480e-01
-8.484309911727905273e-01
-8.476708531379699707e-01
-8.563083410263061523e-01
-8.665463924407958984e-01
-8.757895231246948242e-01
-8.840889930725097656e-01
-8.919448256492614746e-01
-8.974650502204895020e-01
-9.013159871101379395e-01
-9.022697806358337402e-01
-9.001318812370300293e-01
-8.938847780227661133e-01
-8.817571997642517090e-01
-8.707072734832763672e-01
-8.591410517692565918e-01
-8.432521820068359375e-01
-8.203180432319641113e-01
-7.958980798721313477e-01
-7.694239616394042969e-01
-7.482383251190185547e-01
-7.247592806816101074e-01
-6.992616653442382812e-01
-6.741501688957214355e-01
-6.504830121994018555e-01
-6.317262649536132812e-01
-6.104972958564758301e-01
-5.866450667381286621e-01
-5.572020411491394043e-01
-5.266598463058471680e-01
-4.998805522918701172e-01
-4.756738543510437012e-01
-4.582405686378479004e-01
-4.492890238761901855e-01
-4.427935183048248291e-01
-4.366478919982910156e-01
-4.312529563903808594e-01
-4.274104535579681396e-01
-4.248661100864410400e-01
-4.219073355197906494e-01
-4.222459495067596436e-01
-4.267775416374206543e-01
-4.313093423843383789e-01
-4.322164356708526611e-01
-4.296759963035583496e-01
-4.271370768547058105e-01
-4.241794049739837646e-01
-4.206993579864501953e-01
-4.164296686649322510e-01
-4.037281572818756104e-01
-4.105546474456787109e-01
-4.152839779853820801e-01
-4.171721935272216797e-01
-4.190577566623687744e-01
-4.158507883548736572e-01
-4.082125723361968994e-01
-4.005742073059082031e-01
-3.950915932655334473e-01
-4.005811214447021484e-01
-4.131097197532653809e-01
-4.330529272556304932e-01
-4.541487991809844971e-01
-4.772645235061645508e-01
-5.005846023559570312e-01
-5.213241577148437500e-01
-5.404880046844482422e-01
-5.559222698211669922e-01
-5.609538555145263672e-01
-5.598198175430297852e-01
-5.557302236557006836e-01
-5.515902042388916016e-01
-5.480037927627563477e-01
-5.420613288879394531e-01
-5.358580350875854492e-01
-5.294183492660522461e-01
-5.218364596366882324e-01
-5.145807862281799316e-01
-5.073245763778686523e-01
-5.000686049461364746e-01
-4.928123950958251953e-01
-6.598446369171142578e-01
-6.514923572540283203e-01
-6.431404948234558105e-01
-6.347889304161071777e-01
-6.306909322738647461e-01
-6.271507143974304199e-01
-6.236112117767333984e-01
-6.200714707374572754e-01
-6.165320873260498047e-01
-6.129919886589050293e-01
-6.085155010223388672e-01
-5.979086756706237793e-01
-5.815188884735107422e-01
-5.630740523338317871e-01
-5.446286201477050781e-01
-5.287812352180480957e-01
-5.170080065727233887e-01
-5.052233934402465820e-01
-4.934386610984802246e-01
-4.847869277000427246e-01
-4.830054640769958496e-01
-4.812240004539489746e-01
-4.794425964355468750e-01
-4.780187606811523438e-01
-4.773803949356079102e-01
-4.767422676086425781e-01
-4.778585433959960938e-01
-4.941747784614562988e-01
-5.172711610794067383e-01
-5.429242849349975586e-01
-5.705385208129882812e-01
-6.028149724006652832e-01
-6.352534890174865723e-01
-6.663504838943481445e-01
-6.927847862243652344e-01
-7.166990041732788086e-01
-7.406877279281616211e-01
-7.620962858200073242e-01
-7.732528448104858398e-01
-7.818893790245056152e-01
-7.899258732795715332e-01
-7.985820770263671875e-01
-8.076795339584350586e-01
-8.160605430603027344e-01
-8.185168504714965820e-01
-8.197106122970581055e-01
-8.189625740051269531e-01
-8.166979551315307617e-01
-8.144333362579345703e-01
-8.121689558029174805e-01
-8.101640939712524414e-01
-8.147230744361877441e-01
-8.254248499870300293e-01
-8.359943628311157227e-01
-8.460286855697631836e-01
-8.539749383926391602e-01
-8.619210124015808105e-01
-8.698673844337463379e-01
-8.764811754226684570e-01
-8.799124956130981445e-01
-8.814401030540466309e-01
-8.792644143104553223e-01
-8.689500093460083008e-01
-8.579670190811157227e-01
-8.453456759452819824e-01
-8.253353834152221680e-01
-8.027024865150451660e-01
-7.828044891357421875e-01
-7.668344974517822266e-01
-7.490555047988891602e-01
-7.294393181800842285e-01
-7.075016498565673828e-01
-6.830452680587768555e-01
-6.661299467086791992e-01
-6.509859561920166016e-01
-6.345954537391662598e-01
-6.148141622543334961e-01
-5.892535448074340820e-01
-5.600722432136535645e-01
-5.309779047966003418e-01
-5.054713487625122070e-01
-4.847948551177978516e-01
-4.698788821697235107e-01
-4.573298096656799316e-01
-4.468074738979339600e-01
-4.384254813194274902e-01
-4.310418367385864258e-01
-4.247311353683471680e-01
-4.251644313335418701e-01
-4.282902181148529053e-01
-4.328153431415557861e-01
-4.376849532127380371e-01
-4.392849504947662354e-01
-4.384431540966033936e-01
-4.360128641128540039e-01
-4.327623844146728516e-01
-4.292824268341064453e-01
-4.235090315341949463e-01
-4.105830192565917969e-01
-4.045906960964202881e-01
-4.096589088439941406e-01
-4.115470647811889648e-01
-4.134353697299957275e-01
-4.153078198432922363e-01
-4.082239270210266113e-01
-4.005855321884155273e-01
-3.955024480819702148e-01
-4.012527167797088623e-01
-4.161526262760162354e-01
-4.333635568618774414e-01
-4.532536268234252930e-01
-4.748984277248382568e-01
-4.975084066390991211e-01
-5.192274451255798340e-01
-5.399674773216247559e-01
-5.558563470840454102e-01
-5.634464025497436523e-01
-5.626028776168823242e-01
-5.532505512237548828e-01
-5.447906255722045898e-01
-5.380985140800476074e-01
-5.323224067687988281e-01
-5.265341997146606445e-01
-5.172859430313110352e-01
-5.078979730606079102e-01
-4.990118741989135742e-01
-4.919000864028930664e-01
-4.846959710121154785e-01
-4.774396419525146484e-01
-6.629955768585205078e-01
-6.546434164047241211e-01
-6.479097604751586914e-01
-6.443701982498168945e-01
-6.408305168151855469e-01
-6.372904181480407715e-01
-6.337507367134094238e-01
-6.302112936973571777e-01
-6.261653304100036621e-01
-6.201937794685363770e-01
-6.045876741409301758e-01
-5.867938399314880371e-01
-5.683483481407165527e-01
-5.499021410942077637e-01
-5.314631462097167969e-01
-5.200080871582031250e-01
-5.083947181701660156e-01
-4.966102838516235352e-01
-4.855600595474243164e-01
-4.836475849151611328e-01
-4.818660020828247070e-01
-4.800847768783569336e-01
-4.783033132553100586e-01
-4.776011705398559570e-01
-4.769628942012786865e-01
-4.765229225158691406e-01
-4.793152809143066406e-01
-4.992512464523315430e-01
-5.223260521888732910e-01
-5.488947629928588867e-01
-5.754634141921997070e-01
-6.023142933845520020e-01
-6.286824941635131836e-01
-6.466268897056579590e-01
-6.654888391494750977e-01
-6.896294355392456055e-01
-7.136147022247314453e-01
-7.312163114547729492e-01
-7.399684190750122070e-01
-7.487092614173889160e-01
-7.571481466293334961e-01
-7.669363617897033691e-01
-7.753947973251342773e-01
-7.805825471878051758e-01
-7.806389331817626953e-01
-7.797524333000183105e-01
-7.788664102554321289e-01
-7.770997881889343262e-01
-7.748353481292724609e-01
-7.725709676742553711e-01
-7.727302312850952148e-01
-7.828859090805053711e-01
-7.940838336944580078e-01
-8.050556182861328125e-01
-8.152617216110229492e-01
-8.235399127006530762e-01
-8.318071961402893066e-01
-8.397532701492309570e-01
-8.475472331047058105e-01
-8.556930422782897949e-01
-8.620371818542480469e-01
-8.650544881820678711e-01
-8.565392494201660156e-01
-8.453713655471801758e-01
-8.297342061996459961e-01
-8.090825080871582031e-01
-7.901901006698608398e-01
-7.745786905288696289e-01
-7.605464458465576172e-01
-7.448291182518005371e-01
-7.276811599731445312e-01
-7.092272043228149414e-01
-6.934442520141601562e-01
-6.805804967880249023e-01
-6.667593717575073242e-01
-6.529570817947387695e-01
-6.388756036758422852e-01
-6.191310882568359375e-01
-5.928393006324768066e-01
-5.655062794685363770e-01
-5.403489470481872559e-01
-5.134539008140563965e-01
-4.972419142723083496e-01
-4.829003214836120605e-01
-4.692816138267517090e-01
-4.567886888980865479e-01
-4.461854994297027588e-01
-4.419846534729003906e-01
-4.437925219535827637e-01
-4.427188634872436523e-01
-4.445376992225646973e-01
-4.472809433937072754e-01
-4.469332098960876465e-01
-4.459494054317474365e-01
-4.448249340057373047e-01
-4.413452148437500000e-01
-4.378652572631835938e-01
-4.305881559848785400e-01
-4.178087711334228516e-01
-4.041726291179656982e-01
-4.040339589118957520e-01
-4.059220552444458008e-01
-4.078104496002197266e-01
-4.096986353397369385e-01
-4.072272181510925293e-01
-4.005026221275329590e-01
-3.959131538867950439e-01
-4.019853472709655762e-01
-4.191960692405700684e-01
-4.364068806171417236e-01
-4.536176323890686035e-01
-4.733520150184631348e-01
-4.946929216384887695e-01
-5.136628150939941406e-01
-5.316522121429443359e-01
-5.481219291687011719e-01
-5.541200637817382812e-01
-5.557010769844055176e-01
-5.496529340744018555e-01
-5.412218570709228516e-01
-5.323161482810974121e-01
-5.237439870834350586e-01
-5.137021541595458984e-01
-5.050745606422424316e-01
-4.964712858200073242e-01
-4.872224926948547363e-01
-4.779810905456542969e-01
-4.690667390823364258e-01
-4.624107480049133301e-01
-6.661468148231506348e-01
-6.615898013114929199e-01
-6.580493450164794922e-01
-6.545096635818481445e-01
-6.509698033332824707e-01
-6.474304199218750000e-01
-6.438155770301818848e-01
-6.391943693161010742e-01
-6.271349787712097168e-01
-6.105136871337890625e-01
-5.920678973197937012e-01
-5.736219882965087891e-01
-5.551762580871582031e-01
-5.367302298545837402e-01
-5.224215984344482422e-01
-5.109543800354003906e-01
-4.994871020317077637e-01
-4.884878396987915039e-01
-4.842901229858398438e-01
-4.825085997581481934e-01
-4.807269573211669922e-01
-4.789453744888305664e-01
-4.778221845626831055e-01
-4.771838188171386719e-01
-4.773930907249450684e-01
-4.786952137947082520e-01
-4.867119789123535156e-01
-5.045462846755981445e-01
-5.272415876388549805e-01
-5.538899898529052734e-01
-5.806760191917419434e-01
-6.066291332244873047e-01
-6.272578239440917969e-01
-6.358763575553894043e-01
-6.493384838104248047e-01
-6.651136279106140137e-01
-6.832022666931152344e-01
-6.979323625564575195e-01
-7.066845893859863281e-01
-7.154369950294494629e-01
-7.239759564399719238e-01
-7.326229810714721680e-01
-7.400455474853515625e-01
-7.409739494323730469e-01
-7.400875687599182129e-01
-7.392014265060424805e-01
-7.383149862289428711e-01
-7.371339797973632812e-01
-7.352374792098999023e-01
-7.332985401153564453e-01
-7.390431165695190430e-01
-7.504224181175231934e-01
-7.619526386260986328e-01
-7.735621929168701172e-01
-7.843141555786132812e-01
-7.928371429443359375e-01
-8.026520609855651855e-01
-8.129216432571411133e-01
-8.221081495285034180e-01
-8.311297893524169922e-01
-8.394330143928527832e-01
-8.456948995590209961e-01
-8.431049585342407227e-01
-8.338351845741271973e-01
-8.169545531272888184e-01
-7.979960441589355469e-01
-7.820626497268676758e-01
-7.680307626724243164e-01
-7.529894709587097168e-01
-7.372242212295532227e-01
-7.218060493469238281e-01
-7.049176692962646484e-01
-6.964535713195800781e-01
-6.887222528457641602e-01
-6.806377172470092773e-01
-6.684527397155761719e-01
-6.552015542984008789e-01
-6.417939662933349609e-01
-6.232866644859313965e-01
-5.984903573989868164e-01
-5.717263817787170410e-01
-5.467315316200256348e-01
-5.272121429443359375e-01
-5.106874108314514160e-01
-4.962658286094665527e-01
-4.824330806732177734e-01
-4.735683202743530273e-01
-4.745776653289794922e-01
-4.747171401977539062e-01
-4.721908569335937500e-01
-4.698518812656402588e-01
-4.684143960475921631e-01
-4.633836746215820312e-01
-4.583337008953094482e-01
-4.547742605209350586e-01
-4.506265521049499512e-01
-4.464480280876159668e-01
-4.376672208309173584e-01
-4.250345826148986816e-01
-4.113985896110534668e-01
-3.984087705612182617e-01
-4.002969861030578613e-01
-4.021853506565093994e-01
-4.040736556053161621e-01
-4.058194160461425781e-01
-3.990949094295501709e-01
-3.957240581512451172e-01
-4.050285816192626953e-01
-4.220082759857177734e-01
-4.374393522739410400e-01
-4.525443613529205322e-01
-4.673470258712768555e-01
-4.843352437019348145e-01
-5.022687911987304688e-01
-5.196041464805603027e-01
-5.351701974868774414e-01
-5.435528159141540527e-01
-5.436542034149169922e-01
-5.445975065231323242e-01
-5.364567041397094727e-01
-5.283824205398559570e-01
-5.172636508941650391e-01
-5.052700042724609375e-01
-4.938107728958129883e-01
-4.837256669998168945e-01
-4.753087162971496582e-01
-4.664081931114196777e-01
-4.573770165443420410e-01
-4.505932033061981201e-01
-6.752687096595764160e-01
-6.717287898063659668e-01
-6.681893467903137207e-01
-6.646494865417480469e-01
-6.611096262931823730e-01
-6.568806171417236328e-01
-6.496374607086181641e-01
-6.338136792182922363e-01
-6.157877445220947266e-01
-5.973414778709411621e-01
-5.788958072662353516e-01
-5.604499578475952148e-01
-5.420042276382446289e-01
-5.248352289199829102e-01
-5.133678913116455078e-01
-5.019007921218872070e-01
-4.906799793243408203e-01
-4.845139980316162109e-01
-4.830493927001953125e-01
-4.813691377639770508e-01
-4.795877337455749512e-01
-4.780691862106323242e-01
-4.776582717895507812e-01
-4.785818457603454590e-01
-4.800924062728881836e-01
-4.819951057434082031e-01
-4.946918487548828125e-01
-5.104367733001708984e-01
-5.327371358871459961e-01
-5.595232248306274414e-01
-5.861872434616088867e-01
-6.097852587699890137e-01
-6.256967782974243164e-01
-6.322653889656066895e-01
-6.397550106048583984e-01
-6.479909420013427734e-01
-6.591598391532897949e-01
-6.646620035171508789e-01
-6.711239814758300781e-01
-6.801317930221557617e-01
-6.874018907546997070e-01
-6.945977210998535156e-01
-6.995643973350524902e-01
-6.993787288665771484e-01
-6.993999481201171875e-01
-6.986498832702636719e-01
-6.977638006210327148e-01
-6.969141960144042969e-01
-6.954202651977539062e-01
-6.965261697769165039e-01
-7.073191404342651367e-01
-7.189391851425170898e-01
-7.307828664779663086e-01
-7.427697181701660156e-01
-7.558326125144958496e-01
-7.666822671890258789e-01
-7.774745225906372070e-01
-7.875748872756958008e-01
-7.969300150871276855e-01
-8.063055276870727539e-01
-8.155852556228637695e-01
-8.242272734642028809e-01
-8.257276415824890137e-01
-8.191323280334472656e-01
-8.028013706207275391e-01
-7.887470126152038574e-01
-7.755146026611328125e-01
-7.611500024795532227e-01
-7.453847527503967285e-01
-7.296196222305297852e-01
-7.138543128967285156e-01
-7.031423449516296387e-01
-6.961282491683959961e-01
-6.900259256362915039e-01
-6.842820048332214355e-01
-6.777846217155456543e-01
-6.702601909637451172e-01
-6.584140062332153320e-01
-6.451380252838134766e-01
-6.245557069778442383e-01
-6.007545590400695801e-01
-5.786501765251159668e-01
-5.588717460632324219e-01
-5.424259901046752930e-01
-5.249046087265014648e-01
-5.121895074844360352e-01
-5.110715627670288086e-01
-5.116425752639770508e-01
-5.103270411491394043e-01
-5.073661804199218750e-01
-5.044053792953491211e-01
-5.014443993568420410e-01
-4.941136837005615234e-01
-4.854981303215026855e-01
-4.762756824493408203e-01
-4.681928157806396484e-01
-4.593300819396972656e-01
-4.481274485588073730e-01
-4.335856437683105469e-01
-4.186245203018188477e-01
-4.042460918426513672e-01
-3.946721255779266357e-01
-3.965601921081542969e-01
-3.984484970569610596e-01
-4.001782536506652832e-01
-3.958923220634460449e-01
-3.908153176307678223e-01
-4.009602069854736328e-01
-4.169792234897613525e-01
-4.317747354507446289e-01
-4.460701346397399902e-01
-4.603658318519592285e-01
-4.753671586513519287e-01
-4.922420978546142578e-01
-5.092101097106933594e-01
-5.245496630668640137e-01
-5.317757129669189453e-01
-5.300920009613037109e-01
-5.312031507492065430e-01
-5.306277275085449219e-01
-5.200571417808532715e-01
-5.093027353286743164e-01
-4.987643957138061523e-01
-4.873830080032348633e-01
-4.753895998001098633e-01
-4.635141491889953613e-01
-4.537683129310607910e-01
-4.467742741107940674e-01
-4.405597448348999023e-01
-6.854084730148315430e-01
-6.818685531616210938e-01
-6.783291101455688477e-01
-6.745309233665466309e-01
-6.698632240295410156e-01
-6.563609838485717773e-01
-6.395070552825927734e-01
-6.210612058639526367e-01
-6.026158332824707031e-01
-5.841701030731201172e-01
-5.657241344451904297e-01
-5.472779870033264160e-01
-5.287237167358398438e-01
-5.157815217971801758e-01
-5.043140649795532227e-01
-4.928498268127441406e-01
-4.843980073928833008e-01
-4.829337596893310547e-01
-4.814696311950683594e-01
-4.800053238868713379e-01
-4.785530567169189453e-01
-4.785614609718322754e-01
-4.800864458084106445e-01
-4.818153381347656250e-01
-4.835538864135742188e-01
-4.904752373695373535e-01
-5.032437443733215332e-01
-5.166825056076049805e-01
-5.383703708648681641e-01
-5.651565194129943848e-01
-5.894194841384887695e-01
-6.094775199890136719e-01
-6.238412261009216309e-01
-6.293818354606628418e-01
-6.331247091293334961e-01
-6.372424364089965820e-01
-6.425858139991760254e-01
-6.432445049285888672e-01
-6.422315835952758789e-01
-6.413991451263427734e-01
-6.453767418861389160e-01
-6.519933938980102539e-01
-6.552517414093017578e-01
-6.561267375946044922e-01
-6.570789217948913574e-01
-6.580306291580200195e-01
-6.585575342178344727e-01
-6.580531597137451172e-01
-6.574088335037231445e-01
-6.643197536468505859e-01
-6.762288808822631836e-01
-6.885138154029846191e-01
-7.018796205520629883e-01
-7.156821489334106445e-01
-7.294844388961791992e-01
-7.407723665237426758e-01
-7.517367601394653320e-01
-7.620457410812377930e-01
-7.717422246932983398e-01
-7.813078165054321289e-01
-7.912949323654174805e-01
-8.040578961372375488e-01
-8.097437620162963867e-01
-8.006809949874877930e-01
-7.886410355567932129e-01
-7.768760919570922852e-01
-7.654545307159423828e-01
-7.519561052322387695e-01
-7.377799749374389648e-01
-7.220148444175720215e-01
-7.062495946884155273e-01
-6.998486518859863281e-01
-6.963315606117248535e-01
-6.902458071708679199e-01
-6.849976778030395508e-01
-6.792247891426086426e-01
-6.734866499900817871e-01
-6.680417656898498535e-01
-6.586737036705017090e-01
-6.432505846023559570e-01
-6.237814426422119141e-01
-6.075093746185302734e-01
-5.889383554458618164e-01
-5.739228725433349609e-01
-5.597468614578247070e-01
-5.542861819267272949e-01
-5.515474677085876465e-01
-5.505658388137817383e-01
-5.472375154495239258e-01
-5.429763197898864746e-01
-5.400152206420898438e-01
-5.370543599128723145e-01
-5.294155478477478027e-01
-5.201754570007324219e-01
-5.099969506263732910e-01
-4.998182058334350586e-01
-4.870654940605163574e-01
-4.706951975822448730e-01
-4.516223967075347900e-01
-4.332582652568817139e-01
-4.159699678421020508e-01
-3.936086595058441162e-01
-3.875947594642639160e-01
-3.870333731174468994e-01
-3.868159651756286621e-01
-3.862780034542083740e-01
-3.816983103752136230e-01
-3.938944637775421143e-01
-4.091036617755889893e-01
-4.243129491806030273e-01
-4.393058419227600098e-01
-4.536015689373016357e-01
-4.678968787193298340e-01
-4.833877682685852051e-01
-4.998277425765991211e-01
-5.151534080505371094e-01
-5.218032598495483398e-01
-5.181906223297119141e-01
-5.179499387741088867e-01
-5.163620114326477051e-01
-5.106055736541748047e-01
-4.996548891067504883e-01
-4.890009164810180664e-01
-4.791476130485534668e-01
-4.690830707550048828e-01
-4.575024247169494629e-01
-4.458872973918914795e-01
-4.364683032035827637e-01
-4.297456741333007812e-01
-6.955482363700866699e-01
-6.920084357261657715e-01
-6.875956654548645020e-01
-6.789081692695617676e-01
-6.630400419235229492e-01
-6.447812318801879883e-01
-6.263356208801269531e-01
-6.078896522521972656e-01
-5.894441604614257812e-01
-5.709979534149169922e-01
-5.525520443916320801e-01
-5.339988470077514648e-01
-5.181947946548461914e-01
-5.067277550697326660e-01
-4.952604770660400391e-01
-4.845494031906127930e-01
-4.828177094459533691e-01
-4.813535213470458984e-01
-4.798892140388488770e-01
-4.789906144142150879e-01
-4.800020456314086914e-01
-4.820576906204223633e-01
-4.838277101516723633e-01
-4.855661392211914062e-01
-4.875669479370117188e-01
-4.990271329879760742e-01
-5.117958784103393555e-01
-5.245643854141235352e-01
-5.440133810043334961e-01
-5.690539479255676270e-01
-5.909523367881774902e-01
-6.074299216270446777e-01
-6.197973489761352539e-01
-6.234788298606872559e-01
-6.275207996368408203e-01
-6.311663985252380371e-01
-6.338511705398559570e-01
-6.253513097763061523e-01
-6.184101104736328125e-01
-6.149820089340209961e-01
-6.117038726806640625e-01
-6.124655604362487793e-01
-6.116170287132263184e-01
-6.125689148902893066e-01
-6.135206222534179688e-01
-6.144726276397705078e-01
-6.154247522354125977e-01
-6.163765788078308105e-01
-6.195675134658813477e-01
-6.319140195846557617e-01
-6.464651226997375488e-01
-6.611750125885009766e-01
-6.753382682800292969e-01
-6.891407966613769531e-01
-7.030534744262695312e-01
-7.147308588027954102e-01
-7.262006998062133789e-01
-7.362819910049438477e-01
-7.463114261627197266e-01
-7.583267688751220703e-01
-7.717742323875427246e-01
-7.846230268478393555e-01
-7.889227271080017090e-01
-7.811727523803710938e-01
-7.745819687843322754e-01
-7.651654481887817383e-01
-7.525228857994079590e-01
-7.390285730361938477e-01
-7.255300879478454590e-01
-7.120319008827209473e-01
-7.034033536911010742e-01
-6.979562044143676758e-01
-6.937536597251892090e-01
-6.909359693527221680e-01
-6.857134699821472168e-01
-6.799404621124267578e-01
-6.732696294784545898e-01
-6.654925942420959473e-01
-6.583218574523925781e-01
-6.540395021438598633e-01
-6.428983807563781738e-01
-6.310755014419555664e-01
-6.167765259742736816e-01
-6.050027608871459961e-01
-6.015056967735290527e-01
-5.987365245819091797e-01
-5.957902073860168457e-01
-5.923127532005310059e-01
-5.863059759140014648e-01
-5.804018974304199219e-01
-5.759272575378417969e-01
-5.726644396781921387e-01
-5.648146271705627441e-01
-5.552816390991210938e-01
-5.451030731201171875e-01
-5.349246263504028320e-01
-5.202720761299133301e-01
-5.033927559852600098e-01
-4.808666706085205078e-01
-4.567741751670837402e-01
-4.330500066280364990e-01
-4.055253863334655762e-01
-3.828561305999755859e-01
-3.783105611801147461e-01
-3.757340908050537109e-01
-3.731366991996765137e-01
-3.735799193382263184e-01
-3.857107162475585938e-01
-4.009200334548950195e-01
-4.161294102668762207e-01
-4.313389062881469727e-01
-4.465482234954833984e-01
-4.611324965953826904e-01
-4.754281640052795410e-01
-4.910000562667846680e-01
-5.069605112075805664e-01
-5.130519866943359375e-01
-5.076774358749389648e-01
-5.052598714828491211e-01
-5.008219480514526367e-01
-4.980521202087402344e-01
-4.902030825614929199e-01
-4.792523384094238281e-01
-4.685095846652984619e-01
-4.586563110351562500e-01
-4.488029479980468750e-01
-4.409822821617126465e-01
-4.323988556861877441e-01
-4.228240847587585449e-01
-7.052460908889770508e-01
-7.004717588424682617e-01
-6.855872273445129395e-01
-6.685010790824890137e-01
-6.500548124313354492e-01
-6.316090822219848633e-01
-6.131631135940551758e-01
-5.947174429893493652e-01
-5.762717723846435547e-01
-5.578258037567138672e-01
-5.392740368843078613e-01
-5.207041501998901367e-01
-5.091409683227539062e-01
-4.976736307144165039e-01
-4.867187738418579102e-01
-4.827021956443786621e-01
-4.814448356628417969e-01
-4.805231094360351562e-01
-4.802281260490417480e-01
-4.814672470092773438e-01
-4.833120107650756836e-01
-4.853677749633789062e-01
-4.874233603477478027e-01
-4.893167614936828613e-01
-4.948105812072753906e-01
-5.075790286064147949e-01
-5.205371379852294922e-01
-5.335399508476257324e-01
-5.499457120895385742e-01
-5.730921030044555664e-01
-5.900543928146362305e-01
-6.036865115165710449e-01
-6.148937344551086426e-01
-6.188187003135681152e-01
-6.219158768653869629e-01
-6.238523721694946289e-01
-6.234933733940124512e-01
-6.123228073120117188e-01
-6.016325354576110840e-01
-5.913758277893066406e-01
-5.873714685440063477e-01
-5.831874608993530273e-01
-5.751715898513793945e-01
-5.703638195991516113e-01
-5.699628591537475586e-01
-5.709147453308105469e-01
-5.718667507171630859e-01
-5.742013454437255859e-01
-5.853766202926635742e-01
-6.011295318603515625e-01
-6.160614490509033203e-01
-6.309932470321655273e-01
-6.460065245628356934e-01
-6.611185073852539062e-01
-6.758065819740295410e-01
-6.883804798126220703e-01
-7.002871036529541016e-01
-7.115694880485534668e-01
-7.250167727470397949e-01
-7.384641766548156738e-01
-7.519114017486572266e-01
-7.636350393295288086e-01
-7.662445306777954102e-01
-7.632782459259033203e-01
-7.585196495056152344e-01
-7.508787512779235840e-01
-7.387617826461791992e-01
-7.255954742431640625e-01
-7.124290466308593750e-01
-6.995757818222045898e-01
-6.957975625991821289e-01
-6.931729912757873535e-01
-6.906478404998779297e-01
-6.889135241508483887e-01
-6.864157319068908691e-01
-6.792739629745483398e-01
-6.698917150497436523e-01
-6.619815230369567871e-01
-6.559912562370300293e-01
-6.531870961189270020e-01
-6.500117778778076172e-01
-6.471579074859619141e-01
-6.408585309982299805e-01
-6.396818161010742188e-01
-6.420537233352661133e-01
-6.417741775512695312e-01
-6.390048861503601074e-01
-6.362355947494506836e-01
-6.285783648490905762e-01
-6.203505992889404297e-01
-6.136852502822875977e-01
-6.089147925376892090e-01
-6.002140641212463379e-01
-5.892413258552551270e-01
-5.769569277763366699e-01
-5.640603303909301758e-01
-5.464243888854980469e-01
-5.287885665893554688e-01
-5.077789425849914551e-01
-4.836410284042358398e-01
-4.595032930374145508e-01
-4.307009577751159668e-01
-4.016242623329162598e-01
-3.830404281616210938e-01
-3.753984868526458740e-01
-3.683875799179077148e-01
-3.718740344047546387e-01
-3.811408281326293945e-01
-3.941341340541839600e-01
-4.082124233245849609e-01
-4.231551885604858398e-01
-4.383648633956909180e-01
-4.535739421844482422e-01
-4.686638712882995605e-01
-4.826916456222534180e-01
-4.984168410301208496e-01
-5.058342218399047852e-01
-4.966968297958374023e-01
-4.923311471939086914e-01
-4.883870482444763184e-01
-4.836375713348388672e-01
-4.801101684570312500e-01
-4.698003232479095459e-01
-4.588493108749389648e-01
-4.480183124542236328e-01
-4.392317831516265869e-01
-4.321218729019165039e-01
-4.250117242336273193e-01
-4.179016649723052979e-01
-7.081350088119506836e-01
-6.922094821929931641e-01
-6.737748384475708008e-01
-6.553292870521545410e-01
-6.368829011917114258e-01
-6.184376478195190430e-01
-5.999914407730102539e-01
-5.815461277961730957e-01
-5.630997419357299805e-01
-5.445487499237060547e-01
-5.259785652160644531e-01
-5.115547180175781250e-01
-5.000874400138854980e-01
-4.890800714492797852e-01
-4.831807613372802734e-01
-4.821526408195495605e-01
-4.814885854721069336e-01
-4.819036722183227539e-01
-4.829395413398742676e-01
-4.848059415817260742e-01
-4.870961308479309082e-01
-4.893862009048461914e-01
-4.916758537292480469e-01
-4.941948652267456055e-01
-5.047734975814819336e-01
-5.177766084671020508e-01
-5.307793021202087402e-01
-5.436040163040161133e-01
-5.553821921348571777e-01
-5.727410316467285156e-01
-5.858047008514404297e-01
-5.983402729034423828e-01
-6.088522076606750488e-01
-6.116589903831481934e-01
-6.134163737297058105e-01
-6.145381331443786621e-01
-6.117087602615356445e-01
-6.000825762748718262e-01
-5.880110263824462891e-01
-5.763599872589111328e-01
-5.669078826904296875e-01
-5.566903948783874512e-01
-5.477148890495300293e-01
-5.393596887588500977e-01
-5.329462885856628418e-01
-5.287877917289733887e-01
-5.310214757919311523e-01
-5.369396805763244629e-01
-5.529794692993164062e-01
-5.695692300796508789e-01
-5.854607820510864258e-01
-6.008307933807373047e-01
-6.159517168998718262e-01
-6.310731768608093262e-01
-6.461940407752990723e-01
-6.595535278320312500e-01
-6.743553280830383301e-01
-6.889873743057250977e-01
-7.035777568817138672e-01
-7.177213430404663086e-01
-7.311777472496032715e-01
-7.404649257659912109e-01
-7.454221844673156738e-01
-7.441768050193786621e-01
-7.408025264739990234e-01
-7.335134744644165039e-01
-7.244222164154052734e-01
-7.118343710899353027e-01
-6.986678838729858398e-01
-6.912102699279785156e-01
-6.885139942169189453e-01
-6.862232089042663574e-01
-6.841958761215209961e-01
-6.828168630599975586e-01
-6.812683343887329102e-01
-6.754956841468811035e-01
-6.663975119590759277e-01
-6.581162810325622559e-01
-6.540096998214721680e-01
-6.524756550788879395e-01
-6.540415883064270020e-01
-6.536164879798889160e-01
-6.582592129707336426e-01
-6.688426733016967773e-01
-6.778953075408935547e-01
-6.808174848556518555e-01
-6.812368631362915039e-01
-6.792733669281005859e-01
-6.713852286338806152e-01
-6.619313359260559082e-01
-6.516616344451904297e-01
-6.423290371894836426e-01
-6.293446421623229980e-01
-6.161408424377441406e-01
-6.038564443588256836e-01
-5.894562005996704102e-01
-5.718201398849487305e-01
-5.541845560073852539e-01
-5.334812402725219727e-01
-5.105533599853515625e-01
-4.864153861999511719e-01
-4.575232863426208496e-01
-4.276369512081146240e-01
-3.977507948875427246e-01
-3.854961991310119629e-01
-3.762484490871429443e-01
-3.802271485328674316e-01
-3.899521231651306152e-01
-3.985466957092285156e-01
-4.085822403430938721e-01
-4.194491803646087646e-01
-4.322998821735382080e-01
-4.461478292942047119e-01
-4.605996310710906982e-01
-4.756813049316406250e-01
-4.897879362106323242e-01
-4.958516359329223633e-01
-4.861661195755004883e-01
-4.791932106018066406e-01
-4.761570096015930176e-01
-4.714708030223846436e-01
-4.667212665081024170e-01
-4.611999988555908203e-01
-4.493976533412933350e-01
-4.386279284954071045e-01
-4.303707480430603027e-01
-4.232614636421203613e-01
-4.161510765552520752e-01
-4.090407788753509521e-01
-6.974943280220031738e-01
-6.790485382080078125e-01
-6.606029272079467773e-01
-6.421571969985961914e-01
-6.237112283706665039e-01
-6.052651405334472656e-01
-5.868196487426757812e-01
-5.683736801147460938e-01
-5.498241186141967773e-01
-5.312936305999755859e-01
-5.142248868942260742e-01
-5.031017661094665527e-01
-4.923307895660400391e-01
-4.844130277633666992e-01
-4.837808012962341309e-01
-4.836602807044982910e-01
-4.848066568374633789e-01
-4.859535694122314453e-01
-4.876997470855712891e-01
-4.898062348365783691e-01
-4.920963644981384277e-01
-4.943860769271850586e-01
-4.966764450073242188e-01
-5.012937784194946289e-01
-5.146137475967407227e-01
-5.279337167739868164e-01
-5.410211086273193359e-01
-5.513852238655090332e-01
-5.569995045661926270e-01
-5.675781965255737305e-01
-5.796611309051513672e-01
-5.906266570091247559e-01
-5.999228358268737793e-01
-6.029800772666931152e-01
-6.039720177650451660e-01
-6.044730544090270996e-01
-5.993604063987731934e-01
-5.872883796691894531e-01
-5.752165913581848145e-01
-5.631719827651977539e-01
-5.523380041122436523e-01
-5.367454290390014648e-01
-5.225994586944580078e-01
-5.136854052543640137e-01
-5.072013139724731445e-01
-5.008048415184020996e-01
-4.985340833663940430e-01
-5.042771100997924805e-01
-5.208109617233276367e-01
-5.377848148345947266e-01
-5.540166497230529785e-01
-5.700452923774719238e-01
-5.858973264694213867e-01
-6.012352108955383301e-01
-6.177402138710021973e-01
-6.348990201950073242e-01
-6.507219076156616211e-01
-6.653538942337036133e-01
-6.799862384796142578e-01
-6.945515871047973633e-01
-7.078176736831665039e-01
-7.161269783973693848e-01
-7.230141162872314453e-01
-7.233343720436096191e-01
-7.195380926132202148e-01
-7.146940231323242188e-01
-7.071156501770019531e-01
-6.976012587547302246e-01
-6.861259937286376953e-01
-6.830325722694396973e-01
-6.807417869567871094e-01
-6.786295175552368164e-01
-6.772310733795166016e-01
-6.742054224014282227e-01
-6.693112254142761230e-01
-6.641427278518676758e-01
-6.601802110671997070e-01
-6.552726626396179199e-01
-6.533583402633666992e-01
-6.519355773925781250e-01
-6.564663648605346680e-01
-6.642853021621704102e-01
-6.757405996322631836e-01
-6.874438524246215820e-01
-6.999676227569580078e-01
-7.112727761268615723e-01
-7.155831456184387207e-01
-7.148748040199279785e-01
-7.067053914070129395e-01
-6.962693333625793457e-01
-6.856404542922973633e-01
-6.753236651420593262e-01
-6.596691608428955078e-01
-6.445079445838928223e-01
-6.307559013366699219e-01
-6.148520708084106445e-01
-5.972161293029785156e-01
-5.795801877975463867e-01
-5.590237975120544434e-01
-5.361723303794860840e-01
-5.121071934700012207e-01
-4.831736087799072266e-01
-4.532873034477233887e-01
-4.234010279178619385e-01
-3.979564011096954346e-01
-3.910402059555053711e-01
-3.944447636604309082e-01
-4.068976938724517822e-01
-4.142802357673645020e-01
-4.222526550292968750e-01
-4.305029213428497314e-01
-4.390972256660461426e-01
-4.481079280376434326e-01
-4.585372209548950195e-01
-4.706079959869384766e-01
-4.824000597000122070e-01
-4.847264885902404785e-01
-4.750505685806274414e-01
-4.665002822875976562e-01
-4.645738601684570312e-01
-4.600853025913238525e-01
-4.545553326606750488e-01
-4.498055875301361084e-01
-4.418787360191345215e-01
-4.312993586063385010e-01
-4.226650595664978027e-01
-4.144577085971832275e-01
-4.072906672954559326e-01
-4.001804888248443604e-01
-6.843227148056030273e-01
-6.658768057823181152e-01
-6.474310159683227539e-01
-6.289849877357482910e-01
-6.106466054916381836e-01
-5.924352407455444336e-01
-5.743290781974792480e-01
-5.562316775321960449e-01
-5.381132364273071289e-01
-5.201687812805175781e-01
-5.077949762344360352e-01
-4.969981908798217773e-01
-4.869799613952636719e-01
-4.862025380134582520e-01
-4.867914319038391113e-01
-4.879379272460937500e-01
-4.890851974487304688e-01
-4.906222820281982422e-01
-4.925163984298706055e-01
-4.948061108589172363e-01
-4.970961213111877441e-01
-4.993861317634582520e-01
-5.018711090087890625e-01
-5.110948085784912109e-01
-5.244150161743164062e-01
-5.377351045608520508e-01
-5.492032766342163086e-01
-5.555603504180908203e-01
-5.540072917938232422e-01
-5.600343942642211914e-01
-5.706372261047363281e-01
-5.812400579452514648e-01
-5.909408330917358398e-01
-5.933647751808166504e-01
-5.939654707908630371e-01
-5.937356948852539062e-01
-5.865659713745117188e-01
-5.744942426681518555e-01
-5.624341964721679688e-01
-5.504069924354553223e-01
-5.374412536621093750e-01
-5.213153362274169922e-01
-5.079308748245239258e-01
-4.955561757087707520e-01
-4.851274490356445312e-01
-4.790146946907043457e-01
-4.753578305244445801e-01
-4.832335710525512695e-01
-4.943689107894897461e-01
-5.059427022933959961e-01
-5.225723981857299805e-01
-5.386009812355041504e-01
-5.552402734756469727e-01
-5.744093656539916992e-01
-5.935863256454467773e-01
-6.109457015991210938e-01
-6.267309188842773438e-01
-6.417205333709716797e-01
-6.563526391983032227e-01
-6.710013747215270996e-01
-6.842884421348571777e-01
-6.918256878852844238e-01
-6.997055411338806152e-01
-6.987045407295227051e-01
-6.950975060462951660e-01
-6.911436915397644043e-01
-6.858432292938232422e-01
-6.787955760955810547e-01
-6.756577491760253906e-01
-6.742426156997680664e-01
-6.727248430252075195e-01
-6.713439226150512695e-01
-6.681959629058837891e-01
-6.624259352684020996e-01
-6.562428474426269531e-01
-6.521232128143310547e-01
-6.500537991523742676e-01
-6.487656235694885254e-01
-6.494392156600952148e-01
-6.507148742675781250e-01
-6.610466241836547852e-01
-6.782789826393127441e-01
-6.903960704803466797e-01
-7.008105516433715820e-01
-7.105340957641601562e-01
-7.217338085174560547e-01
-7.320082783699035645e-01
-7.384982705116271973e-01
-7.357038259506225586e-01
-7.289927005767822266e-01
-7.199783325195312500e-01
-7.093495726585388184e-01
-6.924622058868408203e-01
-6.756895780563354492e-01
-6.594989299774169922e-01
-6.402934789657592773e-01
-6.224686503410339355e-01
-6.045831441879272461e-01
-5.833641886711120605e-01
-5.601142048835754395e-01
-5.368641018867492676e-01
-5.088238120079040527e-01
-4.789377450942993164e-01
-4.490516185760498047e-01
-4.191651940345764160e-01
-4.058723449707031250e-01
-4.096762537956237793e-01
-4.230671525001525879e-01
-4.334205389022827148e-01
-4.402338266372680664e-01
-4.470472335815429688e-01
-4.551679491996765137e-01
-4.631401598453521729e-01
-4.711354076862335205e-01
-4.788435101509094238e-01
-4.839283227920532227e-01
-4.812771677970886230e-01
-4.664399623870849609e-01
-4.562212824821472168e-01
-4.524772763252258301e-01
-4.498011767864227295e-01
-4.439621865749359131e-01
-4.376393258571624756e-01
-4.338007569313049316e-01
-4.265244901180267334e-01
-4.159007370471954346e-01
-4.067844748497009277e-01
-3.985759019851684570e-01
-3.913198113441467285e-01
-6.720115542411804199e-01
-6.537995934486389160e-01
-6.355957984924316406e-01
-6.175476908683776855e-01
-5.995534658432006836e-01
-5.815593004226684570e-01
-5.635221004486083984e-01
-5.456228256225585938e-01
-5.277233123779296875e-01
-5.124877691268920898e-01
-5.016911625862121582e-01
-4.916455149650573730e-01
-4.887761473655700684e-01
-4.899231195449829102e-01
-4.910703301429748535e-01
-4.922169446945190430e-01
-4.935445785522460938e-01
-4.953826665878295898e-01
-4.975164532661437988e-01
-4.998062252998352051e-01
-5.020961761474609375e-01
-5.043865442276000977e-01
-5.075947046279907227e-01
-5.208964347839355469e-01
-5.342165231704711914e-01
-5.461871623992919922e-01
-5.526567697525024414e-01
-5.509117841720581055e-01
-5.480188131332397461e-01
-5.506477355957031250e-01
-5.612505674362182617e-01
-5.718531608581542969e-01
-5.808762311935424805e-01
-5.833578705787658691e-01
-5.831779241561889648e-01
-5.826614499092102051e-01
-5.737717151641845703e-01
-5.616998672485351562e-01
-5.497866868972778320e-01
-5.389740467071533203e-01
-5.255616903305053711e-01
-5.106149911880493164e-01
-4.964147210121154785e-01
-4.824381470680236816e-01
-4.696861505508422852e-01
-4.594176709651947021e-01
-4.604830741882324219e-01
-4.680013060569763184e-01
-4.756677746772766113e-01
-4.847676753997802734e-01
-4.962906241416931152e-01
-5.093072056770324707e-01
-5.290865898132324219e-01
-5.488661527633666992e-01
-5.686455965042114258e-01
-5.869921445846557617e-01
-6.025419831275939941e-01
-6.176071763038635254e-01
-6.331551074981689453e-01
-6.505001783370971680e-01
-6.596286892890930176e-01
-6.678804755210876465e-01
-6.743489503860473633e-01
-6.740744709968566895e-01
-6.704676747322082520e-01
-6.668606996536254883e-01
-6.626472473144531250e-01
-6.588994860649108887e-01
-6.619600653648376465e-01
-6.623972058296203613e-01
-6.613832712173461914e-01
-6.591301560401916504e-01
-6.543777585029602051e-01
-6.499792933464050293e-01
-6.447036266326904297e-01
-6.407811641693115234e-01
-6.387958526611328125e-01
-6.395497322082519531e-01
-6.408889293670654297e-01
-6.437862515449523926e-01
-6.621630191802978516e-01
-6.816369295120239258e-01
-6.986269950866699219e-01
-7.100855708122253418e-01
-7.199515104293823242e-01
-7.315701246261596680e-01
-7.421087026596069336e-01
-7.514026165008544922e-01
-7.535338401794433594e-01
-7.524042129516601562e-01
-7.496067881584167480e-01
-7.428296208381652832e-01
-7.262964248657226562e-01
-7.084499597549438477e-01
-6.899505257606506348e-01
-6.680592894554138184e-01
-6.472447514533996582e-01
-6.276889443397521973e-01
-6.069477200508117676e-01
-5.840288996696472168e-01
-5.608056783676147461e-01
-5.342472195625305176e-01
-5.045881867408752441e-01
-4.747018814086914062e-01
-4.449877738952636719e-01
-4.221788644790649414e-01
-4.249078035354614258e-01
-4.385594725608825684e-01
-4.531300663948059082e-01
-4.599436819553375244e-01
-4.667567908763885498e-01
-4.735700488090515137e-01
-4.803835153579711914e-01
-4.872846603393554688e-01
-4.924802184104919434e-01
-4.970836639404296875e-01
-4.922091960906982422e-01
-4.737681746482849121e-01
-4.571609199047088623e-01
-4.492293298244476318e-01
-4.427409172058105469e-01
-4.362140893936157227e-01
-4.288625419139862061e-01
-4.240005612373352051e-01
-4.214056134223937988e-01
-4.120356440544128418e-01
-4.010558128356933594e-01
-3.914809823036193848e-01
-3.828923404216766357e-01
-6.607666015625000000e-01
-6.427723169326782227e-01
-6.247780323028564453e-01
-6.067842245101928711e-01
-5.889523029327392578e-01
-5.710762143135070801e-01
-5.531771183013916016e-01
-5.352775454521179199e-01
-5.173787474632263184e-01
-5.063973665237426758e-01
-4.963530302047729492e-01
-4.919080138206481934e-01
-4.930545091629028320e-01
-4.942015409469604492e-01
-4.953483343124389648e-01
-4.964957237243652344e-01
-4.983046054840087891e-01
-5.002263784408569336e-01
-5.025165081024169922e-01
-5.048067569732666016e-01
-5.070965290069580078e-01
-5.095478892326354980e-01
-5.173777341842651367e-01
-5.304355025291442871e-01
-5.426620841026306152e-01
-5.474742650985717773e-01
-5.470231771469116211e-01
-5.441338419914245605e-01
-5.410873889923095703e-01
-5.411224365234375000e-01
-5.517412424087524414e-01
-5.611871480941772461e-01
-5.705914497375488281e-01
-5.724618434906005859e-01
-5.721611976623535156e-01
-5.715864896774291992e-01
-5.612254142761230469e-01
-5.503436326980590820e-01
-5.402637124061584473e-01
-5.297022461891174316e-01
-5.146840810775756836e-01
-4.999355673789978027e-01
-4.857479333877563477e-01
-4.712814092636108398e-01
-4.576682448387145996e-01
-4.481715559959411621e-01
-4.505190849304199219e-01
-4.535751342773437500e-01
-4.609991908073425293e-01
-4.692983329296112061e-01
-4.805164337158203125e-01
-4.938597083091735840e-01
-5.078644156455993652e-01
-5.233227014541625977e-01
-5.431022644042968750e-01
-5.617697834968566895e-01
-5.779917240142822266e-01
-5.937255620956420898e-01
-6.122766733169555664e-01
-6.266822814941406250e-01
-6.352196335792541504e-01
-6.428394317626953125e-01
-6.484414339065551758e-01
-6.494445800781250000e-01
-6.458377242088317871e-01
-6.422307491302490234e-01
-6.386237740516662598e-01
-6.416389942169189453e-01
-6.462100148200988770e-01
-6.493128538131713867e-01
-6.480299234390258789e-01
-6.440193653106689453e-01
-6.397217512130737305e-01
-6.345603466033935547e-01
-6.279018521308898926e-01
-6.224972605705261230e-01
-6.189634799957275391e-01
-6.201365590095520020e-01
-6.232279539108276367e-01
-6.406266689300537109e-01
-6.602156162261962891e-01
-6.800614595413208008e-01
-6.997336149215698242e-01
-7.163765430450439453e-01
-7.292398214340209961e-01
-7.407317161560058594e-01
-7.522090673446655273e-01
-7.611462473869323730e-01
-7.648879885673522949e-01
-7.672911882400512695e-01
-7.681963443756103516e-01
-7.661381363868713379e-01
-7.557927370071411133e-01
-7.412325143814086914e-01
-7.204921841621398926e-01
-6.966562271118164062e-01
-6.741161346435546875e-01
-6.529701352119445801e-01
-6.305872201919555664e-01
-6.070935130119323730e-01
-5.841745138168334961e-01
-5.582860112190246582e-01
-5.302383899688720703e-01
-5.003521442413330078e-01
-4.730095565319061279e-01
-4.502008557319641113e-01
-4.401392638683319092e-01
-4.540516138076782227e-01
-4.694778323173522949e-01
-4.796531200408935547e-01
-4.864662289619445801e-01
-4.932796359062194824e-01
-4.999226927757263184e-01
-5.036480426788330078e-01
-5.073739886283874512e-01
-5.109580755233764648e-01
-5.059132575988769531e-01
-4.875068664550781250e-01
-4.688397347927093506e-01
-4.590651392936706543e-01
-4.503726959228515625e-01
-4.423626959323883057e-01
-4.325679540634155273e-01
-4.234707057476043701e-01
-4.153607189655303955e-01
-4.102939367294311523e-01
-3.983582258224487305e-01
-3.868803083896636963e-01
-3.764047622680664062e-01
-6.500030755996704102e-01
-6.320557594299316406e-01
-6.142807006835937500e-01
-5.965054631233215332e-01
-5.786308050155639648e-01
-5.607315301895141602e-01
-5.428320169448852539e-01
-5.249328613281250000e-01
-5.113487243652343750e-01
-5.011529922485351562e-01
-4.950394630432128906e-01
-4.961866736412048340e-01
-4.973334074020385742e-01
-4.984800219535827637e-01
-4.996267557144165039e-01
-5.012273788452148438e-01
-5.030652284622192383e-01
-5.052266120910644531e-01
-5.075163841247558594e-01
-5.098065137863159180e-01
-5.120967030525207520e-01
-5.150318145751953125e-01
-5.263688564300537109e-01
-5.370662212371826172e-01
-5.417451858520507812e-01
-5.431345701217651367e-01
-5.402839183807373047e-01
-5.372327566146850586e-01
-5.341568589210510254e-01
-5.325003266334533691e-01
-5.407641530036926270e-01
-5.503898262977600098e-01
-5.593093037605285645e-01
-5.614457130432128906e-01
-5.615113973617553711e-01
-5.619078278541564941e-01
-5.517951250076293945e-01
-5.417128801345825195e-01
-5.316327810287475586e-01
-5.189304351806640625e-01
-5.038063526153564453e-01
-4.893517494201660156e-01
-4.751790761947631836e-01
-4.609881043434143066e-01
-4.485335350036621094e-01
-4.434723854064941406e-01
-4.441443979740142822e-01
-4.468443989753723145e-01
-4.514740109443664551e-01
-4.604415893554687500e-01
-4.716318249702453613e-01
-4.829539656639099121e-01
-4.934262633323669434e-01
-5.073040723800659180e-01
-5.213402509689331055e-01
-5.364267826080322266e-01
-5.525451898574829102e-01
-5.724576115608215332e-01
-5.921963453292846680e-01
-6.017179489135742188e-01
-6.104341745376586914e-01
-6.164684295654296875e-01
-6.222110390663146973e-01
-6.247980594635009766e-01
-6.212075948715209961e-01
-6.176006793975830078e-01
-6.168973445892333984e-01
-6.237583160400390625e-01
-6.299875974655151367e-01
-6.327629685401916504e-01
-6.309708356857299805e-01
-6.253727674484252930e-01
-6.183193325996398926e-01
-6.112659573554992676e-01
-6.047869324684143066e-01
-5.999617576599121094e-01
-5.959510207176208496e-01
-5.989960432052612305e-01
-6.119736433029174805e-01
-6.326628327369689941e-01
-6.550019979476928711e-01
-6.755444407463073730e-01
-6.975928544998168945e-01
-7.182195782661437988e-01
-7.330073714256286621e-01
-7.465242147445678711e-01
-7.606656551361083984e-01
-7.707535028457641602e-01
-7.752740383148193359e-01
-7.783731222152709961e-01
-7.810484766960144043e-01
-7.815657854080200195e-01
-7.738457322120666504e-01
-7.632715702056884766e-01
-7.471983432769775391e-01
-7.265848517417907715e-01
-7.032065391540527344e-01
-6.801727414131164551e-01
-6.563404798507690430e-01
-6.313161253929138184e-01
-6.076049804687500000e-01
-5.816895961761474609e-01
-5.538319945335388184e-01
-5.255458950996398926e-01
-5.009061098098754883e-01
-4.782229661941528320e-01
-4.627615809440612793e-01
-4.695438742637634277e-01
-4.849699735641479492e-01
-4.993624091148376465e-01
-5.061757564544677734e-01
-5.129892826080322266e-01
-5.168617963790893555e-01
-5.205867290496826172e-01
-5.243123173713684082e-01
-5.280369520187377930e-01
-5.212529897689819336e-01
-5.014270544052124023e-01
-4.821572303771972656e-01
-4.693875610828399658e-01
-4.613089561462402344e-01
-4.541357755661010742e-01
-4.484745860099792480e-01
-4.388505518436431885e-01
-4.285797178745269775e-01
-4.187024831771850586e-01
-4.062504768371582031e-01
-3.911117017269134521e-01
-3.779825568199157715e-01
-6.396093964576721191e-01
-6.218340992927551270e-01
-6.040584444999694824e-01
-5.861852169036865234e-01
-5.682859420776367188e-01
-5.503863692283630371e-01
-5.325554013252258301e-01
-5.162997245788574219e-01
-5.067662000656127930e-01
-4.987107515335083008e-01
-4.993181824684143066e-01
-5.004647970199584961e-01
-5.016119480133056641e-01
-5.027585625648498535e-01
-5.041497945785522461e-01
-5.059876441955566406e-01
-5.079367756843566895e-01
-5.102269649505615234e-01
-5.125165581703186035e-01
-5.145893096923828125e-01
-5.164642333984375000e-01
-5.214730501174926758e-01
-5.305503606796264648e-01
-5.360161662101745605e-01
-5.392460823059082031e-01
-5.363955497741699219e-01
-5.334212183952331543e-01
-5.303237438201904297e-01
-5.267616510391235352e-01
-5.236510038375854492e-01
-5.294036865234375000e-01
-5.385228991508483887e-01
-5.484315752983093262e-01
-5.523107051849365234e-01
-5.539688467979431152e-01
-5.532599091529846191e-01
-5.431622862815856934e-01
-5.330821275711059570e-01
-5.228551030158996582e-01
-5.081188082695007324e-01
-4.931838512420654297e-01
-4.788554310798645020e-01
-4.641422033309936523e-01
-4.518351554870605469e-01
-4.409052133560180664e-01
-4.407064318656921387e-01
-4.411278367042541504e-01
-4.450788199901580811e-01
-4.507815241813659668e-01
-4.569565057754516602e-01
-4.633860588073730469e-01
-4.742594957351684570e-01
-4.849398732185363770e-01
-4.954123497009277344e-01
-5.068089962005615234e-01
-5.198150873184204102e-01
-5.337601900100708008e-01
-5.513293147087097168e-01
-5.666271448135375977e-01
-5.763357877731323242e-01
-5.835076570510864258e-01
-5.896835923194885254e-01
-5.958398580551147461e-01
-5.995364189147949219e-01
-5.965777039527893066e-01
-5.929023027420043945e-01
-5.962342619895935059e-01
-6.018841266632080078e-01
-6.054278612136840820e-01
-6.065471768379211426e-01
-6.053191423416137695e-01
-6.016337871551513672e-01
-5.948774814605712891e-01
-5.878241658210754395e-01
-5.820013880729675293e-01
-5.774261951446533203e-01
-5.746884942054748535e-01
-5.853114724159240723e-01
-6.012011170387268066e-01
-6.237313747406005859e-01
-6.470233201980590820e-01
-6.698141694068908691e-01
-6.919147968292236328e-01
-7.144096493721008301e-01
-7.325490713119506836e-01
-7.466224431991577148e-01
-7.625519633293151855e-01
-7.749803662300109863e-01
-7.824642062187194824e-01
-7.885718345642089844e-01
-7.907283902168273926e-01
-7.917330861091613770e-01
-7.855862379074096680e-01
-7.775716781616210938e-01
-7.638064622879028320e-01
-7.474247813224792480e-01
-7.296687960624694824e-01
-7.092829942703247070e-01
-6.842160820960998535e-01
-6.574794650077819824e-01
-6.319676637649536133e-01
-6.060422658920288086e-01
-5.774376392364501953e-01
-5.496816635131835938e-01
-5.281955003738403320e-01
-5.057672858238220215e-01
-4.910860657691955566e-01
-4.855991601943969727e-01
-5.008046030998229980e-01
-5.162802934646606445e-01
-5.263268351554870605e-01
-5.305657386779785156e-01
-5.343407392501831055e-01
-5.383291244506835938e-01
-5.424292087554931641e-01
-5.465856790542602539e-01
-5.399958491325378418e-01
-5.206009149551391602e-01
-5.012052655220031738e-01
-4.857648015022277832e-01
-4.752371609210968018e-01
-4.703534245491027832e-01
-4.659036695957183838e-01
-4.591570794582366943e-01
-4.499428272247314453e-01
-4.394932389259338379e-01
-4.290444254875183105e-01
-4.139470160007476807e-01
-3.960315585136413574e-01
-6.293875575065612793e-01
-6.116121411323547363e-01
-5.937398672103881836e-01
-5.758407711982727051e-01
-5.579409003257751465e-01
-5.403682589530944824e-01
-5.229628086090087891e-01
-5.124269723892211914e-01
-5.041279792785644531e-01
-5.024493932723999023e-01
-5.035963654518127441e-01
-5.047435164451599121e-01
-5.058902502059936523e-01
-5.070724487304687500e-01
-5.089100003242492676e-01
-5.107477903366088867e-01
-5.129369497299194336e-01
-5.150315761566162109e-01
-5.167785286903381348e-01
-5.177960395812988281e-01
-5.186524391174316406e-01
-5.240340232849121094e-01
-5.302870273590087891e-01
-5.344567298889160156e-01
-5.325067639350891113e-01
-5.296097993850708008e-01
-5.265123844146728516e-01
-5.227787494659423828e-01
-5.185242295265197754e-01
-5.144884586334228516e-01
-5.178418159484863281e-01
-5.287107825279235840e-01
-5.402797460556030273e-01
-5.452481508255004883e-01
-5.470967292785644531e-01
-5.446117520332336426e-01
-5.345314741134643555e-01
-5.244884490966796875e-01
-5.129407048225402832e-01
-4.975903034210205078e-01
-4.825312495231628418e-01
-4.678182601928710938e-01
-4.547309875488281250e-01
-4.427625536918640137e-01
-4.385329484939575195e-01
-4.407109916210174561e-01
-4.440233409404754639e-01
-4.473359286785125732e-01
-4.508701562881469727e-01
-4.562641382217407227e-01
-4.624388813972473145e-01
-4.686138033866882324e-01
-4.767588078975677490e-01
-4.869256615638732910e-01
-4.973978400230407715e-01
-5.101978778839111328e-01
-5.243167877197265625e-01
-5.385940074920654297e-01
-5.429753661155700684e-01
-5.485977530479431152e-01
-5.556812286376953125e-01
-5.627570152282714844e-01
-5.674089193344116211e-01
-5.701298713684082031e-01
-5.659394860267639160e-01
-5.646016597747802734e-01
-5.706490278244018555e-01
-5.743534564971923828e-01
-5.764694809913635254e-01
-5.781797766685485840e-01
-5.777508616447448730e-01
-5.757986307144165039e-01
-5.714357495307922363e-01
-5.645728707313537598e-01
-5.594400763511657715e-01
-5.548906326293945312e-01
-5.604061484336853027e-01
-5.743680000305175781e-01
-5.915622115135192871e-01
-6.145181059837341309e-01
-6.378887891769409180e-01
-6.617009639739990234e-01
-6.863833069801330566e-01
-7.102600336074829102e-01
-7.312620878219604492e-01
-7.468736171722412109e-01
-7.625280022621154785e-01
-7.748391032218933105e-01
-7.827146649360656738e-01
-7.896413803100585938e-01
-7.951986789703369141e-01
-7.988228797912597656e-01
-7.948248386383056641e-01
-7.877289056777954102e-01
-7.757216691970825195e-01
-7.627401351928710938e-01
-7.483307123184204102e-01
-7.314895987510681152e-01
-7.111154794692993164e-01
-6.860051155090332031e-01
-6.598600745201110840e-01
-6.323617100715637207e-01
-6.031786203384399414e-01
-5.774321556091308594e-01
-5.559616684913635254e-01
-5.343372225761413574e-01
-5.203882455825805664e-01
-5.153813362121582031e-01
-5.182616710662841797e-01
-5.344498753547668457e-01
-5.470118522644042969e-01
-5.511683225631713867e-01
-5.553243756294250488e-01
-5.594807863235473633e-01
-5.636373758316040039e-01
-5.677936077117919922e-01
-5.609691143035888672e-01
-5.415738224983215332e-01
-5.222063064575195312e-01
-5.053645968437194824e-01
-4.961863160133361816e-01
-4.889691472053527832e-01
-4.829227924346923828e-01
-4.775221347808837891e-01
-4.694931209087371826e-01
-4.607528448104858398e-01
-4.506823420524597168e-01
-4.402328133583068848e-01
-4.230214357376098633e-01
-6.191655397415161133e-01
-6.012945771217346191e-01
-5.833948254585266113e-01
-5.656191110610961914e-01
-5.481812357902526855e-01
-5.314856171607971191e-01
-5.180881023406982422e-01
-5.095453858375549316e-01
-5.055813789367675781e-01
-5.067281723022460938e-01
-5.078749060630798340e-01
-5.090218186378479004e-01
-5.101686120033264160e-01
-5.118325352668762207e-01
-5.136700868606567383e-01
-5.154742002487182617e-01
-5.172213315963745117e-01
-5.183067917823791504e-01
-5.183981657028198242e-01
-5.183620452880859375e-01
-5.175180435180664062e-01
-5.245578289031982422e-01
-5.287277698516845703e-01
-5.286185741424560547e-01
-5.257674455642700195e-01
-5.227009057998657227e-01
-5.187960863113403320e-01
-5.145418643951416016e-01
-5.105878710746765137e-01
-5.072531700134277344e-01
-5.096479654312133789e-01
-5.209354758262634277e-01
-5.326908826828002930e-01
-5.379371643066406250e-01
-5.398527979850769043e-01
-5.359885692596435547e-01
-5.260978937149047852e-01
-5.161888599395751953e-01
-5.022048354148864746e-01
-4.869108200073242188e-01
-4.714943766593933105e-01
-4.576148986816406250e-01
-4.460246562957763672e-01
-4.367856383323669434e-01
-4.402940869331359863e-01
-4.436066150665283203e-01
-4.469189941883087158e-01
-4.502313137054443359e-01
-4.535437822341918945e-01
-4.568561017513275146e-01
-4.617466628551483154e-01
-4.679214656352996826e-01
-4.741383194923400879e-01
-4.795871973037719727e-01
-4.921332001686096191e-01
-5.070348978042602539e-01
-5.188520550727844238e-01
-5.245610475540161133e-01
-5.258798003196716309e-01
-5.250853300094604492e-01
-5.244463682174682617e-01
-5.273110866546630859e-01
-5.323382616043090820e-01
-5.365115404129028320e-01
-5.341848731040954590e-01
-5.398512482643127441e-01
-5.437307357788085938e-01
-5.454908013343811035e-01
-5.478270053863525391e-01
-5.493649840354919434e-01
-5.500842332839965820e-01
-5.492128133773803711e-01
-5.471257567405700684e-01
-5.425391197204589844e-01
-5.380095839500427246e-01
-5.386776924133300781e-01
-5.515972971916198730e-01
-5.656067132949829102e-01
-5.834416151046752930e-01
-6.063976883888244629e-01
-6.297978758811950684e-01
-6.536100506782531738e-01
-6.790846586227416992e-01
-7.052282094955444336e-01
-7.282271981239318848e-01
-7.468680739402770996e-01
-7.612480521202087402e-01
-7.736787199974060059e-01
-7.823343873023986816e-01
-7.895488739013671875e-01
-7.961530089378356934e-01
-7.998983860015869141e-01
-7.977944612503051758e-01
-7.922075986862182617e-01
-7.832021117210388184e-01
-7.720220088958740234e-01
-7.597289681434631348e-01
-7.476028800010681152e-01
-7.310658097267150879e-01
-7.096301317214965820e-01
-6.866592168807983398e-01
-6.611232757568359375e-01
-6.322163343429565430e-01
-6.074489355087280273e-01
-5.869557857513427734e-01
-5.659470558166503906e-01
-5.522032976150512695e-01
-5.474557876586914062e-01
-5.431804656982421875e-01
-5.513445138931274414e-01
-5.644450187683105469e-01
-5.719380378723144531e-01
-5.764253139495849609e-01
-5.806888341903686523e-01
-5.848456621170043945e-01
-5.890018939971923828e-01
-5.819791555404663086e-01
-5.626879334449768066e-01
-5.433965921401977539e-01
-5.256507396697998047e-01
-5.176493525505065918e-01
-5.096475481986999512e-01
-5.028842687606811523e-01
-4.968380331993103027e-01
-4.898127913475036621e-01
-4.800176620483398438e-01
-4.706120193004608154e-01
-4.613748788833618164e-01
-4.513625502586364746e-01
-6.142173409461975098e-01
-5.941977500915527344e-01
-5.745603442192077637e-01
-5.559943318367004395e-01
-5.400074720382690430e-01
-5.240486264228820801e-01
-5.149624347686767578e-01
-5.087127685546875000e-01
-5.098600387573242188e-01
-5.110067129135131836e-01
-5.121535062789916992e-01
-5.133002996444702148e-01
-5.147547721862792969e-01
-5.164424777030944824e-01
-5.177367925643920898e-01
-5.188118219375610352e-01
-5.189949274063110352e-01
-5.190008878707885742e-01
-5.179803371429443359e-01
-5.152021646499633789e-01
-5.184357762336730957e-01
-5.229986906051635742e-01
-5.247295498847961426e-01
-5.218789577484130859e-01
-5.188895463943481445e-01
-5.148134231567382812e-01
-5.114001035690307617e-01
-5.083813667297363281e-01
-5.052342414855957031e-01
-5.022696256637573242e-01
-5.041766166687011719e-01
-5.133978724479675293e-01
-5.252029895782470703e-01
-5.309630632400512695e-01
-5.330392122268676758e-01
-5.277035236358642578e-01
-5.181792974472045898e-01
-5.082421898841857910e-01
-4.919091463088989258e-01
-4.763094782829284668e-01
-4.614287614822387695e-01
-4.500343799591064453e-01
-4.411428272724151611e-01
-4.404085278511047363e-01
-4.440709054470062256e-01
-4.474329948425292969e-01
-4.507947564125061035e-01
-4.541566967964172363e-01
-4.575185179710388184e-01
-4.608806371688842773e-01
-4.642424285411834717e-01
-4.684571325778961182e-01
-4.746811985969543457e-01
-4.830317497253417969e-01
-4.927887916564941406e-01
-5.023791790008544922e-01
-5.106943845748901367e-01
-5.090324282646179199e-01
-5.047523975372314453e-01
-5.008881688117980957e-01
-5.000752806663513184e-01
-4.994167685508728027e-01
-4.996812939643859863e-01
-5.039889216423034668e-01
-5.080018043518066406e-01
-5.125001668930053711e-01
-5.150801539421081543e-01
-5.172868371009826660e-01
-5.188246965408325195e-01
-5.203626155853271484e-01
-5.218391418457031250e-01
-5.223406553268432617e-01
-5.209769606590270996e-01
-5.194110274314880371e-01
-5.201911926269531250e-01
-5.288468003273010254e-01
-5.428563952445983887e-01
-5.569592714309692383e-01
-5.756358504295349121e-01
-5.982769727706909180e-01
-6.217069029808044434e-01
-6.455188989639282227e-01
-6.710460186004638672e-01
-6.977323293685913086e-01
-7.229970693588256836e-01
-7.437161207199096680e-01
-7.594174742698669434e-01
-7.719675898551940918e-01
-7.811739444732666016e-01
-7.894704341888427734e-01
-7.961755394935607910e-01
-8.010516762733459473e-01
-7.996203899383544922e-01
-7.932431101799011230e-01
-7.863384485244750977e-01
-7.790504097938537598e-01
-7.705937623977661133e-01
-7.588341832160949707e-01
-7.451761960983276367e-01
-7.284601926803588867e-01
-7.079666852951049805e-01
-6.850366592407226562e-01
-6.584280729293823242e-01
-6.386001706123352051e-01
-6.178137063980102539e-01
-5.965445041656494141e-01
-5.851318836212158203e-01
-5.798518657684326172e-01
-5.735820531845092773e-01
-5.677192211151123047e-01
-5.805590152740478516e-01
-5.922691822052001953e-01
-5.967565178871154785e-01
-6.012437939643859863e-01
-6.057776212692260742e-01
-6.103605031967163086e-01
-6.031697988510131836e-01
-5.838789939880371094e-01
-5.646291971206665039e-01
-5.476740002632141113e-01
-5.391120314598083496e-01
-5.311108231544494629e-01
-5.238168239593505859e-01
-5.167992711067199707e-01
-5.107532143592834473e-01
-5.022750496864318848e-01
-4.922434091567993164e-01
-4.815487265586853027e-01
-4.716078341007232666e-01
-6.142302751541137695e-01
-5.946725010871887207e-01
-5.758342742919921875e-01
-5.578055977821350098e-01
-5.397755503654479980e-01
-5.256874561309814453e-01
-5.155836939811706543e-01
-5.139840245246887207e-01
-5.144730806350708008e-01
-5.156697034835815430e-01
-5.168660879135131836e-01
-5.180330276489257812e-01
-5.193774700164794922e-01
-5.201847553253173828e-01
-5.202236771583557129e-01
-5.202789902687072754e-01
-5.203338861465454102e-01
-5.184736251831054688e-01
-5.149881839752197266e-01
-5.129216909408569336e-01
-5.181983709335327148e-01
-5.218193531036376953e-01
-5.190182924270629883e-01
-5.162711143493652344e-01
-5.129170417785644531e-01
-5.105482339859008789e-01
-5.076634883880615234e-01
-5.045161843299865723e-01
-5.013689994812011719e-01
-4.983823299407958984e-01
-4.999428987503051758e-01
-5.068575143814086914e-01
-5.188012719154357910e-01
-5.252149701118469238e-01
-5.272716283798217773e-01
-5.202163457870483398e-01
-5.106920599937438965e-01
-4.985890388488769531e-01
-4.819090366363525391e-01
-4.668390750885009766e-01
-4.555308222770690918e-01
-4.473623037338256836e-01
-4.407597780227661133e-01
-4.444350004196166992e-01
-4.481104016304016113e-01
-4.515638351440429688e-01
-4.549255371093750000e-01
-4.582875967025756836e-01
-4.616495370864868164e-01
-4.650112986564636230e-01
-4.674976170063018799e-01
-4.687539935111999512e-01
-4.724879860877990723e-01
-4.819704890251159668e-01
-4.909672737121582031e-01
-4.980539679527282715e-01
-4.961735010147094727e-01
-4.910532236099243164e-01
-4.865218400955200195e-01
-4.822419285774230957e-01
-4.788419604301452637e-01
-4.768671989440917969e-01
-4.769576191902160645e-01
-4.771794676780700684e-01
-4.800332784652709961e-01
-4.825235009193420410e-01
-4.855898022651672363e-01
-4.880494475364685059e-01
-4.898226261138916016e-01
-4.913606047630310059e-01
-4.928986430168151855e-01
-4.942173957824707031e-01
-4.947308301925659180e-01
-4.968981742858886719e-01
-5.080927014350891113e-01
-5.201060175895690918e-01
-5.341155529022216797e-01
-5.483295917510986328e-01
-5.685262680053710938e-01
-5.901564359664916992e-01
-6.136158108711242676e-01
-6.372997164726257324e-01
-6.624221205711364746e-01
-6.889466643333435059e-01
-7.154713869094848633e-01
-7.401274442672729492e-01
-7.591454982757568359e-01
-7.713006138801574707e-01
-7.822581529617309570e-01
-7.915675640106201172e-01
-7.986948490142822266e-01
-8.040509223937988281e-01
-8.018392324447631836e-01
-7.950562238693237305e-01
-7.882732152938842773e-01
-7.814903855323791504e-01
-7.747073173522949219e-01
-7.666721940040588379e-01
-7.560824751853942871e-01
-7.398805618286132812e-01
-7.231643199920654297e-01
-7.044331431388854980e-01
-6.812250614166259766e-01
-6.613537073135375977e-01
-6.433467268943786621e-01
-6.240902543067932129e-01
-6.145880222320556641e-01
-6.107414364814758301e-01
-6.036759614944458008e-01
-5.956355333328247070e-01
-5.966725945472717285e-01
-6.097729206085205078e-01
-6.171428561210632324e-01
-6.217346191406250000e-01
-6.263262629508972168e-01
-6.309181451797485352e-01
-6.236988306045532227e-01
-6.048640012741088867e-01
-5.871895551681518555e-01
-5.706416964530944824e-01
-5.605744123458862305e-01
-5.525732040405273438e-01
-5.445718765258789062e-01
-5.372829437255859375e-01
-5.307141542434692383e-01
-5.246676206588745117e-01
-5.147375464439392090e-01
-5.045062303543090820e-01
-4.938113689422607422e-01
-6.159588694572448730e-01
-5.978417992591857910e-01
-5.798127055168151855e-01
-5.617831349372863770e-01
-5.448335409164428711e-01
-5.344856381416320801e-01
-5.306005477905273438e-01
-5.296769142150878906e-01
-5.287531614303588867e-01
-5.277237296104431152e-01
-5.262566804885864258e-01
-5.248961448669433594e-01
-5.227406024932861328e-01
-5.220577716827392578e-01
-5.220673084259033203e-01
-5.221219062805175781e-01
-5.193721055984497070e-01
-5.158257484436035156e-01
-5.130634307861328125e-01
-5.136553645133972168e-01
-5.178747177124023438e-01
-5.165499448776245117e-01
-5.144498944282531738e-01
-5.121846795082092285e-01
-5.099385976791381836e-01
-5.069454908370971680e-01
-5.037984848022460938e-01
-5.006512403488159180e-01
-4.975041747093200684e-01
-4.944951534271240234e-01
-4.958186149597167969e-01
-5.006159543991088867e-01
-5.126104354858398438e-01
-5.194916725158691406e-01
-5.215041637420654297e-01
-5.127288699150085449e-01
-5.029888749122619629e-01
-4.881861805915832520e-01
-4.724504351615905762e-01
-4.618062973022460938e-01
-4.535821676254272461e-01
-4.454137384891510010e-01
-4.447859823703765869e-01
-4.484615921974182129e-01
-4.521367549896240234e-01
-4.556944370269775391e-01
-4.583967030048370361e-01
-4.596530795097351074e-01
-4.609093368053436279e-01
-4.621654748916625977e-01
-4.634218215942382812e-01
-4.664216339588165283e-01
-4.732742011547088623e-01
-4.803490638732910156e-01
-4.890312552452087402e-01
-4.946819543838500977e-01
-4.867401123046875000e-01
-4.772177934646606445e-01
-4.695060849189758301e-01
-4.657863378524780273e-01
-4.622905850410461426e-01
-4.589141607284545898e-01
-4.554587304592132568e-01
-4.576251506805419922e-01
-4.600507020950317383e-01
-4.577087163925170898e-01
-4.551000595092773438e-01
-4.579235017299652100e-01
-4.604879021644592285e-01
-4.623586237430572510e-01
-4.638964831829071045e-01
-4.654344916343688965e-01
-4.684124290943145752e-01
-4.810844659805297852e-01
-4.952192902565002441e-01
-5.117162466049194336e-01
-5.265941023826599121e-01
-5.417477488517761230e-01
-5.633984804153442383e-01
-5.848190784454345703e-01
-6.072295904159545898e-01
-6.306135654449462891e-01
-6.558165550231933594e-01
-6.823409795761108398e-01
-7.088656425476074219e-01
-7.353901863098144531e-01
-7.585781812667846680e-01
-7.711164951324462891e-01
-7.826172113418579102e-01
-7.923818230628967285e-01
-8.005744218826293945e-01
-8.060408234596252441e-01
-8.036522865295410156e-01
-7.968692779541015625e-01
-7.900862097740173340e-01
-7.833034992218017578e-01
-7.765203118324279785e-01
-7.697373628616333008e-01
-7.608052492141723633e-01
-7.477304339408874512e-01
-7.332808971405029297e-01
-7.172718048095703125e-01
-7.006057500839233398e-01
-6.837468147277832031e-01
-6.643738746643066406e-01
-6.457114815711975098e-01
-6.378620862960815430e-01
-6.337248086929321289e-01
-6.294803619384765625e-01
-6.233361959457397461e-01
-6.164836883544921875e-01
-6.250119209289550781e-01
-6.372934579849243164e-01
-6.422572135925292969e-01
-6.468750834465026855e-01
-6.514669656753540039e-01
-6.438723802566528320e-01
-6.256222128868103027e-01
-6.094052195549011230e-01
-5.931890010833740234e-01
-5.819478034973144531e-01
-5.740362405776977539e-01
-5.660348534584045410e-01
-5.589386224746704102e-01
-5.507084727287292480e-01
-5.446290373802185059e-01
-5.371915698051452637e-01
-5.271997451782226562e-01
-5.167685747146606445e-01
-6.231948733329772949e-01
-6.041381955146789551e-01
-5.850815176963806152e-01
-5.660247206687927246e-01
-5.533878803253173828e-01
-5.472165346145629883e-01
-5.462928414344787598e-01
-5.452859997749328613e-01
-5.438191890716552734e-01
-5.419406890869140625e-01
-5.395570993423461914e-01
-5.370398163795471191e-01
-5.345225334167480469e-01
-5.321996212005615234e-01
-5.300410389900207520e-01
-5.243747234344482422e-01
-5.187079906463623047e-01
-5.132051706314086914e-01
-5.106284022331237793e-01
-5.136840939521789551e-01
-5.149064064025878906e-01
-5.137285590171813965e-01
-5.115748643875122070e-01
-5.093291401863098145e-01
-5.062277317047119141e-01
-5.030806660652160645e-01
-4.999332427978515625e-01
-4.967859983444213867e-01
-4.937191605567932129e-01
-4.908773303031921387e-01
-4.919334053993225098e-01
-4.957868456840515137e-01
-5.064189434051513672e-01
-5.137822628021240234e-01
-5.147662162780761719e-01
-5.051291584968566895e-01
-4.946199655532836914e-01
-4.800069332122802734e-01
-4.682512879371643066e-01
-4.593087136745452881e-01
-4.514575004577636719e-01
-4.453535974025726318e-01
-4.483686983585357666e-01
-4.499388337135314941e-01
-4.515085518360137939e-01
-4.530647993087768555e-01
-4.543208181858062744e-01
-4.555773138999938965e-01
-4.568332731723785400e-01
-4.580896496772766113e-01
-4.607014656066894531e-01
-4.675672650337219238e-01
-4.746420979499816895e-01
-4.817169308662414551e-01
-4.875307679176330566e-01
-4.857330322265625000e-01
-4.773264527320861816e-01
-4.687072932720184326e-01
-4.600882232189178467e-01
-4.514693021774291992e-01
-4.460693001747131348e-01
-4.422540068626403809e-01
-4.370532929897308350e-01
-4.401808381080627441e-01
-4.402631521224975586e-01
-4.370570778846740723e-01
-4.349506497383117676e-01
-4.330045580863952637e-01
-4.310867488384246826e-01
-4.345103800296783447e-01
-4.368597567081451416e-01
-4.394527077674865723e-01
-4.514106214046478271e-01
-4.682559072971343994e-01
-4.837892055511474609e-01
-5.035789012908935547e-01
-5.208714008331298828e-01
-5.374600291252136230e-01
-5.583013892173767090e-01
-5.791426301002502441e-01
-6.005717515945434570e-01
-6.239559054374694824e-01
-6.492107510566711426e-01
-6.757352948188781738e-01
-7.022597193717956543e-01
-7.287843227386474609e-01
-7.545217275619506836e-01
-7.705392241477966309e-01
-7.826048135757446289e-01
-7.931960225105285645e-01
-8.016132116317749023e-01
-8.075833916664123535e-01
-8.040186166763305664e-01
-7.982398271560668945e-01
-7.917778491973876953e-01
-7.851163148880004883e-01
-7.783333063125610352e-01
-7.715501785278320312e-01
-7.634611725807189941e-01
-7.514493465423583984e-01
-7.387946844100952148e-01
-7.248992919921875000e-01
-7.126437425613403320e-01
-7.001594305038452148e-01
-6.851130127906799316e-01
-6.666723489761352539e-01
-6.548447608947753906e-01
-6.528025865554809570e-01
-6.509965658187866211e-01
-6.464220285415649414e-01
-6.418436765670776367e-01
-6.391574144363403320e-01
-6.524237394332885742e-01
-6.598739624023437500e-01
-6.651622056961059570e-01
-6.704500913619995117e-01
-6.632590293884277344e-01
-6.474028229713439941e-01
-6.314960122108459473e-01
-6.152793765068054199e-01
-6.025336980819702148e-01
-5.948630571365356445e-01
-5.871929526329040527e-01
-5.796601772308349609e-01
-5.728726983070373535e-01
-5.645897984504699707e-01
-5.585439205169677734e-01
-5.496534109115600586e-01
-5.396617650985717773e-01
-6.335039734840393066e-01
-6.144472360610961914e-01
-5.953907966613769531e-01
-5.788850188255310059e-01
-5.694013237953186035e-01
-5.673893690109252930e-01
-5.648950934410095215e-01
-5.620519518852233887e-01
-5.583618283271789551e-01
-5.542886257171630859e-01
-5.513395667076110840e-01
-5.488219261169433594e-01
-5.463048219680786133e-01
-5.432387590408325195e-01
-5.375720262527465820e-01
-5.319055914878845215e-01
-5.262390375137329102e-01
-5.217939615249633789e-01
-5.182322263717651367e-01
-5.201934576034545898e-01
-5.167241096496582031e-01
-5.125280022621154785e-01
-5.086569786071777344e-01
-5.055098533630371094e-01
-5.023626089096069336e-01
-4.992154836654663086e-01
-4.961194396018981934e-01
-4.931612014770507812e-01
-4.902029037475585938e-01
-4.874317646026611328e-01
-4.880489110946655273e-01
-4.919022321701049805e-01
-5.002326965332031250e-01
-5.080727934837341309e-01
-5.075676441192626953e-01
-4.981908798217773438e-01
-4.883407950401306152e-01
-4.757442772388458252e-01
-4.651903212070465088e-01
-4.545857906341552734e-01
-4.446291923522949219e-01
-4.423195123672485352e-01
-4.441887140274047852e-01
-4.457583725452423096e-01
-4.473282694816589355e-01
-4.488980174064636230e-01
-4.502450227737426758e-01
-4.515013396739959717e-01
-4.527577161788940430e-01
-4.549813568592071533e-01
-4.618605077266693115e-01
-4.689354300498962402e-01
-4.760101139545440674e-01
-4.830852746963500977e-01
-4.876495003700256348e-01
-4.789437055587768555e-01
-4.689673185348510742e-01
-4.603980779647827148e-01
-4.521527886390686035e-01
-4.439149498939514160e-01
-4.355386197566986084e-01
-4.248228371143341064e-01
-4.241435527801513672e-01
-4.273391664028167725e-01
-4.276875853538513184e-01
-4.223489165306091309e-01
-4.176828861236572266e-01
-4.155911505222320557e-01
-4.135029911994934082e-01
-4.115851521492004395e-01
-4.103793501853942871e-01
-4.211851656436920166e-01
-4.372533261775970459e-01
-4.548502862453460693e-01
-4.730528593063354492e-01
-4.935517311096191406e-01
-5.121421217918395996e-01
-5.317835211753845215e-01
-5.526249408721923828e-01
-5.734661817550659180e-01
-5.948995947837829590e-01
-6.172979474067687988e-01
-6.426050662994384766e-01
-6.691294908523559570e-01
-6.956541538238525391e-01
-7.221786379814147949e-01
-7.486817836761474609e-01
-7.673379182815551758e-01
-7.822390794754028320e-01
-7.929934263229370117e-01
-8.024277687072753906e-01
-8.088156580924987793e-01
-8.040575981140136719e-01
-7.992463111877441406e-01
-7.928249239921569824e-01
-7.863630056381225586e-01
-7.799010276794433594e-01
-7.733634710311889648e-01
-7.654209733009338379e-01
-7.538334727287292480e-01
-7.420933842658996582e-01
-7.320933938026428223e-01
-7.208952307701110840e-01
-7.089164853096008301e-01
-6.964265108108520508e-01
-6.810284256935119629e-01
-6.744599938392639160e-01
-6.702113151550292969e-01
-6.677622795104980469e-01
-6.659559011459350586e-01
-6.636703014373779297e-01
-6.583666801452636719e-01
-6.642143726348876953e-01
-6.779246330261230469e-01
-6.826814413070678711e-01
-6.876919269561767578e-01
-6.812988519668579102e-01
-6.663239002227783203e-01
-6.508038043975830078e-01
-6.352838277816772461e-01
-6.217290759086608887e-01
-6.147555112838745117e-01
-6.075572371482849121e-01
-6.001088023185729980e-01
-5.935419797897338867e-01
-5.861110687255859375e-01
-5.785054564476013184e-01
-5.721074938774108887e-01
-5.621156692504882812e-01
-6.438128948211669922e-01
-6.247559785842895508e-01
-6.056993007659912109e-01
-5.941494703292846680e-01
-5.908436775207519531e-01
-5.880622267723083496e-01
-5.844639539718627930e-01
-5.802286863327026367e-01
-5.759935379028320312e-01
-5.724016427993774414e-01
-5.688570737838745117e-01
-5.653123855590820312e-01
-5.601171255111694336e-01
-5.534231662750244141e-01
-5.467296838760375977e-01
-5.406255722045898438e-01
-5.355200767517089844e-01
-5.310857295989990234e-01
-5.319769978523254395e-01
-5.283365249633789062e-01
-5.242172479629516602e-01
-5.196801424026489258e-01
-5.144129991531372070e-01
-5.091454982757568359e-01
-5.039002895355224609e-01
-4.988219141960144043e-01
-4.937434196472167969e-01
-4.896452426910400391e-01
-4.866871833801269531e-01
-4.841374158859252930e-01
-4.841638803482055664e-01
-4.880173206329345703e-01
-4.942049980163574219e-01
-5.030534267425537109e-01
-5.021469593048095703e-01
-4.935069084167480469e-01
-4.797036647796630859e-01
-4.657168090343475342e-01
-4.543953537940979004e-01
-4.439896643161773682e-01
-4.362672567367553711e-01
-4.376983642578125000e-01
-4.395853281021118164e-01
-4.414725303649902344e-01
-4.431478977203369141e-01
-4.447177350521087646e-01
-4.461692571640014648e-01
-4.474253952503204346e-01
-4.492689073085784912e-01
-4.561804533004760742e-01
-4.636360108852386475e-01
-4.710921943187713623e-01
-4.789183139801025391e-01
-4.864859580993652344e-01
-4.842127561569213867e-01
-4.762856066226959229e-01
-4.660773873329162598e-01
-4.550653696060180664e-01
-4.468275308609008789e-01
-4.384214580059051514e-01
-4.271323084831237793e-01
-4.166668951511383057e-01
-4.148549437522888184e-01
-4.146638512611389160e-01
-4.156243801116943359e-01
-4.110291004180908203e-01
-4.054702520370483398e-01
-3.999115824699401855e-01
-3.962317407131195068e-01
-3.941399753093719482e-01
-3.988230824470520020e-01
-4.094934165477752686e-01
-4.230037629604339600e-01
-4.405172765254974365e-01
-4.604149758815765381e-01
-4.817826747894287109e-01
-5.009663701057434082e-01
-5.244885087013244629e-01
-5.469482541084289551e-01
-5.677895545959472656e-01
-5.892526507377624512e-01
-6.109501123428344727e-01
-6.359993219375610352e-01
-6.625238656997680664e-01
-6.890482902526855469e-01
-7.155727744102478027e-01
-7.415827512741088867e-01
-7.617001533508300781e-01
-7.792779207229614258e-01
-7.926880121231079102e-01
-8.030760884284973145e-01
-8.079156279563903809e-01
-8.040964007377624512e-01
-7.992852330207824707e-01
-7.938719391822814941e-01
-7.874100208282470703e-01
-7.809482216835021973e-01
-7.744860649108886719e-01
-7.670115232467651367e-01
-7.557449340820312500e-01
-7.442052364349365234e-01
-7.376441955566406250e-01
-7.276680469512939453e-01
-7.168040871620178223e-01
-7.018302083015441895e-01
-6.869825124740600586e-01
-6.839420795440673828e-01
-6.860086917877197266e-01
-6.861075758934020996e-01
-6.827520728111267090e-01
-6.809458732604980469e-01
-6.784260272979736328e-01
-6.756149530410766602e-01
-6.879749894142150879e-01
-6.983097791671752930e-01
-7.058272361755371094e-01
-7.000108957290649414e-01
-6.849966645240783691e-01
-6.695874929428100586e-01
-6.540674567222595215e-01
-6.390125751495361328e-01
-6.320339441299438477e-01
-6.250600218772888184e-01
-6.180865168571472168e-01
-6.114744544029235840e-01
-6.061809659004211426e-01
-5.984716415405273438e-01
-5.918836593627929688e-01
-5.844982862472534180e-01
-6.541217565536499023e-01
-6.350485682487487793e-01
-6.198893189430236816e-01
-6.140730381011962891e-01
-6.105666756629943848e-01
-6.063312888145446777e-01
-6.020953059196472168e-01
-5.978603363037109375e-01
-5.940597057342529297e-01
-5.905146598815917969e-01
-5.869703292846679688e-01
-5.806729793548583984e-01
-5.739791393280029297e-01
-5.679935216903686523e-01
-5.625701546669006348e-01
-5.578349828720092773e-01
-5.524039268493652344e-01
-5.470523834228515625e-01
-5.437972545623779297e-01
-5.386507511138916016e-01
-5.330551862716674805e-01
-5.267604589462280273e-01
-5.207264423370361328e-01
-5.156412124633789062e-01
-5.105631351470947266e-01
-5.054847598075866699e-01
-5.004063844680786133e-01
-4.953283071517944336e-01
-4.902501106262207031e-01
-4.858019351959228516e-01
-4.830669164657592773e-01
-4.834967851638793945e-01
-4.856429100036621094e-01
-4.951576590538024902e-01
-4.917595386505126953e-01
-4.817302823066711426e-01
-4.675251841545104980e-01
-4.546976685523986816e-01
-4.436005353927612305e-01
-4.333933889865875244e-01
-4.311901926994323730e-01
-4.330870509147644043e-01
-4.353553354740142822e-01
-4.376235008239746094e-01
-4.398919939994812012e-01
-4.420723617076873779e-01
-4.440096020698547363e-01
-4.460590183734893799e-01
-4.531258344650268555e-01
-4.605820775032043457e-01
-4.682804048061370850e-01
-4.766398668289184570e-01
-4.849995374679565430e-01
-4.892804622650146484e-01
-4.818769693374633789e-01
-4.742435812950134277e-01
-4.643400609493255615e-01
-4.532396793365478516e-01
-4.419413506984710693e-01
-4.299225211143493652e-01
-4.173129796981811523e-01
-4.127952456474304199e-01
-4.099630415439605713e-01
-4.071306586265563965e-01
-4.043854773044586182e-01
-3.999854326248168945e-01
-3.941503167152404785e-01
-3.885916173458099365e-01
-3.830328583717346191e-01
-3.826554417610168457e-01
-3.918050825595855713e-01
-4.031159579753875732e-01
-4.158419370651245117e-01
-4.283785820007324219e-01
-4.464412629604339600e-01
-4.685841798782348633e-01
-4.896434545516967773e-01
-5.153365731239318848e-01
-5.401244163513183594e-01
-5.621131658554077148e-01
-5.836058259010314941e-01
-6.053033471107482910e-01
-6.293937563896179199e-01
-6.559181213378906250e-01
-6.824425458908081055e-01
-7.089672088623046875e-01
-7.344839572906494141e-01
-7.552547454833984375e-01
-7.735170722007751465e-01
-7.902411818504333496e-01
-8.027708530426025391e-01
-8.070155382156372070e-01
-8.038045167922973633e-01
-7.993242740631103516e-01
-7.945129871368408203e-01
-7.884570956230163574e-01
-7.819950580596923828e-01
-7.755332589149475098e-01
-7.682054638862609863e-01
-7.569386959075927734e-01
-7.459923028945922852e-01
-7.418035268783569336e-01
-7.333871126174926758e-01
-7.205100059509277344e-01
-7.070102691650390625e-01
-6.927591562271118164e-01
-6.900238990783691406e-01
-6.928330659866333008e-01
-6.956419348716735840e-01
-6.973694562911987305e-01
-6.977421045303344727e-01
-6.956257224082946777e-01
-6.927493810653686523e-01
-6.947631835937500000e-01
-7.101747989654541016e-01
-7.197411060333251953e-01
-7.166611552238464355e-01
-7.037807106971740723e-01
-6.883711218833923340e-01
-6.728512048721313477e-01
-6.573306322097778320e-01
-6.493124365806579590e-01
-6.423385739326477051e-01
-6.353645920753479004e-01
-6.283908486366271973e-01
-6.227180957794189453e-01
-6.164518594741821289e-01
-6.087407469749450684e-01
-6.029532551765441895e-01
-6.638939380645751953e-01
-6.454668045043945312e-01
-6.366689801216125488e-01
-6.324335336685180664e-01
-6.281976103782653809e-01
-6.239627599716186523e-01
-6.197272539138793945e-01
-6.157175898551940918e-01
-6.121730804443359375e-01
-6.085004806518554688e-01
-6.014322042465209961e-01
-5.953621268272399902e-01
-5.900483131408691406e-01
-5.853133201599121094e-01
-5.805783271789550781e-01
-5.752173662185668945e-01
-5.686580538749694824e-01
-5.627681016921997070e-01
-5.576217174530029297e-01
-5.519946813583374023e-01
-5.457001924514770508e-01
-5.395585298538208008e-01
-5.334532260894775391e-01
-5.273475646972656250e-01
-5.212420225143432617e-01
-5.151365995407104492e-01
-5.090311765670776367e-01
-5.012406110763549805e-01
-4.931224584579467773e-01
-4.870749115943908691e-01
-4.823433160781860352e-01
-4.848200082778930664e-01
-4.875168800354003906e-01
-4.928702116012573242e-01
-4.861881732940673828e-01
-4.727793931961059570e-01
-4.575724601745605469e-01
-4.452176094055175781e-01
-4.347060918807983398e-01
-4.276585280895233154e-01
-4.292315244674682617e-01
-4.314997196197509766e-01
-4.337678849697113037e-01
-4.360364079475402832e-01
-4.383046329021453857e-01
-4.405729770660400391e-01
-4.430780112743377686e-01
-4.500718116760253906e-01
-4.576427638530731201e-01
-4.660020768642425537e-01
-4.743618369102478027e-01
-4.827213287353515625e-01
-4.895968437194824219e-01
-4.871742725372314453e-01
-4.795410037040710449e-01
-4.719075262546539307e-01
-4.626022875308990479e-01
-4.512743353843688965e-01
-4.369374513626098633e-01
-4.214656352996826172e-01
-4.107356667518615723e-01
-4.079034626483917236e-01
-4.050711989402770996e-01
-4.025781154632568359e-01
-4.006379246711730957e-01
-3.920559287071228027e-01
-3.833176791667938232e-01
-3.774157166481018066e-01
-3.759919106960296631e-01
-3.811396360397338867e-01
-3.876208066940307617e-01
-3.959408402442932129e-01
-4.087171256542205811e-01
-4.221183061599731445e-01
-4.404539465904235840e-01
-4.583982825279235840e-01
-4.779837727546691895e-01
-5.055336356163024902e-01
-5.314759612083435059e-01
-5.557602047920227051e-01
-5.779588222503662109e-01
-5.996564626693725586e-01
-6.234335899353027344e-01
-6.493123769760131836e-01
-6.758369207382202148e-01
-7.023615837097167969e-01
-7.273852825164794922e-01
-7.481559514999389648e-01
-7.675403356552124023e-01
-7.859437465667724609e-01
-8.009285926818847656e-01
-8.056808114051818848e-01
-8.029042482376098633e-01
-7.993631362915039062e-01
-7.945519089698791504e-01
-7.895039319992065430e-01
-7.830421924591064453e-01
-7.765802741050720215e-01
-7.693990468978881836e-01
-7.581394910812377930e-01
-7.496685981750488281e-01
-7.455837130546569824e-01
-7.351176142692565918e-01
-7.230064272880554199e-01
-7.104668021202087402e-01
-6.978361606597900391e-01
-6.961055994033813477e-01
-6.989145278930664062e-01
-7.017239332199096680e-01
-7.045326828956604004e-01
-7.068645358085632324e-01
-7.089121341705322266e-01
-7.095720171928405762e-01
-7.070840001106262207e-01
-7.172333002090454102e-01
-7.319527864456176758e-01
-7.295644283294677734e-01
-7.171950340270996094e-01
-7.046418786048889160e-01
-6.911901235580444336e-01
-6.761144995689392090e-01
-6.665911674499511719e-01
-6.596174240112304688e-01
-6.526436805725097656e-01
-6.456697583198547363e-01
-6.392555236816406250e-01
-6.339625716209411621e-01
-6.267209649085998535e-01
-6.190099120140075684e-01
-6.723240613937377930e-01
-6.585357785224914551e-01
-6.543003916740417480e-01
-6.500648856163024902e-01
-6.458293795585632324e-01
-6.415938735008239746e-01
-6.373751163482666016e-01
-6.338309645652770996e-01
-6.294479370117187500e-01
-6.231456398963928223e-01
-6.175267100334167480e-01
-6.127916574478149414e-01
-6.080564856529235840e-01
-6.033216714859008789e-01
-5.985306501388549805e-01
-5.913968682289123535e-01
-5.819647312164306641e-01
-5.765922665596008301e-01
-5.709338784217834473e-01
-5.647630691528320312e-01
-5.586575269699096680e-01
-5.525519847869873047e-01
-5.464466214179992676e-01
-5.388724803924560547e-01
-5.306612253189086914e-01
-5.224701166152954102e-01
-5.145968794822692871e-01
-5.067971348762512207e-01
-4.997477531433105469e-01
-4.944278001785278320e-01
-4.914895296096801758e-01
-4.935402870178222656e-01
-4.955910444259643555e-01
-4.981071352958679199e-01
-4.895691275596618652e-01
-4.739644825458526611e-01
-4.597661495208740234e-01
-4.458127617835998535e-01
-4.333271384239196777e-01
-4.294917583465576172e-01
-4.296399354934692383e-01
-4.299127459526062012e-01
-4.321809411048889160e-01
-4.344492554664611816e-01
-4.367176294326782227e-01
-4.390639662742614746e-01
-4.463459849357604980e-01
-4.552052021026611328e-01
-4.637240469455718994e-01
-4.720835685729980469e-01
-4.804432392120361328e-01
-4.887873530387878418e-01
-4.913936257362365723e-01
-4.848383069038391113e-01
-4.772050976753234863e-01
-4.695719480514526367e-01
-4.606072306632995605e-01
-4.461774826049804688e-01
-4.307058751583099365e-01
-4.154734611511230469e-01
-4.079318046569824219e-01
-4.030115604400634766e-01
-4.001794457435607910e-01
-3.981728255748748779e-01
-3.962327241897583008e-01
-3.889282941818237305e-01
-3.781267106533050537e-01
-3.706831932067871094e-01
-3.730420768260955811e-01
-3.791607618331909180e-01
-3.859574198722839355e-01
-3.944467604160308838e-01
-4.037560820579528809e-01
-4.166897237300872803e-01
-4.353648424148559570e-01
-4.535064995288848877e-01
-4.745348989963531494e-01
-4.975880384445190430e-01
-5.216732025146484375e-01
-5.476158857345581055e-01
-5.721064805984497070e-01
-5.940095186233520508e-01
-6.178389191627502441e-01
-6.427066326141357422e-01
-6.692311167716979980e-01
-6.957557797431945801e-01
-7.202863097190856934e-01
-7.408382892608642578e-01
-7.606679201126098633e-01
-7.794424295425415039e-01
-7.961553931236267090e-01
-8.021938204765319824e-01
-8.020044565200805664e-01
-7.987933754920959473e-01
-7.945908904075622559e-01
-7.897797822952270508e-01
-7.840889096260070801e-01
-7.776433229446411133e-01
-7.707132101058959961e-01
-7.595508098602294922e-01
-7.534519433975219727e-01
-7.471433281898498535e-01
-7.364690899848937988e-01
-7.243574857711791992e-01
-7.122459411621093750e-01
-7.012721300125122070e-01
-7.008424401283264160e-01
-7.049963474273681641e-01
-7.078053951263427734e-01
-7.106148004531860352e-01
-7.134238481521606445e-01
-7.162327766418457031e-01
-7.180553078651428223e-01
-7.209120988845825195e-01
-7.228183150291442871e-01
-7.412477731704711914e-01
-7.392371892929077148e-01
-7.286874055862426758e-01
-7.176852226257324219e-01
-7.047405838966369629e-01
-6.917963027954101562e-01
-6.828400492668151855e-01
-6.768958568572998047e-01
-6.699216961860656738e-01
-6.629481315612792969e-01
-6.559744477272033691e-01
-6.504995226860046387e-01
-6.447017788887023926e-01
-6.369904279708862305e-01
-6.813513040542602539e-01
-6.761671900749206543e-01
-6.719323396682739258e-01
-6.676965951919555664e-01
-6.634609699249267578e-01
-6.592253446578979492e-01
-6.557084918022155762e-01
-6.511789560317993164e-01
-6.456325650215148926e-01
-6.404449343681335449e-01
-6.355345845222473145e-01
-6.307994723320007324e-01
-6.260648369789123535e-01
-6.213295459747314453e-01
-6.140719652175903320e-01
-6.063004136085510254e-01
-5.955625772476196289e-01
-5.899333953857421875e-01
-5.842040181159973145e-01
-5.772274732589721680e-01
-5.693971514701843262e-01
-5.615673661231994629e-01
-5.537375807762145996e-01
-5.459080934524536133e-01
-5.380780696868896484e-01
-5.302480459213256836e-01
-5.228416919708251953e-01
-5.156602859497070312e-01
-5.115308761596679688e-01
-5.083132386207580566e-01
-5.047140121459960938e-01
-5.062041282653808594e-01
-5.082549452781677246e-01
-5.092797875404357910e-01
-4.972524642944335938e-01
-4.815368652343750000e-01
-4.663110077381134033e-01
-4.515550434589385986e-01
-4.411665499210357666e-01
-4.393530786037445068e-01
-4.384742379188537598e-01
-4.383798241615295410e-01
-4.385281205177307129e-01
-4.386763274669647217e-01
-4.388244748115539551e-01
-4.444530904293060303e-01
-4.518692493438720703e-01
-4.608455896377563477e-01
-4.695224761962890625e-01
-4.781647920608520508e-01
-4.865243434906005859e-01
-4.920757412910461426e-01
-4.893287420272827148e-01
-4.825024604797363281e-01
-4.748691916465759277e-01
-4.669483900070190430e-01
-4.550647139549255371e-01
-4.399459660053253174e-01
-4.244742393493652344e-01
-4.123222231864929199e-01
-4.066275954246520996e-01
-4.009329080581665039e-01
-3.959771096706390381e-01
-3.937674164772033691e-01
-3.918272256851196289e-01
-3.856968879699707031e-01
-3.767661154270172119e-01
-3.740050792694091797e-01
-3.750201761722564697e-01
-3.777245879173278809e-01
-3.845164179801940918e-01
-3.933368921279907227e-01
-4.026463627815246582e-01
-4.158385097980499268e-01
-4.310467839241027832e-01
-4.486779868602752686e-01
-4.710961878299713135e-01
-4.958881735801696777e-01
-5.193462967872619629e-01
-5.402458906173706055e-01
-5.643857717514038086e-01
-5.883626341819763184e-01
-6.122442483901977539e-01
-6.370819807052612305e-01
-6.626254320144653320e-01
-6.891499757766723633e-01
-7.131876349449157715e-01
-7.334463596343994141e-01
-7.532761096954345703e-01
-7.727198600769042969e-01
-7.901858091354370117e-01
-7.973438501358032227e-01
-7.990025281906127930e-01
-7.978931665420532227e-01
-7.946295738220214844e-01
-7.898441553115844727e-01
-7.851370573043823242e-01
-7.789078950881958008e-01
-7.721245288848876953e-01
-7.613193988800048828e-01
-7.553278803825378418e-01
-7.481555342674255371e-01
-7.378199100494384766e-01
-7.257085442543029785e-01
-7.135971784591674805e-01
-7.031533718109130859e-01
-7.040516734123229980e-01
-7.087857723236083984e-01
-7.133787870407104492e-01
-7.166963815689086914e-01
-7.195051908493041992e-01
-7.223143577575683594e-01
-7.252880334854125977e-01
-7.293615341186523438e-01
-7.339760065078735352e-01
-7.440564632415771484e-01
-7.457852363586425781e-01
-7.375799417495727539e-01
-7.270571589469909668e-01
-7.160234451293945312e-01
-7.048393487930297852e-01
-6.948819160461425781e-01
-6.904835104942321777e-01
-6.855857968330383301e-01
-6.800642013549804688e-01
-6.732529997825622559e-01
-6.670365929603576660e-01
-6.617433428764343262e-01
-6.549702882766723633e-01
-6.980347037315368652e-01
-6.937991380691528320e-01
-6.895633935928344727e-01
-6.853281259536743164e-01
-6.814313530921936035e-01
-6.783289313316345215e-01
-6.737752556800842285e-01
-6.685880422592163086e-01
-6.634007692337036133e-01
-6.583120822906494141e-01
-6.538681387901306152e-01
-6.495147347450256348e-01
-6.451610326766967773e-01
-6.389003992080688477e-01
-6.307752728462219238e-01
-6.174145340919494629e-01
-6.083990931510925293e-01
-6.007081866264343262e-01
-5.928782224655151367e-01
-5.850482583045959473e-01
-5.772186517715454102e-01
-5.693889856338500977e-01
-5.615589618682861328e-01
-5.537291765213012695e-01
-5.460675358772277832e-01
-5.388866066932678223e-01
-5.330359935760498047e-01
-5.289569497108459473e-01
-5.254306197166442871e-01
-5.215826034545898438e-01
-5.179681777954101562e-01
-5.188682079315185547e-01
-5.214538574218750000e-01
-5.199997425079345703e-01
-5.052871704101562500e-01
-4.900617599487304688e-01
-4.748359024524688721e-01
-4.603044390678405762e-01
-4.551549851894378662e-01
-4.542759954929351807e-01
-4.533968567848205566e-01
-4.525177180767059326e-01
-4.516389071941375732e-01
-4.513952732086181641e-01
-4.557623565196990967e-01
-4.616052806377410889e-01
-4.674481749534606934e-01
-4.739083945751190186e-01
-4.805555343627929688e-01
-4.871121644973754883e-01
-4.923294186592102051e-01
-4.935036897659301758e-01
-4.872283935546875000e-01
-4.801666736602783203e-01
-4.722159802913665771e-01
-4.610680937767028809e-01
-4.484350681304931641e-01
-4.337143898010253906e-01
-4.178014099597930908e-01
-4.110180139541625977e-01
-4.053235352039337158e-01
-3.996433615684509277e-01
-3.948408663272857666e-01
-3.899629116058349609e-01
-3.865272402763366699e-01
-3.828447163105010986e-01
-3.793290257453918457e-01
-3.800028860569000244e-01
-3.812220096588134766e-01
-3.824411332607269287e-01
-3.849478065967559814e-01
-3.926603794097900391e-01
-4.016266763210296631e-01
-4.163579046726226807e-01
-4.315659999847412109e-01
-4.469780027866363525e-01
-4.679127633571624756e-01
-4.926717877388000488e-01
-5.172171592712402344e-01
-5.407745242118835449e-01
-5.622817277908325195e-01
-5.828008055686950684e-01
-6.066494584083557129e-01
-6.314874887466430664e-01
-6.563254594802856445e-01
-6.825443506240844727e-01
-7.060887813568115234e-01
-7.260544896125793457e-01
-7.458841204643249512e-01
-7.657136321067810059e-01
-7.818809747695922852e-01
-7.915947437286376953e-01
-7.941528558731079102e-01
-7.956985831260681152e-01
-7.939209938049316406e-01
-7.901005744934082031e-01
-7.853937149047851562e-01
-7.801725864410400391e-01
-7.735359668731689453e-01
-7.635127305984497070e-01
-7.563401460647583008e-01
-7.491677403450012207e-01
-7.391712069511413574e-01
-7.270599603652954102e-01
-7.149486541748046875e-01
-7.049037814140319824e-01
-7.060627937316894531e-01
-7.117228507995605469e-01
-7.167291641235351562e-01
-7.213220596313476562e-01
-7.252410650253295898e-01
-7.284224033355712891e-01
-7.321496605873107910e-01
-7.377021312713623047e-01
-7.432547807693481445e-01
-7.470905780792236328e-01
-7.474725246429443359e-01
-7.405977249145507812e-01
-7.326463460922241211e-01
-7.242730855941772461e-01
-7.139647603034973145e-01
-7.046619653701782227e-01
-7.020219564437866211e-01
-6.976241469383239746e-01
-6.932260990142822266e-01
-6.884314417839050293e-01
-6.830353736877441406e-01
-6.782804131507873535e-01
-6.729506850242614746e-01
-7.156661152839660645e-01
-7.114716768264770508e-01
-7.079613804817199707e-01
-7.049516439437866211e-01
-7.028313875198364258e-01
-6.981840729713439941e-01
-6.933777332305908203e-01
-6.885716915130615234e-01
-6.837658286094665527e-01
-6.792642474174499512e-01
-6.749104261398315430e-01
-6.697360277175903320e-01
-6.619855761528015137e-01
-6.511412858963012695e-01
-6.385682821273803711e-01
-6.239728927612304688e-01
-6.163589954376220703e-01
-6.085293292999267578e-01
-6.006995439529418945e-01
-5.928691625595092773e-01
-5.850393176078796387e-01
-5.772097110748291016e-01
-5.693799257278442383e-01
-5.621123313903808594e-01
-5.551469922065734863e-01
-5.508371591567993164e-01
-5.467579364776611328e-01
-5.426204204559326172e-01
-5.386896133422851562e-01
-5.348587632179260254e-01
-5.312224626541137695e-01
-5.319151878356933594e-01
-5.349104404449462891e-01
-5.310979485511779785e-01
-5.138118267059326172e-01
-4.985865354537963867e-01
-4.833607673645019531e-01
-4.723252058029174805e-01
-4.700777530670166016e-01
-4.691986739635467529e-01
-4.683198630809783936e-01
-4.679487049579620361e-01
-4.679729938507080078e-01
-4.719653129577636719e-01
-4.778082370758056641e-01
-4.836512804031372070e-01
-4.894943237304687500e-01
-4.953373670578002930e-01
-5.010613203048706055e-01
-5.059506893157958984e-01
-5.079241991043090820e-01
-5.020790100097656250e-01
-4.927963614463806152e-01
-4.824545383453369141e-01
-4.690937399864196777e-01
-4.549688696861267090e-01
-4.418053925037384033e-01
-4.264111220836639404e-01
-4.154086112976074219e-01
-4.097140431404113770e-01
-4.040192365646362305e-01
-3.987583518028259277e-01
-3.931463360786437988e-01
-3.875344991683959961e-01
-3.830036818981170654e-01
-3.841073811054229736e-01
-3.849853873252868652e-01
-3.862044513225555420e-01
-3.874238133430480957e-01
-3.889324665069580078e-01
-3.920302391052246094e-01
-3.960970938205718994e-01
-4.023156464099884033e-01
-4.171778559684753418e-01
-4.320851862430572510e-01
-4.482079446315765381e-01
-4.701132476329803467e-01
-4.919692873954772949e-01
-5.142474770545959473e-01
-5.385134220123291016e-01
-5.626108646392822266e-01
-5.844337344169616699e-01
-6.067373156547546387e-01
-6.272462606430053711e-01
-6.507307291030883789e-01
-6.759384870529174805e-01
-6.988328695297241211e-01
-7.186625599861145020e-01
-7.384923100471496582e-01
-7.582424283027648926e-01
-7.731676101684570312e-01
-7.850833535194396973e-01
-7.893303036689758301e-01
-7.912143468856811523e-01
-7.919787168502807617e-01
-7.901316881179809570e-01
-7.856498956680297852e-01
-7.809429168701171875e-01
-7.736748456954956055e-01
-7.645254135131835938e-01
-7.573527097702026367e-01
-7.501800060272216797e-01
-7.405223846435546875e-01
-7.284110784530639648e-01
-7.162997722625732422e-01
-7.066545486450195312e-01
-7.080744504928588867e-01
-7.137343287467956543e-01
-7.193942666053771973e-01
-7.246725559234619141e-01
-7.292654514312744141e-01
-7.340043783187866211e-01
-7.395386099815368652e-01
-7.454121112823486328e-01
-7.511136531829833984e-01
-7.564154863357543945e-01
-7.446716427803039551e-01
-7.399805188179016113e-01
-7.343012690544128418e-01
-7.272615432739257812e-01
-7.187357544898986816e-01
-7.102098464965820312e-01
-7.092983722686767578e-01
-7.074074149131774902e-01
-7.047643065452575684e-01
-7.003666162490844727e-01
-6.959685683250427246e-01
-6.921980977058410645e-01
-6.886099576950073242e-01
-7.362208366394042969e-01
-7.332817316055297852e-01
-7.313835620880126953e-01
-7.286402583122253418e-01
-7.237540483474731445e-01
-7.189859747886657715e-01
-7.141797542572021484e-01
-7.087694406509399414e-01
-7.019494175910949707e-01
-6.954897642135620117e-01
-6.890308260917663574e-01
-6.817466020584106445e-01
-6.712116599082946777e-01
-6.596943140029907227e-01
-6.425612568855285645e-01
-6.319638490676879883e-01
-6.241805553436279297e-01
-6.163504719734191895e-01
-6.085202693939208984e-01
-6.006905436515808105e-01
-5.928606986999511719e-01
-5.853385925292968750e-01
-5.781570672988891602e-01
-5.727175474166870117e-01
-5.686383247375488281e-01
-5.645594000816345215e-01
-5.604293942451477051e-01
-5.558072328567504883e-01
-5.519608855247497559e-01
-5.481352210044860840e-01
-5.447080135345458984e-01
-5.453716516494750977e-01
-5.483669638633728027e-01
-5.418319106101989746e-01
-5.223367214202880859e-01
-5.071115493774414062e-01
-4.918900132179260254e-01
-4.858796000480651855e-01
-4.850007295608520508e-01
-4.845020771026611328e-01
-4.845262169837951660e-01
-4.845508337020874023e-01
-4.881682395935058594e-01
-4.940112829208374023e-01
-4.998543262481689453e-01
-5.056974291801452637e-01
-5.115404129028320312e-01
-5.173832178115844727e-01
-5.232116580009460449e-01
-5.260776281356811523e-01
-5.251162052154541016e-01
-5.160480141639709473e-01
-5.064924955368041992e-01
-4.924297928810119629e-01
-4.772968888282775879e-01
-4.621444940567016602e-01
-4.458472132682800293e-01
-4.279366731643676758e-01
-4.193990826606750488e-01
-4.107897281646728516e-01
-4.022608697414398193e-01
-3.963400721549987793e-01
-3.907280564308166504e-01
-3.854042291641235352e-01
-3.866101205348968506e-01
-3.909686505794525146e-01
-3.913513720035552979e-01
-3.924064636230468750e-01
-3.936255574226379395e-01
-3.954613208770751953e-01
-3.991126418113708496e-01
-4.031794369220733643e-01
-4.101172685623168945e-01
-4.200829267501831055e-01
-4.331161975860595703e-01
-4.505358934402465820e-01
-4.722893536090850830e-01
-4.941943883895874023e-01
-5.160256624221801758e-01
-5.374426245689392090e-01
-5.606385469436645508e-01
-5.843410491943359375e-01
-6.086298227310180664e-01
-6.315783858299255371e-01
-6.516162157058715820e-01
-6.707879900932312012e-01
-6.914409995079040527e-01
-7.112707495689392090e-01
-7.311005592346191406e-01
-7.494000196456909180e-01
-7.639823555946350098e-01
-7.766925692558288574e-01
-7.837380766868591309e-01
-7.865823507308959961e-01
-7.883450984954833984e-01
-7.882585525512695312e-01
-7.859065532684326172e-01
-7.802444696426391602e-01
-7.726949453353881836e-01
-7.655372023582458496e-01
-7.583646178245544434e-01
-7.511923313140869141e-01
-7.418735027313232422e-01
-7.297621965408325195e-01
-7.176507711410522461e-01
-7.084051370620727539e-01
-7.100856304168701172e-01
-7.157457470893859863e-01
-7.214055061340332031e-01
-7.270657420158386230e-01
-7.328211665153503418e-01
-7.389642000198364258e-01
-7.463005781173706055e-01
-7.525050640106201172e-01
-7.583782672882080078e-01
-7.642520070075988770e-01
-7.535601854324340820e-01
-7.388405799865722656e-01
-7.323909997940063477e-01
-7.269295454025268555e-01
-7.212240695953369141e-01
-7.131133675575256348e-01
-7.116052508354187012e-01
-7.116260528564453125e-01
-7.120304703712463379e-01
-7.101526260375976562e-01
-7.075067758560180664e-01
-7.033226490020751953e-01
-7.005734443664550781e-01
-7.473561763763427734e-01
-7.477401494979858398e-01
-7.463378906250000000e-01
-7.430839538574218750e-01
-7.384513616561889648e-01
-7.338188290596008301e-01
-7.278556823730468750e-01
-7.210075259208679199e-01
-7.144766449928283691e-01
-7.080661654472351074e-01
-7.009310722351074219e-01
-6.911203861236572266e-01
-6.803331375122070312e-01
-6.635428667068481445e-01
-6.475221514701843262e-01
-6.398311853408813477e-01
-6.320013999938964844e-01
-6.241713762283325195e-01
-6.163415908813476562e-01
-6.085640788078308105e-01
-6.013825535774230957e-01
-5.947368144989013672e-01
-5.905188322067260742e-01
-5.864395499229431152e-01
-5.823602676391601562e-01
-5.782381296157836914e-01
-5.734448432922363281e-01
-5.690661668777465820e-01
-5.652371048927307129e-01
-5.614908933639526367e-01
-5.587546825408935547e-01
-5.588282346725463867e-01
-5.622000098228454590e-01
-5.523853302001953125e-01
-5.308654308319091797e-01
-5.156362056732177734e-01
-5.040279626846313477e-01
-5.010553598403930664e-01
-5.010795593261718750e-01
-5.011036992073059082e-01
-5.011281371116638184e-01
-5.043712854385375977e-01
-5.102143287658691406e-01
-5.160574316978454590e-01
-5.219002962112426758e-01
-5.277431011199951172e-01
-5.335862636566162109e-01
-5.394292473793029785e-01
-5.433328747749328613e-01
-5.451710224151611328e-01
-5.391952395439147949e-01
-5.296099781990051270e-01
-5.165038704872131348e-01
-5.016688108444213867e-01
-4.868339300155639648e-01
-4.709434509277343750e-01
-4.550164639949798584e-01
-4.424155354499816895e-01
-4.337092041969299316e-01
-4.241125881671905518e-01
-4.150431752204895020e-01
-4.062840044498443604e-01
-3.975255489349365234e-01
-3.950716853141784668e-01
-3.965632319450378418e-01
-4.001774787902832031e-01
-4.002415537834167480e-01
-3.991807103157043457e-01
-3.998273611068725586e-01
-4.021282792091369629e-01
-4.061951637268066406e-01
-4.102619886398315430e-01
-4.188287556171417236e-01
-4.287943243980407715e-01
-4.388486444950103760e-01
-4.532405138015747070e-01
-4.748448133468627930e-01
-4.964067935943603516e-01
-5.182758569717407227e-01
-5.400843620300292969e-01
-5.623295903205871582e-01
-5.834539532661437988e-01
-6.084237098693847656e-01
-6.336348056793212891e-01
-6.564775109291076660e-01
-6.759861707687377930e-01
-6.899898648262023926e-01
-7.042160630226135254e-01
-7.238753437995910645e-01
-7.407220602035522461e-01
-7.553045153617858887e-01
-7.679862380027770996e-01
-7.770037055015563965e-01
-7.816472053527832031e-01
-7.837131023406982422e-01
-7.847458124160766602e-01
-7.839002609252929688e-01
-7.777303457260131836e-01
-7.727010250091552734e-01
-7.665494680404663086e-01
-7.593771219253540039e-01
-7.522045373916625977e-01
-7.432247400283813477e-01
-7.311133146286010742e-01
-7.190021276473999023e-01
-7.101557254791259766e-01
-7.120972871780395508e-01
-7.177568674087524414e-01
-7.234168052673339844e-01
-7.291692495346069336e-01
-7.355260252952575684e-01
-7.439293861389160156e-01
-7.514282464981079102e-01
-7.587646245956420898e-01
-7.654712200164794922e-01
-7.713447809219360352e-01
-7.609041333198547363e-01
-7.428948879241943359e-01
-7.311806678771972656e-01
-7.250310778617858887e-01
-7.188594341278076172e-01
-7.134088277816772461e-01
-7.130034565925598145e-01
-7.130243778228759766e-01
-7.130449414253234863e-01
-7.130655050277709961e-01
-7.141034007072448730e-01
-7.128978967666625977e-01
-7.114020586013793945e-01
-7.443040013313293457e-01
-7.399064302444458008e-01
-7.347262501716613770e-01
-7.300934791564941406e-01
-7.254617214202880859e-01
-7.208287715911865234e-01
-7.161964178085327148e-01
-7.116834521293640137e-01
-7.076410055160522461e-01
-7.025874853134155273e-01
-6.957937479019165039e-01
-6.871361732482910156e-01
-6.736527681350708008e-01
-6.587989330291748047e-01
-6.490402221679687500e-01
-6.434898376464843750e-01
-6.379388570785522461e-01
-6.316381692886352539e-01
-6.243231296539306641e-01
-6.171907186508178711e-01
-6.122105121612548828e-01
-6.081802845001220703e-01
-6.041500568389892578e-01
-6.001199483871459961e-01
-5.960472226142883301e-01
-5.912533998489379883e-01
-5.864602327346801758e-01
-5.823388695716857910e-01
-5.785133838653564453e-01
-5.755593776702880859e-01
-5.728016495704650879e-01
-5.722849369049072266e-01
-5.753377676010131836e-01
-5.629382133483886719e-01
-5.416969060897827148e-01
-5.244349837303161621e-01
-5.182105302810668945e-01
-5.176573991775512695e-01
-5.176817178726196289e-01
-5.177060365676879883e-01
-5.205746293067932129e-01
-5.264176726341247559e-01
-5.322603583335876465e-01
-5.381032824516296387e-01
-5.439464449882507324e-01
-5.497893095016479492e-01
-5.556322336196899414e-01
-5.601991415023803711e-01
-5.633305311203002930e-01
-5.621944665908813477e-01
-5.527274608612060547e-01
-5.396630167961120605e-01
-5.257429480552673340e-01
-5.109080076217651367e-01
-4.952293038368225098e-01
-4.792823791503906250e-01
-4.641553163528442383e-01
-4.556222856044769287e-01
-4.469160735607147217e-01
-4.378938078880310059e-01
-4.291347563266754150e-01
-4.203760623931884766e-01
-4.171230792999267578e-01
-4.176186919212341309e-01
-4.215852022171020508e-01
-4.256559610366821289e-01
-4.231668710708618164e-01
-4.183763563632965088e-01
-4.140917062759399414e-01
-4.129042029380798340e-01
-4.143578112125396729e-01
-4.178299307823181152e-01
-4.275402426719665527e-01
-4.375056922435760498e-01
-4.476712346076965332e-01
-4.632540643215179443e-01
-4.799846410751342773e-01
-4.991371035575866699e-01
-5.206990242004394531e-01
-5.423888564109802246e-01
-5.650265812873840332e-01
-5.870281457901000977e-01
-6.105617880821228027e-01
-6.333066225051879883e-01
-6.585674285888671875e-01
-6.809182167053222656e-01
-6.945700049400329590e-01
-7.078346014022827148e-01
-7.221021652221679688e-01
-7.320442199707031250e-01
-7.466264963150024414e-01
-7.579830884933471680e-01
-7.685410976409912109e-01
-7.760548591613769531e-01
-7.790809273719787598e-01
-7.805227637290954590e-01
-7.776167392730712891e-01
-7.741634845733642578e-01
-7.725585103034973145e-01
-7.673450708389282227e-01
-7.603893280029296875e-01
-7.532168626785278320e-01
-7.445760965347290039e-01
-7.324646711349487305e-01
-7.203532457351684570e-01
-7.119059562683105469e-01
-7.141085863113403320e-01
-7.197685241699218750e-01
-7.254281640052795410e-01
-7.314467430114746094e-01
-7.393147349357604980e-01
-7.477173805236816406e-01
-7.561210393905639648e-01
-7.638921141624450684e-01
-7.712281942367553711e-01
-7.780818939208984375e-01
-7.676220536231994629e-01
-7.505183815956115723e-01
-7.308333516120910645e-01
-7.233452200889587402e-01
-7.171061038970947266e-01
-7.106136083602905273e-01
-7.096009850502014160e-01
-7.125082612037658691e-01
-7.144436836242675781e-01
-7.144641280174255371e-01
-7.144846320152282715e-01
-7.147613763809204102e-01
-7.164312601089477539e-01
-7.317574024200439453e-01
-7.264344096183776855e-01
-7.217361330986022949e-01
-7.171037197113037109e-01
-7.124711871147155762e-01
-7.078385949134826660e-01
-7.033145427703857422e-01
-6.991536617279052734e-01
-6.940057873725891113e-01
-6.879995465278625488e-01
-6.792330741882324219e-01
-6.670076847076416016e-01
-6.519796848297119141e-01
-6.371179819107055664e-01
-6.312758922576904297e-01
-6.257252693176269531e-01
-6.203658580780029297e-01
-6.154633760452270508e-01
-6.114159226417541504e-01
-6.095682382583618164e-01
-6.077688932418823242e-01
-6.059689521789550781e-01
-6.041690111160278320e-01
-6.023414134979248047e-01
-5.998272299766540527e-01
-5.973128080368041992e-01
-5.947986841201782227e-01
-5.932175517082214355e-01
-5.922211408615112305e-01
-5.894109010696411133e-01
-5.866833329200744629e-01
-5.866493582725524902e-01
-5.874482393264770508e-01
-5.734730958938598633e-01
-5.534288287162780762e-01
-5.384538173675537109e-01
-5.345728397369384766e-01
-5.342594385147094727e-01
-5.342837572097778320e-01
-5.367776155471801758e-01
-5.426204800605773926e-01
-5.484634637832641602e-01
-5.543065071105957031e-01
-5.601493120193481445e-01
-5.659922957420349121e-01
-5.718352794647216797e-01
-5.770653486251831055e-01
-5.802831649780273438e-01
-5.820871591567993164e-01
-5.758447647094726562e-01
-5.626878142356872559e-01
-5.491375923156738281e-01
-5.349819660186767578e-01
-5.193401575088500977e-01
-5.026022195816040039e-01
-4.864856004714965820e-01
-4.767718911170959473e-01
-4.687565565109252930e-01
-4.601230621337890625e-01
-4.519855678081512451e-01
-4.432266950607299805e-01
-4.391748011112213135e-01
-4.389112293720245361e-01
-4.425364136695861816e-01
-4.466072618961334229e-01
-4.506779909133911133e-01
-4.494665563106536865e-01
-4.446758627891540527e-01
-4.404446482658386230e-01
-4.379414916038513184e-01
-4.375246465206146240e-01
-4.402048587799072266e-01
-4.470130801200866699e-01
-4.538313150405883789e-01
-4.609606564044952393e-01
-4.758718013763427734e-01
-4.916012287139892578e-01
-5.072363615036010742e-01
-5.236781835556030273e-01
-5.450525283813476562e-01
-5.674706697463989258e-01
-5.899689793586730957e-01
-6.141881942749023438e-01
-6.384257674217224121e-01
-6.605026721954345703e-01
-6.829538345336914062e-01
-6.985909342765808105e-01
-7.119057774543762207e-01
-7.249778509140014648e-01
-7.338940501213073730e-01
-7.428100705146789551e-01
-7.484411001205444336e-01
-7.598196268081665039e-01
-7.689237594604492188e-01
-7.739132046699523926e-01
-7.731200456619262695e-01
-7.713334560394287109e-01
-7.684694528579711914e-01
-7.714325785636901855e-01
-7.673493027687072754e-01
-7.614012956619262695e-01
-7.542290687561035156e-01
-7.459269762039184570e-01
-7.338159084320068359e-01
-7.217043638229370117e-01
-7.136567234992980957e-01
-7.161197662353515625e-01
-7.217797040939331055e-01
-7.276854515075683594e-01
-7.346993088722229004e-01
-7.431029677391052246e-01
-7.515064477920532227e-01
-7.599095106124877930e-01
-7.683128118515014648e-01
-7.763560414314270020e-01
-7.826777696609497070e-01
-7.739638090133666992e-01
-7.572358846664428711e-01
-7.401323318481445312e-01
-7.226369380950927734e-01
-7.152984142303466797e-01
-7.083618640899658203e-01
-7.049089670181274414e-01
-7.080868482589721680e-01
-7.117342948913574219e-01
-7.146417498588562012e-01
-7.158831954002380371e-01
-7.159034013748168945e-01
-7.159241437911987305e-01
-7.182852029800415039e-01
-7.133781313896179199e-01
-7.087457776069641113e-01
-7.041133046150207520e-01
-6.995598077774047852e-01
-6.951165795326232910e-01
-6.905719041824340820e-01
-6.854240894317626953e-01
-6.801083087921142578e-01
-6.713300943374633789e-01
-6.609450578689575195e-01
-6.451606750488281250e-01
-6.303068995475769043e-01
-6.190613508224487305e-01
-6.135108470916748047e-01
-6.085451841354370117e-01
-6.036432385444641113e-01
-6.013044714927673340e-01
-5.995048284530639648e-01
-5.977048277854919434e-01
-5.959053039550781250e-01
-5.941052436828613281e-01
-5.922852158546447754e-01
-5.897707343101501465e-01
-5.872567296028137207e-01
-5.847425460815429688e-01
-5.824545621871948242e-01
-5.814763307571411133e-01
-5.808743238449096680e-01
-5.802725553512573242e-01
-5.801740288734436035e-01
-5.823154449462890625e-01
-5.831109285354614258e-01
-5.714142322540283203e-01
-5.542196631431579590e-01
-5.435121059417724609e-01
-5.435057878494262695e-01
-5.456701517105102539e-01
-5.500683784484863281e-01
-5.581909418106079102e-01
-5.645149350166320801e-01
-5.704156160354614258e-01
-5.763072967529296875e-01
-5.821953415870666504e-01
-5.880382061004638672e-01
-5.938813090324401855e-01
-5.971491336822509766e-01
-6.002551317214965820e-01
-5.983737707138061523e-01
-5.856232047080993652e-01
-5.721624493598937988e-01
-5.586122870445251465e-01
-5.426648259162902832e-01
-5.259219408035278320e-01
-5.093892216682434082e-01
-4.952049255371093750e-01
-4.893375635147094727e-01
-4.815226793289184570e-01
-4.733906984329223633e-01
-4.657731652259826660e-01
-4.612260460853576660e-01
-4.602038264274597168e-01
-4.634874761104583740e-01
-4.675582051277160645e-01
-4.716289937496185303e-01
-4.756998717784881592e-01
-4.757660925388336182e-01
-4.709752798080444336e-01
-4.670709073543548584e-01
-4.651174545288085938e-01
-4.631745815277099609e-01
-4.658745527267456055e-01
-4.722343087196350098e-01
-4.790526628494262695e-01
-4.876903891563415527e-01
-5.017686486244201660e-01
-5.154034495353698730e-01
-5.289186835289001465e-01
-5.424338579177856445e-01
-5.560397505760192871e-01
-5.737004280090332031e-01
-5.951820015907287598e-01
-6.190706491470336914e-01
-6.427309513092041016e-01
-6.661108732223510742e-01
-6.873218417167663574e-01
-7.016240954399108887e-01
-7.154617309570312500e-01
-7.269045114517211914e-01
-7.361457943916320801e-01
-7.449249625205993652e-01
-7.495408058166503906e-01
-7.540196180343627930e-01
-7.603896856307983398e-01
-7.655971050262451172e-01
-7.657173275947570801e-01
-7.643925547599792480e-01
-7.645578384399414062e-01
-7.683398723602294922e-01
-7.664390206336975098e-01
-7.618314623832702637e-01
-7.552410364151000977e-01
-7.472782135009765625e-01
-7.351671457290649414e-01
-7.230555415153503418e-01
-7.154072523117065430e-01
-7.181313037872314453e-01
-7.239241600036621094e-01
-7.300846576690673828e-01
-7.384877800941467285e-01
-7.468913793563842773e-01
-7.552947998046875000e-01
-7.636981010437011719e-01
-7.721015214920043945e-01
-7.805045843124389648e-01
-7.871462106704711914e-01
-7.787163257598876953e-01
-7.630755901336669922e-01
-7.468500733375549316e-01
-7.267391681671142578e-01
-7.145529389381408691e-01
-7.070280313491821289e-01
-7.006776928901672363e-01
-7.037009596824645996e-01
-7.061826586723327637e-01
-7.107213139533996582e-01
-7.138679027557373047e-01
-7.167754769325256348e-01
-7.173230051994323730e-01
-7.050203680992126465e-01
-7.003876566886901855e-01
-6.958056092262268066e-01
-6.913623809814453125e-01
-6.869192719459533691e-01
-6.820560097694396973e-01
-6.768431663513183594e-01
-6.716949939727783203e-01
-6.634277105331420898e-01
-6.541144847869873047e-01
-6.385489702224731445e-01
-6.234877705574035645e-01
-6.085721254348754883e-01
-6.016271710395812988e-01
-5.967250466346740723e-01
-5.930407047271728516e-01
-5.912408828735351562e-01
-5.894410014152526855e-01
-5.876411795616149902e-01
-5.858411192893981934e-01
-5.840415358543395996e-01
-5.822294354438781738e-01
-5.797151327133178711e-01
-5.772007107734680176e-01
-5.746867060661315918e-01
-5.721725225448608398e-01
-5.705616474151611328e-01
-5.699595212936401367e-01
-5.693576335906982422e-01
-5.687560439109802246e-01
-5.704412460327148438e-01
-5.708106756210327148e-01
-5.695711970329284668e-01
-5.580612421035766602e-01
-5.451444983482360840e-01
-5.349134206771850586e-01
-5.343830585479736328e-01
-5.384068489074707031e-01
-5.465288162231445312e-01
-5.546512603759765625e-01
-5.627733469009399414e-01
-5.708954334259033203e-01
-5.790178775787353516e-01
-5.871400833129882812e-01
-5.952621698379516602e-01
-6.014724373817443848e-01
-6.069691181182861328e-01
-6.101459264755249023e-01
-6.025246381759643555e-01
-5.915673971176147461e-01
-5.797218084335327148e-01
-5.656907558441162109e-01
-5.492190718650817871e-01
-5.324986577033996582e-01
-5.166934132575988770e-01
-5.077704787254333496e-01
-5.019032359123229980e-01
-4.942886829376220703e-01
-4.866434335708618164e-01
-4.822553992271423340e-01
-4.814934134483337402e-01
-4.844385385513305664e-01
-4.885092973709106445e-01
-4.925801753997802734e-01
-4.966511130332946777e-01
-5.007218122482299805e-01
-5.019748210906982422e-01
-4.974501729011535645e-01
-4.942404031753540039e-01
-4.922977685928344727e-01
-4.903546571731567383e-01
-4.935292601585388184e-01
-4.983307123184204102e-01
-5.043244361877441406e-01
-5.145429372787475586e-01
-5.286210775375366211e-01
-5.422818064689636230e-01
-5.557970404624938965e-01
-5.693120956420898438e-01
-5.830476284027099609e-01
-5.975231528282165527e-01
-6.119989156723022461e-01
-6.331480145454406738e-01
-6.554656624794006348e-01
-6.764996647834777832e-01
-6.968090534210205078e-01
-7.111639976501464844e-01
-7.239351272583007812e-01
-7.303220033645629883e-01
-7.381515502929687500e-01
-7.472453117370605469e-01
-7.515498995780944824e-01
-7.546910047531127930e-01
-7.585256099700927734e-01
-7.590811252593994141e-01
-7.576472759246826172e-01
-7.569895982742309570e-01
-7.606460452079772949e-01
-7.644285559654235840e-01
-7.636129856109619141e-01
-7.609902620315551758e-01
-7.562533617019653320e-01
-7.486295104026794434e-01
-7.365182638168334961e-01
-7.244065999984741211e-01
-7.171577215194702148e-01
-7.201633453369140625e-01
-7.262018918991088867e-01
-7.338730096817016602e-01
-7.422766089439392090e-01
-7.506799697875976562e-01
-7.590830326080322266e-01
-7.674865722656250000e-01
-7.758899927139282227e-01
-7.842933535575866699e-01
-7.903639078140258789e-01
-7.832849621772766113e-01
-7.678279876708984375e-01
-7.521875500679016113e-01
-7.364645600318908691e-01
-7.142599821090698242e-01
-7.062830924987792969e-01
-6.987582445144653320e-01
-6.992719173431396484e-01
-7.019984126091003418e-01
-7.045850753784179688e-01
-7.087333202362060547e-01
-7.128194570541381836e-01
-7.159334421157836914e-01
-6.920515298843383789e-01
-6.876080632209777832e-01
-6.831646561622619629e-01
-6.787209510803222656e-01
-6.736871600151062012e-01
-6.682611107826232910e-01
-6.631131172180175781e-01
-6.555245518684387207e-01
-6.462111473083496094e-01
-6.324869990348815918e-01
-6.166687011718750000e-01
-6.018747091293334961e-01
-5.898066759109497070e-01
-5.851225256919860840e-01
-5.829771757125854492e-01
-5.811772942543029785e-01
-5.793771743774414062e-01
-5.775772929191589355e-01
-5.757771730422973633e-01
-5.739777088165283203e-01
-5.721732974052429199e-01
-5.696588754653930664e-01
-5.671446323394775391e-01
-5.646303892135620117e-01
-5.621158480644226074e-01
-5.598839521408081055e-01
-5.590447187423706055e-01
-5.584428310394287109e-01
-5.583593845367431641e-01
-5.596040487289428711e-01
-5.616292357444763184e-01
-5.592974424362182617e-01
-5.560313463211059570e-01
-5.452791452407836914e-01
-5.366729497909545898e-01
-5.278131365776062012e-01
-5.267447233200073242e-01
-5.348668098449707031e-01
-5.429891347885131836e-01
-5.511113405227661133e-01
-5.592333674430847168e-01
-5.673557519912719727e-01
-5.754781961441040039e-01
-5.836002826690673828e-01
-5.904734134674072266e-01
-5.959702730178833008e-01
-6.007112264633178711e-01
-5.970436930656433105e-01
-5.855586528778076172e-01
-5.737917423248291016e-01
-5.613136887550354004e-01
-5.481077432632446289e-01
-5.336441397666931152e-01
-5.196541547775268555e-01
-5.085878372192382812e-01
-5.049998164176940918e-01
-5.014117956161499023e-01
-4.966152310371398926e-01
-4.937067031860351562e-01
-4.953132867813110352e-01
-5.008509159088134766e-01
-5.076730251312255859e-01
-5.135113596916198730e-01
-5.176019668579101562e-01
-5.216726660728454590e-01
-5.257436037063598633e-01
-5.277212858200073242e-01
-5.240767002105712891e-01
-5.214204192161560059e-01
-5.194776654243469238e-01
-5.186033248901367188e-01
-5.223380923271179199e-01
-5.262939333915710449e-01
-5.309484004974365234e-01
-5.414483547210693359e-01
-5.554734468460083008e-01
-5.691647529602050781e-01
-5.827841758728027344e-01
-5.964035391807556152e-01
-6.101727485656738281e-01
-6.246483922004699707e-01
-6.391241550445556641e-01
-6.562530994415283203e-01
-6.752029657363891602e-01
-6.969640254974365234e-01
-7.156957983970642090e-01
-7.285767197608947754e-01
-7.408115863800048828e-01
-7.457053065299987793e-01
-7.481608986854553223e-01
-7.541464567184448242e-01
-7.580473423004150391e-01
-7.579002380371093750e-01
-7.592774033546447754e-01
-7.602486610412597656e-01
-7.587653398513793945e-01
-7.532976865768432617e-01
-7.558078765869140625e-01
-7.605168223381042480e-01
-7.603893280029296875e-01
-7.581642866134643555e-01
-7.555416226387023926e-01
-7.499806284904479980e-01
-7.378692626953125000e-01
-7.257576584815979004e-01
-7.189083695411682129e-01
-7.224404811859130859e-01
-7.292581796646118164e-01
-7.376613616943359375e-01
-7.460649013519287109e-01
-7.544680833816528320e-01
-7.628713846206665039e-01
-7.712752223014831543e-01
-7.796784639358520508e-01
-7.880817651748657227e-01
-7.934933900833129883e-01
-7.866975665092468262e-01
-7.721243500709533691e-01
-7.569398880004882812e-01
-7.412991523742675781e-01
-7.226641178131103516e-01
-7.056980133056640625e-01
-6.980131864547729492e-01
-6.970214247703552246e-01
-6.980432271957397461e-01
-7.002888917922973633e-01
-7.033313512802124023e-01
-7.066518068313598633e-01
-7.112301588058471680e-01
-6.794101595878601074e-01
-6.749665737152099609e-01
-6.705235838890075684e-01
-6.653180718421936035e-01
-6.597176790237426758e-01
-6.545318365097045898e-01
-6.476216316223144531e-01
-6.383084058761596680e-01
-6.264246106147766113e-01
-6.100904345512390137e-01
-5.954647064208984375e-01
-5.811045765876770020e-01
-5.747131109237670898e-01
-5.729131102561950684e-01
-5.711134076118469238e-01
-5.693135261535644531e-01
-5.675135850906372070e-01
-5.657137632369995117e-01
-5.639140009880065918e-01
-5.621138811111450195e-01
-5.596029758453369141e-01
-5.570889115333557129e-01
-5.545741915702819824e-01
-5.520600080490112305e-01
-5.496606826782226562e-01
-5.481300354003906250e-01
-5.479189157485961914e-01
-5.482203960418701172e-01
-5.488244891166687012e-01
-5.509260296821594238e-01
-5.521675348281860352e-01
-5.481258034706115723e-01
-5.424916148185729980e-01
-5.360095500946044922e-01
-5.290578603744506836e-01
-5.218001604080200195e-01
-5.232051610946655273e-01
-5.313274264335632324e-01
-5.394495725631713867e-01
-5.475719571113586426e-01
-5.556938648223876953e-01
-5.638163089752197266e-01
-5.719386339187622070e-01
-5.794744491577148438e-01
-5.849714875221252441e-01
-5.897634029388427734e-01
-5.881400108337402344e-01
-5.795091390609741211e-01
-5.677422285079956055e-01
-5.553164482116699219e-01
-5.424510836601257324e-01
-5.290988683700561523e-01
-5.147056579589843750e-01
-5.014204978942871094e-01
-4.955681562423706055e-01
-4.919798374176025391e-01
-4.883918762207031250e-01
-4.857921004295349121e-01
-4.873985648155212402e-01
-4.918404817581176758e-01
-4.994485378265380859e-01
-5.066681504249572754e-01
-5.133355855941772461e-01
-5.199357271194458008e-01
-5.262856483459472656e-01
-5.326358079910278320e-01
-5.375897884368896484e-01
-5.371320247650146484e-01
-5.373085737228393555e-01
-5.376451015472412109e-01
-5.404751300811767578e-01
-5.466927289962768555e-01
-5.529053211212158203e-01
-5.593068599700927734e-01
-5.699676275253295898e-01
-5.827890634536743164e-01
-5.962607860565185547e-01
-6.098800897598266602e-01
-6.234996318817138672e-01
-6.372984647750854492e-01
-6.517739295959472656e-01
-6.662499904632568359e-01
-6.834310293197631836e-01
-7.010472416877746582e-01
-7.180435061454772949e-01
-7.358176112174987793e-01
-7.499656677246093750e-01
-7.607380151748657227e-01
-7.675864696502685547e-01
-7.719132304191589355e-01
-7.745235562324523926e-01
-7.708748579025268555e-01
-7.663615345954895020e-01
-7.652928829193115234e-01
-7.658284902572631836e-01
-7.653879523277282715e-01
-7.642382383346557617e-01
-7.641460299491882324e-01
-7.632058858871459961e-01
-7.595698833465576172e-01
-7.572570443153381348e-01
-7.536070346832275391e-01
-7.500932216644287109e-01
-7.392203807830810547e-01
-7.271090745925903320e-01
-7.208329439163208008e-01
-7.247181534767150879e-01
-7.330464720726013184e-01
-7.414501905441284180e-01
-7.498537302017211914e-01
-7.582569122314453125e-01
-7.666602134704589844e-01
-7.750633955001831055e-01
-7.834668159484863281e-01
-7.918701171875000000e-01
-7.966225147247314453e-01
-7.901110649108886719e-01
-7.755379676818847656e-01
-7.609640955924987793e-01
-7.460511922836303711e-01
-7.303290367126464844e-01
-7.071549296379089355e-01
-6.972675919532775879e-01
-6.947713494300842285e-01
-6.957592964172363281e-01
-6.967374086380004883e-01
-6.984724998474121094e-01
-7.015144228935241699e-01
-7.045492529869079590e-01
-6.667686104774475098e-01
-6.623254418373107910e-01
-6.569488644599914551e-01
-6.513485908508300781e-01
-6.459503769874572754e-01
-6.396821141242980957e-01
-6.304054856300354004e-01
-6.203618049621582031e-01
-6.042421460151672363e-01
-5.890390872955322266e-01
-5.752938985824584961e-01
-5.646492242813110352e-01
-5.628494024276733398e-01
-5.610493421554565430e-01
-5.592495799064636230e-01
-5.574496388435363770e-01
-5.556496977806091309e-01
-5.538499951362609863e-01
-5.520504117012023926e-01
-5.495465397834777832e-01
-5.470324754714965820e-01
-5.445182323455810547e-01
-5.420039892196655273e-01
-5.394894480705261230e-01
-5.381639003753662109e-01
-5.377798080444335938e-01
-5.380812883377075195e-01
-5.383826494216918945e-01
-5.401462316513061523e-01
-5.422477722167968750e-01
-5.412232875823974609e-01
-5.369541645050048828e-01
-5.298027992248535156e-01
-5.272783041000366211e-01
-5.229461193084716797e-01
-5.200279355049133301e-01
-5.196654796600341797e-01
-5.277876257896423340e-01
-5.359098911285400391e-01
-5.440322160720825195e-01
-5.521541833877563477e-01
-5.602767467498779297e-01
-5.683985948562622070e-01
-5.739725828170776367e-01
-5.779647827148437500e-01
-5.782240629196166992e-01
-5.731995701789855957e-01
-5.616925954818725586e-01
-5.493038892745971680e-01
-5.364384055137634277e-01
-5.235730409622192383e-01
-5.100898146629333496e-01
-4.963634014129638672e-01
-4.861360788345336914e-01
-4.825482368469238281e-01
-4.789599180221557617e-01
-4.765014052391052246e-01
-4.794836640357971191e-01
-4.831666350364685059e-01
-4.904330968856811523e-01
-4.980456829071044922e-01
-5.056580305099487305e-01
-5.123307704925537109e-01
-5.189982056617736816e-01
-5.256654024124145508e-01
-5.320718288421630859e-01
-5.378411412239074707e-01
-5.385664105415344238e-01
-5.389029979705810547e-01
-5.392391085624694824e-01
-5.436810255050659180e-01
-5.499159097671508789e-01
-5.561748743057250977e-01
-5.635983347892761230e-01
-5.771973133087158203e-01
-5.907999873161315918e-01
-6.054736971855163574e-01
-6.206111907958984375e-01
-6.365098953247070312e-01
-6.526173353195190430e-01
-6.693723797798156738e-01
-6.861271858215332031e-01
-7.055943012237548828e-01
-7.254409790039062500e-01
-7.443745136260986328e-01
-7.594376802444458008e-01
-7.700892686843872070e-01
-7.810490131378173828e-01
-7.875890135765075684e-01
-7.937938570976257324e-01
-7.962571978569030762e-01
-7.911984920501708984e-01
-7.850632667541503906e-01
-7.792947292327880859e-01
-7.794205546379089355e-01
-7.789163589477539062e-01
-7.806504964828491211e-01
-7.794743776321411133e-01
-7.764745354652404785e-01
-7.699661254882812500e-01
-7.622502446174621582e-01
-7.571123838424682617e-01
-7.534625530242919922e-01
-7.451015710830688477e-01
-7.326620221138000488e-01
-7.259626984596252441e-01
-7.305178046226501465e-01
-7.378938198089599609e-01
-7.452698349952697754e-01
-7.536418437957763672e-01
-7.620452642440795898e-01
-7.704485058784484863e-01
-7.788521051406860352e-01
-7.872551679611206055e-01
-7.956587076187133789e-01
-7.997516393661499023e-01
-7.935242652893066406e-01
-7.789510488510131836e-01
-7.643772959709167480e-01
-7.498039007186889648e-01
-7.351629137992858887e-01
-7.162650227546691895e-01
-6.953908801078796387e-01
-6.924611330032348633e-01
-6.934390664100646973e-01
-6.944171786308288574e-01
-6.953950524330139160e-01
-6.967354416847229004e-01
-6.996981501579284668e-01
-6.541278362274169922e-01
-6.485795974731445312e-01
-6.429793834686279297e-01
-6.372758150100708008e-01
-6.312163472175598145e-01
-6.225029230117797852e-01
-6.131891012191772461e-01
-5.985736846923828125e-01
-5.828882455825805664e-01
-5.704243183135986328e-01
-5.590981841087341309e-01
-5.527857542037963867e-01
-5.509856343269348145e-01
-5.491861104965209961e-01
-5.473857522010803223e-01
-5.455861091613769531e-01
-5.437863469123840332e-01
-5.419863462448120117e-01
-5.394906997680664062e-01
-5.369763374328613281e-01
-5.344622135162353516e-01
-5.319480895996093750e-01
-5.295695066452026367e-01
-5.287157893180847168e-01
-5.280821323394775391e-01
-5.279424190521240234e-01
-5.282440185546875000e-01
-5.293664932250976562e-01
-5.314676165580749512e-01
-5.333867669105529785e-01
-5.300737619400024414e-01
-5.257826447486877441e-01
-5.204439163208007812e-01
-5.200465917587280273e-01
-5.208932161331176758e-01
-5.184011459350585938e-01
-5.182989835739135742e-01
-5.242480039596557617e-01
-5.323699712753295898e-01
-5.404923558235168457e-01
-5.486146211624145508e-01
-5.567370057106018066e-01
-5.622645616531372070e-01
-5.660893917083740234e-01
-5.664730072021484375e-01
-5.642577409744262695e-01
-5.556432008743286133e-01
-5.432915091514587402e-01
-5.304260849952697754e-01
-5.175606012344360352e-01
-5.046951770782470703e-01
-4.914147853851318359e-01
-4.781776666641235352e-01
-4.731160998344421387e-01
-4.695281088352203369e-01
-4.660821259021759033e-01
-4.699926972389221191e-01
-4.744932353496551514e-01
-4.814182519912719727e-01
-4.890307784080505371e-01
-4.966430664062500000e-01
-5.042552947998046875e-01
-5.113261342048645020e-01
-5.179935693740844727e-01
-5.246608257293701172e-01
-5.313280820846557617e-01
-5.383013486862182617e-01
-5.401608347892761230e-01
-5.404974222183227539e-01
-5.411128997802734375e-01
-5.469372272491455078e-01
-5.532764792442321777e-01
-5.596274137496948242e-01
-5.686705112457275391e-01
-5.822697281837463379e-01
-5.958688855171203613e-01
-6.091533303260803223e-01
-6.232992410659790039e-01
-6.380199790000915527e-01
-6.541574597358703613e-01
-6.709122657775878906e-01
-6.876670718193054199e-01
-7.072315216064453125e-01
-7.268618345260620117e-01
-7.458162307739257812e-01
-7.621209025382995605e-01
-7.753213644027709961e-01
-7.827689051628112793e-01
-7.910927534103393555e-01
-7.987227439880371094e-01
-8.034116625785827637e-01
-8.011007905006408691e-01
-7.974350452423095703e-01
-7.936522364616394043e-01
-7.925338745117187500e-01
-7.929148674011230469e-01
-7.996276617050170898e-01
-8.011020421981811523e-01
-7.988977432250976562e-01
-7.922160625457763672e-01
-7.827243804931640625e-01
-7.728880643844604492e-01
-7.614662647247314453e-01
-7.500380277633666992e-01
-7.400420308113098145e-01
-7.348930835723876953e-01
-7.406373023986816406e-01
-7.480136156082153320e-01
-7.553893327713012695e-01
-7.627655267715454102e-01
-7.701416015625000000e-01
-7.775179147720336914e-01
-7.848937511444091797e-01
-7.922704219818115234e-01
-7.996463775634765625e-01
-8.028813600540161133e-01
-7.969377636909484863e-01
-7.823640704154968262e-01
-7.677902579307556152e-01
-7.532166838645935059e-01
-7.386436462402343750e-01
-7.238234877586364746e-01
-7.004607915878295898e-01
-6.883567571640014648e-01
-6.906540393829345703e-01
-6.920969486236572266e-01
-6.930745840072631836e-01
-6.940525770187377930e-01
-6.951322555541992188e-01
-6.402109861373901367e-01
-6.346107721328735352e-01
-6.287981867790222168e-01
-6.225265860557556152e-01
-6.145998835563659668e-01
-6.056391000747680664e-01
-5.929045081138610840e-01
-5.780762434005737305e-01
-5.657718777656555176e-01
-5.545060634613037109e-01
-5.431559681892395020e-01
-5.409220457077026367e-01
-5.391219854354858398e-01
-5.373223423957824707e-01
-5.355225801467895508e-01
-5.337226390838623047e-01
-5.319226980209350586e-01
-5.294345021247863770e-01
-5.269200801849365234e-01
-5.244060754776000977e-01
-5.218999981880187988e-01
-5.202893018722534180e-01
-5.192801952362060547e-01
-5.186349153518676758e-01
-5.180015563964843750e-01
-5.181045532226562500e-01
-5.185864567756652832e-01
-5.206880569458007812e-01
-5.227894186973571777e-01
-5.233033299446105957e-01
-5.189238786697387695e-01
-5.157304406166076660e-01
-5.124136209487915039e-01
-5.174105167388916016e-01
-5.192372798919677734e-01
-5.170844793319702148e-01
-5.170656442642211914e-01
-5.207083821296691895e-01
-5.288304686546325684e-01
-5.369526147842407227e-01
-5.443968772888183594e-01
-5.504446029663085938e-01
-5.542138814926147461e-01
-5.545600652694702148e-01
-5.545134544372558594e-01
-5.492961406707763672e-01
-5.372790694236755371e-01
-5.244137048721313477e-01
-5.115481615066528320e-01
-4.986826181411743164e-01
-4.858170747756958008e-01
-4.729965925216674805e-01
-4.636842310428619385e-01
-4.600963294506072998e-01
-4.565387666225433350e-01
-4.593558907508850098e-01
-4.640430212020874023e-01
-4.724033772945404053e-01
-4.800156354904174805e-01
-4.876281023025512695e-01
-4.952403306961059570e-01
-5.028526782989501953e-01
-5.103214383125305176e-01
-5.169888734817504883e-01
-5.236558318138122559e-01
-5.303233265876770020e-01
-5.377628207206726074e-01
-5.417553782463073730e-01
-5.421335697174072266e-01
-5.442789793014526367e-01
-5.503781437873840332e-01
-5.567175149917602539e-01
-5.631794929504394531e-01
-5.737426280975341797e-01
-5.873419046401977539e-01
-6.009409427642822266e-01
-6.142513155937194824e-01
-6.272875070571899414e-01
-6.411244869232177734e-01
-6.559819579124450684e-01
-6.724517941474914551e-01
-6.892067193984985352e-01
-7.088236212730407715e-01
-7.281606197357177734e-01
-7.471153140068054199e-01
-7.629264593124389648e-01
-7.755616307258605957e-01
-7.832734584808349609e-01
-7.887440323829650879e-01
-7.909892797470092773e-01
-7.964804172515869141e-01
-7.951009869575500488e-01
-7.918796539306640625e-01
-7.882627248764038086e-01
-7.863931655883789062e-01
-7.888785600662231445e-01
-7.946938276290893555e-01
-7.995430231094360352e-01
-8.015605807304382324e-01
-7.975351810455322266e-01
-7.912682294845581055e-01
-7.835495471954345703e-01
-7.752970457077026367e-01
-7.626106739044189453e-01
-7.488442659378051758e-01
-7.469905614852905273e-01
-7.536055445671081543e-01
-7.605668306350708008e-01
-7.658421993255615234e-01
-7.728852033615112305e-01
-7.802614569664001465e-01
-7.876373529434204102e-01
-7.950135469436645508e-01
-8.023899793624877930e-01
-8.097657561302185059e-01
-8.115137219429016113e-01
-8.048264980316162109e-01
-7.892255783081054688e-01
-7.736245393753051758e-01
-7.579990625381469727e-01
-7.423541545867919922e-01
-7.273709774017333984e-01
-7.090237736701965332e-01
-6.851609349250793457e-01
-6.863686442375183105e-01
-6.888092756271362305e-01
-6.907540559768676758e-01
-6.917322278022766113e-01
-6.927099823951721191e-01
-6.262413859367370605e-01
-6.203202009201049805e-01
-6.138364672660827637e-01
-6.067945361137390137e-01
-5.981299877166748047e-01
-5.872354507446289062e-01
-5.740010142326354980e-01
-5.614182353019714355e-01
-5.499145984649658203e-01
-5.385645031929016113e-01
-5.308579206466674805e-01
-5.290585160255432129e-01
-5.272582769393920898e-01
-5.254586935043334961e-01
-5.236585140228271484e-01
-5.218591094017028809e-01
-5.193783044815063477e-01
-5.168639421463012695e-01
-5.143499374389648438e-01
-5.126196146011352539e-01
-5.110092163085937500e-01
-5.098477005958557129e-01
-5.091871023178100586e-01
-5.085535049438476562e-01
-5.079658031463623047e-01
-5.082669258117675781e-01
-5.099081993103027344e-01
-5.120095610618591309e-01
-5.140582919120788574e-01
-5.122832059860229492e-01
-5.078320503234863281e-01
-5.082298517227172852e-01
-5.082043409347534180e-01
-5.154632925987243652e-01
-5.175811052322387695e-01
-5.158514380455017090e-01
-5.158323645591735840e-01
-5.171684026718139648e-01
-5.246306061744689941e-01
-5.319433212280273438e-01
-5.386243462562561035e-01
-5.423316955566406250e-01
-5.426478385925292969e-01
-5.429635047912597656e-01
-5.403753519058227539e-01
-5.312662124633789062e-01
-5.184007883071899414e-01
-5.055354833602905273e-01
-4.926699995994567871e-01
-4.798045158386230469e-01
-4.675363600254058838e-01
-4.547411203384399414e-01
-4.506644010543823242e-01
-4.470773339271545410e-01
-4.487190246582031250e-01
-4.528469443321228027e-01
-4.614113569259643555e-01
-4.710004329681396484e-01
-4.786129593849182129e-01
-4.862251877784729004e-01
-4.938375949859619141e-01
-5.014499425888061523e-01
-5.090623497962951660e-01
-5.159840583801269531e-01
-5.226514339447021484e-01
-5.293799042701721191e-01
-5.373812913894653320e-01
-5.430779457092285156e-01
-5.438353419303894043e-01
-5.475162267684936523e-01
-5.538190603256225586e-01
-5.601584315299987793e-01
-5.667316317558288574e-01
-5.788149833679199219e-01
-5.924138426780700684e-01
-6.060128211975097656e-01
-6.193491220474243164e-01
-6.323853135108947754e-01
-6.454218626022338867e-01
-6.592475175857543945e-01
-6.746385097503662109e-01
-6.907463073730468750e-01
-7.104153633117675781e-01
-7.294591665267944336e-01
-7.484138011932373047e-01
-7.637318372726440430e-01
-7.748638391494750977e-01
-7.821578383445739746e-01
-7.865022420883178711e-01
-7.897324562072753906e-01
-7.910677194595336914e-01
-7.884627580642700195e-01
-7.859103679656982422e-01
-7.827246189117431641e-01
-7.795369029045104980e-01
-7.848213911056518555e-01
-7.916294336318969727e-01
-7.961636185646057129e-01
-7.976256608963012695e-01
-7.944413423538208008e-01
-7.889236211776733398e-01
-7.818057537078857422e-01
-7.741771340370178223e-01
-7.622458934783935547e-01
-7.497688531875610352e-01
-7.450604438781738281e-01
-7.487185597419738770e-01
-7.561393976211547852e-01
-7.636744976043701172e-01
-7.712098360061645508e-01
-7.787294983863830566e-01
-7.862160205841064453e-01
-7.937023639678955078e-01
-8.012776374816894531e-01
-8.108835220336914062e-01
-8.142031431198120117e-01
-8.098288774490356445e-01
-7.966521382331848145e-01
-7.832380533218383789e-01
-7.676714658737182617e-01
-7.520290613174438477e-01
-7.363842725753784180e-01
-7.201751470565795898e-01
-6.965354084968566895e-01
-6.842503547668457031e-01
-6.860852241516113281e-01
-6.874990463256835938e-01
-6.894047856330871582e-01
-6.903899908065795898e-01
