-1.444336771965026855e+00
-1.441379070281982422e+00
-1.443846702575683594e+00
-1.446312785148620605e+00
-1.447485327720642090e+00
-1.448496460914611816e+00
-1.449505209922790527e+00
-1.450515508651733398e+00
-1.451524734497070312e+00
-1.445068955421447754e+00
-1.432099103927612305e+00
-1.419129252433776855e+00
-1.406159281730651855e+00
-1.393190741539001465e+00
-1.380222201347351074e+00
-1.369715571403503418e+00
-1.359212517738342285e+00
-1.348711371421813965e+00
-1.338636040687561035e+00
-1.329329490661621094e+00
-1.320854425430297852e+00
-1.325054049491882324e+00
-1.330766081809997559e+00
-1.345191359519958496e+00
-1.362421870231628418e+00
-1.379651069641113281e+00
-1.396881222724914551e+00
-1.414110302925109863e+00
-1.417088985443115234e+00
-1.409749627113342285e+00
-1.401178002357482910e+00
-1.392606139183044434e+00
-1.384034991264343262e+00
-1.375462889671325684e+00
-1.366891741752624512e+00
-1.358319401741027832e+00
-1.353717684745788574e+00
-1.352045536041259766e+00
-1.352635979652404785e+00
-1.353401660919189453e+00
-1.354167580604553223e+00
-1.353269934654235840e+00
-1.363763451576232910e+00
-1.376248478889465332e+00
-1.388353466987609863e+00
-1.400460124015808105e+00
-1.412565469741821289e+00
-1.421584486961364746e+00
-1.424969553947448730e+00
-1.428138136863708496e+00
-1.429270029067993164e+00
-1.427385330200195312e+00
-1.410595774650573730e+00
-1.397963404655456543e+00
-1.385339736938476562e+00
-1.372716784477233887e+00
-1.360093355178833008e+00
-1.347470402717590332e+00
-1.332407593727111816e+00
-1.315667510032653809e+00
-1.294371962547302246e+00
-1.279738068580627441e+00
-1.275590062141418457e+00
-1.270302295684814453e+00
-1.271579861640930176e+00
-1.273639082908630371e+00
-1.275697946548461914e+00
-1.276927113533020020e+00
-1.278484940528869629e+00
-1.280510425567626953e+00
-1.282580018043518066e+00
-1.285260796546936035e+00
-1.287384271621704102e+00
-1.289950966835021973e+00
-1.293664336204528809e+00
-1.295972228050231934e+00
-1.297721743583679199e+00
-1.301920771598815918e+00
-1.301669478416442871e+00
-1.299030900001525879e+00
-1.296392440795898438e+00
-1.293754577636718750e+00
-1.291337132453918457e+00
-1.292240858078002930e+00
-1.296326279640197754e+00
-1.304386734962463379e+00
-1.318816781044006348e+00
-1.334063768386840820e+00
-1.349326014518737793e+00
-1.364731788635253906e+00
-1.377178192138671875e+00
-1.381633400917053223e+00
-1.382385373115539551e+00
-1.383137464523315430e+00
-1.381283879280090332e+00
-1.370779037475585938e+00
-1.355663537979125977e+00
-1.343305706977844238e+00
-1.338403344154357910e+00
-1.333501577377319336e+00
-1.332251429557800293e+00
-1.327258229255676270e+00
-1.325590968132019043e+00
-1.324589967727661133e+00
-1.324371814727783203e+00
-1.327480196952819824e+00
-1.333343386650085449e+00
-1.340813398361206055e+00
-1.345732331275939941e+00
-1.350929856300354004e+00
-1.358941316604614258e+00
-1.363655686378479004e+00
-1.368370175361633301e+00
-1.373084664344787598e+00
-1.377531170845031738e+00
-1.381917357444763184e+00
-1.385777115821838379e+00
-1.389395833015441895e+00
-1.393014788627624512e+00
-1.395005226135253906e+00
-1.394999742507934570e+00
-1.403222203254699707e+00
-1.403540730476379395e+00
-1.391703486442565918e+00
-1.379865765571594238e+00
-1.368028044700622559e+00
-1.356310486793518066e+00
-1.345915436744689941e+00
-1.335519671440124512e+00
-1.434557318687438965e+00
-1.428122997283935547e+00
-1.429415822029113770e+00
-1.431883454322814941e+00
-1.434350967407226562e+00
-1.436817169189453125e+00
-1.437905550003051758e+00
-1.438916444778442383e+00
-1.439925670623779297e+00
-1.431580781936645508e+00
-1.418611764907836914e+00
-1.405642390251159668e+00
-1.392673969268798828e+00
-1.379703879356384277e+00
-1.366733908653259277e+00
-1.354657530784606934e+00
-1.344155669212341309e+00
-1.333652615547180176e+00
-1.323149323463439941e+00
-1.312900900840759277e+00
-1.306807875633239746e+00
-1.315968155860900879e+00
-1.324317932128906250e+00
-1.339630603790283203e+00
-1.357600092887878418e+00
-1.374829530715942383e+00
-1.392059445381164551e+00
-1.409289002418518066e+00
-1.416202068328857422e+00
-1.412600517272949219e+00
-1.404029250144958496e+00
-1.395457625389099121e+00
-1.386885285377502441e+00
-1.378313899040222168e+00
-1.369741201400756836e+00
-1.361168861389160156e+00
-1.352597951889038086e+00
-1.346049904823303223e+00
-1.345433592796325684e+00
-1.346027016639709473e+00
-1.346792578697204590e+00
-1.347558736801147461e+00
-1.348815560340881348e+00
-1.361577630043029785e+00
-1.373683571815490723e+00
-1.385789275169372559e+00
-1.397894501686096191e+00
-1.409999966621398926e+00
-1.417224764823913574e+00
-1.416857838630676270e+00
-1.413847804069519043e+00
-1.404657602310180664e+00
-1.387852907180786133e+00
-1.373834967613220215e+00
-1.361211419105529785e+00
-1.348588109016418457e+00
-1.335964798927307129e+00
-1.323341488838195801e+00
-1.310346245765686035e+00
-1.293820261955261230e+00
-1.286159396171569824e+00
-1.279370665550231934e+00
-1.278349280357360840e+00
-1.278254270553588867e+00
-1.281539082527160645e+00
-1.283494114875793457e+00
-1.284486174583435059e+00
-1.285478591918945312e+00
-1.287285685539245605e+00
-1.289559721946716309e+00
-1.292325854301452637e+00
-1.295380711555480957e+00
-1.297561287879943848e+00
-1.300934553146362305e+00
-1.304595589637756348e+00
-1.306462526321411133e+00
-1.308105826377868652e+00
-1.310888171195983887e+00
-1.308786034584045410e+00
-1.306147575378417969e+00
-1.303509593009948730e+00
-1.300871491432189941e+00
-1.298570871353149414e+00
-1.299992918968200684e+00
-1.306220054626464844e+00
-1.319807291030883789e+00
-1.335054159164428711e+00
-1.350301146507263184e+00
-1.365644931793212891e+00
-1.380275726318359375e+00
-1.383751034736633301e+00
-1.384502649307250977e+00
-1.385254502296447754e+00
-1.386006951332092285e+00
-1.384371161460876465e+00
-1.373217225074768066e+00
-1.359326720237731934e+00
-1.350604414939880371e+00
-1.345702290534973145e+00
-1.340799212455749512e+00
-1.337788820266723633e+00
-1.327684760093688965e+00
-1.324511170387268066e+00
-1.323500156402587891e+00
-1.323868632316589355e+00
-1.327729582786560059e+00
-1.333417892456054688e+00
-1.339489102363586426e+00
-1.343272209167480469e+00
-1.348207235336303711e+00
-1.356612563133239746e+00
-1.361596941947937012e+00
-1.365184426307678223e+00
-1.368801712989807129e+00
-1.372839331626892090e+00
-1.376458287239074707e+00
-1.380077242851257324e+00
-1.383696436882019043e+00
-1.386510491371154785e+00
-1.387220144271850586e+00
-1.391038537025451660e+00
-1.400403618812561035e+00
-1.397693395614624023e+00
-1.385856270790100098e+00
-1.374018311500549316e+00
-1.362180829048156738e+00
-1.351573944091796875e+00
-1.341178774833679199e+00
-1.330783724784851074e+00
-1.424078702926635742e+00
-1.416112065315246582e+00
-1.415511727333068848e+00
-1.417263507843017578e+00
-1.419901013374328613e+00
-1.422387242317199707e+00
-1.424854040145874023e+00
-1.427314996719360352e+00
-1.428326368331909180e+00
-1.417438507080078125e+00
-1.405125379562377930e+00
-1.392156362533569336e+00
-1.379186391830444336e+00
-1.366216778755187988e+00
-1.353247165679931641e+00
-1.340277791023254395e+00
-1.329097628593444824e+00
-1.320022821426391602e+00
-1.313574671745300293e+00
-1.307127714157104492e+00
-1.309321165084838867e+00
-1.314964652061462402e+00
-1.323522686958312988e+00
-1.337411522865295410e+00
-1.352792143821716309e+00
-1.370008349418640137e+00
-1.387237787246704102e+00
-1.404467105865478516e+00
-1.412853479385375977e+00
-1.413911819458007812e+00
-1.406879544258117676e+00
-1.398306846618652344e+00
-1.389735817909240723e+00
-1.381163358688354492e+00
-1.372591614723205566e+00
-1.364020466804504395e+00
-1.355448126792907715e+00
-1.346875786781311035e+00
-1.338782310485839844e+00
-1.338820457458496094e+00
-1.339417815208435059e+00
-1.340184330940246582e+00
-1.340950369834899902e+00
-1.346888065338134766e+00
-1.359012722969055176e+00
-1.371073603630065918e+00
-1.379108071327209473e+00
-1.387142062187194824e+00
-1.395177006721496582e+00
-1.396535515785217285e+00
-1.393910765647888184e+00
-1.383590459823608398e+00
-1.365352511405944824e+00
-1.349706530570983887e+00
-1.337083101272583008e+00
-1.324459791183471680e+00
-1.311836361885070801e+00
-1.299213290214538574e+00
-1.286952376365661621e+00
-1.286172032356262207e+00
-1.283721089363098145e+00
-1.281550884246826172e+00
-1.280529379844665527e+00
-1.286700725555419922e+00
-1.290839552879333496e+00
-1.292045116424560547e+00
-1.293037533760070801e+00
-1.294218659400939941e+00
-1.296648621559143066e+00
-1.299365162849426270e+00
-1.302468180656433105e+00
-1.305557847023010254e+00
-1.308204531669616699e+00
-1.311917901039123535e+00
-1.315309643745422363e+00
-1.316953063011169434e+00
-1.318492531776428223e+00
-1.318541169166564941e+00
-1.315902829170227051e+00
-1.313264727592468262e+00
-1.310626387596130371e+00
-1.307988286018371582e+00
-1.305658102035522461e+00
-1.307739853858947754e+00
-1.320797562599182129e+00
-1.336044192314147949e+00
-1.351290941238403320e+00
-1.366558074951171875e+00
-1.376710534095764160e+00
-1.381465554237365723e+00
-1.386620044708251953e+00
-1.387372255325317383e+00
-1.388124227523803711e+00
-1.388876438140869141e+00
-1.387458562850952148e+00
-1.376288771629333496e+00
-1.363745570182800293e+00
-1.357903003692626953e+00
-1.353000879287719727e+00
-1.347920536994934082e+00
-1.338246822357177734e+00
-1.328110814094543457e+00
-1.323440670967102051e+00
-1.322379946708679199e+00
-1.323745608329772949e+00
-1.327978849411010742e+00
-1.332697749137878418e+00
-1.337636113166809082e+00
-1.340360164642333984e+00
-1.345484137535095215e+00
-1.353550314903259277e+00
-1.356927990913391113e+00
-1.359901785850524902e+00
-1.363520741462707520e+00
-1.367139935493469238e+00
-1.370759129524230957e+00
-1.374377846717834473e+00
-1.377996444702148438e+00
-1.379439949989318848e+00
-1.379239797592163086e+00
-1.388219118118286133e+00
-1.396877884864807129e+00
-1.391846537590026855e+00
-1.380009174346923828e+00
-1.368171095848083496e+00
-1.357232809066772461e+00
-1.346837401390075684e+00
-1.336442470550537109e+00
-1.326046824455261230e+00
-1.412504553794860840e+00
-1.404537916183471680e+00
-1.401498317718505859e+00
-1.401634931564331055e+00
-1.403675556182861328e+00
-1.406311631202697754e+00
-1.408950328826904297e+00
-1.411588191986083984e+00
-1.411782622337341309e+00
-1.402239203453063965e+00
-1.390847086906433105e+00
-1.378047823905944824e+00
-1.365249991416931152e+00
-1.352450966835021973e+00
-1.341780900955200195e+00
-1.332976222038269043e+00
-1.324281573295593262e+00
-1.317833781242370605e+00
-1.311387419700622559e+00
-1.304940462112426758e+00
-1.311269283294677734e+00
-1.318335652351379395e+00
-1.323984980583190918e+00
-1.336344718933105469e+00
-1.350840210914611816e+00
-1.366110444068908691e+00
-1.382417201995849609e+00
-1.399645686149597168e+00
-1.408731937408447266e+00
-1.412463068962097168e+00
-1.409729480743408203e+00
-1.401157975196838379e+00
-1.392585873603820801e+00
-1.384015083312988281e+00
-1.375442981719970703e+00
-1.366870641708374023e+00
-1.358298540115356445e+00
-1.349726557731628418e+00
-1.341155052185058594e+00
-1.333938717842102051e+00
-1.332208514213562012e+00
-1.332809329032897949e+00
-1.333166956901550293e+00
-1.328958153724670410e+00
-1.335759282112121582e+00
-1.343825221061706543e+00
-1.351860165596008301e+00
-1.359894633293151855e+00
-1.367928624153137207e+00
-1.375964045524597168e+00
-1.373889803886413574e+00
-1.362932085990905762e+00
-1.344703674316406250e+00
-1.326504230499267578e+00
-1.312954783439636230e+00
-1.300331234931945801e+00
-1.287707805633544922e+00
-1.278721451759338379e+00
-1.280538439750671387e+00
-1.281854748725891113e+00
-1.281163334846496582e+00
-1.283730626106262207e+00
-1.284304857254028320e+00
-1.292081713676452637e+00
-1.298079371452331543e+00
-1.300664544105529785e+00
-1.301973581314086914e+00
-1.303882241249084473e+00
-1.306544423103332520e+00
-1.309506535530090332e+00
-1.312610030174255371e+00
-1.315713047981262207e+00
-1.319187998771667480e+00
-1.322901368141174316e+00
-1.325800061225891113e+00
-1.327354788780212402e+00
-1.328847289085388184e+00
-1.326285362243652344e+00
-1.323019862174987793e+00
-1.320381522178649902e+00
-1.317743420600891113e+00
-1.315105080604553223e+00
-1.312745451927185059e+00
-1.320902943611145020e+00
-1.336847186088562012e+00
-1.352281451225280762e+00
-1.367528438568115234e+00
-1.373145937919616699e+00
-1.377020597457885742e+00
-1.383196234703063965e+00
-1.389462947845458984e+00
-1.390241503715515137e+00
-1.390993714332580566e+00
-1.391745567321777344e+00
-1.389953851699829102e+00
-1.380691647529602051e+00
-1.370372533798217773e+00
-1.365201592445373535e+00
-1.360279917716979980e+00
-1.348847985267639160e+00
-1.338704705238342285e+00
-1.328562140464782715e+00
-1.322113037109375000e+00
-1.321366786956787109e+00
-1.323994874954223633e+00
-1.328112125396728516e+00
-1.331421852111816406e+00
-1.335152506828308105e+00
-1.337426066398620605e+00
-1.340733647346496582e+00
-1.347483754158020020e+00
-1.350583553314208984e+00
-1.354202389717102051e+00
-1.357820987701416016e+00
-1.361440300941467285e+00
-1.365059256553649902e+00
-1.368678092956542969e+00
-1.371125578880310059e+00
-1.371460080146789551e+00
-1.376035571098327637e+00
-1.385399818420410156e+00
-1.392064213752746582e+00
-1.385999321937561035e+00
-1.374161839485168457e+00
-1.362924456596374512e+00
-1.352496504783630371e+00
-1.342101097106933594e+00
-1.333433032035827637e+00
-1.327437996864318848e+00
-1.400928616523742676e+00
-1.392962813377380371e+00
-1.387486815452575684e+00
-1.387622475624084473e+00
-1.387757897377014160e+00
-1.390086770057678223e+00
-1.392724037170410156e+00
-1.395362496376037598e+00
-1.392918109893798828e+00
-1.383461713790893555e+00
-1.373947143554687500e+00
-1.365596771240234375e+00
-1.356853365898132324e+00
-1.348111271858215332e+00
-1.339367389678955078e+00
-1.330624103546142578e+00
-1.321881413459777832e+00
-1.314253211021423340e+00
-1.307975411415100098e+00
-1.304975509643554688e+00
-1.312413692474365234e+00
-1.319851279258728027e+00
-1.326925277709960938e+00
-1.337752699851989746e+00
-1.349970102310180664e+00
-1.364319205284118652e+00
-1.379047989845275879e+00
-1.394824147224426270e+00
-1.404608964920043945e+00
-1.408554434776306152e+00
-1.410735011100769043e+00
-1.404008507728576660e+00
-1.395437240600585938e+00
-1.386864781379699707e+00
-1.378292798995971680e+00
-1.369720697402954102e+00
-1.361148715019226074e+00
-1.352577567100524902e+00
-1.344005227088928223e+00
-1.334661245346069336e+00
-1.324428677558898926e+00
-1.316680192947387695e+00
-1.313214659690856934e+00
-1.309119701385498047e+00
-1.306567788124084473e+00
-1.316533446311950684e+00
-1.324612140655517578e+00
-1.332646250724792480e+00
-1.340680718421936035e+00
-1.348715424537658691e+00
-1.353841066360473633e+00
-1.342283606529235840e+00
-1.324054837226867676e+00
-1.305827260017395020e+00
-1.290436625480651855e+00
-1.276246428489685059e+00
-1.270665526390075684e+00
-1.272482514381408691e+00
-1.274159550666809082e+00
-1.275529265403747559e+00
-1.280606627464294434e+00
-1.285081386566162109e+00
-1.289344906806945801e+00
-1.296841263771057129e+00
-1.304613232612609863e+00
-1.309480190277099609e+00
-1.311620116233825684e+00
-1.313778281211853027e+00
-1.316545844078063965e+00
-1.319649100303649902e+00
-1.322751879692077637e+00
-1.326401114463806152e+00
-1.330171704292297363e+00
-1.333885192871093750e+00
-1.336216568946838379e+00
-1.337709307670593262e+00
-1.338973879814147949e+00
-1.334501862525939941e+00
-1.330137014389038086e+00
-1.327498793601989746e+00
-1.324860215187072754e+00
-1.322222232818603516e+00
-1.324361681938171387e+00
-1.336301922798156738e+00
-1.352403402328491211e+00
-1.365826487541198730e+00
-1.369580984115600586e+00
-1.373455405235290527e+00
-1.377925276756286621e+00
-1.384926199913024902e+00
-1.391927123069763184e+00
-1.393110990524291992e+00
-1.393862962722778320e+00
-1.394615292549133301e+00
-1.393003106117248535e+00
-1.386008858680725098e+00
-1.377402067184448242e+00
-1.372493743896484375e+00
-1.361998200416564941e+00
-1.349305987358093262e+00
-1.339163422584533691e+00
-1.328762412071228027e+00
-1.320782303810119629e+00
-1.320877552032470703e+00
-1.324256062507629395e+00
-1.327361464500427246e+00
-1.329582571983337402e+00
-1.330794453620910645e+00
-1.331024646759033203e+00
-1.333881258964538574e+00
-1.340068936347961426e+00
-1.344883799552917480e+00
-1.348502635955810547e+00
-1.352121233940124512e+00
-1.355740189552307129e+00
-1.359359502792358398e+00
-1.362630963325500488e+00
-1.363679766654968262e+00
-1.363851666450500488e+00
-1.373216271400451660e+00
-1.382580876350402832e+00
-1.386923193931579590e+00
-1.380152225494384766e+00
-1.368717074394226074e+00
-1.358155727386474609e+00
-1.347832798957824707e+00
-1.341838359832763672e+00
-1.335843920707702637e+00
-1.330152869224548340e+00
-1.389354467391967773e+00
-1.381388664245605469e+00
-1.373474001884460449e+00
-1.373610973358154297e+00
-1.373745799064636230e+00
-1.373881936073303223e+00
-1.376498699188232422e+00
-1.379136919975280762e+00
-1.377586126327514648e+00
-1.372187256813049316e+00
-1.366788029670715332e+00
-1.360524415969848633e+00
-1.353239417076110840e+00
-1.345697760581970215e+00
-1.336954951286315918e+00
-1.328210949897766113e+00
-1.319468379020690918e+00
-1.310724258422851562e+00
-1.303993463516235352e+00
-1.305205464363098145e+00
-1.312644004821777344e+00
-1.320082545280456543e+00
-1.327618002891540527e+00
-1.339175105094909668e+00
-1.351508259773254395e+00
-1.363383769989013672e+00
-1.376202225685119629e+00
-1.390503764152526855e+00
-1.399149537086486816e+00
-1.403290033340454102e+00
-1.407406091690063477e+00
-1.405983924865722656e+00
-1.397656083106994629e+00
-1.389255642890930176e+00
-1.380854487419128418e+00
-1.372452855110168457e+00
-1.362863421440124512e+00
-1.350219726562500000e+00
-1.337577104568481445e+00
-1.324933409690856934e+00
-1.312291026115417480e+00
-1.303114056587219238e+00
-1.295191526412963867e+00
-1.289438724517822266e+00
-1.283882021903991699e+00
-1.287190318107604980e+00
-1.297307848930358887e+00
-1.305398464202880859e+00
-1.313432693481445312e+00
-1.321467041969299316e+00
-1.328413367271423340e+00
-1.321595668792724609e+00
-1.303406596183776855e+00
-1.285178661346435547e+00
-1.268594622611999512e+00
-1.264797925949096680e+00
-1.264578461647033691e+00
-1.266109347343444824e+00
-1.267479062080383301e+00
-1.271735548973083496e+00
-1.279648423194885254e+00
-1.283116936683654785e+00
-1.294290065765380859e+00
-1.302267193794250488e+00
-1.310400128364562988e+00
-1.317619919776916504e+00
-1.321266889572143555e+00
-1.323674321174621582e+00
-1.326687693595886230e+00
-1.329791307449340820e+00
-1.332894444465637207e+00
-1.337350010871887207e+00
-1.341154694557189941e+00
-1.344726920127868652e+00
-1.346571445465087891e+00
-1.348063945770263672e+00
-1.347921729087829590e+00
-1.342718362808227539e+00
-1.337515115737915039e+00
-1.334615588188171387e+00
-1.331977725028991699e+00
-1.332083225250244141e+00
-1.339020490646362305e+00
-1.351858258247375488e+00
-1.360803484916687012e+00
-1.365373253822326660e+00
-1.369890689849853516e+00
-1.373765110969543457e+00
-1.379655838012695312e+00
-1.386656761169433594e+00
-1.393657565116882324e+00
-1.395980238914489746e+00
-1.396732449531555176e+00
-1.397414684295654297e+00
-1.397452473640441895e+00
-1.392744183540344238e+00
-1.384701132774353027e+00
-1.376663327217102051e+00
-1.361497282981872559e+00
-1.349764108657836914e+00
-1.339361906051635742e+00
-1.328959822654724121e+00
-1.319589972496032715e+00
-1.320388078689575195e+00
-1.324490547180175781e+00
-1.325243830680847168e+00
-1.324145793914794922e+00
-1.323930621147155762e+00
-1.323393225669860840e+00
-1.326253414154052734e+00
-1.333458781242370605e+00
-1.339183807373046875e+00
-1.342802882194519043e+00
-1.346421718597412109e+00
-1.350040674209594727e+00
-1.353659868240356445e+00
-1.355740666389465332e+00
-1.355700612068176270e+00
-1.361032605171203613e+00
-1.370396971702575684e+00
-1.379761815071105957e+00
-1.381781697273254395e+00
-1.374509215354919434e+00
-1.363814949989318848e+00
-1.356239199638366699e+00
-1.350243926048278809e+00
-1.344252467155456543e+00
-1.341076970100402832e+00
-1.340234875679016113e+00
-1.378281831741333008e+00
-1.370051980018615723e+00
-1.361848473548889160e+00
-1.359598278999328613e+00
-1.359914422035217285e+00
-1.364106297492980957e+00
-1.368564248085021973e+00
-1.375258326530456543e+00
-1.371591448783874512e+00
-1.366193890571594238e+00
-1.360794425010681152e+00
-1.355151534080505371e+00
-1.347994923591613770e+00
-1.340710043907165527e+00
-1.333424091339111328e+00
-1.325798153877258301e+00
-1.317055583000183105e+00
-1.308311700820922852e+00
-1.300008654594421387e+00
-1.305436134338378906e+00
-1.312873721122741699e+00
-1.320311665534973145e+00
-1.327782511711120605e+00
-1.339760541915893555e+00
-1.353086352348327637e+00
-1.365420699119567871e+00
-1.376798152923583984e+00
-1.387984275817871094e+00
-1.395771145820617676e+00
-1.397214174270629883e+00
-1.401487350463867188e+00
-1.404485821723937988e+00
-1.398711323738098145e+00
-1.388809800148010254e+00
-1.376337051391601562e+00
-1.363865017890930176e+00
-1.351392388343811035e+00
-1.338919997215270996e+00
-1.326447606086730957e+00
-1.313974738121032715e+00
-1.301502823829650879e+00
-1.289205670356750488e+00
-1.281078696250915527e+00
-1.273079156875610352e+00
-1.263821482658386230e+00
-1.258808016777038574e+00
-1.267776131629943848e+00
-1.278081774711608887e+00
-1.286184430122375488e+00
-1.294219136238098145e+00
-1.301114439964294434e+00
-1.296793580055236816e+00
-1.282758593559265137e+00
-1.264871120452880859e+00
-1.260353684425354004e+00
-1.260760307312011719e+00
-1.260756373405456543e+00
-1.260090112686157227e+00
-1.260799050331115723e+00
-1.268369436264038086e+00
-1.276050209999084473e+00
-1.285613417625427246e+00
-1.299303054809570312e+00
-1.308122038841247559e+00
-1.316254973411560059e+00
-1.324388027191162109e+00
-1.329966187477111816e+00
-1.333726763725280762e+00
-1.336830019950866699e+00
-1.339933276176452637e+00
-1.343662261962890625e+00
-1.348298430442810059e+00
-1.352094888687133789e+00
-1.355345010757446289e+00
-1.356925964355468750e+00
-1.358418464660644531e+00
-1.356137871742248535e+00
-1.350934982299804688e+00
-1.345731735229492188e+00
-1.341732740402221680e+00
-1.340052962303161621e+00
-1.345880866050720215e+00
-1.354489922523498535e+00
-1.355780243873596191e+00
-1.360350489616394043e+00
-1.364950060844421387e+00
-1.369678854942321777e+00
-1.374385356903076172e+00
-1.381386160850524902e+00
-1.388386964797973633e+00
-1.395388007164001465e+00
-1.398849725723266602e+00
-1.399575471878051758e+00
-1.400908589363098145e+00
-1.402973055839538574e+00
-1.399371147155761719e+00
-1.391090989112854004e+00
-1.376162528991699219e+00
-1.360995888710021973e+00
-1.349962353706359863e+00
-1.339559674263000488e+00
-1.329156994819641113e+00
-1.319200158119201660e+00
-1.320307374000549316e+00
-1.321419835090637207e+00
-1.319634318351745605e+00
-1.316692709922790527e+00
-1.316113352775573730e+00
-1.315575838088989258e+00
-1.318964600563049316e+00
-1.327300190925598145e+00
-1.333484172821044922e+00
-1.337103247642517090e+00
-1.340722680091857910e+00
-1.344341397285461426e+00
-1.347245812416076660e+00
-1.347920417785644531e+00
-1.348848700523376465e+00
-1.358213305473327637e+00
-1.367578268051147461e+00
-1.375113487243652344e+00
-1.376646399497985840e+00
-1.370732665061950684e+00
-1.364644527435302734e+00
-1.358650088310241699e+00
-1.353021264076232910e+00
-1.352000832557678223e+00
-1.351112723350524902e+00
-1.350219964981079102e+00
-1.367259979248046875e+00
-1.359915018081665039e+00
-1.355740547180175781e+00
-1.354844570159912109e+00
-1.358770489692687988e+00
-1.362962603569030762e+00
-1.367155671119689941e+00
-1.370996117591857910e+00
-1.365596175193786621e+00
-1.360197782516479492e+00
-1.354799866676330566e+00
-1.349336028099060059e+00
-1.342749953269958496e+00
-1.335465073585510254e+00
-1.328179955482482910e+00
-1.320894360542297363e+00
-1.313608407974243164e+00
-1.305898070335388184e+00
-1.299357175827026367e+00
-1.305665493011474609e+00
-1.313104033470153809e+00
-1.320542216300964355e+00
-1.327980160713195801e+00
-1.339487195014953613e+00
-1.354000806808471680e+00
-1.366997957229614258e+00
-1.379331707954406738e+00
-1.390210986137390137e+00
-1.395296454429626465e+00
-1.394499421119689941e+00
-1.393422245979309082e+00
-1.393705368041992188e+00
-1.389380097389221191e+00
-1.377286672592163086e+00
-1.364814877510070801e+00
-1.352341771125793457e+00
-1.339869379997253418e+00
-1.327396988868713379e+00
-1.314924836158752441e+00
-1.302451610565185547e+00
-1.289980173110961914e+00
-1.277507424354553223e+00
-1.265890359878540039e+00
-1.258139014244079590e+00
-1.248159050941467285e+00
-1.238637089729309082e+00
-1.235582947731018066e+00
-1.246774315834045410e+00
-1.257363200187683105e+00
-1.265649318695068359e+00
-1.271998047828674316e+00
-1.267669200897216797e+00
-1.262504935264587402e+00
-1.260676622390747070e+00
-1.257058978080749512e+00
-1.256193518638610840e+00
-1.256323337554931641e+00
-1.255938649177551270e+00
-1.257928490638732910e+00
-1.264648675918579102e+00
-1.272870063781738281e+00
-1.288731694221496582e+00
-1.302421450614929199e+00
-1.313976645469665527e+00
-1.322109580039978027e+00
-1.330243110656738281e+00
-1.338292479515075684e+00
-1.343789219856262207e+00
-1.346972227096557617e+00
-1.350075483322143555e+00
-1.354611277580261230e+00
-1.359218358993530273e+00
-1.362942814826965332e+00
-1.365788459777832031e+00
-1.367280960083007812e+00
-1.368631243705749512e+00
-1.364354491233825684e+00
-1.359151244163513184e+00
-1.353948354721069336e+00
-1.348849534988403320e+00
-1.353127837181091309e+00
-1.356902122497558594e+00
-1.354052901268005371e+00
-1.355327129364013672e+00
-1.359897375106811523e+00
-1.364578723907470703e+00
-1.369307398796081543e+00
-1.375767827033996582e+00
-1.383116841316223145e+00
-1.390117406845092773e+00
-1.397118210792541504e+00
-1.401719212532043457e+00
-1.402348756790161133e+00
-1.405833959579467773e+00
-1.410294651985168457e+00
-1.405979871749877930e+00
-1.390827894210815430e+00
-1.375660300254821777e+00
-1.360562086105346680e+00
-1.350159764289855957e+00
-1.339757442474365234e+00
-1.329354882240295410e+00
-1.318364262580871582e+00
-1.316960811614990234e+00
-1.315869212150573730e+00
-1.312186837196350098e+00
-1.308888077735900879e+00
-1.308295965194702148e+00
-1.307758569717407227e+00
-1.312601089477539062e+00
-1.321141600608825684e+00
-1.327784776687622070e+00
-1.331403851509094238e+00
-1.335022330284118652e+00
-1.338641762733459473e+00
-1.340140938758850098e+00
-1.339940667152404785e+00
-1.346029639244079590e+00
-1.355394482612609863e+00
-1.364759564399719238e+00
-1.369974851608276367e+00
-1.376322388648986816e+00
-1.373050212860107422e+00
-1.367252349853515625e+00
-1.363767266273498535e+00
-1.362877488136291504e+00
-1.361985683441162109e+00
-1.361093163490295410e+00
-1.360201835632324219e+00
-1.365937352180480957e+00
-1.361761808395385742e+00
-1.357588768005371094e+00
-1.354253888130187988e+00
-1.358181715011596680e+00
-1.362110853195190430e+00
-1.366038322448730469e+00
-1.366659760475158691e+00
-1.359601497650146484e+00
-1.354203104972839355e+00
-1.348804593086242676e+00
-1.343405842781066895e+00
-1.337506890296936035e+00
-1.330220222473144531e+00
-1.322935461997985840e+00
-1.315650224685668945e+00
-1.308364272117614746e+00
-1.301078319549560547e+00
-1.300207614898681641e+00
-1.306129217147827148e+00
-1.313333868980407715e+00
-1.320773005485534668e+00
-1.328210353851318359e+00
-1.339214920997619629e+00
-1.353728175163269043e+00
-1.368240952491760254e+00
-1.380909919738769531e+00
-1.390919327735900879e+00
-1.392796158790588379e+00
-1.385264992713928223e+00
-1.378785371780395508e+00
-1.375501990318298340e+00
-1.374568104743957520e+00
-1.365764021873474121e+00
-1.353291869163513184e+00
-1.340819835662841797e+00
-1.328346610069274902e+00
-1.315874576568603516e+00
-1.303402304649353027e+00
-1.290929675102233887e+00
-1.278457760810852051e+00
-1.265984654426574707e+00
-1.253512382507324219e+00
-1.242950081825256348e+00
-1.233241081237792969e+00
-1.223238706588745117e+00
-1.213720440864562988e+00
-1.214580893516540527e+00
-1.225772738456726074e+00
-1.236512780189514160e+00
-1.241612672805786133e+00
-1.244174599647521973e+00
-1.251025557518005371e+00
-1.256122350692749023e+00
-1.252386689186096191e+00
-1.249812245368957520e+00
-1.249584555625915527e+00
-1.249348044395446777e+00
-1.255623459815979004e+00
-1.261979222297668457e+00
-1.271054983139038086e+00
-1.289031624794006348e+00
-1.304638981819152832e+00
-1.318499088287353516e+00
-1.327405214309692383e+00
-1.335709095001220703e+00
-1.344713449478149414e+00
-1.352522253990173340e+00
-1.357093214988708496e+00
-1.360923409461975098e+00
-1.365546107292175293e+00
-1.370031237602233887e+00
-1.373630881309509277e+00
-1.376143097877502441e+00
-1.377635717391967773e+00
-1.377774357795715332e+00
-1.372571110725402832e+00
-1.367368102073669434e+00
-1.362164974212646484e+00
-1.362093091011047363e+00
-1.359503030776977539e+00
-1.356495022773742676e+00
-1.353616118431091309e+00
-1.354873895645141602e+00
-1.359478354454040527e+00
-1.364207386970520020e+00
-1.368962407112121582e+00
-1.376817584037780762e+00
-1.384672999382019043e+00
-1.391848087310791016e+00
-1.398848652839660645e+00
-1.404363512992858887e+00
-1.405856251716613770e+00
-1.411990761756896973e+00
-1.417612910270690918e+00
-1.406620502471923828e+00
-1.390324473381042480e+00
-1.374899029731750488e+00
-1.360759615898132324e+00
-1.350357532501220703e+00
-1.338773012161254883e+00
-1.326358079910278320e+00
-1.315187573432922363e+00
-1.311407566070556641e+00
-1.309142351150512695e+00
-1.304358363151550293e+00
-1.301089406013488770e+00
-1.300482153892517090e+00
-1.301071166992187500e+00
-1.306236863136291504e+00
-1.314982652664184570e+00
-1.322084903717041016e+00
-1.325703978538513184e+00
-1.329322934150695801e+00
-1.331860661506652832e+00
-1.332160472869873047e+00
-1.333845973014831543e+00
-1.343210577964782715e+00
-1.352575421333312988e+00
-1.364197850227355957e+00
-1.372205615043640137e+00
-1.379261136054992676e+00
-1.376021027565002441e+00
-1.374642491340637207e+00
-1.373750567436218262e+00
-1.372858643531799316e+00
-1.371967077255249023e+00
-1.371075034141540527e+00
-1.370419383049011230e+00
-1.367784500122070312e+00
-1.363610744476318359e+00
-1.359436988830566406e+00
-1.355262041091918945e+00
-1.357591509819030762e+00
-1.361519098281860352e+00
-1.365448355674743652e+00
-1.363194584846496582e+00
-1.355030298233032227e+00
-1.348208427429199219e+00
-1.342809796333312988e+00
-1.337410330772399902e+00
-1.331765055656433105e+00
-1.324975609779357910e+00
-1.317691206932067871e+00
-1.310405969619750977e+00
-1.303119540214538574e+00
-1.295833706855773926e+00
-1.299177169799804688e+00
-1.305606722831726074e+00
-1.312698960304260254e+00
-1.321003198623657227e+00
-1.328440785408020020e+00
-1.338942050933837891e+00
-1.350862622261047363e+00
-1.361304163932800293e+00
-1.371746778488159180e+00
-1.380016207695007324e+00
-1.383912324905395508e+00
-1.377150416374206543e+00
-1.368954658508300781e+00
-1.361551046371459961e+00
-1.357581496238708496e+00
-1.353244662284851074e+00
-1.341705203056335449e+00
-1.329296946525573730e+00
-1.316824555397033691e+00
-1.304351449012756348e+00
-1.291879296302795410e+00
-1.279407143592834473e+00
-1.266934752464294434e+00
-1.254461884498596191e+00
-1.241989493370056152e+00
-1.229518532752990723e+00
-1.218322753906250000e+00
-1.208321213722229004e+00
-1.198318123817443848e+00
-1.189392089843750000e+00
-1.195161938667297363e+00
-1.204940438270568848e+00
-1.220732808113098145e+00
-1.232102394104003906e+00
-1.239545941352844238e+00
-1.244535803794860840e+00
-1.247391343116760254e+00
-1.242855191230773926e+00
-1.242387294769287109e+00
-1.246636152267456055e+00
-1.253437638282775879e+00
-1.259793400764465332e+00
-1.272498726844787598e+00
-1.288439154624938965e+00
-1.305961489677429199e+00
-1.319821476936340332e+00
-1.331464648246765137e+00
-1.339780926704406738e+00
-1.349267840385437012e+00
-1.359045386314392090e+00
-1.365213513374328613e+00
-1.370369553565979004e+00
-1.375027060508728027e+00
-1.379683017730712891e+00
-1.383258223533630371e+00
-1.385677695274353027e+00
-1.387340903282165527e+00
-1.385511875152587891e+00
-1.380479335784912109e+00
-1.375446915626525879e+00
-1.371721386909484863e+00
-1.364198923110961914e+00
-1.359096169471740723e+00
-1.356088161468505859e+00
-1.353179216384887695e+00
-1.354421257972717285e+00
-1.359107136726379395e+00
-1.363836050033569336e+00
-1.370012044906616211e+00
-1.377867460250854492e+00
-1.385722637176513672e+00
-1.393577694892883301e+00
-1.400543928146362305e+00
-1.406960844993591309e+00
-1.410827279090881348e+00
-1.419743537902832031e+00
-1.421396613121032715e+00
-1.405444622039794922e+00
-1.389563560485839844e+00
-1.374138474464416504e+00
-1.360357999801635742e+00
-1.347890019416809082e+00
-1.334964990615844727e+00
-1.322025537490844727e+00
-1.311549425125122070e+00
-1.305362939834594727e+00
-1.301671028137207031e+00
-1.296529173851013184e+00
-1.293290853500366211e+00
-1.293340802192687988e+00
-1.294517874717712402e+00
-1.299873709678649902e+00
-1.308824419975280762e+00
-1.316385388374328613e+00
-1.320004343986511230e+00
-1.323366284370422363e+00
-1.324380517005920410e+00
-1.324180722236633301e+00
-1.331027150154113770e+00
-1.340995192527770996e+00
-1.354760646820068359e+00
-1.368060231208801270e+00
-1.375507473945617676e+00
-1.384870290756225586e+00
-1.385516524314880371e+00
-1.384624123573303223e+00
-1.383745789527893066e+00
-1.383300662040710449e+00
-1.382855772972106934e+00
-1.382393479347229004e+00
-1.380872130393981934e+00
-1.372004151344299316e+00
-1.365945696830749512e+00
-1.361284732818603516e+00
-1.357109189033508301e+00
-1.357002854347229004e+00
-1.360930800437927246e+00
-1.364858269691467285e+00
-1.359965443611145020e+00
-1.351801872253417969e+00
-1.343637585639953613e+00
-1.336891770362854004e+00
-1.331416368484497070e+00
-1.325949430465698242e+00
-1.319730877876281738e+00
-1.312445759773254395e+00
-1.305160880088806152e+00
-1.297874808311462402e+00
-1.291716933250427246e+00
-1.298146843910217285e+00
-1.304575800895690918e+00
-1.311005711555480957e+00
-1.316037058830261230e+00
-1.320862889289855957e+00
-1.327570676803588867e+00
-1.338012337684631348e+00
-1.348454594612121582e+00
-1.358896255493164062e+00
-1.369016885757446289e+00
-1.374029278755187988e+00
-1.368266940116882324e+00
-1.361054778099060059e+00
-1.352685689926147461e+00
-1.345161557197570801e+00
-1.339330077171325684e+00
-1.329802870750427246e+00
-1.317577004432678223e+00
-1.305301070213317871e+00
-1.292829036712646484e+00
-1.280356884002685547e+00
-1.267884254455566406e+00
-1.255411744117736816e+00
-1.242939114570617676e+00
-1.230466723442077637e+00
-1.217994332313537598e+00
-1.204448819160461426e+00
-1.193403005599975586e+00
-1.183400154113769531e+00
-1.173397898674011230e+00
-1.169222593307495117e+00
-1.189394593238830566e+00
-1.205127477645874023e+00
-1.219759941101074219e+00
-1.227959513664245605e+00
-1.232648015022277832e+00
-1.236645817756652832e+00
-1.237274765968322754e+00
-1.237017273902893066e+00
-1.243998646736145020e+00
-1.250979781150817871e+00
-1.258359432220458984e+00
-1.274299979209899902e+00
-1.290240287780761719e+00
-1.306181073188781738e+00
-1.321144104003906250e+00
-1.335003972053527832e+00
-1.344085931777954102e+00
-1.353822350502014160e+00
-1.363600492477416992e+00
-1.372781395912170410e+00
-1.379172086715698242e+00
-1.384044051170349121e+00
-1.388693809509277344e+00
-1.392080545425415039e+00
-1.394236683845520020e+00
-1.395843267440795898e+00
-1.391932725906372070e+00
-1.386900186538696289e+00
-1.376943826675415039e+00
-1.368701457977294922e+00
-1.363298892974853516e+00
-1.357896327972412109e+00
-1.354429602622985840e+00
-1.351662039756774902e+00
-1.353096604347229004e+00
-1.357996106147766113e+00
-1.362895607948303223e+00
-1.370662808418273926e+00
-1.378688335418701172e+00
-1.386714100837707520e+00
-1.394627451896667480e+00
-1.402178287506103516e+00
-1.409787058830261230e+00
-1.417188286781311035e+00
-1.426413893699645996e+00
-1.420914053916931152e+00
-1.404227852821350098e+00
-1.388768553733825684e+00
-1.371294140815734863e+00
-1.356728196144104004e+00
-1.343492865562438965e+00
-1.330257773399353027e+00
-1.317925810813903809e+00
-1.307600855827331543e+00
-1.298650264739990234e+00
-1.293842196464538574e+00
-1.288700819015502930e+00
-1.285676121711730957e+00
-1.286806941032409668e+00
-1.287995457649230957e+00
-1.293509840965270996e+00
-1.302665591239929199e+00
-1.310685992240905762e+00
-1.314304828643798828e+00
-1.316475749015808105e+00
-1.316400527954101562e+00
-1.318843364715576172e+00
-1.331557989120483398e+00
-1.345323681831359863e+00
-1.359627246856689453e+00
-1.371703982353210449e+00
-1.383087754249572754e+00
-1.395793318748474121e+00
-1.396180987358093262e+00
-1.395737051963806152e+00
-1.395292401313781738e+00
-1.394393563270568848e+00
-1.392787814140319824e+00
-1.391182303428649902e+00
-1.389576315879821777e+00
-1.379758000373840332e+00
-1.371310591697692871e+00
-1.364316582679748535e+00
-1.358958721160888672e+00
-1.356413245201110840e+00
-1.360340714454650879e+00
-1.364268183708190918e+00
-1.356737256050109863e+00
-1.348573446273803711e+00
-1.340409398078918457e+00
-1.332245945930480957e+00
-1.325787425041198730e+00
-1.320124864578247070e+00
-1.314193248748779297e+00
-1.307202458381652832e+00
-1.299915909767150879e+00
-1.292631268501281738e+00
-1.290686249732971191e+00
-1.293797373771667480e+00
-1.296154379844665527e+00
-1.298512816429138184e+00
-1.300871014595031738e+00
-1.305684566497802734e+00
-1.312564849853515625e+00
-1.324465036392211914e+00
-1.335604190826416016e+00
-1.346045613288879395e+00
-1.356487274169921875e+00
-1.363730311393737793e+00
-1.358707070350646973e+00
-1.352622032165527344e+00
-1.344920396804809570e+00
-1.336551547050476074e+00
-1.328771710395812988e+00
-1.319673418998718262e+00
-1.305673837661743164e+00
-1.293448925018310547e+00
-1.281222462654113770e+00
-1.268834590911865234e+00
-1.256361603736877441e+00
-1.243888497352600098e+00
-1.231416583061218262e+00
-1.218944430351257324e+00
-1.206471562385559082e+00
-1.192853569984436035e+00
-1.178951382637023926e+00
-1.168482661247253418e+00
-1.160832524299621582e+00
-1.165270209312438965e+00
-1.180958986282348633e+00
-1.194893717765808105e+00
-1.205944895744323730e+00
-1.215791821479797363e+00
-1.220186829566955566e+00
-1.224412083625793457e+00
-1.228636980056762695e+00
-1.234379768371582031e+00
-1.241361021995544434e+00
-1.248342633247375488e+00
-1.260063648223876953e+00
-1.276101112365722656e+00
-1.292041659355163574e+00
-1.307981729507446289e+00
-1.323636531829833984e+00
-1.336390256881713867e+00
-1.348599076271057129e+00
-1.358377099037170410e+00
-1.368214488029479980e+00
-1.379405975341796875e+00
-1.387541890144348145e+00
-1.392903923988342285e+00
-1.397481083869934082e+00
-1.400902628898620605e+00
-1.402795791625976562e+00
-1.403386354446411133e+00
-1.398353695869445801e+00
-1.382358431816101074e+00
-1.373322010040283203e+00
-1.367598176002502441e+00
-1.362195968627929688e+00
-1.356793522834777832e+00
-1.352226853370666504e+00
-1.349429011344909668e+00
-1.350929617881774902e+00
-1.355829238891601562e+00
-1.361890792846679688e+00
-1.369916796684265137e+00
-1.377942323684692383e+00
-1.385968208312988281e+00
-1.393905997276306152e+00
-1.401792407035827637e+00
-1.412323474884033203e+00
-1.423752188682556152e+00
-1.425366759300231934e+00
-1.419345259666442871e+00
-1.401306629180908203e+00
-1.383885979652404785e+00
-1.365797877311706543e+00
-1.351873040199279785e+00
-1.338785648345947266e+00
-1.325550198554992676e+00
-1.314059853553771973e+00
-1.303133845329284668e+00
-1.291154980659484863e+00
-1.286013484001159668e+00
-1.280871987342834473e+00
-1.279141306877136230e+00
-1.280273318290710449e+00
-1.281593918800354004e+00
-1.287151336669921875e+00
-1.296507000923156738e+00
-1.304986119270324707e+00
-1.307981371879577637e+00
-1.308620810508728027e+00
-1.310117006301879883e+00
-1.322121024131774902e+00
-1.335937261581420898e+00
-1.350315928459167480e+00
-1.367473363876342773e+00
-1.382295727729797363e+00
-1.395129561424255371e+00
-1.408046722412109375e+00
-1.407728791236877441e+00
-1.406309843063354492e+00
-1.404704213142395020e+00
-1.403097987174987793e+00
-1.401491999626159668e+00
-1.399886846542358398e+00
-1.400297284126281738e+00
-1.391004920005798340e+00
-1.381688952445983887e+00
-1.372375130653381348e+00
-1.363578438758850098e+00
-1.356664061546325684e+00
-1.359751343727111816e+00
-1.361672639846801758e+00
-1.353509306907653809e+00
-1.345346212387084961e+00
-1.337181091308593750e+00
-1.329017043113708496e+00
-1.320853233337402344e+00
-1.314683079719543457e+00
-1.308769822120666504e+00
-1.302086472511291504e+00
-1.290988326072692871e+00
-1.279631257057189941e+00
-1.277830243110656738e+00
-1.280188441276550293e+00
-1.282546758651733398e+00
-1.284904837608337402e+00
-1.287263035774230957e+00
-1.290506958961486816e+00
-1.296883702278137207e+00
-1.308782696723937988e+00
-1.320682048797607422e+00
-1.332581877708435059e+00
-1.343637466430664062e+00
-1.352228403091430664e+00
-1.348407745361328125e+00
-1.343384861946105957e+00
-1.336977005004882812e+00
-1.328785896301269531e+00
-1.320417284965515137e+00
-1.312275171279907227e+00
-1.298733711242675781e+00
-1.281545996665954590e+00
-1.269319653511047363e+00
-1.257094502449035645e+00
-1.244839072227478027e+00
-1.232366681098937988e+00
-1.219893813133239746e+00
-1.207422137260437012e+00
-1.194948792457580566e+00
-1.181601047515869141e+00
-1.166878104209899902e+00
-1.159366011619567871e+00
-1.163804173469543457e+00
-1.168242573738098145e+00
-1.173369288444519043e+00
-1.185178995132446289e+00
-1.196117043495178223e+00
-1.203880906105041504e+00
-1.207658290863037109e+00
-1.212178587913513184e+00
-1.218558192253112793e+00
-1.230208516120910645e+00
-1.238724112510681152e+00
-1.245705008506774902e+00
-1.261413931846618652e+00
-1.277901768684387207e+00
-1.293842673301696777e+00
-1.309783101081848145e+00
-1.325723528861999512e+00
-1.339637875556945801e+00
-1.352717280387878418e+00
-1.362931370735168457e+00
-1.373471140861511230e+00
-1.384631395339965820e+00
-1.394994497299194336e+00
-1.401666522026062012e+00
-1.406169652938842773e+00
-1.409691691398620605e+00
-1.411354899406433105e+00
-1.405897259712219238e+00
-1.389333724975585938e+00
-1.378502964973449707e+00
-1.371897578239440918e+00
-1.366495251655578613e+00
-1.361092448234558105e+00
-1.355690598487854004e+00
-1.350288152694702148e+00
-1.347240447998046875e+00
-1.348762750625610352e+00
-1.353662133216857910e+00
-1.361144542694091797e+00
-1.369170427322387695e+00
-1.377196311950683594e+00
-1.385177135467529297e+00
-1.393063902854919434e+00
-1.401710867881774902e+00
-1.415619492530822754e+00
-1.423218846321105957e+00
-1.422345280647277832e+00
-1.413817763328552246e+00
-1.394512057304382324e+00
-1.376424193382263184e+00
-1.358434438705444336e+00
-1.345369815826416016e+00
-1.332305312156677246e+00
-1.319450497627258301e+00
-1.308002948760986328e+00
-1.296702504158020020e+00
-1.282985210418701172e+00
-1.277264475822448730e+00
-1.273267745971679688e+00
-1.272027850151062012e+00
-1.273330569267272949e+00
-1.274954438209533691e+00
-1.280739545822143555e+00
-1.290348410606384277e+00
-1.299286484718322754e+00
-1.300882816314697266e+00
-1.305083751678466797e+00
-1.312917828559875488e+00
-1.327495336532592773e+00
-1.342190742492675781e+00
-1.361424684524536133e+00
-1.381710410118103027e+00
-1.394466280937194824e+00
-1.407049775123596191e+00
-1.418225884437561035e+00
-1.416619896888732910e+00
-1.415014386177062988e+00
-1.413408398628234863e+00
-1.411802411079406738e+00
-1.410235762596130371e+00
-1.410834908485412598e+00
-1.410572648048400879e+00
-1.403126955032348633e+00
-1.398350358009338379e+00
-1.389033198356628418e+00
-1.379716873168945312e+00
-1.370403170585632324e+00
-1.367915391921997070e+00
-1.365633726119995117e+00
-1.356601119041442871e+00
-1.347569823265075684e+00
-1.338537812232971191e+00
-1.329505801200866699e+00
-1.320473313331604004e+00
-1.307394385337829590e+00
-1.296501040458679199e+00
-1.285359263420104980e+00
-1.273583412170410156e+00
-1.262017965316772461e+00
-1.264221072196960449e+00
-1.266580224037170410e+00
-1.268937826156616211e+00
-1.271296739578247070e+00
-1.273655414581298828e+00
-1.276013374328613281e+00
-1.281201481819152832e+00
-1.293101429939270020e+00
-1.305001139640808105e+00
-1.316900134086608887e+00
-1.328799366950988770e+00
-1.339547514915466309e+00
-1.337234497070312500e+00
-1.333085179328918457e+00
-1.328062653541564941e+00
-1.321020245552062988e+00
-1.312651276588439941e+00
-1.304283022880554199e+00
-1.295028328895568848e+00
-1.276799798011779785e+00
-1.257833361625671387e+00
-1.245192050933837891e+00
-1.232966065406799316e+00
-1.220740437507629395e+00
-1.208371281623840332e+00
-1.195898652076721191e+00
-1.183426499366760254e+00
-1.170497298240661621e+00
-1.164877533912658691e+00
-1.164718747138977051e+00
-1.166776061058044434e+00
-1.171274781227111816e+00
-1.175667643547058105e+00
-1.175101161003112793e+00
-1.185935378074645996e+00
-1.194432854652404785e+00
-1.197655916213989258e+00
-1.200879216194152832e+00
-1.210381150245666504e+00
-1.221888661384582520e+00
-1.236086726188659668e+00
-1.246198058128356934e+00
-1.262764096260070801e+00
-1.279329895973205566e+00
-1.295643568038940430e+00
-1.311584115028381348e+00
-1.327638864517211914e+00
-1.343752264976501465e+00
-1.356723427772521973e+00
-1.367687821388244629e+00
-1.378696322441101074e+00
-1.389856576919555664e+00
-1.401016950607299805e+00
-1.409655928611755371e+00
-1.414702534675598145e+00
-1.418210744857788086e+00
-1.411525964736938477e+00
-1.396308779716491699e+00
-1.383693695068359375e+00
-1.376196980476379395e+00
-1.370794534683227539e+00
-1.365391850471496582e+00
-1.359989523887634277e+00
-1.354587078094482422e+00
-1.349184632301330566e+00
-1.345109105110168457e+00
-1.346595644950866699e+00
-1.352372646331787109e+00
-1.360398650169372559e+00
-1.368424057960510254e+00
-1.376448512077331543e+00
-1.384334921836853027e+00
-1.392221331596374512e+00
-1.403158187866210938e+00
-1.415466189384460449e+00
-1.418377161026000977e+00
-1.416182637214660645e+00
-1.406238436698913574e+00
-1.387049794197082520e+00
-1.368961930274963379e+00
-1.351931452751159668e+00
-1.338866472244262695e+00
-1.325801968574523926e+00
-1.313400149345397949e+00
-1.301571011543273926e+00
-1.288916349411010742e+00
-1.274857044219970703e+00
-1.268140912055969238e+00
-1.264907240867614746e+00
-1.263697981834411621e+00
-1.265001177787780762e+00
-1.266756653785705566e+00
-1.272599339485168457e+00
-1.282524347305297852e+00
-1.294322371482849121e+00
-1.299603343009948730e+00
-1.304617524147033691e+00
-1.318479180335998535e+00
-1.334394574165344238e+00
-1.354707121849060059e+00
-1.375296235084533691e+00
-1.392631292343139648e+00
-1.404547095298767090e+00
-1.416459798812866211e+00
-1.426930308341979980e+00
-1.425324678421020508e+00
-1.423719167709350586e+00
-1.422113060951232910e+00
-1.421061873435974121e+00
-1.421373009681701660e+00
-1.421608567237854004e+00
-1.420675873756408691e+00
-1.410300493240356445e+00
-1.411894321441650391e+00
-1.405244231224060059e+00
-1.396347165107727051e+00
-1.387062191963195801e+00
-1.380163431167602539e+00
-1.372706055641174316e+00
-1.362276911735534668e+00
-1.352905273437500000e+00
-1.339801669120788574e+00
-1.326697945594787598e+00
-1.313595414161682129e+00
-1.300491333007812500e+00
-1.287457346916198730e+00
-1.276423335075378418e+00
-1.264595866203308105e+00
-1.256375789642333984e+00
-1.257602095603942871e+00
-1.258828997611999512e+00
-1.260139346122741699e+00
-1.261629939079284668e+00
-1.263120532035827637e+00
-1.264611005783081055e+00
-1.266858339309692383e+00
-1.277889847755432129e+00
-1.289319753646850586e+00
-1.301218867301940918e+00
-1.313117742538452148e+00
-1.324564933776855469e+00
-1.323179602622985840e+00
-1.321794390678405762e+00
-1.317763209342956543e+00
-1.312449336051940918e+00
-1.304885983467102051e+00
-1.296517014503479004e+00
-1.288148522377014160e+00
-1.274627327919006348e+00
-1.254867672920227051e+00
-1.235421538352966309e+00
-1.221063494682312012e+00
-1.208837628364562988e+00
-1.196611762046813965e+00
-1.184376358985900879e+00
-1.172200560569763184e+00
-1.171798586845397949e+00
-1.171515345573425293e+00
-1.171232223510742188e+00
-1.171838879585266113e+00
-1.174808382987976074e+00
-1.176354050636291504e+00
-1.169897198677062988e+00
-1.175873041152954102e+00
-1.184499621391296387e+00
-1.188207983970642090e+00
-1.194416880607604980e+00
-1.204921841621398926e+00
-1.213711619377136230e+00
-1.226784944534301758e+00
-1.247547984123229980e+00
-1.264114141464233398e+00
-1.280680179595947266e+00
-1.297246694564819336e+00
-1.313385128974914551e+00
-1.329686641693115234e+00
-1.346068024635314941e+00
-1.361012697219848633e+00
-1.375105500221252441e+00
-1.384582638740539551e+00
-1.395081996917724609e+00
-1.406242132186889648e+00
-1.416878819465637207e+00
-1.421900629997253418e+00
-1.413649439811706543e+00
-1.403284311294555664e+00
-1.388883709907531738e+00
-1.380557060241699219e+00
-1.375093817710876465e+00
-1.369691491127014160e+00
-1.364288806915283203e+00
-1.358886361122131348e+00
-1.353484034538269043e+00
-1.348130345344543457e+00
-1.342988491058349609e+00
-1.344428777694702148e+00
-1.351626634597778320e+00
-1.359652280807495117e+00
-1.367678165435791016e+00
-1.375606298446655273e+00
-1.383492588996887207e+00
-1.392153620719909668e+00
-1.403002262115478516e+00
-1.407662391662597656e+00
-1.410768628120422363e+00
-1.408867001533508301e+00
-1.398543238639831543e+00
-1.379587769508361816e+00
-1.361500144004821777e+00
-1.345428347587585449e+00
-1.332363367080688477e+00
-1.319298863410949707e+00
-1.307068705558776855e+00
-1.294619321823120117e+00
-1.280820727348327637e+00
-1.266763329505920410e+00
-1.259780645370483398e+00
-1.256547093391418457e+00
-1.255367875099182129e+00
-1.256906628608703613e+00
-1.259242415428161621e+00
-1.266724705696105957e+00
-1.281520843505859375e+00
-1.293754458427429199e+00
-1.299049377441406250e+00
-1.308506488800048828e+00
-1.326577544212341309e+00
-1.346478581428527832e+00
-1.365907073020935059e+00
-1.385335087776184082e+00
-1.400235533714294434e+00
-1.412161469459533691e+00
-1.424087405204772949e+00
-1.434022903442382812e+00
-1.432587742805480957e+00
-1.431152224540710449e+00
-1.430787205696105957e+00
-1.431267857551574707e+00
-1.431891202926635742e+00
-1.429200768470764160e+00
-1.423391222953796387e+00
-1.415546774864196777e+00
-1.419562935829162598e+00
-1.420656323432922363e+00
-1.411769747734069824e+00
-1.402873635292053223e+00
-1.393271684646606445e+00
-1.378464341163635254e+00
-1.361258625984191895e+00
-1.346215367317199707e+00
-1.332900166511535645e+00
-1.319796681404113770e+00
-1.306693673133850098e+00
-1.293590903282165527e+00
-1.280487179756164551e+00
-1.267486929893493652e+00
-1.256232142448425293e+00
-1.252224326133728027e+00
-1.253451347351074219e+00
-1.254677772521972656e+00
-1.255904793739318848e+00
-1.257130980491638184e+00
-1.258415818214416504e+00
-1.259906888008117676e+00
-1.261678695678710938e+00
-1.271111965179443359e+00
-1.282142877578735352e+00
-1.293174743652343750e+00
-1.304206252098083496e+00
-1.315200686454772949e+00
-1.313231348991394043e+00
-1.310978651046752930e+00
-1.308724880218505859e+00
-1.304508328437805176e+00
-1.298365950584411621e+00
-1.289445877075195312e+00
-1.280382752418518066e+00
-1.271343708038330078e+00
-1.252869963645935059e+00
-1.232996225357055664e+00
-1.213488698005676270e+00
-1.196934700012207031e+00
-1.184709191322326660e+00
-1.174194216728210449e+00
-1.176408886909484863e+00
-1.178436636924743652e+00
-1.178331375122070312e+00
-1.178669810295104980e+00
-1.178331851959228516e+00
-1.178205251693725586e+00
-1.176968693733215332e+00
-1.170714974403381348e+00
-1.166240572929382324e+00
-1.174596905708312988e+00
-1.178759455680847168e+00
-1.189025402069091797e+00
-1.199530482292175293e+00
-1.210035681724548340e+00
-1.220039129257202148e+00
-1.244028568267822266e+00
-1.265464544296264648e+00
-1.282030463218688965e+00
-1.298596739768981934e+00
-1.315328478813171387e+00
-1.331733465194702148e+00
-1.348227381706237793e+00
-1.365459561347961426e+00
-1.380139946937561035e+00
-1.392353653907775879e+00
-1.401477217674255371e+00
-1.411467432975769043e+00
-1.416272282600402832e+00
-1.413435697555541992e+00
-1.405944943428039551e+00
-1.393838405609130859e+00
-1.385283946990966797e+00
-1.379392981529235840e+00
-1.373990654945373535e+00
-1.368588089942932129e+00
-1.363185763359069824e+00
-1.357783317565917969e+00
-1.352381110191345215e+00
-1.347108483314514160e+00
-1.341864943504333496e+00
-1.342854380607604980e+00
-1.350880265235900879e+00
-1.358906149864196777e+00
-1.366877675056457520e+00
-1.374764204025268555e+00
-1.381413698196411133e+00
-1.390157461166381836e+00
-1.394609093666076660e+00
-1.398834347724914551e+00
-1.402903437614440918e+00
-1.400541186332702637e+00
-1.390191912651062012e+00
-1.372125625610351562e+00
-1.354037880897521973e+00
-1.338925004005432129e+00
-1.325860381126403809e+00
-1.312919735908508301e+00
-1.300145864486694336e+00
-1.286809444427490234e+00
-1.272724390029907227e+00
-1.259942889213562012e+00
-1.251879215240478516e+00
-1.249093055725097656e+00
-1.248391747474670410e+00
-1.250143408775329590e+00
-1.256488442420959473e+00
-1.267244219779968262e+00
-1.281447529792785645e+00
-1.293506503105163574e+00
-1.299521088600158691e+00
-1.318026661872863770e+00
-1.336781620979309082e+00
-1.356210112571716309e+00
-1.375638127326965332e+00
-1.395128250122070312e+00
-1.407850146293640137e+00
-1.419775962829589844e+00
-1.431702017784118652e+00
-1.440931200981140137e+00
-1.439496159553527832e+00
-1.439670801162719727e+00
-1.439768075942993164e+00
-1.438844323158264160e+00
-1.435898661613464355e+00
-1.424722075462341309e+00
-1.408992171287536621e+00
-1.420637726783752441e+00
-1.425051808357238770e+00
-1.427367329597473145e+00
-1.422052264213562012e+00
-1.409083843231201172e+00
-1.395649552345275879e+00
-1.376232504844665527e+00
-1.359274744987487793e+00
-1.342316985130310059e+00
-1.326908707618713379e+00
-1.312895417213439941e+00
-1.299792885780334473e+00
-1.286688685417175293e+00
-1.273585438728332520e+00
-1.260408163070678711e+00
-1.247408270835876465e+00
-1.248073935508728027e+00
-1.249299883842468262e+00
-1.250526309013366699e+00
-1.251754045486450195e+00
-1.252980828285217285e+00
-1.254207611083984375e+00
-1.255434155464172363e+00
-1.256908774375915527e+00
-1.264798045158386230e+00
-1.275365948677062988e+00
-1.286397337913513184e+00
-1.297428607940673828e+00
-1.308448314666748047e+00
-1.307153463363647461e+00
-1.304900288581848145e+00
-1.302646994590759277e+00
-1.300281167030334473e+00
-1.295848011970520020e+00
-1.290305852890014648e+00
-1.281347513198852539e+00
-1.272111296653747559e+00
-1.259009599685668945e+00
-1.237256169319152832e+00
-1.216497540473937988e+00
-1.195945739746093750e+00
-1.181959986686706543e+00
-1.182835698127746582e+00
-1.184270262718200684e+00
-1.186151504516601562e+00
-1.186107993125915527e+00
-1.185376882553100586e+00
-1.184215664863586426e+00
-1.183102011680603027e+00
-1.178193330764770508e+00
-1.171532869338989258e+00
-1.165891528129577637e+00
-1.165203452110290527e+00
-1.173239827156066895e+00
-1.183633923530578613e+00
-1.194138884544372559e+00
-1.204643726348876953e+00
-1.220656037330627441e+00
-1.241696715354919434e+00
-1.263739705085754395e+00
-1.283380508422851562e+00
-1.299946546554565430e+00
-1.316924691200256348e+00
-1.333736538887023926e+00
-1.350388050079345703e+00
-1.368677854537963867e+00
-1.385173797607421875e+00
-1.399854302406311035e+00
-1.409248471260070801e+00
-1.407921671867370605e+00
-1.405258536338806152e+00
-1.404274582862854004e+00
-1.398240208625793457e+00
-1.389953255653381348e+00
-1.383515596389770508e+00
-1.378290057182312012e+00
-1.372887492179870605e+00
-1.367484927177429199e+00
-1.362082600593566895e+00
-1.356680154800415039e+00
-1.351330757141113281e+00
-1.346087217330932617e+00
-1.340843319892883301e+00
-1.342108368873596191e+00
-1.350134015083312988e+00
-1.358149170875549316e+00
-1.365380883216857910e+00
-1.371201634407043457e+00
-1.377055287361145020e+00
-1.381556034088134766e+00
-1.385781288146972656e+00
-1.390006184577941895e+00
-1.394231438636779785e+00
-1.392169117927551270e+00
-1.381376981735229492e+00
-1.364663600921630859e+00
-1.346576094627380371e+00
-1.332421898841857910e+00
-1.319356918334960938e+00
-1.306134581565856934e+00
-1.292770743370056152e+00
-1.279395699501037598e+00
-1.266576886177062988e+00
-1.254677295684814453e+00
-1.245084881782531738e+00
-1.242298960685729980e+00
-1.243849992752075195e+00
-1.249952912330627441e+00
-1.257173657417297363e+00
-1.267985463142395020e+00
-1.280725121498107910e+00
-1.294899821281433105e+00
-1.308544993400573730e+00
-1.327084660530090332e+00
-1.346513152122497559e+00
-1.365941166877746582e+00
-1.385369777679443359e+00
-1.403538227081298828e+00
-1.415464282035827637e+00
-1.427392601966857910e+00
-1.439358711242675781e+00
-1.448107004165649414e+00
-1.447749495506286621e+00
-1.446769118309020996e+00
-1.445044159889221191e+00
-1.440131425857543945e+00
-1.425645947456359863e+00
-1.409703731536865234e+00
-1.394563078880310059e+00
-1.422251582145690918e+00
-1.420564770698547363e+00
-1.420398831367492676e+00
-1.419633865356445312e+00
-1.411929249763488770e+00
-1.395855307579040527e+00
-1.374000191688537598e+00
-1.357042908668518066e+00
-1.340085268020629883e+00
-1.323127031326293945e+00
-1.306811094284057617e+00
-1.292497754096984863e+00
-1.279787182807922363e+00
-1.266684174537658691e+00
-1.253580689430236816e+00
-1.243235707283020020e+00
-1.243921756744384766e+00
-1.245149016380310059e+00
-1.246376037597656250e+00
-1.247602105140686035e+00
-1.248829364776611328e+00
-1.250056266784667969e+00
-1.251283168792724609e+00
-1.252658724784851074e+00
-1.259848475456237793e+00
-1.268587708473205566e+00
-1.279619336128234863e+00
-1.290650844573974609e+00
-1.301683068275451660e+00
-1.301074385643005371e+00
-1.298821568489074707e+00
-1.296568512916564941e+00
-1.294315576553344727e+00
-1.291621804237365723e+00
-1.287188649177551270e+00
-1.280833840370178223e+00
-1.273054480552673340e+00
-1.263563990592956543e+00
-1.245367050170898438e+00
-1.223740220069885254e+00
-1.211385369300842285e+00
-1.205099225044250488e+00
-1.200173974037170410e+00
-1.200154781341552734e+00
-1.201911807060241699e+00
-1.200986981391906738e+00
-1.199205040931701660e+00
-1.197318911552429199e+00
-1.195486664772033691e+00
-1.186731219291687012e+00
-1.177005052566528320e+00
-1.170456767082214355e+00
-1.162877440452575684e+00
-1.170483827590942383e+00
-1.179493069648742676e+00
-1.189024448394775391e+00
-1.199252009391784668e+00
-1.219251513481140137e+00
-1.240945935249328613e+00
-1.263354659080505371e+00
-1.284652829170227051e+00
-1.301513552665710449e+00
-1.318491935729980469e+00
-1.335348725318908691e+00
-1.352847933769226074e+00
-1.371645212173461914e+00
-1.390208125114440918e+00
-1.401650190353393555e+00
-1.402249813079833984e+00
-1.399453163146972656e+00
-1.396432876586914062e+00
-1.393412470817565918e+00
-1.393289566040039062e+00
-1.387247443199157715e+00
-1.382158160209655762e+00
-1.377068758010864258e+00
-1.371784090995788574e+00
-1.366382002830505371e+00
-1.360979437828063965e+00
-1.355577111244201660e+00
-1.350309371948242188e+00
-1.345065832138061523e+00
-1.340130329132080078e+00
-1.341993927955627441e+00
-1.349315643310546875e+00
-1.355169057846069336e+00
-1.360424637794494629e+00
-1.365466594696044922e+00
-1.369077563285827637e+00
-1.372728109359741211e+00
-1.376953005790710449e+00
-1.381178021430969238e+00
-1.385403275489807129e+00
-1.383655071258544922e+00
-1.373013854026794434e+00
-1.356880068778991699e+00
-1.339124798774719238e+00
-1.326377153396606445e+00
-1.313760161399841309e+00
-1.300614476203918457e+00
-1.286503672599792480e+00
-1.273211717605590820e+00
-1.261311650276184082e+00
-1.249411702156066895e+00
-1.238857746124267578e+00
-1.240423083305358887e+00
-1.244233369827270508e+00
-1.250869035720825195e+00
-1.257871389389038086e+00
-1.266533851623535156e+00
-1.282237887382507324e+00
-1.299093723297119141e+00
-1.317423939704895020e+00
-1.336823821067810059e+00
-1.356244206428527832e+00
-1.375672459602355957e+00
-1.395255088806152344e+00
-1.411212444305419922e+00
-1.423179149627685547e+00
-1.435145020484924316e+00
-1.446478009223937988e+00
-1.454854607582092285e+00
-1.453256726264953613e+00
-1.451513171195983887e+00
-1.441226840019226074e+00
-1.426534652709960938e+00
-1.410523772239685059e+00
-1.395076632499694824e+00
-1.380807995796203613e+00
-1.417100071907043457e+00
-1.415623784065246582e+00
-1.414069056510925293e+00
-1.412773728370666504e+00
-1.411698460578918457e+00
-1.396061778068542480e+00
-1.371768951416015625e+00
-1.354811072349548340e+00
-1.337853908538818359e+00
-1.320895552635192871e+00
-1.303938031196594238e+00
-1.286979317665100098e+00
-1.272098302841186523e+00
-1.258990049362182617e+00
-1.246307015419006348e+00
-1.240727066993713379e+00
-1.240798711776733398e+00
-1.240998387336730957e+00
-1.242225646972656250e+00
-1.243452191352844238e+00
-1.244678616523742676e+00
-1.245905041694641113e+00
-1.247131347656250000e+00
-1.248442053794860840e+00
-1.255194544792175293e+00
-1.263495445251464844e+00
-1.273124933242797852e+00
-1.283892512321472168e+00
-1.294904708862304688e+00
-1.294996976852416992e+00
-1.292743802070617676e+00
-1.290490508079528809e+00
-1.288237094879150391e+00
-1.285984635353088379e+00
-1.282961249351501465e+00
-1.278528094291687012e+00
-1.271362185478210449e+00
-1.263582587242126465e+00
-1.253448128700256348e+00
-1.243783831596374512e+00
-1.236737370491027832e+00
-1.230897545814514160e+00
-1.225233435630798340e+00
-1.219267725944519043e+00
-1.216426730155944824e+00
-1.215394139289855957e+00
-1.213612437248229980e+00
-1.211830615997314453e+00
-1.210394263267517090e+00
-1.199623703956604004e+00
-1.189151406288146973e+00
-1.180178999900817871e+00
-1.176996827125549316e+00
-1.174620270729064941e+00
-1.183629870414733887e+00
-1.192638635635375977e+00
-1.206069350242614746e+00
-1.225291609764099121e+00
-1.244732499122619629e+00
-1.268148779869079590e+00
-1.289874196052551270e+00
-1.310216426849365234e+00
-1.323056817054748535e+00
-1.339045405387878418e+00
-1.357058882713317871e+00
-1.375113129615783691e+00
-1.385693192481994629e+00
-1.390675187110900879e+00
-1.393818378448486328e+00
-1.390985131263732910e+00
-1.387964606285095215e+00
-1.387554883956909180e+00
-1.388284325599670410e+00
-1.385615587234497070e+00
-1.380800724029541016e+00
-1.375711560249328613e+00
-1.370622038841247559e+00
-1.365278720855712891e+00
-1.359876275062561035e+00
-1.354531764984130859e+00
-1.349288105964660645e+00
-1.344044685363769531e+00
-1.340531110763549805e+00
-1.340792059898376465e+00
-1.344570279121398926e+00
-1.349623918533325195e+00
-1.354664921760559082e+00
-1.358373284339904785e+00
-1.359675049781799316e+00
-1.363900065422058105e+00
-1.368124842643737793e+00
-1.372350454330444336e+00
-1.376575589179992676e+00
-1.375375509262084961e+00
-1.365335226058959961e+00
-1.349866986274719238e+00
-1.333909630775451660e+00
-1.321440577507019043e+00
-1.308370590209960938e+00
-1.294499754905700684e+00
-1.279974341392517090e+00
-1.267946362495422363e+00
-1.256039142608642578e+00
-1.247409462928771973e+00
-1.239910960197448730e+00
-1.241098999977111816e+00
-1.244278311729431152e+00
-1.249752879142761230e+00
-1.258024692535400391e+00
-1.269553899765014648e+00
-1.285463452339172363e+00
-1.307938933372497559e+00
-1.327174901962280273e+00
-1.346612691879272461e+00
-1.366053938865661621e+00
-1.385522723197937012e+00
-1.405329823493957520e+00
-1.418574452400207520e+00
-1.429143071174621582e+00
-1.440927982330322266e+00
-1.452940464019775391e+00
-1.459744334220886230e+00
-1.454497933387756348e+00
-1.442133188247680664e+00
-1.427354931831359863e+00
-1.411344885826110840e+00
-1.395589470863342285e+00
-1.381183266639709473e+00
-1.367703795433044434e+00
-1.411243081092834473e+00
-1.409766435623168945e+00
-1.408289790153503418e+00
-1.406814217567443848e+00
-1.405327677726745605e+00
-1.394794583320617676e+00
-1.371173024177551270e+00
-1.352574467658996582e+00
-1.335621714591979980e+00
-1.318663716316223145e+00
-1.301705956459045410e+00
-1.284747958183288574e+00
-1.267789959907531738e+00
-1.251972317695617676e+00
-1.238167643547058105e+00
-1.237027168273925781e+00
-1.237516045570373535e+00
-1.237486481666564941e+00
-1.238074660301208496e+00
-1.239300608634948730e+00
-1.240527033805847168e+00
-1.241754174232482910e+00
-1.242981433868408203e+00
-1.244225144386291504e+00
-1.250540852546691895e+00
-1.258841633796691895e+00
-1.267142772674560547e+00
-1.277668237686157227e+00
-1.288435935974121094e+00
-1.288963437080383301e+00
-1.286665320396423340e+00
-1.284412503242492676e+00
-1.282158970832824707e+00
-1.279905676841735840e+00
-1.277652382850646973e+00
-1.274301528930664062e+00
-1.269668698310852051e+00
-1.262958407402038574e+00
-1.269508242607116699e+00
-1.269026637077331543e+00
-1.263807177543640137e+00
-1.257157444953918457e+00
-1.250329732894897461e+00
-1.243540406227111816e+00
-1.236453175544738770e+00
-1.231222510337829590e+00
-1.228019833564758301e+00
-1.226238012313842773e+00
-1.224660992622375488e+00
-1.212844133377075195e+00
-1.201776862144470215e+00
-1.193216800689697266e+00
-1.191116452217102051e+00
-1.187300562858581543e+00
-1.187765955924987793e+00
-1.196775317192077637e+00
-1.213668107986450195e+00
-1.232791304588317871e+00
-1.252013444900512695e+00
-1.274263143539428711e+00
-1.297947287559509277e+00
-1.320105910301208496e+00
-1.338516235351562500e+00
-1.351030945777893066e+00
-1.367816090583801270e+00
-1.374789953231811523e+00
-1.381187677383422852e+00
-1.387369394302368164e+00
-1.389414548873901367e+00
-1.388449788093566895e+00
-1.385542035102844238e+00
-1.389031171798706055e+00
-1.389062762260437012e+00
-1.386579394340515137e+00
-1.381036639213562012e+00
-1.375079154968261719e+00
-1.369264721870422363e+00
-1.364175438880920410e+00
-1.358773112297058105e+00
-1.353510022163391113e+00
-1.348266720771789551e+00
-1.342073798179626465e+00
-1.337690949440002441e+00
-1.336600780487060547e+00
-1.339089155197143555e+00
-1.343862891197204590e+00
-1.348629355430603027e+00
-1.346992611885070801e+00
-1.350847005844116211e+00
-1.355082631111145020e+00
-1.359755396842956543e+00
-1.364428162574768066e+00
-1.369100451469421387e+00
-1.368427395820617676e+00
-1.358540892601013184e+00
-1.343290686607360840e+00
-1.328291893005371094e+00
-1.316503882408142090e+00
-1.302513480186462402e+00
-1.287450432777404785e+00
-1.274573087692260742e+00
-1.264288783073425293e+00
-1.256739497184753418e+00
-1.248992323875427246e+00
-1.240832567214965820e+00
-1.239471554756164551e+00
-1.242733836174011230e+00
-1.252752780914306641e+00
-1.261417508125305176e+00
-1.272590517997741699e+00
-1.290011525154113770e+00
-1.317621588706970215e+00
-1.337061762809753418e+00
-1.356501460075378418e+00
-1.375941634178161621e+00
-1.394752383232116699e+00
-1.412508606910705566e+00
-1.423077225685119629e+00
-1.435154438018798828e+00
-1.446772456169128418e+00
-1.457742094993591309e+00
-1.455317497253417969e+00
-1.443039536476135254e+00
-1.428175568580627441e+00
-1.412165284156799316e+00
-1.396154761314392090e+00
-1.381558418273925781e+00
-1.367872118949890137e+00
-1.355187892913818359e+00
-1.405528664588928223e+00
-1.403908848762512207e+00
-1.402432560920715332e+00
-1.400957226753234863e+00
-1.399481415748596191e+00
-1.386985301971435547e+00
-1.370102286338806152e+00
-1.349234819412231445e+00
-1.332576394081115723e+00
-1.315800309181213379e+00
-1.299023866653442383e+00
-1.282245874404907227e+00
-1.265468120574951172e+00
-1.248600721359252930e+00
-1.234082698822021484e+00
-1.233178257942199707e+00
-1.233769536018371582e+00
-1.234259724617004395e+00
-1.233454823493957520e+00
-1.234395384788513184e+00
-1.236040472984313965e+00
-1.237603306770324707e+00
-1.238829731941223145e+00
-1.240056872367858887e+00
-1.245886206626892090e+00
-1.254187583923339844e+00
-1.262488842010498047e+00
-1.271444082260131836e+00
-1.282212376594543457e+00
-1.283437609672546387e+00
-1.280921101570129395e+00
-1.278404593467712402e+00
-1.276080727577209473e+00
-1.273827433586120605e+00
-1.271574378013610840e+00
-1.269321322441101074e+00
-1.270184874534606934e+00
-1.279703378677368164e+00
-1.287001371383666992e+00
-1.292386651039123535e+00
-1.287889838218688965e+00
-1.281604051589965820e+00
-1.275208592414855957e+00
-1.267696142196655273e+00
-1.260517716407775879e+00
-1.252378702163696289e+00
-1.245379686355590820e+00
-1.240645647048950195e+00
-1.238054752349853516e+00
-1.225852251052856445e+00
-1.214869022369384766e+00
-1.209438562393188477e+00
-1.206558346748352051e+00
-1.202152848243713379e+00
-1.194584965705871582e+00
-1.203198432922363281e+00
-1.221792101860046387e+00
-1.240385890007019043e+00
-1.259513020515441895e+00
-1.280450224876403809e+00
-1.304173111915588379e+00
-1.327879786491394043e+00
-1.350201010704040527e+00
-1.363244414329528809e+00
-1.366279602050781250e+00
-1.370250582695007324e+00
-1.377050042152404785e+00
-1.383447527885437012e+00
-1.387113690376281738e+00
-1.388769030570983887e+00
-1.391935467720031738e+00
-1.396804213523864746e+00
-1.395617723464965820e+00
-1.393815040588378906e+00
-1.389689803123474121e+00
-1.382625818252563477e+00
-1.376668453216552734e+00
-1.370711207389831543e+00
-1.364758014678955078e+00
-1.358255863189697266e+00
-1.350048422813415527e+00
-1.342548489570617676e+00
-1.336746811866760254e+00
-1.334638953208923340e+00
-1.336244702339172363e+00
-1.338801741600036621e+00
-1.336580276489257812e+00
-1.338475584983825684e+00
-1.343148350715637207e+00
-1.347821116447448730e+00
-1.352493882179260254e+00
-1.357166409492492676e+00
-1.361839413642883301e+00
-1.361479878425598145e+00
-1.351746439933776855e+00
-1.336714148521423340e+00
-1.322674155235290527e+00
-1.310509443283081055e+00
-1.296305656433105469e+00
-1.281168341636657715e+00
-1.273619055747985840e+00
-1.265181660652160645e+00
-1.257003545761108398e+00
-1.248825192451477051e+00
-1.240646600723266602e+00
-1.240052461624145508e+00
-1.247878670692443848e+00
-1.256747364997863770e+00
-1.264494538307189941e+00
-1.275749087333679199e+00
-1.299079060554504395e+00
-1.327510476112365723e+00
-1.346950769424438477e+00
-1.365089893341064453e+00
-1.383205175399780273e+00
-1.401586532592773438e+00
-1.417342543601989746e+00
-1.428986430168151855e+00
-1.440604567527770996e+00
-1.447562336921691895e+00
-1.449001669883728027e+00
-1.443790793418884277e+00
-1.428995728492736816e+00
-1.412985801696777344e+00
-1.396974921226501465e+00
-1.381933450698852539e+00
-1.368039846420288086e+00
-1.353889465332031250e+00
-1.338970541954040527e+00
-1.394371747970581055e+00
-1.392427802085876465e+00
-1.390788674354553223e+00
-1.390396952629089355e+00
-1.388433814048767090e+00
-1.375944137573242188e+00
-1.363455414772033691e+00
-1.346089720726013184e+00
-1.328964829444885254e+00
-1.312515139579772949e+00
-1.295803666114807129e+00
-1.279026746749877930e+00
-1.262249350547790527e+00
-1.245470881462097168e+00
-1.235027909278869629e+00
-1.231967091560363770e+00
-1.230303645133972168e+00
-1.230340123176574707e+00
-1.230279922485351562e+00
-1.229424238204956055e+00
-1.230652213096618652e+00
-1.232297539710998535e+00
-1.233942866325378418e+00
-1.235588788986206055e+00
-1.241232514381408691e+00
-1.249533772468566895e+00
-1.257834553718566895e+00
-1.266135931015014648e+00
-1.275987744331359863e+00
-1.277912735939025879e+00
-1.275395989418029785e+00
-1.272879362106323242e+00
-1.270362496376037598e+00
-1.267845630645751953e+00
-1.265600562095642090e+00
-1.271581053733825684e+00
-1.284404635429382324e+00
-1.295473694801330566e+00
-1.304293990135192871e+00
-1.311063885688781738e+00
-1.310747265815734863e+00
-1.304414272308349609e+00
-1.297681331634521484e+00
-1.290947914123535156e+00
-1.284673333168029785e+00
-1.276804566383361816e+00
-1.267375111579895020e+00
-1.259679675102233887e+00
-1.251698136329650879e+00
-1.238859057426452637e+00
-1.230130553245544434e+00
-1.226429104804992676e+00
-1.222919702529907227e+00
-1.217758059501647949e+00
-1.209437727928161621e+00
-1.211322307586669922e+00
-1.229915976524353027e+00
-1.248510003089904785e+00
-1.267103672027587891e+00
-1.286690473556518555e+00
-1.310397505760192871e+00
-1.334104299545288086e+00
-1.348651170730590820e+00
-1.361770272254943848e+00
-1.367625594139099121e+00
-1.370660901069641113e+00
-1.373695969581604004e+00
-1.379227042198181152e+00
-1.384812712669372559e+00
-1.391633629798889160e+00
-1.399478197097778320e+00
-1.403324246406555176e+00
-1.402171969413757324e+00
-1.400369405746459961e+00
-1.398471951484680176e+00
-1.392360806465148926e+00
-1.384366869926452637e+00
-1.378257870674133301e+00
-1.370571017265319824e+00
-1.361970186233520508e+00
-1.353025794029235840e+00
-1.346946954727172852e+00
-1.341089963912963867e+00
-1.339336872100830078e+00
-1.341145992279052734e+00
-1.338297367095947266e+00
-1.335694074630737305e+00
-1.339332461357116699e+00
-1.343137383460998535e+00
-1.346942186355590820e+00
-1.350746631622314453e+00
-1.354551434516906738e+00
-1.358356118202209473e+00
-1.357309699058532715e+00
-1.346840739250183105e+00
-1.331312417984008789e+00
-1.317360758781433105e+00
-1.303718924522399902e+00
-1.291225433349609375e+00
-1.281416058540344238e+00
-1.273193240165710449e+00
-1.265015006065368652e+00
-1.256848454475402832e+00
-1.248710036277770996e+00
-1.245003819465637207e+00
-1.245265126228332520e+00
-1.252684235572814941e+00
-1.259771227836608887e+00
-1.267595648765563965e+00
-1.281275868415832520e+00
-1.308150649070739746e+00
-1.335265994071960449e+00
-1.353686571121215820e+00
-1.371728777885437012e+00
-1.390049576759338379e+00
-1.408685803413391113e+00
-1.422818779945373535e+00
-1.432918667793273926e+00
-1.435726761817932129e+00
-1.437166094779968262e+00
-1.438056349754333496e+00
-1.429816365242004395e+00
-1.413806080818176270e+00
-1.397795796394348145e+00
-1.382308721542358398e+00
-1.367408871650695801e+00
-1.352591395378112793e+00
-1.337168574333190918e+00
-1.322376847267150879e+00
-1.382929205894470215e+00
-1.380984425544738770e+00
-1.379040122032165527e+00
-1.377095580101013184e+00
-1.372505068778991699e+00
-1.360073566436767578e+00
-1.347643256187438965e+00
-1.334929585456848145e+00
-1.320830464363098145e+00
-1.303915500640869141e+00
-1.287959337234497070e+00
-1.272597432136535645e+00
-1.256897568702697754e+00
-1.241199851036071777e+00
-1.236022353172302246e+00
-1.232960224151611328e+00
-1.229816436767578125e+00
-1.227017283439636230e+00
-1.226123809814453125e+00
-1.225448608398437500e+00
-1.224773645401000977e+00
-1.226470232009887695e+00
-1.228296399116516113e+00
-1.230123400688171387e+00
-1.235442757606506348e+00
-1.244162678718566895e+00
-1.252882719039916992e+00
-1.261482119560241699e+00
-1.269783496856689453e+00
-1.272387862205505371e+00
-1.269870638847351074e+00
-1.267354011535644531e+00
-1.264837503433227539e+00
-1.262766718864440918e+00
-1.272050261497497559e+00
-1.284610748291015625e+00
-1.297311902046203613e+00
-1.310135602951049805e+00
-1.320011496543884277e+00
-1.326952338218688965e+00
-1.331948161125183105e+00
-1.326830267906188965e+00
-1.320097327232360840e+00
-1.313363432884216309e+00
-1.306630253791809082e+00
-1.299998521804809570e+00
-1.291800975799560547e+00
-1.282730698585510254e+00
-1.269686222076416016e+00
-1.254237532615661621e+00
-1.247194766998291016e+00
-1.243493437767028809e+00
-1.239784359931945801e+00
-1.234358429908752441e+00
-1.225080132484436035e+00
-1.226983547210693359e+00
-1.238039612770080566e+00
-1.256633877754211426e+00
-1.275246739387512207e+00
-1.294131040573120117e+00
-1.314055919647216797e+00
-1.326231598854064941e+00
-1.339672923088073730e+00
-1.354264497756958008e+00
-1.367946743965148926e+00
-1.372006893157958984e+00
-1.375042080879211426e+00
-1.377765059471130371e+00
-1.384012103080749512e+00
-1.395775914192199707e+00
-1.408235073089599609e+00
-1.409844040870666504e+00
-1.408727049827575684e+00
-1.406924366950988770e+00
-1.405121922492980957e+00
-1.401582837104797363e+00
-1.393167495727539062e+00
-1.382734417915344238e+00
-1.373442053794860840e+00
-1.365044474601745605e+00
-1.357844948768615723e+00
-1.352445006370544434e+00
-1.346949696540832520e+00
-1.344899296760559082e+00
-1.344415545463562012e+00
-1.336788773536682129e+00
-1.337170004844665527e+00
-1.340975165367126465e+00
-1.344779729843139648e+00
-1.348584532737731934e+00
-1.352389216423034668e+00
-1.356194138526916504e+00
-1.359998822212219238e+00
-1.358303189277648926e+00
-1.348764657974243164e+00
-1.333580136299133301e+00
-1.320438504219055176e+00
-1.307998538017272949e+00
-1.296517848968505859e+00
-1.287533283233642578e+00
-1.278835415840148926e+00
-1.269829392433166504e+00
-1.262790083885192871e+00
-1.258404135704040527e+00
-1.254018425941467285e+00
-1.251882910728454590e+00
-1.256953954696655273e+00
-1.262739896774291992e+00
-1.270030379295349121e+00
-1.288290619850158691e+00
-1.314330816268920898e+00
-1.341445803642272949e+00
-1.360325455665588379e+00
-1.378170847892761230e+00
-1.397047281265258789e+00
-1.416259288787841797e+00
-1.422470688819885254e+00
-1.423891067504882812e+00
-1.425330281257629395e+00
-1.426097273826599121e+00
-1.424912691116333008e+00
-1.414626717567443848e+00
-1.398616671562194824e+00
-1.382586240768432617e+00
-1.366366744041442871e+00
-1.351568102836608887e+00
-1.335866808891296387e+00
-1.320431113243103027e+00
-1.306661605834960938e+00
-1.371487021446228027e+00
-1.369541287422180176e+00
-1.367596507072448730e+00
-1.365652441978454590e+00
-1.356864809989929199e+00
-1.344033598899841309e+00
-1.331602692604064941e+00
-1.319172501564025879e+00
-1.310743689537048340e+00
-1.295285105705261230e+00
-1.277972340583801270e+00
-1.261448383331298828e+00
-1.246024250984191895e+00
-1.231711030006408691e+00
-1.229786276817321777e+00
-1.227861523628234863e+00
-1.225935816764831543e+00
-1.223514318466186523e+00
-1.220989346504211426e+00
-1.219718098640441895e+00
-1.219973564147949219e+00
-1.220093369483947754e+00
-1.221919655799865723e+00
-1.223746180534362793e+00
-1.228666424751281738e+00
-1.237567186355590820e+00
-1.246468305587768555e+00
-1.255369067192077637e+00
-1.264270067214965820e+00
-1.266583561897277832e+00
-1.264346480369567871e+00
-1.261881470680236816e+00
-1.260390281677246094e+00
-1.272950768470764160e+00
-1.285510420799255371e+00
-1.298070549964904785e+00
-1.310491681098937988e+00
-1.321984648704528809e+00
-1.333361744880676270e+00
-1.342518210411071777e+00
-1.348585247993469238e+00
-1.349194049835205078e+00
-1.342512249946594238e+00
-1.335779786109924316e+00
-1.329046130180358887e+00
-1.322164654731750488e+00
-1.313620924949645996e+00
-1.306201577186584473e+00
-1.291750550270080566e+00
-1.275689005851745605e+00
-1.268160462379455566e+00
-1.260814547538757324e+00
-1.256856203079223633e+00
-1.250952243804931641e+00
-1.245964407920837402e+00
-1.245621562004089355e+00
-1.247840285301208496e+00
-1.264667868614196777e+00
-1.283480763435363770e+00
-1.295320868492126465e+00
-1.304353833198547363e+00
-1.316986441612243652e+00
-1.330793857574462891e+00
-1.345535635948181152e+00
-1.360277414321899414e+00
-1.373352766036987305e+00
-1.376387715339660645e+00
-1.380463480949401855e+00
-1.390580534934997559e+00
-1.402534484863281250e+00
-1.414416670799255371e+00
-1.416363835334777832e+00
-1.415281772613525391e+00
-1.413478970527648926e+00
-1.410967230796813965e+00
-1.406845927238464355e+00
-1.399138331413269043e+00
-1.388908505439758301e+00
-1.378688335418701172e+00
-1.369334340095520020e+00
-1.363731384277343750e+00
-1.358296036720275879e+00
-1.352565288543701172e+00
-1.350427865982055664e+00
-1.342178583145141602e+00
-1.337107300758361816e+00
-1.338812708854675293e+00
-1.342617511749267578e+00
-1.346422076225280762e+00
-1.350227236747741699e+00
-1.354031920433044434e+00
-1.357836604118347168e+00
-1.361630558967590332e+00
-1.359499096870422363e+00
-1.349184751510620117e+00
-1.337690114974975586e+00
-1.327060580253601074e+00
-1.314823985099792480e+00
-1.303943753242492676e+00
-1.295727849006652832e+00
-1.287576079368591309e+00
-1.282826900482177734e+00
-1.278440833091735840e+00
-1.274055242538452148e+00
-1.269669175148010254e+00
-1.265195846557617188e+00
-1.267558455467224121e+00
-1.271611332893371582e+00
-1.281267523765563965e+00
-1.301097273826599121e+00
-1.326475024223327637e+00
-1.352629303932189941e+00
-1.370244860649108887e+00
-1.388768792152404785e+00
-1.404944300651550293e+00
-1.412307381629943848e+00
-1.412850737571716309e+00
-1.413505315780639648e+00
-1.414259552955627441e+00
-1.413659214973449707e+00
-1.411001324653625488e+00
-1.400235056877136230e+00
-1.382870554924011230e+00
-1.366476416587829590e+00
-1.351456880569458008e+00
-1.335265636444091797e+00
-1.318960070610046387e+00
-1.305191040039062500e+00
-1.291421294212341309e+00
-1.358457446098327637e+00
-1.357982158660888672e+00
-1.356153607368469238e+00
-1.354209303855895996e+00
-1.342782139778137207e+00
-1.328746199607849121e+00
-1.315563082695007324e+00
-1.303132534027099609e+00
-1.293045639991760254e+00
-1.287051558494567871e+00
-1.269739747047424316e+00
-1.252427220344543457e+00
-1.235450387001037598e+00
-1.224608540534973145e+00
-1.223123908042907715e+00
-1.221310734748840332e+00
-1.219385385513305664e+00
-1.217196583747863770e+00
-1.214730858802795410e+00
-1.211910963058471680e+00
-1.209383845329284668e+00
-1.208957433700561523e+00
-1.209865450859069824e+00
-1.212829470634460449e+00
-1.218327879905700684e+00
-1.228307962417602539e+00
-1.238287806510925293e+00
-1.248267292976379395e+00
-1.257390141487121582e+00
-1.259547114372253418e+00
-1.257409453392028809e+00
-1.260004520416259766e+00
-1.273164153099060059e+00
-1.286165595054626465e+00
-1.298905968666076660e+00
-1.311050772666931152e+00
-1.322544217109680176e+00
-1.334037184715270996e+00
-1.345500111579895020e+00
-1.355985760688781738e+00
-1.364027976989746094e+00
-1.369245409965515137e+00
-1.364928364753723145e+00
-1.358195185661315918e+00
-1.351461529731750488e+00
-1.344728350639343262e+00
-1.335866332054138184e+00
-1.327945828437805176e+00
-1.312051653861999512e+00
-1.301611542701721191e+00
-1.291327357292175293e+00
-1.283055186271667480e+00
-1.275708794593811035e+00
-1.268521189689636230e+00
-1.266871571540832520e+00
-1.266117334365844727e+00
-1.266270279884338379e+00
-1.272742390632629395e+00
-1.280192255973815918e+00
-1.287545442581176758e+00
-1.295193552970886230e+00
-1.308086752891540527e+00
-1.322064876556396484e+00
-1.336806654930114746e+00
-1.351548433303833008e+00
-1.366290211677551270e+00
-1.377574443817138672e+00
-1.387537121772766113e+00
-1.399511456489562988e+00
-1.412768363952636719e+00
-1.421131610870361328e+00
-1.422883629798889160e+00
-1.421942591667175293e+00
-1.418437600135803223e+00
-1.414249897003173828e+00
-1.410062074661254883e+00
-1.404795527458190918e+00
-1.395743370056152344e+00
-1.385523438453674316e+00
-1.376178383827209473e+00
-1.369341015815734863e+00
-1.363884806632995605e+00
-1.358175516128540039e+00
-1.348396420478820801e+00
-1.340787768363952637e+00
-1.339849352836608887e+00
-1.341089129447937012e+00
-1.344259858131408691e+00
-1.348064780235290527e+00
-1.351869344711303711e+00
-1.355662822723388672e+00
-1.358645677566528320e+00
-1.361264944076538086e+00
-1.360298156738281250e+00
-1.354876875877380371e+00
-1.345606446266174316e+00
-1.334111571311950684e+00
-1.322260499000549316e+00
-1.312073826789855957e+00
-1.305579662322998047e+00
-1.302048087120056152e+00
-1.298477888107299805e+00
-1.294092059135437012e+00
-1.289380908012390137e+00
-1.283597230911254883e+00
-1.275162816047668457e+00
-1.276181101799011230e+00
-1.281088709831237793e+00
-1.296089291572570801e+00
-1.315976262092590332e+00
-1.340848565101623535e+00
-1.366706013679504395e+00
-1.387096762657165527e+00
-1.398910164833068848e+00
-1.407519698143005371e+00
-1.411705851554870605e+00
-1.412474155426025391e+00
-1.412322640419006348e+00
-1.410962820053100586e+00
-1.407423257827758789e+00
-1.403308987617492676e+00
-1.388746142387390137e+00
-1.371038794517517090e+00
-1.354469418525695801e+00
-1.337095260620117188e+00
-1.319337725639343262e+00
-1.304700255393981934e+00
-1.290089964866638184e+00
-1.276180624961853027e+00
-1.345088005065917969e+00
-1.343513727188110352e+00
-1.343305230140686035e+00
-1.342688202857971191e+00
-1.328700900077819824e+00
-1.314664125442504883e+00
-1.300627827644348145e+00
-1.287090897560119629e+00
-1.274659991264343262e+00
-1.270237803459167480e+00
-1.261507391929626465e+00
-1.244194149971008301e+00
-1.226881384849548340e+00
-1.219041943550109863e+00
-1.216249823570251465e+00
-1.214262604713439941e+00
-1.212834477424621582e+00
-1.210825085639953613e+00
-1.208359003067016602e+00
-1.205893278121948242e+00
-1.202298283576965332e+00
-1.198967814445495605e+00
-1.197711825370788574e+00
-1.198907732963562012e+00
-1.203958630561828613e+00
-1.213996887207031250e+00
-1.224034905433654785e+00
-1.234073281288146973e+00
-1.244407534599304199e+00
-1.249120354652404785e+00
-1.253954768180847168e+00
-1.268195509910583496e+00
-1.282434582710266113e+00
-1.296672821044921875e+00
-1.309897065162658691e+00
-1.321989893913269043e+00
-1.333905577659606934e+00
-1.345554232597351074e+00
-1.356781125068664551e+00
-1.368008017539978027e+00
-1.378313660621643066e+00
-1.385453462600708008e+00
-1.386888384819030762e+00
-1.380610346794128418e+00
-1.373876929283142090e+00
-1.367144107818603516e+00
-1.358569741249084473e+00
-1.350351214408874512e+00
-1.335960745811462402e+00
-1.325863480567932129e+00
-1.315971612930297852e+00
-1.306080460548400879e+00
-1.298054575920104980e+00
-1.292303442955017090e+00
-1.288756012916564941e+00
-1.286941766738891602e+00
-1.281589746475219727e+00
-1.271127104759216309e+00
-1.272195577621459961e+00
-1.279770374298095703e+00
-1.287742972373962402e+00
-1.299732804298400879e+00
-1.313410401344299316e+00
-1.328077673912048340e+00
-1.342819571495056152e+00
-1.357561349868774414e+00
-1.377669215202331543e+00
-1.395755767822265625e+00
-1.409093618392944336e+00
-1.423124670982360840e+00
-1.431754350662231445e+00
-1.431280016899108887e+00
-1.426661968231201172e+00
-1.421653628349304199e+00
-1.417466044425964355e+00
-1.413277983665466309e+00
-1.409243941307067871e+00
-1.402422785758972168e+00
-1.392358899116516113e+00
-1.384375929832458496e+00
-1.376883387565612793e+00
-1.369390606880187988e+00
-1.358634233474731445e+00
-1.346159458160400391e+00
-1.341351628303527832e+00
-1.342591524124145508e+00
-1.343831419944763184e+00
-1.345902323722839355e+00
-1.349567532539367676e+00
-1.352200984954833984e+00
-1.354834437370300293e+00
-1.358010172843933105e+00
-1.365004301071166992e+00
-1.365952968597412109e+00
-1.362027287483215332e+00
-1.353049635887145996e+00
-1.340984940528869629e+00
-1.329696655273437500e+00
-1.324081063270568848e+00
-1.320549845695495605e+00
-1.317018389701843262e+00
-1.312706232070922852e+00
-1.307565331459045410e+00
-1.301782011985778809e+00
-1.294822096824645996e+00
-1.285293936729431152e+00
-1.285727620124816895e+00
-1.294647812843322754e+00
-1.311168789863586426e+00
-1.330471396446228027e+00
-1.356610417366027832e+00
-1.380959630012512207e+00
-1.392576098442077637e+00
-1.401185393333435059e+00
-1.409602642059326172e+00
-1.411659121513366699e+00
-1.411383509635925293e+00
-1.409937500953674316e+00
-1.406516194343566895e+00
-1.400980472564697266e+00
-1.395465850830078125e+00
-1.380920290946960449e+00
-1.363639831542968750e+00
-1.345811486244201660e+00
-1.327667355537414551e+00
-1.313001155853271484e+00
-1.298364043235778809e+00
-1.283929467201232910e+00
-1.269891381263732910e+00
-1.332710385322570801e+00
-1.330097436904907227e+00
-1.328470110893249512e+00
-1.325091958045959473e+00
-1.313722252845764160e+00
-1.300583004951477051e+00
-1.286545872688293457e+00
-1.272509694099426270e+00
-1.258620381355285645e+00
-1.251760482788085938e+00
-1.247432112693786621e+00
-1.235961556434631348e+00
-1.218649029731750488e+00
-1.215023159980773926e+00
-1.211425900459289551e+00
-1.208097338676452637e+00
-1.205515027046203613e+00
-1.203951716423034668e+00
-1.201987504959106445e+00
-1.199521541595458984e+00
-1.196497321128845215e+00
-1.192686200141906738e+00
-1.188873171806335449e+00
-1.186831355094909668e+00
-1.189533591270446777e+00
-1.199571847915649414e+00
-1.209729313850402832e+00
-1.220403790473937988e+00
-1.231310009956359863e+00
-1.247183203697204590e+00
-1.259013533592224121e+00
-1.271941304206848145e+00
-1.286142945289611816e+00
-1.299373269081115723e+00
-1.312602996826171875e+00
-1.325832605361938477e+00
-1.339043617248535156e+00
-1.351826310157775879e+00
-1.364552617073059082e+00
-1.377081155776977539e+00
-1.389386892318725586e+00
-1.399620294570922852e+00
-1.406030774116516113e+00
-1.402837634086608887e+00
-1.396059870719909668e+00
-1.389507532119750977e+00
-1.381471991539001465e+00
-1.373341679573059082e+00
-1.360818028450012207e+00
-1.350114703178405762e+00
-1.340222954750061035e+00
-1.330331683158874512e+00
-1.320440173149108887e+00
-1.318256020545959473e+00
-1.315688490867614746e+00
-1.300487160682678223e+00
-1.286554694175720215e+00
-1.274582982063293457e+00
-1.264813899993896484e+00
-1.271640181541442871e+00
-1.280666470527648926e+00
-1.291378855705261230e+00
-1.305305838584899902e+00
-1.319419503211975098e+00
-1.334090590476989746e+00
-1.353029608726501465e+00
-1.375829935073852539e+00
-1.401085257530212402e+00
-1.420260906219482422e+00
-1.433264255523681641e+00
-1.437547326087951660e+00
-1.437752842903137207e+00
-1.435812950134277344e+00
-1.427636623382568359e+00
-1.420682072639465332e+00
-1.416570782661437988e+00
-1.412541747093200684e+00
-1.407948136329650879e+00
-1.399763464927673340e+00
-1.392275452613830566e+00
-1.384782910346984863e+00
-1.374592423439025879e+00
-1.356896996498107910e+00
-1.344827771186828613e+00
-1.344093799591064453e+00
-1.345354914665222168e+00
-1.345970869064331055e+00
-1.346039175987243652e+00
-1.348404407501220703e+00
-1.351037740707397461e+00
-1.356959939002990723e+00
-1.364167571067810059e+00
-1.371044754981994629e+00
-1.372160553932189941e+00
-1.369063258171081543e+00
-1.360681533813476562e+00
-1.349361300468444824e+00
-1.343101263046264648e+00
-1.339051365852355957e+00
-1.334399104118347168e+00
-1.329695701599121094e+00
-1.324992537498474121e+00
-1.320289254188537598e+00
-1.314847350120544434e+00
-1.306205391883850098e+00
-1.297286629676818848e+00
-1.296470046043395996e+00
-1.309684634208679199e+00
-1.325932383537292480e+00
-1.346229314804077148e+00
-1.365936040878295898e+00
-1.383569002151489258e+00
-1.394851565361022949e+00
-1.403461337089538574e+00
-1.410841345787048340e+00
-1.410368561744689941e+00
-1.408912420272827148e+00
-1.404451370239257812e+00
-1.398691892623901367e+00
-1.393148779869079590e+00
-1.387968182563781738e+00
-1.372810482978820801e+00
-1.354527115821838379e+00
-1.336176395416259766e+00
-1.321302294731140137e+00
-1.306665062904357910e+00
-1.292575240135192871e+00
-1.278459668159484863e+00
-1.264114856719970703e+00
-1.320909619331359863e+00
-1.318622946739196777e+00
-1.316009998321533203e+00
-1.308121085166931152e+00
-1.294668555259704590e+00
-1.283494114875793457e+00
-1.271652340888977051e+00
-1.258428692817687988e+00
-1.244390606880187988e+00
-1.233487486839294434e+00
-1.228953719139099121e+00
-1.224624276161193848e+00
-1.214602589607238770e+00
-1.211004614830017090e+00
-1.207406997680664062e+00
-1.203808069229125977e+00
-1.200210690498352051e+00
-1.197352647781372070e+00
-1.194903373718261719e+00
-1.193149924278259277e+00
-1.190684676170349121e+00
-1.186885356903076172e+00
-1.183073759078979492e+00
-1.179261684417724609e+00
-1.177495718002319336e+00
-1.185724854469299316e+00
-1.196399569511413574e+00
-1.207454562187194824e+00
-1.231974244117736816e+00
-1.252442955970764160e+00
-1.264273285865783691e+00
-1.275667905807495117e+00
-1.288424849510192871e+00
-1.301655054092407227e+00
-1.314884305000305176e+00
-1.328100800514221191e+00
-1.340883612632751465e+00
-1.353666186332702637e+00
-1.366448998451232910e+00
-1.379231810569763184e+00
-1.392014384269714355e+00
-1.404797196388244629e+00
-1.415083885192871094e+00
-1.419527769088745117e+00
-1.414708375930786133e+00
-1.408972620964050293e+00
-1.402380824089050293e+00
-1.397747993469238281e+00
-1.385660529136657715e+00
-1.374937176704406738e+00
-1.364338636398315430e+00
-1.354583263397216797e+00
-1.346135377883911133e+00
-1.343232512474060059e+00
-1.327613949775695801e+00
-1.310890316963195801e+00
-1.294367432594299316e+00
-1.279568314552307129e+00
-1.267596125602722168e+00
-1.264184355735778809e+00
-1.273317456245422363e+00
-1.282857060432434082e+00
-1.297657608985900879e+00
-1.312219142913818359e+00
-1.328965067863464355e+00
-1.351691842079162598e+00
-1.376440644264221191e+00
-1.401732444763183594e+00
-1.425088047981262207e+00
-1.437994241714477539e+00
-1.441430449485778809e+00
-1.444132208824157715e+00
-1.442372560501098633e+00
-1.436787724494934082e+00
-1.428611159324645996e+00
-1.420593619346618652e+00
-1.415839433670043945e+00
-1.411788582801818848e+00
-1.407213926315307617e+00
-1.400174975395202637e+00
-1.392444491386413574e+00
-1.374692201614379883e+00
-1.357044458389282227e+00
-1.346627354621887207e+00
-1.345770001411437988e+00
-1.345838427543640137e+00
-1.345906496047973633e+00
-1.345975399017333984e+00
-1.348875403404235840e+00
-1.355914235115051270e+00
-1.363480448722839355e+00
-1.371046900749206543e+00
-1.377274990081787109e+00
-1.378555417060852051e+00
-1.376049160957336426e+00
-1.371402263641357422e+00
-1.364144563674926758e+00
-1.356952309608459473e+00
-1.352249264717102051e+00
-1.347545742988586426e+00
-1.342842221260070801e+00
-1.338138937950134277e+00
-1.333435893058776855e+00
-1.326833844184875488e+00
-1.318012356758117676e+00
-1.308909893035888672e+00
-1.310234665870666504e+00
-1.324422717094421387e+00
-1.338592767715454102e+00
-1.350252985954284668e+00
-1.367703080177307129e+00
-1.385385394096374512e+00
-1.397127270698547363e+00
-1.405610918998718262e+00
-1.409325718879699707e+00
-1.407112717628479004e+00
-1.402458310127258301e+00
-1.396410822868347168e+00
-1.390868067741394043e+00
-1.385233283042907715e+00
-1.379605650901794434e+00
-1.363242506980895996e+00
-1.344686746597290039e+00
-1.329602837562561035e+00
-1.315054893493652344e+00
-1.300710320472717285e+00
-1.285790205001831055e+00
-1.270132064819335938e+00
-1.254469037055969238e+00
-1.306652426719665527e+00
-1.305537819862365723e+00
-1.304422378540039062e+00
-1.293979525566101074e+00
-1.279274821281433105e+00
-1.264681935310363770e+00
-1.253069639205932617e+00
-1.241893768310546875e+00
-1.229563236236572266e+00
-1.216968417167663574e+00
-1.211034417152404785e+00
-1.206146717071533203e+00
-1.210045337677001953e+00
-1.206985712051391602e+00
-1.203387975692749023e+00
-1.199789762496948242e+00
-1.196192145347595215e+00
-1.192595124244689941e+00
-1.189111113548278809e+00
-1.185978055000305176e+00
-1.183655142784118652e+00
-1.181085705757141113e+00
-1.177273154258728027e+00
-1.173861622810363770e+00
-1.171265363693237305e+00
-1.175323128700256348e+00
-1.186304688453674316e+00
-1.211419701576232910e+00
-1.236534833908081055e+00
-1.257702708244323730e+00
-1.268756389617919922e+00
-1.279519438743591309e+00
-1.290706515312194824e+00
-1.303936481475830078e+00
-1.317158102989196777e+00
-1.329940915107727051e+00
-1.342723727226257324e+00
-1.355506300926208496e+00
-1.368288874626159668e+00
-1.381071686744689941e+00
-1.393854737281799316e+00
-1.406637430191040039e+00
-1.419420123100280762e+00
-1.428981184959411621e+00
-1.428911566734313965e+00
-1.423465609550476074e+00
-1.418928146362304688e+00
-1.414805293083190918e+00
-1.403738498687744141e+00
-1.394140005111694336e+00
-1.384554028511047363e+00
-1.375013470649719238e+00
-1.365425944328308105e+00
-1.354366183280944824e+00
-1.339365839958190918e+00
-1.319844603538513184e+00
-1.303712129592895508e+00
-1.288093924522399902e+00
-1.273439049720764160e+00
-1.263041496276855469e+00
-1.267096638679504395e+00
-1.276988983154296875e+00
-1.290744423866271973e+00
-1.305952668190002441e+00
-1.328384637832641602e+00
-1.352027535438537598e+00
-1.375465750694274902e+00
-1.398370623588562012e+00
-1.421275734901428223e+00
-1.439212679862976074e+00
-1.445277214050292969e+00
-1.448337197303771973e+00
-1.448787093162536621e+00
-1.445938467979431152e+00
-1.437843441963195801e+00
-1.429826498031616211e+00
-1.421786189079284668e+00
-1.415083527565002441e+00
-1.413799881935119629e+00
-1.408124089241027832e+00
-1.392646908760070801e+00
-1.374399662017822266e+00
-1.356547713279724121e+00
-1.348942875862121582e+00
-1.347288012504577637e+00
-1.345774531364440918e+00
-1.345877647399902344e+00
-1.350553035736083984e+00
-1.355712652206420898e+00
-1.363504528999328613e+00
-1.371296644210815430e+00
-1.379088759422302246e+00
-1.384892821311950684e+00
-1.387533307075500488e+00
-1.388281702995300293e+00
-1.383901834487915039e+00
-1.376532912254333496e+00
-1.370098710060119629e+00
-1.365395545959472656e+00
-1.360692143440246582e+00
-1.355988621711730957e+00
-1.351285457611083984e+00
-1.345862627029418945e+00
-1.337181687355041504e+00
-1.328896164894104004e+00
-1.319878220558166504e+00
-1.324047684669494629e+00
-1.332196593284606934e+00
-1.340446233749389648e+00
-1.351837038993835449e+00
-1.369519591331481934e+00
-1.387201905250549316e+00
-1.399152874946594238e+00
-1.406129837036132812e+00
-1.404621720314025879e+00
-1.400321364402770996e+00
-1.394129872322082520e+00
-1.388586878776550293e+00
-1.382310509681701660e+00
-1.375727891921997070e+00
-1.370460271835327148e+00
-1.352893471717834473e+00
-1.336540102958679199e+00
-1.320495486259460449e+00
-1.304242253303527832e+00
-1.287988901138305664e+00
-1.271735906600952148e+00
-1.255483031272888184e+00
-1.239229798316955566e+00
-1.291618466377258301e+00
-1.291280627250671387e+00
-1.290165543556213379e+00
-1.278468728065490723e+00
-1.265160679817199707e+00
-1.250455737113952637e+00
-1.235751152038574219e+00
-1.222644448280334473e+00
-1.211469054222106934e+00
-1.200088739395141602e+00
-1.193833947181701660e+00
-1.188579201698303223e+00
-1.195953130722045898e+00
-1.202966928482055664e+00
-1.199369072914123535e+00
-1.195771455764770508e+00
-1.192173123359680176e+00
-1.188575387001037598e+00
-1.184977650642395020e+00
-1.180929660797119141e+00
-1.177464127540588379e+00
-1.174578905105590820e+00
-1.172185301780700684e+00
-1.169156670570373535e+00
-1.166243553161621094e+00
-1.176639795303344727e+00
-1.194979548454284668e+00
-1.216652750968933105e+00
-1.241044402122497559e+00
-1.261844277381896973e+00
-1.272608280181884766e+00
-1.283371567726135254e+00
-1.294135451316833496e+00
-1.306215643882751465e+00
-1.318998098373413086e+00
-1.331780791282653809e+00
-1.344563603401184082e+00
-1.357346415519714355e+00
-1.370128750801086426e+00
-1.382912278175354004e+00
-1.395694255828857422e+00
-1.408477187156677246e+00
-1.421260237693786621e+00
-1.433912873268127441e+00
-1.440807461738586426e+00
-1.436897039413452148e+00
-1.437322020530700684e+00
-1.431799054145812988e+00
-1.421101808547973633e+00
-1.411252140998840332e+00
-1.401402354240417480e+00
-1.380927205085754395e+00
-1.369078159332275391e+00
-1.358343482017517090e+00
-1.344629526138305664e+00
-1.326502680778503418e+00
-1.308379769325256348e+00
-1.293518781661987305e+00
-1.280714869499206543e+00
-1.269796609878540039e+00
-1.260741114616394043e+00
-1.271331906318664551e+00
-1.283825993537902832e+00
-1.304991602897644043e+00
-1.327254176139831543e+00
-1.349421381950378418e+00
-1.371711969375610352e+00
-1.394558787345886230e+00
-1.417463660240173340e+00
-1.434151530265808105e+00
-1.446083664894104004e+00
-1.452111959457397461e+00
-1.455114126205444336e+00
-1.452585577964782715e+00
-1.447076439857482910e+00
-1.439070582389831543e+00
-1.430829167366027832e+00
-1.424179553985595703e+00
-1.418929696083068848e+00
-1.408799171447753906e+00
-1.390764951705932617e+00
-1.372062206268310547e+00
-1.357617974281311035e+00
-1.351954579353332520e+00
-1.350525021553039551e+00
-1.351822972297668457e+00
-1.354718089103698730e+00
-1.359792947769165039e+00
-1.365019917488098145e+00
-1.371809840202331543e+00
-1.379601836204528809e+00
-1.387393593788146973e+00
-1.394868731498718262e+00
-1.399606704711914062e+00
-1.398621439933776855e+00
-1.395553350448608398e+00
-1.388879895210266113e+00
-1.383245229721069336e+00
-1.378541827201843262e+00
-1.373838543891906738e+00
-1.369135260581970215e+00
-1.364101171493530273e+00
-1.355891108512878418e+00
-1.347469568252563477e+00
-1.339183807373046875e+00
-1.332040429115295410e+00
-1.327593445777893066e+00
-1.333412885665893555e+00
-1.341808438301086426e+00
-1.353653788566589355e+00
-1.371336340904235840e+00
-1.388645052909851074e+00
-1.398268938064575195e+00
-1.401965737342834473e+00
-1.397472977638244629e+00
-1.391100287437438965e+00
-1.384768962860107422e+00
-1.377174258232116699e+00
-1.368866801261901855e+00
-1.362183213233947754e+00
-1.354752421379089355e+00
-1.337771534919738770e+00
-1.321504831314086914e+00
-1.305251955986022949e+00
-1.288998723030090332e+00
-1.272745251655578613e+00
-1.256492495536804199e+00
-1.240239381790161133e+00
-1.223986029624938965e+00
-1.274682164192199707e+00
-1.276323199272155762e+00
-1.274942398071289062e+00
-1.261633038520812988e+00
-1.248366713523864746e+00
-1.235159158706665039e+00
-1.221638321876525879e+00
-1.206933259963989258e+00
-1.192980766296386719e+00
-1.181044697761535645e+00
-1.173791050910949707e+00
-1.173184275627136230e+00
-1.182339668273925781e+00
-1.191075801849365234e+00
-1.195350527763366699e+00
-1.191752672195434570e+00
-1.188154339790344238e+00
-1.184556603431701660e+00
-1.180958747863769531e+00
-1.177135348320007324e+00
-1.173633217811584473e+00
-1.170267701148986816e+00
-1.166805982589721680e+00
-1.163788318634033203e+00
-1.171544432640075684e+00
-1.189321398735046387e+00
-1.207661390304565430e+00
-1.225608825683593750e+00
-1.245698571205139160e+00
-1.265696883201599121e+00
-1.276460289955139160e+00
-1.287223577499389648e+00
-1.297987222671508789e+00
-1.308306694030761719e+00
-1.320837736129760742e+00
-1.333620667457580566e+00
-1.346403479576110840e+00
-1.359186530113220215e+00
-1.371969342231750488e+00
-1.384751677513122559e+00
-1.397534489631652832e+00
-1.410317182540893555e+00
-1.423100113868713379e+00
-1.435882806777954102e+00
-1.447717189788818359e+00
-1.452103734016418457e+00
-1.455024123191833496e+00
-1.447722315788269043e+00
-1.437479734420776367e+00
-1.424250483512878418e+00
-1.403288722038269043e+00
-1.385973453521728516e+00
-1.374474525451660156e+00
-1.363174915313720703e+00
-1.350836634635925293e+00
-1.332950353622436523e+00
-1.314827561378479004e+00
-1.296756863594055176e+00
-1.282765269279479980e+00
-1.271151542663574219e+00
-1.260164141654968262e+00
-1.257696390151977539e+00
-1.274325847625732422e+00
-1.296056866645812988e+00
-1.319575428962707520e+00
-1.343417286872863770e+00
-1.367200613021850586e+00
-1.390773415565490723e+00
-1.412127733230590820e+00
-1.427938461303710938e+00
-1.442690253257751465e+00
-1.452840685844421387e+00
-1.458912372589111328e+00
-1.459175348281860352e+00
-1.456598162651062012e+00
-1.448587179183959961e+00
-1.440086007118225098e+00
-1.433900117874145508e+00
-1.424594640731811523e+00
-1.408095002174377441e+00
-1.389484882354736328e+00
-1.371806144714355469e+00
-1.361324906349182129e+00
-1.356680870056152344e+00
-1.359681010246276855e+00
-1.363184690475463867e+00
-1.366668343544006348e+00
-1.369858741760253906e+00
-1.374424576759338379e+00
-1.379854798316955566e+00
-1.386978507041931152e+00
-1.397993445396423340e+00
-1.407858967781066895e+00
-1.410133242607116699e+00
-1.408811569213867188e+00
-1.407763481140136719e+00
-1.401091933250427246e+00
-1.396391749382019043e+00
-1.391688466072082520e+00
-1.386903405189514160e+00
-1.381333470344543457e+00
-1.374661803245544434e+00
-1.366042017936706543e+00
-1.355447411537170410e+00
-1.341325998306274414e+00
-1.334342360496520996e+00
-1.329710364341735840e+00
-1.334091305732727051e+00
-1.342165946960449219e+00
-1.353752851486206055e+00
-1.369621753692626953e+00
-1.382835745811462402e+00
-1.390987157821655273e+00
-1.391259551048278809e+00
-1.385105729103088379e+00
-1.378070235252380371e+00
-1.368977665901184082e+00
-1.358762502670288086e+00
-1.350664734840393066e+00
-1.343362212181091309e+00
-1.338750362396240234e+00
-1.322546839714050293e+00
-1.306265473365783691e+00
-1.290008425712585449e+00
-1.273754954338073730e+00
-1.257501840591430664e+00
-1.241248488426208496e+00
-1.224995613098144531e+00
-1.208742737770080566e+00
-1.256569266319274902e+00
-1.258060812950134277e+00
-1.255787014961242676e+00
-1.245187163352966309e+00
-1.232375025749206543e+00
-1.218853831291198730e+00
-1.205474853515625000e+00
-1.192095875740051270e+00
-1.178188681602478027e+00
-1.163789153099060059e+00
-1.152782559394836426e+00
-1.156357884407043457e+00
-1.167000532150268555e+00
-1.176553130149841309e+00
-1.185661077499389648e+00
-1.187733292579650879e+00
-1.184135556221008301e+00
-1.180537819862365723e+00
-1.177443861961364746e+00
-1.174391031265258789e+00
-1.170889616012573242e+00
-1.167386889457702637e+00
-1.163848996162414551e+00
-1.172831416130065918e+00
-1.183505535125732422e+00
-1.201561093330383301e+00
-1.219609975814819336e+00
-1.236882805824279785e+00
-1.254155516624450684e+00
-1.272041201591491699e+00
-1.280461668968200684e+00
-1.291075706481933594e+00
-1.301400303840637207e+00
-1.311716914176940918e+00
-1.322677731513977051e+00
-1.335460782051086426e+00
-1.348243594169616699e+00
-1.361026287078857422e+00
-1.373808741569519043e+00
-1.386591553688049316e+00
-1.399374485015869141e+00
-1.412157297134399414e+00
-1.424939990043640137e+00
-1.437722682952880859e+00
-1.450505852699279785e+00
-1.466973662376403809e+00
-1.472698926925659180e+00
-1.463658928871154785e+00
-1.445784926414489746e+00
-1.425270557403564453e+00
-1.404635667800903320e+00
-1.391779184341430664e+00
-1.380698561668395996e+00
-1.369751214981079102e+00
-1.356996417045593262e+00
-1.339398384094238281e+00
-1.321275353431701660e+00
-1.304011225700378418e+00
-1.287421226501464844e+00
-1.272956013679504395e+00
-1.261480569839477539e+00
-1.251701951026916504e+00
-1.260917544364929199e+00
-1.283167719841003418e+00
-1.307474493980407715e+00
-1.331316113471984863e+00
-1.355157732963562012e+00
-1.379027605056762695e+00
-1.399464488029479980e+00
-1.416578888893127441e+00
-1.432914495468139648e+00
-1.449249863624572754e+00
-1.459184050559997559e+00
-1.465846300125122070e+00
-1.463779091835021973e+00
-1.456974267959594727e+00
-1.449086308479309082e+00
-1.442203879356384277e+00
-1.425712108612060547e+00
-1.409212231636047363e+00
-1.391678214073181152e+00
-1.374474525451660156e+00
-1.368851542472839355e+00
-1.367873311042785645e+00
-1.371376752853393555e+00
-1.374880552291870117e+00
-1.378384113311767578e+00
-1.381094098091125488e+00
-1.382887482643127441e+00
-1.388430953025817871e+00
-1.398809552192687988e+00
-1.410493612289428711e+00
-1.420026063919067383e+00
-1.419504523277282715e+00
-1.419001221656799316e+00
-1.419975876808166504e+00
-1.413847804069519043e+00
-1.409538149833679199e+00
-1.404135823249816895e+00
-1.398436665534973145e+00
-1.392014384269714355e+00
-1.383306741714477539e+00
-1.368748545646667480e+00
-1.351610779762268066e+00
-1.340281605720520020e+00
-1.332708477973937988e+00
-1.327710628509521484e+00
-1.330999255180358887e+00
-1.339468598365783691e+00
-1.348446726799011230e+00
-1.361452579498291016e+00
-1.373880028724670410e+00
-1.381240487098693848e+00
-1.377241849899291992e+00
-1.368095874786376953e+00
-1.358104348182678223e+00
-1.347749590873718262e+00
-1.339119434356689453e+00
-1.332178473472595215e+00
-1.327152013778686523e+00
-1.323604226112365723e+00
-1.307322740554809570e+00
-1.291041135787963867e+00
-1.274764537811279297e+00
-1.258511185646057129e+00
-1.242258191108703613e+00
-1.226004958152770996e+00
-1.209751844406127930e+00
-1.193498849868774414e+00
-1.238528490066528320e+00
-1.240020632743835449e+00
-1.235108613967895508e+00
-1.224507451057434082e+00
-1.213907480239868164e+00
-1.202882409095764160e+00
-1.190104961395263672e+00
-1.176576137542724609e+00
-1.163047671318054199e+00
-1.149517655372619629e+00
-1.135316491127014160e+00
-1.140951037406921387e+00
-1.150381565093994141e+00
-1.160256385803222656e+00
-1.170381426811218262e+00
-1.179923176765441895e+00
-1.179962038993835449e+00
-1.177481770515441895e+00
-1.174520850181579590e+00
-1.171559095382690430e+00
-1.168144822120666504e+00
-1.167234539985656738e+00
-1.178172945976257324e+00
-1.187942624092102051e+00
-1.197599768638610840e+00
-1.212768197059631348e+00
-1.229794621467590332e+00
-1.248156785964965820e+00
-1.265429496765136719e+00
-1.281801104545593262e+00
-1.288291096687316895e+00
-1.295472741127014160e+00
-1.304810404777526855e+00
-1.315127253532409668e+00
-1.325443387031555176e+00
-1.337300419807434082e+00
-1.350083589553833008e+00
-1.362866401672363281e+00
-1.375649213790893555e+00
-1.388431906700134277e+00
-1.401214480400085449e+00
-1.413997292518615723e+00
-1.426780223846435547e+00
-1.439562797546386719e+00
-1.455762505531311035e+00
-1.476814031600952148e+00
-1.488272309303283691e+00
-1.468388199806213379e+00
-1.447467446327209473e+00
-1.426848053932189941e+00
-1.408393740653991699e+00
-1.397313237190246582e+00
-1.386232733726501465e+00
-1.375531673431396484e+00
-1.363507270812988281e+00
-1.345967411994934082e+00
-1.327861189842224121e+00
-1.311265587806701660e+00
-1.294675469398498535e+00
-1.276227474212646484e+00
-1.259996533393859863e+00
-1.254752039909362793e+00
-1.252774119377136230e+00
-1.271880388259887695e+00
-1.294308543205261230e+00
-1.319873690605163574e+00
-1.344374299049377441e+00
-1.368481755256652832e+00
-1.386789321899414062e+00
-1.403275489807128906e+00
-1.419732332229614258e+00
-1.435778379440307617e+00
-1.451016068458557129e+00
-1.457074046134948730e+00
-1.460310101509094238e+00
-1.458181262016296387e+00
-1.452989935874938965e+00
-1.439644455909729004e+00
-1.424462199211120605e+00
-1.409113526344299316e+00
-1.396940827369689941e+00
-1.390859961509704590e+00
-1.382941126823425293e+00
-1.379569292068481445e+00
-1.383073091506958008e+00
-1.385406613349914551e+00
-1.387512683868408203e+00
-1.390039324760437012e+00
-1.396628260612487793e+00
-1.403041720390319824e+00
-1.410836577415466309e+00
-1.423588752746582031e+00
-1.430986046791076660e+00
-1.427835941314697266e+00
-1.427883267402648926e+00
-1.430109381675720215e+00
-1.423699975013732910e+00
-1.418109774589538574e+00
-1.411950111389160156e+00
-1.405790209770202637e+00
-1.394981980323791504e+00
-1.378450274467468262e+00
-1.361312270164489746e+00
-1.345579147338867188e+00
-1.338006019592285156e+00
-1.330433249473571777e+00
-1.325460076332092285e+00
-1.326123952865600586e+00
-1.331829071044921875e+00
-1.338792920112609863e+00
-1.349927425384521484e+00
-1.360326886177062988e+00
-1.366588711738586426e+00
-1.357856392860412598e+00
-1.347229123115539551e+00
-1.336719393730163574e+00
-1.327833533287048340e+00
-1.320995211601257324e+00
-1.315553545951843262e+00
-1.312633514404296875e+00
-1.308380007743835449e+00
-1.292098402976989746e+00
-1.275817036628723145e+00
-1.259535431861877441e+00
-1.243267655372619629e+00
-1.227014660835266113e+00
-1.210761308670043945e+00
-1.194508433341979980e+00
-1.177644371986389160e+00
-1.221246480941772461e+00
-1.221979975700378418e+00
-1.214428544044494629e+00
-1.203828215599060059e+00
-1.193227410316467285e+00
-1.182627916336059570e+00
-1.171814560890197754e+00
-1.160296559333801270e+00
-1.147838234901428223e+00
-1.134309053421020508e+00
-1.122818827629089355e+00
-1.127714514732360840e+00
-1.136341214179992676e+00
-1.145621061325073242e+00
-1.155051589012145996e+00
-1.165495038032531738e+00
-1.174839019775390625e+00
-1.173185348510742188e+00
-1.171283006668090820e+00
-1.168674111366271973e+00
-1.171442389488220215e+00
-1.182380557060241699e+00
-1.193318486213684082e+00
-1.203311204910278320e+00
-1.211836934089660645e+00
-1.225499272346496582e+00
-1.241638064384460449e+00
-1.258243441581726074e+00
-1.275966763496398926e+00
-1.293525576591491699e+00
-1.297622561454772949e+00
-1.303665041923522949e+00
-1.310028910636901855e+00
-1.318565845489501953e+00
-1.328853726387023926e+00
-1.339170336723327637e+00
-1.351923704147338867e+00
-1.364706277847290039e+00
-1.377489447593688965e+00
-1.390271544456481934e+00
-1.403069853782653809e+00
-1.416293263435363770e+00
-1.429523229598999023e+00
-1.442754030227661133e+00
-1.463225483894348145e+00
-1.478791713714599609e+00
-1.485995769500732422e+00
-1.469288468360900879e+00
-1.449060082435607910e+00
-1.428394913673400879e+00
-1.413928151130676270e+00
-1.402847409248352051e+00
-1.391951203346252441e+00
-1.381312131881713867e+00
-1.369628548622131348e+00
-1.352996110916137695e+00
-1.335180163383483887e+00
-1.317523002624511719e+00
-1.298480868339538574e+00
-1.279561281204223633e+00
-1.267939448356628418e+00
-1.260416626930236816e+00
-1.258219122886657715e+00
-1.263882756233215332e+00
-1.285577416419982910e+00
-1.307497739791870117e+00
-1.332069993019104004e+00
-1.356392502784729004e+00
-1.374113917350769043e+00
-1.389526963233947754e+00
-1.404319763183593750e+00
-1.419684410095214844e+00
-1.434792637825012207e+00
-1.447761058807373047e+00
-1.452936291694641113e+00
-1.455217480659484863e+00
-1.447410702705383301e+00
-1.432228922843933105e+00
-1.417558193206787109e+00
-1.406830191612243652e+00
-1.401282429695129395e+00
-1.400280475616455078e+00
-1.394769668579101562e+00
-1.389757275581359863e+00
-1.389111757278442383e+00
-1.391425251960754395e+00
-1.396652817726135254e+00
-1.403591036796569824e+00
-1.409728169441223145e+00
-1.415668845176696777e+00
-1.422952413558959961e+00
-1.431941032409667969e+00
-1.436733126640319824e+00
-1.432899236679077148e+00
-1.434287071228027344e+00
-1.436235070228576660e+00
-1.430877923965454102e+00
-1.425463318824768066e+00
-1.418811202049255371e+00
-1.405597329139709473e+00
-1.388151526451110840e+00
-1.371013998985290527e+00
-1.353876233100891113e+00
-1.343248724937438965e+00
-1.335370182991027832e+00
-1.326813817024230957e+00
-1.318201303482055664e+00
-1.314459919929504395e+00
-1.318388104438781738e+00
-1.324750185012817383e+00
-1.335149884223937988e+00
-1.345549225807189941e+00
-1.347724080085754395e+00
-1.336339831352233887e+00
-1.325690388679504395e+00
-1.316733837127685547e+00
-1.309811830520629883e+00
-1.303955197334289551e+00
-1.301034927368164062e+00
-1.298115015029907227e+00
-1.293155789375305176e+00
-1.276874065399169922e+00
-1.260592699050903320e+00
-1.244311213493347168e+00
-1.228029847145080566e+00
-1.211770892143249512e+00
-1.195517897605895996e+00
-1.178973793983459473e+00
-1.162008166313171387e+00
-1.212304949760437012e+00
-1.207653403282165527e+00
-1.194844603538513184e+00
-1.183148980140686035e+00
-1.172548651695251465e+00
-1.161948204040527344e+00
-1.151348710060119629e+00
-1.140747427940368652e+00
-1.129228353500366211e+00
-1.117709517478942871e+00
-1.111822724342346191e+00
-1.114281773567199707e+00
-1.122585654258728027e+00
-1.132328629493713379e+00
-1.142355203628540039e+00
-1.152271866798400879e+00
-1.162189364433288574e+00
-1.169421792030334473e+00
-1.167017102241516113e+00
-1.174798846244812012e+00
-1.187043905258178711e+00
-1.198008418083190918e+00
-1.208061575889587402e+00
-1.217735409736633301e+00
-1.226146101951599121e+00
-1.239304900169372559e+00
-1.254904747009277344e+00
-1.270507574081420898e+00
-1.287112951278686523e+00
-1.303495764732360840e+00
-1.308436274528503418e+00
-1.312983155250549316e+00
-1.319025874137878418e+00
-1.325068831443786621e+00
-1.332719206809997559e+00
-1.342580676078796387e+00
-1.353763222694396973e+00
-1.366777658462524414e+00
-1.380008339881896973e+00
-1.393238544464111328e+00
-1.406468987464904785e+00
-1.419699311256408691e+00
-1.432929635047912598e+00
-1.450175881385803223e+00
-1.460509061813354492e+00
-1.470461487770080566e+00
-1.476867198944091797e+00
-1.467548131942749023e+00
-1.450415492057800293e+00
-1.430788874626159668e+00
-1.419934391975402832e+00
-1.409079194068908691e+00
-1.398654580116271973e+00
-1.388241052627563477e+00
-1.377123951911926270e+00
-1.360988736152648926e+00
-1.341097712516784668e+00
-1.321048498153686523e+00
-1.301616787910461426e+00
-1.287789225578308105e+00
-1.277776002883911133e+00
-1.270309329032897949e+00
-1.265364766120910645e+00
-1.263105750083923340e+00
-1.277785778045654297e+00
-1.299305558204650879e+00
-1.321056962013244629e+00
-1.339555501937866211e+00
-1.357262969017028809e+00
-1.373519301414489746e+00
-1.388489603996276855e+00
-1.403068184852600098e+00
-1.418300390243530273e+00
-1.432703852653503418e+00
-1.443590641021728516e+00
-1.445753097534179688e+00
-1.439096212387084961e+00
-1.427989602088928223e+00
-1.417034864425659180e+00
-1.407338380813598633e+00
-1.404355764389038086e+00
-1.401815176010131836e+00
-1.397306203842163086e+00
-1.391985654830932617e+00
-1.390942573547363281e+00
-1.394409060478210449e+00
-1.399478435516357422e+00
-1.406933426856994629e+00
-1.414388298988342285e+00
-1.422829270362854004e+00
-1.431588411331176758e+00
-1.438816070556640625e+00
-1.441160321235656738e+00
-1.437576413154602051e+00
-1.439525723457336426e+00
-1.441781282424926758e+00
-1.438055396080017090e+00
-1.428607821464538574e+00
-1.413897395133972168e+00
-1.397853493690490723e+00
-1.380532622337341309e+00
-1.363089680671691895e+00
-1.347396731376647949e+00
-1.338214039802551270e+00
-1.326872229576110840e+00
-1.315451979637145996e+00
-1.305926918983459473e+00
-1.299468874931335449e+00
-1.303468823432922363e+00
-1.309972405433654785e+00
-1.319946408271789551e+00
-1.326972126960754395e+00
-1.325447082519531250e+00
-1.315021634101867676e+00
-1.305857539176940918e+00
-1.298628330230712891e+00
-1.292356848716735840e+00
-1.289436697959899902e+00
-1.286516785621643066e+00
-1.283596634864807129e+00
-1.277931332588195801e+00
-1.261649847030639648e+00
-1.245368599891662598e+00
-1.229086875915527344e+00
-1.212805271148681641e+00
-1.196527600288391113e+00
-1.180273890495300293e+00
-1.163365364074707031e+00
-1.148245453834533691e+00
-1.206802248954772949e+00
-1.199922800064086914e+00
-1.183179259300231934e+00
-1.167311310768127441e+00
-1.153301954269409180e+00
-1.141269326210021973e+00
-1.130668997764587402e+00
-1.120068430900573730e+00
-1.109468102455139160e+00
-1.098160743713378906e+00
-1.097108960151672363e+00
-1.099735379219055176e+00
-1.110203146934509277e+00
-1.119127392768859863e+00
-1.128605961799621582e+00
-1.139460444450378418e+00
-1.149492859840393066e+00
-1.159746289253234863e+00
-1.176447749137878418e+00
-1.188042521476745605e+00
-1.200960874557495117e+00
-1.212392091751098633e+00
-1.223076343536376953e+00
-1.232907891273498535e+00
-1.241656661033630371e+00
-1.253990769386291504e+00
-1.269267916679382324e+00
-1.284611582756042480e+00
-1.299622178077697754e+00
-1.315118551254272461e+00
-1.318940162658691406e+00
-1.322658300399780273e+00
-1.328343629837036133e+00
-1.334402799606323242e+00
-1.340884208679199219e+00
-1.348178029060363770e+00
-1.357657432556152344e+00
-1.370184183120727539e+00
-1.383414864540100098e+00
-1.396645188331604004e+00
-1.409875273704528809e+00
-1.423105597496032715e+00
-1.434094071388244629e+00
-1.443300843238830566e+00
-1.452704787254333496e+00
-1.462901353836059570e+00
-1.467653989791870117e+00
-1.464449048042297363e+00
-1.451338768005371094e+00
-1.437749266624450684e+00
-1.426894426345825195e+00
-1.416274547576904297e+00
-1.405861020088195801e+00
-1.395447373390197754e+00
-1.382285356521606445e+00
-1.365397691726684570e+00
-1.345383048057556152e+00
-1.325368523597717285e+00
-1.308743834495544434e+00
-1.297116756439208984e+00
-1.289199233055114746e+00
-1.282167434692382812e+00
-1.275495767593383789e+00
-1.269872784614562988e+00
-1.270786404609680176e+00
-1.289784908294677734e+00
-1.310169339179992676e+00
-1.325260996818542480e+00
-1.339045763015747070e+00
-1.354805827140808105e+00
-1.370502352714538574e+00
-1.386012673377990723e+00
-1.400183796882629395e+00
-1.413985371589660645e+00
-1.427421212196350098e+00
-1.430396199226379395e+00
-1.428440451622009277e+00
-1.423129796981811523e+00
-1.412216305732727051e+00
-1.404944658279418945e+00
-1.402403831481933594e+00
-1.399863362312316895e+00
-1.397451519966125488e+00
-1.395791411399841309e+00
-1.399257898330688477e+00
-1.402724385261535645e+00
-1.406191110610961914e+00
-1.409657478332519531e+00
-1.417281866073608398e+00
-1.426474332809448242e+00
-1.434888362884521484e+00
-1.438476204872131348e+00
-1.439199805259704590e+00
-1.435429930686950684e+00
-1.437885761260986328e+00
-1.440979361534118652e+00
-1.432449698448181152e+00
-1.418112635612487793e+00
-1.404695510864257812e+00
-1.387448668479919434e+00
-1.369796514511108398e+00
-1.351034522056579590e+00
-1.338207602500915527e+00
-1.326787590980529785e+00
-1.315366744995117188e+00
-1.302820801734924316e+00
-1.292372107505798340e+00
-1.284377694129943848e+00
-1.287805199623107910e+00
-1.293642044067382812e+00
-1.301432013511657715e+00
-1.306159377098083496e+00
-1.304352879524230957e+00
-1.294981956481933594e+00
-1.287444710731506348e+00
-1.280878663063049316e+00
-1.277838230133056641e+00
-1.274918198585510254e+00
-1.271998047828674316e+00
-1.269077897071838379e+00
-1.262707352638244629e+00
-1.246425509452819824e+00
-1.230144143104553223e+00
-1.213862538337707520e+00
-1.197581171989440918e+00
-1.181299328804016113e+00
-1.164721608161926270e+00
-1.147906422615051270e+00
-1.135111212730407715e+00
-1.201299548149108887e+00
-1.191782116889953613e+00
-1.175038218498229980e+00
-1.158294439315795898e+00
-1.141777157783508301e+00
-1.126630425453186035e+00
-1.111759424209594727e+00
-1.099445104598999023e+00
-1.088789105415344238e+00
-1.079405784606933594e+00
-1.082663655281066895e+00
-1.085495829582214355e+00
-1.093827366828918457e+00
-1.104762196540832520e+00
-1.115696310997009277e+00
-1.124882340431213379e+00
-1.137346863746643066e+00
-1.163104176521301270e+00
-1.187461972236633301e+00
-1.202955603599548340e+00
-1.213261723518371582e+00
-1.224407672882080078e+00
-1.235718131065368652e+00
-1.247028470039367676e+00
-1.257435679435729980e+00
-1.269483327865600586e+00
-1.284760355949401855e+00
-1.299626350402832031e+00
-1.314456582069396973e+00
-1.329287290573120117e+00
-1.332711100578308105e+00
-1.335646629333496094e+00
-1.338651061058044434e+00
-1.344944596290588379e+00
-1.351768612861633301e+00
-1.358259201049804688e+00
-1.364916086196899414e+00
-1.374106407165527344e+00
-1.387438654899597168e+00
-1.400894761085510254e+00
-1.414350390434265137e+00
-1.420201897621154785e+00
-1.426973581314086914e+00
-1.436180472373962402e+00
-1.445800542831420898e+00
-1.455952286720275879e+00
-1.458795428276062012e+00
-1.456303596496582031e+00
-1.449828982353210449e+00
-1.443403482437133789e+00
-1.433895707130432129e+00
-1.423522353172302246e+00
-1.411500096321105957e+00
-1.398293733596801758e+00
-1.385327458381652832e+00
-1.369717836380004883e+00
-1.349703431129455566e+00
-1.331293225288391113e+00
-1.319021701812744141e+00
-1.308785080909729004e+00
-1.300938606262207031e+00
-1.294046282768249512e+00
-1.285647630691528320e+00
-1.277478814125061035e+00
-1.270480036735534668e+00
-1.277672886848449707e+00
-1.295648574829101562e+00
-1.309084057807922363e+00
-1.322050809860229492e+00
-1.333792090415954590e+00
-1.347301244735717773e+00
-1.362811326980590820e+00
-1.378202080726623535e+00
-1.392889380455017090e+00
-1.404426813125610352e+00
-1.415645956993103027e+00
-1.416830062866210938e+00
-1.413201093673706055e+00
-1.405260920524597168e+00
-1.402992844581604004e+00
-1.400451898574829102e+00
-1.397911310195922852e+00
-1.399928689002990723e+00
-1.403473496437072754e+00
-1.407573223114013672e+00
-1.411039710044860840e+00
-1.414506435394287109e+00
-1.418012857437133789e+00
-1.423216700553894043e+00
-1.429799437522888184e+00
-1.435598015785217285e+00
-1.438275098800659180e+00
-1.436650872230529785e+00
-1.434275031089782715e+00
-1.430915951728820801e+00
-1.425256967544555664e+00
-1.413926124572753906e+00
-1.400469779968261719e+00
-1.384204149246215820e+00
-1.366760253906250000e+00
-1.348676323890686035e+00
-1.331746935844421387e+00
-1.321463465690612793e+00
-1.311105608940124512e+00
-1.299437761306762695e+00
-1.287408232688903809e+00
-1.278127074241638184e+00
-1.269472718238830566e+00
-1.270683407783508301e+00
-1.274480223655700684e+00
-1.280889630317687988e+00
-1.286540150642395020e+00
-1.284270167350769043e+00
-1.276261210441589355e+00
-1.269489169120788574e+00
-1.266240119934082031e+00
-1.263319849967956543e+00
-1.260399699211120605e+00
-1.257479548454284668e+00
-1.254559397697448730e+00
-1.247483134269714355e+00
-1.231201291084289551e+00
-1.214919686317443848e+00
-1.198638439178466797e+00
-1.182356953620910645e+00
-1.166113972663879395e+00
-1.149270057678222656e+00
-1.132798314094543457e+00
-1.122354984283447266e+00
-1.195796847343444824e+00
-1.183640599250793457e+00
-1.166897177696228027e+00
-1.150153517723083496e+00
-1.133409619331359863e+00
-1.116665601730346680e+00
-1.101097702980041504e+00
-1.086043953895568848e+00
-1.071515917778015137e+00
-1.064380526542663574e+00
-1.067788124084472656e+00
-1.071256041526794434e+00
-1.077150464057922363e+00
-1.088085293769836426e+00
-1.099036335945129395e+00
-1.115354299545288086e+00
-1.140729308128356934e+00
-1.165778279304504395e+00
-1.190823197364807129e+00
-1.215301156044006348e+00
-1.227293610572814941e+00
-1.237502098083496094e+00
-1.247913956642150879e+00
-1.259043693542480469e+00
-1.270354628562927246e+00
-1.283785700798034668e+00
-1.299714684486389160e+00
-1.315132260322570801e+00
-1.330410361289978027e+00
-1.345702409744262695e+00
-1.350267648696899414e+00
-1.352486491203308105e+00
-1.355110645294189453e+00
-1.358335852622985840e+00
-1.363793015480041504e+00
-1.371539592742919922e+00
-1.377932906150817871e+00
-1.384326577186584473e+00
-1.393188595771789551e+00
-1.405175328254699707e+00
-1.407099843025207520e+00
-1.410646915435791016e+00
-1.419853329658508301e+00
-1.429060339927673340e+00
-1.438866138458251953e+00
-1.448855996131896973e+00
-1.449936747550964355e+00
-1.447937369346618652e+00
-1.448541045188903809e+00
-1.446486353874206543e+00
-1.439368724822998047e+00
-1.427146077156066895e+00
-1.413939595222473145e+00
-1.400733113288879395e+00
-1.388625979423522949e+00
-1.374004125595092773e+00
-1.353399753570556641e+00
-1.340357661247253418e+00
-1.328628420829772949e+00
-1.318427324295043945e+00
-1.308855652809143066e+00
-1.299547314643859863e+00
-1.290375590324401855e+00
-1.281203627586364746e+00
-1.273350954055786133e+00
-1.269111275672912598e+00
-1.278306126594543457e+00
-1.290834069252014160e+00
-1.303205370903015137e+00
-1.314926266670227051e+00
-1.327139019966125488e+00
-1.339518189430236816e+00
-1.357598900794982910e+00
-1.370736718177795410e+00
-1.381582617759704590e+00
-1.393005132675170898e+00
-1.402960777282714844e+00
-1.400400996208190918e+00
-1.399206995964050293e+00
-1.399652481079101562e+00
-1.400457024574279785e+00
-1.402536392211914062e+00
-1.404760122299194336e+00
-1.409755229949951172e+00
-1.415888667106628418e+00
-1.419355034828186035e+00
-1.422821998596191406e+00
-1.427522301673889160e+00
-1.431859374046325684e+00
-1.435508608818054199e+00
-1.434665083885192871e+00
-1.436985969543457031e+00
-1.430289030075073242e+00
-1.421057581901550293e+00
-1.411118149757385254e+00
-1.404972076416015625e+00
-1.394253849983215332e+00
-1.379448652267456055e+00
-1.362694263458251953e+00
-1.343154549598693848e+00
-1.323487043380737305e+00
-1.311899065971374512e+00
-1.301598191261291504e+00
-1.290007472038269043e+00
-1.278025746345520020e+00
-1.266203165054321289e+00
-1.256008267402648926e+00
-1.245715379714965820e+00
-1.245231628417968750e+00
-1.249237418174743652e+00
-1.256987929344177246e+00
-1.263061285018920898e+00
-1.263910889625549316e+00
-1.257964730262756348e+00
-1.254641652107238770e+00
-1.251721501350402832e+00
-1.248801469802856445e+00
-1.245881319046020508e+00
-1.242961049079895020e+00
-1.240040779113769531e+00
-1.232258677482604980e+00
-1.215977311134338379e+00
-1.199695467948913574e+00
-1.183414220809936523e+00
-1.167518973350524902e+00
-1.150674819946289062e+00
-1.133830666542053223e+00
-1.119341135025024414e+00
-1.109880805015563965e+00
-1.190086960792541504e+00
-1.175500035285949707e+00
-1.158756256103515625e+00
-1.142012000083923340e+00
-1.125267982482910156e+00
-1.108529925346374512e+00
-1.092314720153808594e+00
-1.076734423637390137e+00
-1.062224388122558594e+00
-1.057107329368591309e+00
-1.056312203407287598e+00
-1.056850314140319824e+00
-1.060473322868347168e+00
-1.071573853492736816e+00
-1.091191887855529785e+00
-1.116567015647888184e+00
-1.141941905021667480e+00
-1.166330575942993164e+00
-1.191677212715148926e+00
-1.216615319252014160e+00
-1.239308595657348633e+00
-1.251632213592529297e+00
-1.261478304862976074e+00
-1.272292017936706543e+00
-1.283457875251770020e+00
-1.297132611274719238e+00
-1.314397454261779785e+00
-1.331663250923156738e+00
-1.348157763481140137e+00
-1.363746166229248047e+00
-1.369010329246520996e+00
-1.371229052543640137e+00
-1.373447775840759277e+00
-1.375666499137878418e+00
-1.378760695457458496e+00
-1.383962035179138184e+00
-1.391158699989318848e+00
-1.398323297500610352e+00
-1.399687170982360840e+00
-1.397015690803527832e+00
-1.397114038467407227e+00
-1.404307842254638672e+00
-1.413192391395568848e+00
-1.422094583511352539e+00
-1.431863188743591309e+00
-1.441793560981750488e+00
-1.441195130348205566e+00
-1.439690351486206055e+00
-1.443846940994262695e+00
-1.445118069648742676e+00
-1.437577366828918457e+00
-1.426940083503723145e+00
-1.413805365562438965e+00
-1.400381684303283691e+00
-1.388118863105773926e+00
-1.373902440071105957e+00
-1.359168887138366699e+00
-1.345705747604370117e+00
-1.334334492683410645e+00
-1.324329733848571777e+00
-1.314758539199829102e+00
-1.304874777793884277e+00
-1.294933915138244629e+00
-1.285712003707885742e+00
-1.276629567146301270e+00
-1.270965099334716797e+00
-1.265746116638183594e+00
-1.272929191589355469e+00
-1.284733295440673828e+00
-1.296272039413452148e+00
-1.309132337570190430e+00
-1.324597954750061035e+00
-1.336358189582824707e+00
-1.345472931861877441e+00
-1.356734752655029297e+00
-1.367580652236938477e+00
-1.379032969474792480e+00
-1.388013005256652832e+00
-1.393494725227355957e+00
-1.398662924766540527e+00
-1.403729081153869629e+00
-1.407360553741455078e+00
-1.409591674804687500e+00
-1.414533138275146484e+00
-1.423273086547851562e+00
-1.427670836448669434e+00
-1.431197047233581543e+00
-1.435228705406188965e+00
-1.439260601997375488e+00
-1.439664006233215332e+00
-1.435965180397033691e+00
-1.427463293075561523e+00
-1.409879207611083984e+00
-1.398950219154357910e+00
-1.391320824623107910e+00
-1.386313915252685547e+00
-1.376818060874938965e+00
-1.357085704803466797e+00
-1.337516784667968750e+00
-1.317954897880554199e+00
-1.301962852478027344e+00
-1.291538357734680176e+00
-1.279844164848327637e+00
-1.267729043960571289e+00
-1.255889296531677246e+00
-1.242563128471374512e+00
-1.230230689048767090e+00
-1.219552874565124512e+00
-1.217071413993835449e+00
-1.221084713935852051e+00
-1.229776263236999512e+00
-1.235222220420837402e+00
-1.238004088401794434e+00
-1.235223650932312012e+00
-1.233441233634948730e+00
-1.231658339500427246e+00
-1.229875206947326660e+00
-1.228092312812805176e+00
-1.226308941841125488e+00
-1.224526166915893555e+00
-1.216980099678039551e+00
-1.200753092765808105e+00
-1.184471487998962402e+00
-1.168923377990722656e+00
-1.152079343795776367e+00
-1.135235786437988281e+00
-1.118391394615173340e+00
-1.106486916542053223e+00
-1.097406625747680664e+00
-1.182683825492858887e+00
-1.167142391204833984e+00
-1.150614976882934570e+00
-1.133870840072631836e+00
-1.117483496665954590e+00
-1.101376175880432129e+00
-1.085269093513488770e+00
-1.069161772727966309e+00
-1.053054571151733398e+00
-1.052029013633728027e+00
-1.051234722137451172e+00
-1.050439953804016113e+00
-1.049958825111389160e+00
-1.067906379699707031e+00
-1.092404961585998535e+00
-1.117519140243530273e+00
-1.141826868057250977e+00
-1.166295289993286133e+00
-1.190828800201416016e+00
-1.216110348701477051e+00
-1.242724776268005371e+00
-1.264823555946350098e+00
-1.277566194534301758e+00
-1.288764595985412598e+00
-1.299185633659362793e+00
-1.312682032585144043e+00
-1.329047083854675293e+00
-1.346297383308410645e+00
-1.363561987876892090e+00
-1.380827307701110840e+00
-1.387734770774841309e+00
-1.389971494674682617e+00
-1.392190575599670410e+00
-1.394409537315368652e+00
-1.396628618240356445e+00
-1.399186015129089355e+00
-1.404675245285034180e+00
-1.401079535484313965e+00
-1.397459030151367188e+00
-1.392950892448425293e+00
-1.392748117446899414e+00
-1.398772120475769043e+00
-1.406868219375610352e+00
-1.415123462677001953e+00
-1.424297451972961426e+00
-1.432623505592346191e+00
-1.429986596107482910e+00
-1.427211403846740723e+00
-1.430694341659545898e+00
-1.434636950492858887e+00
-1.431225538253784180e+00
-1.422604084014892578e+00
-1.411597132682800293e+00
-1.399319052696228027e+00
-1.386607766151428223e+00
-1.375726819038391113e+00
-1.362549304962158203e+00
-1.350819230079650879e+00
-1.339850187301635742e+00
-1.330232620239257812e+00
-1.320637583732604980e+00
-1.310473799705505371e+00
-1.300239682197570801e+00
-1.290192723274230957e+00
-1.280970692634582520e+00
-1.271997451782226562e+00
-1.261847853660583496e+00
-1.260805606842041016e+00
-1.266410827636718750e+00
-1.280496716499328613e+00
-1.295496344566345215e+00
-1.309021592140197754e+00
-1.314302206039428711e+00
-1.322279095649719238e+00
-1.330651640892028809e+00
-1.341916561126708984e+00
-1.353181362152099609e+00
-1.372129917144775391e+00
-1.390473246574401855e+00
-1.399768233299255371e+00
-1.405290603637695312e+00
-1.410469412803649902e+00
-1.414423346519470215e+00
-1.419100284576416016e+00
-1.428014039993286133e+00
-1.433738350868225098e+00
-1.436468124389648438e+00
-1.439181447029113770e+00
-1.441295266151428223e+00
-1.436027646064758301e+00
-1.424763560295104980e+00
-1.411892056465148926e+00
-1.392758250236511230e+00
-1.379321575164794922e+00
-1.372464299201965332e+00
-1.367691040039062500e+00
-1.354200005531311035e+00
-1.334255933761596680e+00
-1.313312411308288574e+00
-1.292755484580993652e+00
-1.281478524208068848e+00
-1.269681096076965332e+00
-1.257505774497985840e+00
-1.245575308799743652e+00
-1.231762766838073730e+00
-1.216509222984313965e+00
-1.204142332077026367e+00
-1.192863821983337402e+00
-1.188064932823181152e+00
-1.193111062049865723e+00
-1.202713251113891602e+00
-1.206997394561767578e+00
-1.213382363319396973e+00
-1.212556481361389160e+00
-1.210954666137695312e+00
-1.209352135658264160e+00
-1.207749962806701660e+00
-1.206028938293457031e+00
-1.204245924949645996e+00
-1.202463030815124512e+00
-1.194406628608703613e+00
-1.179274201393127441e+00
-1.165111899375915527e+00
-1.149491786956787109e+00
-1.133785009384155273e+00
-1.118078470230102539e+00
-1.103360056877136230e+00
-1.093839883804321289e+00
-1.084940552711486816e+00
-1.172257304191589355e+00
-1.157203555107116699e+00
-1.142327904701232910e+00
-1.126545071601867676e+00
-1.110437512397766113e+00
-1.094330668449401855e+00
-1.078223109245300293e+00
-1.062115907669067383e+00
-1.050113797187805176e+00
-1.047720789909362793e+00
-1.046164631843566895e+00
-1.046902418136596680e+00
-1.060773968696594238e+00
-1.078494429588317871e+00
-1.099865317344665527e+00
-1.120207190513610840e+00
-1.143222689628601074e+00
-1.168204426765441895e+00
-1.193184971809387207e+00
-1.218166470527648926e+00
-1.243567109107971191e+00
-1.269962310791015625e+00
-1.290646195411682129e+00
-1.303534030914306641e+00
-1.315023422241210938e+00
-1.327201366424560547e+00
-1.345237493515014648e+00
-1.361901879310607910e+00
-1.378196597099304199e+00
-1.395461678504943848e+00
-1.403886437416076660e+00
-1.407866835594177246e+00
-1.410932779312133789e+00
-1.413151979446411133e+00
-1.414794445037841797e+00
-1.413968682289123535e+00
-1.404117345809936523e+00
-1.397558093070983887e+00
-1.391203999519348145e+00
-1.386013865470886230e+00
-1.389245510101318359e+00
-1.393306612968444824e+00
-1.398196339607238770e+00
-1.405650377273559570e+00
-1.414773225784301758e+00
-1.419842123985290527e+00
-1.414371728897094727e+00
-1.415424466133117676e+00
-1.419049739837646484e+00
-1.422974228858947754e+00
-1.425188422203063965e+00
-1.417953848838806152e+00
-1.407682180404663086e+00
-1.396396279335021973e+00
-1.384933352470397949e+00
-1.378149986267089844e+00
-1.367304086685180664e+00
-1.356108188629150391e+00
-1.345681905746459961e+00
-1.336060881614685059e+00
-1.326280355453491211e+00
-1.316045999526977539e+00
-1.305812001228332520e+00
-1.295577406883239746e+00
-1.285416483879089355e+00
-1.273116707801818848e+00
-1.260685801506042480e+00
-1.251050591468811035e+00
-1.257990002632141113e+00
-1.267563462257385254e+00
-1.281955718994140625e+00
-1.287826657295227051e+00
-1.294275760650634766e+00
-1.301596522331237793e+00
-1.308989644050598145e+00
-1.316609740257263184e+00
-1.332218050956726074e+00
-1.357254147529602051e+00
-1.381355524063110352e+00
-1.397562146186828613e+00
-1.405031085014343262e+00
-1.411253333091735840e+00
-1.415229201316833496e+00
-1.419457554817199707e+00
-1.426624536514282227e+00
-1.435080647468566895e+00
-1.439022660255432129e+00
-1.441321134567260742e+00
-1.435520052909851074e+00
-1.422258734703063965e+00
-1.408279299736022949e+00
-1.396489262580871582e+00
-1.379833936691284180e+00
-1.365570664405822754e+00
-1.354456543922424316e+00
-1.344970464706420898e+00
-1.330407500267028809e+00
-1.311426281929016113e+00
-1.290482401847839355e+00
-1.273098826408386230e+00
-1.259506106376647949e+00
-1.247325301170349121e+00
-1.235205054283142090e+00
-1.220795273780822754e+00
-1.205615878105163574e+00
-1.190436720848083496e+00
-1.177848935127258301e+00
-1.165328383445739746e+00
-1.159460902214050293e+00
-1.166128993034362793e+00
-1.174994707107543945e+00
-1.181298375129699707e+00
-1.189623475074768066e+00
-1.188902258872985840e+00
-1.187903046607971191e+00
-1.186300635337829590e+00
-1.184698700904846191e+00
-1.183096528053283691e+00
-1.181494474411010742e+00
-1.179892182350158691e+00
-1.171349883079528809e+00
-1.157367944717407227e+00
-1.142214655876159668e+00
-1.126508116722106934e+00
-1.110801100730895996e+00
-1.095094084739685059e+00
-1.082573533058166504e+00
-1.074450373649597168e+00
-1.068644404411315918e+00
-1.162925720214843750e+00
-1.147566080093383789e+00
-1.132996678352355957e+00
-1.118579030036926270e+00
-1.103472828865051270e+00
-1.087590217590332031e+00
-1.071708798408508301e+00
-1.055826544761657715e+00
-1.048263669013977051e+00
-1.046096801757812500e+00
-1.048688292503356934e+00
-1.061141133308410645e+00
-1.075032472610473633e+00
-1.089805960655212402e+00
-1.111160635948181152e+00
-1.132513880729675293e+00
-1.153515100479125977e+00
-1.173950076103210449e+00
-1.195982575416564941e+00
-1.220963597297668457e+00
-1.245944857597351074e+00
-1.271036028861999512e+00
-1.297047257423400879e+00
-1.313891887664794922e+00
-1.327391624450683594e+00
-1.341604351997375488e+00
-1.359936356544494629e+00
-1.376676797866821289e+00
-1.393410682678222656e+00
-1.409047365188598633e+00
-1.416693925857543945e+00
-1.420084118843078613e+00
-1.423474907875061035e+00
-1.426828742027282715e+00
-1.422346234321594238e+00
-1.412484049797058105e+00
-1.402622342109680176e+00
-1.393099188804626465e+00
-1.386010766029357910e+00
-1.382941007614135742e+00
-1.383869051933288574e+00
-1.388978481292724609e+00
-1.393399238586425781e+00
-1.397294402122497559e+00
-1.401920437812805176e+00
-1.403594374656677246e+00
-1.398123979568481445e+00
-1.403414845466613770e+00
-1.407508969306945801e+00
-1.411105871200561523e+00
-1.413868665695190430e+00
-1.410188555717468262e+00
-1.402195692062377930e+00
-1.392788290977478027e+00
-1.388610482215881348e+00
-1.382998585700988770e+00
-1.373397946357727051e+00
-1.362370014190673828e+00
-1.351844906806945801e+00
-1.341901540756225586e+00
-1.331852555274963379e+00
-1.321618080139160156e+00
-1.311383843421936035e+00
-1.301113724708557129e+00
-1.289548039436340332e+00
-1.273210048675537109e+00
-1.262240290641784668e+00
-1.255000233650207520e+00
-1.251298189163208008e+00
-1.259712338447570801e+00
-1.263022065162658691e+00
-1.266636252403259277e+00
-1.274487614631652832e+00
-1.281843185424804688e+00
-1.290109395980834961e+00
-1.301741003990173340e+00
-1.319492101669311523e+00
-1.342456698417663574e+00
-1.367458820343017578e+00
-1.387939572334289551e+00
-1.397940397262573242e+00
-1.403184771537780762e+00
-1.408057570457458496e+00
-1.415036559104919434e+00
-1.425525665283203125e+00
-1.434429645538330078e+00
-1.437390565872192383e+00
-1.432060241699218750e+00
-1.419753551483154297e+00
-1.405774474143981934e+00
-1.393371224403381348e+00
-1.382458567619323730e+00
-1.365619182586669922e+00
-1.349929094314575195e+00
-1.338325142860412598e+00
-1.325005769729614258e+00
-1.306672573089599609e+00
-1.288596510887145996e+00
-1.266979455947875977e+00
-1.253551006317138672e+00
-1.239333629608154297e+00
-1.224564194679260254e+00
-1.209901928901672363e+00
-1.194722771644592285e+00
-1.179543614387512207e+00
-1.164364457130432129e+00
-1.150180578231811523e+00
-1.137897729873657227e+00
-1.132129311561584473e+00
-1.139644265174865723e+00
-1.148782134056091309e+00
-1.157106995582580566e+00
-1.165432214736938477e+00
-1.165169715881347656e+00
-1.164422154426574707e+00
-1.163249254226684570e+00
-1.161646962165832520e+00
-1.160044789314270020e+00
-1.158442854881286621e+00
-1.156907200813293457e+00
-1.148601174354553223e+00
-1.133802771568298340e+00
-1.118277192115783691e+00
-1.102751016616821289e+00
-1.087225079536437988e+00
-1.071699380874633789e+00
-1.062036156654357910e+00
-1.055457592010498047e+00
-1.053089857101440430e+00
-1.155488848686218262e+00
-1.140435338020324707e+00
-1.125382304191589355e+00
-1.110529065132141113e+00
-1.096336007118225098e+00
-1.081910371780395508e+00
-1.066088914871215820e+00
-1.050207614898681641e+00
-1.047001838684082031e+00
-1.053127884864807129e+00
-1.065849900245666504e+00
-1.078354239463806152e+00
-1.090008854866027832e+00
-1.102791190147399902e+00
-1.123119354248046875e+00
-1.144472718238830566e+00
-1.165825843811035156e+00
-1.187039613723754883e+00
-1.207474827766418457e+00
-1.227561116218566895e+00
-1.248072266578674316e+00
-1.271818041801452637e+00
-1.295761704444885254e+00
-1.319464802742004395e+00
-1.333733916282653809e+00
-1.347253680229187012e+00
-1.367237806320190430e+00
-1.386303305625915527e+00
-1.403856396675109863e+00
-1.420711398124694824e+00
-1.429591298103332520e+00
-1.431983351707458496e+00
-1.434608817100524902e+00
-1.426628470420837402e+00
-1.418527960777282715e+00
-1.410332322120666504e+00
-1.401184916496276855e+00
-1.391323208808898926e+00
-1.382146716117858887e+00
-1.382068753242492676e+00
-1.382626414299011230e+00
-1.384039163589477539e+00
-1.385337591171264648e+00
-1.388612866401672363e+00
-1.390680432319641113e+00
-1.387891411781311035e+00
-1.385637164115905762e+00
-1.390702009201049805e+00
-1.393958449363708496e+00
-1.396721601486206055e+00
-1.399484515190124512e+00
-1.402068376541137695e+00
-1.395860075950622559e+00
-1.393259406089782715e+00
-1.391611456871032715e+00
-1.388988852500915527e+00
-1.380586028099060059e+00
-1.369609236717224121e+00
-1.359333634376525879e+00
-1.349383950233459473e+00
-1.338827252388000488e+00
-1.328141331672668457e+00
-1.316150546073913574e+00
-1.303936958312988281e+00
-1.294485688209533691e+00
-1.280910730361938477e+00
-1.267779707908630371e+00
-1.259066462516784668e+00
-1.250909566879272461e+00
-1.248641967773437500e+00
-1.246806025505065918e+00
-1.248641967773437500e+00
-1.254697322845458984e+00
-1.265293955802917480e+00
-1.276537656784057617e+00
-1.288383007049560547e+00
-1.307675957679748535e+00
-1.327630639076232910e+00
-1.347833514213562012e+00
-1.368959546089172363e+00
-1.387744307518005371e+00
-1.393074154853820801e+00
-1.398265242576599121e+00
-1.406286001205444336e+00
-1.419016242027282715e+00
-1.425562024116516113e+00
-1.424962401390075684e+00
-1.417118787765502930e+00
-1.403443217277526855e+00
-1.391380071640014648e+00
-1.379410266876220703e+00
-1.365863680839538574e+00
-1.349604249000549316e+00
-1.334918737411499023e+00
-1.320624828338623047e+00
-1.306716203689575195e+00
-1.288809537887573242e+00
-1.266928076744079590e+00
-1.247143030166625977e+00
-1.233685612678527832e+00
-1.218624234199523926e+00
-1.201706886291503906e+00
-1.184490799903869629e+00
-1.168650150299072266e+00
-1.153471112251281738e+00
-1.136912941932678223e+00
-1.122512698173522949e+00
-1.111702203750610352e+00
-1.106793522834777832e+00
-1.114680171012878418e+00
-1.124590873718261719e+00
-1.132915616035461426e+00
-1.141240715980529785e+00
-1.141437530517578125e+00
-1.140689730644226074e+00
-1.139942169189453125e+00
-1.138595461845397949e+00
-1.136993288993835449e+00
-1.135484814643859863e+00
-1.134864449501037598e+00
-1.125356197357177734e+00
-1.109830617904663086e+00
-1.094304919242858887e+00
-1.078778386116027832e+00
-1.063252806663513184e+00
-1.049353718757629395e+00
-1.041674256324768066e+00
-1.038914799690246582e+00
-1.036678671836853027e+00
-1.148776173591613770e+00
-1.133901238441467285e+00
-1.118848204612731934e+00
-1.103794693946838379e+00
-1.088741302490234375e+00
-1.074260592460632324e+00
-1.060275793075561523e+00
-1.048812508583068848e+00
-1.058457612991333008e+00
-1.071179389953613281e+00
-1.083342671394348145e+00
-1.094996452331542969e+00
-1.106122374534606934e+00
-1.117187142372131348e+00
-1.133369565010070801e+00
-1.154133200645446777e+00
-1.174897432327270508e+00
-1.195661306381225586e+00
-1.216424584388732910e+00
-1.236342310905456543e+00
-1.255814909934997559e+00
-1.275212764739990234e+00
-1.294611573219299316e+00
-1.317648053169250488e+00
-1.338544249534606934e+00
-1.352148652076721191e+00
-1.372072577476501465e+00
-1.391830325126647949e+00
-1.410508871078491211e+00
-1.429759263992309570e+00
-1.441434741020202637e+00
-1.440567851066589355e+00
-1.431643605232238770e+00
-1.422504544258117676e+00
-1.413682103157043457e+00
-1.405581593513488770e+00
-1.397481560707092285e+00
-1.389237284660339355e+00
-1.384139895439147949e+00
-1.382383704185485840e+00
-1.380164742469787598e+00
-1.377308249473571777e+00
-1.376783967018127441e+00
-1.378129839897155762e+00
-1.381101250648498535e+00
-1.374735713005065918e+00
-1.372408986091613770e+00
-1.376193046569824219e+00
-1.379574298858642578e+00
-1.382337212562561035e+00
-1.385100483894348145e+00
-1.389202475547790527e+00
-1.392647266387939453e+00
-1.393800854682922363e+00
-1.393969058990478516e+00
-1.394408464431762695e+00
-1.387825369834899902e+00
-1.376848578453063965e+00
-1.366822242736816406e+00
-1.356058359146118164e+00
-1.344104528427124023e+00
-1.332112669944763184e+00
-1.321472048759460449e+00
-1.314148306846618652e+00
-1.304330945014953613e+00
-1.290354847908020020e+00
-1.276415705680847168e+00
-1.264929533004760742e+00
-1.253517508506774902e+00
-1.234702944755554199e+00
-1.231844067573547363e+00
-1.233567118644714355e+00
-1.240682721138000488e+00
-1.248649001121520996e+00
-1.258573770523071289e+00
-1.274516701698303223e+00
-1.294136881828308105e+00
-1.313448905944824219e+00
-1.332361459732055664e+00
-1.351533770561218262e+00
-1.368643879890441895e+00
-1.382823586463928223e+00
-1.388538002967834473e+00
-1.392865538597106934e+00
-1.398840785026550293e+00
-1.402675747871398926e+00
-1.405472397804260254e+00
-1.400198221206665039e+00
-1.389068722724914551e+00
-1.375327467918395996e+00
-1.362339377403259277e+00
-1.349377512931823730e+00
-1.333895802497863770e+00
-1.319520235061645508e+00
-1.303299903869628906e+00
-1.288363814353942871e+00
-1.269765973091125488e+00
-1.248547792434692383e+00
-1.231101870536804199e+00
-1.212535023689270020e+00
-1.195395588874816895e+00
-1.178179860115051270e+00
-1.160964131355285645e+00
-1.143748760223388672e+00
-1.126517772674560547e+00
-1.109214425086975098e+00
-1.095763921737670898e+00
-1.086834788322448730e+00
-1.082720518112182617e+00
-1.092074394226074219e+00
-1.100399613380432129e+00
-1.108724474906921387e+00
-1.117049336433410645e+00
-1.117704987525939941e+00
-1.116957664489746094e+00
-1.116209864616394043e+00
-1.115461945533752441e+00
-1.114062428474426270e+00
-1.113442301750183105e+00
-1.112645506858825684e+00
-1.101384282112121582e+00
-1.085858345031738281e+00
-1.070332646369934082e+00
-1.054807186126708984e+00
-1.039280533790588379e+00
-1.028194546699523926e+00
-1.024607777595520020e+00
-1.022371649742126465e+00
-1.021571040153503418e+00
-1.140838384628295898e+00
-1.126638174057006836e+00
-1.112543582916259766e+00
-1.097938179969787598e+00
-1.083212256431579590e+00
-1.068016409873962402e+00
-1.053527951240539551e+00
-1.060662984848022461e+00
-1.074008822441101074e+00
-1.085261583328247070e+00
-1.096326947212219238e+00
-1.107391238212585449e+00
-1.118456006050109863e+00
-1.129520058631896973e+00
-1.142786026000976562e+00
-1.161952853202819824e+00
-1.182547688484191895e+00
-1.203311562538146973e+00
-1.224075675010681152e+00
-1.244471907615661621e+00
-1.264154314994812012e+00
-1.283552646636962891e+00
-1.302950263023376465e+00
-1.322373270988464355e+00
-1.341345191001892090e+00
-1.357781887054443359e+00
-1.377432465553283691e+00
-1.397063374519348145e+00
-1.416046023368835449e+00
-1.434724688529968262e+00
-1.438742756843566895e+00
-1.434211492538452148e+00
-1.427919030189514160e+00
-1.419653177261352539e+00
-1.410513877868652344e+00
-1.401374697685241699e+00
-1.392635226249694824e+00
-1.385424733161926270e+00
-1.383301615715026855e+00
-1.379308104515075684e+00
-1.375529170036315918e+00
-1.372467637062072754e+00
-1.368839502334594727e+00
-1.368708968162536621e+00
-1.368875026702880859e+00
-1.361827969551086426e+00
-1.362766861915588379e+00
-1.363758087158203125e+00
-1.365466833114624023e+00
-1.367953300476074219e+00
-1.371301054954528809e+00
-1.378356099128723145e+00
-1.390209794044494629e+00
-1.393970131874084473e+00
-1.396361827850341797e+00
-1.397644400596618652e+00
-1.394600152969360352e+00
-1.383215069770812988e+00
-1.371874213218688965e+00
-1.360067248344421387e+00
-1.348074316978454590e+00
-1.340500712394714355e+00
-1.333220124244689941e+00
-1.325939655303955078e+00
-1.313983798027038574e+00
-1.300007820129394531e+00
-1.285860061645507812e+00
-1.272009849548339844e+00
-1.250650405883789062e+00
-1.229647755622863770e+00
-1.218982100486755371e+00
-1.222936749458312988e+00
-1.227279305458068848e+00
-1.233837723731994629e+00
-1.241756677627563477e+00
-1.260952115058898926e+00
-1.279672384262084961e+00
-1.298425555229187012e+00
-1.317178845405578613e+00
-1.335932254791259766e+00
-1.353038668632507324e+00
-1.365443587303161621e+00
-1.371162891387939453e+00
-1.370577216148376465e+00
-1.374412655830383301e+00
-1.378247737884521484e+00
-1.381243467330932617e+00
-1.378927469253540039e+00
-1.369428515434265137e+00
-1.356444358825683594e+00
-1.344749569892883301e+00
-1.333267807960510254e+00
-1.318187355995178223e+00
-1.302525520324707031e+00
-1.286031126976013184e+00
-1.268775463104248047e+00
-1.249330520629882812e+00
-1.233972191810607910e+00
-1.215289473533630371e+00
-1.194657444953918457e+00
-1.173777580261230469e+00
-1.154652953147888184e+00
-1.137437224388122559e+00
-1.119838833808898926e+00
-1.100499391555786133e+00
-1.082120180130004883e+00
-1.070656538009643555e+00
-1.062307715415954590e+00
-1.061823487281799316e+00
-1.067883133888244629e+00
-1.076208233833312988e+00
-1.084532856941223145e+00
-1.092858433723449707e+00
-1.093972563743591309e+00
-1.093224883079528809e+00
-1.092477202415466309e+00
-1.091877102851867676e+00
-1.092019915580749512e+00
-1.091399431228637695e+00
-1.089379072189331055e+00
-1.077411890029907227e+00
-1.061885952949523926e+00
-1.046360254287719727e+00
-1.030834078788757324e+00
-1.015647888183593750e+00
-1.010301232337951660e+00
-1.008065104484558105e+00
-1.006402850151062012e+00
-1.006070256233215332e+00
-1.129754304885864258e+00
-1.116626620292663574e+00
-1.103047251701354980e+00
-1.088705420494079590e+00
-1.073936343193054199e+00
-1.062855839729309082e+00
-1.062101006507873535e+00
-1.072631359100341797e+00
-1.084709167480468750e+00
-1.096987962722778320e+00
-1.108660340309143066e+00
-1.119724750518798828e+00
-1.130790114402770996e+00
-1.141854166984558105e+00
-1.152918696403503418e+00
-1.171848416328430176e+00
-1.191014885902404785e+00
-1.210962176322937012e+00
-1.231363654136657715e+00
-1.251683354377746582e+00
-1.272040247917175293e+00
-1.291975140571594238e+00
-1.311412572860717773e+00
-1.330851554870605469e+00
-1.350001931190490723e+00
-1.368899464607238770e+00
-1.386361479759216309e+00
-1.402763366699218750e+00
-1.419799923896789551e+00
-1.426947474479675293e+00
-1.428751349449157715e+00
-1.422614097595214844e+00
-1.417949199676513672e+00
-1.413417816162109375e+00
-1.407230496406555176e+00
-1.398523688316345215e+00
-1.388915300369262695e+00
-1.381829380989074707e+00
-1.377471208572387695e+00
-1.373562455177307129e+00
-1.368619084358215332e+00
-1.364906430244445801e+00
-1.361577033996582031e+00
-1.359201192855834961e+00
-1.358213543891906738e+00
-1.353223443031311035e+00
-1.352286934852600098e+00
-1.353785872459411621e+00
-1.354776859283447266e+00
-1.354341745376586914e+00
-1.358755707740783691e+00
-1.370635151863098145e+00
-1.383747696876525879e+00
-1.393994092941284180e+00
-1.398623108863830566e+00
-1.399048328399658203e+00
-1.396272182464599609e+00
-1.387311577796936035e+00
-1.376030325889587402e+00
-1.366852641105651855e+00
-1.359572052955627441e+00
-1.352291584014892578e+00
-1.344949841499328613e+00
-1.336968183517456055e+00
-1.322964549064636230e+00
-1.307641148567199707e+00
-1.292062163352966309e+00
-1.268423438072204590e+00
-1.246038317680358887e+00
-1.227639079093933105e+00
-1.214130520820617676e+00
-1.212733864784240723e+00
-1.216688990592956543e+00
-1.221245527267456055e+00
-1.232877373695373535e+00
-1.247732996940612793e+00
-1.265953779220581055e+00
-1.284384846687316895e+00
-1.302815794944763184e+00
-1.321246862411499023e+00
-1.334048509597778320e+00
-1.341501116752624512e+00
-1.344621300697326660e+00
-1.345922589302062988e+00
-1.349984288215637207e+00
-1.354723572731018066e+00
-1.353489637374877930e+00
-1.350503802299499512e+00
-1.346424698829650879e+00
-1.335078835487365723e+00
-1.326667189598083496e+00
-1.316305994987487793e+00
-1.300629377365112305e+00
-1.284530758857727051e+00
-1.267030835151672363e+00
-1.248773097991943359e+00
-1.230199456214904785e+00
-1.216441392898559570e+00
-1.197429060935974121e+00
-1.176812410354614258e+00
-1.156185507774353027e+00
-1.134981751441955566e+00
-1.113910675048828125e+00
-1.094686150550842285e+00
-1.075812697410583496e+00
-1.058854103088378906e+00
-1.045942902565002441e+00
-1.041440606117248535e+00
-1.040926933288574219e+00
-1.043691635131835938e+00
-1.052016735076904297e+00
-1.060341596603393555e+00
-1.068666815757751465e+00
-1.070240378379821777e+00
-1.069492816925048828e+00
-1.068919777870178223e+00
-1.069153904914855957e+00
-1.069387674331665039e+00
-1.068277001380920410e+00
-1.066112160682678223e+00
-1.053439736366271973e+00
-1.037913799285888672e+00
-1.022387862205505371e+00
-1.006862163543701172e+00
-9.963541030883789062e-01
-9.937585592269897461e-01
-9.912345409393310547e-01
-9.909023046493530273e-01
-9.898804426193237305e-01
-1.117015480995178223e+00
-1.103887557983398438e+00
-1.090761065483093262e+00
-1.077754974365234375e+00
-1.071247100830078125e+00
-1.071346521377563477e+00
-1.072157621383666992e+00
-1.084051012992858887e+00
-1.095943689346313477e+00
-1.107638239860534668e+00
-1.119799494743347168e+00
-1.132058978080749512e+00
-1.143123984336853027e+00
-1.154188036918640137e+00
-1.165253043174743652e+00
-1.181744694709777832e+00
-1.200931906700134277e+00
-1.219781994819641113e+00
-1.238673448562622070e+00
-1.259030580520629883e+00
-1.279387354850769043e+00
-1.299743294715881348e+00
-1.319890737533569336e+00
-1.339329123497009277e+00
-1.358658790588378906e+00
-1.377556443214416504e+00
-1.401856541633605957e+00
-1.411700248718261719e+00
-1.414704203605651855e+00
-1.416481137275695801e+00
-1.418978333473205566e+00
-1.412841677665710449e+00
-1.406704783439636230e+00
-1.401686787605285645e+00
-1.397155523300170898e+00
-1.390083312988281250e+00
-1.382835149765014648e+00
-1.377387046813964844e+00
-1.371384501457214355e+00
-1.365381956100463867e+00
-1.359945416450500488e+00
-1.354981422424316406e+00
-1.352390170097351074e+00
-1.350630879402160645e+00
-1.348359465599060059e+00
-1.345660924911499023e+00
-1.344499707221984863e+00
-1.344523549079895020e+00
-1.344195485115051270e+00
-1.344740867614746094e+00
-1.352606058120727539e+00
-1.363636851310729980e+00
-1.377463102340698242e+00
-1.391054034233093262e+00
-1.395937561988830566e+00
-1.398696660995483398e+00
-1.396994829177856445e+00
-1.390214800834655762e+00
-1.385924100875854492e+00
-1.378454446792602539e+00
-1.370868802070617676e+00
-1.362969279289245605e+00
-1.354089617729187012e+00
-1.342929244041442871e+00
-1.327328801155090332e+00
-1.311748147010803223e+00
-1.291191458702087402e+00
-1.266776323318481445e+00
-1.247463941574096680e+00
-1.229846477508544922e+00
-1.215010523796081543e+00
-1.202696919441223145e+00
-1.206059098243713379e+00
-1.210391402244567871e+00
-1.223780512809753418e+00
-1.238636016845703125e+00
-1.253491401672363281e+00
-1.271048188209533691e+00
-1.286456704139709473e+00
-1.298385858535766602e+00
-1.307157278060913086e+00
-1.315105795860290527e+00
-1.320274591445922852e+00
-1.323782801628112793e+00
-1.326490640640258789e+00
-1.327805638313293457e+00
-1.324616551399230957e+00
-1.321625113487243652e+00
-1.318639755249023438e+00
-1.313759684562683105e+00
-1.306797862052917480e+00
-1.297128677368164062e+00
-1.281299471855163574e+00
-1.264372944831848145e+00
-1.246610999107360840e+00
-1.227705836296081543e+00
-1.211529374122619629e+00
-1.197153568267822266e+00
-1.179201245307922363e+00
-1.159044623374938965e+00
-1.138593792915344238e+00
-1.117389678955078125e+00
-1.094675064086914062e+00
-1.071675539016723633e+00
-1.052408337593078613e+00
-1.036369442939758301e+00
-1.026972889900207520e+00
-1.021488070487976074e+00
-1.020029902458190918e+00
-1.019500255584716797e+00
-1.027825355529785156e+00
-1.036150336265563965e+00
-1.044475317001342773e+00
-1.046508073806762695e+00
-1.045962214469909668e+00
-1.046196341514587402e+00
-1.046430110931396484e+00
-1.045904755592346191e+00
-1.044594407081604004e+00
-1.042846322059631348e+00
-1.029467701911926270e+00
-1.013941764831542969e+00
-9.984158277511596680e-01
-9.845762252807617188e-01
-9.794658422470092773e-01
-9.761195182800292969e-01
-9.757065773010253906e-01
-9.746744036674499512e-01
-9.736424684524536133e-01
-1.104276537895202637e+00
-1.091148972511291504e+00
-1.078292250633239746e+00
-1.075908660888671875e+00
-1.077221751213073730e+00
-1.077679038047790527e+00
-1.082903742790222168e+00
-1.095471501350402832e+00
-1.107363462448120117e+00
-1.119256973266601562e+00
-1.130959630012512207e+00
-1.142610549926757812e+00
-1.154889464378356934e+00
-1.166561126708984375e+00
-1.177665829658508301e+00
-1.191759347915649414e+00
-1.210614800453186035e+00
-1.229374527931213379e+00
-1.248134016990661621e+00
-1.266893625259399414e+00
-1.286734223365783691e+00
-1.307091116905212402e+00
-1.327447772026062012e+00
-1.347804307937622070e+00
-1.367244482040405273e+00
-1.386213064193725586e+00
-1.399538874626159668e+00
-1.411492824554443359e+00
-1.415705919265747070e+00
-1.417566895484924316e+00
-1.415145993232727051e+00
-1.404124379158020020e+00
-1.396932005882263184e+00
-1.389014482498168945e+00
-1.380769133567810059e+00
-1.372288942337036133e+00
-1.369390606880187988e+00
-1.367995858192443848e+00
-1.364705920219421387e+00
-1.358703255653381348e+00
-1.352700710296630859e+00
-1.346698164939880371e+00
-1.342153668403625488e+00
-1.340246558189392090e+00
-1.339954972267150879e+00
-1.338778972625732422e+00
-1.337575674057006836e+00
-1.336664795875549316e+00
-1.336284399032592773e+00
-1.340752243995666504e+00
-1.348067879676818848e+00
-1.358230710029602051e+00
-1.368972539901733398e+00
-1.382684350013732910e+00
-1.393251776695251465e+00
-1.396756172180175781e+00
-1.400906443595886230e+00
-1.398545861244201660e+00
-1.394104838371276855e+00
-1.387053608894348145e+00
-1.378149271011352539e+00
-1.369244694709777832e+00
-1.360339999198913574e+00
-1.347041249275207520e+00
-1.331426620483398438e+00
-1.313973784446716309e+00
-1.292269229888916016e+00
-1.269587516784667969e+00
-1.248889565467834473e+00
-1.232692956924438477e+00
-1.217153787612915039e+00
-1.201936244964599609e+00
-1.194372296333312988e+00
-1.203718543052673340e+00
-1.215579271316528320e+00
-1.229538798332214355e+00
-1.244057774543762207e+00
-1.252672076225280762e+00
-1.260950446128845215e+00
-1.269248723983764648e+00
-1.279238462448120117e+00
-1.289228320121765137e+00
-1.294987082481384277e+00
-1.299135804176330566e+00
-1.306560873985290527e+00
-1.301761031150817871e+00
-1.297687649726867676e+00
-1.294106960296630859e+00
-1.291252970695495605e+00
-1.288811802864074707e+00
-1.287031292915344238e+00
-1.275052428245544434e+00
-1.258129358291625977e+00
-1.242090106010437012e+00
-1.223857879638671875e+00
-1.206067800521850586e+00
-1.191562294960021973e+00
-1.176725506782531738e+00
-1.160089492797851562e+00
-1.140377640724182129e+00
-1.120585560798645020e+00
-1.098785042762756348e+00
-1.075647711753845215e+00
-1.053803801536560059e+00
-1.033683776855468750e+00
-1.016894698143005371e+00
-1.008782982826232910e+00
-1.003079533576965332e+00
-9.987957477569580078e-01
-9.953089952468872070e-01
-1.003633856773376465e+00
-1.011958718299865723e+00
-1.020283818244934082e+00
-1.023004651069641113e+00
-1.023238778114318848e+00
-1.023472905158996582e+00
-1.023267388343811035e+00
-1.021957039833068848e+00
-1.020647048950195312e+00
-1.019336819648742676e+00
-1.005495190620422363e+00
-9.899693727493286133e-01
-9.751760363578796387e-01
-9.659686088562011719e-01
-9.610091447830200195e-01
-9.605000615119934082e-01
-9.595240354537963867e-01
-9.586769342422485352e-01
-9.569505453109741211e-01
-1.091537356376647949e+00
-1.078829169273376465e+00
-1.079747319221496582e+00
-1.080931305885314941e+00
-1.081176877021789551e+00
-1.081422805786132812e+00
-1.092053890228271484e+00
-1.105665326118469238e+00
-1.118411898612976074e+00
-1.130692958831787109e+00
-1.142626404762268066e+00
-1.154377460479736328e+00
-1.165835261344909668e+00
-1.177877068519592285e+00
-1.190137267112731934e+00
-1.201448321342468262e+00
-1.220207810401916504e+00
-1.238967061042785645e+00
-1.257726788520812988e+00
-1.276486635208129883e+00
-1.295246481895446777e+00
-1.314437985420227051e+00
-1.334794998168945312e+00
-1.355151176452636719e+00
-1.371821761131286621e+00
-1.379652142524719238e+00
-1.391683459281921387e+00
-1.406124234199523926e+00
-1.415836453437805176e+00
-1.419449567794799805e+00
-1.417083263397216797e+00
-1.404303073883056641e+00
-1.389622092247009277e+00
-1.374944329261779785e+00
-1.362542033195495605e+00
-1.355225920677185059e+00
-1.353831648826599121e+00
-1.352437138557434082e+00
-1.351042985916137695e+00
-1.349648833274841309e+00
-1.346022129058837891e+00
-1.340055108070373535e+00
-1.335011482238769531e+00
-1.329948782920837402e+00
-1.331413865089416504e+00
-1.329186439514160156e+00
-1.329563379287719727e+00
-1.329895377159118652e+00
-1.331884026527404785e+00
-1.337070107460021973e+00
-1.344504237174987793e+00
-1.353050708770751953e+00
-1.363676071166992188e+00
-1.374881148338317871e+00
-1.389829277992248535e+00
-1.398868680000305176e+00
-1.405021309852600098e+00
-1.402089953422546387e+00
-1.397103309631347656e+00
-1.392116904258728027e+00
-1.384399652481079102e+00
-1.375495076179504395e+00
-1.366389989852905273e+00
-1.351136326789855957e+00
-1.337490439414978027e+00
-1.317069530487060547e+00
-1.295080304145812988e+00
-1.272398710250854492e+00
-1.250900864601135254e+00
-1.234744191169738770e+00
-1.218516469001770020e+00
-1.202288389205932617e+00
-1.189384341239929199e+00
-1.197045922279357910e+00
-1.208906531333923340e+00
-1.216875553131103516e+00
-1.224615812301635742e+00
-1.229292631149291992e+00
-1.233969688415527344e+00
-1.241329550743103027e+00
-1.250882267951965332e+00
-1.259999155998229980e+00
-1.267884492874145508e+00
-1.274716615676879883e+00
-1.280488491058349609e+00
-1.279841780662536621e+00
-1.273118138313293457e+00
-1.267943739891052246e+00
-1.265454649925231934e+00
-1.263406157493591309e+00
-1.264837384223937988e+00
-1.252333760261535645e+00
-1.235635638236999512e+00
-1.216873288154602051e+00
-1.197573065757751465e+00
-1.185035824775695801e+00
-1.171852111816406250e+00
-1.156364321708679199e+00
-1.140829801559448242e+00
-1.121117830276489258e+00
-1.100891232490539551e+00
-1.078554630279541016e+00
-1.056922316551208496e+00
-1.036933302879333496e+00
-1.019729018211364746e+00
-1.004266619682312012e+00
-9.923110008239746094e-01
-9.846709966659545898e-01
-9.784733057022094727e-01
-9.738512039184570312e-01
-9.794427156448364258e-01
-9.877674579620361328e-01
-9.963487386703491211e-01
-1.000281214714050293e+00
-1.000515222549438477e+00
-1.000630259513854980e+00
-9.993199110031127930e-01
-9.980099201202392578e-01
-9.966996908187866211e-01
-9.953895807266235352e-01
-9.814538955688476562e-01
-9.664360880851745605e-01
-9.556488990783691406e-01
-9.465132355690002441e-01
-9.454233646392822266e-01
-9.446182847023010254e-01
-9.429157972335815430e-01
-9.409436583518981934e-01
-9.381040930747985840e-01
-1.082272171974182129e+00
-1.083584904670715332e+00
-1.084428668022155762e+00
-1.084673762321472168e+00
-1.084919810295104980e+00
-1.086049437522888184e+00
-1.100044727325439453e+00
-1.114045619964599609e+00
-1.128047823905944824e+00
-1.141328573226928711e+00
-1.154115080833435059e+00
-1.166117548942565918e+00
-1.177877068519592285e+00
-1.189334511756896973e+00
-1.200527071952819824e+00
-1.212398886680603027e+00
-1.229799985885620117e+00
-1.248559713363647461e+00
-1.267319440841674805e+00
-1.286078810691833496e+00
-1.304838538169860840e+00
-1.323597788810729980e+00
-1.342357516288757324e+00
-1.354333281517028809e+00
-1.363159298896789551e+00
-1.371873140335083008e+00
-1.383827805519104004e+00
-1.398268938064575195e+00
-1.412709712982177734e+00
-1.419921278953552246e+00
-1.415875315666198730e+00
-1.399166703224182129e+00
-1.383411884307861328e+00
-1.367714881896972656e+00
-1.352887034416198730e+00
-1.344667673110961914e+00
-1.338272452354431152e+00
-1.336878180503845215e+00
-1.335483670234680176e+00
-1.334089398384094238e+00
-1.332663416862487793e+00
-1.331237435340881348e+00
-1.328307986259460449e+00
-1.326438903808593750e+00
-1.324319839477539062e+00
-1.319455027580261230e+00
-1.317922234535217285e+00
-1.318976044654846191e+00
-1.327633738517761230e+00
-1.334598422050476074e+00
-1.341845870018005371e+00
-1.349664688110351562e+00
-1.357586741447448730e+00
-1.370709538459777832e+00
-1.385367155075073242e+00
-1.398980855941772461e+00
-1.405204057693481445e+00
-1.405073404312133789e+00
-1.400086760520935059e+00
-1.395100116729736328e+00
-1.390059351921081543e+00
-1.381745457649230957e+00
-1.370906829833984375e+00
-1.359915018081665039e+00
-1.341361284255981445e+00
-1.320143818855285645e+00
-1.297891497611999512e+00
-1.274663805961608887e+00
-1.253121256828308105e+00
-1.236106991767883301e+00
-1.219878792762756348e+00
-1.203650832176208496e+00
-1.194487094879150391e+00
-1.189771294593811035e+00
-1.194786906242370605e+00
-1.197745323181152344e+00
-1.199672222137451172e+00
-1.204348921775817871e+00
-1.209862589836120605e+00
-1.214373350143432617e+00
-1.221140027046203613e+00
-1.230822563171386719e+00
-1.240739226341247559e+00
-1.248465418815612793e+00
-1.253025889396667480e+00
-1.254078626632690430e+00
-1.251631379127502441e+00
-1.245799660682678223e+00
-1.239683032035827637e+00
-1.238551497459411621e+00
-1.239013910293579102e+00
-1.226869344711303711e+00
-1.210262417793273926e+00
-1.191410899162292480e+00
-1.174618363380432129e+00
-1.164094805717468262e+00
-1.151168584823608398e+00
-1.135540127754211426e+00
-1.122103571891784668e+00
-1.102478146553039551e+00
-1.080343961715698242e+00
-1.059103965759277344e+00
-1.038792610168457031e+00
-1.021325945854187012e+00
-1.005974769592285156e+00
-9.913531541824340820e-01
-9.798468351364135742e-01
-9.699273705482482910e-01
-9.581511020660400391e-01
-9.537166357040405273e-01
-9.574404358863830566e-01
-9.640122652053833008e-01
-9.731662273406982422e-01
-9.775575399398803711e-01
-9.777919054031372070e-01
-9.766827821731567383e-01
-9.753725528717041016e-01
-9.740622639656066895e-01
-9.727521538734436035e-01
-9.714422225952148438e-01
-9.569554328918457031e-01
-9.462487101554870605e-01
-9.339960217475891113e-01
-9.305176734924316406e-01
-9.288817048072814941e-01
-9.269050955772399902e-01
-9.240463972091674805e-01
-9.209820032119750977e-01
-9.178802967071533203e-01
-1.087543010711669922e+00
-1.088368415832519531e+00
-1.088183045387268066e+00
-1.088469982147216797e+00
-1.088755130767822266e+00
-1.094138979911804199e+00
-1.108140707015991211e+00
-1.122141599655151367e+00
-1.136142611503601074e+00
-1.150143742561340332e+00
-1.164144754409790039e+00
-1.177055358886718750e+00
-1.189608454704284668e+00
-1.201042294502258301e+00
-1.212052106857299805e+00
-1.223062634468078613e+00
-1.238277316093444824e+00
-1.258152008056640625e+00
-1.276911854743957520e+00
-1.295671701431274414e+00
-1.314431309700012207e+00
-1.332078814506530762e+00
-1.339307427406311035e+00
-1.346535563468933105e+00
-1.354496359825134277e+00
-1.363322138786315918e+00
-1.375333905220031738e+00
-1.389994502067565918e+00
-1.400994658470153809e+00
-1.411441445350646973e+00
-1.410523533821105957e+00
-1.394619345664978027e+00
-1.377601027488708496e+00
-1.361710429191589355e+00
-1.349188566207885742e+00
-1.341359734535217285e+00
-1.333813548088073730e+00
-1.326267004013061523e+00
-1.320562601089477539e+00
-1.318448185920715332e+00
-1.317003846168518066e+00
-1.316026687622070312e+00
-1.315572381019592285e+00
-1.320643663406372070e+00
-1.317200779914855957e+00
-1.309756875038146973e+00
-1.305733203887939453e+00
-1.312206387519836426e+00
-1.319778323173522949e+00
-1.327582716941833496e+00
-1.335223913192749023e+00
-1.346510767936706543e+00
-1.358543276786804199e+00
-1.370921611785888672e+00
-1.383420109748840332e+00
-1.397060275077819824e+00
-1.405930399894714355e+00
-1.406919836997985840e+00
-1.403069853782653809e+00
-1.398083329200744629e+00
-1.393096804618835449e+00
-1.389983296394348145e+00
-1.381784439086914062e+00
-1.365651607513427734e+00
-1.344442725181579590e+00
-1.322921514511108398e+00
-1.299539327621459961e+00
-1.276291251182556152e+00
-1.255869030952453613e+00
-1.237469196319580078e+00
-1.221241235733032227e+00
-1.207105517387390137e+00
-1.195811629295349121e+00
-1.182758092880249023e+00
-1.174226999282836914e+00
-1.175226211547851562e+00
-1.176908373832702637e+00
-1.178622364997863770e+00
-1.183278918266296387e+00
-1.189386010169982910e+00
-1.195493102073669434e+00
-1.201645493507385254e+00
-1.211549878120422363e+00
-1.219723105430603027e+00
-1.225375890731811523e+00
-1.226546168327331543e+00
-1.228702664375305176e+00
-1.225252270698547363e+00
-1.219008684158325195e+00
-1.213836789131164551e+00
-1.209422469139099121e+00
-1.198497176170349121e+00
-1.182315945625305176e+00
-1.165106892585754395e+00
-1.153596878051757812e+00
-1.143023133277893066e+00
-1.130489468574523926e+00
-1.115083456039428711e+00
-1.101084589958190918e+00
-1.081480145454406738e+00
-1.061469197273254395e+00
-1.041958808898925781e+00
-1.024031281471252441e+00
-1.008107304573059082e+00
-9.931632280349731445e-01
-9.782298803329467773e-01
-9.662669897079467773e-01
-9.558647871017456055e-01
-9.428310394287109375e-01
-9.350320100784301758e-01
-9.361050128936767578e-01
-9.433752894401550293e-01
-9.506453871726989746e-01
-9.548342227935791016e-01
-9.540454745292663574e-01
-9.527354240417480469e-01
-9.514252543449401855e-01
-9.501150846481323242e-01
-9.488047361373901367e-01
-9.468672871589660645e-01
-9.356930255889892578e-01
-9.242564439773559570e-01
-9.152588844299316406e-01
-9.128664731979370117e-01
-9.099855422973632812e-01
-9.069216251373291016e-01
-9.038570523262023926e-01
-9.007607698440551758e-01
-8.982138633728027344e-01
-1.087211608886718750e+00
-1.089925050735473633e+00
-1.092638373374938965e+00
-1.092687129974365234e+00
-1.092636346817016602e+00
-1.102234125137329102e+00
-1.116234779357910156e+00
-1.130236268043518066e+00
-1.144236922264099121e+00
-1.158238887786865234e+00
-1.172239542007446289e+00
-1.186240315437316895e+00
-1.199666500091552734e+00
-1.212005972862243652e+00
-1.223652839660644531e+00
-1.234663605690002441e+00
-1.247013211250305176e+00
-1.266125321388244629e+00
-1.286015629768371582e+00
-1.305264115333557129e+00
-1.318433523178100586e+00
-1.325662136077880859e+00
-1.332890510559082031e+00
-1.340118765830993652e+00
-1.347347617149353027e+00
-1.353773713111877441e+00
-1.362728357315063477e+00
-1.374093413352966309e+00
-1.385391116142272949e+00
-1.395837426185607910e+00
-1.403572797775268555e+00
-1.389764904975891113e+00
-1.373242020606994629e+00
-1.356081604957580566e+00
-1.347298622131347656e+00
-1.338674902915954590e+00
-1.330472588539123535e+00
-1.322875976562500000e+00
-1.315279841423034668e+00
-1.308643937110900879e+00
-1.302845716476440430e+00
-1.299154639244079590e+00
-1.298579812049865723e+00
-1.306359410285949707e+00
-1.303060770034790039e+00
-1.296627640724182129e+00
-1.297030806541442871e+00
-1.302866578102111816e+00
-1.311075091361999512e+00
-1.319890260696411133e+00
-1.332945942878723145e+00
-1.346079707145690918e+00
-1.359213709831237793e+00
-1.371774196624755859e+00
-1.383950591087341309e+00
-1.396069526672363281e+00
-1.408175349235534668e+00
-1.408148765563964844e+00
-1.405975222587585449e+00
-1.401067137718200684e+00
-1.400491118431091309e+00
-1.400093436241149902e+00
-1.389942049980163574e+00
-1.368694305419921875e+00
-1.346603035926818848e+00
-1.324414849281311035e+00
-1.300866484642028809e+00
-1.279039263725280762e+00
-1.258617043495178223e+00
-1.238831639289855957e+00
-1.220528364181518555e+00
-1.205130815505981445e+00
-1.189408063888549805e+00
-1.172549962997436523e+00
-1.156139016151428223e+00
-1.153079986572265625e+00
-1.151776552200317383e+00
-1.153843760490417480e+00
-1.158341526985168457e+00
-1.164448618888854980e+00
-1.170538902282714844e+00
-1.176625370979309082e+00
-1.182897329330444336e+00
-1.189462780952453613e+00
-1.196132302284240723e+00
-1.199801802635192871e+00
-1.202281236648559570e+00
-1.204290509223937988e+00
-1.197123289108276367e+00
-1.188158988952636719e+00
-1.180807948112487793e+00
-1.168172478675842285e+00
-1.153743624687194824e+00
-1.140191435813903809e+00
-1.132302999496459961e+00
-1.122297525405883789e+00
-1.109917521476745605e+00
-1.094435095787048340e+00
-1.078341484069824219e+00
-1.060001969337463379e+00
-1.041463375091552734e+00
-1.025050520896911621e+00
-1.010921835899353027e+00
-9.962707757949829102e-01
-9.813268184661865234e-01
-9.663828611373901367e-01
-9.539270401000976562e-01
-9.415138959884643555e-01
-9.283148050308227539e-01
-9.207357764244079590e-01
-9.184925556182861328e-01
-9.224586486816406250e-01
-9.299978017807006836e-01
-9.325900673866271973e-01
-9.300982356071472168e-01
-9.287880063056945801e-01
-9.274778366088867188e-01
-9.262889027595520020e-01
-9.252055883407592773e-01
-9.250575304031372070e-01
-9.128607511520385742e-01
-9.013129472732543945e-01
-8.955242633819580078e-01
-8.928056955337524414e-01
-8.897163271903991699e-01
-8.866273760795593262e-01
-8.835108876228332520e-01
-8.824695944786071777e-01
-8.822580575942993164e-01
-1.084604144096374512e+00
-1.088685870170593262e+00
-1.092089414596557617e+00
-1.094832062721252441e+00
-1.097544908523559570e+00
-1.110558271408081055e+00
-1.124329686164855957e+00
-1.138331413269042969e+00
-1.152332067489624023e+00
-1.166333317756652832e+00
-1.180334806442260742e+00
-1.194012522697448730e+00
-1.207566499710083008e+00
-1.221121072769165039e+00
-1.234057664871215820e+00
-1.246249914169311523e+00
-1.257274270057678223e+00
-1.275288105010986328e+00
-1.294400095939636230e+00
-1.303712487220764160e+00
-1.312017083168029785e+00
-1.319245338439941406e+00
-1.326228499412536621e+00
-1.332295656204223633e+00
-1.337552189826965332e+00
-1.340786099433898926e+00
-1.346557974815368652e+00
-1.357358694076538086e+00
-1.368723988533020020e+00
-1.380088925361633301e+00
-1.390231132507324219e+00
-1.382972598075866699e+00
-1.368749618530273438e+00
-1.355914473533630371e+00
-1.345843315124511719e+00
-1.336700320243835449e+00
-1.328027129173278809e+00
-1.319467544555664062e+00
-1.311345696449279785e+00
-1.302046179771423340e+00
-1.293354511260986328e+00
-1.285656809806823730e+00
-1.283372879028320312e+00
-1.286545753479003906e+00
-1.281284451484680176e+00
-1.280445575714111328e+00
-1.285022616386413574e+00
-1.291852831840515137e+00
-1.307061314582824707e+00
-1.320955395698547363e+00
-1.333050370216369629e+00
-1.345169425010681152e+00
-1.358256101608276367e+00
-1.371130704879760742e+00
-1.384004950523376465e+00
-1.396805882453918457e+00
-1.409545540809631348e+00
-1.412634968757629395e+00
-1.409530758857727051e+00
-1.410964369773864746e+00
-1.410381913185119629e+00
-1.407089352607727051e+00
-1.389872312545776367e+00
-1.370284557342529297e+00
-1.348193287849426270e+00
-1.325742006301879883e+00
-1.302209615707397461e+00
-1.281786918640136719e+00
-1.261364817619323730e+00
-1.235312104225158691e+00
-1.213325977325439453e+00
-1.196614623069763184e+00
-1.179903149604797363e+00
-1.163080215454101562e+00
-1.143651366233825684e+00
-1.127962708473205566e+00
-1.129059910774230957e+00
-1.131330609321594238e+00
-1.134429812431335449e+00
-1.139477014541625977e+00
-1.145563244819641113e+00
-1.151649594306945801e+00
-1.156406283378601074e+00
-1.158291459083557129e+00
-1.166636824607849121e+00
-1.173742175102233887e+00
-1.175536632537841797e+00
-1.175260663032531738e+00
-1.171176314353942871e+00
-1.161928534507751465e+00
-1.154553532600402832e+00
-1.140653252601623535e+00
-1.125123858451843262e+00
-1.116469860076904297e+00
-1.108644127845764160e+00
-1.100954651832580566e+00
-1.089693903923034668e+00
-1.073353409767150879e+00
-1.055949330329895020e+00
-1.039221525192260742e+00
-1.022328138351440430e+00
-1.008939385414123535e+00
-9.954469203948974609e-01
-9.822487831115722656e-01
-9.689902663230895996e-01
-9.541947841644287109e-01
-9.413933157920837402e-01
-9.271169900894165039e-01
-9.143145084381103516e-01
-9.075602293014526367e-01
-9.037639498710632324e-01
-9.071174860000610352e-01
-9.100890159606933594e-01
-9.108208417892456055e-01
-9.075461626052856445e-01
-9.048216938972473145e-01
-9.036992192268371582e-01
-9.024411439895629883e-01
-9.019140005111694336e-01
-9.003462791442871094e-01
-8.870027065277099609e-01
-8.770900964736938477e-01
-8.738787770271301270e-01
-8.716441392898559570e-01
-8.687846660614013672e-01
-8.664915561676025391e-01
-8.662795424461364746e-01
-8.660677671432495117e-01
-8.658557534217834473e-01
-1.080075860023498535e+00
-1.084282755851745605e+00
-1.088489770889282227e+00
-1.092697620391845703e+00
-1.100805401802062988e+00
-1.117478132247924805e+00
-1.133776664733886719e+00
-1.146549224853515625e+00
-1.160427451133728027e+00
-1.174428343772888184e+00
-1.188111424446105957e+00
-1.201666116714477539e+00
-1.215220332145690918e+00
-1.228774070739746094e+00
-1.242327690124511719e+00
-1.255881905555725098e+00
-1.268309712409973145e+00
-1.281435728073120117e+00
-1.289016962051391602e+00
-1.296597957611083984e+00
-1.303413152694702148e+00
-1.310451745986938477e+00
-1.316682696342468262e+00
-1.320152640342712402e+00
-1.323386549949645996e+00
-1.326620936393737793e+00
-1.332004666328430176e+00
-1.341836333274841309e+00
-1.351988911628723145e+00
-1.363353967666625977e+00
-1.374628424644470215e+00
-1.372245907783508301e+00
-1.362882614135742188e+00
-1.355662703514099121e+00
-1.345575332641601562e+00
-1.335321307182312012e+00
-1.324622154235839844e+00
-1.314097046852111816e+00
-1.302428603172302246e+00
-1.291590690612792969e+00
-1.281098484992980957e+00
-1.271978735923767090e+00
-1.273664474487304688e+00
-1.272981762886047363e+00
-1.265402674674987793e+00
-1.265467286109924316e+00
-1.274769902229309082e+00
-1.287989139556884766e+00
-1.302523255348205566e+00
-1.318615078926086426e+00
-1.332720398902893066e+00
-1.346181869506835938e+00
-1.358017206192016602e+00
-1.369959473609924316e+00
-1.382834076881408691e+00
-1.395969033241271973e+00
-1.409263610839843750e+00
-1.424147844314575195e+00
-1.422525286674499512e+00
-1.421439886093139648e+00
-1.419285655021667480e+00
-1.406620025634765625e+00
-1.388170123100280762e+00
-1.369971990585327148e+00
-1.349706649780273438e+00
-1.326967239379882812e+00
-1.304830789566040039e+00
-1.281439185142517090e+00
-1.254750967025756836e+00
-1.224825978279113770e+00
-1.203595399856567383e+00
-1.186859488487243652e+00
-1.169024825096130371e+00
-1.149988532066345215e+00
-1.130202293395996094e+00
-1.113383412361145020e+00
-1.107253670692443848e+00
-1.109308004379272461e+00
-1.111454248428344727e+00
-1.114520907402038574e+00
-1.120113968849182129e+00
-1.126175284385681152e+00
-1.127922892570495605e+00
-1.130583763122558594e+00
-1.139431715011596680e+00
-1.144661664962768555e+00
-1.145099043846130371e+00
-1.142356157302856445e+00
-1.137393593788146973e+00
-1.135363698005676270e+00
-1.128230690956115723e+00
-1.113031506538391113e+00
-1.102446913719177246e+00
-1.094522833824157715e+00
-1.084311842918395996e+00
-1.076824784278869629e+00
-1.067631125450134277e+00
-1.051166415214538574e+00
-1.035096049308776855e+00
-1.019054412841796875e+00
-1.005473732948303223e+00
-9.922639131546020508e-01
-9.797779321670532227e-01
-9.665840864181518555e-01
-9.533860683441162109e-01
-9.397580027580261230e-01
-9.284035563468933105e-01
-9.127697944641113281e-01
-9.006422758102416992e-01
-8.940931558609008789e-01
-8.887680768966674805e-01
-8.920597434043884277e-01
-8.939095139503479004e-01
-8.928667306900024414e-01
-8.863449096679687500e-01
-8.832969665527343750e-01
-8.796839714050292969e-01
-8.778673410415649414e-01
-8.774065971374511719e-01
-8.734674453735351562e-01
-8.630192279815673828e-01
-8.551279306411743164e-01
-8.525485396385192871e-01
-8.501642942428588867e-01
-8.502455949783325195e-01
-8.500894308090209961e-01
-8.498777151107788086e-01
-8.496658802032470703e-01
-8.494539260864257812e-01
-1.075107216835021973e+00
-1.079754352569580078e+00
-1.083961129188537598e+00
-1.088169097900390625e+00
-1.100613594055175781e+00
-1.118536949157714844e+00
-1.136459112167358398e+00
-1.154029250144958496e+00
-1.169767260551452637e+00
-1.182226777076721191e+00
-1.195765614509582520e+00
-1.209319472312927246e+00
-1.222873091697692871e+00
-1.236426711082458496e+00
-1.249981403350830078e+00
-1.263535141944885254e+00
-1.269596099853515625e+00
-1.273344874382019043e+00
-1.280622124671936035e+00
-1.287303805351257324e+00
-1.293616175651550293e+00
-1.298020720481872559e+00
-1.301716685295104980e+00
-1.305986881256103516e+00
-1.309221148490905762e+00
-1.312455534934997559e+00
-1.317335963249206543e+00
-1.327347397804260254e+00
-1.337115049362182617e+00
-1.346807122230529785e+00
-1.357722163200378418e+00
-1.356549024581909180e+00
-1.358093380928039551e+00
-1.352374434471130371e+00
-1.342251062393188477e+00
-1.329141378402709961e+00
-1.316007852554321289e+00
-1.303199172019958496e+00
-1.291479587554931641e+00
-1.279760241508483887e+00
-1.268949866294860840e+00
-1.263407349586486816e+00
-1.263780951499938965e+00
-1.261599540710449219e+00
-1.260714650154113770e+00
-1.265910744667053223e+00
-1.274484038352966309e+00
-1.284173846244812012e+00
-1.296797752380371094e+00
-1.312862277030944824e+00
-1.328391432762145996e+00
-1.342765450477600098e+00
-1.356586217880249023e+00
-1.370130658149719238e+00
-1.381940960884094238e+00
-1.395858049392700195e+00
-1.413748145103454590e+00
-1.430304408073425293e+00
-1.434999346733093262e+00
-1.433410286903381348e+00
-1.424380183219909668e+00
-1.403724789619445801e+00
-1.385681867599487305e+00
-1.367647767066955566e+00
-1.349354386329650879e+00
-1.327293157577514648e+00
-1.300336360931396484e+00
-1.272236227989196777e+00
-1.241610646247863770e+00
-1.213603973388671875e+00
-1.193007230758666992e+00
-1.174047708511352539e+00
-1.155088067054748535e+00
-1.136698126792907715e+00
-1.118933081626892090e+00
-1.102683424949645996e+00
-1.087384939193725586e+00
-1.087105870246887207e+00
-1.089160084724426270e+00
-1.091227173805236816e+00
-1.094395756721496582e+00
-1.099156022071838379e+00
-1.100238084793090820e+00
-1.103512883186340332e+00
-1.110625028610229492e+00
-1.113019108772277832e+00
-1.112180590629577637e+00
-1.107342839241027832e+00
-1.103290915489196777e+00
-1.103699922561645508e+00
-1.101466655731201172e+00
-1.085868000984191895e+00
-1.080161213874816895e+00
-1.074355006217956543e+00
-1.064101696014404297e+00
-1.052970170974731445e+00
-1.042219996452331543e+00
-1.028877735137939453e+00
-1.014908313751220703e+00
-1.002845287322998047e+00
-9.890449047088623047e-01
-9.764600992202758789e-01
-9.638861417770385742e-01
-9.507818818092346191e-01
-9.377213716506958008e-01
-9.238613843917846680e-01
-9.113071560859680176e-01
-8.975772261619567871e-01
-8.869590163230895996e-01
-8.806259632110595703e-01
-8.749898076057434082e-01
-8.761805295944213867e-01
-8.782169222831726074e-01
-8.776333332061767578e-01
-8.700989484786987305e-01
-8.618702888488769531e-01
-8.554775714874267578e-01
-8.521308898925781250e-01
-8.498103022575378418e-01
-8.496040701866149902e-01
-8.395748138427734375e-01
-8.347507715225219727e-01
-8.335047364234924316e-01
-8.338534235954284668e-01
-8.341733217239379883e-01
-8.343759775161743164e-01
-8.339036703109741211e-01
-8.331605195999145508e-01
-8.324179053306579590e-01
-1.067031383514404297e+00
-1.073615670204162598e+00
-1.079274535179138184e+00
-1.083590865135192871e+00
-1.100225090980529785e+00
-1.118122696876525879e+00
-1.136020421981811523e+00
-1.153918862342834473e+00
-1.171510100364685059e+00
-1.188944697380065918e+00
-1.204333662986755371e+00
-1.216725587844848633e+00
-1.230255007743835449e+00
-1.243783831596374512e+00
-1.256873011589050293e+00
-1.258226394653320312e+00
-1.259062409400939941e+00
-1.259898781776428223e+00
-1.268407225608825684e+00
-1.274994492530822754e+00
-1.279368638992309570e+00
-1.282930493354797363e+00
-1.286492705345153809e+00
-1.290054321289062500e+00
-1.294076561927795410e+00
-1.297695875167846680e+00
-1.302048683166503906e+00
-1.312214016914367676e+00
-1.321742177009582520e+00
-1.330978512763977051e+00
-1.340215682983398438e+00
-1.338659405708312988e+00
-1.340646862983703613e+00
-1.340639948844909668e+00
-1.330601811408996582e+00
-1.319340229034423828e+00
-1.306207060813903809e+00
-1.293073773384094238e+00
-1.279955387115478516e+00
-1.268235683441162109e+00
-1.257378101348876953e+00
-1.254915356636047363e+00
-1.255343079566955566e+00
-1.260053038597106934e+00
-1.262982726097106934e+00
-1.270563721656799316e+00
-1.279211640357971191e+00
-1.288466811180114746e+00
-1.297881960868835449e+00
-1.307394862174987793e+00
-1.320932626724243164e+00
-1.336670398712158203e+00
-1.351989269256591797e+00
-1.366149544715881348e+00
-1.383762955665588379e+00
-1.402503013610839844e+00
-1.419396162033081055e+00
-1.434935927391052246e+00
-1.444128990173339844e+00
-1.439848780632019043e+00
-1.426897644996643066e+00
-1.406930088996887207e+00
-1.384324789047241211e+00
-1.364181041717529297e+00
-1.343283295631408691e+00
-1.318684458732604980e+00
-1.289020776748657227e+00
-1.258394956588745117e+00
-1.227769494056701660e+00
-1.202934741973876953e+00
-1.179780960083007812e+00
-1.160110950469970703e+00
-1.142274737358093262e+00
-1.125203728675842285e+00
-1.108688473701477051e+00
-1.092438817024230957e+00
-1.076189637184143066e+00
-1.064903259277343750e+00
-1.066957592964172363e+00
-1.069012165069580078e+00
-1.071599006652832031e+00
-1.071671128273010254e+00
-1.073125123977661133e+00
-1.073974728584289551e+00
-1.077886104583740234e+00
-1.081508994102478027e+00
-1.080285429954528809e+00
-1.072224020957946777e+00
-1.069162487983703613e+00
-1.070203185081481934e+00
-1.071478366851806641e+00
-1.064279913902282715e+00
-1.057992100715637207e+00
-1.052435994148254395e+00
-1.045306801795959473e+00
-1.032666444778442383e+00
-1.019684910774230957e+00
-1.005390286445617676e+00
-9.967961311340332031e-01
-9.875160455703735352e-01
-9.732468724250793457e-01
-9.607921242713928223e-01
-9.483373761177062988e-01
-9.351794719696044922e-01
-9.219647645950317383e-01
-9.082671403884887695e-01
-8.945373296737670898e-01
-8.810163140296936035e-01
-8.706473112106323242e-01
-8.661929368972778320e-01
-8.610734939575195312e-01
-8.604881763458251953e-01
-8.620926141738891602e-01
-8.607715368270874023e-01
-8.515495061874389648e-01
-8.422538042068481445e-01
-8.341544270515441895e-01
-8.263042569160461426e-01
-8.274993300437927246e-01
-8.254561424255371094e-01
-8.164157271385192871e-01
-8.164302110671997070e-01
-8.169725537300109863e-01
-8.173303604125976562e-01
-8.176882863044738770e-01
-8.177237510681152344e-01
-8.173714876174926758e-01
-8.164566159248352051e-01
-8.155414462089538574e-01
-1.057262182235717773e+00
-1.063821315765380859e+00
-1.070379972457885742e+00
-1.079889178276062012e+00
-1.099167227745056152e+00
-1.117065548896789551e+00
-1.134963393211364746e+00
-1.152559638023376465e+00
-1.170010328292846680e+00
-1.187461018562316895e+00
-1.204911589622497559e+00
-1.222363114356994629e+00
-1.237444877624511719e+00
-1.244610190391540527e+00
-1.245447039604187012e+00
-1.246283888816833496e+00
-1.247120261192321777e+00
-1.247356295585632324e+00
-1.250714421272277832e+00
-1.256708145141601562e+00
-1.262337803840637207e+00
-1.267082810401916504e+00
-1.271154999732971191e+00
-1.274716496467590332e+00
-1.278278231620788574e+00
-1.281595110893249512e+00
-1.286049604415893555e+00
-1.295483946800231934e+00
-1.303489446640014648e+00
-1.310502648353576660e+00
-1.317023396492004395e+00
-1.318485140800476074e+00
-1.319039821624755859e+00
-1.320238947868347168e+00
-1.318128824234008789e+00
-1.308165192604064941e+00
-1.296406507492065430e+00
-1.283272743225097656e+00
-1.270139336585998535e+00
-1.257115602493286133e+00
-1.248374938964843750e+00
-1.250162482261657715e+00
-1.259007573127746582e+00
-1.263742566108703613e+00
-1.267847895622253418e+00
-1.275291323661804199e+00
-1.284319400787353516e+00
-1.293734550476074219e+00
-1.303098440170288086e+00
-1.312035322189331055e+00
-1.319788575172424316e+00
-1.331616282463073730e+00
-1.346556305885314941e+00
-1.366215825080871582e+00
-1.386053562164306641e+00
-1.404506087303161621e+00
-1.422500729560852051e+00
-1.440036058425903320e+00
-1.448157906532287598e+00
-1.442205190658569336e+00
-1.426595568656921387e+00
-1.407744765281677246e+00
-1.386383891105651855e+00
-1.357787489891052246e+00
-1.328357934951782227e+00
-1.301504015922546387e+00
-1.275166273117065430e+00
-1.243503928184509277e+00
-1.213536977767944336e+00
-1.190383434295654297e+00
-1.167229533195495605e+00
-1.147795438766479492e+00
-1.130731105804443359e+00
-1.114665389060974121e+00
-1.098443984985351562e+00
-1.082194447517395020e+00
-1.065945029258728027e+00
-1.049900889396667480e+00
-1.045030474662780762e+00
-1.047703623771667480e+00
-1.049051880836486816e+00
-1.046324729919433594e+00
-1.042838931083679199e+00
-1.040781259536743164e+00
-1.044403791427612305e+00
-1.048026561737060547e+00
-1.046589732170104980e+00
-1.041364908218383789e+00
-1.035069465637207031e+00
-1.037104129791259766e+00
-1.038319706916809082e+00
-1.041330695152282715e+00
-1.036417245864868164e+00
-1.030472397804260254e+00
-1.024326682090759277e+00
-1.013410210609436035e+00
-1.001322627067565918e+00
-9.884592294692993164e-01
-9.773927927017211914e-01
-9.700769186019897461e-01
-9.575787782669067383e-01
-9.451239705085754395e-01
-9.326692819595336914e-01
-9.196873307228088379e-01
-9.066604375839233398e-01
-8.933805227279663086e-01
-8.778961896896362305e-01
-8.649242520332336426e-01
-8.546708822250366211e-01
-8.497763872146606445e-01
-8.437909483909606934e-01
-8.419338464736938477e-01
-8.430577516555786133e-01
-8.411333560943603516e-01
-8.318378925323486328e-01
-8.227216005325317383e-01
-8.140244483947753906e-01
-8.106180429458618164e-01
-8.075444102287292480e-01
-8.037854433059692383e-01
-7.979462146759033203e-01
-7.982918620109558105e-01
-7.986499071121215820e-01
-7.990078926086425781e-01
-7.993658185005187988e-01
-7.997239828109741211e-01
-8.000815510749816895e-01
-7.999750375747680664e-01
-7.991374731063842773e-01
-1.045462012290954590e+00
-1.053013086318969727e+00
-1.060564994812011719e+00
-1.074308276176452637e+00
-1.094581842422485352e+00
-1.114822745323181152e+00
-1.133609533309936523e+00
-1.151060700416564941e+00
-1.168510794639587402e+00
-1.185961365699768066e+00
-1.202888011932373047e+00
-1.219176888465881348e+00
-1.226069808006286621e+00
-1.230827689170837402e+00
-1.232935786247253418e+00
-1.233313441276550293e+00
-1.232504963874816895e+00
-1.230508923530578613e+00
-1.231429576873779297e+00
-1.237535715103149414e+00
-1.243537545204162598e+00
-1.249100089073181152e+00
-1.254383206367492676e+00
-1.258493304252624512e+00
-1.260940670967102051e+00
-1.262848138809204102e+00
-1.264841675758361816e+00
-1.272592425346374512e+00
-1.279723048210144043e+00
-1.286244034767150879e+00
-1.295416712760925293e+00
-1.298982262611389160e+00
-1.299500346183776855e+00
-1.299673438072204590e+00
-1.299831151962280273e+00
-1.295479893684387207e+00
-1.285728335380554199e+00
-1.273471713066101074e+00
-1.260338783264160156e+00
-1.248228192329406738e+00
-1.247505068778991699e+00
-1.253960490226745605e+00
-1.265893578529357910e+00
-1.269420266151428223e+00
-1.274331092834472656e+00
-1.281328797340393066e+00
-1.289587140083312988e+00
-1.298950314521789551e+00
-1.308105826377868652e+00
-1.317261576652526855e+00
-1.324217557907104492e+00
-1.336350083351135254e+00
-1.352785348892211914e+00
-1.368992567062377930e+00
-1.385798692703247070e+00
-1.404148697853088379e+00
-1.423553943634033203e+00
-1.441076278686523438e+00
-1.444486737251281738e+00
-1.443820595741271973e+00
-1.427472949028015137e+00
-1.403441309928894043e+00
-1.377263545989990234e+00
-1.346225738525390625e+00
-1.315318822860717773e+00
-1.284475445747375488e+00
-1.254288792610168457e+00
-1.225954651832580566e+00
-1.200985789299011230e+00
-1.178056001663208008e+00
-1.156797409057617188e+00
-1.136251807212829590e+00
-1.119712710380554199e+00
-1.104385972023010254e+00
-1.088199615478515625e+00
-1.071949958801269531e+00
-1.055718779563903809e+00
-1.040088057518005371e+00
-1.025136232376098633e+00
-1.026481628417968750e+00
-1.025317072868347168e+00
-1.018484711647033691e+00
-1.010816574096679688e+00
-1.007298707962036133e+00
-1.010921478271484375e+00
-1.012978315353393555e+00
-1.012374281883239746e+00
-1.009132981300354004e+00
-1.004853248596191406e+00
-1.005392432212829590e+00
-1.009398579597473145e+00
-1.012409567832946777e+00
-1.014885067939758301e+00
-1.008802056312561035e+00
-1.001382470130920410e+00
-9.951547384262084961e-01
-9.863241910934448242e-01
-9.743108749389648438e-01
-9.629120826721191406e-01
-9.527226686477661133e-01
-9.412413239479064941e-01
-9.294561147689819336e-01
-9.170013666152954102e-01
-9.048005938529968262e-01
-8.921586275100708008e-01
-8.781372904777526855e-01
-8.616482615470886230e-01
-8.488398790359497070e-01
-8.382885456085205078e-01
-8.312771320343017578e-01
-8.234276771545410156e-01
-8.189835548400878906e-01
-8.202183246612548828e-01
-8.200311660766601562e-01
-8.107290267944335938e-01
-8.016129732131958008e-01
-7.970410585403442383e-01
-7.943592071533203125e-01
-7.941145896911621094e-01
-7.883425354957580566e-01
-7.817964553833007812e-01
-7.801222801208496094e-01
-7.803273797035217285e-01
-7.806855440139770508e-01
-7.810429930686950684e-01
-7.814010977745056152e-01
-7.817591428756713867e-01
-7.821173071861267090e-01
-7.818373441696166992e-01
-1.032709002494812012e+00
-1.041087269783020020e+00
-1.048639535903930664e+00
-1.067567586898803711e+00
-1.088834524154663086e+00
-1.108984231948852539e+00
-1.128811240196228027e+00
-1.148301005363464355e+00
-1.165966510772705078e+00
-1.182255506515502930e+00
-1.196201205253601074e+00
-1.200959444046020508e+00
-1.205717206001281738e+00
-1.210314869880676270e+00
-1.213321328163146973e+00
-1.215246677398681641e+00
-1.214175581932067871e+00
-1.212166905403137207e+00
-1.211257576942443848e+00
-1.217749953269958496e+00
-1.223333239555358887e+00
-1.227746725082397461e+00
-1.231723308563232422e+00
-1.235679030418395996e+00
-1.238802790641784668e+00
-1.240035176277160645e+00
-1.240374445915222168e+00
-1.247422575950622559e+00
-1.254715085029602051e+00
-1.261985182762145996e+00
-1.275214195251464844e+00
-1.279479026794433594e+00
-1.279997229576110840e+00
-1.280515551567077637e+00
-1.279914259910583496e+00
-1.279423356056213379e+00
-1.272830843925476074e+00
-1.263370513916015625e+00
-1.254474997520446777e+00
-1.247380614280700684e+00
-1.251241922378540039e+00
-1.261800408363342285e+00
-1.273115634918212891e+00
-1.277321338653564453e+00
-1.281672000885009766e+00
-1.288555145263671875e+00
-1.296311378479003906e+00
-1.303957462310791016e+00
-1.313113212585449219e+00
-1.323287129402160645e+00
-1.335134267807006836e+00
-1.346797347068786621e+00
-1.360152363777160645e+00
-1.375772595405578613e+00
-1.391341328620910645e+00
-1.407387733459472656e+00
-1.423912405967712402e+00
-1.435300111770629883e+00
-1.438732743263244629e+00
-1.434689164161682129e+00
-1.418498396873474121e+00
-1.392492890357971191e+00
-1.363525271415710449e+00
-1.332081198692321777e+00
-1.299939870834350586e+00
-1.267829656600952148e+00
-1.235719919204711914e+00
-1.207588672637939453e+00
-1.188254952430725098e+00
-1.167850136756896973e+00
-1.146639466285705566e+00
-1.125432729721069336e+00
-1.109433412551879883e+00
-1.094106316566467285e+00
-1.077955126762390137e+00
-1.062085270881652832e+00
-1.046454668045043945e+00
-1.030823826789855957e+00
-1.015193343162536621e+00
-1.003674268722534180e+00
-9.965267181396484375e-01
-9.885637760162353516e-01
-9.809035062789916992e-01
-9.747316837310791016e-01
-9.772617816925048828e-01
-9.768257141113281250e-01
-9.758414626121520996e-01
-9.755085110664367676e-01
-9.746371507644653320e-01
-9.785734415054321289e-01
-9.821681976318359375e-01
-9.835777282714843750e-01
-9.869276285171508789e-01
-9.863190650939941406e-01
-9.804363250732421875e-01
-9.771593809127807617e-01
-9.723340272903442383e-01
-9.606484770774841309e-01
-9.497398138046264648e-01
-9.392180442810058594e-01
-9.263691902160644531e-01
-9.121348857879638672e-01
-9.022657275199890137e-01
-8.908446431159973145e-01
-8.778514862060546875e-01
-8.618592023849487305e-01
-8.451677560806274414e-01
-8.313031792640686035e-01
-8.178588747978210449e-01
-8.098326325416564941e-01
-8.014860749244689941e-01
-7.948763966560363770e-01
-7.957300543785095215e-01
-7.939460277557373047e-01
-7.862496376037597656e-01
-7.823366522789001465e-01
-7.823418378829956055e-01
-7.821852564811706543e-01
-7.820288538932800293e-01
-7.771466970443725586e-01
-7.712541222572326660e-01
-7.655870914459228516e-01
-7.626670598983764648e-01
-7.623629570007324219e-01
-7.627207636833190918e-01
-7.630787491798400879e-01
-7.634367346763610840e-01
-7.648690342903137207e-01
-7.678480148315429688e-01
-1.015924334526062012e+00
-1.025699257850646973e+00
-1.036871552467346191e+00
-1.059308171272277832e+00
-1.080326437950134277e+00
-1.100778937339782715e+00
-1.120473980903625488e+00
-1.139489173889160156e+00
-1.157989978790283203e+00
-1.169430136680603027e+00
-1.175560832023620605e+00
-1.180355668067932129e+00
-1.183998703956604004e+00
-1.185960650444030762e+00
-1.187905192375183105e+00
-1.189562678337097168e+00
-1.191219091415405273e+00
-1.191845893859863281e+00
-1.188962340354919434e+00
-1.191751599311828613e+00
-1.197007298469543457e+00
-1.202241897583007812e+00
-1.206405997276306152e+00
-1.208963990211486816e+00
-1.211521506309509277e+00
-1.213929533958435059e+00
-1.215554833412170410e+00
-1.222555041313171387e+00
-1.229969143867492676e+00
-1.240382909774780273e+00
-1.254681587219238281e+00
-1.259976267814636230e+00
-1.260494589805603027e+00
-1.261012673377990723e+00
-1.260982155799865723e+00
-1.260154604911804199e+00
-1.261279940605163574e+00
-1.257068514823913574e+00
-1.252962946891784668e+00
-1.250071883201599121e+00
-1.259890913963317871e+00
-1.270722508430480957e+00
-1.282100319862365723e+00
-1.285221934318542480e+00
-1.290241718292236328e+00
-1.296920180320739746e+00
-1.303393483161926270e+00
-1.310827493667602539e+00
-1.321550726890563965e+00
-1.335070252418518066e+00
-1.346534848213195801e+00
-1.357192754745483398e+00
-1.368921399116516113e+00
-1.382328748703002930e+00
-1.398146748542785645e+00
-1.414192914962768555e+00
-1.426633358001708984e+00
-1.432060718536376953e+00
-1.427874088287353516e+00
-1.416311621665954590e+00
-1.399757385253906250e+00
-1.374579548835754395e+00
-1.345621943473815918e+00
-1.315241456031799316e+00
-1.284399151802062988e+00
-1.250838041305541992e+00
-1.218378663063049316e+00
-1.195645213127136230e+00
-1.175751566886901855e+00
-1.156152606010437012e+00
-1.136046648025512695e+00
-1.116538763046264648e+00
-1.099153876304626465e+00
-1.083949804306030273e+00
-1.068452119827270508e+00
-1.052821278572082520e+00
-1.037190556526184082e+00
-1.021559834480285645e+00
-1.004698038101196289e+00
-9.808626174926757812e-01
-9.666061401367187500e-01
-9.586435556411743164e-01
-9.509904384613037109e-01
-9.447650909423828125e-01
-9.417010545730590820e-01
-9.402926564216613770e-01
-9.399742484092712402e-01
-9.417548775672912598e-01
-9.431616663932800293e-01
-9.552351236343383789e-01
-9.574865102767944336e-01
-9.572168588638305664e-01
-9.571673274040222168e-01
-9.604054093360900879e-01
-9.614949822425842285e-01
-9.597128629684448242e-01
-9.580956697463989258e-01
-9.474554061889648438e-01
-9.368624687194824219e-01
-9.264724850654602051e-01
-9.143862128257751465e-01
-8.994086980819702148e-01
-8.868589401245117188e-01
-8.766287565231323242e-01
-8.632511496543884277e-01
-8.436787128448486328e-01
-8.246101140975952148e-01
-8.082600831985473633e-01
-7.946527600288391113e-01
-7.866894602775573730e-01
-7.785669565200805664e-01
-7.706677913665771484e-01
-7.687147855758666992e-01
-7.692003250122070312e-01
-7.651526927947998047e-01
-7.664535641670227051e-01
-7.677546739578247070e-01
-7.690555453300476074e-01
-7.699431180953979492e-01
-7.670792341232299805e-01
-7.614123821258544922e-01
-7.557452917098999023e-01
-7.500783801078796387e-01
-7.452116608619689941e-01
-7.443981766700744629e-01
-7.462924122810363770e-01
-7.492709159851074219e-01
-7.522499561309814453e-01
-7.552284002304077148e-01
-9.953161478042602539e-01
-1.004603624343872070e+00
-1.019981265068054199e+00
-1.041952490806579590e+00
-1.063833951950073242e+00
-1.085382342338562012e+00
-1.105288147926330566e+00
-1.124983429908752441e+00
-1.133377909660339355e+00
-1.140942931175231934e+00
-1.147102117538452148e+00
-1.151035904884338379e+00
-1.154102444648742676e+00
-1.155759215354919434e+00
-1.156138658523559570e+00
-1.156493067741394043e+00
-1.156830787658691406e+00
-1.157169103622436523e+00
-1.157466769218444824e+00
-1.160715818405151367e+00
-1.164462447166442871e+00
-1.168105483055114746e+00
-1.171980023384094238e+00
-1.175777077674865723e+00
-1.179039120674133301e+00
-1.182180047035217285e+00
-1.184624552726745605e+00
-1.192771673202514648e+00
-1.201395869255065918e+00
-1.215977072715759277e+00
-1.230169415473937988e+00
-1.236222147941589355e+00
-1.237328529357910156e+00
-1.237883448600769043e+00
-1.238710999488830566e+00
-1.242734074592590332e+00
-1.246876239776611328e+00
-1.249274849891662598e+00
-1.244607090950012207e+00
-1.254572629928588867e+00
-1.265172481536865234e+00
-1.277538299560546875e+00
-1.288431525230407715e+00
-1.291639804840087891e+00
-1.295730829238891602e+00
-1.302121162414550781e+00
-1.309339880943298340e+00
-1.320470333099365234e+00
-1.331817030906677246e+00
-1.343157649040222168e+00
-1.354107260704040527e+00
-1.364802360534667969e+00
-1.375497221946716309e+00
-1.387714982032775879e+00
-1.402102589607238770e+00
-1.416829943656921387e+00
-1.419923782348632812e+00
-1.419371008872985840e+00
-1.413461327552795410e+00
-1.394684433937072754e+00
-1.374677777290344238e+00
-1.351785540580749512e+00
-1.321465849876403809e+00
-1.293319940567016602e+00
-1.263679623603820801e+00
-1.232344865798950195e+00
-1.205038905143737793e+00
-1.183340191841125488e+00
-1.162857413291931152e+00
-1.142374992370605469e+00
-1.122776865959167480e+00
-1.104106545448303223e+00
-1.087019801139831543e+00
-1.072504281997680664e+00
-1.057078480720520020e+00
-1.041484475135803223e+00
-1.025890946388244629e+00
-1.007758498191833496e+00
-9.869145154953002930e-01
-9.609425067901611328e-01
-9.356631040573120117e-01
-9.268725514411926270e-01
-9.192638397216796875e-01
-9.118984937667846680e-01
-9.069442749023437500e-01
-9.025192260742187500e-01
-9.026171565055847168e-01
-9.045027494430541992e-01
-9.126684665679931641e-01
-9.298056364059448242e-01
-9.314489364624023438e-01
-9.305757284164428711e-01
-9.300684928894042969e-01
-9.322664737701416016e-01
-9.398669600486755371e-01
-9.415638446807861328e-01
-9.409590959548950195e-01
-9.336196780204772949e-01
-9.232665300369262695e-01
-9.129136204719543457e-01
-9.021161198616027832e-01
-8.868753910064697266e-01
-8.725265264511108398e-01
-8.584140539169311523e-01
-8.427214026451110840e-01
-8.202711343765258789e-01
-8.003615140914916992e-01
-7.839092612266540527e-01
-7.705577611923217773e-01
-7.626312971115112305e-01
-7.547045946121215820e-01
-7.436108589172363281e-01
-7.428427934646606445e-01
-7.487046122550964355e-01
-7.499114274978637695e-01
-7.508405447006225586e-01
-7.518908977508544922e-01
-7.529855370521545410e-01
-7.542043328285217285e-01
-7.547107338905334473e-01
-7.497969865798950195e-01
-7.439234256744384766e-01
-7.380499243736267090e-01
-7.341745495796203613e-01
-7.309213280677795410e-01
-7.308663129806518555e-01
-7.336382865905761719e-01
-7.364098429679870605e-01
-7.391821742057800293e-01
-9.744969606399536133e-01
-9.826236963272094727e-01
-1.000779151916503906e+00
-1.022173881530761719e+00
-1.043567538261413574e+00
-1.064961671829223633e+00
-1.082381248474121094e+00
-1.092730641365051270e+00
-1.100880026817321777e+00
-1.106929898262023926e+00
-1.111702203750610352e+00
-1.114790916442871094e+00
-1.117071270942687988e+00
-1.119345307350158691e+00
-1.121168017387390137e+00
-1.121506571769714355e+00
-1.121803283691406250e+00
-1.121703147888183594e+00
-1.120594382286071777e+00
-1.120752334594726562e+00
-1.127745270729064941e+00
-1.133517980575561523e+00
-1.137112259864807129e+00
-1.140956401824951172e+00
-1.144611239433288574e+00
-1.147858977317810059e+00
-1.151106476783752441e+00
-1.159554123878479004e+00
-1.174086213111877441e+00
-1.190453767776489258e+00
-1.205349326133728027e+00
-1.212101459503173828e+00
-1.213111996650695801e+00
-1.217156291007995605e+00
-1.222920060157775879e+00
-1.227656483650207520e+00
-1.231815695762634277e+00
-1.236399054527282715e+00
-1.243045210838317871e+00
-1.255931377410888672e+00
-1.270522952079772949e+00
-1.284512400627136230e+00
-1.293879985809326172e+00
-1.297559618949890137e+00
-1.301649451255798340e+00
-1.309609532356262207e+00
-1.320155739784240723e+00
-1.330419421195983887e+00
-1.340683341026306152e+00
-1.351227045059204102e+00
-1.361451148986816406e+00
-1.371183991432189941e+00
-1.381796360015869141e+00
-1.392545104026794434e+00
-1.405386805534362793e+00
-1.405401825904846191e+00
-1.404407262802124023e+00
-1.399987578392028809e+00
-1.392239689826965332e+00
-1.371554374694824219e+00
-1.349924445152282715e+00
-1.327220082283020020e+00
-1.298487305641174316e+00
-1.270165443420410156e+00
-1.240610957145690918e+00
-1.212006449699401855e+00
-1.190486431121826172e+00
-1.169969320297241211e+00
-1.149396181106567383e+00
-1.128619074821472168e+00
-1.110101103782653809e+00
-1.089691877365112305e+00
-1.072245478630065918e+00
-1.058165907859802246e+00
-1.043549180030822754e+00
-1.027605772018432617e+00
-1.008515834808349609e+00
-9.888001680374145508e-01
-9.650211334228515625e-01
-9.387915134429931641e-01
-9.125622510910034180e-01
-8.927637934684753418e-01
-8.848256468772888184e-01
-8.746932148933410645e-01
-8.697389364242553711e-01
-8.647846579551696777e-01
-8.632788658142089844e-01
-8.652946352958679199e-01
-8.822586536407470703e-01
-9.004802703857421875e-01
-9.024603962898254395e-01
-9.017458558082580566e-01
-9.029720425605773926e-01
-9.069972634315490723e-01
-9.114761352539062500e-01
-9.200025200843811035e-01
-9.208086729049682617e-01
-9.158854484558105469e-01
-9.054855108261108398e-01
-8.952639102935791016e-01
-8.852638006210327148e-01
-8.687282800674438477e-01
-8.509844541549682617e-01
-8.345645070075988770e-01
-8.162646293640136719e-01
-7.916576862335205078e-01
-7.707622051239013672e-01
-7.542563676834106445e-01
-7.408661842346191406e-01
-7.326961159706115723e-01
-7.214449644088745117e-01
-7.129192352294921875e-01
-7.157347798347473145e-01
-7.258850336074829102e-01
-7.275560498237609863e-01
-7.284697294235229492e-01
-7.293002605438232422e-01
-7.301163077354431152e-01
-7.335943579673767090e-01
-7.340304851531982422e-01
-7.296414971351623535e-01
-7.276579737663269043e-01
-7.252812981605529785e-01
-7.220283746719360352e-01
-7.187753915786743164e-01
-7.155225276947021484e-01
-7.131649851799011230e-01
-7.159091830253601074e-01
-7.188203930854797363e-01
-9.511646628379821777e-01
-9.597790241241455078e-01
-9.811732769012451172e-01
-1.002566218376159668e+00
-1.023864626884460449e+00
-1.036228537559509277e+00
-1.045570850372314453e+00
-1.052595257759094238e+00
-1.058023691177368164e+00
-1.063800692558288574e+00
-1.068854570388793945e+00
-1.072851181030273438e+00
-1.076585650444030762e+00
-1.079872727394104004e+00
-1.082366704940795898e+00
-1.084009766578674316e+00
-1.084476351737976074e+00
-1.083367228507995605e+00
-1.082257151603698730e+00
-1.081147909164428711e+00
-1.086970806121826172e+00
-1.093963742256164551e+00
-1.100849628448486328e+00
-1.105995297431945801e+00
-1.109353661537170410e+00
-1.113321304321289062e+00
-1.116678595542907715e+00
-1.125711798667907715e+00
-1.143316388130187988e+00
-1.160920977592468262e+00
-1.178038597106933594e+00
-1.188996195793151855e+00
-1.195237278938293457e+00
-1.201078057289123535e+00
-1.206918954849243164e+00
-1.212579488754272461e+00
-1.216984629631042480e+00
-1.223215460777282715e+00
-1.242445111274719238e+00
-1.259478807449340820e+00
-1.275015115737915039e+00
-1.291338324546813965e+00
-1.299798727035522461e+00
-1.303674697875976562e+00
-1.312587380409240723e+00
-1.321531414985656738e+00
-1.330381393432617188e+00
-1.339906096458435059e+00
-1.350169777870178223e+00
-1.360433578491210938e+00
-1.369851708412170410e+00
-1.378880739212036133e+00
-1.387948036193847656e+00
-1.394808173179626465e+00
-1.394500494003295898e+00
-1.388900160789489746e+00
-1.383284449577331543e+00
-1.377990365028381348e+00
-1.367249727249145508e+00
-1.345756649971008301e+00
-1.324135541915893555e+00
-1.302514314651489258e+00
-1.281137347221374512e+00
-1.251952052116394043e+00
-1.222384810447692871e+00
-1.196984529495239258e+00
-1.175559520721435547e+00
-1.155042171478271484e+00
-1.134524941444396973e+00
-1.116229772567749023e+00
-1.098142862319946289e+00
-1.079969525337219238e+00
-1.057959794998168945e+00
-1.041820049285888672e+00
-1.027222275733947754e+00
-1.008991241455078125e+00
-9.895575046539306641e-01
-9.688278436660766602e-01
-9.428701400756835938e-01
-9.166406393051147461e-01
-8.904113769531250000e-01
-8.638626337051391602e-01
-8.484439253807067871e-01
-8.374279141426086426e-01
-8.323032855987548828e-01
-8.275308012962341309e-01
-8.250977396965026855e-01
-8.289400339126586914e-01
-8.487231135368347168e-01
-8.683248162269592285e-01
-8.717309236526489258e-01
-8.720752000808715820e-01
-8.757029771804809570e-01
-8.793303370475769043e-01
-8.838347196578979492e-01
-8.889586925506591797e-01
-8.962720036506652832e-01
-8.913228511810302734e-01
-8.847801089286804199e-01
-8.729587793350219727e-01
-8.607037067413330078e-01
-8.441523313522338867e-01
-8.261754512786865234e-01
-8.085378408432006836e-01
-7.877506017684936523e-01
-7.626756429672241211e-01
-7.407851219177246094e-01
-7.228012681007385254e-01
-7.096161246299743652e-01
-6.983023881912231445e-01
-6.904323697090148926e-01
-6.863182783126831055e-01
-6.925245523452758789e-01
-7.026750445365905762e-01
-7.048048973083496094e-01
-7.058829069137573242e-01
-7.069202661514282227e-01
-7.077110409736633301e-01
-7.142978906631469727e-01
-7.163668870925903320e-01
-7.144765853881835938e-01
-7.126814126968383789e-01
-7.108857035636901855e-01
-7.091190814971923828e-01
-7.067886590957641602e-01
-7.037116885185241699e-01
-7.007009983062744141e-01
-6.976907253265380859e-01
-6.989914774894714355e-01
-9.323921203613281250e-01
-9.403282403945922852e-01
-9.611175060272216797e-01
-9.801833629608154297e-01
-9.883984327316284180e-01
-9.957438707351684570e-01
-1.001150012016296387e+00
-1.006555914878845215e+00
-1.011961340904235840e+00
-1.017368197441101074e+00
-1.022773385047912598e+00
-1.028179526329040527e+00
-1.033479690551757812e+00
-1.036448955535888672e+00
-1.038529276847839355e+00
-1.040514707565307617e+00
-1.041603326797485352e+00
-1.042691469192504883e+00
-1.043479442596435547e+00
-1.042631745338439941e+00
-1.046196818351745605e+00
-1.053097486495971680e+00
-1.059939503669738770e+00
-1.066781401634216309e+00
-1.073623299598693848e+00
-1.078293085098266602e+00
-1.081514716148376465e+00
-1.094513177871704102e+00
-1.112442135810852051e+00
-1.130343437194824219e+00
-1.151869177818298340e+00
-1.167824149131774902e+00
-1.176536440849304199e+00
-1.184198975563049316e+00
-1.190840721130371094e+00
-1.196749091148376465e+00
-1.202076196670532227e+00
-1.215558528900146484e+00
-1.238070130348205566e+00
-1.263106107711791992e+00
-1.280585885047912598e+00
-1.298050165176391602e+00
-1.307428240776062012e+00
-1.315642833709716797e+00
-1.323891639709472656e+00
-1.332741498947143555e+00
-1.341591715812683105e+00
-1.350441336631774902e+00
-1.359656691551208496e+00
-1.369920134544372559e+00
-1.379609107971191406e+00
-1.386571288108825684e+00
-1.388476848602294922e+00
-1.386762380599975586e+00
-1.377264142036437988e+00
-1.369792580604553223e+00
-1.360652565956115723e+00
-1.353257894515991211e+00
-1.341058373451232910e+00
-1.319922089576721191e+00
-1.298300623893737793e+00
-1.276692986488342285e+00
-1.259616255760192871e+00
-1.237033963203430176e+00
-1.207596421241760254e+00
-1.186622142791748047e+00
-1.164688467979431152e+00
-1.143829107284545898e+00
-1.122306823730468750e+00
-1.103153586387634277e+00
-1.084748625755310059e+00
-1.066343903541564941e+00
-1.047742486000061035e+00
-1.024873018264770508e+00
-1.003186583518981934e+00
-9.848520755767822266e-01
-9.670115709304809570e-01
-9.444437623023986816e-01
-9.181326627731323242e-01
-8.916596174240112305e-01
-8.648846149444580078e-01
-8.375370502471923828e-01
-8.083999752998352051e-01
-7.964773774147033691e-01
-7.912794351577758789e-01
-7.873486280441284180e-01
-7.848919034004211426e-01
-7.927632927894592285e-01
-8.125889897346496582e-01
-8.319416046142578125e-01
-8.376607894897460938e-01
-8.423830866813659668e-01
-8.460105657577514648e-01
-8.502269983291625977e-01
-8.550435304641723633e-01
-8.606204986572265625e-01
-8.661980032920837402e-01
-8.657691478729248047e-01
-8.590767383575439453e-01
-8.479680418968200684e-01
-8.351645469665527344e-01
-8.195758461952209473e-01
-8.012480139732360840e-01
-7.825109362602233887e-01
-7.587046623229980469e-01
-7.333805561065673828e-01
-7.116696834564208984e-01
-6.945453882217407227e-01
-6.765968799591064453e-01
-6.679453253746032715e-01
-6.630967855453491211e-01
-6.643550395965576172e-01
-6.690822839736938477e-01
-6.794648170471191406e-01
-6.820537447929382324e-01
-6.831275224685668945e-01
-6.849271059036254883e-01
-6.893731951713562012e-01
-7.004911899566650391e-01
-7.019432187080383301e-01
-6.999465227127075195e-01
-6.980181932449340820e-01
-6.963132023811340332e-01
-6.947604417800903320e-01
-6.932075023651123047e-01
-6.916544437408447266e-01
-6.893525123596191406e-01
-6.863422989845275879e-01
-6.833318471908569336e-01
-9.159919023513793945e-01
-9.257883429527282715e-01
-9.340992569923400879e-01
-9.398638010025024414e-01
-9.448399543762207031e-01
-9.497292041778564453e-01
-9.550880193710327148e-01
-9.604938030242919922e-01
-9.659000635147094727e-01
-9.713052511215209961e-01
-9.763126373291015625e-01
-9.802709817886352539e-01
-9.842296838760375977e-01
-9.881886243820190430e-01
-9.920016527175903320e-01
-9.946016073226928711e-01
-9.970655441284179688e-01
-9.991463422775268555e-01
-1.000285267829895020e+00
-1.001374125480651855e+00
-1.004216432571411133e+00
-1.011320233345031738e+00
-1.018423676490783691e+00
-1.025526881217956543e+00
-1.032631278038024902e+00
-1.039554357528686523e+00
-1.048316836357116699e+00
-1.063567638397216797e+00
-1.083211064338684082e+00
-1.106267571449279785e+00
-1.129216551780700684e+00
-1.145870685577392578e+00
-1.154582858085632324e+00
-1.163295149803161621e+00
-1.171801209449768066e+00
-1.179407596588134766e+00
-1.191929697990417480e+00
-1.210537910461425781e+00
-1.234871506690979004e+00
-1.260423660278320312e+00
-1.286486864089965820e+00
-1.308481216430664062e+00
-1.319114804267883301e+00
-1.326155900955200195e+00
-1.335101842880249023e+00
-1.343951821327209473e+00
-1.352801918983459473e+00
-1.361651897430419922e+00
-1.370501637458801270e+00
-1.379406929016113281e+00
-1.384761333465576172e+00
-1.386373519897460938e+00
-1.383006930351257324e+00
-1.371088862419128418e+00
-1.358121275901794434e+00
-1.346397757530212402e+00
-1.337073683738708496e+00
-1.326687216758728027e+00
-1.312958240509033203e+00
-1.292311429977416992e+00
-1.270464301109313965e+00
-1.251949548721313477e+00
-1.235127329826354980e+00
-1.217186212539672852e+00
-1.192961692810058594e+00
-1.173708319664001465e+00
-1.153364896774291992e+00
-1.132469296455383301e+00
-1.111459612846374512e+00
-1.091051101684570312e+00
-1.069862723350524902e+00
-1.049605250358581543e+00
-1.028586626052856445e+00
-1.004022955894470215e+00
-9.811182022094726562e-01
-9.593422412872314453e-01
-9.394438266754150391e-01
-9.151316881179809570e-01
-8.912943005561828613e-01
-8.653229475021362305e-01
-8.381448984146118164e-01
-8.086344599723815918e-01
-7.777112126350402832e-01
-7.548844218254089355e-01
-7.493054866790771484e-01
-7.458351850509643555e-01
-7.469723224639892578e-01
-7.576454281806945801e-01
-7.762317657470703125e-01
-7.947832345962524414e-01
-8.052319288253784180e-01
-8.126909136772155762e-01
-8.166193962097167969e-01
-8.211283683776855469e-01
-8.267055153846740723e-01
-8.310901522636413574e-01
-8.350973725318908691e-01
-8.350775241851806641e-01
-8.306245803833007812e-01
-8.228934407234191895e-01
-8.101698160171508789e-01
-7.950000762939453125e-01
-7.763208150863647461e-01
-7.551154494285583496e-01
-7.295380830764770508e-01
-7.043348550796508789e-01
-6.828069090843200684e-01
-6.653599739074707031e-01
-6.500833034515380859e-01
-6.415990591049194336e-01
-6.410694122314453125e-01
-6.424190998077392578e-01
-6.456178426742553711e-01
-6.560813784599304199e-01
-6.605262160301208496e-01
-6.641861200332641602e-01
-6.678441166877746582e-01
-6.750836372375488281e-01
-6.867681741714477539e-01
-6.879931688308715820e-01
-6.861768364906311035e-01
-6.843599081039428711e-01
-6.825435757637023926e-01
-6.807270646095275879e-01
-6.790276765823364258e-01
-6.774745583534240723e-01
-6.759218573570251465e-01
-6.743691563606262207e-01
-6.719832420349121094e-01
-9.072226881980895996e-01
-9.060422182083129883e-01
-9.028907418251037598e-01
-9.008738994598388672e-01
-9.028140306472778320e-01
-9.065154194831848145e-01
-9.105058312416076660e-01
-9.152026176452636719e-01
-9.190456867218017578e-01
-9.229415059089660645e-01
-9.269004464149475098e-01
-9.308590292930603027e-01
-9.348175525665283203e-01
-9.387761950492858887e-01
-9.427344202995300293e-01
-9.466928243637084961e-01
-9.503859281539916992e-01
-9.527202248573303223e-01
-9.552816152572631836e-01
-9.576212763786315918e-01
-9.587556719779968262e-01
-9.674137234687805176e-01
-9.763028025627136230e-01
-9.834060668945312500e-01
-9.905096292495727539e-01
-9.976133108139038086e-01
-1.011572957038879395e+00
-1.034078001976013184e+00
-1.059995055198669434e+00
-1.083132028579711914e+00
-1.105131864547729492e+00
-1.123162150382995605e+00
-1.132565379142761230e+00
-1.141341567039489746e+00
-1.150172591209411621e+00
-1.163361191749572754e+00
-1.179598450660705566e+00
-1.203756451606750488e+00
-1.229968428611755371e+00
-1.259278774261474609e+00
-1.290841102600097656e+00
-1.317784190177917480e+00
-1.327187418937683105e+00
-1.336582779884338379e+00
-1.344314694404602051e+00
-1.352832674980163574e+00
-1.361585497856140137e+00
-1.370191931724548340e+00
-1.376878857612609863e+00
-1.379244208335876465e+00
-1.380549788475036621e+00
-1.376721024513244629e+00
-1.364448547363281250e+00
-1.349852442741394043e+00
-1.335224270820617676e+00
-1.321747779846191406e+00
-1.310698032379150391e+00
-1.298477411270141602e+00
-1.282636284828186035e+00
-1.263191342353820801e+00
-1.243242383003234863e+00
-1.226148605346679688e+00
-1.209326148033142090e+00
-1.191642165184020996e+00
-1.178070068359375000e+00
-1.159614443778991699e+00
-1.141372323036193848e+00
-1.122359752655029297e+00
-1.102468371391296387e+00
-1.081015348434448242e+00
-1.058820843696594238e+00
-1.034669399261474609e+00
-1.008602619171142578e+00
-9.829512834548950195e-01
-9.600144028663635254e-01
-9.373184442520141602e-01
-9.114084839820861816e-01
-8.855146169662475586e-01
-8.602974414825439453e-01
-8.347311019897460938e-01
-8.092426061630249023e-01
-7.781221866607666016e-01
-7.470102906227111816e-01
-7.169651985168457031e-01
-7.067867517471313477e-01
-7.041996717453002930e-01
-7.107248902320861816e-01
-7.236555218696594238e-01
-7.430915236473083496e-01
-7.611911892890930176e-01
-7.734797596931457520e-01
-7.820000052452087402e-01
-7.875207066535949707e-01
-7.916381955146789551e-01
-7.949560880661010742e-01
-7.989904284477233887e-01
-8.032902479171752930e-01
-8.034884333610534668e-01
-8.025666475296020508e-01
-7.954801321029663086e-01
-7.852550148963928223e-01
-7.707573175430297852e-01
-7.505426406860351562e-01
-7.269934415817260742e-01
-7.003161907196044922e-01
-6.771038770675659180e-01
-6.549130678176879883e-01
-6.360685825347900391e-01
-6.252374649047851562e-01
-6.237893104553222656e-01
-6.217511892318725586e-01
-6.204831600189208984e-01
-6.238387823104858398e-01
-6.369229555130004883e-01
-6.434603929519653320e-01
-6.474041342735290527e-01
-6.513052582740783691e-01
-6.616748571395874023e-01
-6.734670996665954590e-01
-6.739970445632934570e-01
-6.724271774291992188e-01
-6.707332730293273926e-01
-6.689169406890869141e-01
-6.671003103256225586e-01
-6.652840375900268555e-01
-6.634675264358520508e-01
-6.617420315742492676e-01
-6.601895093917846680e-01
-6.586365699768066406e-01
-8.893263339996337891e-01
-8.851282596588134766e-01
-8.809309005737304688e-01
-8.767325878143310547e-01
-8.725358247756958008e-01
-8.702038526535034180e-01
-8.694398403167724609e-01
-8.703662157058715820e-01
-8.724731802940368652e-01
-8.752164840698242188e-01
-8.784660696983337402e-01
-8.817359209060668945e-01
-8.854050040245056152e-01
-8.893637657165527344e-01
-8.933225870132446289e-01
-8.972811698913574219e-01
-9.012391567230224609e-01
-9.050686359405517578e-01
-9.085401296615600586e-01
-9.108462929725646973e-01
-9.130050539970397949e-01
-9.205688238143920898e-01
-9.299877285957336426e-01
-9.387840628623962402e-01
-9.478256702423095703e-01
-9.611042141914367676e-01
-9.801794290542602539e-01
-1.001937747001647949e+00
-1.028087496757507324e+00
-1.054211497306823730e+00
-1.078967690467834473e+00
-1.097536563873291016e+00
-1.105770587921142578e+00
-1.115192055702209473e+00
-1.127114772796630859e+00
-1.144046902656555176e+00
-1.164884686470031738e+00
-1.193033099174499512e+00
-1.224279761314392090e+00
-1.256185412406921387e+00
-1.288444519042968750e+00
-1.317600369453430176e+00
-1.332182526588439941e+00
-1.342303633689880371e+00
-1.352821350097656250e+00
-1.360749006271362305e+00
-1.368676781654357910e+00
-1.372108936309814453e+00
-1.374474167823791504e+00
-1.373700618743896484e+00
-1.371959328651428223e+00
-1.358697175979614258e+00
-1.342987537384033203e+00
-1.328350186347961426e+00
-1.313724756240844727e+00
-1.299246311187744141e+00
-1.285499334335327148e+00
-1.270147681236267090e+00
-1.255170941352844238e+00
-1.235969662666320801e+00
-1.217170119285583496e+00
-1.200347542762756348e+00
-1.183704376220703125e+00
-1.170569777488708496e+00
-1.162387013435363770e+00
-1.145267128944396973e+00
-1.128289103507995605e+00
-1.111186861991882324e+00
-1.092405200004577637e+00
-1.070466995239257812e+00
-1.045554757118225098e+00
-1.019119977951049805e+00
-9.927002191543579102e-01
-9.669322967529296875e-01
-9.415227770805358887e-01
-9.156249761581420898e-01
-8.852999210357666016e-01
-8.559299111366271973e-01
-8.271911144256591797e-01
-8.024545311927795410e-01
-7.736945748329162598e-01
-7.449272274971008301e-01
-7.162006497383117676e-01
-6.865190863609313965e-01
-6.660211086273193359e-01
-6.675643920898437500e-01
-6.748478412628173828e-01
-6.903724074363708496e-01
-7.129147052764892578e-01
-7.298245429992675781e-01
-7.400752902030944824e-01
-7.499895095825195312e-01
-7.555041909217834473e-01
-7.588223218917846680e-01
-7.628834843635559082e-01
-7.671833038330078125e-01
-7.714830636978149414e-01
-7.718991041183471680e-01
-7.709774971008300781e-01
-7.699273824691772461e-01
-7.598825097084045410e-01
-7.459233999252319336e-01
-7.249275445938110352e-01
-6.994162797927856445e-01
-6.752045154571533203e-01
-6.491376161575317383e-01
-6.252700090408325195e-01
-6.106604933738708496e-01
-6.043394804000854492e-01
-6.046031713485717773e-01
-6.067888736724853516e-01
-6.076283454895019531e-01
-6.081603765487670898e-01
-6.197465062141418457e-01
-6.268486976623535156e-01
-6.310628652572631836e-01
-6.366708278656005859e-01
-6.483738422393798828e-01
-6.601656079292297363e-01
-6.599899530410766602e-01
-6.584204435348510742e-01
-6.568508148193359375e-01
-6.552811861038208008e-01
-6.534738540649414062e-01
-6.516572833061218262e-01
-6.498404741287231445e-01
-6.480240821838378906e-01
-6.462073326110839844e-01
-6.444569826126098633e-01
-8.683965802192687988e-01
-8.636100292205810547e-01
-8.589897155761718750e-01
-8.544700145721435547e-01
-8.488177061080932617e-01
-8.430435061454772949e-01
-8.385099172592163086e-01
-8.362271785736083984e-01
-8.339443206787109375e-01
-8.319244384765625000e-01
-8.319623470306396484e-01
-8.334625363349914551e-01
-8.362140059471130371e-01
-8.391143679618835449e-01
-8.421730399131774902e-01
-8.453589677810668945e-01
-8.490737080574035645e-01
-8.527570962905883789e-01
-8.563215732574462891e-01
-8.594514131546020508e-01
-8.625754714012145996e-01
-8.677873611450195312e-01
-8.777213096618652344e-01
-8.898981213569641113e-01
-9.045966267585754395e-01
-9.253286123275756836e-01
-9.463388919830322266e-01
-9.675943255424499512e-01
-9.937441349029541016e-01
-1.019893646240234375e+00
-1.046026587486267090e+00
-1.068323850631713867e+00
-1.078778505325317383e+00
-1.088326454162597656e+00
-1.104851603507995605e+00
-1.122774124145507812e+00
-1.151612162590026855e+00
-1.185112833976745605e+00
-1.218351840972900391e+00
-1.252626538276672363e+00
-1.285479187965393066e+00
-1.313212394714355469e+00
-1.333660602569580078e+00
-1.345892429351806641e+00
-1.357719063758850098e+00
-1.365753769874572754e+00
-1.368153452873229980e+00
-1.368526101112365723e+00
-1.366818428039550781e+00
-1.363631486892700195e+00
-1.355239987373352051e+00
-1.338695168495178223e+00
-1.322350025177001953e+00
-1.306838870048522949e+00
-1.292295336723327637e+00
-1.277816653251647949e+00
-1.262476444244384766e+00
-1.244671583175659180e+00
-1.229088664054870605e+00
-1.210928559303283691e+00
-1.191369295120239258e+00
-1.175087451934814453e+00
-1.158934473991394043e+00
-1.150465488433837891e+00
-1.142499566078186035e+00
-1.131924510002136230e+00
-1.115206122398376465e+00
-1.098438978195190430e+00
-1.078058004379272461e+00
-1.055428743362426758e+00
-1.029714107513427734e+00
-1.002714991569519043e+00
-9.767591953277587891e-01
-9.508033394813537598e-01
-9.243371486663818359e-01
-8.968117237091064453e-01
-8.643007278442382812e-01
-8.306614160537719727e-01
-7.987959980964660645e-01
-7.676514387130737305e-01
-7.376361489295959473e-01
-7.101588249206542969e-01
-6.811449527740478516e-01
-6.545417904853820801e-01
-6.347196102142333984e-01
-6.315546035766601562e-01
-6.400741338729858398e-01
-6.597805619239807129e-01
-6.832778453826904297e-01
-6.977728605270385742e-01
-7.051258087158203125e-01
-7.147152423858642578e-01
-7.227758765220642090e-01
-7.267805933952331543e-01
-7.310764789581298828e-01
-7.353761792182922363e-01
-7.396759986877441406e-01
-7.403101325035095215e-01
-7.393883466720581055e-01
-7.384668588638305664e-01
-7.357638478279113770e-01
-7.203936576843261719e-01
-7.012305259704589844e-01
-6.763905286788940430e-01
-6.480611562728881836e-01
-6.194645166397094727e-01
-5.989346504211425781e-01
-5.889521241188049316e-01
-5.878401994705200195e-01
-5.909667611122131348e-01
-5.940934419631958008e-01
-5.969743132591247559e-01
-5.978779196739196777e-01
-6.047831773757934570e-01
-6.103086471557617188e-01
-6.145226955413818359e-01
-6.232807636260986328e-01
-6.350724101066589355e-01
-6.468639969825744629e-01
-6.459828615188598633e-01
-6.444133520126342773e-01
-6.428439021110534668e-01
-6.412742137908935547e-01
-6.397049427032470703e-01
-6.380304694175720215e-01
-6.362140774726867676e-01
-6.343972682952880859e-01
-6.325811147689819336e-01
-6.307643651962280273e-01
-8.462758660316467285e-01
-8.404680490493774414e-01
-8.339931964874267578e-01
-8.275153636932373047e-01
-8.210377693176269531e-01
-8.145595788955688477e-01
-8.081132173538208008e-01
-8.028711080551147461e-01
-8.005884885787963867e-01
-7.983053922653198242e-01
-7.960231304168701172e-01
-7.937407493591308594e-01
-7.913360595703125000e-01
-7.906357049942016602e-01
-7.918376922607421875e-01
-7.944559454917907715e-01
-7.972370982170104980e-01
-8.001601099967956543e-01
-8.030833601951599121e-01
-8.065188527107238770e-01
-8.097856044769287109e-01
-8.138310909271240234e-01
-8.298163414001464844e-01
-8.455237150192260742e-01
-8.638218045234680176e-01
-8.858186602592468262e-01
-9.079396128654479980e-01
-9.311090111732482910e-01
-9.593257904052734375e-01
-9.855504035949707031e-01
-1.011699795722961426e+00
-1.035296082496643066e+00
-1.047191619873046875e+00
-1.065878748893737793e+00
-1.083939790725708008e+00
-1.107879519462585449e+00
-1.140438675880432129e+00
-1.174209356307983398e+00
-1.210003495216369629e+00
-1.245283126831054688e+00
-1.279890894889831543e+00
-1.307661533355712891e+00
-1.328662037849426270e+00
-1.349435806274414062e+00
-1.355011105537414551e+00
-1.360456824302673340e+00
-1.361115097999572754e+00
-1.358810305595397949e+00
-1.355137705802917480e+00
-1.349595546722412109e+00
-1.334954619407653809e+00
-1.318664789199829102e+00
-1.302562117576599121e+00
-1.286527395248413086e+00
-1.270865559577941895e+00
-1.256550431251525879e+00
-1.241292357444763184e+00
-1.222304105758666992e+00
-1.204832911491394043e+00
-1.187289714813232422e+00
-1.168363451957702637e+00
-1.150266885757446289e+00
-1.138326764106750488e+00
-1.130360841751098633e+00
-1.122841715812683105e+00
-1.116232156753540039e+00
-1.100723624229431152e+00
-1.080702543258666992e+00
-1.059896230697631836e+00
-1.035601258277893066e+00
-1.011249423027038574e+00
-9.863481521606445312e-01
-9.605735540390014648e-01
-9.346175789833068848e-01
-9.074807167053222656e-01
-8.764748573303222656e-01
-8.461682200431823730e-01
-8.115696907043457031e-01
-7.779378294944763184e-01
-7.407907247543334961e-01
-7.049401402473449707e-01
-6.734241247177124023e-01
-6.451480984687805176e-01
-6.190546751022338867e-01
-6.062077283859252930e-01
-5.984591841697692871e-01
-6.080979704856872559e-01
-6.291123628616333008e-01
-6.503503918647766113e-01
-6.623454689979553223e-01
-6.702609658241271973e-01
-6.790840029716491699e-01
-6.891120076179504395e-01
-6.960647106170654297e-01
-6.993522047996520996e-01
-7.035689353942871094e-01
-7.078688144683837891e-01
-7.087208032608032227e-01
-7.077994346618652344e-01
-7.068777084350585938e-01
-7.052637338638305664e-01
-7.010948061943054199e-01
-6.794764399528503418e-01
-6.497704386711120605e-01
-6.199407577514648438e-01
-5.930647253990173340e-01
-5.797570943832397461e-01
-5.756913423538208008e-01
-5.750336050987243652e-01
-5.781606435775756836e-01
-5.812873244285583496e-01
-5.843962430953979492e-01
-5.872493982315063477e-01
-5.929602980613708496e-01
-5.973358750343322754e-01
-5.980581045150756836e-01
-6.097282171249389648e-01
-6.217710971832275391e-01
-6.335451006889343262e-01
-6.319757699966430664e-01
-6.304062008857727051e-01
-6.288366913795471191e-01
-6.272671818733215332e-01
-6.256978511810302734e-01
-6.241278052330017090e-01
-6.225587725639343262e-01
-6.207706928253173828e-01
-6.189539432525634766e-01
-6.171376705169677734e-01
-8.200073242187500000e-01
-8.125885725021362305e-01
-8.073769807815551758e-01
-8.008987903594970703e-01
-7.944211959838867188e-01
-7.879429459571838379e-01
-7.814654111862182617e-01
-7.749879360198974609e-01
-7.685824632644653320e-01
-7.656445503234863281e-01
-7.627723217010498047e-01
-7.603849768638610840e-01
-7.581025958061218262e-01
-7.558200955390930176e-01
-7.535371780395507812e-01
-7.512444853782653809e-01
-7.493261098861694336e-01
-7.501077651977539062e-01
-7.522435188293457031e-01
-7.552412748336791992e-01
-7.611775994300842285e-01
-7.688723802566528320e-01
-7.826313972473144531e-01
-7.991472482681274414e-01
-8.225882053375244141e-01
-8.458827733993530273e-01
-8.678796887397766113e-01
-8.910508155822753906e-01
-9.200050830841064453e-01
-9.485715627670288086e-01
-9.771381616592407227e-01
-1.001660108566284180e+00
-1.019069075584411621e+00
-1.039967417716979980e+00
-1.064851403236389160e+00
-1.097195267677307129e+00
-1.130612730979919434e+00
-1.165225386619567871e+00
-1.200766563415527344e+00
-1.236046671867370605e+00
-1.271326661109924316e+00
-1.298443794250488281e+00
-1.317797541618347168e+00
-1.334092974662780762e+00
-1.346232295036315918e+00
-1.348393917083740234e+00
-1.347563147544860840e+00
-1.345232486724853516e+00
-1.340648531913757324e+00
-1.328155040740966797e+00
-1.313470840454101562e+00
-1.298107862472534180e+00
-1.282774448394775391e+00
-1.266821742057800293e+00
-1.251607775688171387e+00
-1.237631797790527344e+00
-1.220426201820373535e+00
-1.201194286346435547e+00
-1.182720661163330078e+00
-1.166931033134460449e+00
-1.146081089973449707e+00
-1.126616358757019043e+00
-1.117210865020751953e+00
-1.108922004699707031e+00
-1.102312564849853516e+00
-1.094437718391418457e+00
-1.082071423530578613e+00
-1.061074495315551758e+00
-1.038749814033508301e+00
-1.015633940696716309e+00
-9.920496940612792969e-01
-9.684045314788818359e-01
-9.435482025146484375e-01
-9.184318184852600098e-01
-8.882910013198852539e-01
-8.550496101379394531e-01
-8.252906203269958496e-01
-7.948035597801208496e-01
-7.589303255081176758e-01
-7.202823758125305176e-01
-6.824944019317626953e-01
-6.456466913223266602e-01
-6.104087233543395996e-01
-5.833778381347656250e-01
-5.759191513061523438e-01
-5.698461532592773438e-01
-5.712277293205261230e-01
-5.937617421150207520e-01
-6.162356734275817871e-01
-6.274806261062622070e-01
-6.359959840774536133e-01
-6.458048820495605469e-01
-6.557707786560058594e-01
-6.645036339759826660e-01
-6.686365604400634766e-01
-6.719238758087158203e-01
-6.760618090629577637e-01
-6.771316528320312500e-01
-6.762100458145141602e-01
-6.767450571060180664e-01
-6.766687035560607910e-01
-6.761441230773925781e-01
-6.573324203491210938e-01
-6.249796748161315918e-01
-5.974131226539611816e-01
-5.772531628608703613e-01
-5.666880011558532715e-01
-5.626802444458007812e-01
-5.622277855873107910e-01
-5.653543472290039062e-01
-5.684688687324523926e-01
-5.715556144714355469e-01
-5.746423006057739258e-01
-5.808278918266296387e-01
-5.860951542854309082e-01
-5.891661643981933594e-01
-5.976263284683227539e-01
-6.082774996757507324e-01
-6.195383071899414062e-01
-6.179684400558471680e-01
-6.163988709449768066e-01
-6.148295402526855469e-01
-6.132600307464599609e-01
-6.116906404495239258e-01
-6.101209521293640137e-01
-6.085513830184936523e-01
-6.069818139076232910e-01
-6.053276062011718750e-01
-6.035107970237731934e-01
-7.976183295249938965e-01
-7.866204380989074707e-01
-7.776893377304077148e-01
-7.714763879776000977e-01
-7.669115662574768066e-01
-7.613267898559570312e-01
-7.548489570617675781e-01
-7.483713030815124512e-01
-7.418937087059020996e-01
-7.354159355163574219e-01
-7.319099903106689453e-01
-7.290380597114562988e-01
-7.261666655540466309e-01
-7.232944369316101074e-01
-7.204226851463317871e-01
-7.177618741989135742e-01
-7.153283953666687012e-01
-7.130713462829589844e-01
-7.120898962020874023e-01
-7.147338390350341797e-01
-7.199477553367614746e-01
-7.265036106109619141e-01
-7.375499606132507324e-01
-7.572689652442932129e-01
-7.800688147544860840e-01
-8.029000759124755859e-01
-8.263408541679382324e-01
-8.504529595375061035e-01
-8.796836137771606445e-01
-9.087551832199096680e-01
-9.377621412277221680e-01
-9.672493934631347656e-01
-9.934998750686645508e-01
-1.019081234931945801e+00
-1.045661687850952148e+00
-1.081424832344055176e+00
-1.117577791213989258e+00
-1.156329035758972168e+00
-1.192700386047363281e+00
-1.227568745613098145e+00
-1.261111855506896973e+00
-1.280175089836120605e+00
-1.297403097152709961e+00
-1.311734080314636230e+00
-1.324836015701293945e+00
-1.330697894096374512e+00
-1.330715894699096680e+00
-1.329990863800048828e+00
-1.319882273674011230e+00
-1.305768013000488281e+00
-1.291322946548461914e+00
-1.276392102241516113e+00
-1.260661840438842773e+00
-1.246786236763000488e+00
-1.233613371849060059e+00
-1.219658374786376953e+00
-1.199653148651123047e+00
-1.180243849754333496e+00
-1.161803364753723145e+00
-1.146064877510070801e+00
-1.124374508857727051e+00
-1.107777953147888184e+00
-1.096735000610351562e+00
-1.088393092155456543e+00
-1.079559445381164551e+00
-1.069782614707946777e+00
-1.059048175811767578e+00
-1.039891600608825684e+00
-1.017566800117492676e+00
-9.958118200302124023e-01
-9.729875326156616211e-01
-9.497390985488891602e-01
-9.256042242050170898e-01
-9.000763297080993652e-01
-8.681529760360717773e-01
-8.345980644226074219e-01
-8.043187260627746582e-01
-7.739021778106689453e-01
-7.389452457427978516e-01
-7.014495134353637695e-01
-6.639535427093505859e-01
-6.251393556594848633e-01
-5.873591303825378418e-01
-5.598132014274597168e-01
-5.458823442459106445e-01
-5.379446744918823242e-01
-5.379881262779235840e-01
-5.537925958633422852e-01
-5.794100165367126465e-01
-5.918650627136230469e-01
-6.027438640594482422e-01
-6.127096414566040039e-01
-6.226756572723388672e-01
-6.310512423515319824e-01
-6.379208564758300781e-01
-6.412081718444824219e-01
-6.444956660270690918e-01
-6.468821167945861816e-01
-6.482146382331848145e-01
-6.489034295082092285e-01
-6.487138271331787109e-01
-6.458129882812500000e-01
-6.343972682952880859e-01
-6.079847216606140137e-01
-5.834652781486511230e-01
-5.655692219734191895e-01
-5.541386604309082031e-01
-5.496689677238464355e-01
-5.494216084480285645e-01
-5.525411367416381836e-01
-5.556279420852661133e-01
-5.587146878242492676e-01
-5.618015527725219727e-01
-5.666798353195190430e-01
-5.743229389190673828e-01
-5.810851454734802246e-01
-5.892469882965087891e-01
-5.977072119712829590e-01
-6.053971052169799805e-01
-6.039617061614990234e-01
-6.023919582366943359e-01
-6.008226275444030762e-01
-5.992532968521118164e-01
-5.976834297180175781e-01
-5.961138606071472168e-01
-5.945442914962768555e-01
-5.929748415946960449e-01
-5.914871692657470703e-01
-5.909243226051330566e-01
-7.748999595642089844e-01
-7.646489143371582031e-01
-7.541867494583129883e-01
-7.431213259696960449e-01
-7.354565858840942383e-01
-7.306288480758666992e-01
-7.260634303092956543e-01
-7.214989066123962402e-01
-7.152768373489379883e-01
-7.087987661361694336e-01
-7.023215293884277344e-01
-6.981752514839172363e-01
-6.953034400939941406e-01
-6.924316287040710449e-01
-6.894381642341613770e-01
-6.864225268363952637e-01
-6.839321851730346680e-01
-6.851075291633605957e-01
-6.870177984237670898e-01
-6.891407966613769531e-01
-6.916403174400329590e-01
-6.941401958465576172e-01
-6.995481848716735840e-01
-7.190014123916625977e-01
-7.401186823844909668e-01
-7.622355818748474121e-01
-7.847809195518493652e-01
-8.077122569084167480e-01
-8.375449180603027344e-01
-8.675889968872070312e-01
-8.986427783966064453e-01
-9.390057325363159180e-01
-9.670987129211425781e-01
-9.954319000244140625e-01
-1.028668761253356934e+00
-1.065274953842163086e+00
-1.103207945823669434e+00
-1.142260909080505371e+00
-1.181313991546630859e+00
-1.214802026748657227e+00
-1.243364214897155762e+00
-1.258085608482360840e+00
-1.269915461540222168e+00
-1.281990408897399902e+00
-1.294656157493591309e+00
-1.307322263717651367e+00
-1.312761545181274414e+00
-1.308281779289245605e+00
-1.297931551933288574e+00
-1.282952904701232910e+00
-1.268506646156311035e+00
-1.253898620605468750e+00
-1.239665627479553223e+00
-1.225277423858642578e+00
-1.212010264396667480e+00
-1.196836829185485840e+00
-1.177823185920715332e+00
-1.158375382423400879e+00
-1.141379952430725098e+00
-1.125302910804748535e+00
-1.103899598121643066e+00
-1.091390967369079590e+00
-1.078919529914855957e+00
-1.065710425376892090e+00
-1.054904222488403320e+00
-1.043942689895629883e+00
-1.032107710838317871e+00
-1.018530249595642090e+00
-9.967552423477172852e-01
-9.755339622497558594e-01
-9.539253711700439453e-01
-9.308967590332031250e-01
-9.077149629592895508e-01
-8.791096210479736328e-01
-8.468085527420043945e-01
-8.139550089836120605e-01
-7.833468914031982422e-01
-7.506499886512756348e-01
-7.170721888542175293e-01
-6.814643740653991699e-01
-6.439684629440307617e-01
-6.056166887283325195e-01
-5.686002373695373535e-01
-5.420396327972412109e-01
-5.260686278343200684e-01
-5.142739415168762207e-01
-5.116200447082519531e-01
-5.152498483657836914e-01
-5.372592210769653320e-01
-5.530709028244018555e-01
-5.668935179710388184e-01
-5.788765549659729004e-01
-5.897058248519897461e-01
-5.996847748756408691e-01
-6.066665649414062500e-01
-6.109518408775329590e-01
-6.173825263977050781e-01
-6.205753684043884277e-01
-6.209619045257568359e-01
-6.233485341072082520e-01
-6.216071248054504395e-01
-6.172785758972167969e-01
-6.065553426742553711e-01
-5.950127840042114258e-01
-5.762885212898254395e-01
-5.573521256446838379e-01
-5.430181026458740234e-01
-5.374950170516967773e-01
-5.369479060173034668e-01
-5.400478243827819824e-01
-5.431478619575500488e-01
-5.462476611137390137e-01
-5.493475794792175293e-01
-5.527105927467346191e-01
-5.618487000465393066e-01
-5.725725889205932617e-01
-5.817804336547851562e-01
-5.898258686065673828e-01
-5.961179733276367188e-01
-5.912300944328308105e-01
-5.888763070106506348e-01
-5.873199701309204102e-01
-5.857638120651245117e-01
-5.842071771621704102e-01
-5.826505422592163086e-01
-5.810941457748413086e-01
-5.805404186248779297e-01
-5.799906253814697266e-01
-5.794415473937988281e-01
-7.546865940093994141e-01
-7.421685457229614258e-01
-7.316790223121643066e-01
-7.214273214340209961e-01
-7.106869220733642578e-01
-7.005745768547058105e-01
-6.943448781967163086e-01
-6.897804737091064453e-01
-6.852163076400756836e-01
-6.806509494781494141e-01
-6.757045984268188477e-01
-6.692271232604980469e-01
-6.644408106803894043e-01
-6.614621877670288086e-01
-6.588094234466552734e-01
-6.583306789398193359e-01
-6.602412462234497070e-01
-6.621517539024353027e-01
-6.640623211860656738e-01
-6.659727096557617188e-01
-6.678829193115234375e-01
-6.697934269905090332e-01
-6.769487261772155762e-01
-6.930772662162780762e-01
-7.111420035362243652e-01
-7.295866012573242188e-01
-7.479141354560852051e-01
-7.682790756225585938e-01
-7.959026098251342773e-01
-8.279480934143066406e-01
-8.684923648834228516e-01
-9.103814363479614258e-01
-9.403184652328491211e-01
-9.701306223869323730e-01
-1.008067727088928223e+00
-1.047260165214538574e+00
-1.087562441825866699e+00
-1.125548124313354492e+00
-1.158853888511657715e+00
-1.191975116729736328e+00
-1.217805624008178711e+00
-1.230211853981018066e+00
-1.241016745567321777e+00
-1.252364516258239746e+00
-1.264499425888061523e+00
-1.277178525924682617e+00
-1.287579655647277832e+00
-1.280501484870910645e+00
-1.271558642387390137e+00
-1.259986162185668945e+00
-1.245299458503723145e+00
-1.232525706291198730e+00
-1.218568325042724609e+00
-1.205103039741516113e+00
-1.191559076309204102e+00
-1.173810482025146484e+00
-1.154505848884582520e+00
-1.135445117950439453e+00
-1.119215369224548340e+00
-1.103391051292419434e+00
-1.086931347846984863e+00
-1.075259089469909668e+00
-1.060601353645324707e+00
-1.045653223991394043e+00
-1.030135989189147949e+00
-1.017546653747558594e+00
-1.005725026130676270e+00
-9.940768480300903320e-01
-9.771268367767333984e-01
-9.561457037925720215e-01
-9.351645708084106445e-01
-9.128417968750000000e-01
-8.884709477424621582e-01
-8.583791851997375488e-01
-8.261258602142333984e-01
-7.932854890823364258e-01
-7.599488496780395508e-01
-7.274838685989379883e-01
-6.945345997810363770e-01
-6.600994467735290527e-01
-6.215946078300476074e-01
-5.823119878768920898e-01
-5.519440174102783203e-01
-5.300424098968505859e-01
-5.144663453102111816e-01
-4.993011355400085449e-01
-4.927954673767089844e-01
-4.949046969413757324e-01
-5.025314688682556152e-01
-5.123628377914428711e-01
-5.258965492248535156e-01
-5.412425398826599121e-01
-5.550258755683898926e-01
-5.671897530555725098e-01
-5.779923200607299805e-01
-5.863409042358398438e-01
-5.926481485366821289e-01
-5.972846150398254395e-01
-5.995998382568359375e-01
-5.979316234588623047e-01
-5.950883626937866211e-01
-5.887885093688964844e-01
-5.829108953475952148e-01
-5.786251425743103027e-01
-5.696166157722473145e-01
-5.506803989410400391e-01
-5.362722873687744141e-01
-5.261403322219848633e-01
-5.253914594650268555e-01
-5.279797315597534180e-01
-5.310796499252319336e-01
-5.341795086860656738e-01
-5.372795462608337402e-01
-5.403793454170227051e-01
-5.515841245651245117e-01
-5.626162290573120117e-01
-5.734633803367614746e-01
-5.828222036361694336e-01
-5.880268812179565430e-01
-5.829176902770996094e-01
-5.780293345451354980e-01
-5.740855336189270020e-01
-5.725291967391967773e-01
-5.709728002548217773e-01
-5.703334808349609375e-01
-5.697837471961975098e-01
-5.692338347434997559e-01
-5.686846971511840820e-01
-5.681351423263549805e-01
-7.377569079399108887e-01
-7.250930070877075195e-01
-7.124287486076354980e-01
-7.005712985992431641e-01
-6.902997493743896484e-01
-6.800280809402465820e-01
-6.689881086349487305e-01
-6.601042747497558594e-01
-6.552571058273315430e-01
-6.506719589233398438e-01
-6.460869908332824707e-01
-6.415023207664489746e-01
-6.370263695716857910e-01
-6.332120895385742188e-01
-6.351022720336914062e-01
-6.369919776916503906e-01
-6.388821005821228027e-01
-6.407723426818847656e-01
-6.426621675491333008e-01
-6.445524096488952637e-01
-6.464425325393676758e-01
-6.503521800041198730e-01
-6.595242619514465332e-01
-6.731180548667907715e-01
-6.903922557830810547e-01
-7.076660990715026855e-01
-7.242519855499267578e-01
-7.417196631431579590e-01
-7.698141932487487793e-01
-8.039647936820983887e-01
-8.423337936401367188e-01
-8.835914134979248047e-01
-9.147294759750366211e-01
-9.479858875274658203e-01
-9.878540039062500000e-01
-1.028126358985900879e+00
-1.064607501029968262e+00
-1.099737763404846191e+00
-1.132281541824340820e+00
-1.160060286521911621e+00
-1.182898759841918945e+00
-1.196832299232482910e+00
-1.210439324378967285e+00
-1.223387122154235840e+00
-1.235414028167724609e+00
-1.245432972908020020e+00
-1.248431086540222168e+00
-1.248929619789123535e+00
-1.240546822547912598e+00
-1.232763886451721191e+00
-1.223860144615173340e+00
-1.212975978851318359e+00
-1.198828935623168945e+00
-1.185384631156921387e+00
-1.171574950218200684e+00
-1.152285814285278320e+00
-1.131533980369567871e+00
-1.113894462585449219e+00
-1.097664594650268555e+00
-1.082129716873168945e+00
-1.067390918731689453e+00
-1.053626418113708496e+00
-1.039743065834045410e+00
-1.024221062660217285e+00
-1.008204102516174316e+00
-9.919621944427490234e-01
-9.796960353851318359e-01
-9.691801667213439941e-01
-9.576277136802673340e-01
-9.371678829193115234e-01
-9.160613417625427246e-01
-8.942922353744506836e-01
-8.672218322753906250e-01
-8.369120359420776367e-01
-8.055540323257446289e-01
-7.727136611938476562e-01
-7.361937165260314941e-01
-7.024159431457519531e-01
-6.676917672157287598e-01
-6.329676508903503418e-01
-5.973826646804809570e-01
-5.625174045562744141e-01
-5.383386015892028809e-01
-5.164661407470703125e-01
-5.011847019195556641e-01
-4.886421561241149902e-01
-4.834821224212646484e-01
-4.811413884162902832e-01
-4.809396862983703613e-01
-4.812520146369934082e-01
-4.911362528800964355e-01
-5.015210509300231934e-01
-5.153121352195739746e-01
-5.334787964820861816e-01
-5.506063699722290039e-01
-5.642733573913574219e-01
-5.722213387489318848e-01
-5.774002671241760254e-01
-5.755246281623840332e-01
-5.718911886215209961e-01
-5.685697197914123535e-01
-5.632274150848388672e-01
-5.636317729949951172e-01
-5.610395669937133789e-01
-5.572033524513244629e-01
-5.440086126327514648e-01
-5.297631025314331055e-01
-5.193841457366943359e-01
-5.148714184761047363e-01
-5.164191722869873047e-01
-5.190114974975585938e-01
-5.221114158630371094e-01
-5.252110958099365234e-01
-5.283109545707702637e-01
-5.414307117462158203e-01
-5.524628758430480957e-01
-5.634945631027221680e-01
-5.743544697761535645e-01
-5.803173780441284180e-01
-5.750017166137695312e-01
-5.697171688079833984e-01
-5.647864341735839844e-01
-5.604168176651000977e-01
-5.595771074295043945e-01
-5.591105818748474121e-01
-5.587493181228637695e-01
-5.583878755569458008e-01
-5.580272674560546875e-01
-5.576658844947814941e-01
-7.229540348052978516e-01
-7.103698849678039551e-01
-6.977056264877319336e-01
-6.850408315658569336e-01
-6.723830103874206543e-01
-6.614398956298828125e-01
-6.511679887771606445e-01
-6.406629085540771484e-01
-6.295772790908813477e-01
-6.230834722518920898e-01
-6.185297369956970215e-01
-6.143996119499206543e-01
-6.133005023002624512e-01
-6.134977340698242188e-01
-6.141057014465332031e-01
-6.179096102714538574e-01
-6.200556755065917969e-01
-6.219461560249328613e-01
-6.238362789154052734e-01
-6.257259845733642578e-01
-6.276159882545471191e-01
-6.355825066566467285e-01
-6.447545289993286133e-01
-6.559107899665832520e-01
-6.728030443191528320e-01
-6.892105340957641602e-01
-7.087803483009338379e-01
-7.298082709312438965e-01
-7.596629261970520020e-01
-7.952669858932495117e-01
-8.324211835861206055e-01
-8.712093830108642578e-01
-8.989976644515991211e-01
-9.325920343399047852e-01
-9.686167240142822266e-01
-1.003744125366210938e+00
-1.039554953575134277e+00
-1.070218443870544434e+00
-1.098842859268188477e+00
-1.127232909202575684e+00
-1.149892568588256836e+00
-1.163483023643493652e+00
-1.176661849021911621e+00
-1.191833734512329102e+00
-1.206523180007934570e+00
-1.212285637855529785e+00
-1.213923454284667969e+00
-1.214677929878234863e+00
-1.213272213935852051e+00
-1.206547737121582031e+00
-1.200861334800720215e+00
-1.194289445877075195e+00
-1.182293534278869629e+00
-1.169319987297058105e+00
-1.153027057647705078e+00
-1.133400440216064453e+00
-1.113343358039855957e+00
-1.095701813697814941e+00
-1.078809857368469238e+00
-1.065083265304565430e+00
-1.051642179489135742e+00
-1.034865498542785645e+00
-1.018697381019592285e+00
-1.002722978591918945e+00
-9.869605302810668945e-01
-9.712132215499877930e-01
-9.565085172653198242e-01
-9.460778236389160156e-01
-9.358149766921997070e-01
-9.201714396476745605e-01
-8.986306190490722656e-01
-8.764584660530090332e-01
-8.478987216949462891e-01
-8.175553083419799805e-01
-7.869463562965393066e-01
-7.515123486518859863e-01
-7.125604152679443359e-01
-6.759347319602966309e-01
-6.411769986152648926e-01
-6.065409183502197266e-01
-5.733950138092041016e-01
-5.495247244834899902e-01
-5.268828868865966797e-01
-5.049232244491577148e-01
-4.900538921356201172e-01
-4.787285923957824707e-01
-4.768626689910888672e-01
-4.766884446144104004e-01
-4.726624488830566406e-01
-4.587042331695556641e-01
-4.631105959415435791e-01
-4.741556048393249512e-01
-4.879225492477416992e-01
-5.039786696434020996e-01
-5.225636959075927734e-01
-5.399057269096374512e-01
-5.518443584442138672e-01
-5.542980432510375977e-01
-5.518503189086914062e-01
-5.479615926742553711e-01
-5.454097986221313477e-01
-5.444243550300598145e-01
-5.464804768562316895e-01
-5.448176860809326172e-01
-5.413851737976074219e-01
-5.350258350372314453e-01
-5.244910120964050293e-01
-5.143036842346191406e-01
-5.088629722595214844e-01
-5.077662467956542969e-01
-5.088051557540893555e-01
-5.115563869476318359e-01
-5.148110985755920410e-01
-5.198306441307067871e-01
-5.332553982734680176e-01
-5.444423556327819824e-01
-5.556292533874511719e-01
-5.668160319328308105e-01
-5.735905170440673828e-01
-5.700449943542480469e-01
-5.656303167343139648e-01
-5.614763498306274414e-01
-5.575040578842163086e-01
-5.534645915031433105e-01
-5.512477755546569824e-01
-5.508534908294677734e-01
-5.504584908485412598e-01
-5.500639677047729492e-01
-5.496692657470703125e-01
-7.172044515609741211e-01
-6.998726129531860352e-01
-6.826404333114624023e-01
-6.702622175216674805e-01
-6.576533913612365723e-01
-6.449887752532958984e-01
-6.325946450233459473e-01
-6.223073005676269531e-01
-6.120363473892211914e-01
-6.016466617584228516e-01
-5.934852361679077148e-01
-5.934215784072875977e-01
-5.936185121536254883e-01
-5.938162207603454590e-01
-5.940126776695251465e-01
-5.942105054855346680e-01
-5.977843403816223145e-01
-6.015876531600952148e-01
-6.050102114677429199e-01
-6.069000363349914551e-01
-6.116409897804260254e-01
-6.208130121231079102e-01
-6.298527717590332031e-01
-6.381581425666809082e-01
-6.548097729682922363e-01
-6.758371591567993164e-01
-6.968650817871093750e-01
-7.195622324943542480e-01
-7.535631656646728516e-01
-7.898472547531127930e-01
-8.274900913238525391e-01
-8.657281398773193359e-01
-8.944793939590454102e-01
-9.241542816162109375e-01
-9.543920159339904785e-01
-9.824073314666748047e-01
-1.007693409919738770e+00
-1.035254359245300293e+00
-1.064320802688598633e+00
-1.092383980751037598e+00
-1.113375067710876465e+00
-1.128869414329528809e+00
-1.143553972244262695e+00
-1.158836603164672852e+00
-1.168381929397583008e+00
-1.172937035560607910e+00
-1.177718997001647949e+00
-1.181588649749755859e+00
-1.185009837150573730e+00
-1.181697010993957520e+00
-1.176141142845153809e+00
-1.171227097511291504e+00
-1.162596821784973145e+00
-1.151576161384582520e+00
-1.135108828544616699e+00
-1.115021228790283203e+00
-1.096264362335205078e+00
-1.078640222549438477e+00
-1.058988571166992188e+00
-1.048435568809509277e+00
-1.036399722099304199e+00
-1.017679810523986816e+00
-9.986616373062133789e-01
-9.823905229568481445e-01
-9.666430950164794922e-01
-9.515785574913024902e-01
-9.369345903396606445e-01
-9.224135875701904297e-01
-9.116007089614868164e-01
-9.005976915359497070e-01
-8.810287117958068848e-01
-8.563253283500671387e-01
-8.282707929611206055e-01
-7.978603243827819824e-01
-7.646865844726562500e-01
-7.274852991104125977e-01
-6.885871887207031250e-01
-6.505760550498962402e-01
-6.158182621002197266e-01
-5.827568173408508301e-01
-5.549648404121398926e-01
-5.346493721008300781e-01
-5.164721012115478516e-01
-4.952167868614196777e-01
-4.813098907470703125e-01
-4.725430011749267578e-01
-4.721921682357788086e-01
-4.720179140567779541e-01
-4.673703610897064209e-01
-4.537793397903442383e-01
-4.472950696945190430e-01
-4.586124122142791748e-01
-4.715594351291656494e-01
-4.862484335899353027e-01
-5.014373064041137695e-01
-5.162056088447570801e-01
-5.247551798820495605e-01
-5.271503329277038574e-01
-5.280076861381530762e-01
-5.274757742881774902e-01
-5.299549102783203125e-01
-5.311869382858276367e-01
-5.327945947647094727e-01
-5.322834253311157227e-01
-5.290391445159912109e-01
-5.257738828659057617e-01
-5.217505693435668945e-01
-5.137980580329895020e-01
-5.079355239868164062e-01
-5.067026019096374512e-01
-5.057536959648132324e-01
-5.061284303665161133e-01
-5.088838338851928711e-01
-5.168878436088562012e-01
-5.292428135871887207e-01
-5.404297709465026855e-01
-5.516164898872375488e-01
-5.628035068511962891e-01
-5.696926116943359375e-01
-5.683774948120117188e-01
-5.659893155097961426e-01
-5.618354082107543945e-01
-5.576815605163574219e-01
-5.534754395484924316e-01
-5.494353771209716797e-01
-5.456872582435607910e-01
-5.452930331230163574e-01
-5.448981523513793945e-01
-5.445033311843872070e-01
-7.119786739349365234e-01
-6.946470737457275391e-01
-6.773154139518737793e-01
-6.599826812744140625e-01
-6.426507234573364258e-01
-6.298881769180297852e-01
-6.175700426101684570e-01
-6.051616072654724121e-01
-5.942047834396362305e-01
-5.886154770851135254e-01
-5.831254720687866211e-01
-5.768456459045410156e-01
-5.739370584487915039e-01
-5.741336941719055176e-01
-5.743308663368225098e-01
-5.745281577110290527e-01
-5.747253298759460449e-01
-5.776593089103698730e-01
-5.814625620841979980e-01
-5.852658152580261230e-01
-5.959764122962951660e-01
-6.052938103675842285e-01
-6.135991811752319336e-01
-6.247578859329223633e-01
-6.428942680358886719e-01
-6.639217734336853027e-01
-6.849493980407714844e-01
-7.136044502258300781e-01
-7.472949028015136719e-01
-7.847310900688171387e-01
-8.229395151138305664e-01
-8.572164773941040039e-01
-8.841682672500610352e-01
-9.125699996948242188e-01
-9.372202754020690918e-01
-9.615702629089355469e-01
-9.868096113204956055e-01
-1.012102127075195312e+00
-1.037394881248474121e+00
-1.062608838081359863e+00
-1.079213857650756836e+00
-1.094118714332580566e+00
-1.109118461608886719e+00
-1.122717380523681641e+00
-1.128237962722778320e+00
-1.133030295372009277e+00
-1.139182925224304199e+00
-1.145533919334411621e+00
-1.151727437973022461e+00
-1.155771851539611816e+00
-1.152655839920043945e+00
-1.146621942520141602e+00
-1.140034794807434082e+00
-1.130209088325500488e+00
-1.114084243774414062e+00
-1.095694303512573242e+00
-1.077268481254577637e+00
-1.057076215744018555e+00
-1.043061614036560059e+00
-1.033876657485961914e+00
-1.019827485084533691e+00
-1.000656366348266602e+00
-9.810287952423095703e-01
-9.629068374633789062e-01
-9.468104839324951172e-01
-9.321666955947875977e-01
-9.175227284431457520e-01
-9.028067588806152344e-01
-8.877857327461242676e-01
-8.755812644958496094e-01
-8.606166839599609375e-01
-8.332413434982299805e-01
-8.037734031677246094e-01
-7.738033533096313477e-01
-7.383843064308166504e-01
-7.013019323348999023e-01
-6.636108160018920898e-01
-6.249204874038696289e-01
-5.914428234100341797e-01
-5.608917474746704102e-01
-5.395074486732482910e-01
-5.205381512641906738e-01
-5.034386515617370605e-01
-4.854862689971923828e-01
-4.749237298965454102e-01
-4.687817692756652832e-01
-4.687959849834442139e-01
-4.688102900981903076e-01
-4.669641554355621338e-01
-4.583126306533813477e-01
-4.496608972549438477e-01
-4.515780806541442871e-01
-4.620222151279449463e-01
-4.747413992881774902e-01
-4.865498542785644531e-01
-4.953408241271972656e-01
-5.031990408897399902e-01
-5.053119659423828125e-01
-5.015270709991455078e-01
-5.086162090301513672e-01
-5.159100294113159180e-01
-5.196079015731811523e-01
-5.211027860641479492e-01
-5.208386182785034180e-01
-5.175784230232238770e-01
-5.142942667007446289e-01
-5.144208669662475586e-01
-5.136108398437500000e-01
-5.079711675643920898e-01
-5.056385993957519531e-01
-5.046898126602172852e-01
-5.037406682968139648e-01
-5.034583806991577148e-01
-5.139443874359130859e-01
-5.252301692962646484e-01
-5.364170074462890625e-01
-5.481791496276855469e-01
-5.603728294372558594e-01
-5.669024586677551270e-01
-5.657347440719604492e-01
-5.644317269325256348e-01
-5.621941089630126953e-01
-5.580404400825500488e-01
-5.538867712020874023e-01
-5.495135784149169922e-01
-5.454065203666687012e-01
-5.413668155670166016e-01
-5.397320985794067383e-01
-5.393377542495727539e-01
-7.067530751228332520e-01
-6.894217729568481445e-01
-6.720892190933227539e-01
-6.547569036483764648e-01
-6.374248862266540527e-01
-6.201492547988891602e-01
-6.033494472503662109e-01
-5.929383039474487305e-01
-5.857009291648864746e-01
-5.782814621925354004e-01
-5.724441409111022949e-01
-5.669548511505126953e-01
-5.612097382545471191e-01
-5.549381375312805176e-01
-5.546491742134094238e-01
-5.548463463783264160e-01
-5.550433397293090820e-01
-5.552409291267395020e-01
-5.575339198112487793e-01
-5.645189881324768066e-01
-5.747374296188354492e-01
-5.853449106216430664e-01
-6.001836061477661133e-01
-6.150224208831787109e-01
-6.309370398521423340e-01
-6.515831351280212402e-01
-6.780720353126525879e-01
-7.063888311386108398e-01
-7.402573823928833008e-01
-7.776605486869812012e-01
-8.097169399261474609e-01
-8.419899940490722656e-01
-8.705193400382995605e-01
-8.941866755485534668e-01
-9.182212352752685547e-01
-9.421122074127197266e-01
-9.665958285331726074e-01
-9.913710355758666992e-01
-1.016596198081970215e+00
-1.041845917701721191e+00
-1.056260108947753906e+00
-1.069336056709289551e+00
-1.080449461936950684e+00
-1.084101557731628418e+00
-1.088440060615539551e+00
-1.096144914627075195e+00
-1.103420019149780273e+00
-1.109461307525634766e+00
-1.114988803863525391e+00
-1.121066451072692871e+00
-1.127139091491699219e+00
-1.122402191162109375e+00
-1.116295218467712402e+00
-1.106272578239440918e+00
-1.090094208717346191e+00
-1.071685791015625000e+00
-1.054522991180419922e+00
-1.036955952644348145e+00
-1.027197360992431641e+00
-1.016957879066467285e+00
-1.005312800407409668e+00
-9.844347238540649414e-01
-9.640054106712341309e-01
-9.446644186973571777e-01
-9.285418987274169922e-01
-9.128559827804565430e-01
-8.983459472656250000e-01
-8.831025362014770508e-01
-8.678592443466186523e-01
-8.525366187095642090e-01
-8.343791961669921875e-01
-8.068305253982543945e-01
-7.775084972381591797e-01
-7.468428611755371094e-01
-7.123535275459289551e-01
-6.764153242111206055e-01
-6.405006647109985352e-01
-6.037573814392089844e-01
-5.716618895530700684e-01
-5.459003448486328125e-01
-5.258811116218566895e-01
-5.080226659774780273e-01
-4.912443757057189941e-01
-4.759095311164855957e-01
-4.690936803817749023e-01
-4.662863016128540039e-01
-4.700574874877929688e-01
-4.756095111370086670e-01
-4.740013182163238525e-01
-4.653497636318206787e-01
-4.566981792449951172e-01
-4.492484331130981445e-01
-4.558143019676208496e-01
-4.644114375114440918e-01
-4.713559746742248535e-01
-4.778558611869812012e-01
-4.850732088088989258e-01
-4.876756668090820312e-01
-4.877827763557434082e-01
-4.953995943069458008e-01
-4.982706308364868164e-01
-5.018197298049926758e-01
-5.068533420562744141e-01
-5.099887847900390625e-01
-5.060990452766418457e-01
-5.028148293495178223e-01
-5.048715472221374512e-01
-5.063875913619995117e-01
-5.080066919326782227e-01
-5.045746564865112305e-01
-5.036257505416870117e-01
-5.026765465736389160e-01
-5.045549273490905762e-01
-5.114970207214355469e-01
-5.217071771621704102e-01
-5.339007377624511719e-01
-5.460944175720214844e-01
-5.582880973815917969e-01
-5.641119480133056641e-01
-5.629444122314453125e-01
-5.617766380310058594e-01
-5.604855418205261230e-01
-5.583993196487426758e-01
-5.542457699775695801e-01
-5.500913858413696289e-01
-5.456594228744506836e-01
-5.413776040077209473e-01
-5.373380184173583984e-01
-5.341720581054687500e-01
-7.015273571014404297e-01
-6.841956973075866699e-01
-6.668635606765747070e-01
-6.495317220687866211e-01
-6.326184272766113281e-01
-6.167070865631103516e-01
-6.043081879615783691e-01
-5.918922424316406250e-01
-5.793430805206298828e-01
-5.699158906936645508e-01
-5.625595450401306152e-01
-5.559095144271850586e-01
-5.507836341857910156e-01
-5.452943444252014160e-01
-5.392704606056213379e-01
-5.351644158363342285e-01
-5.353611111640930176e-01
-5.353070497512817383e-01
-5.350944995880126953e-01
-5.431632995605468750e-01
-5.557194948196411133e-01
-5.701773166656494141e-01
-5.846351385116577148e-01
-5.990930795669555664e-01
-6.138856410980224609e-01
-6.405025720596313477e-01
-6.703519225120544434e-01
-6.993697285652160645e-01
-7.296315431594848633e-01
-7.616880536079406738e-01
-7.928059697151184082e-01
-8.229994773864746094e-01
-8.508278727531433105e-01
-8.750459551811218262e-01
-8.990806341171264648e-01
-9.233665466308593750e-01
-9.478502869606018066e-01
-9.723340272903442383e-01
-9.968177080154418945e-01
-1.020392656326293945e+00
-1.033677220344543457e+00
-1.046387314796447754e+00
-1.052540421485900879e+00
-1.057149529457092285e+00
-1.062568068504333496e+00
-1.067692756652832031e+00
-1.071207642555236816e+00
-1.075664162635803223e+00
-1.080846190452575684e+00
-1.086862444877624512e+00
-1.093139529228210449e+00
-1.097187638282775879e+00
-1.091992974281311035e+00
-1.080337285995483398e+00
-1.063593626022338867e+00
-1.045803904533386230e+00
-1.029685854911804199e+00
-1.019175529479980469e+00
-1.011255860328674316e+00
-1.001327514648437500e+00
-9.901169538497924805e-01
-9.708492755889892578e-01
-9.507416486740112305e-01
-9.310543537139892578e-01
-9.135497808456420898e-01
-8.976436853408813477e-01
-8.809865713119506836e-01
-8.648999929428100586e-01
-8.475728034973144531e-01
-8.295953273773193359e-01
-8.073281049728393555e-01
-7.825780510902404785e-01
-7.528439164161682129e-01
-7.201404571533203125e-01
-6.871161460876464844e-01
-6.512814760208129883e-01
-6.160947084426879883e-01
-5.841293334960937500e-01
-5.518863201141357422e-01
-5.321587324142456055e-01
-5.123238563537597656e-01
-4.952881336212158203e-01
-4.794321656227111816e-01
-4.653335809707641602e-01
-4.637350440025329590e-01
-4.694499373435974121e-01
-4.763633310794830322e-01
-4.832767248153686523e-01
-4.807545542716979980e-01
-4.723647236824035645e-01
-4.637353718280792236e-01
-4.550837576389312744e-01
-4.508259892463684082e-01
-4.530135095119476318e-01
-4.560304880142211914e-01
-4.622815847396850586e-01
-4.687817096710205078e-01
-4.761101603507995605e-01
-4.826987385749816895e-01
-4.845852851867675781e-01
-4.851180911064147949e-01
-4.876925945281982422e-01
-4.901502132415771484e-01
-4.927474260330200195e-01
-4.923560619354248047e-01
-4.912118911743164062e-01
-4.935547709465026855e-01
-4.988397955894470215e-01
-5.028947591781616211e-01
-5.045288801193237305e-01
-5.025618076324462891e-01
-5.016129612922668457e-01
-5.068795680999755859e-01
-5.148280858993530273e-01
-5.221005678176879883e-01
-5.318163633346557617e-01
-5.440101027488708496e-01
-5.562033057212829590e-01
-5.613219738006591797e-01
-5.601537227630615234e-01
-5.589862465858459473e-01
-5.578182935714721680e-01
-5.565400123596191406e-01
-5.546047687530517578e-01
-5.504509210586547852e-01
-5.462733507156372070e-01
-5.418065190315246582e-01
-5.373487472534179688e-01
-5.333092212677001953e-01
-6.963022947311401367e-01
-6.789698600769042969e-01
-6.618870496749877930e-01
-6.450878977775573730e-01
-6.319231390953063965e-01
-6.195245385169982910e-01
-6.071233153343200684e-01
-5.945738554000854492e-01
-5.820240378379821777e-01
-5.694739818572998047e-01
-5.569245219230651855e-01
-5.467743873596191406e-01
-5.394185781478881836e-01
-5.336596965789794922e-01
-5.286409258842468262e-01
-5.236312150955200195e-01
-5.161048173904418945e-01
-5.133891701698303223e-01
-5.169311165809631348e-01
-5.277827978134155273e-01
-5.394508242607116699e-01
-5.539090037345886230e-01
-5.683662295341491699e-01
-5.828246474266052246e-01
-5.995540022850036621e-01
-6.276794075965881348e-01
-6.563766598701477051e-01
-6.826500892639160156e-01
-7.127557992935180664e-01
-7.412248849868774414e-01
-7.676295042037963867e-01
-8.017763495445251465e-01
-8.311105370521545410e-01
-8.555856943130493164e-01
-8.799396753311157227e-01
-9.046372175216674805e-01
-9.293090105056762695e-01
-9.539810419082641602e-01
-9.786534309387207031e-01
-1.000598073005676270e+00
-1.013454556465148926e+00
-1.020853877067565918e+00
-1.027093172073364258e+00
-1.032839655876159668e+00
-1.038417696952819824e+00
-1.044016718864440918e+00
-1.049073815345764160e+00
-1.054060101509094238e+00
-1.057743191719055176e+00
-1.062041640281677246e+00
-1.066275596618652344e+00
-1.071083426475524902e+00
-1.069361925125122070e+00
-1.054404497146606445e+00
-1.038391709327697754e+00
-1.023199677467346191e+00
-1.006997466087341309e+00
-9.988671541213989258e-01
-9.921404123306274414e-01
-9.853342771530151367e-01
-9.764961004257202148e-01
-9.567079544067382812e-01
-9.376939535140991211e-01
-9.188135266304016113e-01
-8.995528221130371094e-01
-8.811384439468383789e-01
-8.624637722969055176e-01
-8.435474634170532227e-01
-8.257786631584167480e-01
-8.055950999259948730e-01
-7.818213105201721191e-01
-7.591356635093688965e-01
-7.280083894729614258e-01
-6.937559247016906738e-01
-6.607665419578552246e-01
-6.264925599098205566e-01
-5.945230126380920410e-01
-5.629476308822631836e-01
-5.356909632682800293e-01
-5.161402225494384766e-01
-4.980170726776123047e-01
-4.830617308616638184e-01
-4.709160625934600830e-01
-4.626195430755615234e-01
-4.643929302692413330e-01
-4.738720953464508057e-01
-4.817748665809631348e-01
-4.886883497238159180e-01
-4.857551455497741699e-01
-4.781909584999084473e-01
-4.698010385036468506e-01
-4.604117274284362793e-01
-4.456816911697387695e-01
-4.422312676906585693e-01
-4.446938633918762207e-01
-4.477108716964721680e-01
-4.546057581901550293e-01
-4.719688594341278076e-01
-4.800475835800170898e-01
-4.796035289764404297e-01
-4.763503670692443848e-01
-4.755686521530151367e-01
-4.774357676506042480e-01
-4.794975519180297852e-01
-4.775278568267822266e-01
-4.743338823318481445e-01
-4.788953661918640137e-01
-4.884068965911865234e-01
-4.959022998809814453e-01
-5.012113451957702637e-01
-5.018163919448852539e-01
-5.027788877487182617e-01
-5.107278823852539062e-01
-5.186767578125000000e-01
-5.264083743095397949e-01
-5.315470099449157715e-01
-5.419250726699829102e-01
-5.541185736656188965e-01
-5.585311651229858398e-01
-5.573635697364807129e-01
-5.561959743499755859e-01
-5.550279617309570312e-01
-5.538604259490966797e-01
-5.525943636894226074e-01
-5.508099794387817383e-01
-5.466558933258056641e-01
-5.424196124076843262e-01
-5.379526615142822266e-01
-5.334857702255249023e-01
-6.911565065383911133e-01
-6.743566393852233887e-01
-6.595377922058105469e-01
-6.471385955810546875e-01
-6.347402334213256836e-01
-6.223409175872802734e-01
-6.098049283027648926e-01
-5.972547531127929688e-01
-5.847054123878479004e-01
-5.721552968025207520e-01
-5.596056580543518066e-01
-5.469007492065429688e-01
-5.339706540107727051e-01
-5.227155685424804688e-01
-5.146166682243347168e-01
-5.082448124885559082e-01
-5.020066499710083008e-01
-4.990404844284057617e-01
-5.050764083862304688e-01
-5.157611370086669922e-01
-5.266125202178955078e-01
-5.378124713897705078e-01
-5.524482131004333496e-01
-5.675808787345886230e-01
-5.898945331573486328e-01
-6.103746891021728516e-01
-6.362835764884948730e-01
-6.614657640457153320e-01
-6.850820183753967285e-01
-7.133613824844360352e-01
-7.440120577812194824e-01
-7.828593254089355469e-01
-8.136277198791503906e-01
-8.382911682128906250e-01
-8.629725575447082520e-01
-8.886258602142333984e-01
-9.133470654487609863e-01
-9.380192756652832031e-01
-9.626914262771606445e-01
-9.828175306320190430e-01
-9.934750795364379883e-01
-9.986145496368408203e-01
-1.004857301712036133e+00
-1.010805368423461914e+00
-1.015691876411437988e+00
-1.020834207534790039e+00
-1.025764942169189453e+00
-1.030796051025390625e+00
-1.035941243171691895e+00
-1.041958451271057129e+00
-1.047213196754455566e+00
-1.049867033958435059e+00
-1.048683881759643555e+00
-1.032768130302429199e+00
-1.016597867012023926e+00
-1.001531362533569336e+00
-9.907069206237792969e-01
-9.816091060638427734e-01
-9.729710221290588379e-01
-9.646079540252685547e-01
-9.574384093284606934e-01
-9.432208538055419922e-01
-9.249680042266845703e-01
-9.049255847930908203e-01
-8.832885622978210449e-01
-8.612900972366333008e-01
-8.421576023101806641e-01
-8.240129351615905762e-01
-8.048403859138488770e-01
-7.813231348991394043e-01
-7.575493454933166504e-01
-7.332289218902587891e-01
-7.047172188758850098e-01
-6.694188117980957031e-01
-6.346246004104614258e-01
-6.040599346160888672e-01
-5.734000205993652344e-01
-5.422083735466003418e-01
-5.203450322151184082e-01
-5.009464621543884277e-01
-4.871536493301391602e-01
-4.748730659484863281e-01
-4.666619300842285156e-01
-4.615863859653472900e-01
-4.648345708847045898e-01
-4.764075875282287598e-01
-4.865255951881408691e-01
-4.940998554229736328e-01
-4.898234009742736816e-01
-4.825330376625061035e-01
-4.745636880397796631e-01
-4.601176679134368896e-01
-4.450924396514892578e-01
-4.320597648620605469e-01
-4.324778318405151367e-01
-4.371518492698669434e-01
-4.510668218135833740e-01
-4.642877578735351562e-01
-4.752666354179382324e-01
-4.760318994522094727e-01
-4.715496897697448730e-01
-4.681307673454284668e-01
-4.678794443607330322e-01
-4.676703810691833496e-01
-4.661859571933746338e-01
-4.623493552207946777e-01
-4.651123881340026855e-01
-4.714083969593048096e-01
-4.850265979766845703e-01
-4.955615401268005371e-01
-5.017746686935424805e-01
-5.066277980804443359e-01
-5.145764350891113281e-01
-5.225251913070678711e-01
-5.304738879203796387e-01
-5.343260765075683594e-01
-5.423159599304199219e-01
-5.520343780517578125e-01
-5.557409524917602539e-01
-5.545732975006103516e-01
-5.534057021141052246e-01
-5.522381067276000977e-01
-5.510700345039367676e-01
-5.499023199081420898e-01
-5.486485958099365234e-01
-5.470151901245117188e-01
-5.428608655929565430e-01
-5.385662317276000977e-01
-5.340992212295532227e-01
-6.868832111358642578e-01
-6.747541427612304688e-01
-6.623543500900268555e-01
-6.499558091163635254e-01
-6.375572681427001953e-01
-6.250362396240234375e-01
-6.126051545143127441e-01
-5.999244451522827148e-01
-5.871819257736206055e-01
-5.744394063949584961e-01
-5.616972446441650391e-01
-5.489551424980163574e-01
-5.358422994613647461e-01
-5.222334861755371094e-01
-5.086241960525512695e-01
-4.959685206413269043e-01
-4.930891394615173340e-01
-4.968753457069396973e-01
-5.027547478675842285e-01
-5.080783963203430176e-01
-5.167956352233886719e-01
-5.282703042030334473e-01
-5.394279360771179199e-01
-5.573444962501525879e-01
-5.732328891754150391e-01
-5.913947224617004395e-01
-6.129978895187377930e-01
-6.338995695114135742e-01
-6.570889949798583984e-01
-6.858321428298950195e-01
-7.204704284667968750e-01
-7.601244449615478516e-01
-7.932461500167846680e-01
-8.198226690292358398e-01
-8.462545871734619141e-01
-8.719081282615661621e-01
-8.972338438034057617e-01
-9.220571517944335938e-01
-9.467638134956359863e-01
-9.650948643684387207e-01
-9.713297486305236816e-01
-9.763729572296142578e-01
-9.827959537506103516e-01
-9.893151521682739258e-01
-9.945812225341796875e-01
-9.990875720977783203e-01
-1.003264784812927246e+00
-1.007700562477111816e+00
-1.013093948364257812e+00
-1.019176125526428223e+00
-1.022616147994995117e+00
-1.025853872299194336e+00
-1.024325132369995117e+00
-1.018057942390441895e+00
-1.002725958824157715e+00
-9.878972768783569336e-01
-9.799734354019165039e-01
-9.712638258934020996e-01
-9.603354930877685547e-01
-9.506952762603759766e-01
-9.406611919403076172e-01
-9.241988658905029297e-01
-9.062558412551879883e-01
-8.872287869453430176e-01
-8.657207489013671875e-01
-8.439958095550537109e-01
-8.230023384094238281e-01
-8.034226298332214355e-01
-7.824626564979553223e-01
-7.579661607742309570e-01
-7.332775592803955078e-01
-7.066767811775207520e-01
-6.790840625762939453e-01
-6.464797258377075195e-01
-6.135123968124389648e-01
-5.822868347167968750e-01
-5.522183775901794434e-01
-5.274701118469238281e-01
-5.085278749465942383e-01
-4.914164543151855469e-01
-4.805446267127990723e-01
-4.716243743896484375e-01
-4.643109738826751709e-01
-4.596879780292510986e-01
-4.645640850067138672e-01
-4.761991202831268311e-01
-4.878337383270263672e-01
-4.984327554702758789e-01
-4.938915967941284180e-01
-4.862424135208129883e-01
-4.724105596542358398e-01
-4.584850966930389404e-01
-4.445031285285949707e-01
-4.294777810573577881e-01
-4.218697547912597656e-01
-4.335660040378570557e-01
-4.481099843978881836e-01
-4.613890647888183594e-01
-4.691479802131652832e-01
-4.694935083389282227e-01
-4.669719040393829346e-01
-4.634318351745605469e-01
-4.601998329162597656e-01
-4.601903855800628662e-01
-4.575141072273254395e-01
-4.522529542446136475e-01
-4.539973437786102295e-01
-4.608770608901977539e-01
-4.737244248390197754e-01
-4.850623607635498047e-01
-4.930614829063415527e-01
-5.101883411407470703e-01
-5.184249877929687500e-01
-5.263737440109252930e-01
-5.343226194381713867e-01
-5.371047258377075195e-01
-5.450948476791381836e-01
-5.530846714973449707e-01
-5.529505014419555664e-01
-5.517826080322265625e-01
-5.506154298782348633e-01
-5.494471788406372070e-01
-5.482797622680664062e-01
-5.471122264862060547e-01
-5.459445118904113770e-01
-5.447025299072265625e-01
-5.431720018386840820e-01
-5.390660166740417480e-01
-5.347126126289367676e-01
-6.908718347549438477e-01
-6.790657043457031250e-01
-6.671581268310546875e-01
-6.546263694763183594e-01
-6.419278383255004883e-01
-6.291854381561279297e-01
-6.164432764053344727e-01
-6.037009954452514648e-01
-5.909584164619445801e-01
-5.782160162925720215e-01
-5.653524398803710938e-01
-5.517436265945434570e-01
-5.381348729133605957e-01
-5.245250463485717773e-01
-5.128419399261474609e-01
-5.038533210754394531e-01
-4.969837069511413574e-01
-4.955561161041259766e-01
-5.010313987731933594e-01
-5.067833065986633301e-01
-5.126414895057678223e-01
-5.188837051391601562e-01
-5.274700522422790527e-01
-5.402609705924987793e-01
-5.532363057136535645e-01
-5.658446550369262695e-01
-5.854316949844360352e-01
-6.063336133956909180e-01
-6.295597553253173828e-01
-6.586009860038757324e-01
-6.975276470184326172e-01
-7.373889684677124023e-01
-7.712101340293884277e-01
-7.977868318557739258e-01
-8.248134851455688477e-01
-8.523796796798706055e-01
-8.797978162765502930e-01
-9.062038064002990723e-01
-9.324626326560974121e-01
-9.440211653709411621e-01
-9.491076469421386719e-01
-9.541221857070922852e-01
-9.607341289520263672e-01
-9.673464894294738770e-01
-9.730855226516723633e-01
-9.778535366058349609e-01
-9.824208021163940430e-01
-9.869841337203979492e-01
-9.908282756805419922e-01
-9.932569265365600586e-01
-9.960956573486328125e-01
-9.992768764495849609e-01
-9.969327449798583984e-01
-9.916652441024780273e-01
-9.855546951293945312e-01
-9.776250123977661133e-01
-9.727882146835327148e-01
-9.664447903633117676e-01
-9.567542672157287598e-01
-9.454131722450256348e-01
-9.305411577224731445e-01
-9.121899604797363281e-01
-8.899929523468017578e-01
-8.685941100120544434e-01
-8.480560779571533203e-01
-8.263297080993652344e-01
-8.044281601905822754e-01
-7.839795351028442383e-01
-7.591658830642700195e-01
-7.338200807571411133e-01
-7.080352902412414551e-01
-6.798559427261352539e-01
-6.525318622589111328e-01
-6.251619458198547363e-01
-5.955318808555603027e-01
-5.649275779724121094e-01
-5.364580154418945312e-01
-5.175525546073913574e-01
-5.000747442245483398e-01
-4.855307936668395996e-01
-4.769865870475769043e-01
-4.690213799476623535e-01
-4.624661803245544434e-01
-4.577896296977996826e-01
-4.642960727214813232e-01
-4.759308695793151855e-01
-4.875655174255371094e-01
-4.991986751556396484e-01
-4.955544471740722656e-01
-4.824362993240356445e-01
-4.693143069744110107e-01
-4.561374187469482422e-01
-4.422121047973632812e-01
-4.282867014408111572e-01
-4.227235317230224609e-01
-4.319728016853332520e-01
-4.451531469821929932e-01
-4.586501717567443848e-01
-4.644378721714019775e-01
-4.645937085151672363e-01
-4.606036543846130371e-01
-4.571886956691741943e-01
-4.543669223785400391e-01
-4.517121911048889160e-01
-4.501188993453979492e-01
-4.456895291805267334e-01
-4.474140405654907227e-01
-4.535835981369018555e-01
-4.646129012107849121e-01
-4.775048494338989258e-01
-4.881256818771362305e-01
-5.034222006797790527e-01
-5.187610387802124023e-01
-5.296155810356140137e-01
-5.381709933280944824e-01
-5.398833751678466797e-01
-5.478734970092773438e-01
-5.558636784553527832e-01
-5.539551973342895508e-01
-5.489923954010009766e-01
-5.478249788284301758e-01
-5.466570854187011719e-01
-5.454893708229064941e-01
-5.443215370178222656e-01
-5.431535243988037109e-01
-5.419861078262329102e-01
-5.407570600509643555e-01
-5.392340421676635742e-01
-5.352711677551269531e-01
-6.935443878173828125e-01
-6.820993423461914062e-01
-6.704680919647216797e-01
-6.581902503967285156e-01
-6.457040309906005859e-01
-6.329615712165832520e-01
-6.202191710472106934e-01
-6.074767708778381348e-01
-5.947343111038208008e-01
-5.812536478042602539e-01
-5.676448941230773926e-01
-5.540357828140258789e-01
-5.404264926910400391e-01
-5.308987498283386230e-01
-5.219098925590515137e-01
-5.129215717315673828e-01
-5.101085305213928223e-01
-5.084015727043151855e-01
-5.066950321197509766e-01
-5.056827068328857422e-01
-5.074084997177124023e-01
-5.097293853759765625e-01
-5.159136056900024414e-01
-5.194450616836547852e-01
-5.279886722564697266e-01
-5.395689606666564941e-01
-5.572441816329956055e-01
-5.789204835891723633e-01
-6.020308732986450195e-01
-6.350593566894531250e-01
-6.747927665710449219e-01
-7.146539688110351562e-01
-7.491744756698608398e-01
-7.757511734962463379e-01
-8.029936552047729492e-01
-8.306990861892700195e-01
-8.591151237487792969e-01
-8.885154724121093750e-01
-9.123066663742065430e-01
-9.215829968452453613e-01
-9.268549084663391113e-01
-9.320607781410217285e-01
-9.386727809906005859e-01
-9.454730153083801270e-01
-9.517803788185119629e-01
-9.566607475280761719e-01
-9.616717696189880371e-01
-9.643416404724121094e-01
-9.663243889808654785e-01
-9.687529802322387695e-01
-9.711815714836120605e-01
-9.718273878097534180e-01
-9.667617082595825195e-01
-9.627611041069030762e-01
-9.617787599563598633e-01
-9.642603397369384766e-01
-9.611924886703491211e-01
-9.559689164161682129e-01
-9.499703645706176758e-01
-9.400163888931274414e-01
-9.273061156272888184e-01
-9.091275930404663086e-01
-8.843815922737121582e-01
-8.594875335693359375e-01
-8.350605964660644531e-01
-8.124095201492309570e-01
-7.914811372756958008e-01
-7.653155326843261719e-01
-7.375507950782775879e-01
-7.107587456703186035e-01
-6.814592480659484863e-01
-6.532936096191406250e-01
-6.263350844383239746e-01
-6.074858307838439941e-01
-5.813044309616088867e-01
-5.516091585159301758e-01
-5.286672711372375488e-01
-5.121815204620361328e-01
-4.955357909202575684e-01
-4.819521903991699219e-01
-4.733957946300506592e-01
-4.664183855056762695e-01
-4.606213271617889404e-01
-4.558911919593811035e-01
-4.640278518199920654e-01
-4.756627082824707031e-01
-4.872975349426269531e-01
-4.978078603744506836e-01
-4.888855218887329102e-01
-4.776760935783386230e-01
-4.645540416240692139e-01
-4.514319002628326416e-01
-4.383100271224975586e-01
-4.322957992553710938e-01
-4.308154881000518799e-01
-4.313154816627502441e-01
-4.427239000797271729e-01
-4.559113383293151855e-01
-4.597088694572448730e-01
-4.615792036056518555e-01
-4.596669673919677734e-01
-4.521301984786987305e-01
-4.475292861461639404e-01
-4.455668330192565918e-01
-4.448801577091217041e-01
-4.399063289165496826e-01
-4.417768716812133789e-01
-4.470890760421752930e-01
-4.581761956214904785e-01
-4.703917205333709717e-01
-4.843931198120117188e-01
-4.997364282608032227e-01
-5.163406133651733398e-01
-5.302283763885498047e-01
-5.391656756401062012e-01
-5.417379736900329590e-01
-5.506526231765747070e-01
-5.586426258087158203e-01
-5.560285449028015137e-01
-5.506569147109985352e-01
-5.454470515251159668e-01
-5.438668131828308105e-01
-5.426992774009704590e-01
-5.415310859680175781e-01
-5.403640270233154297e-01
-5.392861366271972656e-01
-5.382872223854064941e-01
-5.372393131256103516e-01
-5.358853936195373535e-01
-6.934404373168945312e-01
-6.819950342178344727e-01
-6.704730987548828125e-01
-6.588765382766723633e-01
-6.472808122634887695e-01
-6.356841921806335449e-01
-6.237292289733886719e-01
-6.107640862464904785e-01
-5.971552133560180664e-01
-5.835456848144531250e-01
-5.699365139007568359e-01
-5.579437017440795898e-01
-5.489550828933715820e-01
-5.399666428565979004e-01
-5.309779047966003418e-01
-5.249396562576293945e-01
-5.232322812080383301e-01
-5.215263962745666504e-01
-5.190033316612243652e-01
-5.110449194908142090e-01
-5.040855407714843750e-01
-5.013121366500854492e-01
-5.010066032409667969e-01
-5.034917593002319336e-01
-5.080801248550415039e-01
-5.152132511138916016e-01
-5.282276868820190430e-01
-5.504223108291625977e-01
-5.733758211135864258e-01
-6.115397214889526367e-01
-6.517615318298339844e-01
-6.918823719024658203e-01
-7.271384596824645996e-01
-7.537150979042053223e-01
-7.816742658615112305e-01
-8.106058239936828613e-01
-8.407068848609924316e-01
-8.669735193252563477e-01
-8.861474394798278809e-01
-8.936761617660522461e-01
-9.010562300682067871e-01
-9.087244272232055664e-01
-9.170994758605957031e-01
-9.239385128021240234e-01
-9.303122758865356445e-01
-9.354095458984375000e-01
-9.375866651535034180e-01
-9.394577741622924805e-01
-9.418205618858337402e-01
-9.442492723464965820e-01
-9.464893937110900879e-01
-9.434723854064941406e-01
-9.394254684448242188e-01
-9.364715814590454102e-01
-9.395397305488586426e-01
-9.451450109481811523e-01
-9.441393017768859863e-01
-9.390286803245544434e-01
-9.350185394287109375e-01
-9.294530153274536133e-01
-9.187235832214355469e-01
-9.038066864013671875e-01
-8.817424774169921875e-01
-8.582397699356079102e-01
-8.334939479827880859e-01
-8.087483048439025879e-01
-7.826925516128540039e-01
-7.525146007537841797e-01
-7.234771847724914551e-01
-6.924166083335876465e-01
-6.601551771163940430e-01
-6.324114799499511719e-01
-6.110570430755615234e-01
-5.897659063339233398e-01
-5.676224231719970703e-01
-5.408368706703186035e-01
-5.256613492965698242e-01
-5.098028182983398438e-01
-4.931343793869018555e-01
-4.791207313537597656e-01
-4.696671962738037109e-01
-4.635172486305236816e-01
-4.587765634059906006e-01
-4.539928138256072998e-01
-4.637598097324371338e-01
-4.753946661949157715e-01
-4.868204593658447266e-01
-4.900622963905334473e-01
-4.808582067489624023e-01
-4.713892936706542969e-01
-4.597938954830169678e-01
-4.466718137264251709e-01
-4.389055669307708740e-01
-4.374774396419525146e-01
-4.360492229461669922e-01
-4.342184662818908691e-01
-4.394362866878509521e-01
-4.531548023223876953e-01
-4.549639523029327393e-01
-4.568345546722412109e-01
-4.569917917251586914e-01
-4.530866146087646484e-01
-4.462905228137969971e-01
-4.411937296390533447e-01
-4.387186467647552490e-01
-4.340766668319702148e-01
-4.362466335296630859e-01
-4.415097832679748535e-01
-4.526444077491760254e-01
-4.642314612865447998e-01
-4.835723638534545898e-01
-4.982756972312927246e-01
-5.112938880920410156e-01
-5.286540985107421875e-01
-5.409511923789978027e-01
-5.432032346725463867e-01
-5.512322187423706055e-01
-5.605636835098266602e-01
-5.586565732955932617e-01
-5.534536838531494141e-01
-5.482511520385742188e-01
-5.432138442993164062e-01
-5.411387681961059570e-01
-5.401397943496704102e-01
-5.391408801078796387e-01
-5.381416678428649902e-01
-5.371425151824951172e-01
-5.361441373825073242e-01
-5.351383686065673828e-01
-6.933361291885375977e-01
-6.818286776542663574e-01
-6.702325344085693359e-01
-6.586366295814514160e-01
-6.470410227775573730e-01
-6.352048516273498535e-01
-6.227417588233947754e-01
-6.101156473159790039e-01
-5.972471833229064941e-01
-5.843788385391235352e-01
-5.752820372581481934e-01
-5.669879913330078125e-01
-5.580227971076965332e-01
-5.490349531173706055e-01
-5.400458574295043945e-01
-5.380640625953674316e-01
-5.363574028015136719e-01
-5.302718877792358398e-01
-5.223034024238586426e-01
-5.129287242889404297e-01
-5.056198239326477051e-01
-4.989735484123229980e-01
-4.936534166336059570e-01
-4.920791983604431152e-01
-4.940133690834045410e-01
-4.979614615440368652e-01
-5.045456886291503906e-01
-5.217837095260620117e-01
-5.469747781753540039e-01
-5.871918201446533203e-01
-6.275787353515625000e-01
-6.679663658142089844e-01
-7.046550512313842773e-01
-7.322941422462463379e-01
-7.620000839233398438e-01
-7.921976447105407715e-01
-8.203541040420532227e-01
-8.409678339958190918e-01
-8.584886789321899414e-01
-8.660674095153808594e-01
-8.736404180526733398e-01
-8.818323612213134766e-01
-8.908402919769287109e-01
-8.995104432106018066e-01
-9.068847298622131348e-01
-9.104776382446289062e-01
-9.123491644859313965e-01
-9.142727851867675781e-01
-9.172020554542541504e-01
-9.196727871894836426e-01
-9.203469753265380859e-01
-9.155824780464172363e-01
-9.138349294662475586e-01
-9.125043749809265137e-01
-9.167706370353698730e-01
-9.207364916801452637e-01
-9.247025847434997559e-01
-9.210389852523803711e-01
-9.168494939804077148e-01
-9.118124842643737793e-01
-9.048849344253540039e-01
-8.930499553680419922e-01
-8.739655017852783203e-01
-8.533949851989746094e-01
-8.313308358192443848e-01
-8.073521852493286133e-01
-7.800874710083007812e-01
-7.488278746604919434e-01
-7.166988253593444824e-01
-6.861021518707275391e-01
-6.541168093681335449e-01
-6.268972158432006836e-01
-6.013227701187133789e-01
-5.769074559211730957e-01
-5.568463802337646484e-01
-5.404165387153625488e-01
-5.227643251419067383e-01
-5.070235729217529297e-01
-4.921850562095642090e-01
-4.795967936515808105e-01
-4.666212201118469238e-01
-4.603520929813385010e-01
-4.569317698478698730e-01
-4.520969688892364502e-01
-4.634917378425598145e-01
-4.748166799545288086e-01
-4.807383418083190918e-01
-4.820352196693420410e-01
-4.728311300277709961e-01
-4.636269509792327881e-01
-4.538357257843017578e-01
-4.455150961875915527e-01
-4.440868794918060303e-01
-4.426588416099548340e-01
-4.412307441234588623e-01
-4.390486776828765869e-01
-4.365326166152954102e-01
-4.455357193946838379e-01
-4.482821822166442871e-01
-4.521457552909851074e-01
-4.557787477970123291e-01
-4.548748731613159180e-01
-4.482777118682861328e-01
-4.414813220500946045e-01
-4.350060224533081055e-01
-4.279631078243255615e-01
-4.300893843173980713e-01
-4.358064532279968262e-01
-4.477826952934265137e-01
-4.626187682151794434e-01
-4.815728664398193359e-01
-4.996246099472045898e-01
-5.134574174880981445e-01
-5.278556346893310547e-01
-5.433841943740844727e-01
-5.466274023056030273e-01
-5.531272888183593750e-01
-5.625361204147338867e-01
-5.599291324615478516e-01
-5.552124381065368652e-01
-5.515851974487304688e-01
-5.466443300247192383e-01
-5.417346358299255371e-01
-5.389951467514038086e-01
-5.379961133003234863e-01
-5.369973182678222656e-01
-5.359982252120971680e-01
-5.344851613044738770e-01
-5.322360992431640625e-01
-6.931841969490051270e-01
-6.815882921218872070e-01
-6.699923872947692871e-01
-6.583958864212036133e-01
-6.459427475929260254e-01
-6.334801316261291504e-01
-6.210173964500427246e-01
-6.085548996925354004e-01
-5.973986983299255371e-01
-5.891829133033752441e-01
-5.809349417686462402e-01
-5.726872682571411133e-01
-5.644394755363464355e-01
-5.561911463737487793e-01
-5.517252087593078613e-01
-5.490692853927612305e-01
-5.415301918983459473e-01
-5.329935550689697266e-01
-5.206407904624938965e-01
-5.115132927894592285e-01
-5.048671960830688477e-01
-4.989232420921325684e-01
-4.946431517601013184e-01
-4.910832047462463379e-01
-4.886634349822998047e-01
-4.878204464912414551e-01
-4.897989630699157715e-01
-5.005781054496765137e-01
-5.230466127395629883e-01
-5.628436803817749023e-01
-6.032309532165527344e-01
-6.442236304283142090e-01
-6.819864511489868164e-01
-7.118087410926818848e-01
-7.424362301826477051e-01
-7.718786001205444336e-01
-7.948321104049682617e-01
-8.151440620422363281e-01
-8.310786485671997070e-01
-8.386516571044921875e-01
-8.462244272232055664e-01
-8.546191453933715820e-01
-8.638120889663696289e-01
-8.709201812744140625e-01
-8.759506940841674805e-01
-8.811480402946472168e-01
-8.852469921112060547e-01
-8.895755410194396973e-01
-8.925044536590576172e-01
-8.935937881469726562e-01
-8.927567005157470703e-01
-8.886491656303405762e-01
-8.858782052993774414e-01
-8.881317377090454102e-01
-8.920977711677551270e-01
-8.960636854171752930e-01
-9.007402658462524414e-01
-9.049071073532104492e-01
-8.994162678718566895e-01
-8.932445645332336426e-01
-8.863886594772338867e-01
-8.782750964164733887e-01
-8.608919978141784668e-01
-8.424687385559082031e-01
-8.233325481414794922e-01
-8.024128675460815430e-01
-7.761047482490539551e-01
-7.477573156356811523e-01
-7.163465619087219238e-01
-6.848109960556030273e-01
-6.588416099548339844e-01
-6.336184740066528320e-01
-6.054538488388061523e-01
-5.790101885795593262e-01
-5.572515726089477539e-01
-5.440435409545898438e-01
-5.250097513198852539e-01
-5.067541003227233887e-01
-4.930399656295776367e-01
-4.813280701637268066e-01
-4.682506918907165527e-01
-4.588813185691833496e-01
-4.542212486267089844e-01
-4.516428709030151367e-01
-4.628129899501800537e-01
-4.690549969673156738e-01
-4.740544557571411133e-01
-4.740078449249267578e-01
-4.648038148880004883e-01
-4.555998444557189941e-01
-4.482467174530029297e-01
-4.498268067836761475e-01
-4.492684602737426758e-01
-4.478405117988586426e-01
-4.463867247104644775e-01
-4.438758194446563721e-01
-4.414607286453247070e-01
-4.393748939037322998e-01
-4.423699378967285156e-01
-4.465192258358001709e-01
-4.514049589633941650e-01
-4.535585939884185791e-01
-4.506518244743347168e-01
-4.447826743125915527e-01
-4.381553530693054199e-01
-4.283871054649353027e-01
-4.261294901371002197e-01
-4.311778545379638672e-01
-4.430125057697296143e-01
-4.609536528587341309e-01
-4.810047149658203125e-01
-4.999424219131469727e-01
-5.153409242630004883e-01
-5.288884639739990234e-01
-5.448756217956542969e-01
-5.538354516029357910e-01
-5.562477111816406250e-01
-5.644320249557495117e-01
-5.611191987991333008e-01
-5.571664571762084961e-01
-5.532140731811523438e-01
-5.483828186988830566e-01
-5.442115664482116699e-01
-5.394445061683654785e-01
-5.363026261329650879e-01
-5.348606109619140625e-01
-5.333006381988525391e-01
-5.309623479843139648e-01
-5.280474424362182617e-01
-6.929445266723632812e-01
-6.813483238220214844e-01
-6.691442728042602539e-01
-6.566814184188842773e-01
-6.442187428474426270e-01
-6.317558288574218750e-01
-6.192928552627563477e-01
-6.102929711341857910e-01
-6.024504303932189941e-01
-5.946077704429626465e-01
-5.865883827209472656e-01
-5.783404707908630371e-01
-5.700926184654235840e-01
-5.623996853828430176e-01
-5.561719536781311035e-01
-5.489446520805358887e-01
-5.394278764724731445e-01
-5.259564518928527832e-01
-5.157843828201293945e-01
-5.098792314529418945e-01
-5.044006705284118652e-01
-4.998729825019836426e-01
-4.961175322532653809e-01
-4.925639033317565918e-01
-4.892593026161193848e-01
-4.865142107009887695e-01
-4.857122302055358887e-01
-4.889583587646484375e-01
-5.094493031501770020e-01
-5.421296358108520508e-01
-5.798495411872863770e-01
-6.212319731712341309e-01
-6.616106033325195312e-01
-6.918139457702636719e-01
-7.222435474395751953e-01
-7.471538782119750977e-01
-7.677756547927856445e-01
-7.882508039474487305e-01
-8.029019832611083984e-01
-8.107617497444152832e-01
-8.185939192771911621e-01
-8.274060487747192383e-01
-8.340525627136230469e-01
-8.397781252861022949e-01
-8.455734848976135254e-01
-8.510341048240661621e-01
-8.557046651840209961e-01
-8.595763444900512695e-01
-8.624809980392456055e-01
-8.645415306091308594e-01
-8.625501394271850586e-01
-8.594333529472351074e-01
-8.583992719650268555e-01
-8.634586334228515625e-01
-8.674248456954956055e-01
-8.719033598899841309e-01
-8.769729733467102051e-01
-8.813764452934265137e-01
-8.825262784957885742e-01
-8.760910630226135254e-01
-8.690267801284790039e-01
-8.619016408920288086e-01
-8.456429243087768555e-01
-8.276706933975219727e-01
-8.113125562667846680e-01
-7.934247255325317383e-01
-7.703958749771118164e-01
-7.451416254043579102e-01
-7.153363227844238281e-01
-6.872060894966125488e-01
-6.625306606292724609e-01
-6.396442055702209473e-01
-6.159154772758483887e-01
-5.916472673416137695e-01
-5.739864110946655273e-01
-5.578379631042480469e-01
-5.385328531265258789e-01
-5.146901011466979980e-01
-4.982476830482482910e-01
-4.851177334785461426e-01
-4.719440340995788574e-01
-4.612928628921508789e-01
-4.548392295837402344e-01
-4.524444639682769775e-01
-4.587284922599792480e-01
-4.631574153900146484e-01
-4.676580131053924561e-01
-4.662398099899291992e-01
-4.572045505046844482e-01
-4.485627114772796631e-01
-4.509266018867492676e-01
-4.535854160785675049e-01
-4.550119638442993164e-01
-4.542937278747558594e-01
-4.526576995849609375e-01
-4.509218335151672363e-01
-4.495498836040496826e-01
-4.421996176242828369e-01
-4.382701516151428223e-01
-4.414926171302795410e-01
-4.461267590522766113e-01
-4.510757923126220703e-01
-4.517406225204467773e-01
-4.460481405258178711e-01
-4.402240514755249023e-01
-4.322223961353302002e-01
-4.278700351715087891e-01
-4.279246926307678223e-01
-4.399532079696655273e-01
-4.595142900943756104e-01
-4.789407253265380859e-01
-4.983774423599243164e-01
-5.182079076766967773e-01
-5.310570001602172852e-01
-5.456701517105102539e-01
-5.560103058815002441e-01
-5.635949373245239258e-01
-5.703786015510559082e-01
-5.638363361358642578e-01
-5.583565831184387207e-01
-5.544036626815795898e-01
-5.504513978958129883e-01
-5.464259386062622070e-01
-5.406584739685058594e-01
-5.351083278656005859e-01
-5.286872386932373047e-01
-5.241277217864990234e-01
-5.190837383270263672e-01
-5.140635967254638672e-01
-6.923454999923706055e-01
-6.798830628395080566e-01
-6.674197912216186523e-01
-6.549568176269531250e-01
-6.424943208694458008e-01
-6.310290694236755371e-01
-6.231868267059326172e-01
-6.153439879417419434e-01
-6.075018048286437988e-01
-5.996595025062561035e-01
-5.918172001838684082e-01
-5.839747786521911621e-01
-5.731725692749023438e-01
-5.632755756378173828e-01
-5.547701120376586914e-01
-5.429520010948181152e-01
-5.294800400733947754e-01
-5.175226926803588867e-01
-5.116174817085266113e-01
-5.058634877204895020e-01
-5.015471577644348145e-01
-4.983369112014770508e-01
-4.955242276191711426e-01
-4.927335977554321289e-01
-4.906878471374511719e-01
-4.884945154190063477e-01
-4.857083559036254883e-01
-4.898484945297241211e-01
-5.091359615325927734e-01
-5.341873168945312500e-01
-5.636622905731201172e-01
-6.017990708351135254e-01
-6.416895389556884766e-01
-6.723200082778930664e-01
-6.992617249488830566e-01
-7.198835611343383789e-01
-7.404097914695739746e-01
-7.608613967895507812e-01
-7.738730907440185547e-01
-7.821778655052185059e-01
-7.900459766387939453e-01
-7.964471578598022461e-01
-8.028180003166198730e-01
-8.087952733039855957e-01
-8.148680925369262695e-01
-8.206967711448669434e-01
-8.251087665557861328e-01
-8.269320726394653320e-01
-8.285152912139892578e-01
-8.292585611343383789e-01
-8.274452090263366699e-01
-8.265322446823120117e-01
-8.322298526763916016e-01
-8.387858271598815918e-01
-8.430662155151367188e-01
-8.481357097625732422e-01
-8.525568842887878418e-01
-8.568385243415832520e-01
-8.611199855804443359e-01
-8.589375615119934082e-01
-8.518735766410827637e-01
-8.448091745376586914e-01
-8.330513238906860352e-01
-8.181018829345703125e-01
-8.016275763511657715e-01
-7.808663249015808105e-01
-7.591625452041625977e-01
-7.340204715728759766e-01
-7.108781337738037109e-01
-6.913810968399047852e-01
-6.683691740036010742e-01
-6.457919478416442871e-01
-6.239134669303894043e-01
-6.055659651756286621e-01
-5.912806987762451172e-01
-5.754292011260986328e-01
-5.584853887557983398e-01
-5.370165705680847168e-01
-5.169635415077209473e-01
-4.994415640830993652e-01
-4.833102822303771973e-01
-4.689821600914001465e-01
-4.600824713706970215e-01
-4.527635574340820312e-01
-4.569208025932312012e-01
-4.608865082263946533e-01
-4.651130437850952148e-01
-4.619591534137725830e-01
-4.523347914218902588e-01
-4.527505934238433838e-01
-4.548200666904449463e-01
-4.571457207202911377e-01
-4.598044455051422119e-01
-4.614639878273010254e-01
-4.606632590293884277e-01
-4.592911601066589355e-01
-4.567314088344573975e-01
-4.485980868339538574e-01
-4.364342093467712402e-01
-4.373927116394042969e-01
-4.407851099967956543e-01
-4.457341730594635010e-01
-4.490049481391906738e-01
-4.471147358417510986e-01
-4.414444565773010254e-01
-4.344057142734527588e-01
-4.302952587604522705e-01
-4.292576611042022705e-01
-4.396300911903381348e-01
-4.588689506053924561e-01
-4.776775240898132324e-01
-4.967359900474548340e-01
-5.157946348190307617e-01
-5.332430601119995117e-01
-5.475834608078002930e-01
-5.575177073478698730e-01
-5.651860833168029785e-01
-5.770198106765747070e-01
-5.705081224441528320e-01
-5.639960765838623047e-01
-5.571122169494628906e-01
-5.488748550415039062e-01
-5.416491031646728516e-01
-5.345076322555541992e-01
-5.273653268814086914e-01
-5.187096595764160156e-01
-5.091572999954223633e-01
-5.044350028038024902e-01
-4.994148612022399902e-01
-6.906210780143737793e-01
-6.781579852104187012e-01
-6.656951904296875000e-01
-6.532330513000488281e-01
-6.439231038093566895e-01
-6.360806226730346680e-01
-6.282378435134887695e-01
-6.203958392143249512e-01
-6.125535368919372559e-01
-6.047111153602600098e-01
-5.968533158302307129e-01
-5.828801989555358887e-01
-5.696436166763305664e-01
-5.598649382591247559e-01
-5.464765429496765137e-01
-5.330030918121337891e-01
-5.193548202514648438e-01
-5.133554935455322266e-01
-5.074499845504760742e-01
-5.026212334632873535e-01
-4.993670582771301270e-01
-4.964036941528320312e-01
-4.935907125473022461e-01
-4.913402795791625977e-01
-4.892942905426025391e-01
-4.872490167617797852e-01
-4.857682585716247559e-01
-4.949138164520263672e-01
-5.105316638946533203e-01
-5.367393493652343750e-01
-5.655484199523925781e-01
-5.940532684326171875e-01
-6.257210969924926758e-01
-6.508693695068359375e-01
-6.719912886619567871e-01
-6.925944089889526367e-01
-7.132970094680786133e-01
-7.339904308319091797e-01
-7.455810904502868652e-01
-7.525143027305603027e-01
-7.576883435249328613e-01
-7.642919421195983887e-01
-7.706967592239379883e-01
-7.770227789878845215e-01
-7.831990718841552734e-01
-7.871608138084411621e-01
-7.898389101028442383e-01
-7.916412353515625000e-01
-7.924587726593017578e-01
-7.928912639617919922e-01
-7.921115756034851074e-01
-7.937164306640625000e-01
-8.020093441009521484e-01
-8.101410865783691406e-01
-8.171238303184509277e-01
-8.234758973121643066e-01
-8.280192017555236816e-01
-8.323007822036743164e-01
-8.365823030471801758e-01
-8.395096063613891602e-01
-8.370023965835571289e-01
-8.325588703155517578e-01
-8.226752281188964844e-01
-8.098905086517333984e-01
-7.921704649925231934e-01
-7.697880864143371582e-01
-7.454252839088439941e-01
-7.228589057922363281e-01
-7.064979076385498047e-01
-6.891595125198364258e-01
-6.701802611351013184e-01
-6.518858671188354492e-01
-6.317442655563354492e-01
-6.190043091773986816e-01
-6.071979999542236328e-01
-5.941646695137023926e-01
-5.800265073776245117e-01
-5.633553266525268555e-01
-5.416399240493774414e-01
-5.210514068603515625e-01
-5.043680071830749512e-01
-4.896918535232543945e-01
-4.720870256423950195e-01
-4.615154862403869629e-01
-4.603902101516723633e-01
-4.618757069110870361e-01
-4.646240174770355225e-01
-4.599038958549499512e-01
-4.578188955783843994e-01
-4.588502943515777588e-01
-4.608733057975769043e-01
-4.634124040603637695e-01
-4.664888381958007812e-01
-4.693987369537353516e-01
-4.695017337799072266e-01
-4.676606059074401855e-01
-4.631295204162597656e-01
-4.549961686134338379e-01
-4.427714347839355469e-01
-4.337810277938842773e-01
-4.365153014659881592e-01
-4.403926134109497070e-01
-4.453415870666503906e-01
-4.465126693248748779e-01
-4.418525695800781250e-01
-4.365889430046081543e-01
-4.326780438423156738e-01
-4.318663477897644043e-01
-4.436968564987182617e-01
-4.584396779537200928e-01
-4.761756658554077148e-01
-4.950311183929443359e-01
-5.145314335823059082e-01
-5.335894823074340820e-01
-5.476740002632141113e-01
-5.594953298568725586e-01
-5.660014152526855469e-01
-5.779843330383300781e-01
-5.722200870513916016e-01
-5.630810260772705078e-01
-5.533797740936279297e-01
-5.436785817146301270e-01
-5.337901115417480469e-01
-5.248612165451049805e-01
-5.169258117675781250e-01
-5.083473920822143555e-01
-5.002977848052978516e-01
-4.914698600769042969e-01
-4.848558902740478516e-01
-6.888965964317321777e-01
-6.764341592788696289e-01
-6.646596789360046387e-01
-6.568168997764587402e-01
-6.489742994308471680e-01
-6.411321759223937988e-01
-6.332898139953613281e-01
-6.254474520683288574e-01
-6.175933480262756348e-01
-6.063060760498046875e-01
-5.922021269798278809e-01
-5.761116147041320801e-01
-5.625733733177185059e-01
-5.495896935462951660e-01
-5.365211963653564453e-01
-5.228784084320068359e-01
-5.150938630104064941e-01
-5.091884136199951172e-01
-5.040068030357360840e-01
-5.004417300224304199e-01
-4.972826242446899414e-01
-4.944700598716735840e-01
-4.919922947883605957e-01
-4.899466633796691895e-01
-4.880967736244201660e-01
-4.866697788238525391e-01
-4.896219372749328613e-01
-4.995466470718383789e-01
-5.148697495460510254e-01
-5.395642518997192383e-01
-5.668073892593383789e-01
-5.960509777069091797e-01
-6.236718893051147461e-01
-6.352388858795166016e-01
-6.482078433036804199e-01
-6.660116314888000488e-01
-6.867047548294067383e-01
-7.073986530303955078e-01
-7.147797346115112305e-01
-7.201567292213439941e-01
-7.253430485725402832e-01
-7.321311235427856445e-01
-7.382164001464843750e-01
-7.436014413833618164e-01
-7.472146749496459961e-01
-7.492886781692504883e-01
-7.515769600868225098e-01
-7.542517185211181641e-01
-7.562378644943237305e-01
-7.567316293716430664e-01
-7.564679384231567383e-01
-7.628728747367858887e-01
-7.714793086051940918e-01
-7.810884118080139160e-01
-7.876409888267517090e-01
-7.938359975814819336e-01
-8.000306487083435059e-01
-8.065226078033447266e-01
-8.149293065071105957e-01
-8.205432891845703125e-01
-8.260958790779113770e-01
-8.219158649444580078e-01
-8.132755756378173828e-01
-8.000415563583374023e-01
-7.825251221656799316e-01
-7.598640918731689453e-01
-7.381854653358459473e-01
-7.213965654373168945e-01
-7.037732601165771484e-01
-6.852715611457824707e-01
-6.673473119735717773e-01
-6.501647830009460449e-01
-6.382617950439453125e-01
-6.317366361618041992e-01
-6.209997534751892090e-01
-6.098644137382507324e-01
-5.990244150161743164e-01
-5.876566171646118164e-01
-5.689885616302490234e-01
-5.465381741523742676e-01
-5.259438753128051758e-01
-5.062133073806762695e-01
-4.870689511299133301e-01
-4.775118231773376465e-01
-4.762440621852874756e-01
-4.752446413040161133e-01
-4.732587039470672607e-01
-4.684897065162658691e-01
-4.678453803062438965e-01
-4.686556458473205566e-01
-4.712318181991577148e-01
-4.731034934520721436e-01
-4.748039841651916504e-01
-4.771332144737243652e-01
-4.786288142204284668e-01
-4.784029126167297363e-01
-4.713117778301239014e-01
-4.625892043113708496e-01
-4.499928653240203857e-01
-4.360490441322326660e-01
-4.324155449867248535e-01
-4.356382489204406738e-01
-4.400000274181365967e-01
-4.432879090309143066e-01
-4.413146972656250000e-01
-4.365905821323394775e-01
-4.346991181373596191e-01
-4.366442859172821045e-01
-4.492899477481842041e-01
-4.619360864162445068e-01
-4.772489666938781738e-01
-4.928981065750122070e-01
-5.117539167404174805e-01
-5.294262170791625977e-01
-5.451494455337524414e-01
-5.533534884452819824e-01
-5.577049851417541504e-01
-5.671776533126831055e-01
-5.659109950065612793e-01
-5.574280023574829102e-01
-5.489297509193420410e-01
-5.392354130744934082e-01
-5.295345187187194824e-01
-5.193096399307250977e-01
-5.079067945480346680e-01
-4.978299140930175781e-01
-4.890084862709045410e-01
-4.809631109237670898e-01
-4.733558893203735352e-01
-6.871725916862487793e-01
-6.775533556938171387e-01
-6.697108149528503418e-01
-6.618683338165283203e-01
-6.540262103080749512e-01
-6.461835503578186035e-01
-6.383324861526489258e-01
-6.297314763069152832e-01
-6.156277060508728027e-01
-6.002937555313110352e-01
-5.831365585327148438e-01
-5.650902986526489258e-01
-5.521071553230285645e-01
-5.390372276306152344e-01
-5.257947444915771484e-01
-5.166308879852294922e-01
-5.109263062477111816e-01
-5.054699182510375977e-01
-5.015155673027038574e-01
-4.982620477676391602e-01
-4.953493475914001465e-01
-4.926442503929138184e-01
-4.905990958213806152e-01
-4.891102313995361328e-01
-4.877746701240539551e-01
-4.867671132087707520e-01
-4.950518608093261719e-01
-5.068863630294799805e-01
-5.197715163230895996e-01
-5.441352128982543945e-01
-5.713887214660644531e-01
-5.979831218719482422e-01
-6.206533908843994141e-01
-6.278674602508544922e-01
-6.350638866424560547e-01
-6.479839086532592773e-01
-6.604152917861938477e-01
-6.753200292587280273e-01
-6.817753314971923828e-01
-6.877985596656799316e-01
-6.930022239685058594e-01
-6.986017227172851562e-01
-7.035948038101196289e-01
-7.061776518821716309e-01
-7.082000970840454102e-01
-7.102224230766296387e-01
-7.127597928047180176e-01
-7.159756422042846680e-01
-7.198281288146972656e-01
-7.207295894622802734e-01
-7.236615419387817383e-01
-7.323960065841674805e-01
-7.422540187835693359e-01
-7.517965435981750488e-01
-7.590813040733337402e-01
-7.662212848663330078e-01
-7.752053737640380859e-01
-7.841898202896118164e-01
-7.927504777908325195e-01
-8.002776503562927246e-01
-8.078045845031738281e-01
-8.121112585067749023e-01
-8.045451641082763672e-01
-7.897708415985107422e-01
-7.715585827827453613e-01
-7.535119652748107910e-01
-7.367230057716369629e-01
-7.195978760719299316e-01
-7.011232972145080566e-01
-6.831921339035034180e-01
-6.652608513832092285e-01
-6.474245786666870117e-01
-6.393680572509765625e-01
-6.341335773468017578e-01
-6.294102668762207031e-01
-6.244346499443054199e-01
-6.143689155578613281e-01
-6.062074899673461914e-01
-5.947046279907226562e-01
-5.734108090400695801e-01
-5.481550097465515137e-01
-5.234920978546142578e-01
-5.021442770957946777e-01
-4.934647083282470703e-01
-4.921433329582214355e-01
-4.911439418792724609e-01
-4.949277043342590332e-01
-4.926368594169616699e-01
-4.898247122764587402e-01
-4.881562590599060059e-01
-4.869590401649475098e-01
-4.862683415412902832e-01
-4.876168370246887207e-01
-4.883307218551635742e-01
-4.890199899673461914e-01
-4.884580373764038086e-01
-4.802030920982360840e-01
-4.714803695678710938e-01
-4.591022133827209473e-01
-4.451583027839660645e-01
-4.322841465473175049e-01
-4.328688085079193115e-01
-4.355326592922210693e-01
-4.397596716880798340e-01
-4.407767057418823242e-01
-4.360524117946624756e-01
-4.353441298007965088e-01
-4.412077665328979492e-01
-4.548829197883605957e-01
-4.664174616336822510e-01
-4.769389033317565918e-01
-4.897649884223937988e-01
-5.022792220115661621e-01
-5.178854465484619141e-01
-5.335522294044494629e-01
-5.417034029960632324e-01
-5.456770658493041992e-01
-5.530855655670166016e-01
-5.535305738449096680e-01
-5.525799989700317383e-01
-5.431909561157226562e-01
-5.339350104331970215e-01
-5.246354341506958008e-01
-5.134172439575195312e-01
-5.023840069770812988e-01
-4.914865493774414062e-01
-4.805904626846313477e-01
-4.705923199653625488e-01
-4.616282582283020020e-01
-6.904473900794982910e-01
-6.826044917106628418e-01
-6.747623085975646973e-01
-6.669201850891113281e-01
-6.590727567672729492e-01
-6.512093544006347656e-01
-6.390525102615356445e-01
-6.244767308235168457e-01
-6.081491112709045410e-01
-5.888788104057312012e-01
-5.686138868331909180e-01
-5.546235442161560059e-01
-5.415532588958740234e-01
-5.283108949661254883e-01
-5.173615217208862305e-01
-5.118617415428161621e-01
-5.065358877182006836e-01
-5.025895237922668457e-01
-4.993359446525573730e-01
-4.962281584739685059e-01
-4.934157133102416992e-01
-4.915511012077331543e-01
-4.902883768081665039e-01
-4.890888929367065430e-01
-4.878891706466674805e-01
-4.905582666397094727e-01
-5.026338100433349609e-01
-5.147104859352111816e-01
-5.267872810363769531e-01
-5.493313670158386230e-01
-5.765832662582397461e-01
-5.995164513587951660e-01
-6.171668171882629395e-01
-6.228172183036804199e-01
-6.293565034866333008e-01
-6.350061893463134766e-01
-6.430649161338806152e-01
-6.501847505569458008e-01
-6.478641629219055176e-01
-6.514939069747924805e-01
-6.566779017448425293e-01
-6.619007587432861328e-01
-6.650608777999877930e-01
-6.679929494857788086e-01
-6.703633069992065430e-01
-6.725544929504394531e-01
-6.755099296569824219e-01
-6.800683736801147461e-01
-6.839353442192077637e-01
-6.850666999816894531e-01
-6.926072835922241211e-01
-7.028619647026062012e-01
-7.126886844635009766e-01
-7.232565879821777344e-01
-7.334985733032226562e-01
-7.432177662849426270e-01
-7.526615262031555176e-01
-7.618985176086425781e-01
-7.701961398124694824e-01
-7.777230143547058105e-01
-7.852500677108764648e-01
-7.927771806716918945e-01
-7.930552363395690918e-01
-7.801501750946044922e-01
-7.637537717819213867e-01
-7.500133514404296875e-01
-7.352604866027832031e-01
-7.169750928878784180e-01
-6.990438699722290039e-01
-6.811125278472900391e-01
-6.631812453269958496e-01
-6.505348086357116699e-01
-6.425070166587829590e-01
-6.356947422027587891e-01
-6.320206522941589355e-01
-6.278494000434875488e-01
-6.244131922721862793e-01
-6.219491958618164062e-01
-6.130533814430236816e-01
-5.934134721755981445e-01
-5.706978440284729004e-01
-5.458584427833557129e-01
-5.212880373001098633e-01
-5.095510482788085938e-01
-5.080426931381225586e-01
-5.102870464324951172e-01
-5.219883918762207031e-01
-5.201807618141174316e-01
-5.160705447196960449e-01
-5.129057168960571289e-01
-5.108850598335266113e-01
-5.094175934791564941e-01
-5.079501867294311523e-01
-5.058635473251342773e-01
-5.035246610641479492e-01
-5.006145238876342773e-01
-4.923692941665649414e-01
-4.833309650421142578e-01
-4.697757363319396973e-01
-4.544491171836853027e-01
-4.403235316276550293e-01
-4.315349459648132324e-01
-4.338951110839843750e-01
-4.369111657142639160e-01
-4.396270811557769775e-01
-4.360871315002441406e-01
-4.339833259582519531e-01
-4.397032558917999268e-01
-4.507940113544464111e-01
-4.621730148792266846e-01
-4.730403125286102295e-01
-4.836577177047729492e-01
-4.953494071960449219e-01
-5.070406198501586914e-01
-5.203343629837036133e-01
-5.317896604537963867e-01
-5.338135957717895508e-01
-5.388120412826538086e-01
-5.382457971572875977e-01
-5.383067131042480469e-01
-5.362856388092041016e-01
-5.285422801971435547e-01
-5.174939632415771484e-01
-5.072250366210937500e-01
-4.967316389083862305e-01
-4.859368205070495605e-01
-4.751421809196472168e-01
-4.641660451889038086e-01
-4.533537328243255615e-01
-6.954985260963439941e-01
-6.876562237739562988e-01
-6.798121333122253418e-01
-6.719484925270080566e-01
-6.624783873558044434e-01
-6.483744978904724121e-01
-6.323316097259521484e-01
-6.148864030838012695e-01
-5.946214795112609863e-01
-5.743564963340759277e-01
-5.571414828300476074e-01
-5.440695285797119141e-01
-5.308271050453186035e-01
-5.180923938751220703e-01
-5.125926733016967773e-01
-5.070933103561401367e-01
-5.026656985282897949e-01
-4.998172521591186523e-01
-4.969691038131713867e-01
-4.943478703498840332e-01
-4.928019046783447266e-01
-4.916021823883056641e-01
-4.904718995094299316e-01
-4.895148277282714844e-01
-4.903827905654907227e-01
-4.986938238143920898e-01
-5.107704401016235352e-01
-5.228529572486877441e-01
-5.350984334945678711e-01
-5.548706054687500000e-01
-5.798795223236083984e-01
-5.976165533065795898e-01
-6.156339645385742188e-01
-6.220226287841796875e-01
-6.246474981307983398e-01
-6.268734931945800781e-01
-6.304350495338439941e-01
-6.313626766204833984e-01
-6.282074451446533203e-01
-6.241255998611450195e-01
-6.207747459411621094e-01
-6.212935447692871094e-01
-6.242256164550781250e-01
-6.271575689315795898e-01
-6.300898790359497070e-01
-6.330218911170959473e-01
-6.378278732299804688e-01
-6.435303688049316406e-01
-6.481394767761230469e-01
-6.520781517028808594e-01
-6.619605422019958496e-01
-6.737539172172546387e-01
-6.864315867424011230e-01
-6.986926794052124023e-01
-7.094718813896179199e-01
-7.194582223892211914e-01
-7.293241620063781738e-01
-7.387764453887939453e-01
-7.470700740814208984e-01
-7.548564672470092773e-01
-7.626426219940185547e-01
-7.714926600456237793e-01
-7.785685062408447266e-01
-7.679225206375122070e-01
-7.561948299407958984e-01
-7.444144487380981445e-01
-7.312882542610168457e-01
-7.148956060409545898e-01
-6.969643831253051758e-01
-6.790330410003662109e-01
-6.618493795394897461e-01
-6.538215279579162598e-01
-6.457938551902770996e-01
-6.392298936843872070e-01
-6.350914239883422852e-01
-6.309550404548645020e-01
-6.280501484870910645e-01
-6.251637935638427734e-01
-6.184909939765930176e-01
-6.099255084991455078e-01
-5.889661908149719238e-01
-5.655135512351989746e-01
-5.448811650276184082e-01
-5.305265784263610840e-01
-5.270048379898071289e-01
-5.380560755729675293e-01
-5.492460727691650391e-01
-5.470094680786132812e-01
-5.436146259307861328e-01
-5.394979715347290039e-01
-5.359401106834411621e-01
-5.335508584976196289e-01
-5.317583680152893066e-01
-5.292116403579711914e-01
-5.266646742820739746e-01
-5.198820829391479492e-01
-5.110609531402587891e-01
-5.005179643630981445e-01
-4.853409528732299805e-01
-4.690622687339782715e-01
-4.530169665813446045e-01
-4.370013177394866943e-01
-4.300388097763061523e-01
-4.295114874839782715e-01
-4.306454956531524658e-01
-4.287929832935333252e-01
-4.307256639003753662e-01
-4.367819130420684814e-01
-4.475715756416320801e-01
-4.579681754112243652e-01
-4.679351747035980225e-01
-4.778063297271728516e-01
-4.876087903976440430e-01
-4.993002414703369141e-01
-5.109915137290954590e-01
-5.199788808822631836e-01
-5.234130620956420898e-01
-5.251713395118713379e-01
-5.244399309158325195e-01
-5.236992835998535156e-01
-5.226827859878540039e-01
-5.173074603080749512e-01
-5.085235834121704102e-01
-4.997822046279907227e-01
-4.899317026138305664e-01
-4.802850484848022461e-01
-4.694903790950775146e-01
-4.586957097053527832e-01
-4.478829205036163330e-01
-7.005501389503479004e-01
-6.926887035369873047e-01
-6.848256587982177734e-01
-6.717998981475830078e-01
-6.565146446228027344e-01
-6.401868462562561035e-01
-6.206290125846862793e-01
-6.003635525703430176e-01
-5.800988674163818359e-01
-5.598338842391967773e-01
-5.465855598449707031e-01
-5.333426594734191895e-01
-5.201005935668945312e-01
-5.133236646652221680e-01
-5.078243017196655273e-01
-5.030699968338012695e-01
-4.998843669891357422e-01
-4.971193075180053711e-01
-4.952319860458374023e-01
-4.941724538803100586e-01
-4.937678575515747070e-01
-4.929791688919067383e-01
-4.923434257507324219e-01
-4.934706687927246094e-01
-4.958990812301635742e-01
-5.081443786621093750e-01
-5.203899741172790527e-01
-5.326358079910278320e-01
-5.448813438415527344e-01
-5.600592494010925293e-01
-5.794921517372131348e-01
-5.967534780502319336e-01
-6.147594451904296875e-01
-6.188263893127441406e-01
-6.201310157775878906e-01
-6.207160949707031250e-01
-6.209347248077392578e-01
-6.157253384590148926e-01
-6.074756979942321777e-01
-6.016515493392944336e-01
-5.962145328521728516e-01
-5.903104543685913086e-01
-5.866469740867614746e-01
-5.863225460052490234e-01
-5.892543792724609375e-01
-5.928032398223876953e-01
-5.985058546066284180e-01
-6.044989824295043945e-01
-6.088609695434570312e-01
-6.203527450561523438e-01
-6.340168714523315430e-01
-6.474351882934570312e-01
-6.608532667160034180e-01
-6.738731861114501953e-01
-6.850833892822265625e-01
-6.950693726539611816e-01
-7.050552964210510254e-01
-7.150412797927856445e-01
-7.235566973686218262e-01
-7.316467165946960449e-01
-7.421684861183166504e-01
-7.522063255310058594e-01
-7.577278017997741699e-01
-7.577419281005859375e-01
-7.470322847366333008e-01
-7.348058819770812988e-01
-7.218830585479736328e-01
-7.089605331420898438e-01
-6.939834356307983398e-01
-6.769874095916748047e-01
-6.651361584663391113e-01
-6.571083664894104004e-01
-6.499491930007934570e-01
-6.438708901405334473e-01
-6.381621360778808594e-01
-6.340608000755310059e-01
-6.307799220085144043e-01
-6.239190697669982910e-01
-6.170582771301269531e-01
-6.112922430038452148e-01
-6.000516414642333984e-01
-5.826128721237182617e-01
-5.663872957229614258e-01
-5.531077384948730469e-01
-5.604547858238220215e-01
-5.683453679084777832e-01
-5.759373307228088379e-01
-5.734351277351379395e-01
-5.709315538406372070e-01
-5.670070648193359375e-01
-5.628570914268493652e-01
-5.589464902877807617e-01
-5.557259321212768555e-01
-5.529936552047729492e-01
-5.504467487335205078e-01
-5.416464805603027344e-01
-5.323381423950195312e-01
-5.225578546524047852e-01
-5.062888264656066895e-01
-4.863830208778381348e-01
-4.654003977775573730e-01
-4.441948533058166504e-01
-4.271788597106933594e-01
-4.228645265102386475e-01
-4.217362403869628906e-01
-4.203337728977203369e-01
-4.276569187641143799e-01
-4.332767724990844727e-01
-4.432437419891357422e-01
-4.532110393047332764e-01
-4.631782472133636475e-01
-4.731449782848358154e-01
-4.824326038360595703e-01
-4.932988882064819336e-01
-5.044008493423461914e-01
-5.130983591079711914e-01
-5.151399970054626465e-01
-5.126157402992248535e-01
-5.113357305526733398e-01
-5.097299814224243164e-01
-5.073130726814270020e-01
-5.049301385879516602e-01
-4.973960518836975098e-01
-4.889574050903320312e-01
-4.806336164474487305e-01
-4.718113243579864502e-01
-4.624637961387634277e-01
-4.530437588691711426e-01
-4.422489106655120850e-01
-7.055649757385253906e-01
-6.952250003814697266e-01
-6.806973814964294434e-01
-6.643699407577514648e-01
-6.466365456581115723e-01
-6.263714432716369629e-01
-6.061064004898071289e-01
-5.858412981033325195e-01
-5.656664967536926270e-01
-5.493605136871337891e-01
-5.362867116928100586e-01
-5.232129693031311035e-01
-5.148201584815979004e-01
-5.094889402389526367e-01
-5.046287775039672852e-01
-5.013790726661682129e-01
-4.992822408676147461e-01
-4.976936578750610352e-01
-4.965437650680541992e-01
-4.961282014846801758e-01
-4.957451820373535156e-01
-4.960304498672485352e-01
-4.973319768905639648e-01
-4.988119006156921387e-01
-5.056813955307006836e-01
-5.179269909858703613e-01
-5.301727056503295898e-01
-5.424182415008544922e-01
-5.537704229354858398e-01
-5.619657635688781738e-01
-5.785569548606872559e-01
-5.951138734817504883e-01
-6.096813678741455078e-01
-6.133128404617309570e-01
-6.135311126708984375e-01
-6.132118701934814453e-01
-6.125087738037109375e-01
-6.036024093627929688e-01
-5.908409357070922852e-01
-5.798925757408142090e-01
-5.718047618865966797e-01
-5.662957429885864258e-01
-5.607565045356750488e-01
-5.548809170722961426e-01
-5.523991584777832031e-01
-5.534812211990356445e-01
-5.591838359832763672e-01
-5.680925846099853516e-01
-5.773195624351501465e-01
-5.919476747512817383e-01
-6.053658723831176758e-01
-6.187844872474670410e-01
-6.322026848793029785e-01
-6.456211209297180176e-01
-6.581231355667114258e-01
-6.691458821296691895e-01
-6.798725128173828125e-01
-6.905062794685363770e-01
-7.008104324340820312e-01
-7.120069861412048340e-01
-7.229769229888916016e-01
-7.320039868354797363e-01
-7.404474616050720215e-01
-7.400947809219360352e-01
-7.372583150863647461e-01
-7.245948910713195801e-01
-7.119313478469848633e-01
-6.991808414459228516e-01
-6.862581968307495117e-01
-6.723605394363403320e-01
-6.662459373474121094e-01
-6.604045629501342773e-01
-6.545901298522949219e-01
-6.485117673873901367e-01
-6.424335241317749023e-01
-6.363958120346069336e-01
-6.295350193977355957e-01
-6.226742863655090332e-01
-6.153233647346496582e-01
-6.095817089080810547e-01
-6.033264398574829102e-01
-5.901843905448913574e-01
-5.821967720985412598e-01
-5.831954479217529297e-01
-5.918045639991760254e-01
-6.002311706542968750e-01
-6.067385673522949219e-01
-6.005253791809082031e-01
-5.973223447799682617e-01
-5.945162773132324219e-01
-5.903663635253906250e-01
-5.862160921096801758e-01
-5.810387730598449707e-01
-5.770599246025085449e-01
-5.701572895050048828e-01
-5.584824085235595703e-01
-5.468076467514038086e-01
-5.351324081420898438e-01
-5.203386545181274414e-01
-5.017041563987731934e-01
-4.809825420379638672e-01
-4.604138135910034180e-01
-4.396983385086059570e-01
-4.246258139610290527e-01
-4.199001789093017578e-01
-4.172439575195312500e-01
-4.282487332820892334e-01
-4.319587051868438721e-01
-4.405305385589599609e-01
-4.491029381752014160e-01
-4.584212303161621094e-01
-4.683883190155029297e-01
-4.778511524200439453e-01
-4.870581626892089844e-01
-4.987897276878356934e-01
-5.083103179931640625e-01
-5.103393793106079102e-01
-5.048449039459228516e-01
-4.997876882553100586e-01
-4.964015483856201172e-01
-4.928246736526489258e-01
-4.897766709327697754e-01
-4.877544641494750977e-01
-4.780426025390625000e-01
-4.695237278938293457e-01
-4.612001180648803711e-01
-4.528765380382537842e-01
-4.438413381576538086e-01
-4.349719882011413574e-01
-7.049319744110107422e-01
-6.891063451766967773e-01
-6.729476451873779297e-01
-6.532709002494812012e-01
-6.331744194030761719e-01
-6.130781769752502441e-01
-5.929819345474243164e-01
-5.728855133056640625e-01
-5.533533096313476562e-01
-5.402799844741821289e-01
-5.272060632705688477e-01
-5.170280337333679199e-01
-5.117347836494445801e-01
-5.070694088935852051e-01
-5.037440061569213867e-01
-5.020430684089660645e-01
-5.004515051841735840e-01
-4.991091489791870117e-01
-4.984666109085083008e-01
-4.980834722518920898e-01
-4.988841414451599121e-01
-5.004179477691650391e-01
-5.019510984420776367e-01
-5.046070814132690430e-01
-5.154643058776855469e-01
-5.277095437049865723e-01
-5.399552583694458008e-01
-5.520681142807006836e-01
-5.597161054611206055e-01
-5.634737014770507812e-01
-5.754922628402709961e-01
-5.888745784759521484e-01
-6.023777723312377930e-01
-6.058748364448547363e-01
-6.051716804504394531e-01
-6.044688820838928223e-01
-6.037660241127014160e-01
-5.923463106155395508e-01
-5.777744054794311523e-01
-5.631263256072998047e-01
-5.511885881423950195e-01
-5.432785749435424805e-01
-5.362652540206909180e-01
-5.311163067817687988e-01
-5.267493724822998047e-01
-5.269489884376525879e-01
-5.300846099853515625e-01
-5.345978140830993652e-01
-5.481310486793518066e-01
-5.628955364227294922e-01
-5.767153501510620117e-01
-5.901336073875427246e-01
-6.035521030426025391e-01
-6.169704198837280273e-01
-6.297432184219360352e-01
-6.409101486206054688e-01
-6.524469256401062012e-01
-6.658087372779846191e-01
-6.779953837394714355e-01
-6.901820898056030273e-01
-7.014390230178833008e-01
-7.127539515495300293e-01
-7.213932871818542480e-01
-7.226815223693847656e-01
-7.202041745185852051e-01
-7.139782905578613281e-01
-7.013147473335266113e-01
-6.886513233184814453e-01
-6.760938167572021484e-01
-6.702675819396972656e-01
-6.644304990768432617e-01
-6.599432826042175293e-01
-6.557784080505371094e-01
-6.516132354736328125e-01
-6.456553936004638672e-01
-6.354560256004333496e-01
-6.282904148101806641e-01
-6.212424635887145996e-01
-6.144254207611083984e-01
-6.097557544708251953e-01
-6.050861477851867676e-01
-5.961666703224182129e-01
-5.975248217582702637e-01
-6.036425828933715820e-01
-6.169858574867248535e-01
-6.308557391166687012e-01
-6.357319355010986328e-01
-6.311398744583129883e-01
-6.260749101638793945e-01
-6.215290427207946777e-01
-6.154844164848327637e-01
-6.086686849594116211e-01
-6.010725498199462891e-01
-5.934765934944152832e-01
-5.835857391357421875e-01
-5.710442066192626953e-01
-5.593693852424621582e-01
-5.476944446563720703e-01
-5.334537029266357422e-01
-5.158997774124145508e-01
-4.970296025276184082e-01
-4.762153327465057373e-01
-4.552582800388336182e-01
-4.336215257644653320e-01
-4.239059686660766602e-01
-4.231112599372863770e-01
-4.334793090820312500e-01
-4.380092024803161621e-01
-4.432251155376434326e-01
-4.503766000270843506e-01
-4.577277004718780518e-01
-4.662999808788299561e-01
-4.745439291000366211e-01
-4.825506210327148438e-01
-4.917842149734497070e-01
-5.024992823600769043e-01
-5.055507421493530273e-01
-5.009290575981140137e-01
-4.926613569259643555e-01
-4.853000640869140625e-01
-4.814791679382324219e-01
-4.779636263847351074e-01
-4.743754863739013672e-01
-4.707370996475219727e-01
-4.595042467117309570e-01
-4.500908255577087402e-01
-4.417669773101806641e-01
-4.334437847137451172e-01
-4.306643009185791016e-01
-6.984385848045349121e-01
-6.805865168571472168e-01
-6.604905128479003906e-01
-6.403937935829162598e-01
-6.202980279922485352e-01
-6.002014875411987305e-01
-5.801053643226623535e-01
-5.599163174629211426e-01
-5.442728400230407715e-01
-5.313048362731933594e-01
-5.196591615676879883e-01
-5.147980451583862305e-01
-5.099365711212158203e-01
-5.063948631286621094e-01
-5.048035383224487305e-01
-5.032125115394592285e-01
-5.016744136810302734e-01
-5.008049011230468750e-01
-5.004222393035888672e-01
-5.017381906509399414e-01
-5.032711029052734375e-01
-5.048049688339233398e-01
-5.067703127861022949e-01
-5.124355554580688477e-01
-5.250867605209350586e-01
-5.374923348426818848e-01
-5.497378110885620117e-01
-5.593364238739013672e-01
-5.614041686058044434e-01
-5.609754920005798340e-01
-5.679755210876464844e-01
-5.808042287826538086e-01
-5.933856368064880371e-01
-5.971319079399108887e-01
-5.964291691780090332e-01
-5.957261323928833008e-01
-5.940167903900146484e-01
-5.794997215270996094e-01
-5.649333000183105469e-01
-5.501319766044616699e-01
-5.365376472473144531e-01
-5.231001377105712891e-01
-5.154696702957153320e-01
-5.106891393661499023e-01
-5.095040798187255859e-01
-5.095562934875488281e-01
-5.104107856750488281e-01
-5.145907998085021973e-01
-5.243356823921203613e-01
-5.339067578315734863e-01
-5.480647087097167969e-01
-5.614827871322631836e-01
-5.749015212059020996e-01
-5.883198976516723633e-01
-6.013633012771606445e-01
-6.145557165145874023e-01
-6.286399960517883301e-01
-6.421790122985839844e-01
-6.544934511184692383e-01
-6.666800975799560547e-01
-6.802480220794677734e-01
-6.910002827644348145e-01
-6.993173956871032715e-01
-7.012330293655395508e-01
-6.994656324386596680e-01
-6.976983547210693359e-01
-6.901421546936035156e-01
-6.779862642288208008e-01
-6.677773594856262207e-01
-6.650172472000122070e-01
-6.628380417823791504e-01
-6.589322090148925781e-01
-6.550262570381164551e-01
-6.496002674102783203e-01
-6.403759717941284180e-01
-6.329659819602966309e-01
-6.269354820251464844e-01
-6.205725669860839844e-01
-6.146429181098937988e-01
-6.099733710289001465e-01
-6.053037643432617188e-01
-6.068394780158996582e-01
-6.150791049003601074e-01
-6.211967468261718750e-01
-6.339043378829956055e-01
-6.508584618568420410e-01
-6.584512591361999512e-01
-6.549501419067382812e-01
-6.484178900718688965e-01
-6.414204835891723633e-01
-6.351059675216674805e-01
-6.269001960754394531e-01
-6.189815402030944824e-01
-6.113854646682739258e-01
-5.983839631080627441e-01
-5.848131179809570312e-01
-5.720610618591308594e-01
-5.602565407752990723e-01
-5.462336540222167969e-01
-5.293375253677368164e-01
-5.111278891563415527e-01
-4.911067485809326172e-01
-4.694697260856628418e-01
-4.478327035903930664e-01
-4.290716350078582764e-01
-4.297851026058197021e-01
-4.414281249046325684e-01
-4.497880935668945312e-01
-4.550473988056182861e-01
-4.603067040443420410e-01
-4.655659794807434082e-01
-4.702877402305603027e-01
-4.766380190849304199e-01
-4.830297231674194336e-01
-4.903968572616577148e-01
-4.978512525558471680e-01
-4.993962049484252930e-01
-4.933813810348510742e-01
-4.866039752960205078e-01
-4.792428016662597656e-01
-4.719575643539428711e-01
-4.670578837394714355e-01
-4.635547399520874023e-01
-4.599665403366088867e-01
-4.539971947669982910e-01
-4.426941871643066406e-01
-4.322885572910308838e-01
-4.254984855651855469e-01
-4.296355247497558594e-01
-6.878061294555664062e-01
-6.677100062370300293e-01
-6.476139426231384277e-01
-6.275174617767333984e-01
-6.074211001396179199e-01
-5.873245596885681152e-01
-5.673100352287292480e-01
-5.486838221549987793e-01
-5.360010862350463867e-01
-5.233971476554870605e-01
-5.178605914115905762e-01
-5.129995346069335938e-01
-5.095192193984985352e-01
-5.075642466545104980e-01
-5.059729218482971191e-01
-5.043815970420837402e-01
-5.031434297561645508e-01
-5.030589103698730469e-01
-5.045920610427856445e-01
-5.061253309249877930e-01
-5.076588988304138184e-01
-5.091919898986816406e-01
-5.119640827178955078e-01
-5.216165184974670410e-01
-5.342677831649780273e-01
-5.469189882278442383e-01
-5.572940707206726074e-01
-5.598306655883789062e-01
-5.573378801345825195e-01
-5.552913546562194824e-01
-5.588343143463134766e-01
-5.713618993759155273e-01
-5.839435458183288574e-01
-5.883890986442565918e-01
-5.876861214637756348e-01
-5.858339667320251465e-01
-5.812250375747680664e-01
-5.666531324386596680e-01
-5.521632432937622070e-01
-5.371518731117248535e-01
-5.249415636062622070e-01
-5.141558647155761719e-01
-5.030751824378967285e-01
-4.972188472747802734e-01
-4.936634302139282227e-01
-4.920246601104736328e-01
-4.951832890510559082e-01
-5.004295706748962402e-01
-5.064431428909301758e-01
-5.157943964004516602e-01
-5.253656506538391113e-01
-5.337888002395629883e-01
-5.462507009506225586e-01
-5.604249238967895508e-01
-5.766560435295104980e-01
-5.907405614852905273e-01
-6.048244237899780273e-01
-6.181003451347351074e-01
-6.307272911071777344e-01
-6.449283957481384277e-01
-6.590974330902099609e-01
-6.684637665748596191e-01
-6.763167977333068848e-01
-6.787781715393066406e-01
-6.770108938217163086e-01
-6.752434372901916504e-01
-6.734762787818908691e-01
-6.638811230659484863e-01
-6.598192453384399414e-01
-6.585036516189575195e-01
-6.587005257606506348e-01
-6.575332880020141602e-01
-6.521071195602416992e-01
-6.431102156639099121e-01
-6.352027058601379395e-01
-6.295523643493652344e-01
-6.223136782646179199e-01
-6.159410476684570312e-01
-6.126824021339416504e-01
-6.099261045455932617e-01
-6.098420023918151855e-01
-6.194936633110046387e-01
-6.301859617233276367e-01
-6.344285607337951660e-01
-6.447159051895141602e-01
-6.583101749420166016e-01
-6.662856340408325195e-01
-6.642749905586242676e-01
-6.639512181282043457e-01
-6.607116460800170898e-01
-6.543624401092529297e-01
-6.464437842369079590e-01
-6.383080482482910156e-01
-6.288946270942687988e-01
-6.143218278884887695e-01
-5.999641418457031250e-01
-5.860404372215270996e-01
-5.732886791229248047e-01
-5.584900379180908203e-01
-5.407711267471313477e-01
-5.230522155761718750e-01
-5.040307044982910156e-01
-4.836809635162353516e-01
-4.620438814163208008e-01
-4.427781105041503906e-01
-4.364266991615295410e-01
-4.481276571750640869e-01
-4.591703116893768311e-01
-4.668850898742675781e-01
-4.719726741313934326e-01
-4.772317409515380859e-01
-4.824908971786499023e-01
-4.877501726150512695e-01
-4.922732114791870117e-01
-4.962853789329528809e-01
-5.002340078353881836e-01
-4.972765445709228516e-01
-4.885744452476501465e-01
-4.800666570663452148e-01
-4.741732478141784668e-01
-4.662521481513977051e-01
-4.592260122299194336e-01
-4.527347087860107422e-01
-4.491466879844665527e-01
-4.455579519271850586e-01
-4.373782277107238770e-01
-4.259538650512695312e-01
-4.272354245185852051e-01
-4.307204186916351318e-01
-6.749297380447387695e-01
-6.548331379890441895e-01
-6.347624659538269043e-01
-6.148852705955505371e-01
-5.950313210487365723e-01
-5.750830769538879395e-01
-5.551913380622863770e-01
-5.408489704132080078e-01
-5.282451510429382324e-01
-5.209234356880187988e-01
-5.164179801940917969e-01
-5.126684308052062988e-01
-5.103245377540588379e-01
-5.087330341339111328e-01
-5.071421861648559570e-01
-5.056554675102233887e-01
-5.059127807617187500e-01
-5.074458122253417969e-01
-5.089793205261230469e-01
-5.105123519897460938e-01
-5.120460987091064453e-01
-5.140913724899291992e-01
-5.181462764739990234e-01
-5.307974815368652344e-01
-5.430864095687866211e-01
-5.536192059516906738e-01
-5.569490194320678711e-01
-5.545901060104370117e-01
-5.512861013412475586e-01
-5.481370687484741211e-01
-5.515851974487304688e-01
-5.619196295738220215e-01
-5.745011568069458008e-01
-5.796461105346679688e-01
-5.775666832923889160e-01
-5.748060941696166992e-01
-5.683783292770385742e-01
-5.538163185119628906e-01
-5.408258438110351562e-01
-5.286379456520080566e-01
-5.178526639938354492e-01
-5.070669651031494141e-01
-4.974296092987060547e-01
-4.878405332565307617e-01
-4.811284542083740234e-01
-4.787577986717224121e-01
-4.808524847030639648e-01
-4.877028465270996094e-01
-4.943860769271850586e-01
-5.003782510757446289e-01
-5.072534680366516113e-01
-5.163354873657226562e-01
-5.268763303756713867e-01
-5.380187034606933594e-01
-5.526741147041320801e-01
-5.669249892234802246e-01
-5.810093283653259277e-01
-5.940217375755310059e-01
-6.083523035049438477e-01
-6.255767941474914551e-01
-6.369021534919738770e-01
-6.454766392707824707e-01
-6.525264382362365723e-01
-6.563233137130737305e-01
-6.545561552047729492e-01
-6.527886986732482910e-01
-6.510663628578186035e-01
-6.520590186119079590e-01
-6.503781676292419434e-01
-6.504168510437011719e-01
-6.506138443946838379e-01
-6.490890979766845703e-01
-6.433697938919067383e-01
-6.363862752914428711e-01
-6.302857398986816406e-01
-6.247158050537109375e-01
-6.174039840698242188e-01
-6.099680662155151367e-01
-6.056495904922485352e-01
-6.036382913589477539e-01
-6.099655628204345703e-01
-6.209116578102111816e-01
-6.357634067535400391e-01
-6.427336335182189941e-01
-6.529524326324462891e-01
-6.651417016983032227e-01
-6.719747781753540039e-01
-6.720978021621704102e-01
-6.700988411903381348e-01
-6.701189279556274414e-01
-6.693431138992309570e-01
-6.648590564727783203e-01
-6.577225923538208008e-01
-6.466350555419921875e-01
-6.315968036651611328e-01
-6.160101890563964844e-01
-6.008304357528686523e-01
-5.857312083244323730e-01
-5.702448487281799316e-01
-5.517151951789855957e-01
-5.339964628219604492e-01
-5.162774324417114258e-01
-4.969335794448852539e-01
-4.762554168701171875e-01
-4.599738121032714844e-01
-4.468908309936523438e-01
-4.548268020153045654e-01
-4.686247110366821289e-01
-4.783149957656860352e-01
-4.837783575057983398e-01
-4.892414808273315430e-01
-4.944868683815002441e-01
-4.994158744812011719e-01
-5.041144490242004395e-01
-5.085134506225585938e-01
-5.113857984542846680e-01
-5.052946209907531738e-01
-4.920437932014465332e-01
-4.778513312339782715e-01
-4.730823040008544922e-01
-4.644293189048767090e-01
-4.565808176994323730e-01
-4.482479095458984375e-01
-4.397663474082946777e-01
-4.347378611564636230e-01
-4.311488270759582520e-01
-4.297236800193786621e-01
-4.308130145072937012e-01
-4.330613017082214355e-01
-6.623673439025878906e-01
-6.425131559371948242e-01
-6.226598024368286133e-01
-6.028732657432556152e-01
-5.831508636474609375e-01
-5.632649064064025879e-01
-5.456970930099487305e-01
-5.330925583839416504e-01
-5.240855216979980469e-01
-5.198429822921752930e-01
-5.158177018165588379e-01
-5.130847096443176270e-01
-5.114936232566833496e-01
-5.099024772644042969e-01
-5.083111524581909180e-01
-5.087665319442749023e-01
-5.102996230125427246e-01
-5.118329524993896484e-01
-5.133665204048156738e-01
-5.148996114730834961e-01
-5.164330005645751953e-01
-5.192849636077880859e-01
-5.269434452056884766e-01
-5.385981798171997070e-01
-5.495451092720031738e-01
-5.534065961837768555e-01
-5.503984689712524414e-01
-5.473896861076354980e-01
-5.442282557487487793e-01
-5.409856438636779785e-01
-5.445808172225952148e-01
-5.524774789810180664e-01
-5.650590658187866211e-01
-5.692995786666870117e-01
-5.665386915206909180e-01
-5.637782812118530273e-01
-5.576509833335876465e-01
-5.457913875579833984e-01
-5.335339307785034180e-01
-5.215489864349365234e-01
-5.107634067535400391e-01
-5.010005235671997070e-01
-4.917834997177124023e-01
-4.821946620941162109e-01
-4.730047881603240967e-01
-4.700675308704376221e-01
-4.720886647701263428e-01
-4.763322770595550537e-01
-4.811180233955383301e-01
-4.878015518188476562e-01
-4.954625964164733887e-01
-5.042433738708496094e-01
-5.139001607894897461e-01
-5.250423550605773926e-01
-5.361844301223754883e-01
-5.455126762390136719e-01
-5.571937561035156250e-01
-5.708867311477661133e-01
-5.891152620315551758e-01
-6.041844487190246582e-01
-6.138768196105957031e-01
-6.213669180870056152e-01
-6.285128593444824219e-01
-6.335450410842895508e-01
-6.321011185646057129e-01
-6.303338408470153809e-01
-6.288170218467712402e-01
-6.354006528854370117e-01
-6.421332359313964844e-01
-6.423301100730895996e-01
-6.412401199340820312e-01
-6.373526453971862793e-01
-6.334656476974487305e-01
-6.276342272758483887e-01
-6.206709742546081543e-01
-6.122626662254333496e-01
-6.031859517097473145e-01
-5.948823690414428711e-01
-5.910394191741943359e-01
-5.973827838897705078e-01
-6.048309206962585449e-01
-6.178880929946899414e-01
-6.343017816543579102e-01
-6.474992036819458008e-01
-6.602661013603210449e-01
-6.721138954162597656e-01
-6.774631738662719727e-01
-6.783980131149291992e-01
-6.777095198631286621e-01
-6.759229898452758789e-01
-6.756063699722290039e-01
-6.750179529190063477e-01
-6.723334789276123047e-01
-6.623221635818481445e-01
-6.481240987777709961e-01
-6.323969364166259766e-01
-6.161624193191528320e-01
-5.997533202171325684e-01
-5.828782916069030762e-01
-5.638106465339660645e-01
-5.450147390365600586e-01
-5.272215604782104492e-01
-5.092933773994445801e-01
-4.904848337173461914e-01
-4.771695733070373535e-01
-4.642491340637207031e-01
-4.629292190074920654e-01
-4.764927029609680176e-01
-4.883280992507934570e-01
-4.952080845832824707e-01
-5.006713271141052246e-01
-5.061348080635070801e-01
-5.115981101989746094e-01
-5.166187286376953125e-01
-5.191134214401245117e-01
-5.218649506568908691e-01
-5.161226987838745117e-01
-5.007913708686828613e-01
-4.852470755577087402e-01
-4.787676334381103516e-01
-4.704300761222839355e-01
-4.591684937477111816e-01
-4.492861628532409668e-01
-4.398903250694274902e-01
-4.301609992980957031e-01
-4.279082417488098145e-01
-4.359742999076843262e-01
-4.363767504692077637e-01
-4.370128512382507324e-01
-6.502876281738281250e-01
-6.305744051933288574e-01
-6.109479665756225586e-01
-5.912243723869323730e-01
-5.713381767272949219e-01
-5.514518022537231445e-01
-5.379400849342346191e-01
-5.275096893310546875e-01
-5.232670307159423828e-01
-5.190247893333435059e-01
-5.158464908599853516e-01
-5.142542123794555664e-01
-5.126631259918212891e-01
-5.110716819763183594e-01
-5.116205811500549316e-01
-5.131536722183227539e-01
-5.146871209144592285e-01
-5.162202119827270508e-01
-5.177534818649291992e-01
-5.192869305610656738e-01
-5.210063457489013672e-01
-5.230724811553955078e-01
-5.337643027305603027e-01
-5.446738004684448242e-01
-5.490167140960693359e-01
-5.462067127227783203e-01
-5.431984066963195801e-01
-5.400886535644531250e-01
-5.369094610214233398e-01
-5.337303280830383301e-01
-5.374437570571899414e-01
-5.430352687835693359e-01
-5.537858009338378906e-01
-5.583047270774841309e-01
-5.580914020538330078e-01
-5.579518079757690430e-01
-5.505216121673583984e-01
-5.386472940444946289e-01
-5.262421369552612305e-01
-5.144599080085754395e-01
-5.042234659194946289e-01
-4.951756000518798828e-01
-4.861274361610412598e-01
-4.761298894882202148e-01
-4.686006307601928711e-01
-4.671339690685272217e-01
-4.669401347637176514e-01
-4.686461389064788818e-01
-4.714455306529998779e-01
-4.777417182922363281e-01
-4.869149327278137207e-01
-4.965152740478515625e-01
-5.049013495445251465e-01
-5.123412609100341797e-01
-5.232083797454833984e-01
-5.328072309494018555e-01
-5.418053865432739258e-01
-5.555130243301391602e-01
-5.703969597816467285e-01
-5.813996791839599609e-01
-5.892868041992187500e-01
-5.967768430709838867e-01
-6.042668819427490234e-01
-6.101009845733642578e-01
-6.093677878379821777e-01
-6.079961061477661133e-01
-6.101759672164916992e-01
-6.189126372337341309e-01
-6.294233798980712891e-01
-6.337766647338867188e-01
-6.285860538482666016e-01
-6.223321557044982910e-01
-6.160781383514404297e-01
-6.099227666854858398e-01
-6.022870540618896484e-01
-5.939136147499084473e-01
-5.848622918128967285e-01
-5.787185430526733398e-01
-5.819085836410522461e-01
-5.889389514923095703e-01
-5.965501666069030762e-01
-6.117314100265502930e-01
-6.288810372352600098e-01
-6.453713178634643555e-01
-6.623086929321289062e-01
-6.758949756622314453e-01
-6.807618141174316406e-01
-6.836202740669250488e-01
-6.844131946563720703e-01
-6.833213567733764648e-01
-6.808761358261108398e-01
-6.800149679183959961e-01
-6.786038875579833984e-01
-6.701629161834716797e-01
-6.576993465423583984e-01
-6.453439593315124512e-01
-6.321721673011779785e-01
-6.164780855178833008e-01
-5.985294580459594727e-01
-5.767970085144042969e-01
-5.573763847351074219e-01
-5.385801792144775391e-01
-5.204466581344604492e-01
-5.056297779083251953e-01
-4.940636157989501953e-01
-4.816072583198547363e-01
-4.769027829170227051e-01
-4.840347766876220703e-01
-4.977703094482421875e-01
-5.070713758468627930e-01
-5.121014118194580078e-01
-5.175645351409912109e-01
-5.230162143707275391e-01
-5.267543792724609375e-01
-5.299401283264160156e-01
-5.331263542175292969e-01
-5.275692939758300781e-01
-5.110450983047485352e-01
-4.917473793029785156e-01
-4.847607612609863281e-01
-4.796120524406433105e-01
-4.691944718360900879e-01
-4.586272835731506348e-01
-4.476014375686645508e-01
-4.382212162017822266e-01
-4.385952949523925781e-01
-4.412693381309509277e-01
-4.466716051101684570e-01
-4.459319710731506348e-01
-6.386491060256958008e-01
-6.190217733383178711e-01
-5.992973446846008301e-01
-5.794113874435424805e-01
-5.595252513885498047e-01
-5.429920554161071777e-01
-5.310065746307373047e-01
-5.266914963722229004e-01
-5.224488973617553711e-01
-5.189960598945617676e-01
-5.170144438743591309e-01
-5.154235959053039551e-01
-5.142761468887329102e-01
-5.146010518074035645e-01
-5.160073637962341309e-01
-5.175409317016601562e-01
-5.190742015838623047e-01
-5.206073522567749023e-01
-5.217127799987792969e-01
-5.222415924072265625e-01
-5.238355398178100586e-01
-5.288577675819396973e-01
-5.380262732505798340e-01
-5.431292653083801270e-01
-5.420151352882385254e-01
-5.390065908432006836e-01
-5.359493494033813477e-01
-5.327700376510620117e-01
-5.295907258987426758e-01
-5.264112949371337891e-01
-5.297523736953735352e-01
-5.330864191055297852e-01
-5.451011657714843750e-01
-5.529067516326904297e-01
-5.527667999267578125e-01
-5.526265501976013184e-01
-5.434596538543701172e-01
-5.313554406166076660e-01
-5.189506411552429199e-01
-5.074466466903686523e-01
-4.983986616134643555e-01
-4.893506169319152832e-01
-4.799014329910278320e-01
-4.707219898700714111e-01
-4.659099578857421875e-01
-4.662063717842102051e-01
-4.650006890296936035e-01
-4.649116396903991699e-01
-4.693200290203094482e-01
-4.737448692321777344e-01
-4.801257848739624023e-01
-4.878120422363281250e-01
-4.972041249275207520e-01
-5.054582357406616211e-01
-5.129990577697753906e-01
-5.201293230056762695e-01
-5.343507528305053711e-01
-5.480982065200805664e-01
-5.578641891479492188e-01
-5.610558986663818359e-01
-5.646965503692626953e-01
-5.721865892410278320e-01
-5.796766281127929688e-01
-5.862883925437927246e-01
-5.864283442497253418e-01
-5.854595899581909180e-01
-5.924342274665832520e-01
-6.010338068008422852e-01
-6.077985167503356934e-01
-6.114332079887390137e-01
-6.079862117767333984e-01
-6.017324328422546387e-01
-5.954785346984863281e-01
-5.887796878814697266e-01
-5.837466120719909668e-01
-5.755644440650939941e-01
-5.668494701385498047e-01
-5.688877701759338379e-01
-5.742590427398681641e-01
-5.797693729400634766e-01
-5.886060595512390137e-01
-6.047332286834716797e-01
-6.220401525497436523e-01
-6.391543149948120117e-01
-6.601287126541137695e-01
-6.750290393829345703e-01
-6.778338551521301270e-01
-6.816819310188293457e-01
-6.855300664901733398e-01
-6.873754858970642090e-01
-6.863206028938293457e-01
-6.834490299224853516e-01
-6.802996397018432617e-01
-6.721270084381103516e-01
-6.634791493415832520e-01
-6.525704860687255859e-01
-6.406279206275939941e-01
-6.289234161376953125e-01
-6.149625778198242188e-01
-5.941739678382873535e-01
-5.723947286605834961e-01
-5.509419441223144531e-01
-5.322316884994506836e-01
-5.200896263122558594e-01
-5.094077587127685547e-01
-4.989653825759887695e-01
-4.943182468414306641e-01
-4.939029216766357422e-01
-5.056384801864624023e-01
-5.174910426139831543e-01
-5.235903859138488770e-01
-5.289944410324096680e-01
-5.329731702804565430e-01
-5.368870496749877930e-01
-5.400733947753906250e-01
-5.432591438293457031e-01
-5.386399626731872559e-01
-5.222268104553222656e-01
-5.031395554542541504e-01
-4.917134046554565430e-01
-4.851126074790954590e-01
-4.780655503273010254e-01
-4.675195217132568359e-01
-4.569734334945678711e-01
-4.579815268516540527e-01
-4.603120088577270508e-01
-4.612806439399719238e-01
-4.616671204566955566e-01
-4.611969590187072754e-01
-6.270963549613952637e-01
-6.073709130287170410e-01
-5.874846577644348145e-01
-5.675988197326660156e-01
-5.482778549194335938e-01
-5.362160801887512207e-01
-5.301160216331481934e-01
-5.258731245994567871e-01
-5.221453309059143066e-01
-5.197753906250000000e-01
-5.181840062141418457e-01
-5.175521373748779297e-01
-5.178770422935485840e-01
-5.188615322113037109e-01
-5.203944444656372070e-01
-5.219280123710632324e-01
-5.230113863945007324e-01
-5.235356688499450684e-01
-5.237313508987426758e-01
-5.245928764343261719e-01
-5.253998637199401855e-01
-5.313783288002014160e-01
-5.372418165206909180e-01
-5.378233194351196289e-01
-5.348148345947265625e-01
-5.318042039871215820e-01
-5.286302566528320312e-01
-5.254508256912231445e-01
-5.222718715667724609e-01
-5.197843313217163086e-01
-5.234501361846923828e-01
-5.288983583450317383e-01
-5.385522842407226562e-01
-5.474625825881958008e-01
-5.474414825439453125e-01
-5.473209619522094727e-01
-5.363978147506713867e-01
-5.240637660026550293e-01
-5.116584300994873047e-01
-5.016213655471801758e-01
-4.925735592842102051e-01
-4.831417798995971680e-01
-4.739595055580139160e-01
-4.660333096981048584e-01
-4.653619825839996338e-01
-4.658458530902862549e-01
-4.671599864959716797e-01
-4.679627120494842529e-01
-4.687651097774505615e-01
-4.730474352836608887e-01
-4.774559140205383301e-01
-4.825096726417541504e-01
-4.891530275344848633e-01
-4.973263740539550781e-01
-5.055805444717407227e-01
-5.176571607589721680e-01
-5.292646884918212891e-01
-5.406742095947265625e-01
-5.452789068222045898e-01
-5.475758314132690430e-01
-5.498725771903991699e-01
-5.521695613861083984e-01
-5.542181730270385742e-01
-5.590326786041259766e-01
-5.578509569168090820e-01
-5.603440999984741211e-01
-5.689185857772827148e-01
-5.759164094924926758e-01
-5.795513391494750977e-01
-5.831860303878784180e-01
-5.868207216262817383e-01
-5.811328887939453125e-01
-5.738452672958374023e-01
-5.677977204322814941e-01
-5.627644062042236328e-01
-5.572152733802795410e-01
-5.558802485466003418e-01
-5.612384676933288574e-01
-5.666097402572631836e-01
-5.719810724258422852e-01
-5.803452730178833008e-01
-5.971173048019409180e-01
-6.144981384277343750e-01
-6.318792700767517090e-01
-6.551853418350219727e-01
-6.730830669403076172e-01
-6.740705966949462891e-01
-6.771625280380249023e-01
-6.801879405975341797e-01
-6.826111078262329102e-01
-6.825300455093383789e-01
-6.824489831924438477e-01
-6.792814135551452637e-01
-6.728830337524414062e-01
-6.652299165725708008e-01
-6.562797427177429199e-01
-6.459583044052124023e-01
-6.356651782989501953e-01
-6.226096153259277344e-01
-6.065685749053955078e-01
-5.886747241020202637e-01
-5.681244134902954102e-01
-5.480462312698364258e-01
-5.354241132736206055e-01
-5.242087841033935547e-01
-5.144994258880615234e-01
-5.117335319519042969e-01
-5.113767385482788086e-01
-5.146934986114501953e-01
-5.269163846969604492e-01
-5.361509323120117188e-01
-5.389840006828308105e-01
-5.429299473762512207e-01
-5.468759536743164062e-01
-5.502061843872070312e-01
-5.533924102783203125e-01
-5.492318868637084961e-01
-5.323779582977294922e-01
-5.135532021522521973e-01
-5.007732510566711426e-01
-4.923188686370849609e-01
-4.873896837234497070e-01
-4.774747490882873535e-01
-4.750491380691528320e-01
-4.779264330863952637e-01
-4.808037281036376953e-01
-4.833439588546752930e-01
-4.855949878692626953e-01
-4.867337346076965332e-01
-6.154440045356750488e-01
-5.955577492713928223e-01
-5.759799480438232422e-01
-5.567125678062438965e-01
-5.414256453514099121e-01
-5.335404872894287109e-01
-5.292976498603820801e-01
-5.252947807312011719e-01
-5.225357413291931152e-01
-5.209444165229797363e-01
-5.208280682563781738e-01
-5.211530923843383789e-01
-5.217152237892150879e-01
-5.232483148574829102e-01
-5.243102908134460449e-01
-5.248304009437561035e-01
-5.250256657600402832e-01
-5.252211689949035645e-01
-5.245558619499206543e-01
-5.253089070320129395e-01
-5.247310400009155273e-01
-5.313545465469360352e-01
-5.336319208145141602e-01
-5.306235551834106445e-01
-5.276145935058593750e-01
-5.244907140731811523e-01
-5.213116407394409180e-01
-5.194773674011230469e-01
-5.184636116027832031e-01
-5.160992741584777832e-01
-5.192621946334838867e-01
-5.247103571891784668e-01
-5.319261550903320312e-01
-5.415356755256652832e-01
-5.418013334274291992e-01
-5.411281585693359375e-01
-5.291771888732910156e-01
-5.167719125747680664e-01
-5.052336454391479492e-01
-4.957965016365051270e-01
-4.863827228546142578e-01
-4.770021438598632812e-01
-4.682696163654327393e-01
-4.635393917560577393e-01
-4.678208529949188232e-01
-4.696222543716430664e-01
-4.707249701023101807e-01
-4.715275764465332031e-01
-4.723301231861114502e-01
-4.731327295303344727e-01
-4.767748117446899414e-01
-4.811833500862121582e-01
-4.855915307998657227e-01
-4.911249876022338867e-01
-5.016909241676330566e-01
-5.163428783416748047e-01
-5.279514789581298828e-01
-5.335503220558166504e-01
-5.314939618110656738e-01
-5.310778617858886719e-01
-5.310080647468566895e-01
-5.309383869171142578e-01
-5.310618877410888672e-01
-5.320549011230468750e-01
-5.273225307464599609e-01
-5.354987382888793945e-01
-5.430537462234497070e-01
-5.473646521568298340e-01
-5.513041019439697266e-01
-5.549388527870178223e-01
-5.585735440254211426e-01
-5.598198771476745605e-01
-5.520955324172973633e-01
-5.468157529830932617e-01
-5.417824387550354004e-01
-5.422971844673156738e-01
-5.482178330421447754e-01
-5.535891056060791016e-01
-5.589603185653686523e-01
-5.643317103385925293e-01
-5.726972222328186035e-01
-5.895008444786071777e-01
-6.068814992904663086e-01
-6.242626309394836426e-01
-6.478368639945983887e-01
-6.681880354881286621e-01
-6.695135831832885742e-01
-6.713179349899291992e-01
-6.744865179061889648e-01
-6.765623092651367188e-01
-6.776928901672363281e-01
-6.776118278503417969e-01
-6.718503832817077637e-01
-6.659768223762512207e-01
-6.608712673187255859e-01
-6.556119322776794434e-01
-6.471807956695556641e-01
-6.381413936614990234e-01
-6.274801492691040039e-01
-6.128431558609008789e-01
-5.962648391723632812e-01
-5.800116062164306641e-01
-5.666691064834594727e-01
-5.544610619544982910e-01
-5.419303774833679199e-01
-5.308915376663208008e-01
-5.276534557342529297e-01
-5.289979577064514160e-01
-5.290453433990478516e-01
-5.349378585815429688e-01
-5.456184148788452148e-01
-5.502759218215942383e-01
-5.537927150726318359e-01
-5.580157041549682617e-01
-5.617978572845458984e-01
-5.652606487274169922e-01
-5.620671510696411133e-01
-5.448168516159057617e-01
-5.262695550918579102e-01
-5.122260451316833496e-01
-5.028855204582214355e-01
-4.963890314102172852e-01
-4.956929087638854980e-01
-4.982503056526184082e-01
-5.006404519081115723e-01
-5.030307173728942871e-01
-5.055874586105346680e-01
-5.079535841941833496e-01
-5.102269649505615234e-01
-6.097929477691650391e-01
-5.884579420089721680e-01
-5.671237707138061523e-01
-5.466349720954895020e-01
-5.369649529457092285e-01
-5.327221155166625977e-01
-5.284795165061950684e-01
-5.253241658210754395e-01
-5.237795114517211914e-01
-5.241037607192993164e-01
-5.244290828704833984e-01
-5.247538089752197266e-01
-5.256088972091674805e-01
-5.261247158050537109e-01
-5.263202190399169922e-01
-5.265157818794250488e-01
-5.259166359901428223e-01
-5.251907110214233398e-01
-5.242851376533508301e-01
-5.219248533248901367e-01
-5.253073573112487793e-01
-5.294165015220642090e-01
-5.264315009117126465e-01
-5.234229564666748047e-01
-5.203511118888854980e-01
-5.189788341522216797e-01
-5.184199810028076172e-01
-5.171790122985839844e-01
-5.145626068115234375e-01
-5.124140977859497070e-01
-5.150738954544067383e-01
-5.205224752426147461e-01
-5.259705781936645508e-01
-5.356088876724243164e-01
-5.358984470367431641e-01
-5.335552692413330078e-01
-5.217800140380859375e-01
-5.098733901977539062e-01
-4.992055892944335938e-01
-4.896233081817626953e-01
-4.800447225570678711e-01
-4.713120758533477783e-01
-4.634872674942016602e-01
-4.663949608802795410e-01
-4.716900587081909180e-01
-4.734876453876495361e-01
-4.742901921272277832e-01
-4.750926494598388672e-01
-4.758952558040618896e-01
-4.766976833343505859e-01
-4.775003194808959961e-01
-4.805020093917846680e-01
-4.849104881286621094e-01
-4.928016662597656250e-01
-5.029401183128356934e-01
-5.126895904541015625e-01
-5.198786854743957520e-01
-5.178379416465759277e-01
-5.148805379867553711e-01
-5.111867189407348633e-01
-5.084862709045410156e-01
-5.093235373497009277e-01
-5.102603435516357422e-01
-5.114588737487792969e-01
-5.129604935646057129e-01
-5.152140855789184570e-01
-5.145716667175292969e-01
-5.182961821556091309e-01
-5.227432250976562500e-01
-5.266914963722229004e-01
-5.299332141876220703e-01
-5.320237874984741211e-01
-5.308706760406494141e-01
-5.258404612541198730e-01
-5.250668525695800781e-01
-5.310487747192382812e-01
-5.388876199722290039e-01
-5.460419654846191406e-01
-5.514370203018188477e-01
-5.568086504936218262e-01
-5.668172836303710938e-01
-5.820817947387695312e-01
-5.992742776870727539e-01
-6.158565878868103027e-01
-6.386001110076904297e-01
-6.601276397705078125e-01
-6.643645167350769043e-01
-6.651813387870788574e-01
-6.682760715484619141e-01
-6.705129146575927734e-01
-6.727495789527893066e-01
-6.723207235336303711e-01
-6.655022501945495605e-01
-6.586835980415344238e-01
-6.531216502189636230e-01
-6.482523083686828613e-01
-6.426804065704345703e-01
-6.358367204666137695e-01
-6.281335949897766113e-01
-6.139222383499145508e-01
-6.001615524291992188e-01
-5.864009261131286621e-01
-5.785403847694396973e-01
-5.707450509071350098e-01
-5.614553689956665039e-01
-5.527250170707702637e-01
-5.497632026672363281e-01
-5.500950813293457031e-01
-5.517644882202148438e-01
-5.480719804763793945e-01
-5.575172305107116699e-01
-5.654696226119995117e-01
-5.679896473884582520e-01
-5.720154643058776855e-01
-5.759978294372558594e-01
-5.795561075210571289e-01
-5.770375728607177734e-01
-5.591620206832885742e-01
-5.407342314720153809e-01
-5.252833962440490723e-01
-5.159701108932495117e-01
-5.082384943962097168e-01
-5.167787075042724609e-01
-5.216449499130249023e-01
-5.247499346733093262e-01
-5.275471806526184082e-01
-5.299611687660217285e-01
-5.323144793510437012e-01
-5.341023802757263184e-01
-6.085947155952453613e-01
-5.872595906257629395e-01
-5.659256577491760254e-01
-5.499323010444641113e-01
-5.436232089996337891e-01
-5.373131036758422852e-01
-5.318157076835632324e-01
-5.283302068710327148e-01
-5.273799300193786621e-01
-5.277048349380493164e-01
-5.275138616561889648e-01
-5.274189710617065430e-01
-5.276144742965698242e-01
-5.278100371360778809e-01
-5.272774696350097656e-01
-5.265517234802246094e-01
-5.258257985115051270e-01
-5.232357978820800781e-01
-5.208745598793029785e-01
-5.186752676963806152e-01
-5.235682725906372070e-01
-5.223032236099243164e-01
-5.193184614181518555e-01
-5.185903906822204590e-01
-5.180556774139404297e-01
-5.175209641456604004e-01
-5.160765051841735840e-01
-5.134840011596679688e-01
-5.108915567398071289e-01
-5.089832544326782227e-01
-5.111637711524963379e-01
-5.166357755661010742e-01
-5.221078395843505859e-01
-5.300161838531494141e-01
-5.304268598556518555e-01
-5.262831449508666992e-01
-5.143073797225952148e-01
-5.039889812469482422e-01
-4.933325052261352539e-01
-4.835796952247619629e-01
-4.749877154827117920e-01
-4.684294462203979492e-01
-4.660316407680511475e-01
-4.723019003868103027e-01
-4.761712253093719482e-01
-4.776879549026489258e-01
-4.785143733024597168e-01
-4.793409109115600586e-01
-4.801673889160156250e-01
-4.809937477111816406e-01
-4.816040396690368652e-01
-4.800636768341064453e-01
-4.828052520751953125e-01
-4.920537471771240234e-01
-5.008239746093750000e-01
-5.078661441802978516e-01
-5.057559609413146973e-01
-5.008750557899475098e-01
-4.979631900787353516e-01
-4.960361719131469727e-01
-4.939085245132446289e-01
-4.911672472953796387e-01
-4.906998872756958008e-01
-4.924312829971313477e-01
-4.987470507621765137e-01
-4.981284737586975098e-01
-4.975098967552185059e-01
-4.968914389610290527e-01
-4.962730407714843750e-01
-4.992254972457885742e-01
-5.016943216323852539e-01
-5.038086175918579102e-01
-5.074331760406494141e-01
-5.095924735069274902e-01
-5.147259831428527832e-01
-5.214466452598571777e-01
-5.299371480941772461e-01
-5.384277701377868652e-01
-5.450664162635803223e-01
-5.504215955734252930e-01
-5.616576671600341797e-01
-5.757464170455932617e-01
-5.911190509796142578e-01
-6.077011823654174805e-01
-6.303909420967102051e-01
-6.507012844085693359e-01
-6.585861444473266602e-01
-6.602184772491455078e-01
-6.631743907928466797e-01
-6.656877398490905762e-01
-6.682010293006896973e-01
-6.674417853355407715e-01
-6.611666679382324219e-01
-6.548914313316345215e-01
-6.484433412551879883e-01
-6.434461474418640137e-01
-6.390656232833862305e-01
-6.332806944847106934e-01
-6.263275146484375000e-01
-6.145393848419189453e-01
-6.027512550354003906e-01
-5.925072431564331055e-01
-5.868969559669494629e-01
-5.810528993606567383e-01
-5.739796161651611328e-01
-5.682647228240966797e-01
-5.693305730819702148e-01
-5.740374326705932617e-01
-5.750802159309387207e-01
-5.703004598617553711e-01
-5.701308250427246094e-01
-5.790200829505920410e-01
-5.835672020912170410e-01
-5.863512754440307617e-01
-5.905272960662841797e-01
-5.944465994834899902e-01
-5.923702120780944824e-01
-5.739431381225585938e-01
-5.555158853530883789e-01
-5.385362505912780762e-01
-5.292229056358337402e-01
-5.311210155487060547e-01
-5.363954305648803711e-01
-5.446131229400634766e-01
-5.477178096771240234e-01
-5.508230328559875488e-01
-5.539284348487854004e-01
-5.569407939910888672e-01
-5.591189265251159668e-01
-6.082552075386047363e-01
-5.869443416595458984e-01
-5.672196745872497559e-01
-5.596790909767150879e-01
-5.533933639526367188e-01
-5.476440787315368652e-01
-5.443096160888671875e-01
-5.425867438316345215e-01
-5.403345227241516113e-01
-5.375913977622985840e-01
-5.348468422889709473e-01
-5.328671336174011230e-01
-5.303580760955810547e-01
-5.290814638137817383e-01
-5.283793210983276367e-01
-5.276771187782287598e-01
-5.241261124610900879e-01
-5.210883617401123047e-01
-5.187520980834960938e-01
-5.189535021781921387e-01
-5.194933414459228516e-01
-5.191297531127929688e-01
-5.187660455703735352e-01
-5.182715654373168945e-01
-5.177366137504577637e-01
-5.160646438598632812e-01
-5.134722590446472168e-01
-5.108799338340759277e-01
-5.082874298095703125e-01
-5.065952539443969727e-01
-5.082721710205078125e-01
-5.137444138526916504e-01
-5.192167758941650391e-01
-5.253900289535522461e-01
-5.258791446685791016e-01
-5.196866989135742188e-01
-5.088951587677001953e-01
-4.983437657356262207e-01
-4.875367879867553711e-01
-4.800922870635986328e-01
-4.743928611278533936e-01
-4.686045050621032715e-01
-4.712512791156768799e-01
-4.789676070213317871e-01
-4.813337326049804688e-01
-4.825499653816223145e-01
-4.833723306655883789e-01
-4.818373918533325195e-01
-4.802973270416259766e-01
-4.787571430206298828e-01
-4.772169589996337891e-01
-4.776396751403808594e-01
-4.833092093467712402e-01
-4.900075197219848633e-01
-4.992860555648803711e-01
-5.036643743515014648e-01
-4.961049556732177734e-01
-4.889307022094726562e-01
-4.837800264358520508e-01
-4.813761115074157715e-01
-4.794491529464721680e-01
-4.775221347808837891e-01
-4.751960635185241699e-01
-4.773252010345458984e-01
-4.818879961967468262e-01
-4.812269210815429688e-01
-4.806083440780639648e-01
-4.799900054931640625e-01
-4.793716669082641602e-01
-4.774562716484069824e-01
-4.752937257289886475e-01
-4.756345152854919434e-01
-4.827393293380737305e-01
-4.968241453170776367e-01
-5.050696730613708496e-01
-5.126540660858154297e-01
-5.212150812149047852e-01
-5.299329757690429688e-01
-5.380668044090270996e-01
-5.444105267524719238e-01
-5.563634037971496582e-01
-5.707364082336425781e-01
-5.851289033889770508e-01
-6.016740798950195312e-01
-6.245870590209960938e-01
-6.438305377960205078e-01
-6.537190675735473633e-01
-6.589093208312988281e-01
-6.607244014739990234e-01
-6.632379889488220215e-01
-6.657510995864868164e-01
-6.634321808815002441e-01
-6.579611897468566895e-01
-6.516860723495483398e-01
-6.454107761383056641e-01
-6.391355991363525391e-01
-6.346932649612426758e-01
-6.305940151214599609e-01
-6.241512298583984375e-01
-6.123632192611694336e-01
-6.006420850753784180e-01
-5.943446159362792969e-01
-5.907033085823059082e-01
-5.870062708854675293e-01
-5.821737051010131836e-01
-5.784673094749450684e-01
-5.805857181549072266e-01
-5.864869356155395508e-01
-5.928851366043090820e-01
-5.922357439994812012e-01
-5.873758792877197266e-01
-5.923558473587036133e-01
-6.001296043395996094e-01
-6.023316979408264160e-01
-6.053807735443115234e-01
-6.094753742218017578e-01
-6.071517467498779297e-01
-5.887247920036315918e-01
-5.702974200248718262e-01
-5.518705248832702637e-01
-5.503388643264770508e-01
-5.540750026702880859e-01
-5.582498311996459961e-01
-5.649358630180358887e-01
-5.706861615180969238e-01
-5.737909674644470215e-01
-5.768960118293762207e-01
-5.800016522407531738e-01
-5.831069946289062500e-01
-6.083537936210632324e-01
-5.870434045791625977e-01
-5.760779976844787598e-01
-5.697921514511108398e-01
-5.637682080268859863e-01
-5.605329871177673340e-01
-5.582813620567321777e-01
-5.555338859558105469e-01
-5.524778962135314941e-01
-5.495068430900573730e-01
-5.467366576194763184e-01
-5.439678430557250977e-01
-5.411984920501708984e-01
-5.384294986724853516e-01
-5.350203514099121094e-01
-5.290834307670593262e-01
-5.232521295547485352e-01
-5.189750194549560547e-01
-5.163745880126953125e-01
-5.196573138236999512e-01
-5.192930102348327637e-01
-5.189297199249267578e-01
-5.184872746467590332e-01
-5.179522633552551270e-01
-5.160534977912902832e-01
-5.134608149528503418e-01
-5.108681321144104004e-01
-5.082756876945495605e-01
-5.058094859123229980e-01
-5.042070746421813965e-01
-5.053812265396118164e-01
-5.108532309532165527e-01
-5.163254737854003906e-01
-5.208169817924499512e-01
-5.213310718536376953e-01
-5.138012170791625977e-01
-5.032675266265869141e-01
-4.924812912940979004e-01
-4.850483536720275879e-01
-4.796622991561889648e-01
-4.742765426635742188e-01
-4.720113277435302734e-01
-4.778804779052734375e-01
-4.818069934844970703e-01
-4.818066954612731934e-01
-4.805308580398559570e-01
-4.789905548095703125e-01
-4.774502515792846680e-01
-4.759103357791900635e-01
-4.743701517581939697e-01
-4.740397334098815918e-01
-4.797295331954956055e-01
-4.855091571807861328e-01
-4.912886619567871094e-01
-4.959512948989868164e-01
-4.961705207824707031e-01
-4.894036650657653809e-01
-4.822846651077270508e-01
-4.751659035682678223e-01
-4.686799347400665283e-01
-4.647889733314514160e-01
-4.628194272518157959e-01
-4.607997536659240723e-01
-4.656773805618286133e-01
-4.676829576492309570e-01
-4.648280143737792969e-01
-4.642277359962463379e-01
-4.638723731040954590e-01
-4.625540971755981445e-01
-4.606681466102600098e-01
-4.587819874286651611e-01
-4.592541456222534180e-01
-4.680064320564270020e-01
-4.818601012229919434e-01
-4.979108572006225586e-01
-5.065429806709289551e-01
-5.145185589790344238e-01
-5.224231481552124023e-01
-5.303277969360351562e-01
-5.399612784385681152e-01
-5.528525710105895996e-01
-5.672330856323242188e-01
-5.816254019737243652e-01
-5.966004133224487305e-01
-6.194597482681274414e-01
-6.373601555824279785e-01
-6.472483277320861816e-01
-6.554653644561767578e-01
-6.582744717597961426e-01
-6.607877016067504883e-01
-6.632590889930725098e-01
-6.590110063552856445e-01
-6.547557115554809570e-01
-6.484806537628173828e-01
-6.422053575515747070e-01
-6.359302401542663574e-01
-6.296550035476684570e-01
-6.255006790161132812e-01
-6.215295791625976562e-01
-6.101423501968383789e-01
-5.993182063102722168e-01
-5.951525568962097168e-01
-5.912553668022155762e-01
-5.878916382789611816e-01
-5.841942429542541504e-01
-5.826233625411987305e-01
-5.882422327995300293e-01
-5.949936509132385254e-01
-6.023744940757751465e-01
-6.061073541641235352e-01
-6.061782836914062500e-01
-6.052705049514770508e-01
-6.131091117858886719e-01
-6.173048615455627441e-01
-6.202770471572875977e-01
-6.239868998527526855e-01
-6.213487386703491211e-01
-6.032322645187377930e-01
-5.850788354873657227e-01
-5.711660385131835938e-01
-5.732932090759277344e-01
-5.770294666290283203e-01
-5.807662606239318848e-01
-5.864066481590270996e-01
-5.934095978736877441e-01
-5.967588424682617188e-01
-5.998641848564147949e-01
-6.029696464538574219e-01
-6.060747504234313965e-01
-6.084522008895874023e-01
-5.924768447875976562e-01
-5.861908197402954102e-01
-5.800764560699462891e-01
-5.762820839881896973e-01
-5.734762549400329590e-01
-5.704200267791748047e-01
-5.673637390136718750e-01
-5.637787580490112305e-01
-5.604273080825805664e-01
-5.575765371322631836e-01
-5.548079609870910645e-01
-5.520387887954711914e-01
-5.476708412170410156e-01
-5.417340397834777832e-01
-5.357975959777832031e-01
-5.318051576614379883e-01
-5.299476981163024902e-01
-5.272504687309265137e-01
-5.248311161994934082e-01
-5.223996639251708984e-01
-5.199427604675292969e-01
-5.181682705879211426e-01
-5.160415172576904297e-01
-5.134490132331848145e-01
-5.108567476272583008e-01
-5.082643032073974609e-01
-5.056718587875366211e-01
-5.034214258193969727e-01
-5.018190145492553711e-01
-5.025100111961364746e-01
-5.079623460769653320e-01
-5.134676694869995117e-01
-5.185636281967163086e-01
-5.169389247894287109e-01
-5.081914067268371582e-01
-4.985401034355163574e-01
-4.909991621971130371e-01
-4.846184253692626953e-01
-4.773024916648864746e-01
-4.695496261119842529e-01
-4.698345959186553955e-01
-4.755934178829193115e-01
-4.775451421737670898e-01
-4.773218631744384766e-01
-4.761437773704528809e-01
-4.746034741401672363e-01
-4.730631411075592041e-01
-4.715326428413391113e-01
-4.708579778671264648e-01
-4.763005971908569336e-01
-4.821504354476928711e-01
-4.880006909370422363e-01
-4.945361018180847168e-01
-4.961367249488830566e-01
-4.901693463325500488e-01
-4.835879802703857422e-01
-4.767457842826843262e-01
-4.699037075042724609e-01
-4.630613625049591064e-01
-4.559567570686340332e-01
-4.486297369003295898e-01
-4.500036835670471191e-01
-4.551149904727935791e-01
-4.586549997329711914e-01
-4.561375975608825684e-01
-4.520934224128723145e-01
-4.495397806167602539e-01
-4.475103914737701416e-01
-4.456244409084320068e-01
-4.447798132896423340e-01
-4.516456127166748047e-01
-4.640179872512817383e-01
-4.763112664222717285e-01
-4.871456623077392578e-01
-4.988400936126708984e-01
-5.067792534828186035e-01
-5.146840810775756836e-01
-5.225884914398193359e-01
-5.331810712814331055e-01
-5.493416190147399902e-01
-5.637295842170715332e-01
-5.781221985816955566e-01
-5.925145149230957031e-01
-6.143325567245483398e-01
-6.308894753456115723e-01
-6.407780051231384277e-01
-6.501197814941406250e-01
-6.550330519676208496e-01
-6.583378314971923828e-01
-6.588379740715026855e-01
-6.545899510383605957e-01
-6.503418684005737305e-01
-6.452748775482177734e-01
-6.389999389648437500e-01
-6.327247619628906250e-01
-6.264495849609375000e-01
-6.201742887496948242e-01
-6.163078546524047852e-01
-6.068937778472900391e-01
-5.993043184280395508e-01
-5.956737995147705078e-01
-5.920433998107910156e-01
-5.881662964820861816e-01
-5.845258235931396484e-01
-5.824978351593017578e-01
-5.867871046066284180e-01
-5.970999002456665039e-01
-6.096470355987548828e-01
-6.154565215110778809e-01
-6.175475120544433594e-01
-6.186473369598388672e-01
-6.227465271949768066e-01
-6.323012113571166992e-01
-6.352953314781188965e-01
-6.377643346786499023e-01
-6.347883939743041992e-01
-6.162934303283691406e-01
-5.989641547203063965e-01
-5.937118530273437500e-01
-5.950509905815124512e-01
-5.994563698768615723e-01
-6.035869121551513672e-01
-6.082614660263061523e-01
-6.145626902580261230e-01
-6.197271943092346191e-01
-6.228324770927429199e-01
-6.259377598762512207e-01
-6.290428042411804199e-01
-6.096835136413574219e-01
-6.025191545486450195e-01
-5.964357852935791016e-01
-5.918615460395812988e-01
-5.883626937866210938e-01
-5.853062272071838379e-01
-5.817878246307373047e-01
-5.778107047080993652e-01
-5.742317438125610352e-01
-5.711862444877624512e-01
-5.684167742729187012e-01
-5.656483769416809082e-01
-5.603218674659729004e-01
-5.543847084045410156e-01
-5.499423742294311523e-01
-5.468119978904724121e-01
-5.450289845466613770e-01
-5.406566858291625977e-01
-5.366959571838378906e-01
-5.342648029327392578e-01
-5.318341255187988281e-01
-5.292578935623168945e-01
-5.248368382453918457e-01
-5.201774835586547852e-01
-5.155182480812072754e-01
-5.108585953712463379e-01
-5.061991810798645020e-01
-5.030677318572998047e-01
-5.010331869125366211e-01
-4.994306564331054688e-01
-4.996851682662963867e-01
-5.050711631774902344e-01
-5.106582641601562500e-01
-5.162889957427978516e-01
-5.134518146514892578e-01
-5.033986568450927734e-01
-4.933339357376098633e-01
-4.840323328971862793e-01
-4.755580425262451172e-01
-4.678760766983032227e-01
-4.633978009223937988e-01
-4.668550193309783936e-01
-4.730278551578521729e-01
-4.735436439514160156e-01
-4.733607470989227295e-01
-4.726174473762512207e-01
-4.713541567325592041e-01
-4.700907766819000244e-01
-4.692071378231048584e-01
-4.745377004146575928e-01
-4.805943965911865234e-01
-4.873369932174682617e-01
-4.944001436233520508e-01
-4.985411167144775391e-01
-4.967104196548461914e-01
-4.902645349502563477e-01
-4.810336828231811523e-01
-4.731894433498382568e-01
-4.663471579551696777e-01
-4.591373205184936523e-01
-4.501043558120727539e-01
-4.418336749076843262e-01
-4.419348537921905518e-01
-4.450653195381164551e-01
-4.491745829582214355e-01
-4.473852515220642090e-01
-4.438197612762451172e-01
-4.385437369346618652e-01
-4.329555630683898926e-01
-4.309382438659667969e-01
-4.357498288154602051e-01
-4.468423128128051758e-01
-4.585925340652465820e-01
-4.703427851200103760e-01
-4.823843836784362793e-01
-4.960460662841796875e-01
-5.034831166267395020e-01
-5.069448947906494141e-01
-5.148496031761169434e-01
-5.264005661010742188e-01
-5.434666872024536133e-01
-5.602262020111083984e-01
-5.746185779571533203e-01
-5.890110731124877930e-01
-6.092971563339233398e-01
-6.244188547134399414e-01
-6.343074440956115723e-01
-6.432980298995971680e-01
-6.509367823600769043e-01
-6.558539867401123047e-01
-6.544168591499328613e-01
-6.501688957214355469e-01
-6.459207534790039062e-01
-6.416727900505065918e-01
-6.357941627502441406e-01
-6.295189857482910156e-01
-6.232440471649169922e-01
-6.169688105583190918e-01
-6.108887195587158203e-01
-6.027221679687500000e-01
-5.988281965255737305e-01
-5.957061052322387695e-01
-5.920758247375488281e-01
-5.884453654289245605e-01
-5.837460756301879883e-01
-5.811418294906616211e-01
-5.866726636886596680e-01
-5.963798761367797852e-01
-6.074920892715454102e-01
-6.180541515350341797e-01
-6.247094869613647461e-01
-6.279308795928955078e-01
-6.299114227294921875e-01
-6.387085318565368652e-01
-6.470849514007568359e-01
-6.523314118385314941e-01
-6.483862400054931641e-01
-6.297329664230346680e-01
-6.221053600311279297e-01
-6.166599392890930176e-01
-6.156617403030395508e-01
-6.193301677703857422e-01
-6.235449910163879395e-01
-6.280220746994018555e-01
-6.347688436508178711e-01
-6.418111324310302734e-01
-6.454122662544250488e-01
-6.489055752754211426e-01
-6.520105004310607910e-01
-6.183620095252990723e-01
-6.122857332229614258e-01
-6.071365475654602051e-01
-6.032482981681823730e-01
-5.997967123985290527e-01
-5.958195924758911133e-01
-5.918418765068054199e-01
-5.880364179611206055e-01
-5.848258137702941895e-01
-5.820264816284179688e-01
-5.789089798927307129e-01
-5.729719996452331543e-01
-5.689917206764221191e-01
-5.656751394271850586e-01
-5.623595118522644043e-01
-5.600355267524719238e-01
-5.564234256744384766e-01
-5.485611557960510254e-01
-5.461296439170837402e-01
-5.436987280845642090e-01
-5.411413908004760742e-01
-5.365267992019653320e-01
-5.318671464920043945e-01
-5.272101163864135742e-01
-5.226213335990905762e-01
-5.180319547653198242e-01
-5.134433507919311523e-01
-5.088542699813842773e-01
-5.050392746925354004e-01
-5.014403462409973145e-01
-4.992610216140747070e-01
-5.012893676757812500e-01
-5.046459436416625977e-01
-5.104978084564208984e-01
-5.039870738983154297e-01
-4.939601421356201172e-01
-4.848641157150268555e-01
-4.757683873176574707e-01
-4.677032828330993652e-01
-4.602275192737579346e-01
-4.607540965080261230e-01
-4.662683010101318359e-01
-4.708534777164459229e-01
-4.715351164340972900e-01
-4.713856875896453857e-01
-4.710683524608612061e-01
-4.700486361980438232e-01
-4.687852263450622559e-01
-4.737634360790252686e-01
-4.804210066795349121e-01
-4.874836802482604980e-01
-4.945468902587890625e-01
-5.005050897598266602e-01
-5.014363527297973633e-01
-4.968211650848388672e-01
-4.901121854782104492e-01
-4.817237257957458496e-01
-4.712754189968109131e-01
-4.623851776123046875e-01
-4.531562626361846924e-01
-4.420679807662963867e-01
-4.398058056831359863e-01
-4.397256076335906982e-01
-4.396451711654663086e-01
-4.402043223381042480e-01
-4.383938610553741455e-01
-4.336200058460235596e-01
-4.288464188575744629e-01
-4.240726232528686523e-01
-4.237241148948669434e-01
-4.294154047966003418e-01
-4.408317804336547852e-01
-4.524962306022644043e-01
-4.642463028430938721e-01
-4.771331548690795898e-01
-4.914616346359252930e-01
-5.044389367103576660e-01
-5.095651149749755859e-01
-5.122763514518737793e-01
-5.202118158340454102e-01
-5.373653173446655273e-01
-5.548530817031860352e-01
-5.711150765419006348e-01
-5.855076909065246582e-01
-6.057401895523071289e-01
-6.179482936859130859e-01
-6.276671290397644043e-01
-6.364761590957641602e-01
-6.452852487564086914e-01
-6.523621082305908203e-01
-6.499958634376525879e-01
-6.457479000091552734e-01
-6.414997577667236328e-01
-6.372517347335815430e-01
-6.325887441635131836e-01
-6.263136267662048340e-01
-6.200385093688964844e-01
-6.137633323669433594e-01
-6.074880957603454590e-01
-5.988918542861938477e-01
-5.977295637130737305e-01
-5.950399041175842285e-01
-5.922272205352783203e-01
-5.876088142395019531e-01
-5.825579762458801270e-01
-5.801210403442382812e-01
-5.846883058547973633e-01
-5.957188606262207031e-01
-6.074206233024597168e-01
-6.173483133316040039e-01
-6.239205002784729004e-01
-6.306994557380676270e-01
-6.361908316612243652e-01
-6.421202421188354492e-01
-6.534494161605834961e-01
-6.602100133895874023e-01
-6.589438915252685547e-01
-6.495370268821716309e-01
-6.452112793922424316e-01
-6.398012042045593262e-01
-6.372745633125305176e-01
-6.409430503845214844e-01
-6.446112394332885742e-01
-6.482796072959899902e-01
-6.532087326049804688e-01
-6.602512598037719727e-01
-6.655154228210449219e-01
-6.690320968627929688e-01
-6.728780865669250488e-01
-6.312763690948486328e-01
-6.250247955322265625e-01
-6.195915937423706055e-01
-6.147870421409606934e-01
-6.099815964698791504e-01
-6.058732271194458008e-01
-6.018960475921630859e-01
-5.986301302909851074e-01
-5.956357121467590332e-01
-5.915595889091491699e-01
-5.880407094955444336e-01
-5.847580432891845703e-01
-5.815128087997436523e-01
-5.782673954963684082e-01
-5.752874016761779785e-01
-5.725060701370239258e-01
-5.654971003532409668e-01
-5.584522485733032227e-01
-5.560914874076843262e-01
-5.534738302230834961e-01
-5.488851070404052734e-01
-5.442962050437927246e-01
-5.397067666053771973e-01
-5.351764559745788574e-01
-5.307939052581787109e-01
-5.264109969139099121e-01
-5.220282077789306641e-01
-5.163677334785461426e-01
-5.106076598167419434e-01
-5.048484802246093750e-01
-5.000712871551513672e-01
-5.017759799957275391e-01
-5.064928531646728516e-01
-5.116752386093139648e-01
-5.010839700698852539e-01
-4.883641004562377930e-01
-4.780645370483398438e-01
-4.689687192440032959e-01
-4.611059725284576416e-01
-4.567990899085998535e-01
-4.603920876979827881e-01
-4.663202464580535889e-01
-4.690715372562408447e-01
-4.696161448955535889e-01
-4.692994058132171631e-01
-4.689822494983673096e-01
-4.685082435607910156e-01
-4.735044538974761963e-01
-4.805673956871032715e-01
-4.876304864883422852e-01
-4.946934580802917480e-01
-5.012605190277099609e-01
-5.043647289276123047e-01
-5.023261308670043945e-01
-4.968110918998718262e-01
-4.899601936340332031e-01
-4.822928309440612793e-01
-4.715214967727661133e-01
-4.584906101226806641e-01
-4.448122680187225342e-01
-4.378585219383239746e-01
-4.377781748771667480e-01
-4.376978874206542969e-01
-4.376173019409179688e-01
-4.375370740890502930e-01
-4.304627180099487305e-01
-4.234205484390258789e-01
-4.179233908653259277e-01
-4.172677993774414062e-01
-4.214903712272644043e-01
-4.283720254898071289e-01
-4.364200532436370850e-01
-4.466153383255004883e-01
-4.581803679466247559e-01
-4.717603921890258789e-01
-4.861990809440612793e-01
-4.997531175613403320e-01
-5.127620697021484375e-01
-5.161882042884826660e-01
-5.251856446266174316e-01
-5.371533632278442383e-01
-5.494478940963745117e-01
-5.662396550178527832e-01
-5.820041894912719727e-01
-6.020739078521728516e-01
-6.122437119483947754e-01
-6.208454966545104980e-01
-6.296545267105102539e-01
-6.384635567665100098e-01
-6.452547907829284668e-01
-6.453186869621276855e-01
-6.413269042968750000e-01
-6.370786428451538086e-01
-6.328304409980773926e-01
-6.285825967788696289e-01
-6.231080293655395508e-01
-6.168328523635864258e-01
-6.105579137802124023e-01
-6.043310761451721191e-01
-5.984871387481689453e-01
-5.957493185997009277e-01
-5.941939353942871094e-01
-5.905387401580810547e-01
-5.864063501358032227e-01
-5.813696384429931641e-01
-5.790954232215881348e-01
-5.837203264236450195e-01
-5.939049720764160156e-01
-6.056631803512573242e-01
-6.179222464561462402e-01
-6.236501932144165039e-01
-6.300129890441894531e-01
-6.368933916091918945e-01
-6.429481506347656250e-01
-6.527153253555297852e-01
-6.632251143455505371e-01
-6.678382158279418945e-01
-6.659498810768127441e-01
-6.641071438789367676e-01
-6.609101295471191406e-01
-6.583638191223144531e-01
-6.624098420143127441e-01
-6.662241816520690918e-01
-6.698926687240600586e-01
-6.736310124397277832e-01
-6.798646450042724609e-01
-6.860975027084350586e-01
-6.885852217674255371e-01
-6.924313306808471680e-01
-6.463803648948669434e-01
-6.401162743568420410e-01
-6.353018283843994141e-01
-6.305673718452453613e-01
-6.258332729339599609e-01
-6.210984587669372559e-01
-6.168491244316101074e-01
-6.131608486175537109e-01
-6.099897623062133789e-01
-6.059169173240661621e-01
-6.018438339233398438e-01
-5.980528593063354492e-01
-5.948074460029602051e-01
-5.917631387710571289e-01
-5.894868969917297363e-01
-5.843745470046997070e-01
-5.726410150527954102e-01
-5.697893500328063965e-01
-5.671895742416381836e-01
-5.628199577331542969e-01
-5.584371089935302734e-01
-5.540543794631958008e-01
-5.496708750724792480e-01
-5.442282557487487793e-01
-5.374785661697387695e-01
-5.307292938232421875e-01
-5.239797830581665039e-01
-5.174463987350463867e-01
-5.116865634918212891e-01
-5.060731768608093262e-01
-5.028872489929199219e-01
-5.068686008453369141e-01
-5.122088193893432617e-01
-5.171608924865722656e-01
-5.063297748565673828e-01
-4.911981225013732910e-01
-4.800357222557067871e-01
-4.688729345798492432e-01
-4.591459631919860840e-01
-4.575709700584411621e-01
-4.606983363628387451e-01
-4.663719832897186279e-01
-4.672897458076477051e-01
-4.675304293632507324e-01
-4.672130346298217773e-01
-4.673782885074615479e-01
-4.727888703346252441e-01
-4.802576303482055664e-01
-4.877260327339172363e-01
-4.948400259017944336e-01
-5.019032955169677734e-01
-5.064755678176879883e-01
-5.068997740745544434e-01
-5.024368762969970703e-01
-4.966588020324707031e-01
-4.898079633712768555e-01
-4.819293618202209473e-01
-4.695218801498413086e-01
-4.541938304901123047e-01
-4.402483105659484863e-01
-4.358305931091308594e-01
-4.357502460479736328e-01
-4.356700479984283447e-01
-4.355894923210144043e-01
-4.344987571239471436e-01
-4.273710548877716064e-01
-4.165825247764587402e-01
-4.105570018291473389e-01
-4.132989048957824707e-01
-4.193963408470153809e-01
-4.273653924465179443e-01
-4.362278282642364502e-01
-4.445441663265228271e-01
-4.525772333145141602e-01
-4.665741324424743652e-01
-4.808541536331176758e-01
-4.945169091224670410e-01
-5.079399347305297852e-01
-5.204131007194519043e-01
-5.301865339279174805e-01
-5.421617627143859863e-01
-5.544564723968505859e-01
-5.667511224746704102e-01
-5.790457725524902344e-01
-5.978228449821472168e-01
-6.073433160781860352e-01
-6.140235662460327148e-01
-6.228327155113220215e-01
-6.316418647766113281e-01
-6.373144388198852539e-01
-6.395469903945922852e-01
-6.369057297706604004e-01
-6.326576471328735352e-01
-6.284093856811523438e-01
-6.241613626480102539e-01
-6.199024319648742676e-01
-6.136709451675415039e-01
-6.074925065040588379e-01
-6.020804643630981445e-01
-5.987365841865539551e-01
-5.952274799346923828e-01
-5.917817354202270508e-01
-5.882196426391601562e-01
-5.840873122215270996e-01
-5.799552202224731445e-01
-5.780699253082275391e-01
-5.827523469924926758e-01
-5.931420326232910156e-01
-6.041589379310607910e-01
-6.156075596809387207e-01
-6.235201954841613770e-01
-6.301462650299072266e-01
-6.362979412078857422e-01
-6.429363489151000977e-01
-6.488690376281738281e-01
-6.629577875137329102e-01
-6.776990294456481934e-01
-6.768090128898620605e-01
-6.759455204010009766e-01
-6.767829656600952148e-01
-6.755653619766235352e-01
-6.812585592269897461e-01
-6.865566372871398926e-01
-6.910404562950134277e-01
-6.949679851531982422e-01
-7.003773450851440430e-01
-7.066106200218200684e-01
-7.119494676589965820e-01
-7.128035426139831543e-01
-6.615505218505859375e-01
-6.563471555709838867e-01
-6.517500877380371094e-01
-6.472217440605163574e-01
-6.426935791969299316e-01
-6.391437053680419922e-01
-6.378703117370605469e-01
-6.339052915573120117e-01
-6.300382614135742188e-01
-6.261714696884155273e-01
-6.223042607307434082e-01
-6.184374690055847168e-01
-6.145709156990051270e-01
-6.110492348670959473e-01
-6.058922410011291504e-01
-5.946956872940063477e-01
-5.854188203811645508e-01
-5.817664265632629395e-01
-5.773145556449890137e-01
-5.720888972282409668e-01
-5.653391480445861816e-01
-5.585899949073791504e-01
-5.518405437469482422e-01
-5.450910925865173340e-01
-5.383415818214416504e-01
-5.315921306610107422e-01
-5.248427391052246094e-01
-5.185252428054809570e-01
-5.136267542839050293e-01
-5.107843279838562012e-01
-5.079861283302307129e-01
-5.125842094421386719e-01
-5.179195404052734375e-01
-5.233284235000610352e-01
-5.116019248962402344e-01
-4.940325021743774414e-01
-4.828700423240661621e-01
-4.717256724834442139e-01
-4.653172194957733154e-01
-4.668564200401306152e-01
-4.701830148696899414e-01
-4.728967249393463135e-01
-4.715116620063781738e-01
-4.697248637676239014e-01
-4.684270322322845459e-01
-4.712112247943878174e-01
-4.792209863662719727e-01
-4.868652820587158203e-01
-4.943342804908752441e-01
-5.018031001091003418e-01
-5.074891448020935059e-01
-5.098277330398559570e-01
-5.079389810562133789e-01
-5.025478601455688477e-01
-4.965064525604248047e-01
-4.891356825828552246e-01
-4.792953729629516602e-01
-4.650981426239013672e-01
-4.505568742752075195e-01
-4.410522282123565674e-01
-4.373658001422882080e-01
-4.337224960327148438e-01
-4.333603680133819580e-01
-4.318585395812988281e-01
-4.294113516807556152e-01
-4.233578741550445557e-01
-4.159131050109863281e-01
-4.131396412849426270e-01
-4.139418005943298340e-01
-4.175114929676055908e-01
-4.261131286621093750e-01
-4.349595010280609131e-01
-4.437817335128784180e-01
-4.533186256885528564e-01
-4.640662670135498047e-01
-4.757697284221649170e-01
-4.893367886543273926e-01
-5.026952028274536133e-01
-5.185857415199279785e-01
-5.349467992782592773e-01
-5.471703410148620605e-01
-5.594649910926818848e-01
-5.717595815658569336e-01
-5.840542316436767578e-01
-6.005307435989379883e-01
-6.044421195983886719e-01
-6.086423397064208984e-01
-6.160110235214233398e-01
-6.248198151588439941e-01
-6.285215020179748535e-01
-6.314460039138793945e-01
-6.320061683654785156e-01
-6.282364130020141602e-01
-6.239941120147705078e-01
-6.198428273200988770e-01
-6.156913638114929199e-01
-6.107180118560791016e-01
-6.045393347740173340e-01
-6.011366844177246094e-01
-5.989855527877807617e-01
-5.945250988006591797e-01
-5.894994735717773438e-01
-5.858200192451477051e-01
-5.817682743072509766e-01
-5.776362419128417969e-01
-5.766057968139648438e-01
-5.817847251892089844e-01
-5.923792123794555664e-01
-6.033961772918701172e-01
-6.144132018089294434e-01
-6.222611665725708008e-01
-6.296261548995971680e-01
-6.368398070335388184e-01
-6.429910659790039062e-01
-6.486593484878540039e-01
-6.670504808425903320e-01
-6.838293671607971191e-01
-6.859223842620849609e-01
-6.852290034294128418e-01
-6.852017641067504883e-01
-6.860461235046386719e-01
-6.943373680114746094e-01
-7.035847306251525879e-01
-7.093312144279479980e-01
-7.147358655929565430e-01
-7.201071977615356445e-01
-7.265999913215637207e-01
-7.330927252769470215e-01
-7.360367178916931152e-01
-6.793212890625000000e-01
-6.747937798500061035e-01
-6.702651381492614746e-01
-6.669189333915710449e-01
-6.650421023368835449e-01
-6.628859639167785645e-01
-6.586496233940124512e-01
-6.547831296920776367e-01
-6.509161591529846191e-01
-6.470492482185363770e-01
-6.431825160980224609e-01
-6.393148899078369141e-01
-6.354485154151916504e-01
-6.306705474853515625e-01
-6.211698055267333984e-01
-6.079776883125305176e-01
-5.994240641593933105e-01
-5.919622182846069336e-01
-5.843853950500488281e-01
-5.768085122108459473e-01
-5.692314505577087402e-01
-5.616549253463745117e-01
-5.540778040885925293e-01
-5.465009212493896484e-01
-5.392045974731445312e-01
-5.324547290802001953e-01
-5.259749889373779297e-01
-5.221127271652221680e-01
-5.192698240280151367e-01
-5.163034796714782715e-01
-5.137050151824951172e-01
-5.183007121086120605e-01
-5.238888859748840332e-01
-5.297198891639709473e-01
-5.168735384941101074e-01
-4.976092576980590820e-01
-4.857038855552673340e-01
-4.749221205711364746e-01
-4.731528162956237793e-01
-4.762937128543853760e-01
-4.798693656921386719e-01
-4.810078740119934082e-01
-4.805783629417419434e-01
-4.793075323104858398e-01
-4.811857342720031738e-01
-4.870769977569580078e-01
-4.930197000503540039e-01
-4.987764954566955566e-01
-5.041776895523071289e-01
-5.084538459777832031e-01
-5.118626356124877930e-01
-5.123252868652343750e-01
-5.080526471138000488e-01
-5.026589632034301758e-01
-4.957962036132812500e-01
-4.861682057380676270e-01
-4.742220640182495117e-01
-4.606572389602661133e-01
-4.476147294044494629e-01
-4.432708323001861572e-01
-4.391118586063385010e-01
-4.346030950546264648e-01
-4.298155605792999268e-01
-4.267709851264953613e-01
-4.243240058422088623e-01
-4.215837717056274414e-01
-4.184467196464538574e-01
-4.189646840095520020e-01
-4.198703169822692871e-01
-4.215835928916931152e-01
-4.253937602043151855e-01
-4.336725473403930664e-01
-4.424950480461120605e-01
-4.527902007102966309e-01
-4.643412232398986816e-01
-4.756242930889129639e-01
-4.856826066970825195e-01
-4.976450204849243164e-01
-5.144201517105102539e-01
-5.360320806503295898e-01
-5.518019795417785645e-01
-5.644735693931579590e-01
-5.767680406570434570e-01
-5.890627503395080566e-01
-6.047916412353515625e-01
-6.103006005287170410e-01
-6.114498972892761230e-01
-6.125993132591247559e-01
-6.176810860633850098e-01
-6.197284460067749023e-01
-6.218258738517761230e-01
-6.258031725883483887e-01
-6.239768266677856445e-01
-6.198256015777587891e-01
-6.156743764877319336e-01
-6.115229129791259766e-01
-6.073717474937438965e-01
-6.017958521842956543e-01
-6.011680364608764648e-01
-5.983279347419738770e-01
-5.933018922805786133e-01
-5.882757306098937988e-01
-5.832498073577880859e-01
-5.794494152069091797e-01
-5.753175616264343262e-01
-5.744602680206298828e-01
-5.801663398742675781e-01
-5.916168689727783203e-01
-6.026340126991271973e-01
-6.138222813606262207e-01
-6.226031184196472168e-01
-6.285549998283386230e-01
-6.357322931289672852e-01
-6.430976986885070801e-01
-6.568607687950134277e-01
-6.746078133583068848e-01
-6.881644725799560547e-01
-6.893482804298400879e-01
-6.915443539619445801e-01
-6.933647394180297852e-01
-6.941370368003845215e-01
-7.012279033660888672e-01
-7.111860513687133789e-01
-7.211442589759826660e-01
-7.308339476585388184e-01
-7.374028563499450684e-01
-7.448167204856872559e-01
-7.527689337730407715e-01
-7.588896155357360840e-01
-6.978366374969482422e-01
-6.949518322944641113e-01
-6.930442452430725098e-01
-6.911363005638122559e-01
-6.878262758255004883e-01
-6.835179924964904785e-01
-6.795272827148437500e-01
-6.756610870361328125e-01
-6.717939972877502441e-01
-6.679271459579467773e-01
-6.640599966049194336e-01
-6.597857475280761719e-01
-6.526747345924377441e-01
-6.425030231475830078e-01
-6.275698542594909668e-01
-6.131913661956787109e-01
-6.057777404785156250e-01
-5.982043743133544922e-01
-5.906276106834411621e-01
-5.830508470535278320e-01
-5.754737854003906250e-01
-5.678967833518981934e-01
-5.603201985359191895e-01
-5.527428388595581055e-01
-5.451660156250000000e-01
-5.388282537460327148e-01
-5.341683030128479004e-01
-5.303726196289062500e-01
-5.265487432479858398e-01
-5.226197242736816406e-01
-5.200580358505249023e-01
-5.243016481399536133e-01
-5.302803516387939453e-01
-5.361111760139465332e-01
-5.221460461616516113e-01
-5.028814077377319336e-01
-4.885382652282714844e-01
-4.808990359306335449e-01
-4.824522137641906738e-01
-4.859042167663574219e-01
-4.907361268997192383e-01
-4.907885789871215820e-01
-4.901883602142333984e-01
-4.916013479232788086e-01
-4.971975088119506836e-01
-5.031400918960571289e-01
-5.090826153755187988e-01
-5.150185227394104004e-01
-5.197927951812744141e-01
-5.230704545974731445e-01
-5.229823589324951172e-01
-5.195711851119995117e-01
-5.125322937965393066e-01
-5.047082901000976562e-01
-4.932338595390319824e-01
-4.808242321014404297e-01
-4.690699577331542969e-01
-4.568630754947662354e-01
-4.485127031803131104e-01
-4.440037310123443604e-01
-4.394945502281188965e-01
-4.349858462810516357e-01
-4.289745092391967773e-01
-4.229211509227752686e-01
-4.209828972816467285e-01
-4.229463338851928711e-01
-4.239875674247741699e-01
-4.248933196067810059e-01
-4.257986545562744141e-01
-4.283297657966613770e-01
-4.319601058959960938e-01
-4.355906546115875244e-01
-4.412080943584442139e-01
-4.522614181041717529e-01
-4.638124406337738037e-01
-4.753631949424743652e-01
-4.862713217735290527e-01
-4.963526129722595215e-01
-5.105429291725158691e-01
-5.326589345932006836e-01
-5.552359819412231445e-01
-5.689688920974731445e-01
-5.817040205001831055e-01
-5.940712094306945801e-01
-6.090522408485412598e-01
-6.136816740036010742e-01
-6.173083782196044922e-01
-6.184577345848083496e-01
-6.176974773406982422e-01
-6.146485209465026855e-01
-6.132035851478576660e-01
-6.178933978080749512e-01
-6.191078424453735352e-01
-6.156568527221679688e-01
-6.115058064460754395e-01
-6.073545813560485840e-01
-6.032032966613769531e-01
-5.998238325119018555e-01
-6.003366708755493164e-01
-5.971044301986694336e-01
-5.920783877372741699e-01
-5.870525836944580078e-01
-5.820266008377075195e-01
-5.770006179809570312e-01
-5.729986429214477539e-01
-5.723408460617065430e-01
-5.780676603317260742e-01
-5.899914503097534180e-01
-6.018836498260498047e-01
-6.133239865303039551e-01
-6.230679750442504883e-01
-6.290194988250732422e-01
-6.349709630012512207e-01
-6.456669569015502930e-01
-6.660820245742797852e-01
-6.861525774002075195e-01
-6.936720609664916992e-01
-6.937717199325561523e-01
-6.948677301406860352e-01
-6.970635056495666504e-01
-6.993153095245361328e-01
-7.067019343376159668e-01
-7.179619669914245605e-01
-7.280349135398864746e-01
-7.379924654960632324e-01
-7.479506134986877441e-01
-7.585170269012451172e-01
-7.685708999633789062e-01
-7.770267724990844727e-01
-7.210773229598999023e-01
-7.191694974899291992e-01
-7.172321081161499023e-01
-7.127661705017089844e-01
-7.084581851959228516e-01
-7.042721509933471680e-01
-7.004054784774780273e-01
-6.963485479354858398e-01
-6.901146173477172852e-01
-6.838817000389099121e-01
-6.776477694511413574e-01
-6.708715558052062988e-01
-6.620947122573852539e-01
-6.471616029739379883e-01
-6.308759450912475586e-01
-6.195518970489501953e-01
-6.120232939720153809e-01
-6.044464707374572754e-01
-5.968700051307678223e-01
-5.892928838729858398e-01
-5.817160010337829590e-01
-5.741389393806457520e-01
-5.665620565414428711e-01
-5.593785047531127930e-01
-5.542945861816406250e-01
-5.496344566345214844e-01
-5.450653433799743652e-01
-5.412589311599731445e-01
-5.368534326553344727e-01
-5.342177748680114746e-01
-5.317436456680297852e-01
-5.355265140533447266e-01
-5.405302047729492188e-01
-5.445536375045776367e-01
-5.296215415000915527e-01
-5.095295906066894531e-01
-4.922847151756286621e-01
-4.888228178024291992e-01
-4.929841756820678711e-01
-4.972695112228393555e-01
-5.009474158287048340e-01
-5.007295012474060059e-01
-5.020670890808105469e-01
-5.073184370994567871e-01
-5.132607817649841309e-01
-5.192033052444458008e-01
-5.251460671424865723e-01
-5.309590101242065430e-01
-5.344094038009643555e-01
-5.365206599235534668e-01
-5.345499515533447266e-01
-5.287307500839233398e-01
-5.210412740707397461e-01
-5.110839605331420898e-01
-4.975004196166992188e-01
-4.835013151168823242e-01
-4.698313474655151367e-01
-4.556735157966613770e-01
-4.504437446594238281e-01
-4.443864822387695312e-01
-4.398773908615112305e-01
-4.341863691806793213e-01
-4.281331300735473633e-01
-4.230281114578247070e-01
-4.232699573040008545e-01
-4.276980757713317871e-01
-4.299160838127136230e-01
-4.308216571807861328e-01
-4.317810535430908203e-01
-4.350649714469909668e-01
-4.386954307556152344e-01
-4.423259496688842773e-01
-4.462169110774993896e-01
-4.525760412216186523e-01
-4.632835984230041504e-01
-4.748347699642181396e-01
-4.857773780822753906e-01
-4.967179298400878906e-01
-5.127629041671752930e-01
-5.318152308464050293e-01
-5.518912076950073242e-01
-5.736053586006164551e-01
-5.862074494361877441e-01
-5.988708734512329102e-01
-6.126972436904907227e-01
-6.169421672821044922e-01
-6.212726831436157227e-01
-6.244987845420837402e-01
-6.214856505393981934e-01
-6.172181367874145508e-01
-6.141690611839294434e-01
-6.125931739807128906e-01
-6.125962734222412109e-01
-6.114881038665771484e-01
-6.073371171951293945e-01
-6.031858921051025391e-01
-5.990643501281738281e-01
-5.979025959968566895e-01
-5.988951921463012695e-01
-5.958809852600097656e-01
-5.908548831939697266e-01
-5.858289003372192383e-01
-5.808031558990478516e-01
-5.757771730422973633e-01
-5.707509517669677734e-01
-5.702213048934936523e-01
-5.761621594429016113e-01
-5.880978107452392578e-01
-6.003099679946899414e-01
-6.126689910888671875e-01
-6.235319375991821289e-01
-6.294839978218078613e-01
-6.359153389930725098e-01
-6.549161672592163086e-01
-6.745244264602661133e-01
-6.949396133422851562e-01
-7.060815095901489258e-01
-7.005378007888793945e-01
-6.996437311172485352e-01
-7.003867626190185547e-01
-7.025826573371887207e-01
-7.080577015876770020e-01
-7.210592627525329590e-01
-7.335004806518554688e-01
-7.445264458656311035e-01
-7.547516822814941406e-01
-7.647992372512817383e-01
-7.770244479179382324e-01
-7.894297242164611816e-01
-7.452949881553649902e-01
-7.426639199256896973e-01
-7.377060055732727051e-01
-7.333608865737915039e-01
-7.267503738403320312e-01
-7.204442024230957031e-01
-7.142106890678405762e-01
-7.079772949218750000e-01
-7.017436027526855469e-01
-6.955094337463378906e-01
-6.892766356468200684e-01
-6.804910898208618164e-01
-6.667537093162536621e-01
-6.502400636672973633e-01
-6.333189606666564941e-01
-6.258426308631896973e-01
-6.182656288146972656e-01
-6.106888651847839355e-01
-6.031116247177124023e-01
-5.955347418785095215e-01
-5.879582166671752930e-01
-5.804319381713867188e-01
-5.744208693504333496e-01
-5.697612166404724121e-01
-5.651012063026428223e-01
-5.604414939880371094e-01
-5.559689998626708984e-01
-5.515112876892089844e-01
-5.483778715133666992e-01
-5.458164215087890625e-01
-5.442472100257873535e-01
-5.472974777221679688e-01
-5.523006916046142578e-01
-5.545160770416259766e-01
-5.402728319168090820e-01
-5.201829075813293457e-01
-5.042082667350769043e-01
-5.051640272140502930e-01
-5.086222887039184570e-01
-5.120912790298461914e-01
-5.135339498519897461e-01
-5.142885446548461914e-01
-5.184020996093750000e-01
-5.235173702239990234e-01
-5.293238162994384766e-01
-5.352666378021240234e-01
-5.412088632583618164e-01
-5.453962087631225586e-01
-5.487565994262695312e-01
-5.481722354888916016e-01
-5.449006557464599609e-01
-5.372018814086914062e-01
-5.271816849708557129e-01
-5.145708918571472168e-01
-5.001449584960937500e-01
-4.864321947097778320e-01
-4.738453626632690430e-01
-4.651191830635070801e-01
-4.598891139030456543e-01
-4.541700482368469238e-01
-4.467322826385498047e-01
-4.386120438575744629e-01
-4.306412935256958008e-01
-4.288162291049957275e-01
-4.311254024505615234e-01
-4.356397986412048340e-01
-4.358444809913635254e-01
-4.367499947547912598e-01
-4.382733702659606934e-01
-4.418002068996429443e-01
-4.454306960105895996e-01
-4.490612745285034180e-01
-4.537102878093719482e-01
-4.600694179534912109e-01
-4.664285182952880859e-01
-4.743058383464813232e-01
-4.852837324142456055e-01
-4.971827864646911621e-01
-5.139110684394836426e-01
-5.337778925895690918e-01
-5.534173250198364258e-01
-5.728145837783813477e-01
-5.909276008605957031e-01
-6.035522222518920898e-01
-6.158000230789184570e-01
-6.204441189765930176e-01
-6.247855424880981445e-01
-6.291271448135375977e-01
-6.256254315376281738e-01
-6.201101541519165039e-01
-6.167387366294860840e-01
-6.137772798538208008e-01
-6.148270964622497559e-01
-6.114332675933837891e-01
-6.031686067581176758e-01
-5.990172624588012695e-01
-5.947051048278808594e-01
-5.952455997467041016e-01
-5.974536538124084473e-01
-5.946575403213500977e-01
-5.896314382553100586e-01
-5.846055746078491211e-01
-5.795792937278747559e-01
-5.745536088943481445e-01
-5.695277452468872070e-01
-5.681046843528747559e-01
-5.742686390876770020e-01
-5.863213539123535156e-01
-5.986806750297546387e-01
-6.110394001007080078e-01
-6.233987808227539062e-01
-6.299483180046081543e-01
-6.460809111595153809e-01
-6.650823950767517090e-01
-6.840834021568298340e-01
-7.033821344375610352e-01
-7.147528529167175293e-01
-7.102598547935485840e-01
-7.056106925010681152e-01
-7.057490348815917969e-01
-7.061059474945068359e-01
-7.094348073005676270e-01
-7.216472625732421875e-01
-7.346835136413574219e-01
-7.478418350219726562e-01
-7.604352235794067383e-01
-7.710906863212585449e-01
-7.824831008911132812e-01
-7.952727079391479492e-01
-7.657084465026855469e-01
-7.582666277885437012e-01
-7.514826655387878418e-01
-7.448073625564575195e-01
-7.383065819740295410e-01
-7.320725917816162109e-01
-7.258390784263610840e-01
-7.196056842803955078e-01
-7.133721709251403809e-01
-7.071388363838195801e-01
-6.986085176467895508e-01
-6.863449215888977051e-01
-6.696044802665710449e-01
-6.526134014129638672e-01
-6.396612524986267090e-01
-6.320846080780029297e-01
-6.245076656341552734e-01
-6.169306039810180664e-01
-6.093538999557495117e-01
-6.017767786979675293e-01
-5.947172641754150391e-01
-5.898873805999755859e-01
-5.852276682853698730e-01
-5.805678367614746094e-01
-5.759078264236450195e-01
-5.711470842361450195e-01
-5.662214756011962891e-01
-5.625379681587219238e-01
-5.599761009216308594e-01
-5.582088232040405273e-01
-5.567506551742553711e-01
-5.590681433677673340e-01
-5.640715360641479492e-01
-5.644679665565490723e-01
-5.518477559089660645e-01
-5.333300828933715820e-01
-5.215404033660888672e-01
-5.219086408615112305e-01
-5.253663063049316406e-01
-5.292997956275939941e-01
-5.302665829658508301e-01
-5.347297191619873047e-01
-5.398447513580322266e-01
-5.449599027633666992e-01
-5.500748753547668457e-01
-5.551899075508117676e-01
-5.590479373931884766e-01
-5.620386600494384766e-01
-5.631723403930664062e-01
-5.602791905403137207e-01
-5.533627271652221680e-01
-5.428674221038818359e-01
-5.298990011215209961e-01
-5.164234638214111328e-01
-5.022704601287841797e-01
-4.895817041397094727e-01
-4.783005714416503906e-01
-4.745551645755767822e-01
-4.693350195884704590e-01
-4.635634720325469971e-01
-4.555254578590393066e-01
-4.474108219146728516e-01
-4.449310302734375000e-01
-4.453587532043457031e-01
-4.489259719848632812e-01
-4.519429802894592285e-01
-4.494974017143249512e-01
-4.451478123664855957e-01
-4.453372061252593994e-01
-4.485355019569396973e-01
-4.521661400794982910e-01
-4.557967483997344971e-01
-4.612037241458892822e-01
-4.675627350807189941e-01
-4.739220142364501953e-01
-4.802810549736022949e-01
-4.861016273498535156e-01
-4.976478815078735352e-01
-5.150476694107055664e-01
-5.349143743515014648e-01
-5.548620223999023438e-01
-5.751703977584838867e-01
-5.949095487594604492e-01
-6.087376475334167480e-01
-6.190248131752014160e-01
-6.236484050750732422e-01
-6.282718181610107422e-01
-6.312000155448913574e-01
-6.287801861763000488e-01
-6.242499351501464844e-01
-6.193080544471740723e-01
-6.162591576576232910e-01
-6.161065101623535156e-01
-6.155351400375366211e-01
-6.098139286041259766e-01
-5.998781919479370117e-01
-5.909321308135986328e-01
-5.925886631011962891e-01
-5.948109626770019531e-01
-5.934337973594665527e-01
-5.884078741073608398e-01
-5.833820700645446777e-01
-5.783561468124389648e-01
-5.733301043510437012e-01
-5.683040618896484375e-01
-5.673511028289794922e-01
-5.723751783370971680e-01
-5.846922397613525391e-01
-5.970511436462402344e-01
-6.094102859497070312e-01
-6.217693090438842773e-01
-6.366648674011230469e-01
-6.562466621398925781e-01
-6.752480268478393555e-01
-6.942498087882995605e-01
-7.132511734962463379e-01
-7.229616045951843262e-01
-7.208492159843444824e-01
-7.130534648895263672e-01
-7.119925618171691895e-01
-7.122694253921508789e-01
-7.119777798652648926e-01
-7.225389480590820312e-01
-7.352366447448730469e-01
-7.482730746269226074e-01
-7.613098025321960449e-01
-7.752531766891479492e-01
-7.874375581741333008e-01
-8.002880811691284180e-01
-7.764460444450378418e-01
-7.694606184959411621e-01
-7.628124356269836426e-01
-7.561632990837097168e-01
-7.499340176582336426e-01
-7.437017560005187988e-01
-7.374680638313293457e-01
-7.312344312667846680e-01
-7.250010967254638672e-01
-7.172307968139648438e-01
-7.059367299079895020e-01
-6.889688968658447266e-01
-6.719779372215270996e-01
-6.549828052520751953e-01
-6.459032297134399414e-01
-6.383266448974609375e-01
-6.307497620582580566e-01
-6.231728196144104004e-01
-6.157706379890441895e-01
-6.100136041641235352e-01
-6.053540110588073730e-01
-6.006938219070434570e-01
-5.960342288017272949e-01
-5.913743972778320312e-01
-5.866310596466064453e-01
-5.811832547187805176e-01
-5.767174959182739258e-01
-5.741358995437622070e-01
-5.721703767776489258e-01
-5.707126855850219727e-01
-5.690956115722656250e-01
-5.708386301994323730e-01
-5.766800045967102051e-01
-5.762645006179809570e-01
-5.644268989562988281e-01
-5.486551523208618164e-01
-5.404090881347656250e-01
-5.386529564857482910e-01
-5.423526763916015625e-01
-5.462440848350524902e-01
-5.506324768066406250e-01
-5.561720132827758789e-01
-5.612872838973999023e-01
-5.664018392562866211e-01
-5.715172886848449707e-01
-5.758730769157409668e-01
-5.788642168045043945e-01
-5.812111496925354004e-01
-5.799003839492797852e-01
-5.748077630996704102e-01
-5.630542039871215820e-01
-5.492579340934753418e-01
-5.354619026184082031e-01
-5.208960771560668945e-01
-5.069242715835571289e-01
-4.939588904380798340e-01
-4.870111942291259766e-01
-4.833989143371582031e-01
-4.783533215522766113e-01
-4.717851877212524414e-01
-4.643185734748840332e-01
-4.610453546047210693e-01
-4.608039259910583496e-01
-4.640868008136749268e-01
-4.676604866981506348e-01
-4.712344408035278320e-01
-4.692817330360412598e-01
-4.644744098186492920e-01
-4.618995785713195801e-01
-4.632701575756072998e-01
-4.648335278034210205e-01
-4.663971066474914551e-01
-4.704954326152801514e-01
-4.750565886497497559e-01
-4.814155101776123047e-01
-4.877746105194091797e-01
-4.936301112174987793e-01
-5.022550821304321289e-01
-5.162531137466430664e-01
-5.362167954444885254e-01
-5.562586188316345215e-01
-5.765669345855712891e-01
-5.968755483627319336e-01
-6.170580387115478516e-01
-6.248244047164916992e-01
-6.268727779388427734e-01
-6.314966082572937012e-01
-6.327085494995117188e-01
-6.303220987319946289e-01
-6.279022693634033203e-01
-6.228742599487304688e-01
-6.188287138938903809e-01
-6.172904968261718750e-01
-6.184360980987548828e-01
-6.150641441345214844e-01
-6.055194139480590820e-01
-5.993849039077758789e-01
-5.964140892028808594e-01
-5.934431552886962891e-01
-5.918205976486206055e-01
-5.871844887733459473e-01
-5.821586251258850098e-01
-5.771325826644897461e-01
-5.721066594123840332e-01
-5.670808553695678711e-01
-5.663387775421142578e-01
-5.722743272781372070e-01
-5.830628871917724609e-01
-5.954220294952392578e-01
-6.077810525894165039e-01
-6.236243247985839844e-01
-6.456999778747558594e-01
-6.656197905540466309e-01
-6.854140758514404297e-01
-7.044156789779663086e-01
-7.234173417091369629e-01
-7.324236035346984863e-01
-7.294477224349975586e-01
-7.250400185585021973e-01
-7.175394892692565918e-01
-7.182547450065612793e-01
-7.187896966934204102e-01
-7.252398729324340820e-01
-7.358196377754211426e-01
-7.488253712654113770e-01
-7.618626356124877930e-01
-7.748990654945373535e-01
-7.885428071022033691e-01
-8.041976094245910645e-01
-7.700676321983337402e-01
-7.646018862724304199e-01
-7.591357231140136719e-01
-7.538944482803344727e-01
-7.488693594932556152e-01
-7.438445687294006348e-01
-7.388198375701904297e-01
-7.337945699691772461e-01
-7.279933691024780273e-01
-7.188138961791992188e-01
-7.028912901878356934e-01
-6.871090531349182129e-01
-6.713268160820007324e-01
-6.579066514968872070e-01
-6.515386104583740234e-01
-6.443312764167785645e-01
-6.367926001548767090e-01
-6.299789547920227051e-01
-6.253571510314941406e-01
-6.207237839698791504e-01
-6.160908341407775879e-01
-6.114567518234252930e-01
-6.068229675292968750e-01
-6.021149754524230957e-01
-5.966677665710449219e-01
-5.912197232246398926e-01
-5.882960557937622070e-01
-5.861324071884155273e-01
-5.846741795539855957e-01
-5.832161903381347656e-01
-5.821220278739929199e-01
-5.843681097030639648e-01
-5.903791189193725586e-01
-5.881446003913879395e-01
-5.777781605720520020e-01
-5.657498836517333984e-01
-5.593885183334350586e-01
-5.556664466857910156e-01
-5.601057410240173340e-01
-5.662648677825927734e-01
-5.723791122436523438e-01
-5.776144266128540039e-01
-5.827294588088989258e-01
-5.878447294235229492e-01
-5.926988124847412109e-01
-5.956894159317016602e-01
-5.986806154251098633e-01
-5.981781482696533203e-01
-5.943146944046020508e-01
-5.843458175659179688e-01
-5.705495476722717285e-01
-5.567530393600463867e-01
-5.429571866989135742e-01
-5.289261341094970703e-01
-5.157155990600585938e-01
-5.043639540672302246e-01
-5.009636282920837402e-01
-4.969320297241210938e-01
-4.898353815078735352e-01
-4.826393127441406250e-01
-4.793670177459716797e-01
-4.776283502578735352e-01
-4.797995686531066895e-01
-4.828214645385742188e-01
-4.863953590393066406e-01
-4.899495840072631836e-01
-4.890558719635009766e-01
-4.847469925880432129e-01
-4.825150966644287109e-01
-4.804725646972656250e-01
-4.812030196189880371e-01
-4.833310842514038086e-01
-4.876231551170349121e-01
-4.919152259826660156e-01
-4.962072372436523438e-01
-5.005306005477905273e-01
-5.044509768486022949e-01
-5.120644569396972656e-01
-5.246144533157348633e-01
-5.393859744071960449e-01
-5.576549768447875977e-01
-5.779632925987243652e-01
-5.982718467712402344e-01
-6.181374788284301758e-01
-6.328927278518676758e-01
-6.350345015525817871e-01
-6.361143589019775391e-01
-6.339619755744934082e-01
-6.318242549896240234e-01
-6.295589804649353027e-01
-6.270141601562500000e-01
-6.214985847473144531e-01
-6.184746026992797852e-01
-6.189792752265930176e-01
-6.171971559524536133e-01
-6.114919781684875488e-01
-6.078376770019531250e-01
-6.048671007156372070e-01
-6.018963456153869629e-01
-5.965874195098876953e-01
-5.879738330841064453e-01
-5.809350013732910156e-01
-5.759088993072509766e-01
-5.708832144737243652e-01
-5.658572912216186523e-01
-5.653979778289794922e-01
-5.717401504516601562e-01
-5.830742120742797852e-01
-5.937925577163696289e-01
-6.062877178192138672e-01
-6.316967010498046875e-01
-6.547352075576782227e-01
-6.746549010276794434e-01
-6.945751309394836426e-01
-7.144950628280639648e-01
-7.335829138755798340e-01
-7.418840527534484863e-01
-7.393672466278076172e-01
-7.354456186294555664e-01
-7.272394895553588867e-01
-7.221289873123168945e-01
-7.245156764984130859e-01
-7.308551669120788574e-01
-7.392783164978027344e-01
-7.493786215782165527e-01
-7.624150514602661133e-01
-7.754510641098022461e-01
-7.884880304336547852e-01
-8.022735118865966797e-01
-7.540264725685119629e-01
-7.485601902008056641e-01
-7.431242465972900391e-01
-7.380990386009216309e-01
-7.330743670463562012e-01
-7.280493974685668945e-01
-7.230248451232910156e-01
-7.179803848266601562e-01
-7.092524766921997070e-01
-6.936227083206176758e-01
-6.778404712677001953e-01
-6.620590090751647949e-01
-6.462439298629760742e-01
-6.367248892784118652e-01
-6.303566694259643555e-01
-6.242873668670654297e-01
-6.199929118156433105e-01
-6.165413260459899902e-01
-6.130906343460083008e-01
-6.096397042274475098e-01
-6.061885356903076172e-01
-6.027373671531677246e-01
-5.992383360862731934e-01
-5.949995517730712891e-01
-5.907604694366455078e-01
-5.877360105514526367e-01
-5.865675806999206543e-01
-5.863184928894042969e-01
-5.867358446121215820e-01
-5.874877572059631348e-01
-5.876321792602539062e-01
-5.906193256378173828e-01
-5.978034138679504395e-01
-5.949595570564270020e-01
-5.892921686172485352e-01
-5.819838643074035645e-01
-5.772454142570495605e-01
-5.747920274734497070e-01
-5.811046957969665527e-01
-5.879508256912231445e-01
-5.939070582389831543e-01
-5.990480780601501465e-01
-6.041717529296875000e-01
-6.092869639396667480e-01
-6.123541593551635742e-01
-6.145224571228027344e-01
-6.155462861061096191e-01
-6.123722195625305176e-01
-6.050540208816528320e-01
-5.918407440185546875e-01
-5.780444145202636719e-01
-5.642484426498413086e-01
-5.508098602294921875e-01
-5.374726057052612305e-01
-5.245074629783630371e-01
-5.183167457580566406e-01
-5.149161815643310547e-01
-5.100303292274475098e-01
-5.028345584869384766e-01
-4.988887906074523926e-01
-4.982323646545410156e-01
-5.009750127792358398e-01
-5.039137005805969238e-01
-5.066599845886230469e-01
-5.093921422958374023e-01
-5.120985507965087891e-01
-5.111778378486633301e-01
-5.069674253463745117e-01
-5.040975809097290039e-01
-5.012274980545043945e-01
-4.990456700325012207e-01
-5.004589557647705078e-01
-5.047507286071777344e-01
-5.091332197189331055e-01
-5.135220289230346680e-01
-5.179110169410705566e-01
-5.219491720199584961e-01
-5.304385423660278320e-01
-5.426901578903198242e-01
-5.553947687149047852e-01
-5.681926012039184570e-01
-5.821191668510437012e-01
-6.000648736953735352e-01
-6.189275979995727539e-01
-6.328681707382202148e-01
-6.426673531532287598e-01
-6.444301009178161621e-01
-6.389711499214172363e-01
-6.332893967628479004e-01
-6.309398412704467773e-01
-6.288018226623535156e-01
-6.257246136665344238e-01
-6.203219890594482422e-01
-6.186903715133666992e-01
-6.183297634124755859e-01
-6.177222728729248047e-01
-6.162904500961303711e-01
-6.133196949958801270e-01
-6.103489995002746582e-01
-6.052582263946533203e-01
-5.970662832260131836e-01
-5.876408815383911133e-01
-5.774215459823608398e-01
-5.696597099304199219e-01
-5.646339654922485352e-01
-5.646584033966064453e-01
-5.712064504623413086e-01
-5.826718807220458984e-01
-5.935159325599670410e-01
-6.143597364425659180e-01
-6.397687196731567383e-01
-6.637700200080871582e-01
-6.836901903152465820e-01
-7.036102414131164551e-01
-7.235299348831176758e-01
-7.434501647949218750e-01
-7.513438463211059570e-01
-7.492867708206176758e-01
-7.455410957336425781e-01
-7.399636507034301758e-01
-7.292371392250061035e-01
-7.283915281295776367e-01
-7.350527644157409668e-01
-7.443736195564270020e-01
-7.533842921257019043e-01
-7.629743814468383789e-01
-7.760044336318969727e-01
-7.890411019325256348e-01
-8.020774126052856445e-01
-7.379853129386901855e-01
-7.325193285942077637e-01
-7.273295521736145020e-01
-7.223042249679565430e-01
-7.172792553901672363e-01
-7.122547030448913574e-01
-7.072296738624572754e-01
-6.990154981613159180e-01
-6.844159960746765137e-01
-6.685726642608642578e-01
-6.527907848358154297e-01
-6.369990706443786621e-01
-6.219116449356079102e-01
-6.155437231063842773e-01
-6.102783083915710449e-01
-6.068269610404968262e-01
-6.033756732940673828e-01
-5.999247431755065918e-01
-5.964735746383666992e-01
-5.930228233337402344e-01
-5.895715355873107910e-01
-5.860899090766906738e-01
-5.818508863449096680e-01
-5.776121020317077637e-01
-5.739343166351318359e-01
-5.718973875045776367e-01
-5.722289681434631348e-01
-5.729864835739135742e-01
-5.737437009811401367e-01
-5.742658972740173340e-01
-5.744101405143737793e-01
-5.769605636596679688e-01
-5.839476585388183594e-01
-5.803920626640319824e-01
-5.786784887313842773e-01
-5.738627314567565918e-01
-5.700128078460693359e-01
-5.703819394111633301e-01
-5.771994590759277344e-01
-5.845220088958740234e-01
-5.913563966751098633e-01
-5.976798534393310547e-01
-6.036521196365356445e-01
-6.077646613121032715e-01
-6.111418008804321289e-01
-6.140511631965637207e-01
-6.136543750762939453e-01
-6.084205508232116699e-01
-5.980670452117919922e-01
-5.860208272933959961e-01
-5.735992789268493652e-01
-5.610331892967224121e-01
-5.497064590454101562e-01
-5.379499793052673340e-01
-5.285639762878417969e-01
-5.263720750808715820e-01
-5.233758091926574707e-01
-5.195505023002624512e-01
-5.160148143768310547e-01
-5.163223743438720703e-01
-5.203139185905456543e-01
-5.244874358177185059e-01
-5.276393890380859375e-01
-5.307647585868835449e-01
-5.334711074829101562e-01
-5.361775159835815430e-01
-5.359252095222473145e-01
-5.329622626304626465e-01
-5.300924181938171387e-01
-5.272223949432373047e-01
-5.244047641754150391e-01
-5.237124562263488770e-01
-5.251604318618774414e-01
-5.287220478057861328e-01
-5.322831869125366211e-01
-5.358448624610900879e-01
-5.403233170509338379e-01
-5.490312576293945312e-01
-5.617357492446899414e-01
-5.744402408599853516e-01
-5.872457027435302734e-01
-6.002950668334960938e-01
-6.132785081863403320e-01
-6.272428035736083984e-01
-6.384128332138061523e-01
-6.486045718193054199e-01
-6.515327692031860352e-01
-6.453724503517150879e-01
-6.404489278793334961e-01
-6.347672939300537109e-01
-6.300554275512695312e-01
-6.273652911186218262e-01
-6.224098205566406250e-01
-6.184592247009277344e-01
-6.184903383255004883e-01
-6.225155591964721680e-01
-6.241608262062072754e-01
-6.217726469039916992e-01
-6.188018321990966797e-01
-6.139291524887084961e-01
-6.057369709014892578e-01
-5.975272655487060547e-01
-5.873079299926757812e-01
-5.770885348320007324e-01
-5.670371055603027344e-01
-5.639191269874572754e-01
-5.706726312637329102e-01
-5.821375846862792969e-01
-6.000921130180358887e-01
-6.234966516494750977e-01
-6.478410959243774414e-01
-6.728051304817199707e-01
-6.927254199981689453e-01
-7.126451730728149414e-01
-7.325654029846191406e-01
-7.524852752685546875e-01
-7.602933049201965332e-01
-7.592057585716247559e-01
-7.556358575820922852e-01
-7.514432668685913086e-01
-7.424168586730957031e-01
-7.337227463722229004e-01
-7.374569773674011230e-01
-7.485713362693786621e-01
-7.578923702239990234e-01
-7.672412395477294922e-01
-7.771967053413391113e-01
-7.895900607109069824e-01
-8.025798797607421875e-01
-7.219439744949340820e-01
-7.165591120719909668e-01
-7.115345001220703125e-01
-7.065091729164123535e-01
-7.014842033386230469e-01
-6.964595913887023926e-01
-6.887773871421813965e-01
-6.758746504783630371e-01
-6.593043804168701172e-01
-6.435226202011108398e-01
-6.277395486831665039e-01
-6.118585467338562012e-01
-6.011524200439453125e-01
-5.971117615699768066e-01
-5.936608314514160156e-01
-5.902094244956970215e-01
-5.867583751678466797e-01
-5.833075046539306641e-01
-5.798564553260803223e-01
-5.764054059982299805e-01
-5.729414820671081543e-01
-5.687025189399719238e-01
-5.644634962081909180e-01
-5.603127479553222656e-01
-5.583069324493408203e-01
-5.584796667098999023e-01
-5.592367649078369141e-01
-5.599943399429321289e-01
-5.607516765594482422e-01
-5.610439777374267578e-01
-5.611882209777832031e-01
-5.633015632629394531e-01
-5.684642791748046875e-01
-5.676853656768798828e-01
-5.704793930053710938e-01
-5.664274096488952637e-01
-5.651878118515014648e-01
-5.683865547180175781e-01
-5.715222358703613281e-01
-5.788450837135314941e-01
-5.848327875137329102e-01
-5.903337001800537109e-01
-5.949442982673645020e-01
-5.983214974403381348e-01
-6.014971733093261719e-01
-6.025884151458740234e-01
-5.977826714515686035e-01
-5.899370908737182617e-01
-5.779594182968139648e-01
-5.659129023551940918e-01
-5.536704063415527344e-01
-5.419659614562988281e-01
-5.310740470886230469e-01
-5.193175077438354492e-01
-5.150926709175109863e-01
-5.124163031578063965e-01
-5.086805224418640137e-01
-5.065975785255432129e-01
-5.070866942405700684e-01
-5.102708339691162109e-01
-5.159776210784912109e-01
-5.216844677925109863e-01
-5.262882709503173828e-01
-5.306090116500854492e-01
-5.349297523498535156e-01
-5.390232801437377930e-01
-5.408928394317626953e-01
-5.401560068130493164e-01
-5.385914444923400879e-01
-5.370271205902099609e-01
-5.355729460716247559e-01
-5.367369651794433594e-01
-5.379009246826171875e-01
-5.399175286293029785e-01
-5.446876287460327148e-01
-5.494579076766967773e-01
-5.558650493621826172e-01
-5.656256079673767090e-01
-5.787116289138793945e-01
-5.917878746986389160e-01
-6.049560904502868652e-01
-6.183602809906005859e-01
-6.313356161117553711e-01
-6.423071026802062988e-01
-6.484432220458984375e-01
-6.578873395919799805e-01
-6.635448932647705078e-01
-6.600334644317626953e-01
-6.535751223564147949e-01
-6.466433405876159668e-01
-6.388659477233886719e-01
-6.296002268791198730e-01
-6.234911084175109863e-01
-6.184585690498352051e-01
-6.193895339965820312e-01
-6.263442039489746094e-01
-6.309592723846435547e-01
-6.302254796028137207e-01
-6.272546052932739258e-01
-6.225999593734741211e-01
-6.144078373908996582e-01
-6.062158346176147461e-01
-5.971940755844116211e-01
-5.869829654693603516e-01
-5.772798061370849609e-01
-5.725553631782531738e-01
-5.743209719657897949e-01
-5.847452878952026367e-01
-6.092596650123596191e-01
-6.337751150131225586e-01
-6.566900014877319336e-01
-6.813220977783203125e-01
-7.017602920532226562e-01
-7.216804623603820801e-01
-7.416008114814758301e-01
-7.615203261375427246e-01
-7.686226367950439453e-01
-7.684018015861511230e-01
-7.656919956207275391e-01
-7.615385055541992188e-01
-7.559787034988403320e-01
-7.434498667716979980e-01
-7.399558424949645996e-01
-7.513040900230407715e-01
-7.620901465415954590e-01
-7.714113593101501465e-01
-7.810559868812561035e-01
-7.917070388793945312e-01
-8.030559420585632324e-01
-7.059029340744018555e-01
-7.007635831832885742e-01
-6.957387328147888184e-01
-6.907142996788024902e-01
-6.856892704963684082e-01
-6.785402894020080566e-01
-6.673333048820495605e-01
-6.500424742698669434e-01
-6.342543363571166992e-01
-6.184720396995544434e-01
-6.027225852012634277e-01
-5.881698727607727051e-01
-5.839459896087646484e-01
-5.804946422576904297e-01
-5.770434141159057617e-01
-5.735926032066345215e-01
-5.701414346694946289e-01
-5.666900277137756348e-01
-5.632393956184387207e-01
-5.597880482673645020e-01
-5.555542707443237305e-01
-5.513150691986083984e-01
-5.474865436553955078e-01
-5.456059575080871582e-01
-5.448918342590332031e-01
-5.454875230789184570e-01
-5.462446212768554688e-01
-5.470021963119506836e-01
-5.476772785186767578e-01
-5.478218197822570801e-01
-5.479664802551269531e-01
-5.496424436569213867e-01
-5.541004538536071777e-01
-5.564647316932678223e-01
-5.630186796188354492e-01
-5.609847307205200195e-01
-5.628473758697509766e-01
-5.667318105697631836e-01
-5.659269094467163086e-01
-5.715142488479614258e-01
-5.770150423049926758e-01
-5.821237564086914062e-01
-5.855013132095336914e-01
-5.886387825012207031e-01
-5.906371474266052246e-01
-5.871453285217285156e-01
-5.800987482070922852e-01
-5.698981285095214844e-01
-5.578515529632568359e-01
-5.458047389984130859e-01
-5.342168807983398438e-01
-5.233694314956665039e-01
-5.124416947364807129e-01
-5.038127899169921875e-01
-5.014572143554687500e-01
-4.977211952209472656e-01
-4.948396682739257812e-01
-4.973987340927124023e-01
-5.002751946449279785e-01
-5.057879686355590820e-01
-5.114948153495788574e-01
-5.172012448310852051e-01
-5.223419666290283203e-01
-5.266628265380859375e-01
-5.309834480285644531e-01
-5.353776812553405762e-01
-5.388872623443603516e-01
-5.389796495437622070e-01
-5.374152064323425293e-01
-5.358508825302124023e-01
-5.351547002792358398e-01
-5.363190174102783203e-01
-5.374830365180969238e-01
-5.386471748352050781e-01
-5.400233864784240723e-01
-5.447936058044433594e-01
-5.521944761276245117e-01
-5.626267790794372559e-01
-5.757125020027160645e-01
-5.887982845306396484e-01
-6.020001173019409180e-01
-6.154307126998901367e-01
-6.280931234359741211e-01
-6.381070017814636230e-01
-6.430613994598388672e-01
-6.484422087669372559e-01
-6.497923135757446289e-01
-6.536037921905517578e-01
-6.482326984405517578e-01
-6.419643163681030273e-01
-6.347329020500183105e-01
-6.274902820587158203e-01
-6.196331381797790527e-01
-6.117300987243652344e-01
-6.128580570220947266e-01
-6.193601489067077637e-01
-6.250644922256469727e-01
-6.278954744338989258e-01
-6.269192695617675781e-01
-6.236652731895446777e-01
-6.166557669639587402e-01
-6.096462011337280273e-01
-6.026363968849182129e-01
-5.942456722259521484e-01
-5.858455896377563477e-01
-5.823788642883300781e-01
-5.848969817161560059e-01
-6.040114760398864746e-01
-6.233333349227905273e-01
-6.429424881935119629e-01
-6.669759750366210938e-01
-6.898831129074096680e-01
-7.107958197593688965e-01
-7.307155728340148926e-01
-7.506355047225952148e-01
-7.703937292098999023e-01
-7.769524455070495605e-01
-7.771896123886108398e-01
-7.746758460998535156e-01
-7.716170549392700195e-01
-7.674406766891479492e-01
-7.583490610122680664e-01
-7.468696832656860352e-01
-7.541075944900512695e-01
-7.651335597038269043e-01
-7.755446434020996094e-01
-7.848183512687683105e-01
-7.949360013008117676e-01
-8.059363961219787598e-01
-6.899938583374023438e-01
-6.849691867828369141e-01
-6.799438595771789551e-01
-6.749189496040344238e-01
-6.683017611503601074e-01
-6.579455137252807617e-01
-6.414765715599060059e-01
-6.249867081642150879e-01
-6.092042326927185059e-01
-5.939536094665527344e-01
-5.806009173393249512e-01
-5.707793831825256348e-01
-5.673288702964782715e-01
-5.638777613639831543e-01
-5.604266524314880371e-01
-5.569751858711242676e-01
-5.535246133804321289e-01
-5.500731468200683594e-01
-5.466222763061523438e-01
-5.424057841300964355e-01
-5.384916663169860840e-01
-5.352592468261718750e-01
-5.329062938690185547e-01
-5.319222211837768555e-01
-5.317378044128417969e-01
-5.324953794479370117e-01
-5.332525372505187988e-01
-5.340103507041931152e-01
-5.344556570053100586e-01
-5.346001386642456055e-01
-5.347445011138916016e-01
-5.359836816787719727e-01
-5.418442487716674805e-01
-5.482596755027770996e-01
-5.571364164352416992e-01
-5.579956769943237305e-01
-5.602694749832153320e-01
-5.625151395797729492e-01
-5.608518719673156738e-01
-5.636970996856689453e-01
-5.691986083984375000e-01
-5.726808309555053711e-01
-5.757802724838256836e-01
-5.784580707550048828e-01
-5.760403871536254883e-01
-5.694612264633178711e-01
-5.616880655288696289e-01
-5.497906804084777832e-01
-5.377438068389892578e-01
-5.258648991584777832e-01
-5.151372551918029785e-01
-5.050005912780761719e-01
-4.938098192214965820e-01
-4.903417825698852539e-01
-4.867620468139648438e-01
-4.831008911132812500e-01
-4.856411218643188477e-01
-4.896473884582519531e-01
-4.955984354019165039e-01
-5.013049840927124023e-01
-5.070120096206665039e-01
-5.126855373382568359e-01
-5.183880329132080078e-01
-5.228492021560668945e-01
-5.272665023803710938e-01
-5.316842198371887207e-01
-5.366033911705017090e-01
-5.376387834548950195e-01
-5.362389087677001953e-01
-5.346745252609252930e-01
-5.347365140914916992e-01
-5.359008312225341797e-01
-5.370651483535766602e-01
-5.382289886474609375e-01
-5.393933057785034180e-01
-5.405571460723876953e-01
-5.485237836837768555e-01
-5.596275329589843750e-01
-5.727133750915527344e-01
-5.857993364334106445e-01
-5.990085601806640625e-01
-6.123992204666137695e-01
-6.247504949569702148e-01
-6.340700387954711914e-01
-6.383215188980102539e-01
-6.419872641563415527e-01
-6.406069993972778320e-01
-6.400703191757202148e-01
-6.407262086868286133e-01
-6.331341266632080078e-01
-6.255398392677307129e-01
-6.174894571304321289e-01
-6.094192266464233398e-01
-6.021547913551330566e-01
-6.009969711303710938e-01
-6.045838594436645508e-01
-6.110568642616271973e-01
-6.149901151657104492e-01
-6.139370203018188477e-01
-6.087512373924255371e-01
-5.997008085250854492e-01
-5.909900665283203125e-01
-5.841196775436401367e-01
-5.771344900131225586e-01
-5.689046382904052734e-01
-5.655642747879028320e-01
-5.784441232681274414e-01
-5.989742875099182129e-01
-6.195046901702880859e-01
-6.400352716445922852e-01
-6.605660915374755859e-01
-6.801247596740722656e-01
-7.007604837417602539e-01
-7.216883897781372070e-01
-7.428168654441833496e-01
-7.630781531333923340e-01
-7.708438634872436523e-01
-7.727233171463012695e-01
-7.713919281959533691e-01
-7.696914672851562500e-01
-7.675997614860534668e-01
-7.634683251380920410e-01
-7.520386576652526855e-01
-7.531123757362365723e-01
-7.631803750991821289e-01
-7.750379443168640137e-01
-7.862902879714965820e-01
-7.967349290847778320e-01
-8.085077404975891113e-01
-6.741985678672790527e-01
-6.691743135452270508e-01
-6.641488075256347656e-01
-6.575564742088317871e-01
-6.477079987525939941e-01
-6.329348087310791016e-01
-6.157183051109313965e-01
-6.001402735710144043e-01
-5.860057473182678223e-01
-5.730328559875488281e-01
-5.599969029426574707e-01
-5.541627407073974609e-01
-5.507118701934814453e-01
-5.472602844238281250e-01
-5.438092947006225586e-01
-5.403584241867065430e-01
-5.369071364402770996e-01
-5.334559679031372070e-01
-5.294964313507080078e-01
-5.262646079063415527e-01
-5.230320692062377930e-01
-5.202056169509887695e-01
-5.190238952636718750e-01
-5.187081098556518555e-01
-5.187458395957946777e-01
-5.195031166076660156e-01
-5.202608108520507812e-01
-5.210180282592773438e-01
-5.212334394454956055e-01
-5.213779211044311523e-01
-5.215224027633666992e-01
-5.241404771804809570e-01
-5.309703350067138672e-01
-5.409969091415405273e-01
-5.527645349502563477e-01
-5.543028116226196289e-01
-5.567790269851684570e-01
-5.573788881301879883e-01
-5.557767152786254883e-01
-5.558800697326660156e-01
-5.598608255386352539e-01
-5.629221200942993164e-01
-5.655996799468994141e-01
-5.643930435180664062e-01
-5.588237047195434570e-01
-5.517776012420654297e-01
-5.417296290397644043e-01
-5.296828746795654297e-01
-5.176359415054321289e-01
-5.065574049949645996e-01
-4.965889453887939453e-01
-4.866316318511962891e-01
-4.790618419647216797e-01
-4.758026599884033203e-01
-4.720852077007293701e-01
-4.738831818103790283e-01
-4.772197604179382324e-01
-4.844155311584472656e-01
-4.911159276962280273e-01
-4.968223571777343750e-01
-5.025959014892578125e-01
-5.083594322204589844e-01
-5.141229629516601562e-01
-5.191556215286254883e-01
-5.235730409622192383e-01
-5.281799435615539551e-01
-5.343207120895385742e-01
-5.358608365058898926e-01
-5.347021818161010742e-01
-5.334985256195068359e-01
-5.343185663223266602e-01
-5.354826450347900391e-01
-5.366469621658325195e-01
-5.378109216690063477e-01
-5.389753580093383789e-01
-5.401393175125122070e-01
-5.459216833114624023e-01
-5.566285848617553711e-01
-5.697145462036132812e-01
-5.828002691268920898e-01
-5.960168838500976562e-01
-6.090564727783203125e-01
-6.214078068733215332e-01
-6.300330758094787598e-01
-6.335822343826293945e-01
-6.352765560150146484e-01
-6.338963508605957031e-01
-6.321414709091186523e-01
-6.292437314987182617e-01
-6.248842477798461914e-01
-6.169818043708801270e-01
-6.093873977661132812e-01
-6.013457775115966797e-01
-5.953934192657470703e-01
-5.954157114028930664e-01
-5.994157791137695312e-01
-6.020874977111816406e-01
-6.061204075813293457e-01
-6.069217920303344727e-01
-6.021035909652709961e-01
-5.920674204826354980e-01
-5.820883512496948242e-01
-5.728580951690673828e-01
-5.642313957214355469e-01
-5.548570752143859863e-01
-5.556830167770385742e-01
-5.712977051734924316e-01
-5.918279886245727539e-01
-6.123588085174560547e-01
-6.328892707824707031e-01
-6.534194946289062500e-01
-6.739497184753417969e-01
-6.909383535385131836e-01
-7.044587135314941406e-01
-7.244283556938171387e-01
-7.439835667610168457e-01
-7.517510056495666504e-01
-7.541152834892272949e-01
-7.528104782104492188e-01
-7.513120770454406738e-01
-7.492464184761047363e-01
-7.471495866775512695e-01
-7.395948767662048340e-01
-7.326949238777160645e-01
-7.399730086326599121e-01
-7.512216567993164062e-01
-7.628080844879150391e-01
-7.737707495689392090e-01
-7.843936085700988770e-01
-6.584032177925109863e-01
-6.533784866333007812e-01
-6.465583443641662598e-01
-6.374713778495788574e-01
-6.243929862976074219e-01
-6.070778369903564453e-01
-5.913380980491638184e-01
-5.783911943435668945e-01
-5.654641389846801758e-01
-5.524283051490783691e-01
-5.409964919090270996e-01
-5.375453829765319824e-01
-5.340945720672607422e-01
-5.306436419486999512e-01
-5.271920561790466309e-01
-5.237407684326171875e-01
-5.204436779022216797e-01
-5.172690749168395996e-01
-5.140373110771179199e-01
-5.108048319816589355e-01
-5.075726509094238281e-01
-5.061249136924743652e-01
-5.057340860366821289e-01
-5.055000782012939453e-01
-5.057538747787475586e-01
-5.065112709999084473e-01
-5.072684884071350098e-01
-5.078669190406799316e-01
-5.080115795135498047e-01
-5.081562399864196777e-01
-5.087589025497436523e-01
-5.139371156692504883e-01
-5.222227573394775391e-01
-5.349013805389404297e-01
-5.490463972091674805e-01
-5.506096482276916504e-01
-5.532886385917663574e-01
-5.523037910461425781e-01
-5.506892204284667969e-01
-5.470661520957946777e-01
-5.500636100769042969e-01
-5.527412295341491699e-01
-5.521869063377380371e-01
-5.477424860000610352e-01
-5.411398410797119141e-01
-5.334297418594360352e-01
-5.216215848922729492e-01
-5.095750093460083008e-01
-4.981492757797241211e-01
-4.877992868423461914e-01
-4.780408143997192383e-01
-4.682625830173492432e-01
-4.648431837558746338e-01
-4.611075222492218018e-01
-4.621254801750183105e-01
-4.647921919822692871e-01
-4.717038273811340332e-01
-4.797188043594360352e-01
-4.867863059043884277e-01
-4.925670623779296875e-01
-4.983307123184204102e-01
-5.040940642356872559e-01
-5.098576545715332031e-01
-5.154618024826049805e-01
-5.198791623115539551e-01
-5.250848531723022461e-01
-5.320380330085754395e-01
-5.340830087661743164e-01
-5.329239964485168457e-01
-5.321797132492065430e-01
-5.337492823600769043e-01
-5.350646972656250000e-01
-5.362287163734436035e-01
-5.373929738998413086e-01
-5.385569930076599121e-01
-5.405339002609252930e-01
-5.464974045753479004e-01
-5.553382039070129395e-01
-5.667153000831604004e-01
-5.798012018203735352e-01
-5.930251479148864746e-01
-6.057134270668029785e-01
-6.180648207664489746e-01
-6.257653236389160156e-01
-6.288425922393798828e-01
-6.285660266876220703e-01
-6.268554925918579102e-01
-6.239575743675231934e-01
-6.210602521896362305e-01
-6.181624531745910645e-01
-6.100749969482421875e-01
-6.008292436599731445e-01
-5.935684442520141602e-01
-5.903040766716003418e-01
-5.901249051094055176e-01
-5.929561257362365723e-01
-5.978128314018249512e-01
-6.005621552467346191e-01
-6.008153557777404785e-01
-5.984095335006713867e-01
-5.886161923408508301e-01
-5.787971019744873047e-01
-5.691840648651123047e-01
-5.596578121185302734e-01
-5.536022782325744629e-01
-5.605918169021606445e-01
-5.745437145233154297e-01
-5.921796560287475586e-01
-6.098156571388244629e-01
-6.281350255012512207e-01
-6.465984582901000977e-01
-6.668034195899963379e-01
-6.858727931976318359e-01
-6.993063688278198242e-01
-7.131150364875793457e-01
-7.267718911170959473e-01
-7.326564192771911621e-01
-7.354800105094909668e-01
-7.341749072074890137e-01
-7.328375577926635742e-01
-7.307252287864685059e-01
-7.286134362220764160e-01
-7.251688241958618164e-01
-7.185648083686828613e-01
-7.181516885757446289e-01
-7.277905941009521484e-01
-7.390399575233459473e-01
-7.503165006637573242e-01
-7.609506845474243164e-01
