-8.391312360763549805e-01
-8.392354846000671387e-01
-8.399042487144470215e-01
-8.407933712005615234e-01
-8.412356376647949219e-01
-8.396233320236206055e-01
-8.375408053398132324e-01
-8.354578018188476562e-01
-8.326267004013061523e-01
-8.239202499389648438e-01
-8.092210292816162109e-01
-7.923377156257629395e-01
-7.736285328865051270e-01
-7.561112046241760254e-01
-7.381892204284667969e-01
-7.202664613723754883e-01
-7.050711512565612793e-01
-7.011932134628295898e-01
-7.058812379837036133e-01
-7.152165174484252930e-01
-7.230718135833740234e-01
-7.309275269508361816e-01
-7.387831211090087891e-01
-7.466385364532470703e-01
-7.545250654220581055e-01
-7.692198157310485840e-01
-7.828160524368286133e-01
-7.914452552795410156e-01
-7.937337160110473633e-01
-7.944599390029907227e-01
-7.951015233993530273e-01
-7.957426309585571289e-01
-7.866477966308593750e-01
-7.763173580169677734e-01
-7.659869194030761719e-01
-7.556560039520263672e-01
-7.516906261444091797e-01
-7.491807341575622559e-01
-7.447280287742614746e-01
-7.437227964401245117e-01
-7.486326694488525391e-01
-7.540258765220642090e-01
-7.611658573150634766e-01
-7.683560252189636230e-01
-7.755746841430664062e-01
-7.826235294342041016e-01
-7.890958189964294434e-01
-7.948954105377197266e-01
-7.938185334205627441e-01
-7.871496081352233887e-01
-7.800989747047424316e-01
-7.722223401069641113e-01
-7.643454074859619141e-01
-7.566846609115600586e-01
-7.497961521148681641e-01
-7.428680658340454102e-01
-7.359392046928405762e-01
-7.290105819702148438e-01
-7.220817804336547852e-01
-7.151530385017395020e-01
-7.080358266830444336e-01
-7.008288502693176270e-01
-6.926939487457275391e-01
-6.843594312667846680e-01
-6.761158704757690430e-01
-6.728664636611938477e-01
-6.724691390991210938e-01
-6.701372861862182617e-01
-6.698132753372192383e-01
-6.723468899726867676e-01
-6.719933748245239258e-01
-6.716874837875366211e-01
-6.699389219284057617e-01
-6.677457690238952637e-01
-6.689369082450866699e-01
-6.722415685653686523e-01
-6.760157346725463867e-01
-6.797702908515930176e-01
-6.838151216506958008e-01
-6.870081424713134766e-01
-6.935955882072448730e-01
-6.992470026016235352e-01
-7.055658102035522461e-01
-7.097567319869995117e-01
-7.127760648727416992e-01
-7.157953381538391113e-01
-7.188143730163574219e-01
-7.233784794807434082e-01
-7.291519641876220703e-01
-7.349252700805664062e-01
-7.451885938644409180e-01
-7.527934312820434570e-01
-7.603983879089355469e-01
-7.676861286163330078e-01
-7.731701731681823730e-01
-7.695367336273193359e-01
-7.632404565811157227e-01
-7.569441795349121094e-01
-7.506475448608398438e-01
-7.445083856582641602e-01
-7.388812899589538574e-01
-7.319345474243164062e-01
-7.248425483703613281e-01
-7.223585844039916992e-01
-7.214617729187011719e-01
-7.251158952713012695e-01
-7.271373271942138672e-01
-7.291414737701416016e-01
-7.310776114463806152e-01
-7.331031560897827148e-01
-7.388153076171875000e-01
-7.445266246795654297e-01
-7.502387762069702148e-01
-7.559505701065063477e-01
-7.616622447967529297e-01
-7.673089504241943359e-01
-7.718878984451293945e-01
-7.764669656753540039e-01
-7.808588743209838867e-01
-7.850221395492553711e-01
-7.891846895217895508e-01
-7.933480739593505859e-01
-7.975108027458190918e-01
-7.892608642578125000e-01
-7.765651941299438477e-01
-7.637426853179931641e-01
-7.508653998374938965e-01
-7.375422120094299316e-01
-7.222040891647338867e-01
-8.324124813079833984e-01
-8.336230516433715820e-01
-8.340806365013122559e-01
-8.349690437316894531e-01
-8.362079262733459473e-01
-8.367414474487304688e-01
-8.350704908370971680e-01
-8.329878449440002441e-01
-8.309051990509033203e-01
-8.249599337577819824e-01
-8.124758601188659668e-01
-7.971518039703369141e-01
-7.798238992691040039e-01
-7.610988616943359375e-01
-7.422633171081542969e-01
-7.243405580520629883e-01
-7.064181566238403320e-01
-6.993664503097534180e-01
-7.027032375335693359e-01
-7.127090692520141602e-01
-7.217108607292175293e-01
-7.295666933059692383e-01
-7.374221086502075195e-01
-7.452780008316040039e-01
-7.560123205184936523e-01
-7.736397981643676758e-01
-7.866061925888061523e-01
-7.959687709808349609e-01
-7.982569932937622070e-01
-8.005446195602416992e-01
-8.018087148666381836e-01
-7.997026443481445312e-01
-7.896598577499389648e-01
-7.793292999267578125e-01
-7.689984440803527832e-01
-7.586680650711059570e-01
-7.483487129211425781e-01
-7.471586465835571289e-01
-7.420929670333862305e-01
-7.432665824890136719e-01
-7.479895949363708496e-01
-7.540278434753417969e-01
-7.611678838729858398e-01
-7.683830261230468750e-01
-7.756015062332153320e-01
-7.824708819389343262e-01
-7.889429926872253418e-01
-7.938559055328369141e-01
-7.915475964546203613e-01
-7.847549915313720703e-01
-7.763723134994506836e-01
-7.684951424598693848e-01
-7.606182098388671875e-01
-7.541590929031372070e-01
-7.475221753120422363e-01
-7.405945658683776855e-01
-7.336670160293579102e-01
-7.267392873764038086e-01
-7.198117971420288086e-01
-7.128840684890747070e-01
-7.059563398361206055e-01
-6.999785900115966797e-01
-6.930193901062011719e-01
-6.862163543701171875e-01
-6.821430921554565430e-01
-6.783210635185241699e-01
-6.788656115531921387e-01
-6.781310439109802246e-01
-6.793470382690429688e-01
-6.830439567565917969e-01
-6.834487915039062500e-01
-6.831427812576293945e-01
-6.821269989013671875e-01
-6.799335479736328125e-01
-6.784600019454956055e-01
-6.794224381446838379e-01
-6.837919950485229492e-01
-6.880243420600891113e-01
-6.947782635688781738e-01
-7.014298439025878906e-01
-7.077809572219848633e-01
-7.123396396636962891e-01
-7.153469920158386230e-01
-7.183663845062255859e-01
-7.213853597640991211e-01
-7.244045734405517578e-01
-7.285264730453491211e-01
-7.343000173568725586e-01
-7.400735616683959961e-01
-7.446841001510620117e-01
-7.522889971733093262e-01
-7.598938941955566406e-01
-7.674179673194885254e-01
-7.742893695831298828e-01
-7.791026830673217773e-01
-7.738310098648071289e-01
-7.675347328186035156e-01
-7.612383365631103516e-01
-7.549417614936828613e-01
-7.491979002952575684e-01
-7.428078651428222656e-01
-7.347801923751831055e-01
-7.313700914382934570e-01
-7.289099693298339844e-01
-7.243682146072387695e-01
-7.224069833755493164e-01
-7.243428230285644531e-01
-7.262788414955139160e-01
-7.282147407531738281e-01
-7.309184670448303223e-01
-7.366302013397216797e-01
-7.423418760299682617e-01
-7.480536699295043945e-01
-7.537652850151062012e-01
-7.594771385192871094e-01
-7.646729350090026855e-01
-7.691277265548706055e-01
-7.734969258308410645e-01
-7.778658270835876465e-01
-7.821446657180786133e-01
-7.863078117370605469e-01
-7.904709577560424805e-01
-7.945191860198974609e-01
-7.855178117752075195e-01
-7.726400494575500488e-01
-7.597630620002746582e-01
-7.468858361244201660e-01
-7.322611212730407715e-01
-7.186615467071533203e-01
-8.144296407699584961e-01
-8.176212906837463379e-01
-8.212392926216125488e-01
-8.223341703414916992e-01
-8.237285614013671875e-01
-8.256077766418457031e-01
-8.272224664688110352e-01
-8.264834284782409668e-01
-8.253912329673767090e-01
-8.230385780334472656e-01
-8.132933378219604492e-01
-7.998143434524536133e-01
-7.840634584426879883e-01
-7.670781612396240234e-01
-7.485855817794799805e-01
-7.289469242095947266e-01
-7.104927301406860352e-01
-6.977606415748596191e-01
-6.993210315704345703e-01
-7.096101045608520508e-01
-7.195187807083129883e-01
-7.282574176788330078e-01
-7.361729145050048828e-01
-7.440884113311767578e-01
-7.603451013565063477e-01
-7.781794667243957520e-01
-7.904558181762695312e-01
-8.004924654960632324e-01
-8.027802705764770508e-01
-8.050678968429565430e-01
-8.073560595512390137e-01
-8.029950857162475586e-01
-7.926720976829528809e-01
-7.823410034179687500e-01
-7.720103859901428223e-01
-7.616796493530273438e-01
-7.513490915298461914e-01
-7.443442344665527344e-01
-7.402452230453491211e-01
-7.432998418807983398e-01
-7.476995587348937988e-01
-7.540441751480102539e-01
-7.611914873123168945e-01
-7.684098482131958008e-01
-7.756279706954956055e-01
-7.823184132575988770e-01
-7.875828742980957031e-01
-7.900889515876770020e-01
-7.884660363197326660e-01
-7.816897630691528320e-01
-7.726449370384216309e-01
-7.647681236267089844e-01
-7.568913698196411133e-01
-7.493370771408081055e-01
-7.445458173751831055e-01
-7.383205890655517578e-01
-7.313928604125976562e-01
-7.244652509689331055e-01
-7.175379395484924316e-01
-7.106099128723144531e-01
-7.036823034286499023e-01
-6.992648839950561523e-01
-6.985235810279846191e-01
-6.945153474807739258e-01
-6.905268430709838867e-01
-6.866248846054077148e-01
-6.847487092018127441e-01
-6.865779161453247070e-01
-6.893236041069030762e-01
-6.930217742919921875e-01
-6.948920488357543945e-01
-6.945873498916625977e-01
-6.942828893661499023e-01
-6.921126842498779297e-01
-6.889559030532836914e-01
-6.881324052810668945e-01
-6.927373409271240234e-01
-7.019954919815063477e-01
-7.092610001564025879e-01
-7.156132459640502930e-01
-7.195700407028198242e-01
-7.209373116493225098e-01
-7.239565849304199219e-01
-7.269759178161621094e-01
-7.299950122833251953e-01
-7.336750626564025879e-01
-7.394485473632812500e-01
-7.452219128608703613e-01
-7.481261491775512695e-01
-7.517845630645751953e-01
-7.593895196914672852e-01
-7.669943571090698242e-01
-7.740215063095092773e-01
-7.808924913406372070e-01
-7.838127017021179199e-01
-7.781255245208740234e-01
-7.718288898468017578e-01
-7.655326128005981445e-01
-7.595145702362060547e-01
-7.536818981170654297e-01
-7.456539273262023926e-01
-7.403815984725952148e-01
-7.378461956977844238e-01
-7.327871918678283691e-01
-7.223690152168273926e-01
-7.195441722869873047e-01
-7.214800119400024414e-01
-7.234157323837280273e-01
-7.253516912460327148e-01
-7.287331819534301758e-01
-7.344448566436767578e-01
-7.401567697525024414e-01
-7.458683848381042480e-01
-7.515801787376403809e-01
-7.572041153907775879e-01
-7.617389559745788574e-01
-7.661079764366149902e-01
-7.704772949218750000e-01
-7.748463749885559082e-01
-7.792154550552368164e-01
-7.834305763244628906e-01
-7.873259782791137695e-01
-7.901388406753540039e-01
-7.815375924110412598e-01
-7.686606645584106445e-01
-7.557836174964904785e-01
-7.424402832984924316e-01
-7.296954989433288574e-01
-7.179929018020629883e-01
-8.028315305709838867e-01
-8.013060688972473145e-01
-8.027663230895996094e-01
-8.064020872116088867e-01
-8.091795444488525391e-01
-8.104411363601684570e-01
-8.123197555541992188e-01
-8.140257000923156738e-01
-8.132281303405761719e-01
-8.121358156204223633e-01
-8.054672479629516602e-01
-7.932580709457397461e-01
-7.791464328765869141e-01
-7.643604874610900879e-01
-7.480036616325378418e-01
-7.302688360214233398e-01
-7.115598917007446289e-01
-6.964966058731079102e-01
-6.939347982406616211e-01
-7.044147253036499023e-01
-7.155957818031311035e-01
-7.257645130157470703e-01
-7.345501184463500977e-01
-7.462007999420166016e-01
-7.646785378456115723e-01
-7.827188968658447266e-01
-7.945108413696289062e-01
-8.045923709869384766e-01
-8.073034286499023438e-01
-8.095914125442504883e-01
-8.118794560432434082e-01
-8.043177127838134766e-01
-7.956339120864868164e-01
-7.853531837463378906e-01
-7.750225067138671875e-01
-7.646917104721069336e-01
-7.543611526489257812e-01
-7.440298795700073242e-01
-7.406115531921386719e-01
-7.441610097885131836e-01
-7.481034398078918457e-01
-7.546875476837158203e-01
-7.613986134529113770e-01
-7.684367895126342773e-01
-7.756550312042236328e-01
-7.813098430633544922e-01
-7.838159799575805664e-01
-7.863221764564514160e-01
-7.853842973709106445e-01
-7.786231040954589844e-01
-7.689181566238403320e-01
-7.610412836074829102e-01
-7.531645298004150391e-01
-7.452877759933471680e-01
-7.396761178970336914e-01
-7.359787225723266602e-01
-7.291193008422851562e-01
-7.221917510032653809e-01
-7.152640819549560547e-01
-7.088812589645385742e-01
-7.061226367950439453e-01
-7.047640085220336914e-01
-7.059344053268432617e-01
-7.032234668731689453e-01
-6.993213891983032227e-01
-6.954197883605957031e-01
-6.922211647033691406e-01
-6.948665380477905273e-01
-6.992994546890258789e-01
-7.029978632926940918e-01
-7.063328027725219727e-01
-7.060281038284301758e-01
-7.057234048843383789e-01
-7.048579454421997070e-01
-7.014076113700866699e-01
-7.014576792716979980e-01
-7.083376646041870117e-01
-7.170791625976562500e-01
-7.233458757400512695e-01
-7.257526516914367676e-01
-7.272657752037048340e-01
-7.295325398445129395e-01
-7.325527667999267578e-01
-7.355732321739196777e-01
-7.388124465942382812e-01
-7.445871829986572266e-01
-7.503617405891418457e-01
-7.518364191055297852e-01
-7.531384229660034180e-01
-7.588800191879272461e-01
-7.664857506752014160e-01
-7.737506628036499023e-01
-7.806227803230285645e-01
-7.869101166725158691e-01
-7.885006666183471680e-01
-7.824199199676513672e-01
-7.761234641075134277e-01
-7.698314189910888672e-01
-7.641712427139282227e-01
-7.564092874526977539e-01
-7.494708299636840820e-01
-7.467191219329833984e-01
-7.419659495353698730e-01
-7.315209507942199707e-01
-7.209676504135131836e-01
-7.166814208030700684e-01
-7.186173796653747559e-01
-7.205529808998107910e-01
-7.224889397621154785e-01
-7.265481948852539062e-01
-7.322596311569213867e-01
-7.379717826843261719e-01
-7.436322569847106934e-01
-7.491337656974792480e-01
-7.543503046035766602e-01
-7.587196230888366699e-01
-7.630885839462280273e-01
-7.674580812454223633e-01
-7.718204855918884277e-01
-7.760844230651855469e-01
-7.800687551498413086e-01
-7.835164070129394531e-01
-7.853855490684509277e-01
-7.775583267211914062e-01
-7.646811008453369141e-01
-7.528817653656005859e-01
-7.407108545303344727e-01
-7.286552190780639648e-01
-7.150347828865051270e-01
-7.994108200073242188e-01
-7.937844991683959961e-01
-7.902113795280456543e-01
-7.896349430084228516e-01
-7.915482521057128906e-01
-7.951833009719848633e-01
-7.971529364585876465e-01
-7.990330457687377930e-01
-8.008226156234741211e-01
-7.999726533889770508e-01
-7.953689098358154297e-01
-7.851613759994506836e-01
-7.722383141517639160e-01
-7.576121091842651367e-01
-7.430282831192016602e-01
-7.268898487091064453e-01
-7.092149257659912109e-01
-6.930359005928039551e-01
-6.837500333786010742e-01
-6.918467283248901367e-01
-7.026331424713134766e-01
-7.144004106521606445e-01
-7.250974178314208984e-01
-7.430756688117980957e-01
-7.624304294586181641e-01
-7.816678285598754883e-01
-7.942598462104797363e-01
-8.050378561019897461e-01
-8.092076182365417480e-01
-8.124859929084777832e-01
-8.125184774398803711e-01
-8.044436573982238770e-01
-7.961122989654541016e-01
-7.877776026725769043e-01
-7.780342698097229004e-01
-7.677036523818969727e-01
-7.573726177215576172e-01
-7.470418214797973633e-01
-7.414724826812744141e-01
-7.450215816497802734e-01
-7.494034171104431152e-01
-7.555729150772094727e-01
-7.622413635253906250e-01
-7.689168453216552734e-01
-7.750443220138549805e-01
-7.775429487228393555e-01
-7.800488471984863281e-01
-7.825549840927124023e-01
-7.823023796081542969e-01
-7.755563259124755859e-01
-7.657111883163452148e-01
-7.573146820068359375e-01
-7.494376897811889648e-01
-7.415606975555419922e-01
-7.345942854881286621e-01
-7.320933341979980469e-01
-7.268451452255249023e-01
-7.200155854225158691e-01
-7.173029780387878418e-01
-7.147158384323120117e-01
-7.121291756629943848e-01
-7.108266353607177734e-01
-7.134521007537841797e-01
-7.120178341865539551e-01
-7.081161737442016602e-01
-7.042140960693359375e-01
-7.018954157829284668e-01
-7.032117843627929688e-01
-7.092756032943725586e-01
-7.129736542701721191e-01
-7.166714668273925781e-01
-7.172007560729980469e-01
-7.180858850479125977e-01
-7.182643413543701172e-01
-7.191730141639709473e-01
-7.199902534484863281e-01
-7.237080931663513184e-01
-7.294300198554992676e-01
-7.318365573883056641e-01
-7.342429757118225098e-01
-7.352271080017089844e-01
-7.381271123886108398e-01
-7.411473989486694336e-01
-7.441677451133728027e-01
-7.497195005416870117e-01
-7.542358040809631348e-01
-7.555379271507263184e-01
-7.568401098251342773e-01
-7.583594322204589844e-01
-7.659653425216674805e-01
-7.734665870666503906e-01
-7.803390026092529297e-01
-7.870067954063415527e-01
-7.926391959190368652e-01
-7.929962873458862305e-01
-7.866622805595397949e-01
-7.802816629409790039e-01
-7.743009328842163086e-01
-7.670975327491760254e-01
-7.590528130531311035e-01
-7.555849552154541016e-01
-7.509865760803222656e-01
-7.408030033111572266e-01
-7.302508354187011719e-01
-7.196986675262451172e-01
-7.138309478759765625e-01
-7.157539129257202148e-01
-7.176903486251831055e-01
-7.196258902549743652e-01
-7.243630886077880859e-01
-7.300598025321960449e-01
-7.355619072914123535e-01
-7.410635948181152344e-01
-7.465654611587524414e-01
-7.513310909271240234e-01
-7.556999325752258301e-01
-7.600423097610473633e-01
-7.643064260482788086e-01
-7.685703635215759277e-01
-7.724746465682983398e-01
-7.761284708976745605e-01
-7.789682745933532715e-01
-7.806322574615478516e-01
-7.735791206359863281e-01
-7.627376317977905273e-01
-7.517253756523132324e-01
-7.391804456710815430e-01
-7.278091311454772949e-01
-7.166864871978759766e-01
-7.977693080902099609e-01
-7.904299497604370117e-01
-7.848244309425354004e-01
-7.812513113021850586e-01
-7.787123918533325195e-01
-7.784323692321777344e-01
-7.803294658660888672e-01
-7.839600443840026855e-01
-7.857452630996704102e-01
-7.876113057136535645e-01
-7.851529121398925781e-01
-7.766383886337280273e-01
-7.648622989654541016e-01
-7.508916854858398438e-01
-7.363255023956298828e-01
-7.217593193054199219e-01
-7.059390544891357422e-01
-6.896680593490600586e-01
-6.795881986618041992e-01
-6.819878816604614258e-01
-6.899045705795288086e-01
-7.011579275131225586e-01
-7.166845798492431641e-01
-7.377163171768188477e-01
-7.570705413818359375e-01
-7.765147686004638672e-01
-7.889156937599182129e-01
-7.993997931480407715e-01
-8.040382862091064453e-01
-8.073167204856872559e-01
-8.043275475502014160e-01
-7.966336011886596680e-01
-7.889397144317626953e-01
-7.812464237213134766e-01
-7.735527753829956055e-01
-7.653371095657348633e-01
-7.559972405433654785e-01
-7.466566562652587891e-01
-7.449212074279785156e-01
-7.444658875465393066e-01
-7.499718666076660156e-01
-7.561213970184326172e-01
-7.629202008247375488e-01
-7.696743011474609375e-01
-7.720633745193481445e-01
-7.740272283554077148e-01
-7.762820720672607422e-01
-7.787878513336181641e-01
-7.789477109909057617e-01
-7.724894881248474121e-01
-7.626445889472961426e-01
-7.535876035690307617e-01
-7.457104921340942383e-01
-7.378340959548950195e-01
-7.299572229385375977e-01
-7.254970669746398926e-01
-7.277460098266601562e-01
-7.260026931762695312e-01
-7.234158515930175781e-01
-7.208288908004760742e-01
-7.182418107986450195e-01
-7.169638872146606445e-01
-7.195470929145812988e-01
-7.205221652984619141e-01
-7.169108390808105469e-01
-7.133442163467407227e-01
-7.116236090660095215e-01
-7.134960293769836426e-01
-7.184648513793945312e-01
-7.229501008987426758e-01
-7.273818254470825195e-01
-7.301813960075378418e-01
-7.330967187881469727e-01
-7.377802133560180664e-01
-7.389296293258666992e-01
-7.394845485687255859e-01
-7.370325326919555664e-01
-7.379205226898193359e-01
-7.403271794319152832e-01
-7.425047159194946289e-01
-7.437015771865844727e-01
-7.467219829559326172e-01
-7.497423887252807617e-01
-7.548517584800720215e-01
-7.579376697540283203e-01
-7.592399120330810547e-01
-7.605415582656860352e-01
-7.618438005447387695e-01
-7.654451131820678711e-01
-7.730515003204345703e-01
-7.800552248954772949e-01
-7.869277000427246094e-01
-7.926919460296630859e-01
-7.982393503189086914e-01
-7.970610857009887695e-01
-7.906806468963623047e-01
-7.844257950782775879e-01
-7.777793407440185547e-01
-7.696672677993774414e-01
-7.644420862197875977e-01
-7.599972486495971680e-01
-7.500745654106140137e-01
-7.395222783088684082e-01
-7.289698123931884766e-01
-7.184177041053771973e-01
-7.113734483718872070e-01
-7.128764986991882324e-01
-7.148135304450988770e-01
-7.167503833770751953e-01
-7.219777107238769531e-01
-7.274806499481201172e-01
-7.329837083816528320e-01
-7.384866476058959961e-01
-7.439351081848144531e-01
-7.482579350471496582e-01
-7.525228261947631836e-01
-7.567881941795349121e-01
-7.610534429550170898e-01
-7.648673653602600098e-01
-7.685223817825317383e-01
-7.721762657165527344e-01
-7.741482257843017578e-01
-7.762774229049682617e-01
-7.725929021835327148e-01
-7.623113989830017090e-01
-7.500643134117126465e-01
-7.420985102653503418e-01
-7.318670749664306641e-01
-7.214294672012329102e-01
-7.963616847991943359e-01
-7.887877821922302246e-01
-7.814478874206542969e-01
-7.758646011352539062e-01
-7.722918987274169922e-01
-7.697307467460632324e-01
-7.677016258239746094e-01
-7.673493623733520508e-01
-7.692043185234069824e-01
-7.726117372512817383e-01
-7.745300531387329102e-01
-7.679724693298339844e-01
-7.565553784370422363e-01
-7.435088157653808594e-01
-7.296224832534790039e-01
-7.150565385818481445e-01
-7.004903554916381836e-01
-6.852653026580810547e-01
-6.752579212188720703e-01
-6.756400465965270996e-01
-6.809487938880920410e-01
-6.893383860588073730e-01
-7.090838551521301270e-01
-7.309936285018920898e-01
-7.517105340957641602e-01
-7.712062001228332520e-01
-7.835716009140014648e-01
-7.937621474266052246e-01
-7.988689541816711426e-01
-8.021470904350280762e-01
-7.954622507095336914e-01
-7.877688407897949219e-01
-7.800751924514770508e-01
-7.723819613456726074e-01
-7.646881937980651855e-01
-7.569944858551025391e-01
-7.493008375167846680e-01
-7.416573762893676758e-01
-7.409402132034301758e-01
-7.383980751037597656e-01
-7.422964572906494141e-01
-7.491082549095153809e-01
-7.559562325477600098e-01
-7.598227262496948242e-01
-7.630227804183959961e-01
-7.659769654273986816e-01
-7.689306735992431641e-01
-7.718847990036010742e-01
-7.726678252220153809e-01
-7.682186961174011230e-01
-7.587580680847167969e-01
-7.493939995765686035e-01
-7.418770194053649902e-01
-7.342861294746398926e-01
-7.299535274505615234e-01
-7.279156446456909180e-01
-7.306225299835205078e-01
-7.320182919502258301e-01
-7.295284271240234375e-01
-7.269412279129028320e-01
-7.243546843528747559e-01
-7.231006622314453125e-01
-7.255983948707580566e-01
-7.278700470924377441e-01
-7.257055044174194336e-01
-7.229544520378112793e-01
-7.224128246307373047e-01
-7.246997356414794922e-01
-7.269864678382873535e-01
-7.340098619461059570e-01
-7.382456064224243164e-01
-7.475004196166992188e-01
-7.527860403060913086e-01
-7.568042278289794922e-01
-7.571455240249633789e-01
-7.531980872154235840e-01
-7.491865158081054688e-01
-7.464107275009155273e-01
-7.488173246383666992e-01
-7.505377531051635742e-01
-7.522963285446166992e-01
-7.553163170814514160e-01
-7.599841356277465820e-01
-7.616393566131591797e-01
-7.629413604736328125e-01
-7.642433047294616699e-01
-7.655454874038696289e-01
-7.668476104736328125e-01
-7.725306749343872070e-01
-7.797214984893798828e-01
-7.865084409713745117e-01
-7.926128506660461426e-01
-7.981599569320678711e-01
-8.035331368446350098e-01
-8.010792136192321777e-01
-7.946989536285400391e-01
-7.884612083435058594e-01
-7.803492546081542969e-01
-7.734299302101135254e-01
-7.690080404281616211e-01
-7.593457698822021484e-01
-7.487937211990356445e-01
-7.382413148880004883e-01
-7.276889681816101074e-01
-7.171366214752197266e-01
-7.093592882156372070e-01
-7.099987268447875977e-01
-7.117835879325866699e-01
-7.138915061950683594e-01
-7.193943262100219727e-01
-7.248974442481994629e-01
-7.304005622863769531e-01
-7.358356714248657227e-01
-7.407278418540954590e-01
-7.449930906295776367e-01
-7.492580413818359375e-01
-7.534888982772827148e-01
-7.572457790374755859e-01
-7.609007358551025391e-01
-7.645554542541503906e-01
-7.673688530921936035e-01
-7.705954909324645996e-01
-7.750623822212219238e-01
-7.721558809280395508e-01
-7.628564834594726562e-01
-7.556737065315246582e-01
-7.484992742538452148e-01
-7.380876541137695312e-01
-7.262299060821533203e-01
-7.951142787933349609e-01
-7.872480154037475586e-01
-7.798068523406982422e-01
-7.724664807319641113e-01
-7.669636011123657227e-01
-7.634506225585937500e-01
-7.609268426895141602e-01
-7.589589357376098633e-01
-7.569898962974548340e-01
-7.565656304359436035e-01
-7.587317824363708496e-01
-7.576751708984375000e-01
-7.481690049171447754e-01
-7.357990145683288574e-01
-7.221544981002807617e-01
-7.083530426025390625e-01
-6.937866210937500000e-01
-6.792207360267639160e-01
-6.697070598602294922e-01
-6.713704466819763184e-01
-6.723215579986572266e-01
-6.843998432159423828e-01
-7.039335966110229492e-01
-7.240642309188842773e-01
-7.453027963638305664e-01
-7.655435800552368164e-01
-7.782274484634399414e-01
-7.884829044342041016e-01
-7.936990857124328613e-01
-7.940662503242492676e-01
-7.865974307060241699e-01
-7.789038419723510742e-01
-7.712106108665466309e-01
-7.635168433189392090e-01
-7.558234930038452148e-01
-7.481297254562377930e-01
-7.404361963272094727e-01
-7.371232509613037109e-01
-7.369590401649475098e-01
-7.366217970848083496e-01
-7.341091632843017578e-01
-7.409457564353942871e-01
-7.443774938583374023e-01
-7.474254965782165527e-01
-7.504465579986572266e-01
-7.534005641937255859e-01
-7.563541531562805176e-01
-7.593082189559936523e-01
-7.588464021682739258e-01
-7.549107074737548828e-01
-7.467638254165649414e-01
-7.380810976028442383e-01
-7.337596416473388672e-01
-7.312139272689819336e-01
-7.286684513092041016e-01
-7.262665033340454102e-01
-7.284227609634399414e-01
-7.331246137619018555e-01
-7.336587905883789062e-01
-7.319990396499633789e-01
-7.299338579177856445e-01
-7.288885116577148438e-01
-7.316497564315795898e-01
-7.348568439483642578e-01
-7.344998121261596680e-01
-7.326285839080810547e-01
-7.336165308952331543e-01
-7.367992401123046875e-01
-7.396241426467895508e-01
-7.463678717613220215e-01
-7.564648389816284180e-01
-7.657252550125122070e-01
-7.723804712295532227e-01
-7.726173400878906250e-01
-7.704672813415527344e-01
-7.665201425552368164e-01
-7.618331909179687500e-01
-7.567815780639648438e-01
-7.573387622833251953e-01
-7.584992051124572754e-01
-7.608907222747802734e-01
-7.640391588211059570e-01
-7.653412818908691406e-01
-7.666429281234741211e-01
-7.679451107978820801e-01
-7.692472338676452637e-01
-7.704939842224121094e-01
-7.718693614006042480e-01
-7.792615890502929688e-01
-7.860485315322875977e-01
-7.925332784652709961e-01
-7.980807423591613770e-01
-8.036280870437622070e-01
-8.085284233093261719e-01
-8.050973415374755859e-01
-7.989638447761535645e-01
-7.910308837890625000e-01
-7.829117774963378906e-01
-7.780184745788574219e-01
-7.686345577239990234e-01
-7.580651044845581055e-01
-7.475126981735229492e-01
-7.369602918624877930e-01
-7.264080047607421875e-01
-7.158557176589965820e-01
-7.072297334671020508e-01
-7.067954540252685547e-01
-7.085226178169250488e-01
-7.113082408905029297e-01
-7.168112993240356445e-01
-7.222259044647216797e-01
-7.276240587234497070e-01
-7.330218553543090820e-01
-7.374627590179443359e-01
-7.417278289794921875e-01
-7.459139227867126465e-01
-7.496243715286254883e-01
-7.532792091369628906e-01
-7.569339275360107422e-01
-7.605872750282287598e-01
-7.647720575332641602e-01
-7.692383527755737305e-01
-7.744067907333374023e-01
-7.766276597976684570e-01
-7.704801559448242188e-01
-7.652502059936523438e-01
-7.549576163291931152e-01
-7.445296049118041992e-01
-7.328433990478515625e-01
-7.938925027847290039e-01
-7.860854864120483398e-01
-7.783095836639404297e-01
-7.710295915603637695e-01
-7.637493610382080078e-01
-7.582684755325317383e-01
-7.547552585601806641e-01
-7.522100806236267090e-01
-7.502416372299194336e-01
-7.482727169990539551e-01
-7.463043332099914551e-01
-7.441847324371337891e-01
-7.394502162933349609e-01
-7.280862927436828613e-01
-7.144448757171630859e-01
-7.008011937141418457e-01
-6.870837211608886719e-01
-6.725180149078369141e-01
-6.620801687240600586e-01
-6.654911041259765625e-01
-6.674014925956726074e-01
-6.811568737030029297e-01
-6.997767686843872070e-01
-7.196695208549499512e-01
-7.398006916046142578e-01
-7.591471672058105469e-01
-7.728837132453918457e-01
-7.833443880081176758e-01
-7.885300517082214355e-01
-7.854265570640563965e-01
-7.777332067489624023e-01
-7.700393795967102051e-01
-7.623457908630371094e-01
-7.546519041061401367e-01
-7.469584941864013672e-01
-7.392647266387939453e-01
-7.315713167190551758e-01
-7.309592962265014648e-01
-7.318883538246154785e-01
-7.334437370300292969e-01
-7.317271828651428223e-01
-7.297189235687255859e-01
-7.326010465621948242e-01
-7.353708744049072266e-01
-7.378704547882080078e-01
-7.408242821693420410e-01
-7.437780499458312988e-01
-7.468717694282531738e-01
-7.458313703536987305e-01
-7.425070405006408691e-01
-7.371706962585449219e-01
-7.324644327163696289e-01
-7.287265062332153320e-01
-7.261807322502136230e-01
-7.236351966857910156e-01
-7.210894227027893066e-01
-7.206303477287292480e-01
-7.251952886581420898e-01
-7.290939688682556152e-01
-7.284819483757019043e-01
-7.272799611091613770e-01
-7.266708612442016602e-01
-7.299878597259521484e-01
-7.341854572296142578e-01
-7.372738718986511230e-01
-7.380981445312500000e-01
-7.423148751258850098e-01
-7.461303472518920898e-01
-7.546131610870361328e-01
-7.632952928543090820e-01
-7.741056680679321289e-01
-7.828388810157775879e-01
-7.870850563049316406e-01
-7.852067947387695312e-01
-7.831467390060424805e-01
-7.798418998718261719e-01
-7.744798064231872559e-01
-7.684457302093505859e-01
-7.658258676528930664e-01
-7.664793729782104492e-01
-7.677406072616577148e-01
-7.690426111221313477e-01
-7.703446745872497559e-01
-7.715857028961181641e-01
-7.728028297424316406e-01
-7.740193605422973633e-01
-7.752361297607421875e-01
-7.786937952041625977e-01
-7.855885624885559082e-01
-7.923758029937744141e-01
-7.980012893676757812e-01
-8.035488724708557129e-01
-8.090960979461669922e-01
-8.134607672691345215e-01
-8.091156482696533203e-01
-8.017126321792602539e-01
-7.934551239013671875e-01
-7.870291471481323242e-01
-7.780702114105224609e-01
-7.673363685607910156e-01
-7.567840814590454102e-01
-7.462315559387207031e-01
-7.356790304183959961e-01
-7.250478267669677734e-01
-7.142854332923889160e-01
-7.048323154449462891e-01
-7.035345435142517090e-01
-7.052578330039978027e-01
-7.086163759231567383e-01
-7.140141725540161133e-01
-7.194119691848754883e-01
-7.248097658157348633e-01
-7.299327850341796875e-01
-7.341977357864379883e-01
-7.383394241333007812e-01
-7.420026659965515137e-01
-7.456579804420471191e-01
-7.493124604225158691e-01
-7.536424994468688965e-01
-7.589483857154846191e-01
-7.636343836784362793e-01
-7.711988687515258789e-01
-7.817576527595520020e-01
-7.858895659446716309e-01
-7.809737324714660645e-01
-7.728481292724609375e-01
-7.624369859695434570e-01
-7.511425614356994629e-01
-7.392951250076293945e-01
-7.939589023590087891e-01
-7.850437760353088379e-01
-7.772372961044311523e-01
-7.695926427841186523e-01
-7.623127698898315430e-01
-7.550326585769653320e-01
-7.495735883712768555e-01
-7.460602521896362305e-01
-7.434932589530944824e-01
-7.415243387222290039e-01
-7.395558357238769531e-01
-7.375869750976562500e-01
-7.296979427337646484e-01
-7.197824120521545410e-01
-7.068082094192504883e-01
-6.930909752845764160e-01
-6.794472932815551758e-01
-6.658031940460205078e-01
-6.542503237724304199e-01
-6.573922634124755859e-01
-6.662470102310180664e-01
-6.786056756973266602e-01
-6.959978342056274414e-01
-7.152746319770812988e-01
-7.354050874710083008e-01
-7.548657059669494629e-01
-7.680600285530090332e-01
-7.782057523727416992e-01
-7.833601236343383789e-01
-7.765616774559020996e-01
-7.688684463500976562e-01
-7.611745595932006836e-01
-7.534812688827514648e-01
-7.457876205444335938e-01
-7.380937337875366211e-01
-7.304000258445739746e-01
-7.238644361495971680e-01
-7.247940301895141602e-01
-7.257238030433654785e-01
-7.284811735153198242e-01
-7.273811101913452148e-01
-7.202425003051757812e-01
-7.208240032196044922e-01
-7.234144210815429688e-01
-7.256709337234497070e-01
-7.285398244857788086e-01
-7.316653728485107422e-01
-7.342430353164672852e-01
-7.350304722785949707e-01
-7.364869117736816406e-01
-7.336757183074951172e-01
-7.286190986633300781e-01
-7.238562107086181641e-01
-7.211475372314453125e-01
-7.186017632484436035e-01
-7.160562276840209961e-01
-7.142422795295715332e-01
-7.172661423683166504e-01
-7.219678163528442383e-01
-7.247029542922973633e-01
-7.239252924919128418e-01
-7.231147289276123047e-01
-7.263463139533996582e-01
-7.305439710617065430e-01
-7.357862591743469238e-01
-7.407367825508117676e-01
-7.466934919357299805e-01
-7.555331587791442871e-01
-7.643729448318481445e-01
-7.732126116752624512e-01
-7.799469232559204102e-01
-7.870136499404907227e-01
-7.919356822967529297e-01
-7.912856340408325195e-01
-7.902163267135620117e-01
-7.886313199996948242e-01
-7.835878133773803711e-01
-7.785888314247131348e-01
-7.738829851150512695e-01
-7.706230282783508301e-01
-7.722113132476806641e-01
-7.737810015678405762e-01
-7.751113176345825195e-01
-7.763279676437377930e-01
-7.775448560714721680e-01
-7.787616252899169922e-01
-7.799783945083618164e-01
-7.851284146308898926e-01
-7.919156551361083984e-01
-7.979220747947692871e-01
-8.034692406654357910e-01
-8.090165853500366211e-01
-8.145639300346374512e-01
-8.183782696723937988e-01
-8.123943209648132324e-01
-8.041745424270629883e-01
-7.960399389266967773e-01
-7.875061035156250000e-01
-7.766076326370239258e-01
-7.660554051399230957e-01
-7.555029392242431641e-01
-7.449076771736145020e-01
-7.341454029083251953e-01
-7.233829498291015625e-01
-7.126209139823913574e-01
-7.024111747741699219e-01
-7.001441717147827148e-01
-7.017660140991210938e-01
-7.058021426200866699e-01
-7.112001180648803711e-01
-7.165978550910949707e-01
-7.219958305358886719e-01
-7.266674637794494629e-01
-7.307263612747192383e-01
-7.343811988830566406e-01
-7.380357980728149414e-01
-7.416908740997314453e-01
-7.469787597656250000e-01
-7.531245946884155273e-01
-7.593138217926025391e-01
-7.698611021041870117e-01
-7.808352112770080566e-01
-7.919589281082153320e-01
-7.969348430633544922e-01
-7.907469272613525391e-01
-7.809438109397888184e-01
-7.708656191825866699e-01
-7.596381306648254395e-01
-7.483924627304077148e-01
-7.978956699371337891e-01
-7.869961261749267578e-01
-7.781761288642883301e-01
-7.700772881507873535e-01
-7.622730135917663574e-01
-7.547008991241455078e-01
-7.471286654472351074e-01
-7.413985729217529297e-01
-7.375934123992919922e-01
-7.347759604454040527e-01
-7.328072190284729004e-01
-7.308384180068969727e-01
-7.247322797775268555e-01
-7.143997550010681152e-01
-7.018445730209350586e-01
-6.867897510528564453e-01
-6.718111038208007812e-01
-6.580937504768371582e-01
-6.463242769241333008e-01
-6.485519409179687500e-01
-6.636470556259155273e-01
-6.776603460311889648e-01
-6.927778720855712891e-01
-7.112621068954467773e-01
-7.310105562210083008e-01
-7.502800226211547852e-01
-7.644876241683959961e-01
-7.751766443252563477e-01
-7.752954363822937012e-01
-7.676968574523925781e-01
-7.600032687187194824e-01
-7.523100376129150391e-01
-7.446162104606628418e-01
-7.369226217269897461e-01
-7.292287349700927734e-01
-7.215357422828674316e-01
-7.176996469497680664e-01
-7.186292409896850586e-01
-7.198016643524169922e-01
-7.205990552902221680e-01
-7.198556661605834961e-01
-7.145799994468688965e-01
-7.093201875686645508e-01
-7.119029760360717773e-01
-7.142105102539062500e-01
-7.165179848670959473e-01
-7.211682796478271484e-01
-7.270903587341308594e-01
-7.300896048545837402e-01
-7.321578860282897949e-01
-7.301857471466064453e-01
-7.251294851303100586e-01
-7.200724482536315918e-01
-7.164518237113952637e-01
-7.137019634246826172e-01
-7.110230922698974609e-01
-7.084771394729614258e-01
-7.093366384506225586e-01
-7.140384912490844727e-01
-7.189264297485351562e-01
-7.205708026885986328e-01
-7.196344137191772461e-01
-7.227045297622680664e-01
-7.286486625671386719e-01
-7.357229590415954590e-01
-7.469522356986999512e-01
-7.564530372619628906e-01
-7.652927637100219727e-01
-7.737446427345275879e-01
-7.786387205123901367e-01
-7.834941148757934570e-01
-7.890068888664245605e-01
-7.933676242828369141e-01
-7.941823005676269531e-01
-7.931127548217773438e-01
-7.913652658462524414e-01
-7.865415811538696289e-01
-7.809622883796691895e-01
-7.699189186096191406e-01
-7.659431695938110352e-01
-7.681503295898437500e-01
-7.703576683998107910e-01
-7.725650668144226074e-01
-7.747721672058105469e-01
-7.769795656204223633e-01
-7.791869640350341797e-01
-7.813419103622436523e-01
-7.891194820404052734e-01
-7.964969277381896973e-01
-8.026884198188781738e-01
-8.085887432098388672e-01
-8.144844770431518555e-01
-8.200318813323974609e-01
-8.224404454231262207e-01
-8.148940801620483398e-01
-8.055347204208374023e-01
-7.969417572021484375e-01
-7.858789563179016113e-01
-7.753264904022216797e-01
-7.647681236267089844e-01
-7.540055513381958008e-01
-7.432430982589721680e-01
-7.324811220169067383e-01
-7.216746807098388672e-01
-7.108072042465209961e-01
-6.999398469924926758e-01
-6.966522336006164551e-01
-6.982742547988891602e-01
-7.029882073402404785e-01
-7.083858251571655273e-01
-7.137839794158935547e-01
-7.191371917724609375e-01
-7.231049537658691406e-01
-7.267596721649169922e-01
-7.304140329360961914e-01
-7.340856790542602539e-01
-7.403149008750915527e-01
-7.474187612533569336e-01
-7.579646110534667969e-01
-7.689390182495117188e-01
-7.805889844894409180e-01
-7.929088473320007324e-01
-8.036652207374572754e-01
-8.095163106918334961e-01
-8.008893728256225586e-01
-7.912563085556030273e-01
-7.800390720367431641e-01
-7.687939405441284180e-01
-7.575480937957763672e-01
-8.052355051040649414e-01
-7.901003956794738770e-01
-7.801364660263061523e-01
-7.717040777206420898e-01
-7.636049985885620117e-01
-7.559329271316528320e-01
-7.483605146408081055e-01
-7.407883405685424805e-01
-7.350803613662719727e-01
-7.312750816345214844e-01
-7.283722162246704102e-01
-7.261113524436950684e-01
-7.216511964797973633e-01
-7.126369476318359375e-01
-6.997112035751342773e-01
-6.854256987571716309e-01
-6.689180135726928711e-01
-6.530124545097351074e-01
-6.375621557235717773e-01
-6.450073719024658203e-01
-6.602829694747924805e-01
-6.751587390899658203e-01
-6.890676617622375488e-01
-7.072900533676147461e-01
-7.266395688056945801e-01
-7.456943392753601074e-01
-7.601085901260375977e-01
-7.719624042510986328e-01
-7.705244421958923340e-01
-7.601913809776306152e-01
-7.511387467384338379e-01
-7.434450387954711914e-01
-7.357513308525085449e-01
-7.280576825141906738e-01
-7.203642129898071289e-01
-7.126706838607788086e-01
-7.115346193313598633e-01
-7.124642729759216309e-01
-7.123526334762573242e-01
-7.117274403572082520e-01
-7.111711502075195312e-01
-7.076451778411865234e-01
-7.023249864578247070e-01
-7.004425525665283203e-01
-7.038862705230712891e-01
-7.103625535964965820e-01
-7.169782519340515137e-01
-7.220757007598876953e-01
-7.251489758491516113e-01
-7.274770736694335938e-01
-7.266960144042968750e-01
-7.216395139694213867e-01
-7.165828943252563477e-01
-7.122901678085327148e-01
-7.092015743255615234e-01
-7.062976360321044922e-01
-7.035475969314575195e-01
-7.022179365158081055e-01
-7.061090469360351562e-01
-7.112226486206054688e-01
-7.160907983779907227e-01
-7.162798643112182617e-01
-7.208208441734313965e-01
-7.283505201339721680e-01
-7.413223981857299805e-01
-7.554711103439331055e-01
-7.658814191818237305e-01
-7.729302644729614258e-01
-7.778243422508239746e-01
-7.827182412147521973e-01
-7.867729663848876953e-01
-7.906640768051147461e-01
-7.947996258735656738e-01
-7.970783114433288574e-01
-7.959315776824951172e-01
-7.934235334396362305e-01
-7.869781255722045898e-01
-7.775744199752807617e-01
-7.683709859848022461e-01
-7.623748779296875000e-01
-7.631996870040893555e-01
-7.654070854187011719e-01
-7.676143646240234375e-01
-7.698215246200561523e-01
-7.720289826393127441e-01
-7.742364406585693359e-01
-7.779760360717773438e-01
-7.857341766357421875e-01
-7.922721505165100098e-01
-7.988098859786987305e-01
-8.053477406501770020e-01
-8.118853569030761719e-01
-8.184230923652648926e-01
-8.192903995513916016e-01
-8.110174536705017090e-01
-8.022725582122802734e-01
-7.920359373092651367e-01
-7.824738621711730957e-01
-7.727320194244384766e-01
-7.625197172164916992e-01
-7.521101832389831543e-01
-7.415142059326171875e-01
-7.306466102600097656e-01
-7.197791337966918945e-01
-7.089121341705322266e-01
-6.980445384979248047e-01
-6.931604146957397461e-01
-6.947824954986572266e-01
-7.001739144325256348e-01
-7.055719494819641113e-01
-7.109696865081787109e-01
-7.154831290245056152e-01
-7.191382646560668945e-01
-7.227927446365356445e-01
-7.274004220962524414e-01
-7.340228557586669922e-01
-7.445992231369018555e-01
-7.578628063201904297e-01
-7.702693939208984375e-01
-7.830940485000610352e-01
-7.952888011932373047e-01
-8.064092397689819336e-01
-8.161045312881469727e-01
-8.206957578659057617e-01
-8.108519315719604492e-01
-8.003430366516113281e-01
-7.891949415206909180e-01
-7.788043022155761719e-01
-7.684941291809082031e-01
-8.113512992858886719e-01
-7.936782836914062500e-01
-7.830334901809692383e-01
-7.733312845230102539e-01
-7.652320861816406250e-01
-7.571658492088317871e-01
-7.495933175086975098e-01
-7.420208454132080078e-01
-7.344491481781005859e-01
-7.287619113922119141e-01
-7.249564528465270996e-01
-7.220319509506225586e-01
-7.195099592208862305e-01
-7.111209630966186523e-01
-6.992036104202270508e-01
-6.850935816764831543e-01
-6.705314517021179199e-01
-6.541137695312500000e-01
-6.375967264175415039e-01
-6.456369161605834961e-01
-6.587897539138793945e-01
-6.736518144607543945e-01
-6.880526542663574219e-01
-7.028517127037048340e-01
-7.229023575782775879e-01
-7.417095899581909180e-01
-7.560379505157470703e-01
-7.678052186965942383e-01
-7.642960548400878906e-01
-7.547284960746765137e-01
-7.449069619178771973e-01
-7.350855469703674316e-01
-7.268866896629333496e-01
-7.191931009292602539e-01
-7.114994525909423828e-01
-7.045025825500488281e-01
-7.056037187576293945e-01
-7.050460577011108398e-01
-7.037138938903808594e-01
-7.031137347221374512e-01
-7.025577425956726074e-01
-7.007105350494384766e-01
-6.959955692291259766e-01
-6.940978765487670898e-01
-7.003167271614074707e-01
-7.067933082580566406e-01
-7.132694125175476074e-01
-7.170611619949340820e-01
-7.202082872390747070e-01
-7.225363850593566895e-01
-7.229421138763427734e-01
-7.181496620178222656e-01
-7.130932807922363281e-01
-7.081403732299804688e-01
-7.050519585609436035e-01
-7.019634246826171875e-01
-6.988933086395263672e-01
-6.961435079574584961e-01
-6.982542276382446289e-01
-7.035191655158996582e-01
-7.104328870773315430e-01
-7.146934270858764648e-01
-7.220463752746582031e-01
-7.339001893997192383e-01
-7.481403946876525879e-01
-7.636060714721679688e-01
-7.712848186492919922e-01
-7.770084142684936523e-01
-7.819040417671203613e-01
-7.861031293869018555e-01
-7.899939417839050293e-01
-7.938016653060913086e-01
-7.960630655288696289e-01
-7.989109754562377930e-01
-7.985666990280151367e-01
-7.916251420974731445e-01
-7.841562628746032715e-01
-7.755847573280334473e-01
-7.670730948448181152e-01
-7.608397006988525391e-01
-7.582494616508483887e-01
-7.604565620422363281e-01
-7.626637220382690430e-01
-7.648711204528808594e-01
-7.670785784721374512e-01
-7.688719034194946289e-01
-7.746104598045349121e-01
-7.815095186233520508e-01
-7.880471944808959961e-01
-7.945850491523742676e-01
-8.011227846145629883e-01
-8.076606988906860352e-01
-8.125767707824707031e-01
-8.112070560455322266e-01
-8.010247945785522461e-01
-7.907873988151550293e-01
-7.809185981750488281e-01
-7.711465954780578613e-01
-7.613748908042907715e-01
-7.515180110931396484e-01
-7.416410446166992188e-01
-7.317641973495483398e-01
-7.218874692916870117e-01
-7.120104432106018066e-01
-7.021337747573852539e-01
-6.922569274902343750e-01
-6.867897510528564453e-01
-6.900506019592285156e-01
-6.964390277862548828e-01
-7.022919058799743652e-01
-7.075618505477905273e-01
-7.115162611007690430e-01
-7.153335213661193848e-01
-7.216124534606933594e-01
-7.315608263015747070e-01
-7.450326681137084961e-01
-7.593159675598144531e-01
-7.729170322418212891e-01
-7.855986356735229492e-01
-7.976359128952026367e-01
-8.083276748657226562e-01
-8.185043334960937500e-01
-8.282458186149597168e-01
-8.305361866950988770e-01
-8.209261894226074219e-01
-8.109357357025146484e-01
-8.009478449821472168e-01
-7.897751927375793457e-01
-7.764766812324523926e-01
-8.169547915458679199e-01
-8.010675907135009766e-01
-7.865980863571166992e-01
-7.761730551719665527e-01
-7.668589949607849121e-01
-7.587605118751525879e-01
-7.508252859115600586e-01
-7.432535886764526367e-01
-7.356811165809631348e-01
-7.281083464622497559e-01
-7.224435806274414062e-01
-7.186386585235595703e-01
-7.156916260719299316e-01
-7.089796066284179688e-01
-6.986961960792541504e-01
-6.852624416351318359e-01
-6.703906059265136719e-01
-6.556364297866821289e-01
-6.452820897102355957e-01
-6.508404016494750977e-01
-6.634421348571777344e-01
-6.754529476165771484e-01
-6.875203847885131836e-01
-7.018467187881469727e-01
-7.198021411895751953e-01
-7.388941645622253418e-01
-7.542890310287475586e-01
-7.632250785827636719e-01
-7.594404220581054688e-01
-7.504169940948486328e-01
-7.412531375885009766e-01
-7.311396598815917969e-01
-7.210692167282104492e-01
-7.114753723144531250e-01
-7.036617994308471680e-01
-6.991819739341735840e-01
-6.986835002899169922e-01
-6.957809329032897949e-01
-6.950754523277282715e-01
-6.944998502731323242e-01
-6.941858530044555664e-01
-6.977984309196472168e-01
-6.967722177505493164e-01
-6.948741674423217773e-01
-6.946182250976562500e-01
-7.027413249015808105e-01
-7.088766694068908691e-01
-7.123296260833740234e-01
-7.152674198150634766e-01
-7.175955772399902344e-01
-7.186129093170166016e-01
-7.146600484848022461e-01
-7.096035480499267578e-01
-7.045470476150512695e-01
-7.009019255638122559e-01
-6.978135108947753906e-01
-6.947250366210937500e-01
-6.916367411613464355e-01
-6.909062266349792480e-01
-6.979837417602539062e-01
-7.049566507339477539e-01
-7.158362865447998047e-01
-7.273730039596557617e-01
-7.398247718811035156e-01
-7.535119056701660156e-01
-7.655146121978759766e-01
-7.748649716377258301e-01
-7.805848121643066406e-01
-7.853260040283203125e-01
-7.891499996185302734e-01
-7.929556369781494141e-01
-7.965042591094970703e-01
-7.979413270950317383e-01
-7.993649244308471680e-01
-7.953959703445434570e-01
-7.877550125122070312e-01
-7.821129560470581055e-01
-7.741575241088867188e-01
-7.662787437438964844e-01
-7.600455284118652344e-01
-7.544322013854980469e-01
-7.555059194564819336e-01
-7.577131986618041992e-01
-7.599204778671264648e-01
-7.619506716728210449e-01
-7.634668350219726562e-01
-7.707467675209045410e-01
-7.772842645645141602e-01
-7.838221192359924316e-01
-7.903598546981811523e-01
-7.968977093696594238e-01
-8.021556138992309570e-01
-8.058646917343139648e-01
-8.000673055648803711e-01
-7.894324660301208496e-01
-7.793324589729309082e-01
-7.695606946945190430e-01
-7.596837878227233887e-01
-7.498067021369934082e-01
-7.399298548698425293e-01
-7.300531268119812012e-01
-7.201762199401855469e-01
-7.102993130683898926e-01
-7.004224061965942383e-01
-6.905456185340881348e-01
-6.806687712669372559e-01
-6.740075349807739258e-01
-6.775436401367187500e-01
-6.841063499450683594e-01
-6.906796693801879883e-01
-6.969063282012939453e-01
-7.025380134582519531e-01
-7.128796577453613281e-01
-7.263326644897460938e-01
-7.417002916336059570e-01
-7.574430704116821289e-01
-7.728753089904785156e-01
-7.862863540649414062e-01
-7.990720272064208984e-01
-8.098978996276855469e-01
-8.210037946701049805e-01
-8.312808871269226074e-01
-8.389335870742797852e-01
-8.428027629852294922e-01
-8.325466513633728027e-01
-8.194537162780761719e-01
-8.063614368438720703e-01
-7.932381629943847656e-01
-7.800917625427246094e-01
-8.201277852058410645e-01
-8.066353797912597656e-01
-7.901625037193298340e-01
-7.795310616493225098e-01
-7.693135738372802734e-01
-7.603871226310729980e-01
-7.522887587547302246e-01
-7.444860339164733887e-01
-7.369130253791809082e-01
-7.293412089347839355e-01
-7.217690944671630859e-01
-7.161251306533813477e-01
-7.123204469680786133e-01
-7.068390846252441406e-01
-6.981884241104125977e-01
-6.852629184722900391e-01
-6.705589890480041504e-01
-6.567587852478027344e-01
-6.522618532180786133e-01
-6.562861204147338867e-01
-6.690368652343750000e-01
-6.816388368606567383e-01
-6.938827633857727051e-01
-7.041081786155700684e-01
-7.157166004180908203e-01
-7.351284027099609375e-01
-7.512221336364746094e-01
-7.578192949295043945e-01
-7.547088861465454102e-01
-7.456797957420349121e-01
-7.380191683769226074e-01
-7.287124991416931152e-01
-7.187708616256713867e-01
-7.088289260864257812e-01
-6.988873481750488281e-01
-6.952254176139831543e-01
-6.920689344406127930e-01
-6.895048618316650391e-01
-6.885836124420166016e-01
-6.916992664337158203e-01
-6.950200796127319336e-01
-6.983404755592346191e-01
-6.985214948654174805e-01
-6.963315606117248535e-01
-6.941418647766113281e-01
-6.970844268798828125e-01
-7.034633159637451172e-01
-7.079353332519531250e-01
-7.104121446609497070e-01
-7.126547098159790039e-01
-7.142838239669799805e-01
-7.111701965332031250e-01
-7.061137557029724121e-01
-7.010571956634521484e-01
-6.967521905899047852e-01
-6.936638355255126953e-01
-6.905753016471862793e-01
-6.880245208740234375e-01
-6.876494884490966797e-01
-6.951606869697570801e-01
-7.058807611465454102e-01
-7.166006565093994141e-01
-7.315803766250610352e-01
-7.429357171058654785e-01
-7.548388838768005371e-01
-7.667564749717712402e-01
-7.772990465164184570e-01
-7.833985090255737305e-01
-7.881324291229248047e-01
-7.921097278594970703e-01
-7.959155440330505371e-01
-7.989026308059692383e-01
-7.981922030448913574e-01
-7.946323156356811523e-01
-7.914525866508483887e-01
-7.850668430328369141e-01
-7.801091670989990234e-01
-7.727299332618713379e-01
-7.654846310615539551e-01
-7.592512369155883789e-01
-7.530179023742675781e-01
-7.505555152893066406e-01
-7.527627944946289062e-01
-7.549700736999511719e-01
-7.565029859542846680e-01
-7.599840164184570312e-01
-7.665216326713562012e-01
-7.730596065521240234e-01
-7.795973420143127441e-01
-7.861350774765014648e-01
-7.919499874114990234e-01
-7.955765128135681152e-01
-7.960361242294311523e-01
-7.880111932754516602e-01
-7.777264118194580078e-01
-7.678493261337280273e-01
-7.579724788665771484e-01
-7.480956912040710449e-01
-7.382186651229858398e-01
-7.283419370651245117e-01
-7.184649705886840820e-01
-7.085880637168884277e-01
-6.987111568450927734e-01
-6.888343095779418945e-01
-6.792303323745727539e-01
-6.700669527053833008e-01
-6.633864045143127441e-01
-6.673620939254760742e-01
-6.738886833190917969e-01
-6.803798675537109375e-01
-6.892799139022827148e-01
-7.016202211380004883e-01
-7.170815467834472656e-01
-7.328245639801025391e-01
-7.485673427581787109e-01
-7.643109560012817383e-01
-7.781834006309509277e-01
-7.906895875930786133e-01
-8.021947145462036133e-01
-8.145157098770141602e-01
-8.271603584289550781e-01
-8.378956317901611328e-01
-8.415365815162658691e-01
-8.440178036689758301e-01
-8.326766490936279297e-01
-8.214494585990905762e-01
-8.102223873138427734e-01
-7.989951372146606445e-01
-7.834692597389221191e-01
-8.208457827568054199e-01
-8.099312782287597656e-01
-7.951921224594116211e-01
-7.830665707588195801e-01
-7.724639177322387695e-01
-7.624549269676208496e-01
-7.539156079292297363e-01
-7.458165287971496582e-01
-7.381455302238464355e-01
-7.305732965469360352e-01
-7.230011820793151855e-01
-7.154290676116943359e-01
-7.098069787025451660e-01
-7.054280042648315430e-01
-6.963084340095520020e-01
-6.847553849220275879e-01
-6.707277894020080566e-01
-6.624162197113037109e-01
-6.579917073249816895e-01
-6.611157655715942383e-01
-6.743917465209960938e-01
-6.872332096099853516e-01
-6.995655298233032227e-01
-7.117652893066406250e-01
-7.229836583137512207e-01
-7.335710525512695312e-01
-7.476047277450561523e-01
-7.514380216598510742e-01
-7.494289278984069824e-01
-7.414438128471374512e-01
-7.337417602539062500e-01
-7.260945439338684082e-01
-7.164723873138427734e-01
-7.065308094024658203e-01
-6.960947513580322266e-01
-6.908104419708251953e-01
-6.855258941650390625e-01
-6.870517730712890625e-01
-6.903243064880371094e-01
-6.936448812484741211e-01
-6.969658136367797852e-01
-7.002864480018615723e-01
-7.019668221473693848e-01
-6.997770071029663086e-01
-6.975870132446289062e-01
-6.953974962234497070e-01
-6.993587017059326172e-01
-7.041659951210021973e-01
-7.079806327819824219e-01
-7.093110084533691406e-01
-7.112593650817871094e-01
-7.086935043334960938e-01
-7.033446431159973145e-01
-6.979960799217224121e-01
-6.927388906478881836e-01
-6.895137429237365723e-01
-6.884918212890625000e-01
-6.868825554847717285e-01
-6.900108456611633301e-01
-6.965645551681518555e-01
-7.069458961486816406e-01
-7.166838645935058594e-01
-7.284587621688842773e-01
-7.437056303024291992e-01
-7.559140324592590332e-01
-7.678316831588745117e-01
-7.790515422821044922e-01
-7.859572768211364746e-01
-7.905925512313842773e-01
-7.950695753097534180e-01
-7.988752722740173340e-01
-7.977225780487060547e-01
-7.946872115135192871e-01
-7.916517257690429688e-01
-7.868198156356811523e-01
-7.838248610496520996e-01
-7.779490947723388672e-01
-7.711954116821289062e-01
-7.646904587745666504e-01
-7.584569454193115234e-01
-7.522235512733459473e-01
-7.464895248413085938e-01
-7.478122115135192871e-01
-7.495816349983215332e-01
-7.510553598403930664e-01
-7.557591199874877930e-01
-7.622968554496765137e-01
-7.688344717025756836e-01
-7.753723859786987305e-01
-7.817444205284118652e-01
-7.852303385734558105e-01
-7.855752110481262207e-01
-7.834746837615966797e-01
-7.760149240493774414e-01
-7.661383152008056641e-01
-7.562613487243652344e-01
-7.463844418525695801e-01
-7.365073561668395996e-01
-7.266306877136230469e-01
-7.167537808418273926e-01
-7.072050571441650391e-01
-6.980417370796203613e-01
-6.888778209686279297e-01
-6.797144412994384766e-01
-6.705510616302490234e-01
-6.613876819610595703e-01
-6.538299322128295898e-01
-6.570972204208374023e-01
-6.649885177612304688e-01
-6.770876646041870117e-01
-6.925334930419921875e-01
-7.083920240402221680e-01
-7.242504954338073730e-01
-7.401090264320373535e-01
-7.557402849197387695e-01
-7.703279256820678711e-01
-7.828623652458190918e-01
-7.956391572952270508e-01
-8.088524937629699707e-01
-8.203697204589843750e-01
-8.299485445022583008e-01
-8.353446722030639648e-01
-8.395259380340576172e-01
-8.426210880279541016e-01
-8.313938975334167480e-01
-8.201669454574584961e-01
-8.089178800582885742e-01
-7.934915423393249512e-01
-7.776075601577758789e-01
-8.206730484962463379e-01
-8.105286359786987305e-01
-7.996734976768493652e-01
-7.842201590538024902e-01
-7.752416133880615234e-01
-7.653964757919311523e-01
-7.555961608886718750e-01
-7.474437952041625977e-01
-7.393779158592224121e-01
-7.318057417869567871e-01
-7.242337465286254883e-01
-7.166610360145568848e-01
-7.090886831283569336e-01
-7.034884691238403320e-01
-6.949195265769958496e-01
-6.842473745346069336e-01
-6.724984645843505859e-01
-6.680735349655151367e-01
-6.636495590209960938e-01
-6.648874282836914062e-01
-6.792215108871459961e-01
-6.924971938133239746e-01
-7.052480578422546387e-01
-7.174478173255920410e-01
-7.298038005828857422e-01
-7.398503422737121582e-01
-7.481793761253356934e-01
-7.475824952125549316e-01
-7.434605360031127930e-01
-7.361840009689331055e-01
-7.290068268775939941e-01
-7.219693064689636230e-01
-7.141693234443664551e-01
-7.039786577224731445e-01
-6.928819417953491211e-01
-6.906668543815612793e-01
-6.895514130592346191e-01
-6.903183460235595703e-01
-6.922698616981506348e-01
-6.955908536911010742e-01
-6.989114880561828613e-01
-7.021771669387817383e-01
-7.047511935234069824e-01
-7.032223939895629883e-01
-7.010324597358703613e-01
-6.985697746276855469e-01
-6.954493522644042969e-01
-7.002568840980529785e-01
-7.042357325553894043e-01
-7.071002721786499023e-01
-7.090753316879272461e-01
-7.078723907470703125e-01
-7.025239467620849609e-01
-6.971751451492309570e-01
-6.918266415596008301e-01
-6.903089284896850586e-01
-6.907291412353515625e-01
-6.931310296058654785e-01
-6.959524154663085938e-01
-6.998498439788818359e-01
-7.063344717025756836e-01
-7.135734558105468750e-01
-7.251174449920654297e-01
-7.423342466354370117e-01
-7.573492527008056641e-01
-7.686895728111267090e-01
-7.796285152435302734e-01
-7.883514165878295898e-01
-7.930525541305541992e-01
-7.971515655517578125e-01
-7.968260645866394043e-01
-7.942177057266235352e-01
-7.911821603775024414e-01
-7.875916957855224609e-01
-7.851383686065673828e-01
-7.824379205703735352e-01
-7.757892012596130371e-01
-7.692897319793701172e-01
-7.638961672782897949e-01
-7.576627135276794434e-01
-7.514294981956481934e-01
-7.451957464218139648e-01
-7.426602244377136230e-01
-7.441339492797851562e-01
-7.450120449066162109e-01
-7.515341043472290039e-01
-7.580717802047729492e-01
-7.646095752716064453e-01
-7.711472511291503906e-01
-7.748271226882934570e-01
-7.750517129898071289e-01
-7.720561623573303223e-01
-7.722887992858886719e-01
-7.644270658493041992e-01
-7.545500397682189941e-01
-7.446731328964233398e-01
-7.351795434951782227e-01
-7.260163426399230957e-01
-7.168527841567993164e-01
-7.076891660690307617e-01
-6.985259056091308594e-01
-6.893622875213623047e-01
-6.801988482475280762e-01
-6.710354685783386230e-01
-6.618721485137939453e-01
-6.525290012359619141e-01
-6.452343463897705078e-01
-6.519947052001953125e-01
-6.675989627838134766e-01
-6.841055154800415039e-01
-6.999639868736267090e-01
-7.159859538078308105e-01
-7.326292395591735840e-01
-7.490814328193664551e-01
-7.657626867294311523e-01
-7.796645164489746094e-01
-7.911660671234130859e-01
-8.012870550155639648e-01
-8.116931915283203125e-01
-8.221470713615417480e-01
-8.296350240707397461e-01
-8.340119123458862305e-01
-8.374582529067993164e-01
-8.407723903656005859e-01
-8.300710916519165039e-01
-8.185283541679382324e-01
-8.033325672149658203e-01
-7.874484062194824219e-01
-7.714349031448364258e-01
-8.201176524162292480e-01
-8.103474974632263184e-01
-7.999592423439025879e-01
-7.874312996864318848e-01
-7.761859893798828125e-01
-7.673730254173278809e-01
-7.584908604621887207e-01
-7.490707039833068848e-01
-7.409713268280029297e-01
-7.330383062362670898e-01
-7.254658937454223633e-01
-7.178937196731567383e-01
-7.103213071823120117e-01
-7.027487754821777344e-01
-6.943443417549133301e-01
-6.844107508659362793e-01
-6.779046058654785156e-01
-6.737315654754638672e-01
-6.693073511123657227e-01
-6.683954000473022461e-01
-6.831849217414855957e-01
-6.975843906402587891e-01
-7.108180522918701172e-01
-7.236106395721435547e-01
-7.359825372695922852e-01
-7.461572885513305664e-01
-7.487921714782714844e-01
-7.501387000083923340e-01
-7.448493242263793945e-01
-7.337926030158996582e-01
-7.230266928672790527e-01
-7.169110178947448730e-01
-7.101973295211791992e-01
-7.006880044937133789e-01
-6.964603066444396973e-01
-6.953446865081787109e-01
-6.945271492004394531e-01
-6.956424117088317871e-01
-6.968355178833007812e-01
-6.980285644531250000e-01
-7.008570432662963867e-01
-7.039434909820556641e-01
-7.065178155899047852e-01
-7.066676616668701172e-01
-7.044779062271118164e-01
-7.011902332305908203e-01
-6.959770917892456055e-01
-6.963474750518798828e-01
-7.004002332687377930e-01
-7.032648324966430664e-01
-7.061293125152587891e-01
-7.070516347885131836e-01
-7.017029523849487305e-01
-6.982916593551635742e-01
-6.943622827529907227e-01
-6.952892541885375977e-01
-6.973856687545776367e-01
-6.999279260635375977e-01
-7.019938230514526367e-01
-7.008047103881835938e-01
-7.045208215713500977e-01
-7.128357291221618652e-01
-7.248618602752685547e-01
-7.422427535057067871e-01
-7.594381570816040039e-01
-7.716500759124755859e-01
-7.822239398956298828e-01
-7.914940118789672852e-01
-7.949310541152954102e-01
-7.948014736175537109e-01
-7.945373058319091797e-01
-7.912214994430541992e-01
-7.878937721252441406e-01
-7.858074903488159180e-01
-7.842031717300415039e-01
-7.802557945251464844e-01
-7.736294865608215332e-01
-7.677632570266723633e-01
-7.631018161773681641e-01
-7.568686008453369141e-01
-7.506350874900817871e-01
-7.444015741348266602e-01
-7.378481626510620117e-01
-7.384712696075439453e-01
-7.407712936401367188e-01
-7.473092079162597656e-01
-7.538468837738037109e-01
-7.602128982543945312e-01
-7.644033432006835938e-01
-7.644642591476440430e-01
-7.611374855041503906e-01
-7.612414956092834473e-01
-7.619067430496215820e-01
-7.539908289909362793e-01
-7.448273897171020508e-01
-7.356637716293334961e-01
-7.265004515647888184e-01
-7.173368930816650391e-01
-7.081736326217651367e-01
-6.990101337432861328e-01
-6.898885369300842285e-01
-6.808406114578247070e-01
-6.717927455902099609e-01
-6.627449989318847656e-01
-6.547047495841979980e-01
-6.475772857666015625e-01
-6.461672782897949219e-01
-6.601523756980895996e-01
-6.780187487602233887e-01
-6.949492692947387695e-01
-7.116825580596923828e-01
-7.291669845581054688e-01
-7.461466789245605469e-01
-7.612873315811157227e-01
-7.727648019790649414e-01
-7.829764485359191895e-01
-7.930041551589965820e-01
-8.029427528381347656e-01
-8.143453598022460938e-01
-8.237341642379760742e-01
-8.283023834228515625e-01
-8.321200609207153320e-01
-8.353429436683654785e-01
-8.383412361145019531e-01
-8.281387090682983398e-01
-8.131731748580932617e-01
-7.972891926765441895e-01
-7.812820672988891602e-01
-7.638602256774902344e-01
-8.173352479934692383e-01
-8.079822659492492676e-01
-7.986289262771606445e-01
-7.885795831680297852e-01
-7.765735983848571777e-01
-7.679827809333801270e-01
-7.591701149940490723e-01
-7.507259249687194824e-01
-7.425096035003662109e-01
-7.344996929168701172e-01
-7.266983389854431152e-01
-7.191257476806640625e-01
-7.115538120269775391e-01
-7.039818167686462402e-01
-6.955218315124511719e-01
-6.859671473503112793e-01
-6.836816072463989258e-01
-6.793891787528991699e-01
-6.750820875167846680e-01
-6.732268333435058594e-01
-6.871529817581176758e-01
-7.021142840385437012e-01
-7.164847254753112793e-01
-7.292770743370056152e-01
-7.421609163284301758e-01
-7.521450519561767578e-01
-7.500312328338623047e-01
-7.487829327583312988e-01
-7.459542155265808105e-01
-7.385307550430297852e-01
-7.257215976715087891e-01
-7.163059115409851074e-01
-7.077587842941284180e-01
-7.014551758766174316e-01
-7.011379003524780273e-01
-7.000223398208618164e-01
-6.998496651649475098e-01
-7.009904384613037109e-01
-7.021831274032592773e-01
-7.033759951591491699e-01
-7.045693397521972656e-01
-7.057098746299743652e-01
-7.082841396331787109e-01
-7.101129293441772461e-01
-7.079232335090637207e-01
-7.038114070892333984e-01
-6.985977888107299805e-01
-6.933844685554504395e-01
-6.965646743774414062e-01
-6.994296312332153320e-01
-7.022939920425415039e-01
-7.040202021598815918e-01
-7.034318447113037109e-01
-7.014598846435546875e-01
-7.015881538391113281e-01
-7.017959356307983398e-01
-7.039037942886352539e-01
-7.042354345321655273e-01
-7.030463218688964844e-01
-7.018570899963378906e-01
-7.033953666687011719e-01
-7.123093605041503906e-01
-7.251402735710144043e-01
-7.422723174095153809e-01
-7.588346600532531738e-01
-7.743970155715942383e-01
-7.854881286621093750e-01
-7.924784421920776367e-01
-7.944618463516235352e-01
-7.941280007362365723e-01
-7.932017445564270020e-01
-7.903855443000793457e-01
-7.889104485511779785e-01
-7.869223356246948242e-01
-7.850258350372314453e-01
-7.807596325874328613e-01
-7.731870412826538086e-01
-7.676616907119750977e-01
-7.630234956741333008e-01
-7.569153904914855957e-01
-7.503898143768310547e-01
-7.434023618698120117e-01
-7.361815571784973145e-01
-7.321646213531494141e-01
-7.365463972091674805e-01
-7.429490685462951660e-01
-7.491741180419921875e-01
-7.539362907409667969e-01
-7.544605731964111328e-01
-7.521824240684509277e-01
-7.511373758316040039e-01
-7.534278631210327148e-01
-7.538120746612548828e-01
-7.453117966651916504e-01
-7.361482977867126465e-01
-7.270123958587646484e-01
-7.179642915725708008e-01
-7.089165449142456055e-01
-6.998685598373413086e-01
-6.908207535743713379e-01
-6.824009418487548828e-01
-6.742282509803771973e-01
-6.673787832260131836e-01
-6.609284877777099609e-01
-6.569139957427978516e-01
-6.578875780105590820e-01
-6.604512929916381836e-01
-6.731244325637817383e-01
-6.911870241165161133e-01
-7.088562846183776855e-01
-7.256929874420166016e-01
-7.394435405731201172e-01
-7.522575855255126953e-01
-7.642528414726257324e-01
-7.747826576232910156e-01
-7.847211360931396484e-01
-7.946599721908569336e-01
-8.058114051818847656e-01
-8.161224126815795898e-01
-8.225927352905273438e-01
-8.268350362777709961e-01
-8.296384215354919434e-01
-8.326365947723388672e-01
-8.356350660324096680e-01
-8.230144977569580078e-01
-8.071303367614746094e-01
-7.911290526390075684e-01
-7.737075686454772949e-01
-7.582505345344543457e-01
-8.145526051521301270e-01
-8.051999807357788086e-01
-7.958468198776245117e-01
-7.863988876342773438e-01
-7.742301821708679199e-01
-7.665607333183288574e-01
-7.583329081535339355e-01
-7.501049637794494629e-01
-7.424546480178833008e-01
-7.356594204902648926e-01
-7.277269363403320312e-01
-7.202229499816894531e-01
-7.127860784530639648e-01
-7.052137255668640137e-01
-6.976417303085327148e-01
-6.927094459533691406e-01
-6.904985308647155762e-01
-6.863058209419250488e-01
-6.812357902526855469e-01
-6.783574819564819336e-01
-6.911572813987731934e-01
-7.061182260513305664e-01
-7.210788130760192871e-01
-7.350767850875854492e-01
-7.477366328239440918e-01
-7.548936009407043457e-01
-7.523238062858581543e-01
-7.468786239624023438e-01
-7.443585395812988281e-01
-7.399866580963134766e-01
-7.356712818145751953e-01
-7.261452078819274902e-01
-7.146053314208984375e-01
-7.057263851165771484e-01
-7.051001191139221191e-01
-7.047003507614135742e-01
-7.051724195480346680e-01
-7.063378095626831055e-01
-7.075306177139282227e-01
-7.087238430976867676e-01
-7.099168896675109863e-01
-7.105158567428588867e-01
-7.109626531600952148e-01
-7.126249074935913086e-01
-7.113686800003051758e-01
-7.064319849014282227e-01
-7.012186050415039062e-01
-6.960051655769348145e-01
-6.927294731140136719e-01
-6.955567598342895508e-01
-6.992558240890502930e-01
-7.037557959556579590e-01
-7.064394950866699219e-01
-7.082146406173706055e-01
-7.087548375129699707e-01
-7.086696028709411621e-01
-7.064768075942993164e-01
-7.052876353263854980e-01
-7.040984034538269043e-01
-7.029094099998474121e-01
-7.038112878799438477e-01
-7.121424674987792969e-01
-7.252342700958251953e-01
-7.417960166931152344e-01
-7.583582401275634766e-01
-7.745121717453002930e-01
-7.840196490287780762e-01
-7.898696660995483398e-01
-7.937747836112976074e-01
-7.937325239181518555e-01
-7.921413183212280273e-01
-7.908494472503662109e-01
-7.900087833404541016e-01
-7.881122827529907227e-01
-7.859240770339965820e-01
-7.815257310867309570e-01
-7.740527391433715820e-01
-7.688038349151611328e-01
-7.641657590866088867e-01
-7.587901353836059570e-01
-7.520388364791870117e-01
-7.447795867919921875e-01
-7.368272542953491211e-01
-7.284694314002990723e-01
-7.344882488250732422e-01
-7.411321997642517090e-01
-7.469105720520019531e-01
-7.475157976150512695e-01
-7.450966835021972656e-01
-7.420194149017333984e-01
-7.437441349029541016e-01
-7.463502287864685059e-01
-7.457813024520874023e-01
-7.369924783706665039e-01
-7.284127473831176758e-01
-7.202397584915161133e-01
-7.120668888092041016e-01
-7.038941383361816406e-01
-6.957210302352905273e-01
-6.875482201576232910e-01
-6.806873083114624023e-01
-6.745473146438598633e-01
-6.703184843063354492e-01
-6.685762405395507812e-01
-6.701769828796386719e-01
-6.719035506248474121e-01
-6.760804653167724609e-01
-6.880031824111938477e-01
-7.029953002929687500e-01
-7.172155380249023438e-01
-7.308753728866577148e-01
-7.432278990745544434e-01
-7.552233934402465820e-01
-7.664996385574340820e-01
-7.764382362365722656e-01
-7.863765358924865723e-01
-7.968503832817077637e-01
-8.083207607269287109e-01
-8.167853951454162598e-01
-8.208464384078979492e-01
-8.239854574203491211e-01
-8.269319534301757812e-01
-8.299307823181152344e-01
-8.299677371978759766e-01
-8.169710040092468262e-01
-8.009761571884155273e-01
-7.835545539855957031e-01
-7.674207687377929688e-01
-7.523655295372009277e-01
-8.117699623107910156e-01
-8.024171590805053711e-01
-7.930637598037719727e-01
-7.837105393409729004e-01
-7.736403346061706543e-01
-7.626279592514038086e-01
-7.565470337867736816e-01
-7.483193278312683105e-01
-7.400918006896972656e-01
-7.326490283012390137e-01
-7.267942428588867188e-01
-7.199957370758056641e-01
-7.132527232170104980e-01
-7.063494920730590820e-01
-7.017754912376403809e-01
-7.018501758575439453e-01
-6.987839937210083008e-01
-6.936919093132019043e-01
-6.882287859916687012e-01
-6.834878921508789062e-01
-6.951609253883361816e-01
-7.101218700408935547e-01
-7.250826358795166016e-01
-7.398113012313842773e-01
-7.536690235137939453e-01
-7.565909624099731445e-01
-7.545970082283020020e-01
-7.504603862762451172e-01
-7.479346990585327148e-01
-7.464721798896789551e-01
-7.400313019752502441e-01
-7.322307229042053223e-01
-7.240277528762817383e-01
-7.179138660430908203e-01
-7.149971127510070801e-01
-7.121208906173706055e-01
-7.106452584266662598e-01
-7.116852998733520508e-01
-7.128784656524658203e-01
-7.140712738037109375e-01
-7.152376770973205566e-01
-7.156840562820434570e-01
-7.161307334899902344e-01
-7.165769338607788086e-01
-7.143243551254272461e-01
-7.090526819229125977e-01
-7.037966847419738770e-01
-6.984979510307312012e-01
-6.926660537719726562e-01
-6.939119100570678711e-01
-7.000931501388549805e-01
-7.084348201751708984e-01
-7.119567990303039551e-01
-7.131974101066589355e-01
-7.130248546600341797e-01
-7.101563215255737305e-01
-7.075289487838745117e-01
-7.063397169113159180e-01
-7.051507830619812012e-01
-7.043069601058959961e-01
-7.058068513870239258e-01
-7.121919989585876465e-01
-7.248433828353881836e-01
-7.413194775581359863e-01
-7.560952901840209961e-01
-7.680286169052124023e-01
-7.799340486526489258e-01
-7.875248193740844727e-01
-7.922539710998535156e-01
-7.933368682861328125e-01
-7.921524047851562500e-01
-7.922044396400451660e-01
-7.914445400238037109e-01
-7.893438339233398438e-01
-7.862521409988403320e-01
-7.817979454994201660e-01
-7.772786021232604980e-01
-7.699463367462158203e-01
-7.653080224990844727e-01
-7.606647610664367676e-01
-7.540208101272583008e-01
-7.470616102218627930e-01
-7.389607429504394531e-01
-7.328679561614990234e-01
-7.352267503738403320e-01
-7.413811683654785156e-01
-7.424731850624084473e-01
-7.403206229209899902e-01
-7.365680336952209473e-01
-7.384694814682006836e-01
-7.418053150177001953e-01
-7.452680468559265137e-01
-7.441072463989257812e-01
-7.356494665145874023e-01
-7.271844148635864258e-01
-7.187195420265197754e-01
-7.102544307708740234e-01
-7.017896175384521484e-01
-6.946249008178710938e-01
-6.882942914962768555e-01
-6.837410926818847656e-01
-6.800743341445922852e-01
-6.808657646179199219e-01
-6.832026839256286621e-01
-6.857389211654663086e-01
-6.856572031974792480e-01
-6.874078512191772461e-01
-6.947274804115295410e-01
-7.086473703384399414e-01
-7.221748232841491699e-01
-7.341984510421752930e-01
-7.461936473846435547e-01
-7.579975724220275879e-01
-7.681552171707153320e-01
-7.780938744544982910e-01
-7.880322933197021484e-01
-7.998130321502685547e-01
-8.096660375595092773e-01
-8.148022890090942383e-01
-8.184442520141601562e-01
-8.212277293205261230e-01
-8.242264389991760254e-01
-8.244943022727966309e-01
-8.231509923934936523e-01
-8.108228445053100586e-01
-7.934013605117797852e-01
-7.765910625457763672e-01
-7.614198923110961914e-01
-7.430106997489929199e-01
-8.075186610221862793e-01
-7.989190816879272461e-01
-7.902814149856567383e-01
-7.809280157089233398e-01
-7.715746760368347168e-01
-7.592418789863586426e-01
-7.527430057525634766e-01
-7.465335726737976074e-01
-7.383063435554504395e-01
-7.302528023719787598e-01
-7.233014106750488281e-01
-7.177784442901611328e-01
-7.120419740676879883e-01
-7.053923010826110840e-01
-7.068930268287658691e-01
-7.094908952713012695e-01
-7.071616649627685547e-01
-7.021958827972412109e-01
-6.958877444267272949e-01
-6.901512742042541504e-01
-6.991646885871887207e-01
-7.141259312629699707e-01
-7.290863990783691406e-01
-7.439033389091491699e-01
-7.584624290466308594e-01
-7.596029043197631836e-01
-7.611270546913146973e-01
-7.607396841049194336e-01
-7.551646828651428223e-01
-7.498930692672729492e-01
-7.425737380981445312e-01
-7.353367805480957031e-01
-7.288079857826232910e-01
-7.282664775848388672e-01
-7.275585532188415527e-01
-7.252891063690185547e-01
-7.242108583450317383e-01
-7.206779122352600098e-01
-7.183903455734252930e-01
-7.194188833236694336e-01
-7.204055786132812500e-01
-7.208521962165832520e-01
-7.212988734245300293e-01
-7.216969132423400879e-01
-7.202134132385253906e-01
-7.127869725227355957e-01
-7.061560750007629395e-01
-7.008571624755859375e-01
-6.981953382492065430e-01
-6.963981986045837402e-01
-7.042454481124877930e-01
-7.125871181488037109e-01
-7.175600528717041016e-01
-7.148350477218627930e-01
-7.123274803161621094e-01
-7.101852893829345703e-01
-7.085812091827392578e-01
-7.073920369148254395e-01
-7.062028646469116211e-01
-7.062094211578369141e-01
-7.081196904182434082e-01
-7.124261260032653809e-01
-7.244524955749511719e-01
-7.376259565353393555e-01
-7.496396899223327637e-01
-7.615449428558349609e-01
-7.734504938125610352e-01
-7.846283316612243652e-01
-7.909976243972778320e-01
-7.935777902603149414e-01
-7.935080528259277344e-01
-7.936899065971374512e-01
-7.926619052886962891e-01
-7.909128665924072266e-01
-7.867404222488403320e-01
-7.820822000503540039e-01
-7.792879939079284668e-01
-7.739120721817016602e-01
-7.685368061065673828e-01
-7.640408277511596680e-01
-7.579073905944824219e-01
-7.499747276306152344e-01
-7.423111200332641602e-01
-7.391172647476196289e-01
-7.379962801933288574e-01
-7.405375838279724121e-01
-7.396534681320190430e-01
-7.362203598022460938e-01
-7.362641096115112305e-01
-7.394354939460754395e-01
-7.428984045982360840e-01
-7.463610768318176270e-01
-7.437577247619628906e-01
-7.352929115295410156e-01
-7.268277406692504883e-01
-7.183628678321838379e-01
-7.111868858337402344e-01
-7.049495577812194824e-01
-6.999661922454833984e-01
-6.961389183998107910e-01
-6.947435140609741211e-01
-6.969233751296997070e-01
-6.971242427825927734e-01
-6.962645053863525391e-01
-6.954045891761779785e-01
-6.945447325706481934e-01
-6.965730190277099609e-01
-7.011665105819702148e-01
-7.135503292083740234e-01
-7.252538204193115234e-01
-7.371522188186645508e-01
-7.488745450973510742e-01
-7.598723173141479492e-01
-7.698110342025756836e-01
-7.796145081520080566e-01
-7.905175685882568359e-01
-8.015297651290893555e-01
-8.087582588195800781e-01
-8.128196001052856445e-01
-8.155952692031860352e-01
-8.185216188430786133e-01
-8.190205097198486328e-01
-8.176774978637695312e-01
-8.162353634834289551e-01
-8.032631874084472656e-01
-7.852169871330261230e-01
-7.686890363693237305e-01
-7.502344846725463867e-01
-7.317801117897033691e-01
-7.995171546936035156e-01
-7.909176349639892578e-01
-7.823183536529541016e-01
-7.737190127372741699e-01
-7.651196718215942383e-01
-7.557641863822937012e-01
-7.462284564971923828e-01
-7.416588068008422852e-01
-7.362465858459472656e-01
-7.288478016853332520e-01
-7.211152315139770508e-01
-7.145510911941528320e-01
-7.090279459953308105e-01
-7.069937586784362793e-01
-7.111703753471374512e-01
-7.149692773818969727e-01
-7.133774161338806152e-01
-7.102454304695129395e-01
-7.031194567680358887e-01
-6.964081525802612305e-01
-7.033411860466003418e-01
-7.180232405662536621e-01
-7.330905199050903320e-01
-7.483814954757690430e-01
-7.637879848480224609e-01
-7.684596180915832520e-01
-7.713291645050048828e-01
-7.703646421432495117e-01
-7.634480595588684082e-01
-7.527885437011718750e-01
-7.446013689041137695e-01
-7.377674579620361328e-01
-7.337231636047363281e-01
-7.357718944549560547e-01
-7.361408472061157227e-01
-7.371275424957275391e-01
-7.378553152084350586e-01
-7.365872859954833984e-01
-7.329826354980468750e-01
-7.285419702529907227e-01
-7.256987690925598145e-01
-7.258812189102172852e-01
-7.262424230575561523e-01
-7.266035676002502441e-01
-7.247678041458129883e-01
-7.185478806495666504e-01
-7.134443521499633789e-01
-7.093597054481506348e-01
-7.087593674659729004e-01
-7.070801854133605957e-01
-7.083972692489624023e-01
-7.152683734893798828e-01
-7.177467346191406250e-01
-7.147579193115234375e-01
-7.117692232131958008e-01
-7.097139358520507812e-01
-7.082031965255737305e-01
-7.080677747726440430e-01
-7.073011994361877441e-01
-7.085312604904174805e-01
-7.102766036987304688e-01
-7.139953374862670898e-01
-7.194137573242187500e-01
-7.312464714050292969e-01
-7.431561350822448730e-01
-7.550615668296813965e-01
-7.669670581817626953e-01
-7.788724899291992188e-01
-7.888861298561096191e-01
-7.949215173721313477e-01
-7.951514124870300293e-01
-7.950042486190795898e-01
-7.944458723068237305e-01
-7.934498786926269531e-01
-7.895328998565673828e-01
-7.855880260467529297e-01
-7.837078571319580078e-01
-7.818044424057006836e-01
-7.740094065666198730e-01
-7.700263261795043945e-01
-7.648247480392456055e-01
-7.577143907546997070e-01
-7.506043910980224609e-01
-7.492516040802001953e-01
-7.442003488540649414e-01
-7.395845651626586914e-01
-7.358775734901428223e-01
-7.341381907463073730e-01
-7.370657920837402344e-01
-7.405286431312561035e-01
-7.439913749694824219e-01
-7.474539875984191895e-01
-7.434009909629821777e-01
-7.349359989166259766e-01
-7.277487516403198242e-01
-7.216046452522277832e-01
-7.162752747535705566e-01
-7.124943733215332031e-01
-7.107206583023071289e-01
-7.100067138671875000e-01
-7.091471552848815918e-01
-7.082874178886413574e-01
-7.074273824691772461e-01
-7.065675258636474609e-01
-7.057076692581176758e-01
-7.045969367027282715e-01
-7.065141797065734863e-01
-7.087636590003967285e-01
-7.191849946975708008e-01
-7.307830452919006348e-01
-7.422130703926086426e-01
-7.536433935165405273e-01
-7.632513046264648438e-01
-7.725824713706970215e-01
-7.825152277946472168e-01
-7.939478158950805664e-01
-8.032093644142150879e-01
-8.071924448013305664e-01
-8.101789355278015137e-01
-8.128173351287841797e-01
-8.135747313499450684e-01
-8.123794794082641602e-01
-8.106776475906372070e-01
-8.066214323043823242e-01
-7.932325601577758789e-01
-7.759120464324951172e-01
-7.574575543403625488e-01
-7.390030622482299805e-01
-7.205480337142944336e-01
-7.869157791137695312e-01
-7.796124219894409180e-01
-7.717130780220031738e-01
-7.638271450996398926e-01
-7.560928463935852051e-01
-7.483584880828857422e-01
-7.374048233032226562e-01
-7.325461506843566895e-01
-7.279767990112304688e-01
-7.224354743957519531e-01
-7.151333093643188477e-01
-7.083627581596374512e-01
-7.029396891593933105e-01
-7.068491578102111816e-01
-7.129591703414916992e-01
-7.186473011970520020e-01
-7.195932269096374512e-01
-7.172634005546569824e-01
-7.112286090850830078e-01
-7.028325796127319336e-01
-7.065345048904418945e-01
-7.201389074325561523e-01
-7.390534877777099609e-01
-7.589347362518310547e-01
-7.714963555335998535e-01
-7.765564322471618652e-01
-7.802442312240600586e-01
-7.791460752487182617e-01
-7.697956562042236328e-01
-7.579681873321533203e-01
-7.470877170562744141e-01
-7.394365668296813965e-01
-7.382974624633789062e-01
-7.416685819625854492e-01
-7.436721324920654297e-01
-7.459526658058166504e-01
-7.479490637779235840e-01
-7.498922348022460938e-01
-7.485973834991455078e-01
-7.449992895126342773e-01
-7.400441765785217285e-01
-7.347314357757568359e-01
-7.313423752784729004e-01
-7.315104603767395020e-01
-7.288498878479003906e-01
-7.272757291793823242e-01
-7.252338528633117676e-01
-7.233696579933166504e-01
-7.211938500404357910e-01
-7.177624702453613281e-01
-7.128782272338867188e-01
-7.137404680252075195e-01
-7.171702384948730469e-01
-7.146810293197631836e-01
-7.116923928260803223e-01
-7.092425823211669922e-01
-7.077319622039794922e-01
-7.069361209869384766e-01
-7.081569433212280273e-01
-7.101532220840454102e-01
-7.110906243324279785e-01
-7.107989788055419922e-01
-7.131196260452270508e-01
-7.247672080993652344e-01
-7.366726398468017578e-01
-7.485780715942382812e-01
-7.604835033416748047e-01
-7.724456787109375000e-01
-7.874614000320434570e-01
-7.971396446228027344e-01
-7.996978759765625000e-01
-8.002102375030517578e-01
-8.003042936325073242e-01
-7.992719411849975586e-01
-7.968389987945556641e-01
-7.937850952148437500e-01
-7.928409576416015625e-01
-7.919659614562988281e-01
-7.853036522865295410e-01
-7.782092094421386719e-01
-7.729865312576293945e-01
-7.661810517311096191e-01
-7.606439590454101562e-01
-7.563033699989318848e-01
-7.478289604187011719e-01
-7.356559038162231445e-01
-7.326611280441284180e-01
-7.346960306167602539e-01
-7.381590008735656738e-01
-7.416216135025024414e-01
-7.450844645500183105e-01
-7.482827305793762207e-01
-7.443103194236755371e-01
-7.382600307464599609e-01
-7.329306602478027344e-01
-7.292782068252563477e-01
-7.256726026535034180e-01
-7.225620746612548828e-01
-7.211700677871704102e-01
-7.203099727630615234e-01
-7.194503545761108398e-01
-7.185904979705810547e-01
-7.177306413650512695e-01
-7.168706655502319336e-01
-7.155001163482666016e-01
-7.143113017082214355e-01
-7.145899534225463867e-01
-7.152616977691650391e-01
-7.246208190917968750e-01
-7.360510230064392090e-01
-7.473080158233642578e-01
-7.575948834419250488e-01
-7.669258117675781250e-01
-7.762569189071655273e-01
-7.876133918762207031e-01
-7.981909513473510742e-01
-8.041508793830871582e-01
-8.077877759933471680e-01
-8.103355169296264648e-01
-8.110049962997436523e-01
-8.081937432289123535e-01
-8.052962422370910645e-01
-8.009480834007263184e-01
-7.965998649597167969e-01
-7.841767072677612305e-01
-7.654300332069396973e-01
-7.466830015182495117e-01
-7.279366254806518555e-01
-7.090376019477844238e-01
-7.724074125289916992e-01
-7.636833786964416504e-01
-7.570734620094299316e-01
-7.508347630500793457e-01
-7.431006431579589844e-01
-7.353661656379699707e-01
-7.264510989189147949e-01
-7.188094258308410645e-01
-7.149327993392944336e-01
-7.110561132431030273e-01
-7.060799002647399902e-01
-6.994709372520446777e-01
-6.973213553428649902e-01
-7.034264206886291504e-01
-7.096071243286132812e-01
-7.158119082450866699e-01
-7.205034494400024414e-01
-7.191687822341918945e-01
-7.155215144157409668e-01
-7.085552215576171875e-01
-7.135263085365295410e-01
-7.293040156364440918e-01
-7.483949065208435059e-01
-7.678894400596618652e-01
-7.768438458442687988e-01
-7.818188071250915527e-01
-7.848500013351440430e-01
-7.833980917930603027e-01
-7.763493061065673828e-01
-7.649166584014892578e-01
-7.496012449264526367e-01
-7.415785193443298340e-01
-7.421367168426513672e-01
-7.461582422256469727e-01
-7.499015331268310547e-01
-7.540224194526672363e-01
-7.565634846687316895e-01
-7.584806680679321289e-01
-7.603980302810668945e-01
-7.604060173034667969e-01
-7.560629844665527344e-01
-7.512549757957458496e-01
-7.458819150924682617e-01
-7.410075068473815918e-01
-7.386083602905273438e-01
-7.411077618598937988e-01
-7.392438650131225586e-01
-7.373798489570617676e-01
-7.342841029167175293e-01
-7.265316247940063477e-01
-7.187790274620056152e-01
-7.123627662658691406e-01
-7.162538766860961914e-01
-7.146041393280029297e-01
-7.116609811782836914e-01
-7.093322873115539551e-01
-7.072603702545166016e-01
-7.058046460151672363e-01
-7.074742317199707031e-01
-7.074335813522338867e-01
-7.078940272331237793e-01
-7.076023817062377930e-01
-7.079036831855773926e-01
-7.184013128280639648e-01
-7.313720583915710449e-01
-7.443427443504333496e-01
-7.577270865440368652e-01
-7.732915282249450684e-01
-7.896554470062255859e-01
-8.038545250892639160e-01
-8.099477291107177734e-01
-8.103464841842651367e-01
-8.104257583618164062e-01
-8.081471920013427734e-01
-8.055086731910705566e-01
-8.029350638389587402e-01
-8.020734786987304688e-01
-8.007011413574218750e-01
-7.971022129058837891e-01
-7.870570421218872070e-01
-7.808477878570556641e-01
-7.743087410926818848e-01
-7.683600187301635742e-01
-7.603570818901062012e-01
-7.480565309524536133e-01
-7.360299825668334961e-01
-7.324349880218505859e-01
-7.357891201972961426e-01
-7.392518520355224609e-01
-7.427146434783935547e-01
-7.474321126937866211e-01
-7.526307106018066406e-01
-7.499569654464721680e-01
-7.457436323165893555e-01
-7.398440241813659668e-01
-7.359694242477416992e-01
-7.331928610801696777e-01
-7.323329448699951172e-01
-7.314732074737548828e-01
-7.306132912635803223e-01
-7.297534346580505371e-01
-7.288936972618103027e-01
-7.279852628707885742e-01
-7.263953685760498047e-01
-7.243447303771972656e-01
-7.221692800521850586e-01
-7.218018770217895508e-01
-7.214676737785339355e-01
-7.296971082687377930e-01
-7.408113479614257812e-01
-7.519263029098510742e-01
-7.612692117691040039e-01
-7.706552743911743164e-01
-7.814810872077941895e-01
-7.930613756179809570e-01
-8.014866113662719727e-01
-8.054409027099609375e-01
-8.071926236152648926e-01
-8.066608309745788574e-01
-8.038499355316162109e-01
-8.009579777717590332e-01
-7.966098189353942871e-01
-7.922614812850952148e-01
-7.876051664352416992e-01
-7.756141424179077148e-01
-7.568673491477966309e-01
-7.381206154823303223e-01
-7.189543247222900391e-01
-6.987255811691284180e-01
-7.566721439361572266e-01
-7.479486465454101562e-01
-7.392256259918212891e-01
-7.329840064048767090e-01
-7.274612188339233398e-01
-7.207968235015869141e-01
-7.131440043449401855e-01
-7.026683092117309570e-01
-6.990020871162414551e-01
-6.952069997787475586e-01
-6.914119720458984375e-01
-6.863890290260314941e-01
-6.891405582427978516e-01
-6.940589547157287598e-01
-7.005128860473632812e-01
-7.071344852447509766e-01
-7.141147255897521973e-01
-7.153911590576171875e-01
-7.183639407157897949e-01
-7.170187234878540039e-01
-7.222494482994079590e-01
-7.355313897132873535e-01
-7.535095214843750000e-01
-7.692785859107971191e-01
-7.779150605201721191e-01
-7.824202775955200195e-01
-7.836477756500244141e-01
-7.832685708999633789e-01
-7.780026793479919434e-01
-7.692672014236450195e-01
-7.540751695632934570e-01
-7.437143921852111816e-01
-7.455192208290100098e-01
-7.497310042381286621e-01
-7.546907067298889160e-01
-7.604181766510009766e-01
-7.645542621612548828e-01
-7.670695781707763672e-01
-7.689870595932006836e-01
-7.707267403602600098e-01
-7.698346376419067383e-01
-7.669456005096435547e-01
-7.653029561042785645e-01
-7.636072635650634766e-01
-7.607729434967041016e-01
-7.579383850097656250e-01
-7.534756660461425781e-01
-7.486621141433715820e-01
-7.426880598068237305e-01
-7.349354028701782227e-01
-7.271828055381774902e-01
-7.194302678108215332e-01
-7.151253819465637207e-01
-7.145272493362426758e-01
-7.118098735809326172e-01
-7.094810605049133301e-01
-7.071524262428283691e-01
-7.050254940986633301e-01
-7.028076052665710449e-01
-7.024216055870056152e-01
-7.048482894897460938e-01
-7.078340053558349609e-01
-7.096800804138183594e-01
-7.189778089523315430e-01
-7.325873374938964844e-01
-7.461967468261718750e-01
-7.613192796707153320e-01
-7.776830196380615234e-01
-7.940467596054077148e-01
-8.083106279373168945e-01
-8.194946050643920898e-01
-8.203424215316772461e-01
-8.196130990982055664e-01
-8.168345689773559570e-01
-8.140559196472167969e-01
-8.122762441635131836e-01
-8.110316991806030273e-01
-8.094362616539001465e-01
-8.067873716354370117e-01
-7.980259656906127930e-01
-7.886595129966735840e-01
-7.803984880447387695e-01
-7.729828357696533203e-01
-7.605847120285034180e-01
-7.482843995094299316e-01
-7.384518980979919434e-01
-7.335239052772521973e-01
-7.368820905685424805e-01
-7.415879368782043457e-01
-7.476985454559326172e-01
-7.552322745323181152e-01
-7.586272954940795898e-01
-7.540986537933349609e-01
-7.491112947463989258e-01
-7.462663650512695312e-01
-7.443558573722839355e-01
-7.434961795806884766e-01
-7.426362633705139160e-01
-7.417763471603393555e-01
-7.409166693687438965e-01
-7.400568127632141113e-01
-7.390053272247314453e-01
-7.372908592224121094e-01
-7.347786426544189453e-01
-7.313495874404907227e-01
-7.297259569168090820e-01
-7.284559011459350586e-01
-7.270809412002563477e-01
-7.343833446502685547e-01
-7.456454634666442871e-01
-7.559769153594970703e-01
-7.654553651809692383e-01
-7.756031155586242676e-01
-7.871832847595214844e-01
-7.971060276031494141e-01
-8.008305430412292480e-01
-8.027811646461486816e-01
-8.024290800094604492e-01
-7.995058298110961914e-01
-7.966202497482299805e-01
-7.922719717025756836e-01
-7.879238724708557129e-01
-7.824746966361999512e-01
-7.782691121101379395e-01
-7.670513987541198730e-01
-7.483045458793640137e-01
-7.289977669715881348e-01
-7.087699174880981445e-01
-6.885415911674499512e-01
-7.409381866455078125e-01
-7.322148084640502930e-01
-7.234911322593688965e-01
-7.147674560546875000e-01
-7.088643908500671387e-01
-7.033413648605346680e-01
-6.978181004524230957e-01
-6.890403032302856445e-01
-6.825497746467590332e-01
-6.787548661231994629e-01
-6.749596595764160156e-01
-6.754144430160522461e-01
-6.807109713554382324e-01
-6.849098205566406250e-01
-6.902154684066772461e-01
-6.966691613197326660e-01
-7.061891555786132812e-01
-7.135726809501647949e-01
-7.185935378074645996e-01
-7.202727198600769043e-01
-7.250840067863464355e-01
-7.372393608093261719e-01
-7.533376216888427734e-01
-7.645596861839294434e-01
-7.726419568061828613e-01
-7.738270759582519531e-01
-7.758296728134155273e-01
-7.765440940856933594e-01
-7.720697522163391113e-01
-7.654869556427001953e-01
-7.521554231643676758e-01
-7.411701083183288574e-01
-7.420476078987121582e-01
-7.468050718307495117e-01
-7.539710998535156250e-01
-7.617495059967041016e-01
-7.690184116363525391e-01
-7.742013931274414062e-01
-7.768432497978210449e-01
-7.784851789474487305e-01
-7.799401283264160156e-01
-7.834483385086059570e-01
-7.876564860343933105e-01
-7.870985269546508789e-01
-7.845391035079956055e-01
-7.812701463699340820e-01
-7.729660868644714355e-01
-7.615005373954772949e-01
-7.514044642448425293e-01
-7.433392405509948730e-01
-7.355866432189941406e-01
-7.278638482093811035e-01
-7.204632163047790527e-01
-7.165027856826782227e-01
-7.130570411682128906e-01
-7.118258476257324219e-01
-7.091321945190429688e-01
-7.045421600341796875e-01
-7.031861543655395508e-01
-7.048983573913574219e-01
-7.079572081565856934e-01
-7.109732627868652344e-01
-7.138648033142089844e-01
-7.212867736816406250e-01
-7.346662282943725586e-01
-7.493469119071960449e-01
-7.657106518745422363e-01
-7.820742130279541016e-01
-7.979314327239990234e-01
-8.123685121536254883e-01
-8.254529237747192383e-01
-8.299839496612548828e-01
-8.282172679901123047e-01
-8.254386186599731445e-01
-8.226599693298339844e-01
-8.216144442558288574e-01
-8.200418353080749512e-01
-8.176631331443786621e-01
-8.148281574249267578e-01
-8.087314963340759277e-01
-7.961235046386718750e-01
-7.851967811584472656e-01
-7.735891938209533691e-01
-7.610845565795898438e-01
-7.496396303176879883e-01
-7.433913946151733398e-01
-7.396447062492370605e-01
-7.425585389137268066e-01
-7.478204369544982910e-01
-7.522499561309814453e-01
-7.578123807907104492e-01
-7.617632150650024414e-01
-7.594079971313476562e-01
-7.565989494323730469e-01
-7.555190324783325195e-01
-7.546590566635131836e-01
-7.537993192672729492e-01
-7.529394626617431641e-01
-7.520796060562133789e-01
-7.512197494506835938e-01
-7.499509453773498535e-01
-7.481862306594848633e-01
-7.452124357223510742e-01
-7.417831420898437500e-01
-7.379996776580810547e-01
-7.362745404243469238e-01
-7.350477576255798340e-01
-7.338201999664306641e-01
-7.396054267883300781e-01
-7.507767677307128906e-01
-7.602551579475402832e-01
-7.694326043128967285e-01
-7.796804904937744141e-01
-7.899374365806579590e-01
-7.959160804748535156e-01
-7.983697652816772461e-01
-7.982483506202697754e-01
-7.951620817184448242e-01
-7.922822237014770508e-01
-7.879339456558227539e-01
-7.835858464241027832e-01
-7.775432467460632324e-01
-7.731387615203857422e-01
-7.689332365989685059e-01
-7.584888935089111328e-01
-7.390411496162414551e-01
-7.188135385513305664e-01
-6.985851526260375977e-01
-6.783571243286132812e-01
-7.252989411354064941e-01
-7.164803147315979004e-01
-7.077568769454956055e-01
-6.990332603454589844e-01
-6.903098821640014648e-01
-6.847444772720336914e-01
-6.792209744453430176e-01
-6.736615896224975586e-01
-6.655591726303100586e-01
-6.623029112815856934e-01
-6.585075855255126953e-01
-6.644514203071594238e-01
-6.711044907569885254e-01
-6.762724518775939941e-01
-6.829978823661804199e-01
-6.928598880767822266e-01
-7.034822106361389160e-01
-7.127099633216857910e-01
-7.177308201789855957e-01
-7.210437059402465820e-01
-7.270563840866088867e-01
-7.389473319053649902e-01
-7.549748420715332031e-01
-7.600309252738952637e-01
-7.633461952209472656e-01
-7.637223005294799805e-01
-7.646461725234985352e-01
-7.655940055847167969e-01
-7.612041831016540527e-01
-7.550896406173706055e-01
-7.431554794311523438e-01
-7.367494106292724609e-01
-7.335109710693359375e-01
-7.370315790176391602e-01
-7.458266019821166992e-01
-7.543512582778930664e-01
-7.628763914108276367e-01
-7.710890173912048340e-01
-7.770115137100219727e-01
-7.830710411071777344e-01
-7.909240126609802246e-01
-7.988653779029846191e-01
-8.035044670104980469e-01
-8.051450252532958984e-01
-8.039218187332153320e-01
-7.977869510650634766e-01
-7.914404869079589844e-01
-7.804033160209655762e-01
-7.692763805389404297e-01
-7.565872669219970703e-01
-7.454980611801147461e-01
-7.385699152946472168e-01
-7.326029539108276367e-01
-7.250601649284362793e-01
-7.223894000053405762e-01
-7.163706421852111816e-01
-7.101330757141113281e-01
-7.068810462951660156e-01
-7.046618461608886719e-01
-7.072116136550903320e-01
-7.103523015975952148e-01
-7.133461236953735352e-01
-7.163025140762329102e-01
-7.235209941864013672e-01
-7.369144558906555176e-01
-7.533600330352783203e-01
-7.697293162345886230e-01
-7.860695123672485352e-01
-8.015522360801696777e-01
-8.160777091979980469e-01
-8.288519382476806641e-01
-8.381934165954589844e-01
-8.368216753005981445e-01
-8.340429067611694336e-01
-8.312649726867675781e-01
-8.303545713424682617e-01
-8.291227221488952637e-01
-8.259803056716918945e-01
-8.225808143615722656e-01
-8.159959912300109863e-01
-8.023257255554199219e-01
-7.854664921760559082e-01
-7.741953730583190918e-01
-7.618266344070434570e-01
-7.556166648864746094e-01
-7.524620890617370605e-01
-7.482466697692871094e-01
-7.448059320449829102e-01
-7.496609687805175781e-01
-7.556892037391662598e-01
-7.634592056274414062e-01
-7.694233655929565430e-01
-7.675012350082397461e-01
-7.666820287704467773e-01
-7.658221125602722168e-01
-7.649621963500976562e-01
-7.641023397445678711e-01
-7.632423639297485352e-01
-7.623827457427978516e-01
-7.608460187911987305e-01
-7.591671943664550781e-01
-7.558889389038085938e-01
-7.523319721221923828e-01
-7.484619617462158203e-01
-7.445917129516601562e-01
-7.430934309959411621e-01
-7.418665289878845215e-01
-7.406392097473144531e-01
-7.448306083679199219e-01
-7.537898421287536621e-01
-7.619448900222778320e-01
-7.715147137641906738e-01
-7.817716598510742188e-01
-7.907267808914184570e-01
-7.935954928398132324e-01
-7.940672636032104492e-01
-7.909501791000366211e-01
-7.879444360733032227e-01
-7.835961580276489258e-01
-7.792477607727050781e-01
-7.730898857116699219e-01
-7.680082321166992188e-01
-7.638025879859924316e-01
-7.595968246459960938e-01
-7.490850090980529785e-01
-7.288566827774047852e-01
-7.086288928985595703e-01
-6.884012222290039062e-01
-6.686402559280395508e-01
-7.098063230514526367e-01
-7.007453441619873047e-01
-6.920223832130432129e-01
-6.832987070083618164e-01
-6.745755076408386230e-01
-6.661475896835327148e-01
-6.606249213218688965e-01
-6.551012992858886719e-01
-6.475477814674377441e-01
-6.440160870552062988e-01
-6.468355655670166016e-01
-6.534878611564636230e-01
-6.620135307312011719e-01
-6.728349924087524414e-01
-6.820433735847473145e-01
-6.908270716667175293e-01
-7.010758519172668457e-01
-7.117360830307006836e-01
-7.168679833412170410e-01
-7.217859625816345215e-01
-7.274807095527648926e-01
-7.391251325607299805e-01
-7.531783580780029297e-01
-7.542567253112792969e-01
-7.551047801971435547e-01
-7.540110349655151367e-01
-7.543836832046508789e-01
-7.546356320381164551e-01
-7.503384351730346680e-01
-7.442473173141479492e-01
-7.334745526313781738e-01
-7.301634550094604492e-01
-7.256822586059570312e-01
-7.265330553054809570e-01
-7.338417768478393555e-01
-7.430306673049926758e-01
-7.516262531280517578e-01
-7.601511478424072266e-01
-7.729558348655700684e-01
-7.847247123718261719e-01
-7.946114540100097656e-01
-8.039764761924743652e-01
-8.115268349647521973e-01
-8.110442161560058594e-01
-8.108925819396972656e-01
-8.107409477233886719e-01
-8.084756135940551758e-01
-8.008419871330261230e-01
-7.918376326560974121e-01
-7.809476852416992188e-01
-7.700003981590270996e-01
-7.586085796356201172e-01
-7.482506036758422852e-01
-7.412441372871398926e-01
-7.279344797134399414e-01
-7.199725508689880371e-01
-7.127888202667236328e-01
-7.083985805511474609e-01
-7.066757082939147949e-01
-7.085406780242919922e-01
-7.116148471832275391e-01
-7.145712375640869141e-01
-7.175275087356567383e-01
-7.246462106704711914e-01
-7.374029159545898438e-01
-7.553899288177490234e-01
-7.720365524291992188e-01
-7.881856560707092285e-01
-8.033034801483154297e-01
-8.175202012062072754e-01
-8.299587965011596680e-01
-8.402118682861328125e-01
-8.435086011886596680e-01
-8.410698771476745605e-01
-8.387038707733154297e-01
-8.376810550689697266e-01
-8.356716036796569824e-01
-8.329224586486816406e-01
-8.275747299194335938e-01
-8.200819492340087891e-01
-8.026759624481201172e-01
-7.872795462608337402e-01
-7.747964859008789062e-01
-7.659547328948974609e-01
-7.617244124412536621e-01
-7.575906515121459961e-01
-7.536256909370422363e-01
-7.510907649993896484e-01
-7.538528442382812500e-01
-7.630085945129394531e-01
-7.721731066703796387e-01
-7.785779237747192383e-01
-7.778211236000061035e-01
-7.769852876663208008e-01
-7.761253714561462402e-01
-7.752653360366821289e-01
-7.745140790939331055e-01
-7.736703157424926758e-01
-7.721452713012695312e-01
-7.700605392456054688e-01
-7.665116786956787109e-01
-7.627941966056823730e-01
-7.589240670204162598e-01
-7.550539970397949219e-01
-7.511392831802368164e-01
-7.499122023582458496e-01
-7.477784156799316406e-01
-7.452278733253479004e-01
-7.463435530662536621e-01
-7.544573545455932617e-01
-7.633489370346069336e-01
-7.736057043075561523e-01
-7.838625907897949219e-01
-7.886807918548583984e-01
-7.898864150047302246e-01
-7.867691516876220703e-01
-7.836064696311950684e-01
-7.792579531669616699e-01
-7.749097347259521484e-01
-7.686361074447631836e-01
-7.628778219223022461e-01
-7.586720585823059082e-01
-7.544662356376647949e-01
-7.492783665657043457e-01
-7.389003038406372070e-01
-7.186722755432128906e-01
-6.990240812301635742e-01
-6.796244382858276367e-01
-6.602243185043334961e-01
-6.943139433860778809e-01
-6.851194500923156738e-01
-6.762880682945251465e-01
-6.675647497177124023e-01
-6.588411331176757812e-01
-6.501176357269287109e-01
-6.420279145240783691e-01
-6.365045309066772461e-01
-6.305682063102722168e-01
-6.232146024703979492e-01
-6.340805292129516602e-01
-6.470316052436828613e-01
-6.589409112930297852e-01
-6.697626113891601562e-01
-6.805848479270935059e-01
-6.896886229515075684e-01
-6.986695528030395508e-01
-7.092918157577514648e-01
-7.159977555274963379e-01
-7.209331989288330078e-01
-7.271454930305480957e-01
-7.392884492874145508e-01
-7.449403405189514160e-01
-7.476682066917419434e-01
-7.490510344505310059e-01
-7.458146810531616211e-01
-7.446726560592651367e-01
-7.447138428688049316e-01
-7.394727468490600586e-01
-7.333812713623046875e-01
-7.257772684097290039e-01
-7.224661111831665039e-01
-7.191553115844726562e-01
-7.170116305351257324e-01
-7.236261367797851562e-01
-7.319279909133911133e-01
-7.430194616317749023e-01
-7.578827142715454102e-01
-7.729911208152770996e-01
-7.870630621910095215e-01
-7.989884614944458008e-01
-8.075988888740539551e-01
-8.117198944091796875e-01
-8.141135573387145996e-01
-8.149571418762207031e-01
-8.157293796539306641e-01
-8.164069056510925293e-01
-8.157514333724975586e-01
-8.088772296905517578e-01
-7.993395924568176270e-01
-7.893185615539550781e-01
-7.790645360946655273e-01
-7.675650715827941895e-01
-7.528067231178283691e-01
-7.322998046875000000e-01
-7.218153476715087891e-01
-7.166817188262939453e-01
-7.126779556274414062e-01
-7.100998759269714355e-01
-7.102596163749694824e-01
-7.128399610519409180e-01
-7.157843112945556641e-01
-7.186355590820312500e-01
-7.276744842529296875e-01
-7.384303808212280273e-01
-7.553586959838867188e-01
-7.731359004974365234e-01
-7.902961969375610352e-01
-8.050551414489746094e-01
-8.185966014862060547e-01
-8.310350775718688965e-01
-8.414887189865112305e-01
-8.471823334693908691e-01
-8.477594256401062012e-01
-8.455911278724670410e-01
-8.439622521400451660e-01
-8.415490388870239258e-01
-8.371842503547668457e-01
-8.300189375877380371e-01
-8.174909949302673340e-01
-8.014544248580932617e-01
-7.881515026092529297e-01
-7.751231193542480469e-01
-7.697297334671020508e-01
-7.655961513519287109e-01
-7.627476453781127930e-01
-7.602126598358154297e-01
-7.602486014366149902e-01
-7.616257667541503906e-01
-7.704710960388183594e-01
-7.816358804702758789e-01
-7.870491743087768555e-01
-7.863929271697998047e-01
-7.857626080513000488e-01
-7.851321101188659668e-01
-7.845019102096557617e-01
-7.835642099380493164e-01
-7.820287942886352539e-01
-7.792779207229614258e-01
-7.757626771926879883e-01
-7.720332145690917969e-01
-7.682449221611022949e-01
-7.644565105438232422e-01
-7.601197957992553711e-01
-7.551906704902648926e-01
-7.527219653129577637e-01
-7.502534985542297363e-01
-7.477849721908569336e-01
-7.468106746673583984e-01
-7.546955943107604980e-01
-7.650343775749206543e-01
-7.753729820251464844e-01
-7.833735942840576172e-01
-7.855457067489624023e-01
-7.825100421905517578e-01
-7.794206142425537109e-01
-7.749198079109191895e-01
-7.705719470977783203e-01
-7.641825079917907715e-01
-7.577473521232604980e-01
-7.535415887832641602e-01
-7.493357658386230469e-01
-7.440072894096374512e-01
-7.383203506469726562e-01
-7.294086217880249023e-01
-7.100085020065307617e-01
-6.906086206436157227e-01
-6.712086796760559082e-01
-6.514540910720825195e-01
-6.791442036628723145e-01
-6.698244214057922363e-01
-6.605535149574279785e-01
-6.518303751945495605e-01
-6.431066989898681641e-01
-6.343833804130554199e-01
-6.256604194641113281e-01
-6.179077625274658203e-01
-6.133623123168945312e-01
-6.148614883422851562e-01
-6.266614198684692383e-01
-6.402075886726379395e-01
-6.531593203544616699e-01
-6.661111712455749512e-01
-6.775122284889221191e-01
-6.883210539817810059e-01
-6.974188685417175293e-01
-7.067018151283264160e-01
-7.150986194610595703e-01
-7.198092341423034668e-01
-7.266319990158081055e-01
-7.360326051712036133e-01
-7.366670370101928711e-01
-7.393947839736938477e-01
-7.415134906768798828e-01
-7.398490309715270996e-01
-7.364547252655029297e-01
-7.353992462158203125e-01
-7.300959825515747070e-01
-7.232973575592041016e-01
-7.192131280899047852e-01
-7.162539362907409668e-01
-7.136663198471069336e-01
-7.132323980331420898e-01
-7.170326709747314453e-01
-7.290270328521728516e-01
-7.446523904800415039e-01
-7.601004838943481445e-01
-7.751017808914184570e-01
-7.898764014244079590e-01
-8.013544082641601562e-01
-8.101174235343933105e-01
-8.146121501922607422e-01
-8.183605074882507324e-01
-8.206115961074829102e-01
-8.214551210403442383e-01
-8.222986459732055664e-01
-8.231421113014221191e-01
-8.195425271987915039e-01
-8.130287528038024902e-01
-8.033599853515625000e-01
-7.910152077674865723e-01
-7.766540050506591797e-01
-7.623538374900817871e-01
-7.426770925521850586e-01
-7.216193675994873047e-01
-7.135574817657470703e-01
-7.100091576576232910e-01
-7.092000246047973633e-01
-7.087818384170532227e-01
-7.101472616195678711e-01
-7.142086625099182129e-01
-7.199864387512207031e-01
-7.296285629272460938e-01
-7.409119606018066406e-01
-7.550989389419555664e-01
-7.728759050369262695e-01
-7.909003496170043945e-01
-8.068065643310546875e-01
-8.196728229522705078e-01
-8.319201469421386719e-01
-8.418903350830078125e-01
-8.495175838470458984e-01
-8.524305820465087891e-01
-8.522530198097229004e-01
-8.498774170875549316e-01
-8.459578752517700195e-01
-8.372802734375000000e-01
-8.253821134567260742e-01
-8.116962909698486328e-01
-8.011448383331298828e-01
-7.897958755493164062e-01
-7.804036140441894531e-01
-7.744045257568359375e-01
-7.718697190284729004e-01
-7.707928419113159180e-01
-7.713124752044677734e-01
-7.718319892883300781e-01
-7.734671235084533691e-01
-7.812310457229614258e-01
-7.923243045806884766e-01
-7.962313890457153320e-01
-7.954470515251159668e-01
-7.948167324066162109e-01
-7.941863536834716797e-01
-7.929810285568237305e-01
-7.911405563354492188e-01
-7.878987789154052734e-01
-7.843493223190307617e-01
-7.805606126785278320e-01
-7.765829563140869141e-01
-7.714713811874389648e-01
-7.663595676422119141e-01
-7.612452507019042969e-01
-7.565453648567199707e-01
-7.540767192840576172e-01
-7.516080141067504883e-01
-7.488418817520141602e-01
-7.464886307716369629e-01
-7.549337148666381836e-01
-7.652723789215087891e-01
-7.754876017570495605e-01
-7.789273262023925781e-01
-7.763944864273071289e-01
-7.733141779899597168e-01
-7.687413096427917480e-01
-7.644656896591186523e-01
-7.580422163009643555e-01
-7.510123252868652344e-01
-7.468883991241455078e-01
-7.427644729614257812e-01
-7.373766899108886719e-01
-7.325766086578369141e-01
-7.277994155883789062e-01
-7.198787331581115723e-01
-7.005605101585388184e-01
-6.812423467636108398e-01
-6.604041457176208496e-01
-6.381658315658569336e-01
-6.657431721687316895e-01
-6.565544605255126953e-01
-6.471519470214843750e-01
-6.377987265586853027e-01
-6.285662651062011719e-01
-6.193341016769409180e-01
-6.106325387954711914e-01
-6.059014797210693359e-01
-6.030058860778808594e-01
-6.112870573997497559e-01
-6.192392706871032715e-01
-6.330325007438659668e-01
-6.463166475296020508e-01
-6.591826677322387695e-01
-6.720493435859680176e-01
-6.848835349082946777e-01
-6.957239508628845215e-01
-7.049012780189514160e-01
-7.143691182136535645e-01
-7.187775969505310059e-01
-7.229138016700744629e-01
-7.292280793190002441e-01
-7.288355231285095215e-01
-7.319148182868957520e-01
-7.341947555541992188e-01
-7.331388592720031738e-01
-7.319482564926147461e-01
-7.300181388854980469e-01
-7.241653203964233398e-01
-7.175973653793334961e-01
-7.159307003021240234e-01
-7.134947776794433594e-01
-7.115375399589538574e-01
-7.121298313140869141e-01
-7.190438508987426758e-01
-7.335689067840576172e-01
-7.486404180526733398e-01
-7.643212080001831055e-01
-7.785742282867431641e-01
-7.900158166885375977e-01
-8.011151552200317383e-01
-8.116663098335266113e-01
-8.173583745956420898e-01
-8.215783238410949707e-01
-8.253263235092163086e-01
-8.271098732948303223e-01
-8.279533386230468750e-01
-8.287968635559082031e-01
-8.269014954566955566e-01
-8.213171362876892090e-01
-8.111252188682556152e-01
-7.985450625419616699e-01
-7.839109897613525391e-01
-7.696107625961303711e-01
-7.516831159591674805e-01
-7.315031290054321289e-01
-7.173734903335571289e-01
-7.099884152412414551e-01
-7.052051424980163574e-01
-7.037221193313598633e-01
-7.044448256492614746e-01
-7.073363661766052246e-01
-7.128735184669494629e-01
-7.228304147720336914e-01
-7.348067164421081543e-01
-7.473876476287841797e-01
-7.667761445045471191e-01
-7.858740687370300293e-01
-8.032460212707519531e-01
-8.187781572341918945e-01
-8.312787413597106934e-01
-8.419133424758911133e-01
-8.504718542098999023e-01
-8.546525239944458008e-01
-8.562083840370178223e-01
-8.503810167312622070e-01
-8.428760766983032227e-01
-8.340382575988769531e-01
-8.212478160858154297e-01
-8.079998493194580078e-01
-8.003770112991333008e-01
-7.929955720901489258e-01
-7.888233661651611328e-01
-7.835654616355895996e-01
-7.820948362350463867e-01
-7.826727628707885742e-01
-7.833400964736938477e-01
-7.859452366828918457e-01
-7.888215780258178711e-01
-7.925804853439331055e-01
-8.031196594238281250e-01
-8.056643009185791016e-01
-8.048297166824340820e-01
-8.039144277572631836e-01
-8.020737767219543457e-01
-8.000351190567016602e-01
-7.965199351310729980e-01
-7.928764820098876953e-01
-7.879343628883361816e-01
-7.828227877616882324e-01
-7.777108550071716309e-01
-7.725993394851684570e-01
-7.674874067306518555e-01
-7.619221210479736328e-01
-7.578997611999511719e-01
-7.554314136505126953e-01
-7.529628276824951172e-01
-7.492531538009643555e-01
-7.469700574874877930e-01
-7.551714181900024414e-01
-7.655101418495178223e-01
-7.721958160400390625e-01
-7.702785730361938477e-01
-7.672045230865478516e-01
-7.626317143440246582e-01
-7.581925988197326660e-01
-7.516537308692932129e-01
-7.442791461944580078e-01
-7.398228049278259277e-01
-7.357647418975830078e-01
-7.310883402824401855e-01
-7.263113856315612793e-01
-7.215342521667480469e-01
-7.167574167251586914e-01
-7.096099257469177246e-01
-6.902916431427001953e-01
-6.681685447692871094e-01
-6.454354524612426758e-01
-6.225528717041015625e-01
-6.523429155349731445e-01
-6.431537270545959473e-01
-6.339651942253112793e-01
-6.245876550674438477e-01
-6.154383420944213867e-01
-6.103750467300415039e-01
-6.053117513656616211e-01
-6.002488136291503906e-01
-6.010237336158752441e-01
-6.080303192138671875e-01
-6.136493682861328125e-01
-6.255699396133422852e-01
-6.391235589981079102e-01
-6.520974040031433105e-01
-6.649640798568725586e-01
-6.779323220252990723e-01
-6.911507248878479004e-01
-7.039323449134826660e-01
-7.135410308837890625e-01
-7.169945836067199707e-01
-7.190414071083068848e-01
-7.240910530090332031e-01
-7.237589955329895020e-01
-7.273613810539245605e-01
-7.299739122390747070e-01
-7.295087575912475586e-01
-7.286623120307922363e-01
-7.278525829315185547e-01
-7.216121554374694824e-01
-7.163765430450439453e-01
-7.148301005363464355e-01
-7.119606733322143555e-01
-7.149525880813598633e-01
-7.220768332481384277e-01
-7.286999225616455078e-01
-7.395703196525573730e-01
-7.546043395996093750e-01
-7.670042514801025391e-01
-7.780513763427734375e-01
-7.892844676971435547e-01
-8.008165359497070312e-01
-8.105432987213134766e-01
-8.185747861862182617e-01
-8.242890238761901855e-01
-8.285440206527709961e-01
-8.322921991348266602e-01
-8.336079120635986328e-01
-8.344514369964599609e-01
-8.331702947616577148e-01
-8.231871724128723145e-01
-8.126796483993530273e-01
-8.015250563621520996e-01
-7.899796962738037109e-01
-7.766354680061340332e-01
-7.604024410247802734e-01
-7.414554953575134277e-01
-7.229995727539062500e-01
-7.143448591232299805e-01
-7.086507678031921387e-01
-7.028402090072631836e-01
-6.996705532073974609e-01
-7.031747102737426758e-01
-7.076705694198608398e-01
-7.152125835418701172e-01
-7.267374992370605469e-01
-7.387140989303588867e-01
-7.561998367309570312e-01
-7.747362852096557617e-01
-7.914330959320068359e-01
-8.069652318954467773e-01
-8.205596208572387695e-01
-8.312617540359497070e-01
-8.396700024604797363e-01
-8.441463708877563477e-01
-8.471022248268127441e-01
-8.467646837234497070e-01
-8.403560519218444824e-01
-8.290110826492309570e-01
-8.169746398925781250e-01
-8.060508966445922852e-01
-8.018112182617187500e-01
-8.008924722671508789e-01
-8.007837533950805664e-01
-7.983814477920532227e-01
-7.953265309333801270e-01
-7.955244183540344238e-01
-7.984231710433959961e-01
-8.012080192565917969e-01
-8.038604259490966797e-01
-8.065128922462463379e-01
-8.135224580764770508e-01
-8.150697350502014160e-01
-8.137044906616210938e-01
-8.116590976715087891e-01
-8.089547157287597656e-01
-8.044404983520507812e-01
-7.992857694625854492e-01
-7.941741943359375000e-01
-7.890621423721313477e-01
-7.839503884315490723e-01
-7.788386344909667969e-01
-7.737268209457397461e-01
-7.686150074005126953e-01
-7.625988721847534180e-01
-7.592545747756958008e-01
-7.567859888076782227e-01
-7.539167404174804688e-01
-7.497895359992980957e-01
-7.480719089508056641e-01
-7.554095983505249023e-01
-7.653155326843261719e-01
-7.640239000320434570e-01
-7.610949873924255371e-01
-7.565219402313232422e-01
-7.519493103027343750e-01
-7.452651262283325195e-01
-7.378906011581420898e-01
-7.329601645469665527e-01
-7.295737862586975098e-01
-7.248233556747436523e-01
-7.200461626052856445e-01
-7.148243784904479980e-01
-7.093517780303955078e-01
-7.038182616233825684e-01
-6.957572698593139648e-01
-6.727623939514160156e-01
-6.497675180435180664e-01
-6.267726421356201172e-01
-6.030446887016296387e-01
-6.389421224594116211e-01
-6.297533512115478516e-01
-6.205639839172363281e-01
-6.151799559593200684e-01
-6.101177334785461426e-01
-6.050544977188110352e-01
-5.999613404273986816e-01
-5.956921577453613281e-01
-6.009917259216308594e-01
-6.064050197601318359e-01
-6.128033399581909180e-01
-6.212273240089416504e-01
-6.347782611846923828e-01
-6.481935381889343262e-01
-6.609027981758117676e-01
-6.739906072616577148e-01
-6.872232556343078613e-01
-7.008312344551086426e-01
-7.123609781265258789e-01
-7.173383831977844238e-01
-7.184907793998718262e-01
-7.213577628135681152e-01
-7.206185460090637207e-01
-7.243368625640869141e-01
-7.268739938735961914e-01
-7.265244722366333008e-01
-7.258812785148620605e-01
-7.257390022277832031e-01
-7.210414409637451172e-01
-7.184424400329589844e-01
-7.171017527580261230e-01
-7.204775810241699219e-01
-7.258889079093933105e-01
-7.321528196334838867e-01
-7.384164333343505859e-01
-7.452725172042846680e-01
-7.553638815879821777e-01
-7.669172883033752441e-01
-7.779058218002319336e-01
-7.888939976692199707e-01
-7.999943494796752930e-01
-8.094199895858764648e-01
-8.174955844879150391e-01
-8.254818916320800781e-01
-8.312195539474487305e-01
-8.355097174644470215e-01
-8.392379879951477051e-01
-8.376104235649108887e-01
-8.339816331863403320e-01
-8.245836496353149414e-01
-8.134289979934692383e-01
-8.023715019226074219e-01
-7.918767929077148438e-01
-7.806950807571411133e-01
-7.691844701766967773e-01
-7.508059740066528320e-01
-7.330876588821411133e-01
-7.185465097427368164e-01
-7.126839160919189453e-01
-7.074410319328308105e-01
-7.042388319969177246e-01
-7.029865980148315430e-01
-7.025897502899169922e-01
-7.089244723320007324e-01
-7.193584442138671875e-01
-7.304095029830932617e-01
-7.456061840057373047e-01
-7.635985016822814941e-01
-7.785217761993408203e-01
-7.915474176406860352e-01
-8.023927211761474609e-01
-8.126155138015747070e-01
-8.234289288520812988e-01
-8.316223621368408203e-01
-8.340888023376464844e-01
-8.346695303916931152e-01
-8.256297707557678223e-01
-8.144341707229614258e-01
-8.041936159133911133e-01
-7.988529801368713379e-01
-8.017668724060058594e-01
-8.075658679008483887e-01
-8.098175525665283203e-01
-8.103442192077636719e-01
-8.106465339660644531e-01
-8.116162419319152832e-01
-8.140161633491516113e-01
-8.163299560546875000e-01
-8.188993930816650391e-01
-8.215053677558898926e-01
-8.240945339202880859e-01
-8.233795166015625000e-01
-8.208884000778198242e-01
-8.163993358612060547e-01
-8.113145828247070312e-01
-8.059987425804138184e-01
-8.006826639175415039e-01
-7.953670024871826172e-01
-7.901898622512817383e-01
-7.850783467292785645e-01
-7.799664735794067383e-01
-7.748546600341796875e-01
-7.695199847221374512e-01
-7.632758617401123047e-01
-7.606089711189270020e-01
-7.581405639648437500e-01
-7.543275356292724609e-01
-7.516239285469055176e-01
-7.494734525680541992e-01
-7.556474804878234863e-01
-7.573300004005432129e-01
-7.549852132797241211e-01
-7.504122257232666016e-01
-7.458396553993225098e-01
-7.388767004013061523e-01
-7.315412163734436035e-01
-7.258134484291076660e-01
-7.215569615364074707e-01
-7.160230278968811035e-01
-7.104895114898681641e-01
-7.049556970596313477e-01
-6.994221806526184082e-01
-6.938883662223815918e-01
-6.862582564353942871e-01
-6.769818067550659180e-01
-6.539868116378784180e-01
-6.306881904602050781e-01
-6.065325736999511719e-01
-5.810995101928710938e-01
-6.255415678024291992e-01
-6.197099685668945312e-01
-6.146899461746215820e-01
-6.097604036331176758e-01
-6.051027774810791016e-01
-6.003580093383789062e-01
-5.955609679222106934e-01
-5.971331596374511719e-01
-6.027840971946716309e-01
-6.086419820785522461e-01
-6.148164272308349609e-01
-6.200074553489685059e-01
-6.335170865058898926e-01
-6.475915908813476562e-01
-6.612861752510070801e-01
-6.745187044143676758e-01
-6.877511143684387207e-01
-6.991515159606933594e-01
-7.085340023040771484e-01
-7.175878882408142090e-01
-7.159181833267211914e-01
-7.187969684600830078e-01
-7.186765670776367188e-01
-7.223811149597167969e-01
-7.254407405853271484e-01
-7.258048653602600098e-01
-7.259631156921386719e-01
-7.259253263473510742e-01
-7.217516899108886719e-01
-7.239077091217041016e-01
-7.292370796203613281e-01
-7.321473956108093262e-01
-7.368191480636596680e-01
-7.419360876083374023e-01
-7.456464767456054688e-01
-7.488769292831420898e-01
-7.544148564338684082e-01
-7.663908600807189941e-01
-7.777597308158874512e-01
-7.887480854988098145e-01
-7.997368574142456055e-01
-8.077034950256347656e-01
-8.163726329803466797e-01
-8.244479894638061523e-01
-8.323888778686523438e-01
-8.381503820419311523e-01
-8.385494947433471680e-01
-8.373618125915527344e-01
-8.336892127990722656e-01
-8.253328800201416016e-01
-8.141697049140930176e-01
-8.032325506210327148e-01
-7.926328182220458984e-01
-7.820332050323486328e-01
-7.734115123748779297e-01
-7.583379149436950684e-01
-7.428724169731140137e-01
-7.270898818969726562e-01
-7.163524627685546875e-01
-7.132983207702636719e-01
-7.102439403533935547e-01
-7.085076570510864258e-01
-7.072554826736450195e-01
-7.082564830780029297e-01
-7.134951949119567871e-01
-7.225582599639892578e-01
-7.313085794448852539e-01
-7.454142570495605469e-01
-7.593629360198974609e-01
-7.720957994461059570e-01
-7.844595909118652344e-01
-7.977552413940429688e-01
-8.086323738098144531e-01
-8.175843358039855957e-01
-8.204236030578613281e-01
-8.163419365882873535e-01
-8.111935853958129883e-01
-8.022084236145019531e-01
-7.927367687225341797e-01
-7.954888343811035156e-01
-8.025727272033691406e-01
-8.090390563011169434e-01
-8.123703598976135254e-01
-8.166699409484863281e-01
-8.182398080825805664e-01
-8.182145953178405762e-01
-8.203420639038085938e-01
-8.240376114845275879e-01
-8.274828195571899414e-01
-8.309280276298522949e-01
-8.308855295181274414e-01
-8.262360095977783203e-01
-8.227406740188598633e-01
-8.181371688842773438e-01
-8.128212094306945801e-01
-8.075051307678222656e-01
-8.021892309188842773e-01
-7.968733310699462891e-01
-7.915572524070739746e-01
-7.862414121627807617e-01
-7.810944318771362305e-01
-7.759825587272644043e-01
-7.701967954635620117e-01
-7.644323110580444336e-01
-7.619638442993164062e-01
-7.589910030364990234e-01
-7.556093931198120117e-01
-7.534585595130920410e-01
-7.513079047203063965e-01
-7.502508163452148438e-01
-7.479720711708068848e-01
-7.426429390907287598e-01
-7.373133897781372070e-01
-7.297918200492858887e-01
-7.224394083023071289e-01
-7.160246372222900391e-01
-7.116273641586303711e-01
-7.060936689376831055e-01
-7.005598545074462891e-01
-6.950260400772094727e-01
-6.894927024841308594e-01
-6.836172938346862793e-01
-6.751634478569030762e-01
-6.667093038558959961e-01
-6.582068204879760742e-01
-6.341760158538818359e-01
-6.100210547447204590e-01
-5.850849747657775879e-01
-5.589299201965332031e-01
-6.192270517349243164e-01
-6.151329278945922852e-01
-6.111320853233337402e-01
-6.064097285270690918e-01
-6.021760106086730957e-01
-5.982363820075988770e-01
-5.953685045242309570e-01
-6.015397310256958008e-01
-6.077109575271606445e-01
-6.138820648193359375e-01
-6.200529932975769043e-01
-6.245620250701904297e-01
-6.336937546730041504e-01
-6.478801369667053223e-01
-6.620666384696960449e-01
-6.756306290626525879e-01
-6.874662637710571289e-01
-6.968449950218200684e-01
-7.062318325042724609e-01
-7.163226008415222168e-01
-7.146999835968017578e-01
-7.179616093635559082e-01
-7.216139435768127441e-01
-7.244840860366821289e-01
-7.268406748771667480e-01
-7.266926765441894531e-01
-7.264266610145568848e-01
-7.262951135635375977e-01
-7.310584783554077148e-01
-7.377036809921264648e-01
-7.420096993446350098e-01
-7.430596351623535156e-01
-7.476778030395507812e-01
-7.487645745277404785e-01
-7.499106526374816895e-01
-7.526386976242065430e-01
-7.567967176437377930e-01
-7.650183439254760742e-01
-7.770806550979614258e-01
-7.887463569641113281e-01
-7.989088296890258789e-01
-8.068703413009643555e-01
-8.148318529129028320e-01
-8.234243392944335938e-01
-8.306435346603393555e-01
-8.340630531311035156e-01
-8.353722095489501953e-01
-8.352569341659545898e-01
-8.327708840370178223e-01
-8.260588645935058594e-01
-8.147959709167480469e-01
-8.040812015533447266e-01
-7.934784889221191406e-01
-7.832413315773010254e-01
-7.756963372230529785e-01
-7.631916403770446777e-01
-7.493734359741210938e-01
-7.361519336700439453e-01
-7.237987518310546875e-01
-7.190134525299072266e-01
-7.159557342529296875e-01
-7.135643959045410156e-01
-7.122749090194702148e-01
-7.105846405029296875e-01
-7.126893997192382812e-01
-7.159975767135620117e-01
-7.191822528839111328e-01
-7.272014617919921875e-01
-7.407327890396118164e-01
-7.556632161140441895e-01
-7.696004509925842285e-01
-7.816315889358520508e-01
-7.903000116348266602e-01
-8.004189729690551758e-01
-8.017714023590087891e-01
-7.993098497390747070e-01
-7.960079312324523926e-01
-7.926488518714904785e-01
-7.896374464035034180e-01
-7.960185408592224121e-01
-8.030992150306701660e-01
-8.106484413146972656e-01
-8.179569244384765625e-01
-8.226602673530578613e-01
-8.252215385437011719e-01
-8.258246183395385742e-01
-8.247805237770080566e-01
-8.271842002868652344e-01
-8.291507959365844727e-01
-8.304195404052734375e-01
-8.284507989883422852e-01
-8.182508349418640137e-01
-8.137180209159851074e-01
-8.098490238189697266e-01
-8.059802055358886719e-01
-8.021111488342285156e-01
-7.982422113418579102e-01
-7.943732738494873047e-01
-7.905041575431823730e-01
-7.865386009216308594e-01
-7.819155454635620117e-01
-7.771160602569580078e-01
-7.708547711372375488e-01
-7.654225826263427734e-01
-7.625334262847900391e-01
-7.580528259277343750e-01
-7.551458477973937988e-01
-7.522386908531188965e-01
-7.457207441329956055e-01
-7.378911972045898438e-01
-7.328688502311706543e-01
-7.280794382095336914e-01
-7.208424806594848633e-01
-7.133271694183349609e-01
-7.062354683876037598e-01
-7.016975879669189453e-01
-6.961639523506164551e-01
-6.906304359436035156e-01
-6.850963830947875977e-01
-6.795629858970642090e-01
-6.725218892097473145e-01
-6.640679836273193359e-01
-6.556143164634704590e-01
-6.465541124343872070e-01
-6.369397640228271484e-01
-6.135089397430419922e-01
-5.890696048736572266e-01
-5.629152059555053711e-01
-5.367605090141296387e-01
-6.152755022048950195e-01
-6.116625070571899414e-01
-6.080921292304992676e-01
-6.045207977294921875e-01
-6.011091470718383789e-01
-5.980018377304077148e-01
-6.011050939559936523e-01
-6.072763800621032715e-01
-6.135622859001159668e-01
-6.198491454124450684e-01
-6.261358857154846191e-01
-6.323520541191101074e-01
-6.351289749145507812e-01
-6.491125226020812988e-01
-6.633606553077697754e-01
-6.770784258842468262e-01
-6.871707439422607422e-01
-6.972628831863403320e-01
-7.073553204536437988e-01
-7.171311378479003906e-01
-7.136732339859008789e-01
-7.174676656723022461e-01
-7.222588062286376953e-01
-7.262436747550964355e-01
-7.302016019821166992e-01
-7.300534248352050781e-01
-7.309049367904663086e-01
-7.383525371551513672e-01
-7.462216615676879883e-01
-7.513660192489624023e-01
-7.553417682647705078e-01
-7.544535398483276367e-01
-7.530405521392822266e-01
-7.540994882583618164e-01
-7.559440135955810547e-01
-7.570682764053344727e-01
-7.611404657363891602e-01
-7.646396756172180176e-01
-7.759382724761962891e-01
-7.886812686920166016e-01
-7.986775040626525879e-01
-8.066391348838806152e-01
-8.146005868911743164e-01
-8.202470541000366211e-01
-8.242344856262207031e-01
-8.279559612274169922e-01
-8.312804698944091797e-01
-8.317736983299255371e-01
-8.307417631149291992e-01
-8.264249563217163086e-01
-8.161680102348327637e-01
-8.055649399757385254e-01
-7.948521375656127930e-01
-7.857224941253662109e-01
-7.781141400337219238e-01
-7.676317095756530762e-01
-7.551952600479125977e-01
-7.445250749588012695e-01
-7.340579032897949219e-01
-7.253060340881347656e-01
-7.198153138160705566e-01
-7.145949602127075195e-01
-7.113367319107055664e-01
-7.098258137702941895e-01
-7.124671936035156250e-01
-7.154311537742614746e-01
-7.193192243576049805e-01
-7.227383255958557129e-01
-7.322571873664855957e-01
-7.427718639373779297e-01
-7.540830373764038086e-01
-7.625058889389038086e-01
-7.715210914611816406e-01
-7.781686782836914062e-01
-7.815771102905273438e-01
-7.819157838821411133e-01
-7.835640907287597656e-01
-7.845400571823120117e-01
-7.900890111923217773e-01
-7.972755432128906250e-01
-8.058913946151733398e-01
-8.155677318572998047e-01
-8.244714140892028809e-01
-8.286286592483520508e-01
-8.318170309066772461e-01
-8.312046527862548828e-01
-8.290945887565612793e-01
-8.281148672103881836e-01
-8.293285369873046875e-01
-8.297109603881835938e-01
-8.252185583114624023e-01
-8.126022815704345703e-01
-8.052273988723754883e-01
-8.013552427291870117e-01
-7.974828481674194336e-01
-7.936105728149414062e-01
-7.896504998207092285e-01
-7.854093313217163086e-01
-7.811677455902099609e-01
-7.766984105110168457e-01
-7.720693945884704590e-01
-7.669976949691772461e-01
-7.612359523773193359e-01
-7.573340535163879395e-01
-7.549448013305664062e-01
-7.529957294464111328e-01
-7.513775825500488281e-01
-7.457801699638366699e-01
-7.365685701370239258e-01
-7.244501709938049316e-01
-7.198948860168457031e-01
-7.125393152236938477e-01
-7.049267292022705078e-01
-6.975511312484741211e-01
-6.924039125442504883e-01
-6.868667602539062500e-01
-6.813296675682067871e-01
-6.757929921150207520e-01
-6.702558994293212891e-01
-6.620461940765380859e-01
-6.535891890525817871e-01
-6.449544429779052734e-01
-6.353368759155273438e-01
-6.257193088531494141e-01
-6.161016225814819336e-01
-5.934411287307739258e-01
-5.674965381622314453e-01
-5.413386821746826172e-01
-5.154820680618286133e-01
-6.196300983428955078e-01
-6.115525960922241211e-01
-6.056333184242248535e-01
-6.021630764007568359e-01
-5.987075567245483398e-01
-5.971909761428833008e-01
-6.044964790344238281e-01
-6.120957732200622559e-01
-6.194254159927368164e-01
-6.261488199234008789e-01
-6.325524449348449707e-01
-6.395522356033325195e-01
-6.444653272628784180e-01
-6.526019573211669922e-01
-6.666955351829528809e-01
-6.776297688484191895e-01
-6.882959008216857910e-01
-6.983883380889892578e-01
-7.084805965423583984e-01
-7.147496938705444336e-01
-7.130419611930847168e-01
-7.152131199836730957e-01
-7.220573425292968750e-01
-7.262451052665710449e-01
-7.301486730575561523e-01
-7.376965284347534180e-01
-7.452741265296936035e-01
-7.509253025054931641e-01
-7.611432075500488281e-01
-7.661756277084350586e-01
-7.668091654777526855e-01
-7.647210359573364258e-01
-7.628679871559143066e-01
-7.610148191452026367e-01
-7.615861892700195312e-01
-7.635004520416259766e-01
-7.654396891593933105e-01
-7.688038349151611328e-01
-7.753714323043823242e-01
-7.872165441513061523e-01
-7.978464365005493164e-01
-8.064079284667968750e-01
-8.106235265731811523e-01
-8.141124844551086426e-01
-8.175315856933593750e-01
-8.212810158729553223e-01
-8.243176937103271484e-01
-8.267227411270141602e-01
-8.271552324295043945e-01
-8.249021768569946289e-01
-8.175778985023498535e-01
-8.067650794982910156e-01
-7.960456609725952148e-01
-7.881400585174560547e-01
-7.805317640304565430e-01
-7.722448110580444336e-01
-7.617698907852172852e-01
-7.501769065856933594e-01
-7.381477355957031250e-01
-7.255928516387939453e-01
-7.183582186698913574e-01
-7.150859832763671875e-01
-7.113211750984191895e-01
-7.098461389541625977e-01
-7.143268585205078125e-01
-7.202495336532592773e-01
-7.245327234268188477e-01
-7.268178462982177734e-01
-7.322551012039184570e-01
-7.377343177795410156e-01
-7.389263510704040527e-01
-7.444433569908142090e-01
-7.508583068847656250e-01
-7.561537027359008789e-01
-7.635139226913452148e-01
-7.671408057212829590e-01
-7.693395614624023438e-01
-7.749489545822143555e-01
-7.883512973785400391e-01
-7.991881370544433594e-01
-8.094496726989746094e-01
-8.189408183097839355e-01
-8.268992900848388672e-01
-8.310808539390563965e-01
-8.336756229400634766e-01
-8.346444368362426758e-01
-8.326278924942016602e-01
-8.292230963706970215e-01
-8.281794786453247070e-01
-8.275858759880065918e-01
-8.212750554084777832e-01
-8.082543611526489258e-01
-7.970869541168212891e-01
-7.916607856750488281e-01
-7.869619727134704590e-01
-7.823330163955688477e-01
-7.777044177055358887e-01
-7.730754017829895020e-01
-7.684466838836669922e-01
-7.638177871704101562e-01
-7.591888308525085449e-01
-7.536657452583312988e-01
-7.479043006896972656e-01
-7.446561455726623535e-01
-7.420573234558105469e-01
-7.404433488845825195e-01
-7.358304262161254883e-01
-7.305983901023864746e-01
-7.173591852188110352e-01
-7.041519880294799805e-01
-6.977257728576660156e-01
-6.915604472160339355e-01
-6.854681968688964844e-01
-6.807379126548767090e-01
-6.758942604064941406e-01
-6.710502505302429199e-01
-6.662064790725708008e-01
-6.601508259773254395e-01
-6.516937613487243652e-01
-6.432364583015441895e-01
-6.338704228401184082e-01
-6.241934895515441895e-01
-6.144862174987792969e-01
-6.047793626785278320e-01
-5.950722098350524902e-01
-5.718068480491638184e-01
-5.455594062805175781e-01
-5.197730660438537598e-01
-4.943084418773651123e-01
-6.286803483963012695e-01
-6.186240911483764648e-01
-6.102717518806457520e-01
-6.028270125389099121e-01
-5.976703166961669922e-01
-6.007850766181945801e-01
-6.080204248428344727e-01
-6.161970496177673340e-01
-6.240943074226379395e-01
-6.318829655647277832e-01
-6.399259567260742188e-01
-6.479688286781311035e-01
-6.553144454956054688e-01
-6.590159535408020020e-01
-6.672226786613464355e-01
-6.781563162803649902e-01
-6.890906095504760742e-01
-6.995133757591247559e-01
-7.096058726310729980e-01
-7.121800184249877930e-01
-7.113001346588134766e-01
-7.135583162307739258e-01
-7.198008298873901367e-01
-7.257617115974426270e-01
-7.385268807411193848e-01
-7.467283010482788086e-01
-7.545585632324218750e-01
-7.636919021606445312e-01
-7.744660377502441406e-01
-7.754402756690979004e-01
-7.768685817718505859e-01
-7.749886512756347656e-01
-7.731353640556335449e-01
-7.712821960449218750e-01
-7.694290876388549805e-01
-7.700222730636596680e-01
-7.724239826202392578e-01
-7.750298976898193359e-01
-7.779325246810913086e-01
-7.868850827217102051e-01
-7.952070236206054688e-01
-8.004848957061767578e-01
-8.043984174728393555e-01
-8.077822923660278320e-01
-8.111662864685058594e-01
-8.139436841011047363e-01
-8.167420625686645508e-01
-8.197209835052490234e-01
-8.220432996749877930e-01
-8.211421966552734375e-01
-8.180087804794311523e-01
-8.078652024269104004e-01
-7.981665134429931641e-01
-7.905578613281250000e-01
-7.818652987480163574e-01
-7.742868661880493164e-01
-7.628268003463745117e-01
-7.513666152954101562e-01
-7.399067878723144531e-01
-7.284467220306396484e-01
-7.159779071807861328e-01
-7.122339010238647461e-01
-7.121955156326293945e-01
-7.149233818054199219e-01
-7.208461761474609375e-01
-7.266860604286193848e-01
-7.294407486915588379e-01
-7.313463091850280762e-01
-7.319988012313842773e-01
-7.332862019538879395e-01
-7.356116771697998047e-01
-7.336819171905517578e-01
-7.336644530296325684e-01
-7.387388944625854492e-01
-7.471688985824584961e-01
-7.523658275604248047e-01
-7.566984295845031738e-01
-7.677088975906372070e-01
-7.859153151512145996e-01
-8.001475334167480469e-01
-8.083804249763488770e-01
-8.163926005363464355e-01
-8.244050741195678711e-01
-8.309864997863769531e-01
-8.338127136230468750e-01
-8.358126878738403320e-01
-8.342729806900024414e-01
-8.290890455245971680e-01
-8.240181207656860352e-01
-8.225375413894653320e-01
-8.142006397247314453e-01
-8.007923364639282227e-01
-7.873841524124145508e-01
-7.792848348617553711e-01
-7.743172645568847656e-01
-7.694523334503173828e-01
-7.648234367370605469e-01
-7.601945996284484863e-01
-7.555658221244812012e-01
-7.509367465972900391e-01
-7.460955977439880371e-01
-7.403341531753540039e-01
-7.345724701881408691e-01
-7.315512299537658691e-01
-7.299330234527587891e-01
-7.261751890182495117e-01
-7.209939360618591309e-01
-7.105948328971862793e-01
-6.956551074981689453e-01
-6.786323785781860352e-01
-6.712014079093933105e-01
-6.650061011314392090e-01
-6.594918966293334961e-01
-6.553125381469726562e-01
-6.511331200599670410e-01
-6.469534039497375488e-01
-6.406910419464111328e-01
-6.335914134979248047e-01
-6.260119080543518066e-01
-6.177517175674438477e-01
-6.092211008071899414e-01
-6.002072095870971680e-01
-5.911931991577148438e-01
-5.821793079376220703e-01
-5.723730921745300293e-01
-5.495120882987976074e-01
-5.238851308822631836e-01
-4.986510574817657471e-01
-4.817261993885040283e-01
-6.367838382720947266e-01
-6.272805929183959961e-01
-6.184034943580627441e-01
-6.104081869125366211e-01
-6.055225133895874023e-01
-6.102387905120849609e-01
-6.163532733917236328e-01
-6.227679252624511719e-01
-6.306352615356445312e-01
-6.384491324424743652e-01
-6.461122035980224609e-01
-6.537745594978332520e-01
-6.616336703300476074e-01
-6.631987094879150391e-01
-6.689915657043457031e-01
-6.785790920257568359e-01
-6.896175146102905273e-01
-7.005512714385986328e-01
-7.103322148323059082e-01
-7.096102237701416016e-01
-7.087302207946777344e-01
-7.119036912918090820e-01
-7.221883535385131836e-01
-7.357308864593505859e-01
-7.479459047317504883e-01
-7.549630999565124512e-01
-7.624167203903198242e-01
-7.710045576095581055e-01
-7.813093662261962891e-01
-7.843008041381835938e-01
-7.871114015579223633e-01
-7.852558493614196777e-01
-7.834028005599975586e-01
-7.815495729446411133e-01
-7.796963453292846680e-01
-7.778433561325073242e-01
-7.782670259475708008e-01
-7.812779545783996582e-01
-7.845770716667175293e-01
-7.860539555549621582e-01
-7.895712852478027344e-01
-7.944182157516479492e-01
-7.995910644531250000e-01
-8.029482364654541016e-01
-8.052811622619628906e-01
-8.073372840881347656e-01
-8.093928098678588867e-01
-8.118437528610229492e-01
-8.147037029266357422e-01
-8.158652186393737793e-01
-8.148524165153503418e-01
-8.077594041824340820e-01
-7.969046235084533691e-01
-7.872749567031860352e-01
-7.794418334960937500e-01
-7.752078771591186523e-01
-7.643433809280395508e-01
-7.528831958770751953e-01
-7.414232492446899414e-01
-7.299633026123046875e-01
-7.203605771064758301e-01
-7.135701179504394531e-01
-7.144955396652221680e-01
-7.187076807022094727e-01
-7.272226810455322266e-01
-7.326437234878540039e-01
-7.347235083580017090e-01
-7.342995405197143555e-01
-7.299426794052124023e-01
-7.314101457595825195e-01
-7.305138111114501953e-01
-7.302448749542236328e-01
-7.308127880096435547e-01
-7.313807606697082520e-01
-7.322186231613159180e-01
-7.375106215476989746e-01
-7.467977404594421387e-01
-7.610585093498229980e-01
-7.773813009262084961e-01
-7.930719852447509766e-01
-8.047289848327636719e-01
-8.123720884323120117e-01
-8.200154304504394531e-01
-8.270184993743896484e-01
-8.290851116180419922e-01
-8.300523757934570312e-01
-8.282734751701354980e-01
-8.234597444534301758e-01
-8.179463148117065430e-01
-8.149923086166381836e-01
-8.057865500450134277e-01
-7.925724983215332031e-01
-7.791643142700195312e-01
-7.678583264350891113e-01
-7.619413137435913086e-01
-7.569736838340759277e-01
-7.520062923431396484e-01
-7.473138570785522461e-01
-7.426850795745849609e-01
-7.380563616752624512e-01
-7.327638864517211914e-01
-7.270024418830871582e-01
-7.214068770408630371e-01
-7.201888561248779297e-01
-7.165721058845520020e-01
-7.113015651702880859e-01
-7.033336162567138672e-01
-6.891666650772094727e-01
-6.702182292938232422e-01
-6.522560715675354004e-01
-6.438719630241394043e-01
-6.373773813247680664e-01
-6.331981420516967773e-01
-6.290184855461120605e-01
-6.245104074478149414e-01
-6.174108386039733887e-01
-6.102603673934936523e-01
-6.020005941390991211e-01
-5.937405228614807129e-01
-5.854802131652832031e-01
-5.772199630737304688e-01
-5.689598321914672852e-01
-5.607000589370727539e-01
-5.521445274353027344e-01
-5.418851971626281738e-01
-5.205782651901245117e-01
-5.000389218330383301e-01
-4.845076799392700195e-01
-4.687272310256958008e-01
-6.462172269821166992e-01
-6.374273300170898438e-01
-6.286376118659973145e-01
-6.202240586280822754e-01
-6.209843158721923828e-01
-6.240113377571105957e-01
-6.274521350860595703e-01
-6.332559585571289062e-01
-6.398415565490722656e-01
-6.464268565177917480e-01
-6.528040170669555664e-01
-6.604668498039245605e-01
-6.644119024276733398e-01
-6.672395467758178711e-01
-6.688977479934692383e-01
-6.776743531227111816e-01
-6.875991821289062500e-01
-6.995761394500732422e-01
-7.074598073959350586e-01
-7.070397138595581055e-01
-7.061602473258972168e-01
-7.183157205581665039e-01
-7.308582067489624023e-01
-7.430998086929321289e-01
-7.543492913246154785e-01
-7.620939016342163086e-01
-7.652074098587036133e-01
-7.759706974029541016e-01
-7.867995500564575195e-01
-7.897277474403381348e-01
-7.952637672424316406e-01
-7.955234050750732422e-01
-7.936702370643615723e-01
-7.918169498443603516e-01
-7.899640798568725586e-01
-7.881109118461608887e-01
-7.856273055076599121e-01
-7.870948910713195801e-01
-7.864356637001037598e-01
-7.832125425338745117e-01
-7.842508554458618164e-01
-7.883370518684387207e-01
-7.935097217559814453e-01
-7.981888055801391602e-01
-8.006843924522399902e-01
-8.025661706924438477e-01
-8.044126033782958984e-01
-8.063806295394897461e-01
-8.079462051391601562e-01
-8.067557811737060547e-01
-8.048490881919860840e-01
-7.999712228775024414e-01
-7.934769988059997559e-01
-7.845151424407958984e-01
-7.793487310409545898e-01
-7.752734422683715820e-01
-7.658600211143493652e-01
-7.543998956680297852e-01
-7.448793649673461914e-01
-7.365549206733703613e-01
-7.282303571701049805e-01
-7.199059128761291504e-01
-7.175809144973754883e-01
-7.208459973335266113e-01
-7.293798327445983887e-01
-7.366451025009155273e-01
-7.398565411567687988e-01
-7.365527153015136719e-01
-7.309626340866088867e-01
-7.286794185638427734e-01
-7.285958528518676758e-01
-7.276449203491210938e-01
-7.278715372085571289e-01
-7.274999618530273438e-01
-7.271678447723388672e-01
-7.317397594451904297e-01
-7.359796166419982910e-01
-7.497028112411499023e-01
-7.651157379150390625e-01
-7.804825305938720703e-01
-7.953972220420837402e-01
-8.056416511535644531e-01
-8.125259876251220703e-01
-8.188766837120056152e-01
-8.218946456909179688e-01
-8.215986490249633789e-01
-8.211795091629028320e-01
-8.171502947807312012e-01
-8.116368055343627930e-01
-8.057612180709838867e-01
-7.951758503913879395e-01
-7.823530435562133789e-01
-7.694704532623291016e-01
-7.566272020339965820e-01
-7.490829825401306152e-01
-7.442699670791625977e-01
-7.392131090164184570e-01
-7.341561317443847656e-01
-7.292082309722900391e-01
-7.244900465011596680e-01
-7.189322113990783691e-01
-7.139095067977905273e-01
-7.098484039306640625e-01
-7.064625024795532227e-01
-7.011919021606445312e-01
-6.943994760513305664e-01
-6.824960112571716309e-01
-6.637528538703918457e-01
-6.448045969009399414e-01
-6.259967088699340820e-01
-6.154341101646423340e-01
-6.110833883285522461e-01
-6.069040894508361816e-01
-6.012305021286010742e-01
-5.941307544708251953e-01
-5.862489938735961914e-01
-5.779886841773986816e-01
-5.697288513183593750e-01
-5.614687204360961914e-01
-5.532085895538330078e-01
-5.449487566947937012e-01
-5.366884469985961914e-01
-5.284284353256225586e-01
-5.174614191055297852e-01
-5.070513486862182617e-01
-4.943005740642547607e-01
-4.792130291461944580e-01
-4.641538858413696289e-01
-4.539619386196136475e-01
-6.553966999053955078e-01
-6.480543017387390137e-01
-6.392706632614135742e-01
-6.334792971611022949e-01
-6.354671716690063477e-01
-6.386575698852539062e-01
-6.421011090278625488e-01
-6.457799673080444336e-01
-6.503342390060424805e-01
-6.569152474403381348e-01
-6.634857654571533203e-01
-6.661903262138366699e-01
-6.682955622673034668e-01
-6.711863279342651367e-01
-6.719460487365722656e-01
-6.780735254287719727e-01
-6.864698529243469238e-01
-6.966192722320556641e-01
-7.009643316268920898e-01
-7.043660879135131836e-01
-7.127795219421386719e-01
-7.244721055030822754e-01
-7.380306720733642578e-01
-7.496939897537231445e-01
-7.578462362289428711e-01
-7.627944350242614746e-01
-7.690601944923400879e-01
-7.809286713600158691e-01
-7.922897338867187500e-01
-7.953850030899047852e-01
-8.013114929199218750e-01
-8.022782802581787109e-01
-8.025545477867126465e-01
-8.020843267440795898e-01
-8.002315759658813477e-01
-7.982680797576904297e-01
-7.950398921966552734e-01
-7.889677286148071289e-01
-7.861449718475341797e-01
-7.818312644958496094e-01
-7.778670787811279297e-01
-7.827265858650207520e-01
-7.870141267776489258e-01
-7.913654446601867676e-01
-7.955975532531738281e-01
-7.980164885520935059e-01
-7.970528602600097656e-01
-7.964005470275878906e-01
-7.962256669998168945e-01
-7.957074642181396484e-01
-7.947709560394287109e-01
-7.945924997329711914e-01
-7.895371317863464355e-01
-7.853448390960693359e-01
-7.803939580917358398e-01
-7.758095264434814453e-01
-7.693979740142822266e-01
-7.610735893249511719e-01
-7.527490854263305664e-01
-7.444246411323547363e-01
-7.361002564430236816e-01
-7.280472517013549805e-01
-7.204866409301757812e-01
-7.230455875396728516e-01
-7.317614555358886719e-01
-7.386072874069213867e-01
-7.393535375595092773e-01
-7.376589775085449219e-01
-7.326771020889282227e-01
-7.256624698638916016e-01
-7.232421636581420898e-01
-7.213469147682189941e-01
-7.198861837387084961e-01
-7.194205522537231445e-01
-7.229554653167724609e-01
-7.301261425018310547e-01
-7.371121048927307129e-01
-7.446167469024658203e-01
-7.531377077102661133e-01
-7.664362192153930664e-01
-7.817667722702026367e-01
-7.951496839523315430e-01
-8.032538294792175293e-01
-8.089950084686279297e-01
-8.127472996711730957e-01
-8.126303553581237793e-01
-8.121218681335449219e-01
-8.100868463516235352e-01
-8.047612905502319336e-01
-7.982603311538696289e-01
-7.838154435157775879e-01
-7.709031105041503906e-01
-7.579907774925231934e-01
-7.450785636901855469e-01
-7.345173358917236328e-01
-7.289754152297973633e-01
-7.245036959648132324e-01
-7.200320959091186523e-01
-7.159481048583984375e-01
-7.115758657455444336e-01
-7.065048813819885254e-01
-7.018090486526489258e-01
-6.963527202606201172e-01
-6.910820007324218750e-01
-6.842957139015197754e-01
-6.750162839889526367e-01
-6.572880744934082031e-01
-6.383394002914428711e-01
-6.193909049034118652e-01
-5.991128683090209961e-01
-5.894092321395874023e-01
-5.850257873535156250e-01
-5.779826641082763672e-01
-5.704975724220275879e-01
-5.622375607490539551e-01
-5.539773702621459961e-01
-5.457173585891723633e-01
-5.374574065208435059e-01
-5.291970968246459961e-01
-5.209373235702514648e-01
-5.126770734786987305e-01
-5.033904314041137695e-01
-4.930686354637145996e-01
-4.842048585414886475e-01
-4.833112359046936035e-01
-4.735897481441497803e-01
-4.585019946098327637e-01
-4.482552707195281982e-01
-4.384207427501678467e-01
-6.617218255996704102e-01
-6.554574966430664062e-01
-6.487916111946105957e-01
-6.496013402938842773e-01
-6.512591838836669922e-01
-6.532013416290283203e-01
-6.563307642936706543e-01
-6.596779227256774902e-01
-6.633737087249755859e-01
-6.681449413299560547e-01
-6.709734201431274414e-01
-6.734952926635742188e-01
-6.756003499031066895e-01
-6.777058243751525879e-01
-6.785169243812561035e-01
-6.792048215866088867e-01
-6.873428225517272949e-01
-6.952582597732543945e-01
-7.022186517715454102e-01
-7.093450427055358887e-01
-7.161384820938110352e-01
-7.259283661842346191e-01
-7.407247424125671387e-01
-7.494852542877197266e-01
-7.577942609786987305e-01
-7.639044523239135742e-01
-7.722824215888977051e-01
-7.860272526741027832e-01
-7.976741790771484375e-01
-8.015201091766357422e-01
-8.073592185974121094e-01
-8.087942004203796387e-01
-8.090708255767822266e-01
-8.092800378799438477e-01
-8.094512224197387695e-01
-8.061711192131042480e-01
-7.989938259124755859e-01
-7.924224734306335449e-01
-7.865417003631591797e-01
-7.808783054351806641e-01
-7.764215469360351562e-01
-7.752976417541503906e-01
-7.799057960510253906e-01
-7.823675870895385742e-01
-7.836880087852478027e-01
-7.857002019882202148e-01
-7.859428524971008301e-01
-7.857681512832641602e-01
-7.857415080070495605e-01
-7.853747010231018066e-01
-7.840581536293029785e-01
-7.861182689666748047e-01
-7.863669395446777344e-01
-7.851219773292541504e-01
-7.848468422889709473e-01
-7.836375236511230469e-01
-7.797527909278869629e-01
-7.709195017814636230e-01
-7.619831562042236328e-01
-7.529796957969665527e-01
-7.437770962715148926e-01
-7.352949380874633789e-01
-7.273650765419006348e-01
-7.236170768737792969e-01
-7.337868213653564453e-01
-7.361992597579956055e-01
-7.379258871078491211e-01
-7.345396280288696289e-01
-7.277137041091918945e-01
-7.188101410865783691e-01
-7.125316858291625977e-01
-7.107543945312500000e-01
-7.109282016754150391e-01
-7.131865024566650391e-01
-7.192657589912414551e-01
-7.270953655242919922e-01
-7.368195056915283203e-01
-7.452022433280944824e-01
-7.526175379753112793e-01
-7.598538398742675781e-01
-7.682048082351684570e-01
-7.800301313400268555e-01
-7.896044254302978516e-01
-7.957408428192138672e-01
-8.014711141586303711e-01
-8.026754260063171387e-01
-8.023948073387145996e-01
-8.020525574684143066e-01
-7.975873947143554688e-01
-7.905098199844360352e-01
-7.737260460853576660e-01
-7.594234943389892578e-01
-7.465112209320068359e-01
-7.335988283157348633e-01
-7.209846973419189453e-01
-7.133393287658691406e-01
-7.093678712844848633e-01
-7.057243585586547852e-01
-7.020810842514038086e-01
-6.975539326667785645e-01
-6.927776336669921875e-01
-6.869544982910156250e-01
-6.806199550628662109e-01
-6.741532683372497559e-01
-6.667004823684692383e-01
-6.507098078727722168e-01
-6.318740844726562500e-01
-6.128782033920288086e-01
-5.925071239471435547e-01
-5.740525126457214355e-01
-5.625891685485839844e-01
-5.552854537963867188e-01
-5.468969345092773438e-01
-5.384326577186584473e-01
-5.299684405326843262e-01
-5.217058658599853516e-01
-5.134456753730773926e-01
-5.051857233047485352e-01
-4.969255328178405762e-01
-4.876783192157745361e-01
-4.782420694828033447e-01
-4.688068926334381104e-01
-4.630126953125000000e-01
-4.623735249042510986e-01
-4.618267118930816650e-01
-4.528787434101104736e-01
-4.425483345985412598e-01
-4.332046210765838623e-01
-4.278996288776397705e-01
-6.663491129875183105e-01
-6.615175008773803711e-01
-6.587810516357421875e-01
-6.629649996757507324e-01
-6.666105389595031738e-01
-6.690391898155212402e-01
-6.709356904029846191e-01
-6.740037798881530762e-01
-6.773515939712524414e-01
-6.783159971237182617e-01
-6.787503957748413086e-01
-6.801818609237670898e-01
-6.829056739807128906e-01
-6.850107908248901367e-01
-6.871162652969360352e-01
-6.858591437339782715e-01
-6.925196647644042969e-01
-7.044305801391601562e-01
-7.069945335388183594e-01
-7.127182483673095703e-01
-7.188605070114135742e-01
-7.248684167861938477e-01
-7.381554841995239258e-01
-7.469158172607421875e-01
-7.539074420928955078e-01
-7.619140148162841797e-01
-7.735711336135864258e-01
-7.878530621528625488e-01
-8.022943139076232910e-01
-8.076739311218261719e-01
-8.134070634841918945e-01
-8.152227401733398438e-01
-8.153939843177795410e-01
-8.155651092529296875e-01
-8.123657703399658203e-01
-8.077898025512695312e-01
-8.028897047042846680e-01
-7.963346242904663086e-01
-7.897760868072509766e-01
-7.815098762512207031e-01
-7.735698223114013672e-01
-7.649661302566528320e-01
-7.641108036041259766e-01
-7.672708630561828613e-01
-7.708165049552917480e-01
-7.729395627975463867e-01
-7.749006152153015137e-01
-7.751357555389404297e-01
-7.753348350524902344e-01
-7.750417590141296387e-01
-7.748770713806152344e-01
-7.784057855606079102e-01
-7.838222980499267578e-01
-7.879499793052673340e-01
-7.911462187767028809e-01
-7.912012338638305664e-01
-7.886731624603271484e-01
-7.794706821441650391e-01
-7.702680230140686035e-01
-7.610655426979064941e-01
-7.521487474441528320e-01
-7.443374395370483398e-01
-7.371100783348083496e-01
-7.294039726257324219e-01
-7.322332859039306641e-01
-7.345772981643676758e-01
-7.311626076698303223e-01
-7.240997552871704102e-01
-7.156639099121093750e-01
-7.059650421142578125e-01
-6.993389129638671875e-01
-7.017726302146911621e-01
-7.031902670860290527e-01
-7.080560922622680664e-01
-7.155472040176391602e-01
-7.229378223419189453e-01
-7.358622550964355469e-01
-7.453705072402954102e-01
-7.523500919342041016e-01
-7.588604688644409180e-01
-7.646379470825195312e-01
-7.697550058364868164e-01
-7.762254476547241211e-01
-7.815141081809997559e-01
-7.876505851745605469e-01
-7.919661998748779297e-01
-7.923160791397094727e-01
-7.919738292694091797e-01
-7.900092601776123047e-01
-7.820591926574707031e-01
-7.650303840637207031e-01
-7.479437589645385742e-01
-7.350314855575561523e-01
-7.221193313598632812e-01
-7.098196744918823242e-01
-7.003355026245117188e-01
-6.955008506774902344e-01
-6.918574571609497070e-01
-6.880118846893310547e-01
-6.832357645034790039e-01
-6.776899099349975586e-01
-6.688901185989379883e-01
-6.613909006118774414e-01
-6.545649766921997070e-01
-6.421040296554565430e-01
-6.244174242019653320e-01
-6.059246659278869629e-01
-5.858334302902221680e-01
-5.667698979377746582e-01
-5.475337505340576172e-01
-5.319512486457824707e-01
-5.234684944152832031e-01
-5.150041580200195312e-01
-5.065398216247558594e-01
-4.980757832527160645e-01
-4.896115958690643311e-01
-4.811742603778839111e-01
-4.719660878181457520e-01
-4.625044167041778564e-01
-4.533240199089050293e-01
-4.447557628154754639e-01
-4.419822990894317627e-01
-4.414355158805847168e-01
-4.408889710903167725e-01
-4.403419792652130127e-01
-4.370326995849609375e-01
-4.302996695041656494e-01
-4.264501333236694336e-01
-4.226011335849761963e-01
-6.695829629898071289e-01
-6.648508310317993164e-01
-6.691353321075439453e-01
-6.745131015777587891e-01
-6.786971092224121094e-01
-6.828808784484863281e-01
-6.863545179367065430e-01
-6.886699795722961426e-01
-6.893643736839294434e-01
-6.887794733047485352e-01
-6.886322498321533203e-01
-6.886968612670898438e-01
-6.893971562385559082e-01
-6.916020512580871582e-01
-6.944214701652526855e-01
-7.010065913200378418e-01
-7.097570896148681641e-01
-7.152578234672546387e-01
-7.169340252876281738e-01
-7.181614041328430176e-01
-7.181105613708496094e-01
-7.213277816772460938e-01
-7.358362078666687012e-01
-7.446999549865722656e-01
-7.500207424163818359e-01
-7.604590654373168945e-01
-7.743904590606689453e-01
-7.878389358520507812e-01
-8.023891448974609375e-01
-8.108029365539550781e-01
-8.173888921737670898e-01
-8.208457827568054199e-01
-8.216589689254760742e-01
-8.175054192543029785e-01
-8.133517503738403320e-01
-8.085963726043701172e-01
-8.036962747573852539e-01
-7.975351810455322266e-01
-7.884081602096557617e-01
-7.771068811416625977e-01
-7.657419443130493164e-01
-7.569104433059692383e-01
-7.513898611068725586e-01
-7.522455453872680664e-01
-7.557643055915832520e-01
-7.594501376152038574e-01
-7.619864940643310547e-01
-7.636432051658630371e-01
-7.641012668609619141e-01
-7.635130286216735840e-01
-7.679429650306701660e-01
-7.751396894454956055e-01
-7.830829620361328125e-01
-7.881479263305664062e-01
-7.930569648742675781e-01
-7.960115671157836914e-01
-7.952064871788024902e-01
-7.863031625747680664e-01
-7.766236066818237305e-01
-7.673916816711425781e-01
-7.599855661392211914e-01
-7.526687383651733398e-01
-7.456663846969604492e-01
-7.366222143173217773e-01
-7.294476628303527832e-01
-7.280787825584411621e-01
-7.216088771820068359e-01
-7.139282822608947754e-01
-7.036399841308593750e-01
-6.947619318962097168e-01
-6.881979107856750488e-01
-6.898062229156494141e-01
-6.962414979934692383e-01
-7.039991617202758789e-01
-7.113898396492004395e-01
-7.203221917152404785e-01
-7.340167760848999023e-01
-7.447677850723266602e-01
-7.513455152511596680e-01
-7.566614151000976562e-01
-7.612560987472534180e-01
-7.658288478851318359e-01
-7.704015970230102539e-01
-7.752777338027954102e-01
-7.759959101676940918e-01
-7.792040109634399414e-01
-7.813376188278198242e-01
-7.818949222564697266e-01
-7.815524935722351074e-01
-7.731776833534240723e-01
-7.558625936508178711e-01
-7.384980916976928711e-01
-7.239931225776672363e-01
-7.120750546455383301e-01
-7.001088857650756836e-01
-6.885716915130615234e-01
-6.816338300704956055e-01
-6.779903769493103027e-01
-6.736938357353210449e-01
-6.677778363227844238e-01
-6.597409248352050781e-01
-6.494432687759399414e-01
-6.419197916984558105e-01
-6.310238242149353027e-01
-6.148959994316101074e-01
-5.963383316993713379e-01
-5.764935612678527832e-01
-5.569550991058349609e-01
-5.372146368026733398e-01
-5.166965723037719727e-01
-4.996389150619506836e-01
-4.914782345294952393e-01
-4.831112325191497803e-01
-4.746471941471099854e-01
-4.661828577518463135e-01
-4.568095803260803223e-01
-4.471439123153686523e-01
-4.376601874828338623e-01
-4.284175336360931396e-01
-4.218483865261077881e-01
-4.211076200008392334e-01
-4.208677113056182861e-01
-4.206279814243316650e-01
-4.204313158988952637e-01
-4.265299737453460693e-01
-4.304477870464324951e-01
-4.269059002399444580e-01
-4.233638942241668701e-01
-4.198214709758758545e-01
-6.728169322013854980e-01
-6.721422672271728516e-01
-6.778577566146850586e-01
-6.835736036300659180e-01
-6.892895698547363281e-01
-6.944289803504943848e-01
-6.986125707626342773e-01
-7.007975578308105469e-01
-7.002372145652770996e-01
-6.994575262069702148e-01
-6.991015672683715820e-01
-6.989543437957763672e-01
-6.988070607185363770e-01
-6.997606754302978516e-01
-7.099010348320007324e-01
-7.191848754882812500e-01
-7.245190143585205078e-01
-7.251925468444824219e-01
-7.246860861778259277e-01
-7.221351861953735352e-01
-7.195845246315002441e-01
-7.208672761917114258e-01
-7.340941429138183594e-01
-7.433042526245117188e-01
-7.480072975158691406e-01
-7.609890103340148926e-01
-7.757109403610229492e-01
-7.885106205940246582e-01
-8.026844263076782227e-01
-8.124191761016845703e-01
-8.203264474868774414e-01
-8.224777579307556152e-01
-8.193671107292175293e-01
-8.162560462951660156e-01
-8.124533891677856445e-01
-8.054918646812438965e-01
-7.975281476974487305e-01
-7.902491092681884766e-01
-7.807169556617736816e-01
-7.713246345520019531e-01
-7.612844109535217285e-01
-7.496576905250549316e-01
-7.404595017433166504e-01
-7.377222776412963867e-01
-7.387355566024780273e-01
-7.420524358749389648e-01
-7.453696131706237793e-01
-7.485412359237670898e-01
-7.528949975967407227e-01
-7.574819922447204590e-01
-7.643923759460449219e-01
-7.710082530975341797e-01
-7.791035175323486328e-01
-7.856409549713134766e-01
-7.905569672584533691e-01
-7.951239347457885742e-01
-7.975493073463439941e-01
-7.910654544830322266e-01
-7.832951545715332031e-01
-7.754149436950683594e-01
-7.668164372444152832e-01
-7.608869075775146484e-01
-7.521786689758300781e-01
-7.416388988494873047e-01
-7.302851676940917969e-01
-7.180110812187194824e-01
-7.108932137489318848e-01
-7.019001245498657227e-01
-6.947415471076965332e-01
-6.873100996017456055e-01
-6.813880801200866699e-01
-6.817126274108886719e-01
-6.889670491218566895e-01
-6.983340978622436523e-01
-7.078268527984619141e-01
-7.185121774673461914e-01
-7.309702634811401367e-01
-7.424211502075195312e-01
-7.486133575439453125e-01
-7.531862854957580566e-01
-7.577589154243469238e-01
-7.623317837715148926e-01
-7.669044733047485352e-01
-7.714772224426269531e-01
-7.734755277633666992e-01
-7.738026380538940430e-01
-7.713153362274169922e-01
-7.706111669540405273e-01
-7.714738845825195312e-01
-7.640691995620727539e-01
-7.475328445434570312e-01
-7.309963703155517578e-01
-7.144601345062255859e-01
-7.018201351165771484e-01
-6.899020671844482422e-01
-6.779839992523193359e-01
-6.689147949218750000e-01
-6.641232967376708984e-01
-6.580724716186523438e-01
-6.505917906761169434e-01
-6.403002738952636719e-01
-6.295631527900695801e-01
-6.198938488960266113e-01
-6.059451699256896973e-01
-5.871344804763793945e-01
-5.669512748718261719e-01
-5.455816984176635742e-01
-5.250544548034667969e-01
-5.043799877166748047e-01
-4.840049445629119873e-01
-4.656844735145568848e-01
-4.574590027332305908e-01
-4.498871266841888428e-01
-4.414454996585845947e-01
-4.326719939708709717e-01
-4.237841665744781494e-01
-4.149067699909210205e-01
-4.060740768909454346e-01
-4.025548994541168213e-01
-4.027278721332550049e-01
-4.023699760437011719e-01
-4.021301567554473877e-01
-4.028174579143524170e-01
-4.119788110256195068e-01
-4.229777157306671143e-01
-4.278963506221771240e-01
-4.243541657924652100e-01
-4.208119809627532959e-01
-4.172696173191070557e-01
-6.756890416145324707e-01
-6.810650825500488281e-01
-6.867522001266479492e-01
-6.924394369125366211e-01
-6.981267929077148438e-01
-7.038137912750244141e-01
-7.078915238380432129e-01
-7.087980508804321289e-01
-7.089878320693969727e-01
-7.091310024261474609e-01
-7.095561623573303223e-01
-7.094238400459289551e-01
-7.140892744064331055e-01
-7.221960425376892090e-01
-7.286120653152465820e-01
-7.349116802215576172e-01
-7.356657981872558594e-01
-7.297830581665039062e-01
-7.282786369323730469e-01
-7.261088490486145020e-01
-7.235580682754516602e-01
-7.210074663162231445e-01
-7.347683906555175781e-01
-7.461311817169189453e-01
-7.493627071380615234e-01
-7.623685598373413086e-01
-7.777737379074096680e-01
-7.907734513282775879e-01
-8.045989871025085449e-01
-8.132922649383544922e-01
-8.187423944473266602e-01
-8.198984861373901367e-01
-8.136067390441894531e-01
-8.072769641876220703e-01
-8.012106418609619141e-01
-7.945489287376403809e-01
-7.878544330596923828e-01
-7.802428603172302246e-01
-7.701590061187744141e-01
-7.609279751777648926e-01
-7.511917948722839355e-01
-7.414556741714477539e-01
-7.306726574897766113e-01
-7.221621274948120117e-01
-7.220362424850463867e-01
-7.233039140701293945e-01
-7.285156250000000000e-01
-7.349715232849121094e-01
-7.421917319297790527e-01
-7.515787482261657715e-01
-7.586625814437866211e-01
-7.657402753829956055e-01
-7.744560241699218750e-01
-7.826723456382751465e-01
-7.874990701675415039e-01
-7.923257350921630859e-01
-7.979764938354492188e-01
-7.965441942214965820e-01
-7.883502840995788574e-01
-7.819992303848266602e-01
-7.761073708534240723e-01
-7.675527334213256836e-01
-7.572495341300964355e-01
-7.451753616333007812e-01
-7.279175519943237305e-01
-7.109053730964660645e-01
-6.993139982223510742e-01
-6.925971508026123047e-01
-6.859329938888549805e-01
-6.792843341827392578e-01
-6.757208704948425293e-01
-6.748502850532531738e-01
-6.831251978874206543e-01
-6.923189759254455566e-01
-7.014778852462768555e-01
-7.157713174819946289e-01
-7.296684980392456055e-01
-7.401157617568969727e-01
-7.464977502822875977e-01
-7.505615949630737305e-01
-7.546253204345703125e-01
-7.588346004486083984e-01
-7.634073495864868164e-01
-7.679800987243652344e-01
-7.723726034164428711e-01
-7.725180387496948242e-01
-7.702251076698303223e-01
-7.667471170425415039e-01
-7.635467052459716797e-01
-7.562721967697143555e-01
-7.401340007781982422e-01
-7.235976457595825195e-01
-7.070612907409667969e-01
-6.915652751922607422e-01
-6.796471476554870605e-01
-6.677290201187133789e-01
-6.566070318222045898e-01
-6.482196450233459473e-01
-6.404073834419250488e-01
-6.309475898742675781e-01
-6.198766827583312988e-01
-6.075370311737060547e-01
-5.956917405128479004e-01
-5.786918401718139648e-01
-5.588531494140625000e-01
-5.358017683029174805e-01
-5.143634676933288574e-01
-4.937858879566192627e-01
-4.735547006130218506e-01
-4.534934461116790771e-01
-4.347468614578247070e-01
-4.250870048999786377e-01
-4.163135588169097900e-01
-4.075400531291961670e-01
-3.991050422191619873e-01
-3.906859457492828369e-01
-3.829751312732696533e-01
-3.832578957080841064e-01
-3.849304616451263428e-01
-3.852467834949493408e-01
-3.856478035449981689e-01
-3.893312811851501465e-01
-3.997326195240020752e-01
-4.110791087150573730e-01
-4.224257469177246094e-01
-4.284658432006835938e-01
-4.252713918685913086e-01
-4.220770895481109619e-01
-4.188826978206634521e-01
-6.834713816642761230e-01
-6.902120113372802734e-01
-6.969522833824157715e-01
-7.033945322036743164e-01
-7.090816497802734375e-01
-7.135105133056640625e-01
-7.152321338653564453e-01
-7.169537544250488281e-01
-7.186750173568725586e-01
-7.193434238433837891e-01
-7.199178934097290039e-01
-7.304828763008117676e-01
-7.379108667373657227e-01
-7.441767454147338867e-01
-7.498415112495422363e-01
-7.538031339645385742e-01
-7.466988563537597656e-01
-7.339621782302856445e-01
-7.318167686462402344e-01
-7.304314970970153809e-01
-7.290458679199218750e-01
-7.273518443107604980e-01
-7.372280359268188477e-01
-7.508237361907958984e-01
-7.541893720626831055e-01
-7.683629393577575684e-01
-7.848277091979980469e-01
-7.966797351837158203e-01
-8.091288805007934570e-01
-8.095411658287048340e-01
-8.083773851394653320e-01
-8.073791265487670898e-01
-8.025903701782226562e-01
-7.966135740280151367e-01
-7.902430295944213867e-01
-7.835198640823364258e-01
-7.767665386199951172e-01
-7.675774097442626953e-01
-7.570118904113769531e-01
-7.480103969573974609e-01
-7.389006614685058594e-01
-7.297912836074829102e-01
-7.204992771148681641e-01
-7.107319235801696777e-01
-7.077113389968872070e-01
-7.108837962150573730e-01
-7.154456973075866699e-01
-7.221535444259643555e-01
-7.319233417510986328e-01
-7.439147233963012695e-01
-7.535732388496398926e-01
-7.615737318992614746e-01
-7.707810401916503906e-01
-7.803431153297424316e-01
-7.853405475616455078e-01
-7.904142141342163086e-01
-7.954876422882080078e-01
-7.985210418701171875e-01
-7.964254021644592285e-01
-7.916845679283142090e-01
-7.836706042289733887e-01
-7.732642889022827148e-01
-7.618963718414306641e-01
-7.439328432083129883e-01
-7.257528901100158691e-01
-7.076599001884460449e-01
-6.911981105804443359e-01
-6.843318343162536621e-01
-6.776391267776489258e-01
-6.721025705337524414e-01
-6.705915331840515137e-01
-6.717727184295654297e-01
-6.781306266784667969e-01
-6.861751675605773926e-01
-6.961166858673095703e-01
-7.100652456283569336e-01
-7.230052947998046875e-01
-7.359308004379272461e-01
-7.454597949981689453e-01
-7.497875094413757324e-01
-7.538228034973144531e-01
-7.578579783439636230e-01
-7.618931531906127930e-01
-7.659285068511962891e-01
-7.699635624885559082e-01
-7.733901739120483398e-01
-7.726897597312927246e-01
-7.678419351577758789e-01
-7.646583914756774902e-01
-7.531515359878540039e-01
-7.352542877197265625e-01
-7.163587212562561035e-01
-6.996623277664184570e-01
-6.831414699554443359e-01
-6.697146296501159668e-01
-6.581034660339355469e-01
-6.456505060195922852e-01
-6.323835849761962891e-01
-6.226443052291870117e-01
-6.117646694183349609e-01
-5.987924933433532715e-01
-5.876026153564453125e-01
-5.726379156112670898e-01
-5.525104403495788574e-01
-5.289909243583679199e-01
-5.072236061096191406e-01
-4.868651926517486572e-01
-4.665066897869110107e-01
-4.464276432991027832e-01
-4.258851706981658936e-01
-4.055521786212921143e-01
-3.950050771236419678e-01
-3.868187069892883301e-01
-3.787475824356079102e-01
-3.706762492656707764e-01
-3.651481568813323975e-01
-3.670881390571594238e-01
-3.692573904991149902e-01
-3.698929846286773682e-01
-3.729865252971649170e-01
-3.790769577026367188e-01
-3.898898661136627197e-01
-4.016176760196685791e-01
-4.131974577903747559e-01
-4.246712625026702881e-01
-4.314849674701690674e-01
-4.282907843589782715e-01
-4.250961840152740479e-01
-4.219015538692474365e-01
-6.918833255767822266e-01
-6.988961696624755859e-01
-7.056362628936767578e-01
-7.123766541481018066e-01
-7.182103991508483887e-01
-7.208514809608459473e-01
-7.225726842880249023e-01
-7.242941856384277344e-01
-7.260155081748962402e-01
-7.311632037162780762e-01
-7.420446276664733887e-01
-7.489321231842041016e-01
-7.571234703063964844e-01
-7.645883560180664062e-01
-7.677147388458251953e-01
-7.685685753822326660e-01
-7.590769529342651367e-01
-7.465514540672302246e-01
-7.379270792007446289e-01
-7.343171834945678711e-01
-7.326078414916992188e-01
-7.309129238128662109e-01
-7.402039766311645508e-01
-7.520143389701843262e-01
-7.598681449890136719e-01
-7.725586891174316406e-01
-7.875261306762695312e-01
-7.961647510528564453e-01
-8.014557361602783203e-01
-8.017754554748535156e-01
-7.990432977676391602e-01
-7.962961792945861816e-01
-7.920345664024353027e-01
-7.869339585304260254e-01
-7.796163558959960938e-01
-7.724663019180297852e-01
-7.645707726478576660e-01
-7.541698217391967773e-01
-7.432169914245605469e-01
-7.335619926452636719e-01
-7.244527339935302734e-01
-7.156797647476196289e-01
-7.088295221328735352e-01
-7.028555870056152344e-01
-6.970570683479309082e-01
-7.008229494094848633e-01
-7.050998210906982422e-01
-7.127078771591186523e-01
-7.236300110816955566e-01
-7.357580065727233887e-01
-7.463687062263488770e-01
-7.578301429748535156e-01
-7.668140530586242676e-01
-7.766513824462890625e-01
-7.837085127830505371e-01
-7.887820005416870117e-01
-7.966683506965637207e-01
-8.036814928054809570e-01
-8.044501543045043945e-01
-7.993664741516113281e-01
-7.903203964233398438e-01
-7.798508405685424805e-01
-7.632896900177001953e-01
-7.444866299629211426e-01
-7.263381481170654297e-01
-7.076563239097595215e-01
-6.909000873565673828e-01
-6.777555942535400391e-01
-6.711142063140869141e-01
-6.675434708595275879e-01
-6.681070327758789062e-01
-6.701956987380981445e-01
-6.738811731338500977e-01
-6.817173957824707031e-01
-6.917878389358520508e-01
-7.047135829925537109e-01
-7.176392078399658203e-01
-7.305647134780883789e-01
-7.425945997238159180e-01
-7.506588697433471680e-01
-7.550812959671020508e-01
-7.591165304183959961e-01
-7.631517052650451660e-01
-7.675345540046691895e-01
-7.724028825759887695e-01
-7.779204845428466797e-01
-7.812306284904479980e-01
-7.779468297958374023e-01
-7.729859352111816406e-01
-7.591388225555419922e-01
-7.434688806533813477e-01
-7.234007716178894043e-01
-7.029260396957397461e-01
-6.839119195938110352e-01
-6.677452325820922852e-01
-6.557887196540832520e-01
-6.399635076522827148e-01
-6.246532201766967773e-01
-6.109972000122070312e-01
-5.983443260192871094e-01
-5.856912136077880859e-01
-5.714069604873657227e-01
-5.505968332290649414e-01
-5.271251201629638672e-01
-5.048187375068664551e-01
-4.845977127552032471e-01
-4.643767774105072021e-01
-4.434892237186431885e-01
-4.222069084644317627e-01
-4.009244740009307861e-01
-3.799173831939697266e-01
-3.686817586421966553e-01
-3.605817258358001709e-01
-3.524820208549499512e-01
-3.499076664447784424e-01
-3.523197472095489502e-01
-3.548199832439422607e-01
-3.568494617938995361e-01
-3.625033497810363770e-01
-3.689491748809814453e-01
-3.796494305133819580e-01
-3.913486897945404053e-01
-4.030476510524749756e-01
-4.147466719150543213e-01
-4.264460802078247070e-01
-4.343858361244201660e-01
-4.317190647125244141e-01
-4.289581775665283203e-01
-4.259503781795501709e-01
-6.986140012741088867e-01
-7.061921358108520508e-01
-7.137706279754638672e-01
-7.205061912536621094e-01
-7.232805490493774414e-01
-7.259954214096069336e-01
-7.286809086799621582e-01
-7.313656210899353027e-01
-7.412443161010742188e-01
-7.502275705337524414e-01
-7.583955526351928711e-01
-7.663072943687438965e-01
-7.729392051696777344e-01
-7.761677503585815430e-01
-7.800774574279785156e-01
-7.791265845298767090e-01
-7.699226737022399902e-01
-7.589901089668273926e-01
-7.454063892364501953e-01
-7.398815751075744629e-01
-7.350213527679443359e-01
-7.320755720138549805e-01
-7.401399612426757812e-01
-7.496727705001831055e-01
-7.582421898841857910e-01
-7.679258584976196289e-01
-7.798694372177124023e-01
-7.890463471412658691e-01
-7.954606413841247559e-01
-7.957955598831176758e-01
-7.920928001403808594e-01
-7.883633375167846680e-01
-7.817128300666809082e-01
-7.757530212402343750e-01
-7.682135105133056641e-01
-7.600018382072448730e-01
-7.514196634292602539e-01
-7.402206659317016602e-01
-7.292677164077758789e-01
-7.195439934730529785e-01
-7.126823067665100098e-01
-7.067082524299621582e-01
-7.007346749305725098e-01
-6.947605609893798828e-01
-6.887869834899902344e-01
-6.855759620666503906e-01
-6.929399371147155762e-01
-7.032273411750793457e-01
-7.149381637573242188e-01
-7.262910008430480957e-01
-7.361497879028320312e-01
-7.488058805465698242e-01
-7.621247768402099609e-01
-7.733402848243713379e-01
-7.837765812873840332e-01
-7.919046282768249512e-01
-7.999995350837707520e-01
-8.077755570411682129e-01
-8.069665431976318359e-01
-8.033634424209594727e-01
-7.956713438034057617e-01
-7.811462879180908203e-01
-7.656427025794982910e-01
-7.473226785659790039e-01
-7.269518375396728516e-01
-7.082701921463012695e-01
-6.908539533615112305e-01
-6.739391684532165527e-01
-6.652684211730957031e-01
-6.646902561187744141e-01
-6.666805744171142578e-01
-6.685503125190734863e-01
-6.700713634490966797e-01
-6.766986846923828125e-01
-6.890434026718139648e-01
-7.017932534217834473e-01
-7.153571844100952148e-01
-7.289373874664306641e-01
-7.425177097320556641e-01
-7.525845766067504883e-01
-7.598854899406433105e-01
-7.671929001808166504e-01
-7.727109789848327637e-01
-7.782290577888488770e-01
-7.837471961975097656e-01
-7.892650365829467773e-01
-7.947387695312500000e-01
-7.951053380966186523e-01
-7.896290421485900879e-01
-7.746629714965820312e-01
-7.573644518852233887e-01
-7.383800148963928223e-01
-7.178730964660644531e-01
-6.973661184310913086e-01
-6.748927831649780273e-01
-6.526247262954711914e-01
-6.354354619979858398e-01
-6.175993680953979492e-01
-5.998522043228149414e-01
-5.856459140777587891e-01
-5.700312852859497070e-01
-5.489816665649414062e-01
-5.256986021995544434e-01
-5.027152299880981445e-01
-4.824945628643035889e-01
-4.615605771541595459e-01
-4.401378035545349121e-01
-4.189748466014862061e-01
-3.978998363018035889e-01
-3.771381676197052002e-01
-3.563765883445739746e-01
-3.432200551033020020e-01
-3.356594741344451904e-01
-3.359510600566864014e-01
-3.384109437465667725e-01
-3.415890336036682129e-01
-3.470982015132904053e-01
-3.533487617969512939e-01
-3.597943782806396484e-01
-3.704113662242889404e-01
-3.821105659008026123e-01
-3.938095867633819580e-01
-4.055084884166717529e-01
-4.172076880931854248e-01
-4.289071261882781982e-01
-4.376204907894134521e-01
-4.347788393497467041e-01
-4.319371879100799561e-01
-4.292993843555450439e-01
-7.026906013488769531e-01
-7.113320827484130859e-01
-7.196413278579711914e-01
-7.231644392013549805e-01
-7.266876697540283203e-01
-7.302011251449584961e-01
-7.352607846260070801e-01
-7.477673292160034180e-01
-7.569269537925720215e-01
-7.660869359970092773e-01
-7.736514806747436523e-01
-7.779427170753479004e-01
-7.809698581695556641e-01
-7.844638228416442871e-01
-7.886240482330322266e-01
-7.842862606048583984e-01
-7.768642306327819824e-01
-7.686085700988769531e-01
-7.556693553924560547e-01
-7.466479539871215820e-01
-7.400000095367431641e-01
-7.316054701805114746e-01
-7.330842018127441406e-01
-7.406427860260009766e-01
-7.534099221229553223e-01
-7.572467923164367676e-01
-7.677849531173706055e-01
-7.797137498855590820e-01
-7.872251272201538086e-01
-7.881720662117004395e-01
-7.844692468643188477e-01
-7.804261445999145508e-01
-7.726407647132873535e-01
-7.661917805671691895e-01
-7.589668631553649902e-01
-7.500877380371093750e-01
-7.390891909599304199e-01
-7.276281118392944336e-01
-7.185312509536743164e-01
-7.106337547302246094e-01
-7.045872211456298828e-01
-6.986134052276611328e-01
-6.926396489143371582e-01
-6.866658329963684082e-01
-6.806919574737548828e-01
-6.761994361877441406e-01
-6.786247491836547852e-01
-6.873596310615539551e-01
-7.000508308410644531e-01
-7.123069167137145996e-01
-7.253783941268920898e-01
-7.399622201919555664e-01
-7.552388906478881836e-01
-7.719089984893798828e-01
-7.871066927909851074e-01
-7.959629297256469727e-01
-8.039675951004028320e-01
-8.104903697967529297e-01
-8.095424175262451172e-01
-8.065763711929321289e-01
-7.985396385192871094e-01
-7.862427234649658203e-01
-7.729631662368774414e-01
-7.524294257164001465e-01
-7.317571640014648438e-01
-7.134231328964233398e-01
-6.954019069671630859e-01
-6.796138882637023926e-01
-6.671418547630310059e-01
-6.686313152313232422e-01
-6.706508398056030273e-01
-6.721927523612976074e-01
-6.724388599395751953e-01
-6.776264309883117676e-01
-6.914170980453491211e-01
-7.050538063049316406e-01
-7.183083891868591309e-01
-7.318888306617736816e-01
-7.454692721366882324e-01
-7.578345537185668945e-01
-7.664816379547119141e-01
-7.746106982231140137e-01
-7.827396988868713379e-01
-7.895737886428833008e-01
-7.950918674468994141e-01
-8.006099462509155273e-01
-8.061280250549316406e-01
-8.109383583068847656e-01
-8.062241077423095703e-01
-7.903717756271362305e-01
-7.735729813575744629e-01
-7.553526163101196289e-01
-7.331258058547973633e-01
-7.123841047286987305e-01
-6.875355243682861328e-01
-6.607050895690917969e-01
-6.357888579368591309e-01
-6.113114356994628906e-01
-5.905529260635375977e-01
-5.700189471244812012e-01
-5.467351078987121582e-01
-5.242717862129211426e-01
-5.008002519607543945e-01
-4.797173738479614258e-01
-4.582947492599487305e-01
-4.368721246719360352e-01
-4.155459403991699219e-01
-3.947263956069946289e-01
-3.739646971225738525e-01
-3.532029688358306885e-01
-3.324413895606994629e-01
-3.203762769699096680e-01
-3.220125436782836914e-01
-3.246909677982330322e-01
-3.306842446327209473e-01
-3.377487659454345703e-01
-3.441944420337677002e-01
-3.506402075290679932e-01
-3.611730933189392090e-01
-3.728720843791961670e-01
-3.845713734626770020e-01
-3.962706029415130615e-01
-4.079695940017700195e-01
-4.196686744689941406e-01
-4.313678443431854248e-01
-4.408549368381500244e-01
-4.380131363868713379e-01
-4.351712167263031006e-01
-4.323291778564453125e-01
-7.060675024986267090e-01
-7.145940065383911133e-01
-7.194234132766723633e-01
-7.241309881210327148e-01
-7.286204099655151367e-01
-7.387508153915405273e-01
-7.503104209899902344e-01
-7.600533366203308105e-01
-7.692085504531860352e-01
-7.767645120620727539e-01
-7.808447480201721191e-01
-7.849247455596923828e-01
-7.883120775222778320e-01
-7.915231585502624512e-01
-7.941894531250000000e-01
-7.874325513839721680e-01
-7.810682058334350586e-01
-7.731705904006958008e-01
-7.608225345611572266e-01
-7.461681365966796875e-01
-7.369518280029296875e-01
-7.286332249641418457e-01
-7.284289002418518066e-01
-7.345067858695983887e-01
-7.417423725128173828e-01
-7.459017038345336914e-01
-7.541824579238891602e-01
-7.671480178833007812e-01
-7.768251299858093262e-01
-7.793462872505187988e-01
-7.767736315727233887e-01
-7.731538414955139160e-01
-7.647036314010620117e-01
-7.562139034271240234e-01
-7.485185861587524414e-01
-7.418812513351440430e-01
-7.332012057304382324e-01
-7.237598299980163574e-01
-7.143185138702392578e-01
-7.048771381378173828e-01
-6.985678672790527344e-01
-6.925615668296813965e-01
-6.866563558578491211e-01
-6.804375648498535156e-01
-6.745273470878601074e-01
-6.705315113067626953e-01
-6.681641936302185059e-01
-6.755331754684448242e-01
-6.887482404708862305e-01
-7.034068107604980469e-01
-7.180157899856567383e-01
-7.362887859344482422e-01
-7.544507980346679688e-01
-7.723680138587951660e-01
-7.897142171859741211e-01
-8.030585646629333496e-01
-8.104315996170043945e-01
-8.150808811187744141e-01
-8.158426284790039062e-01
-8.097605109214782715e-01
-8.031699657440185547e-01
-7.954454421997070312e-01
-7.808029651641845703e-01
-7.601377964019775391e-01
-7.400420308113098145e-01
-7.216311097145080566e-01
-7.034888267517089844e-01
-6.894395351409912109e-01
-6.782503128051757812e-01
-6.739672422409057617e-01
-6.749894618988037109e-01
-6.752285957336425781e-01
-6.754677295684814453e-01
-6.799519062042236328e-01
-6.936320066452026367e-01
-7.074226140975952148e-01
-7.212132215499877930e-01
-7.355257272720336914e-01
-7.499340772628784180e-01
-7.636731266975402832e-01
-7.734453678131103516e-01
-7.815743684768676758e-01
-7.897036075592041016e-01
-7.978326678276062012e-01
-8.059617280960083008e-01
-8.119547367095947266e-01
-8.174729347229003906e-01
-8.229909539222717285e-01
-8.224282860755920410e-01
-8.060805797576904297e-01
-7.893697023391723633e-01
-7.722411155700683594e-01
-7.515873908996582031e-01
-7.246924638748168945e-01
-6.971365809440612793e-01
-6.708127856254577637e-01
-6.419001221656799316e-01
-6.138585209846496582e-01
-5.814733505249023438e-01
-5.522004365921020508e-01
-5.254955887794494629e-01
-5.010315179824829102e-01
-4.782347977161407471e-01
-4.563033282756805420e-01
-4.343717992305755615e-01
-4.126381576061248779e-01
-3.915531337261199951e-01
-3.707914650440216064e-01
-3.500297367572784424e-01
-3.292677700519561768e-01
-3.139005005359649658e-01
-3.084083497524261475e-01
-3.128765523433685303e-01
-3.202444016933441162e-01
-3.281801939010620117e-01
-3.347673118114471436e-01
-3.413795232772827148e-01
-3.519351184368133545e-01
-3.636340796947479248e-01
-3.753333687782287598e-01
-3.870324194431304932e-01
-3.987313807010650635e-01
-4.104306399822235107e-01
-4.221296310424804688e-01
-4.338288307189941406e-01
-4.440898299217224121e-01
-4.412477314472198486e-01
-4.384059011936187744e-01
-4.355637133121490479e-01
-7.072576284408569336e-01
-7.128554582595825195e-01
-7.179175615310668945e-01
-7.243372201919555664e-01
-7.384431958198547363e-01
-7.493460178375244141e-01
-7.602415084838867188e-01
-7.697115540504455566e-01
-7.763710618019104004e-01
-7.812892198562622070e-01
-7.859160304069519043e-01
-7.899353504180908203e-01
-7.935684919357299805e-01
-7.971562147140502930e-01
-7.962776422500610352e-01
-7.854715585708618164e-01
-7.750853300094604492e-01
-7.657035589218139648e-01
-7.562332749366760254e-01
-7.428358793258666992e-01
-7.344119548797607422e-01
-7.276464104652404785e-01
-7.237760424613952637e-01
-7.286968827247619629e-01
-7.340610623359680176e-01
-7.377900481224060059e-01
-7.440608739852905273e-01
-7.566192746162414551e-01
-7.683879137039184570e-01
-7.723471522331237793e-01
-7.702105641365051270e-01
-7.682686448097229004e-01
-7.604704499244689941e-01
-7.523518800735473633e-01
-7.462033033370971680e-01
-7.420375347137451172e-01
-7.356054782867431641e-01
-7.269289493560791016e-01
-7.174874544143676758e-01
-7.080461382865905762e-01
-6.995161175727844238e-01
-6.905947327613830566e-01
-6.821174025535583496e-01
-6.753852367401123047e-01
-6.708099842071533203e-01
-6.669343113899230957e-01
-6.652855873107910156e-01
-6.705544590950012207e-01
-6.807104349136352539e-01
-6.966423988342285156e-01
-7.148637771606445312e-01
-7.336759567260742188e-01
-7.539642453193664551e-01
-7.723113298416137695e-01
-7.904558181762695312e-01
-8.051816821098327637e-01
-8.131434917449951172e-01
-8.207769989967346191e-01
-8.217506408691406250e-01
-8.163868188858032227e-01
-8.097614049911499023e-01
-8.019750714302062988e-01
-7.886697053909301758e-01
-7.678245306015014648e-01
-7.479060888290405273e-01
-7.299370765686035156e-01
-7.130832672119140625e-01
-6.994490623474121094e-01
-6.896520256996154785e-01
-6.802886724472045898e-01
-6.780184507369995117e-01
-6.782575845718383789e-01
-6.784968376159667969e-01
-6.843248605728149414e-01
-6.958467960357666016e-01
-7.104355692863464355e-01
-7.250543832778930664e-01
-7.397431731224060059e-01
-7.546543478965759277e-01
-7.690628767013549805e-01
-7.804092168807983398e-01
-7.885383367538452148e-01
-7.966674566268920898e-01
-8.047963380813598633e-01
-8.129255771636962891e-01
-8.210547566413879395e-01
-8.288176655769348145e-01
-8.343358039855957031e-01
-8.358443975448608398e-01
-8.217892646789550781e-01
-8.050784468650817871e-01
-7.883677482604980469e-01
-7.657770514488220215e-01
-7.377012372016906738e-01
-7.088675498962402344e-01
-6.782091259956359863e-01
-6.458088159561157227e-01
-6.124005317687988281e-01
-5.791714787483215332e-01
-5.416771173477172852e-01
-5.056688189506530762e-01
-4.786438643932342529e-01
-4.560697674751281738e-01
-4.342368543148040771e-01
-4.126598536968231201e-01
-3.911593556404113770e-01
-3.698886036872863770e-01
-3.486178517341613770e-01
-3.280881047248840332e-01
-3.149672448635101318e-01
-3.054407238960266113e-01
-3.028804063796997070e-01
-3.107196390628814697e-01
-3.189924955368041992e-01
-3.254323899745941162e-01
-3.317052721977233887e-01
-3.420461714267730713e-01
-3.539114892482757568e-01
-3.657766878604888916e-01
-3.776418268680572510e-01
-3.894931972026824951e-01
-4.011924266815185547e-01
-4.128915071487426758e-01
-4.245907962322235107e-01
-4.362896978855133057e-01
-4.473243057727813721e-01
-4.444825053215026855e-01
-4.416403472423553467e-01
-4.387986958026885986e-01
-7.046622037887573242e-01
-7.084358334541320801e-01
-7.199364900588989258e-01
-7.344368100166320801e-01
-7.460162639617919922e-01
-7.573153972625732422e-01
-7.678208351135253906e-01
-7.738587260246276855e-01
-7.798893451690673828e-01
-7.848091125488281250e-01
-7.895825505256652832e-01
-7.943556308746337891e-01
-7.968512773513793945e-01
-7.976824045181274414e-01
-7.906390428543090820e-01
-7.812683582305908203e-01
-7.721692919731140137e-01
-7.629594802856445312e-01
-7.548612356185913086e-01
-7.449868917465209961e-01
-7.342439889907836914e-01
-7.244215011596679688e-01
-7.198593020439147949e-01
-7.281002998352050781e-01
-7.331119179725646973e-01
-7.377230525016784668e-01
-7.408065199851989746e-01
-7.500097751617431641e-01
-7.625830769538879395e-01
-7.677569985389709473e-01
-7.657085657119750977e-01
-7.639948129653930664e-01
-7.585756778717041016e-01
-7.528993487358093262e-01
-7.478293180465698242e-01
-7.432280182838439941e-01
-7.361706495285034180e-01
-7.294616699218750000e-01
-7.194583415985107422e-01
-7.086935043334960938e-01
-6.988017559051513672e-01
-6.901875734329223633e-01
-6.817288398742675781e-01
-6.758688092231750488e-01
-6.709129810333251953e-01
-6.682938337326049805e-01
-6.678491830825805664e-01
-6.692316532135009766e-01
-6.813331842422485352e-01
-6.965665221214294434e-01
-7.140671014785766602e-01
-7.327074408531188965e-01
-7.515171170234680176e-01
-7.718094587326049805e-01
-7.898189425468444824e-01
-8.041253089904785156e-01
-8.145363926887512207e-01
-8.215276002883911133e-01
-8.247611522674560547e-01
-8.199870586395263672e-01
-8.138006329536437988e-01
-8.053258061408996582e-01
-7.929586172103881836e-01
-7.744216918945312500e-01
-7.545198202133178711e-01
-7.383411526679992676e-01
-7.231414318084716797e-01
-7.099910378456115723e-01
-6.996292471885681152e-01
-6.898477077484130859e-01
-6.810473203659057617e-01
-6.812865734100341797e-01
-6.829752326011657715e-01
-6.903465390205383301e-01
-6.998004317283630371e-01
-7.144192457199096680e-01
-7.290381193161010742e-01
-7.436569333076477051e-01
-7.585436105728149414e-01
-7.737830877304077148e-01
-7.866299152374267578e-01
-7.955020666122436523e-01
-8.036313056945800781e-01
-8.117603659629821777e-01
-8.198894262313842773e-01
-8.280184268951416016e-01
-8.361476063728332520e-01
-8.442766666412353516e-01
-8.464511632919311523e-01
-8.362832665443420410e-01
-8.207870721817016602e-01
-8.002775907516479492e-01
-7.771633863449096680e-01
-7.495143413543701172e-01
-7.188061475753784180e-01
-6.842844486236572266e-01
-6.463022828102111816e-01
-6.082037687301635742e-01
-5.717738866806030273e-01
-5.315465927124023438e-01
-4.954338073730468750e-01
-4.659729301929473877e-01
-4.386614859104156494e-01
-4.134210646152496338e-01
-3.911051452159881592e-01
-3.697472810745239258e-01
-3.484765887260437012e-01
-3.298545479774475098e-01
-3.187944591045379639e-01
-3.122545182704925537e-01
-3.068064749240875244e-01
-3.038365542888641357e-01
-3.112148344516754150e-01
-3.176422417163848877e-01
-3.234067857265472412e-01
-3.330068290233612061e-01
-3.443198204040527344e-01
-3.558460772037506104e-01
-3.676935732364654541e-01
-3.795586526393890381e-01
-3.914238512516021729e-01
-4.032889902591705322e-01
-4.151543974876403809e-01
-4.270194470882415771e-01
-4.387505650520324707e-01
-4.504494369029998779e-01
-4.477171301841735840e-01
-4.448680579662322998e-01
-4.396944940090179443e-01
-7.131907343864440918e-01
-7.236672639846801758e-01
-7.328022718429565430e-01
-7.429077029228210449e-01
-7.553468346595764160e-01
-7.651897072792053223e-01
-7.718662023544311523e-01
-7.779433727264404297e-01
-7.838687896728515625e-01
-7.881050109863281250e-01
-7.909263968467712402e-01
-7.928014993667602539e-01
-7.944707870483398438e-01
-7.962393760681152344e-01
-7.878715991973876953e-01
-7.793725132942199707e-01
-7.706380486488342285e-01
-7.619035840034484863e-01
-7.534742355346679688e-01
-7.438866496086120605e-01
-7.273994088172912598e-01
-7.174230813980102539e-01
-7.144634127616882324e-01
-7.249478101730346680e-01
-7.319930195808410645e-01
-7.375264167785644531e-01
-7.409440279006958008e-01
-7.485019564628601074e-01
-7.565566897392272949e-01
-7.640649080276489258e-01
-7.638933062553405762e-01
-7.642559409141540527e-01
-7.603888511657714844e-01
-7.549971342086791992e-01
-7.496055960655212402e-01
-7.428390979766845703e-01
-7.353935837745666504e-01
-7.284978628158569336e-01
-7.208682298660278320e-01
-7.109180688858032227e-01
-7.006074786186218262e-01
-6.919931173324584961e-01
-6.862686872482299805e-01
-6.820073127746582031e-01
-6.779621839523315430e-01
-6.745781898498535156e-01
-6.756570339202880859e-01
-6.778145432472229004e-01
-6.849065423011779785e-01
-6.990893483161926270e-01
-7.142832279205322266e-01
-7.319248914718627930e-01
-7.505467534065246582e-01
-7.676159143447875977e-01
-7.836540341377258301e-01
-8.012795448303222656e-01
-8.150376081466674805e-01
-8.213052153587341309e-01
-8.248468637466430664e-01
-8.215503692626953125e-01
-8.150649070739746094e-01
-8.058621883392333984e-01
-7.915555238723754883e-01
-7.759482860565185547e-01
-7.597921490669250488e-01
-7.459041476249694824e-01
-7.327552437782287598e-01
-7.189940810203552246e-01
-7.091882228851318359e-01
-6.994066238403320312e-01
-6.898202300071716309e-01
-6.853387951850891113e-01
-6.898549795150756836e-01
-6.972262263298034668e-01
-7.046616077423095703e-01
-7.184031009674072266e-01
-7.330218553543090820e-01
-7.476406097412109375e-01
-7.622594237327575684e-01
-7.773438692092895508e-01
-7.923375368118286133e-01
-8.024659752845764160e-01
-8.105951547622680664e-01
-8.187242746353149414e-01
-8.268532752990722656e-01
-8.349823951721191406e-01
-8.431115150451660156e-01
-8.512404561042785645e-01
-8.531724214553833008e-01
-8.476520776748657227e-01
-8.328123092651367188e-01
-8.104377985000610352e-01
-7.854444980621337891e-01
-7.582138776779174805e-01
-7.241855859756469727e-01
-6.859169006347656250e-01
-6.467168927192687988e-01
-6.061760187149047852e-01
-5.623528957366943359e-01
-5.213317275047302246e-01
-4.873042702674865723e-01
-4.560948610305786133e-01
-4.287835061550140381e-01
-4.014722406864166260e-01
-3.742172420024871826e-01
-3.491710722446441650e-01
-3.325749933719635010e-01
-3.249384462833404541e-01
-3.193080127239227295e-01
-3.144065737724304199e-01
-3.096809089183807373e-01
-3.059781491756439209e-01
-3.116533756256103516e-01
-3.174176514148712158e-01
-3.269340097904205322e-01
-3.379515707492828369e-01
-3.489692509174346924e-01
-3.599867522716522217e-01
-3.710045516490936279e-01
-3.821765184402465820e-01
-3.935328423976898193e-01
-4.052058756351470947e-01
-4.170709550380706787e-01
-4.289364516735076904e-01
-4.408015906810760498e-01
-4.526664912700653076e-01
-4.494128525257110596e-01
-4.443165957927703857e-01
-4.391428530216217041e-01
-7.320675849914550781e-01
-7.401838302612304688e-01
-7.483774423599243164e-01
-7.562837600708007812e-01
-7.601473927497863770e-01
-7.652517557144165039e-01
-7.716672420501708984e-01
-7.760928869247436523e-01
-7.802603244781494141e-01
-7.833230495452880859e-01
-7.867283225059509277e-01
-7.904852628707885742e-01
-7.942422032356262207e-01
-7.926310896873474121e-01
-7.842636108398437500e-01
-7.760959267616271973e-01
-7.681996226310729980e-01
-7.599593400955200195e-01
-7.483515739440917969e-01
-7.353938221931457520e-01
-7.213342785835266113e-01
-7.075747847557067871e-01
-7.080436348915100098e-01
-7.201762199401855469e-01
-7.281240820884704590e-01
-7.362461090087890625e-01
-7.429929971694946289e-01
-7.518456578254699707e-01
-7.616263628005981445e-01
-7.685500979423522949e-01
-7.676724195480346680e-01
-7.679870128631591797e-01
-7.639280557632446289e-01
-7.572131752967834473e-01
-7.504982948303222656e-01
-7.417535781860351562e-01
-7.330400347709655762e-01
-7.258344292640686035e-01
-7.190707325935363770e-01
-7.123916149139404297e-01
-7.027652859687805176e-01
-6.973628997802734375e-01
-6.931017041206359863e-01
-6.888403296470642090e-01
-6.860082149505615234e-01
-6.861178874969482422e-01
-6.882756948471069336e-01
-6.904333233833312988e-01
-6.936102509498596191e-01
-7.043622136116027832e-01
-7.174139022827148438e-01
-7.324842810630798340e-01
-7.482292652130126953e-01
-7.625669240951538086e-01
-7.790348529815673828e-01
-7.965619564056396484e-01
-8.101105690002441406e-01
-8.186059594154357910e-01
-8.242464661598205566e-01
-8.204039335250854492e-01
-8.139336705207824707e-01
-8.048598170280456543e-01
-7.898796796798706055e-01
-7.738332748413085938e-01
-7.605354785919189453e-01
-7.498239278793334961e-01
-7.376260757446289062e-01
-7.267347574234008789e-01
-7.184041142463684082e-01
-7.101016044616699219e-01
-7.011481523513793945e-01
-6.921946406364440918e-01
-6.967347860336303711e-01
-7.041059732437133789e-01
-7.114773988723754883e-01
-7.223867177963256836e-01
-7.370055913925170898e-01
-7.516244649887084961e-01
-7.662432193756103516e-01
-7.808620333671569824e-01
-7.961444258689880371e-01
-8.089705705642700195e-01
-8.175591230392456055e-01
-8.256881237030029297e-01
-8.338171243667602539e-01
-8.419463634490966797e-01
-8.500753641128540039e-01
-8.582043647766113281e-01
-8.586865663528442383e-01
-8.512714505195617676e-01
-8.375698328018188477e-01
-8.172539472579956055e-01
-7.902820110321044922e-01
-7.609217762947082520e-01
-7.248855829238891602e-01
-6.856856346130371094e-01
-6.464856266975402832e-01
-6.024449467658996582e-01
-5.565692186355590820e-01
-5.147411823272705078e-01
-4.782495796680450439e-01
-4.481098651885986328e-01
-4.189055263996124268e-01
-3.915943205356597900e-01
-3.656236827373504639e-01
-3.481758534908294678e-01
-3.368111550807952881e-01
-3.276644051074981689e-01
-3.220067322254180908e-01
-3.172808587551116943e-01
-3.125552833080291748e-01
-3.077772259712219238e-01
-3.114285469055175781e-01
-3.208611309528350830e-01
-3.318786919116973877e-01
-3.428962826728820801e-01
-3.539141714572906494e-01
-3.649317920207977295e-01
-3.759493529796600342e-01
-3.869669139385223389e-01
-3.979844152927398682e-01
-4.093292057514190674e-01
-4.206853806972503662e-01
-4.320417940616607666e-01
-4.428144693374633789e-01
-4.519218504428863525e-01
-4.484944641590118408e-01
-4.435814917087554932e-01
-4.386682808399200439e-01
-7.477838993072509766e-01
-7.559005022048950195e-01
-7.621198296546936035e-01
-7.648079395294189453e-01
-7.649948596954345703e-01
-7.651820182800292969e-01
-7.653696537017822266e-01
-7.675577402114868164e-01
-7.729189395904541016e-01
-7.782801389694213867e-01
-7.836414575576782227e-01
-7.881846427917480469e-01
-7.919415235519409180e-01
-7.876776456832885742e-01
-7.807690501213073730e-01
-7.730692028999328613e-01
-7.652277350425720215e-01
-7.533344626426696777e-01
-7.410627603530883789e-01
-7.287729978561401367e-01
-7.155182361602783203e-01
-7.002300620079040527e-01
-7.025728821754455566e-01
-7.149276733398437500e-01
-7.243034243583679199e-01
-7.355777025222778320e-01
-7.471269965171813965e-01
-7.592724561691284180e-01
-7.713049650192260742e-01
-7.790871858596801758e-01
-7.741286754608154297e-01
-7.702810168266296387e-01
-7.643367052078247070e-01
-7.576218843460083008e-01
-7.509070634841918945e-01
-7.411705851554870605e-01
-7.318071722984313965e-01
-7.234807014465332031e-01
-7.163226008415222168e-01
-7.106997370719909668e-01
-7.072032094001770020e-01
-7.033870220184326172e-01
-6.997903585433959961e-01
-6.982758045196533203e-01
-6.974698305130004883e-01
-6.987363696098327637e-01
-7.008942961692810059e-01
-7.031109333038330078e-01
-7.068003416061401367e-01
-7.134720087051391602e-01
-7.251558899879455566e-01
-7.366010546684265137e-01
-7.463010549545288086e-01
-7.608012557029724121e-01
-7.766767144203186035e-01
-7.893010377883911133e-01
-8.028562664985656738e-01
-8.118615746498107910e-01
-8.184102773666381836e-01
-8.185430765151977539e-01
-8.116555809974670410e-01
-8.006680607795715332e-01
-7.858461737632751465e-01
-7.719996571540832520e-01
-7.587279677391052246e-01
-7.516735792160034180e-01
-7.422966957092285156e-01
-7.330576181411743164e-01
-7.253013849258422852e-01
-7.183024287223815918e-01
-7.105051279067993164e-01
-7.039031386375427246e-01
-7.036144733428955078e-01
-7.109858393669128418e-01
-7.183570861816406250e-01
-7.266600131988525391e-01
-7.409893274307250977e-01
-7.556081414222717285e-01
-7.702268958091735840e-01
-7.848456501960754395e-01
-7.995077371597290039e-01
-8.136094212532043457e-01
-8.237352967262268066e-01
-8.326519131660461426e-01
-8.407810926437377930e-01
-8.489100933074951172e-01
-8.570392131805419922e-01
-8.651670217514038086e-01
-8.610938787460327148e-01
-8.506477475166320801e-01
-8.349578380584716797e-01
-8.141775131225585938e-01
-7.889631390571594238e-01
-7.596337795257568359e-01
-7.242053747177124023e-01
-6.854546070098876953e-01
-6.438772082328796387e-01
-5.988753437995910645e-01
-5.539976358413696289e-01
-5.098479986190795898e-01
-4.736149609088897705e-01
-4.394221007823944092e-01
-4.085352718830108643e-01
-3.857164680957794189e-01
-3.726406395435333252e-01
-3.612889051437377930e-01
-3.508290946483612061e-01
-3.403688669204711914e-01
-3.299088478088378906e-01
-3.211839497089385986e-01
-3.154297173023223877e-01
-3.088596165180206299e-01
-3.147882223129272461e-01
-3.258057534694671631e-01
-3.368234336376190186e-01
-3.478412330150604248e-01
-3.588588833808898926e-01
-3.698765337467193604e-01
-3.808942735195159912e-01
-3.919118046760559082e-01
-4.029993116855621338e-01
-4.141119122505187988e-01
-4.253849089145660400e-01
-4.347983002662658691e-01
-4.439170658588409424e-01
-4.530360102653503418e-01
-4.500444829463958740e-01
-4.446223974227905273e-01
-4.392002522945404053e-01
-7.634182572364807129e-01
-7.644972205162048340e-01
-7.645792365074157715e-01
-7.646613121032714844e-01
-7.649116516113281250e-01
-7.662751674652099609e-01
-7.677044868469238281e-01
-7.691345810890197754e-01
-7.705640792846679688e-01
-7.736651301383972168e-01
-7.793332338333129883e-01
-7.850013971328735352e-01
-7.897464036941528320e-01
-7.842242717742919922e-01
-7.773343920707702637e-01
-7.691640853881835938e-01
-7.577606439590454102e-01
-7.459444999694824219e-01
-7.336726188659667969e-01
-7.214007973670959473e-01
-7.091287970542907715e-01
-6.960020065307617188e-01
-6.948126554489135742e-01
-7.093098759651184082e-01
-7.220947742462158203e-01
-7.365178465843200684e-01
-7.513376474380493164e-01
-7.633888721466064453e-01
-7.745103836059570312e-01
-7.836597561836242676e-01
-7.828010320663452148e-01
-7.755347490310668945e-01
-7.675824165344238281e-01
-7.582588195800781250e-01
-7.504933476448059082e-01
-7.407547235488891602e-01
-7.310163378715515137e-01
-7.224352359771728516e-01
-7.160942554473876953e-01
-7.118088603019714355e-01
-7.092984914779663086e-01
-7.091121673583984375e-01
-7.087579369544982910e-01
-7.085152864456176758e-01
-7.092465162277221680e-01
-7.113552093505859375e-01
-7.135130167007446289e-01
-7.163009643554687500e-01
-7.204798460006713867e-01
-7.256219387054443359e-01
-7.326325774192810059e-01
-7.414703369140625000e-01
-7.527654767036437988e-01
-7.640180587768554688e-01
-7.739183902740478516e-01
-7.840628623962402344e-01
-7.949184179306030273e-01
-8.043408989906311035e-01
-8.095000386238098145e-01
-8.115459680557250977e-01
-8.064851760864257812e-01
-7.954926490783691406e-01
-7.810819149017333984e-01
-7.674282789230346680e-01
-7.575383186340332031e-01
-7.521709799766540527e-01
-7.465695738792419434e-01
-7.399402856826782227e-01
-7.315598726272583008e-01
-7.251152992248535156e-01
-7.182009220123291016e-01
-7.138292789459228516e-01
-7.122225761413574219e-01
-7.155395746231079102e-01
-7.239536643028259277e-01
-7.323677539825439453e-01
-7.449730634689331055e-01
-7.595918178558349609e-01
-7.742105722427368164e-01
-7.888293862342834473e-01
-8.034482002258300781e-01
-8.180912733078002930e-01
-8.293422460556030273e-01
-8.384997844696044922e-01
-8.476573228836059570e-01
-8.558739423751831055e-01
-8.640030622482299805e-01
-8.683167695999145508e-01
-8.594659566879272461e-01
-8.451911211013793945e-01
-8.257924914360046387e-01
-8.051912784576416016e-01
-7.825761437416076660e-01
-7.534835338592529297e-01
-7.216035127639770508e-01
-6.851184368133544922e-01
-6.405062079429626465e-01
-5.962616801261901855e-01
-5.516722202301025391e-01
-5.080111622810363770e-01
-4.691110849380493164e-01
-4.335438311100006104e-01
-4.107529520988464355e-01
-3.964413404464721680e-01
-3.863003551959991455e-01
-3.758403956890106201e-01
-3.653804063796997070e-01
-3.549203574657440186e-01
-3.444603979587554932e-01
-3.340003788471221924e-01
-3.221926987171173096e-01
-3.148570358753204346e-01
-3.197329342365264893e-01
-3.307506740093231201e-01
-3.417681753635406494e-01
-3.528430759906768799e-01
-3.639553189277648926e-01
-3.750676810741424561e-01
-3.861799240112304688e-01
-3.972924649715423584e-01
-4.084046185016632080e-01
-4.183570146560668945e-01
-4.271374642848968506e-01
-4.359176456928253174e-01
-4.450315237045288086e-01
-4.541509449481964111e-01
-4.519323110580444336e-01
-4.465103149414062500e-01
-4.410883486270904541e-01
-7.659919261932373047e-01
-7.663807868957519531e-01
-7.673144936561584473e-01
-7.686385512351989746e-01
-7.699631452560424805e-01
-7.712875604629516602e-01
-7.726860642433166504e-01
-7.741161584854125977e-01
-7.755456566810607910e-01
-7.769749164581298828e-01
-7.784047722816467285e-01
-7.814350128173828125e-01
-7.823354005813598633e-01
-7.768214344978332520e-01
-7.688250541687011719e-01
-7.587134838104248047e-01
-7.480374574661254883e-01
-7.368630170822143555e-01
-7.257436513900756836e-01
-7.140110135078430176e-01
-7.017390131950378418e-01
-6.938598155975341797e-01
-6.897715330123901367e-01
-7.061933875083923340e-01
-7.201933860778808594e-01
-7.347301840782165527e-01
-7.491348981857299805e-01
-7.619823217391967773e-01
-7.746356725692749023e-01
-7.850394845008850098e-01
-7.874920964241027832e-01
-7.831445932388305664e-01
-7.736575603485107422e-01
-7.632113695144653320e-01
-7.517822384834289551e-01
-7.404309511184692383e-01
-7.322909235954284668e-01
-7.241511344909667969e-01
-7.172994017601013184e-01
-7.146348953247070312e-01
-7.148326039314270020e-01
-7.152452468872070312e-01
-7.174320816993713379e-01
-7.174195647239685059e-01
-7.192475199699401855e-01
-7.224516868591308594e-01
-7.256554961204528809e-01
-7.294910550117492676e-01
-7.341902256011962891e-01
-7.384774684906005859e-01
-7.396196126937866211e-01
-7.492254972457885742e-01
-7.596460580825805664e-01
-7.669825553894042969e-01
-7.742871046066284180e-01
-7.827743291854858398e-01
-7.914456129074096680e-01
-7.974784970283508301e-01
-8.007715344429016113e-01
-8.028395771980285645e-01
-7.973269224166870117e-01
-7.861708402633666992e-01
-7.746341228485107422e-01
-7.647947072982788086e-01
-7.559787631034851074e-01
-7.521250247955322266e-01
-7.485467195510864258e-01
-7.451053261756896973e-01
-7.384881377220153809e-01
-7.312691807746887207e-01
-7.249293327331542969e-01
-7.235719561576843262e-01
-7.221488356590270996e-01
-7.205422520637512207e-01
-7.273499369621276855e-01
-7.357640862464904785e-01
-7.462756037712097168e-01
-7.619372010231018066e-01
-7.775987386703491211e-01
-7.928131818771362305e-01
-8.074319362640380859e-01
-8.220506906509399414e-01
-8.348812460899353027e-01
-8.441069126129150391e-01
-8.532645702362060547e-01
-8.623997569084167480e-01
-8.671388626098632812e-01
-8.669545054435729980e-01
-8.515657186508178711e-01
-8.334977626800537109e-01
-8.160805106163024902e-01
-7.947641611099243164e-01
-7.731430530548095703e-01
-7.462243437767028809e-01
-7.154314517974853516e-01
-6.792178153991699219e-01
-6.379910707473754883e-01
-5.939742326736450195e-01
-5.493469834327697754e-01
-5.066075325012207031e-01
-4.696975648403167725e-01
-4.451202452182769775e-01
-4.269305169582366943e-01
-4.119034409523010254e-01
-4.009084999561309814e-01
-3.903768956661224365e-01
-3.799317777156829834e-01
-3.694718778133392334e-01
-3.590118587017059326e-01
-3.477011620998382568e-01
-3.387029469013214111e-01
-3.315915167331695557e-01
-3.303563892841339111e-01
-3.372087180614471436e-01
-3.469282388687133789e-01
-3.579196929931640625e-01
-3.689110577106475830e-01
-3.799023330211639404e-01
-3.908937871456146240e-01
-4.016027152538299561e-01
-4.102621078491210938e-01
-4.189218580722808838e-01
-4.275812804698944092e-01
-4.362407624721527100e-01
-4.449000954627990723e-01
-4.537272751331329346e-01
-4.521611332893371582e-01
-4.466186165809631348e-01
-4.410758316516876221e-01
-7.697883248329162598e-01
-7.711128592491149902e-01
-7.724367976188659668e-01
-7.737611532211303711e-01
-7.750856876373291016e-01
-7.764098644256591797e-01
-7.777347564697265625e-01
-7.790971994400024414e-01
-7.805268764495849609e-01
-7.819565534591674805e-01
-7.832735180854797363e-01
-7.844930887222290039e-01
-7.773989439010620117e-01
-7.652628421783447266e-01
-7.552763223648071289e-01
-7.452904582023620605e-01
-7.353041172027587891e-01
-7.254596352577209473e-01
-7.153836488723754883e-01
-7.062115669250488281e-01
-6.972241401672363281e-01
-6.951460838317871094e-01
-6.902583837509155273e-01
-6.999663114547729492e-01
-7.138693928718566895e-01
-7.296901941299438477e-01
-7.442724704742431641e-01
-7.585266232490539551e-01
-7.722334861755371094e-01
-7.840765714645385742e-01
-7.893500328063964844e-01
-7.875265479087829590e-01
-7.794516086578369141e-01
-7.690142989158630371e-01
-7.577918767929077148e-01
-7.461268901824951172e-01
-7.349630594253540039e-01
-7.261708378791809082e-01
-7.233834862709045410e-01
-7.216550111770629883e-01
-7.215414047241210938e-01
-7.218710184097290039e-01
-7.236466407775878906e-01
-7.266280651092529297e-01
-7.294173836708068848e-01
-7.326210737228393555e-01
-7.360666990280151367e-01
-7.408794164657592773e-01
-7.469202876091003418e-01
-7.507770061492919922e-01
-7.527000904083251953e-01
-7.574121356010437012e-01
-7.631341814994812012e-01
-7.701182961463928223e-01
-7.763775587081909180e-01
-7.822815775871276855e-01
-7.876876592636108398e-01
-7.933583259582519531e-01
-7.952046394348144531e-01
-7.955961823463439941e-01
-7.874400615692138672e-01
-7.768528461456298828e-01
-7.678527832031250000e-01
-7.606299519538879395e-01
-7.537302970886230469e-01
-7.509605884552001953e-01
-7.484431266784667969e-01
-7.473382949829101562e-01
-7.439122796058654785e-01
-7.376049160957336426e-01
-7.323756217956542969e-01
-7.322978377342224121e-01
-7.318561673164367676e-01
-7.304685115814208984e-01
-7.307461500167846680e-01
-7.391602993011474609e-01
-7.478320598602294922e-01
-7.624373435974121094e-01
-7.780989408493041992e-01
-7.937605977058410645e-01
-8.094221353530883789e-01
-8.250837326049804688e-01
-8.395442366600036621e-01
-8.497141599655151367e-01
-8.581179380416870117e-01
-8.633799552917480469e-01
-8.641502857208251953e-01
-8.575502634048461914e-01
-8.398724794387817383e-01
-8.216364383697509766e-01
-8.041889667510986328e-01
-7.843313217163085938e-01
-7.615890502929687500e-01
-7.371556162834167480e-01
-7.071706056594848633e-01
-6.691935658454895020e-01
-6.313608884811401367e-01
-5.893619060516357422e-01
-5.476282238960266113e-01
-5.135339498519897461e-01
-4.864923059940338135e-01
-4.627663791179656982e-01
-4.433529376983642578e-01
-4.282049834728240967e-01
-4.149856865406036377e-01
-4.039551913738250732e-01
-3.929877579212188721e-01
-3.821889758110046387e-01
-3.713490962982177734e-01
-3.621965348720550537e-01
-3.549641072750091553e-01
-3.477317690849304199e-01
-3.448159992694854736e-01
-3.500360548496246338e-01
-3.552933931350708008e-01
-3.620570898056030273e-01
-3.716228306293487549e-01
-3.826139867305755615e-01
-3.918688595294952393e-01
-4.005284011363983154e-01
-4.091879427433013916e-01
-4.178471565246582031e-01
-4.265067279338836670e-01
-4.351664483547210693e-01
-4.438256323337554932e-01
-4.524854123592376709e-01
-4.513563215732574463e-01
-4.461245834827423096e-01
-4.411354362964630127e-01
-7.698659896850585938e-01
-7.716109752655029297e-01
-7.733561992645263672e-01
-7.751016616821289062e-01
-7.768467664718627930e-01
-7.785915136337280273e-01
-7.803367376327514648e-01
-7.820822000503540039e-01
-7.837535738945007324e-01
-7.853941321372985840e-01
-7.870343923568725586e-01
-7.867662906646728516e-01
-7.729505300521850586e-01
-7.587325572967529297e-01
-7.445074915885925293e-01
-7.317417860031127930e-01
-7.219334244728088379e-01
-7.132279872894287109e-01
-7.057570815086364746e-01
-6.980539560317993164e-01
-6.906462907791137695e-01
-6.909211277961730957e-01
-6.892471313476562500e-01
-6.943246722221374512e-01
-7.077600955963134766e-01
-7.224427461624145508e-01
-7.374777197837829590e-01
-7.525261640548706055e-01
-7.679263353347778320e-01
-7.806620001792907715e-01
-7.873076200485229492e-01
-7.891299724578857422e-01
-7.844510674476623535e-01
-7.750434875488281250e-01
-7.636786699295043945e-01
-7.533587813377380371e-01
-7.430377006530761719e-01
-7.370259761810302734e-01
-7.322483658790588379e-01
-7.299031019210815430e-01
-7.285616397857666016e-01
-7.284968495368957520e-01
-7.299234271049499512e-01
-7.339143157005310059e-01
-7.395853996276855469e-01
-7.427906990051269531e-01
-7.468076944351196289e-01
-7.527002692222595215e-01
-7.572124004364013672e-01
-7.617216110229492188e-01
-7.647647857666015625e-01
-7.628133893013000488e-01
-7.670099735260009766e-01
-7.730603218078613281e-01
-7.784432172775268555e-01
-7.817208170890808105e-01
-7.841848731040954590e-01
-7.882878184318542480e-01
-7.917459011077880859e-01
-7.903603911399841309e-01
-7.819153666496276855e-01
-7.716658711433410645e-01
-7.637825608253479004e-01
-7.559415102005004883e-01
-7.492420673370361328e-01
-7.474119663238525391e-01
-7.476572394371032715e-01
-7.468069791793823242e-01
-7.456696033477783203e-01
-7.425656318664550781e-01
-7.405188083648681641e-01
-7.402222156524658203e-01
-7.399814128875732422e-01
-7.395035028457641602e-01
-7.380301356315612793e-01
-7.416775226593017578e-01
-7.499707341194152832e-01
-7.618167400360107422e-01
-7.773575186729431152e-01
-7.928980588912963867e-01
-8.084387779235839844e-01
-8.239794373512268066e-01
-8.391953706741333008e-01
-8.493597507476806641e-01
-8.548933267593383789e-01
-8.554261326789855957e-01
-8.510450124740600586e-01
-8.427666425704956055e-01
-8.246970772743225098e-01
-8.071880936622619629e-01
-7.899742722511291504e-01
-7.717570066452026367e-01
-7.476838827133178711e-01
-7.235243320465087891e-01
-6.933324933052062988e-01
-6.592261791229248047e-01
-6.223315596580505371e-01
-5.854145884513854980e-01
-5.538449883460998535e-01
-5.299704074859619141e-01
-5.062996745109558105e-01
-4.819672703742980957e-01
-4.605564177036285400e-01
-4.436868131160736084e-01
-4.286335408687591553e-01
-4.174915254116058350e-01
-4.065241515636444092e-01
-3.955566287040710449e-01
-3.855196833610534668e-01
-3.781818747520446777e-01
-3.709497451782226562e-01
-3.637173771858215332e-01
-3.592459857463836670e-01
-3.644250035285949707e-01
-3.696819841861724854e-01
-3.749392926692962646e-01
-3.793372213840484619e-01
-3.837144970893859863e-01
-3.907946050167083740e-01
-3.994539678096771240e-01
-4.081471860408782959e-01
-4.172491431236267090e-01
-4.264689385890960693e-01
-4.356882274150848389e-01
-4.449078142642974854e-01
-4.541271328926086426e-01
-4.543299973011016846e-01
-4.490085542201995850e-01
-4.438608586788177490e-01
-7.696698904037475586e-01
-7.711958289146423340e-01
-7.729412317276000977e-01
-7.746860384941101074e-01
-7.764312028884887695e-01
-7.781765460968017578e-01
-7.798815965652465820e-01
-7.814171314239501953e-01
-7.829523086547851562e-01
-7.844872474670410156e-01
-7.837924957275390625e-01
-7.762281894683837891e-01
-7.624236345291137695e-01
-7.486196756362915039e-01
-7.350872755050659180e-01
-7.225639224052429199e-01
-7.098954319953918457e-01
-6.992918252944946289e-01
-6.917005777359008789e-01
-6.844184398651123047e-01
-6.807161569595336914e-01
-6.820572018623352051e-01
-6.829057931900024414e-01
-6.885224580764770508e-01
-7.006363868713378906e-01
-7.155940532684326172e-01
-7.302780747413635254e-01
-7.452302575111389160e-01
-7.619216442108154297e-01
-7.754445075988769531e-01
-7.834910154342651367e-01
-7.891663312911987305e-01
-7.872735857963562012e-01
-7.793640494346618652e-01
-7.685196399688720703e-01
-7.606776952743530273e-01
-7.561178207397460938e-01
-7.513541579246520996e-01
-7.451345324516296387e-01
-7.395806908607482910e-01
-7.364223003387451172e-01
-7.354683279991149902e-01
-7.364200353622436523e-01
-7.414803504943847656e-01
-7.474166750907897949e-01
-7.532632350921630859e-01
-7.590627670288085938e-01
-7.632476091384887695e-01
-7.676359415054321289e-01
-7.720242738723754883e-01
-7.709032297134399414e-01
-7.689428329467773438e-01
-7.687227725982666016e-01
-7.738842368125915527e-01
-7.778729200363159180e-01
-7.795292735099792480e-01
-7.816834449768066406e-01
-7.834978699684143066e-01
-7.863464951515197754e-01
-7.842141389846801758e-01
-7.756208181381225586e-01
-7.666938304901123047e-01
-7.597129344940185547e-01
-7.529072165489196777e-01
-7.455621957778930664e-01
-7.419584989547729492e-01
-7.413350343704223633e-01
-7.418587803840637207e-01
-7.424448728561401367e-01
-7.412190437316894531e-01
-7.449951767921447754e-01
-7.459461688995361328e-01
-7.456495761871337891e-01
-7.453669309616088867e-01
-7.449734210968017578e-01
-7.435352802276611328e-01
-7.506735324859619141e-01
-7.600917816162109375e-01
-7.751641869544982910e-01
-7.907048463821411133e-01
-8.062454462051391602e-01
-8.204879760742187500e-01
-8.336666822433471680e-01
-8.428912162780761719e-01
-8.419542312622070312e-01
-8.382374048233032227e-01
-8.340474963188171387e-01
-8.242602348327636719e-01
-8.084076642990112305e-01
-7.928406000137329102e-01
-7.759990692138671875e-01
-7.573870420455932617e-01
-7.337787151336669922e-01
-7.069306969642639160e-01
-6.791623830795288086e-01
-6.519561409950256348e-01
-6.205500960350036621e-01
-5.936448574066162109e-01
-5.677390098571777344e-01
-5.459190011024475098e-01
-5.241973996162414551e-01
-5.024263262748718262e-01
-4.784851372241973877e-01
-4.593262374401092529e-01
-4.442730247974395752e-01
-4.310277700424194336e-01
-4.200604259967803955e-01
-4.108990430831909180e-01
-4.031858742237091064e-01
-3.953852355480194092e-01
-3.869352042675018311e-01
-3.797027468681335449e-01
-3.739342987537384033e-01
-3.788137137889862061e-01
-3.841972053050994873e-01
-3.876621723175048828e-01
-3.911474049091339111e-01
-3.946324288845062256e-01
-3.981177508831024170e-01
-4.029999375343322754e-01
-4.104863703250885010e-01
-4.197056591510772705e-01
-4.289251863956451416e-01
-4.381446540355682373e-01
-4.473641514778137207e-01
-4.565834105014801025e-01
-4.575601220130920410e-01
-4.522383511066436768e-01
-4.469170272350311279e-01
-7.702224850654602051e-01
-7.715213298797607422e-01
-7.728197574615478516e-01
-7.742708921432495117e-01
-7.760123014450073242e-01
-7.775476574897766113e-01
-7.790831327438354492e-01
-7.806182503700256348e-01
-7.821537852287292480e-01
-7.799557447433471680e-01
-7.770186662673950195e-01
-7.656898498535156250e-01
-7.522509098052978516e-01
-7.391121387481689453e-01
-7.260828018188476562e-01
-7.140907049179077148e-01
-7.020989656448364258e-01
-6.901072263717651367e-01
-6.781154870986938477e-01
-6.678326725959777832e-01
-6.668303608894348145e-01
-6.681713461875915527e-01
-6.695123910903930664e-01
-6.758406162261962891e-01
-6.845307350158691406e-01
-7.003362774848937988e-01
-7.162782549858093262e-01
-7.328931093215942383e-01
-7.509965896606445312e-01
-7.663849592208862305e-01
-7.760255932807922363e-01
-7.825161218643188477e-01
-7.838530540466308594e-01
-7.790597677230834961e-01
-7.724363803863525391e-01
-7.671190500259399414e-01
-7.640257477760314941e-01
-7.603913545608520508e-01
-7.567195892333984375e-01
-7.515673637390136719e-01
-7.454227805137634277e-01
-7.408261895179748535e-01
-7.413766384124755859e-01
-7.466496229171752930e-01
-7.532835006713867188e-01
-7.612798213958740234e-01
-7.668971419334411621e-01
-7.712853550910949707e-01
-7.756736874580383301e-01
-7.763697504997253418e-01
-7.746590971946716309e-01
-7.727222442626953125e-01
-7.697687745094299316e-01
-7.704640030860900879e-01
-7.729126811027526855e-01
-7.758915424346923828e-01
-7.776472568511962891e-01
-7.778635025024414062e-01
-7.790740728378295898e-01
-7.773064374923706055e-01
-7.709257006645202637e-01
-7.621477842330932617e-01
-7.549502849578857422e-01
-7.485398650169372559e-01
-7.422280311584472656e-01
-7.397551536560058594e-01
-7.389549016952514648e-01
-7.378869652748107910e-01
-7.368190288543701172e-01
-7.380888462066650391e-01
-7.446687221527099609e-01
-7.499236464500427246e-01
-7.513736486434936523e-01
-7.510771155357360840e-01
-7.507524490356445312e-01
-7.504433989524841309e-01
-7.513762116432189941e-01
-7.596694231033325195e-01
-7.729707956314086914e-01
-7.876816987991333008e-01
-8.008603453636169434e-01
-8.140388131141662598e-01
-8.246428966522216797e-01
-8.282877206802368164e-01
-8.250558376312255859e-01
-8.204600811004638672e-01
-8.151217699050903320e-01
-8.047350049018859863e-01
-7.895922064781188965e-01
-7.744497060775756836e-01
-7.591398954391479492e-01
-7.411313652992248535e-01
-7.198224067687988281e-01
-6.935217380523681641e-01
-6.716579198837280273e-01
-6.505486965179443359e-01
-6.295933127403259277e-01
-6.078835725784301758e-01
-5.836652517318725586e-01
-5.619435310363769531e-01
-5.402218699455261230e-01
-5.187822580337524414e-01
-4.973668754100799561e-01
-4.765337109565734863e-01
-4.599128663539886475e-01
-4.448596537113189697e-01
-4.358160793781280518e-01
-4.281025826930999756e-01
-4.206493794918060303e-01
-4.134945869445800781e-01
-4.063409864902496338e-01
-3.980331420898437500e-01
-3.916856050491333008e-01
-3.948255777359008789e-01
-3.983109295368194580e-01
-4.017960131168365479e-01
-4.052810370922088623e-01
-4.087662398815155029e-01
-4.122511446475982666e-01
-4.157363176345825195e-01
-4.192213416099548340e-01
-4.240486919879913330e-01
-4.313815534114837646e-01
-4.406009018421173096e-01
-4.498204588890075684e-01
-4.590395390987396240e-01
-4.607899785041809082e-01
-4.554684758186340332e-01
-4.501465559005737305e-01
-7.707746624946594238e-01
-7.720620036125183105e-01
-7.732401490211486816e-01
-7.742408514022827148e-01
-7.752088308334350586e-01
-7.762538790702819824e-01
-7.776682376861572266e-01
-7.783914804458618164e-01
-7.753334045410156250e-01
-7.722750902175903320e-01
-7.682684659957885742e-01
-7.541960477828979492e-01
-7.409286499023437500e-01
-7.288161516189575195e-01
-7.167030572891235352e-01
-7.045903205871582031e-01
-6.924775242805480957e-01
-6.803648471832275391e-01
-6.682519316673278809e-01
-6.566455364227294922e-01
-6.536269187927246094e-01
-6.518551707267761230e-01
-6.524317860603332520e-01
-6.596270799636840820e-01
-6.676673889160156250e-01
-6.812976002693176270e-01
-6.974414587020874023e-01
-7.142164707183837891e-01
-7.356319427490234375e-01
-7.538233995437622070e-01
-7.641996741294860840e-01
-7.720865011215209961e-01
-7.790118455886840820e-01
-7.741847634315490723e-01
-7.701053619384765625e-01
-7.668309211730957031e-01
-7.628340125083923340e-01
-7.611019015312194824e-01
-7.589552998542785645e-01
-7.553209662437438965e-01
-7.514942288398742676e-01
-7.466692924499511719e-01
-7.445591688156127930e-01
-7.494770288467407227e-01
-7.577654123306274414e-01
-7.637565135955810547e-01
-7.705510854721069336e-01
-7.774426341056823730e-01
-7.789846658706665039e-01
-7.789746522903442383e-01
-7.780570387840270996e-01
-7.761940956115722656e-01
-7.726653814315795898e-01
-7.667258381843566895e-01
-7.677012085914611816e-01
-7.690725326538085938e-01
-7.703351974487304688e-01
-7.718392014503479004e-01
-7.737693190574645996e-01
-7.724666595458984375e-01
-7.673730850219726562e-01
-7.589515447616577148e-01
-7.507226467132568359e-01
-7.441724538803100586e-01
-7.378606796264648438e-01
-7.368676066398620605e-01
-7.369126081466674805e-01
-7.361049652099609375e-01
-7.350369691848754883e-01
-7.372429370880126953e-01
-7.424789667129516602e-01
-7.492138743400573730e-01
-7.548005580902099609e-01
-7.567440271377563477e-01
-7.565045356750488281e-01
-7.561378479003906250e-01
-7.559132575988769531e-01
-7.600106000900268555e-01
-7.680540680885314941e-01
-7.812325954437255859e-01
-7.944111824035644531e-01
-8.040804862976074219e-01
-8.086138963699340820e-01
-8.101269006729125977e-01
-8.079435825347900391e-01
-8.018570542335510254e-01
-7.965262532234191895e-01
-7.860886454582214355e-01
-7.710407972335815430e-01
-7.559928894042968750e-01
-7.398095130920410156e-01
-7.231282591819763184e-01
-7.061411738395690918e-01
-6.858114004135131836e-01
-6.695522665977478027e-01
-6.561917066574096680e-01
-6.416900157928466797e-01
-6.211023330688476562e-01
-5.996900200843811035e-01
-5.779682397842407227e-01
-5.563654899597167969e-01
-5.349503159523010254e-01
-5.139649510383605957e-01
-4.931093752384185791e-01
-4.762764275074005127e-01
-4.652415215969085693e-01
-4.556891620159149170e-01
-4.485357105731964111e-01
-4.413821697235107422e-01
-4.342286288738250732e-01
-4.270755052566528320e-01
-4.193640649318695068e-01
-4.092262387275695801e-01
-4.089590609073638916e-01
-4.124443233013153076e-01
-4.159292876720428467e-01
-4.194146692752838135e-01
-4.228997528553009033e-01
-4.263847172260284424e-01
-4.298696815967559814e-01
-4.333547949790954590e-01
-4.368403255939483643e-01
-4.403249919414520264e-01
-4.450974762439727783e-01
-4.522768557071685791e-01
-4.614958167076110840e-01
-4.640200436115264893e-01
-4.586986005306243896e-01
-4.533767402172088623e-01
-7.687431573867797852e-01
-7.697802186012268066e-01
-7.707481384277343750e-01
-7.717161774635314941e-01
-7.726843953132629395e-01
-7.736521959304809570e-01
-7.724981307983398438e-01
-7.689962387084960938e-01
-7.652695775032043457e-01
-7.621686458587646484e-01
-7.550160884857177734e-01
-7.427982091903686523e-01
-7.305803298950195312e-01
-7.183622121810913086e-01
-7.062135338783264160e-01
-6.941008567810058594e-01
-6.819881200790405273e-01
-6.698753237724304199e-01
-6.577622890472412109e-01
-6.487062573432922363e-01
-6.455953121185302734e-01
-6.419972777366638184e-01
-6.381598711013793945e-01
-6.419388055801391602e-01
-6.514322757720947266e-01
-6.616095900535583496e-01
-6.793433427810668945e-01
-6.970767974853515625e-01
-7.167187333106994629e-01
-7.371861934661865234e-01
-7.523691058158874512e-01
-7.639127373695373535e-01
-7.734025716781616211e-01
-7.700870037078857422e-01
-7.675172686576843262e-01
-7.648413181304931641e-01
-7.614296674728393555e-01
-7.580184340476989746e-01
-7.571545839309692383e-01
-7.561054229736328125e-01
-7.537620067596435547e-01
-7.514664530754089355e-01
-7.529719471931457520e-01
-7.554767727851867676e-01
-7.574578523635864258e-01
-7.631324529647827148e-01
-7.704470753669738770e-01
-7.751464843750000000e-01
-7.770907282829284668e-01
-7.776265740394592285e-01
-7.770982980728149414e-01
-7.738454937934875488e-01
-7.683176994323730469e-01
-7.612068653106689453e-01
-7.569637298583984375e-01
-7.575191259384155273e-01
-7.592768073081970215e-01
-7.622983455657958984e-01
-7.642868161201477051e-01
-7.657999992370605469e-01
-7.622523307800292969e-01
-7.545747160911560059e-01
-7.468155026435852051e-01
-7.393801212310791016e-01
-7.332288026809692383e-01
-7.328464388847351074e-01
-7.340762615203857422e-01
-7.340701818466186523e-01
-7.332550287246704102e-01
-7.375429272651672363e-01
-7.427788972854614258e-01
-7.492194175720214844e-01
-7.556410431861877441e-01
-7.607153654098510742e-01
-7.617178559303283691e-01
-7.618076205253601074e-01
-7.593443989753723145e-01
-7.567631006240844727e-01
-7.628397941589355469e-01
-7.745203971862792969e-01
-7.835180759429931641e-01
-7.881191968917846680e-01
-7.896111011505126953e-01
-7.911851406097412109e-01
-7.896499633789062500e-01
-7.841283679008483887e-01
-7.796311974525451660e-01
-7.677339315414428711e-01
-7.527155876159667969e-01
-7.382249832153320312e-01
-7.247929573059082031e-01
-7.103455066680908203e-01
-6.963349580764770508e-01
-6.854916214942932129e-01
-6.729890108108520508e-01
-6.608316302299499512e-01
-6.491249799728393555e-01
-6.336616277694702148e-01
-6.158753633499145508e-01
-5.962740182876586914e-01
-5.753743648529052734e-01
-5.545189976692199707e-01
-5.336633324623107910e-01
-5.128079652786254883e-01
-4.952988624572753906e-01
-4.854830205440521240e-01
-4.767112433910369873e-01
-4.692698419094085693e-01
-4.621163904666900635e-01
-4.549629688262939453e-01
-4.457975625991821289e-01
-4.363121092319488525e-01
-4.268267452716827393e-01
-4.260117113590240479e-01
-4.273690879344940186e-01
-4.300629794597625732e-01
-4.335480928421020508e-01
-4.370333850383758545e-01
-4.405182003974914551e-01
-4.440031349658966064e-01
-4.474883079528808594e-01
-4.509734809398651123e-01
-4.544586241245269775e-01
-4.579438865184783936e-01
-4.617355167865753174e-01
-4.668869078159332275e-01
-4.685492813587188721e-01
-4.638825356960296631e-01
-4.588988423347473145e-01
-7.662876844406127930e-01
-7.672553062438964844e-01
-7.682234048843383789e-01
-7.691915631294250488e-01
-7.701594233512878418e-01
-7.667132616043090820e-01
-7.625307440757751465e-01
-7.589837312698364258e-01
-7.562193274497985840e-01
-7.545270919799804688e-01
-7.446675896644592285e-01
-7.324496507644653320e-01
-7.202317714691162109e-01
-7.080136537551879883e-01
-6.957955956459045410e-01
-6.836109757423400879e-01
-6.714984178543090820e-01
-6.593855619430541992e-01
-6.472727060317993164e-01
-6.409159898757934570e-01
-6.370481848716735840e-01
-6.332112550735473633e-01
-6.295464634895324707e-01
-6.314123868942260742e-01
-6.395074129104614258e-01
-6.456973552703857422e-01
-6.613254547119140625e-01
-6.790589094161987305e-01
-6.999682784080505371e-01
-7.249512076377868652e-01
-7.404708862304687500e-01
-7.521784901618957520e-01
-7.628233432769775391e-01
-7.654443383216857910e-01
-7.638338208198547363e-01
-7.622232437133789062e-01
-7.594400644302368164e-01
-7.560287117958068848e-01
-7.526172995567321777e-01
-7.523562908172607422e-01
-7.529869079589843750e-01
-7.562072873115539551e-01
-7.598015666007995605e-01
-7.595927715301513672e-01
-7.615636587142944336e-01
-7.647605538368225098e-01
-7.679263353347778320e-01
-7.712546586990356445e-01
-7.748050689697265625e-01
-7.770482301712036133e-01
-7.748019695281982422e-01
-7.696969509124755859e-01
-7.623772621154785156e-01
-7.541894912719726562e-01
-7.460017204284667969e-01
-7.449629902839660645e-01
-7.471569776535034180e-01
-7.506016492843627930e-01
-7.527992725372314453e-01
-7.552325129508972168e-01
-7.534956932067871094e-01
-7.454653978347778320e-01
-7.379344701766967773e-01
-7.310414314270019531e-01
-7.236364483833312988e-01
-7.234438657760620117e-01
-7.250943779945373535e-01
-7.267450690269470215e-01
-7.282423973083496094e-01
-7.341445684432983398e-01
-7.398011684417724609e-01
-7.460023760795593262e-01
-7.536274194717407227e-01
-7.600698471069335938e-01
-7.636647224426269531e-01
-7.635912895202636719e-01
-7.610498666763305664e-01
-7.581322193145751953e-01
-7.570846080780029297e-01
-7.632884979248046875e-01
-7.679286003112792969e-01
-7.695337533950805664e-01
-7.709936499595642090e-01
-7.712332010269165039e-01
-7.708162069320678711e-01
-7.672846317291259766e-01
-7.630633711814880371e-01
-7.497299909591674805e-01
-7.378298044204711914e-01
-7.268611192703247070e-01
-7.145286798477172852e-01
-7.038594484329223633e-01
-6.980838775634765625e-01
-6.906418800354003906e-01
-6.799972653388977051e-01
-6.689822077751159668e-01
-6.573095321655273438e-01
-6.445909738540649414e-01
-6.298193335533142090e-01
-6.128466725349426270e-01
-5.930341482162475586e-01
-5.732212662696838379e-01
-5.533619523048400879e-01
-5.353368520736694336e-01
-5.183636546134948730e-01
-5.039397478103637695e-01
-4.953114092350006104e-01
-4.882492721080780029e-01
-4.817164242267608643e-01
-4.722310006618499756e-01
-4.627453982830047607e-01
-4.532603919506072998e-01
-4.437746703624725342e-01
-4.417924284934997559e-01
-4.452561140060424805e-01
-4.476238489151000977e-01
-4.498328864574432373e-01
-4.538769423961639404e-01
-4.580363333225250244e-01
-4.621962010860443115e-01
-4.663556814193725586e-01
-4.705153405666351318e-01
-4.746751487255096436e-01
-4.788342416286468506e-01
-4.829941689968109131e-01
-4.871540367603302002e-01
-4.860640168190002441e-01
-4.745716154575347900e-01
-4.652379155158996582e-01
-7.604281902313232422e-01
-7.623795270919799805e-01
-7.638278007507324219e-01
-7.639440298080444336e-01
-7.602412700653076172e-01
-7.566944360733032227e-01
-7.539181709289550781e-01
-7.522258162498474121e-01
-7.505338191986083984e-01
-7.475769519805908203e-01
-7.349126935005187988e-01
-7.222484350204467773e-01
-7.098833322525024414e-01
-6.976653337478637695e-01
-6.854469776153564453e-01
-6.732288002967834473e-01
-6.610109210014343262e-01
-6.488956212997436523e-01
-6.367828845977783203e-01
-6.326748132705688477e-01
-6.283665299415588379e-01
-6.243856549263000488e-01
-6.219840049743652344e-01
-6.240612864494323730e-01
-6.328572034835815430e-01
-6.389696598052978516e-01
-6.476240158081054688e-01
-6.652082204818725586e-01
-6.859964132308959961e-01
-7.126408219337463379e-01
-7.277438640594482422e-01
-7.397148609161376953e-01
-7.524642348289489746e-01
-7.575657367706298828e-01
-7.574099302291870117e-01
-7.569518089294433594e-01
-7.553954124450683594e-01
-7.531915307044982910e-01
-7.507703304290771484e-01
-7.491147518157958984e-01
-7.520114779472351074e-01
-7.568662166595458984e-01
-7.595553398132324219e-01
-7.607557773590087891e-01
-7.637975215911865234e-01
-7.670518755912780762e-01
-7.686247825622558594e-01
-7.693743705749511719e-01
-7.712348103523254395e-01
-7.731418013572692871e-01
-7.708908319473266602e-01
-7.633358240127563477e-01
-7.551480531692504883e-01
-7.469600439071655273e-01
-7.387722730636596680e-01
-7.335054874420166016e-01
-7.355605363845825195e-01
-7.396713495254516602e-01
-7.425662279129028320e-01
-7.446650266647338867e-01
-7.449890971183776855e-01
-7.376822829246520996e-01
-7.283002138137817383e-01
-7.207714915275573730e-01
-7.146420478820800781e-01
-7.139985561370849609e-01
-7.155355811119079590e-01
-7.171861529350280762e-01
-7.220524549484252930e-01
-7.286687493324279785e-01
-7.345634698867797852e-01
-7.402101755142211914e-01
-7.465410232543945312e-01
-7.518987059593200684e-01
-7.558438777923583984e-01
-7.586752176284790039e-01
-7.588361501693725586e-01
-7.552475929260253906e-01
-7.480916976928710938e-01
-7.430388927459716797e-01
-7.448759078979492188e-01
-7.466160058975219727e-01
-7.472761869430541992e-01
-7.483201026916503906e-01
-7.497265934944152832e-01
-7.502390146255493164e-01
-7.483749389648437500e-01
-7.396283149719238281e-01
-7.298352718353271484e-01
-7.193933129310607910e-01
-7.132203578948974609e-01
-7.085726857185363770e-01
-7.041932344436645508e-01
-6.974219083786010742e-01
-6.868253350257873535e-01
-6.761810779571533203e-01
-6.654940247535705566e-01
-6.535365581512451172e-01
-6.425750255584716797e-01
-6.279227733612060547e-01
-6.092491149902343750e-01
-5.894365310668945312e-01
-5.726917982101440430e-01
-5.577572584152221680e-01
-5.418215990066528320e-01
-5.259376168251037598e-01
-5.163038969039916992e-01
-5.060178637504577637e-01
-4.992813766002655029e-01
-4.930814802646636963e-01
-4.851844012737274170e-01
-4.763732552528381348e-01
-4.675623774528503418e-01
-4.643811881542205811e-01
-4.681545495986938477e-01
-4.719330370426177979e-01
-4.750241339206695557e-01
-4.771560132503509521e-01
-4.802038669586181641e-01
-4.844636023044586182e-01
-4.887230098247528076e-01
-4.929827153682708740e-01
-4.972421824932098389e-01
-5.015020966529846191e-01
-5.057613849639892578e-01
-5.079301595687866211e-01
-5.054621696472167969e-01
-4.928279221057891846e-01
-4.801934063434600830e-01
-7.529137134552001953e-01
-7.535413503646850586e-01
-7.530605792999267578e-01
-7.504961490631103516e-01
-7.486919164657592773e-01
-7.479825019836425781e-01
-7.472730875015258789e-01
-7.465403079986572266e-01
-7.448478937149047852e-01
-7.381959557533264160e-01
-7.255315780639648438e-01
-7.128673791885375977e-01
-7.002029418945312500e-01
-6.875384449958801270e-01
-6.750985383987426758e-01
-6.628805398941040039e-01
-6.506626605987548828e-01
-6.384441852569580078e-01
-6.284388899803161621e-01
-6.240727901458740234e-01
-6.199972629547119141e-01
-6.170966625213623047e-01
-6.159328818321228027e-01
-6.167961359024047852e-01
-6.255922317504882812e-01
-6.364023685455322266e-01
-6.445418596267700195e-01
-6.596999764442443848e-01
-6.762493848800659180e-01
-6.983128786087036133e-01
-7.156780362129211426e-01
-7.292367815971374512e-01
-7.407501935958862305e-01
-7.484520673751831055e-01
-7.497403621673583984e-01
-7.493468523025512695e-01
-7.488882541656494141e-01
-7.490884661674499512e-01
-7.487266659736633301e-01
-7.486857771873474121e-01
-7.505508065223693848e-01
-7.538224458694458008e-01
-7.556151151657104492e-01
-7.584511041641235352e-01
-7.620964646339416504e-01
-7.651701569557189941e-01
-7.678995132446289062e-01
-7.689557671546936035e-01
-7.689366936683654785e-01
-7.668334245681762695e-01
-7.627259492874145508e-01
-7.561064958572387695e-01
-7.479186058044433594e-01
-7.397305965423583984e-01
-7.317999005317687988e-01
-7.251012325286865234e-01
-7.252346277236938477e-01
-7.288681268692016602e-01
-7.325602769851684570e-01
-7.340974807739257812e-01
-7.359598278999328613e-01
-7.306400537490844727e-01
-7.204837203025817871e-01
-7.111348509788513184e-01
-7.048534154891967773e-01
-7.035567760467529297e-01
-7.047321796417236328e-01
-7.071973681449890137e-01
-7.147877216339111328e-01
-7.228303551673889160e-01
-7.282887101173400879e-01
-7.322660684585571289e-01
-7.368478775024414062e-01
-7.422053217887878418e-01
-7.475628256797790527e-01
-7.503540515899658203e-01
-7.501015663146972656e-01
-7.472640872001647949e-01
-7.390034198760986328e-01
-7.264569997787475586e-01
-7.253075242042541504e-01
-7.253558635711669922e-01
-7.253051400184631348e-01
-7.264939546585083008e-01
-7.305336594581604004e-01
-7.368046641349792480e-01
-7.380657196044921875e-01
-7.286781072616577148e-01
-7.201977968215942383e-01
-7.172689437866210938e-01
-7.131417989730834961e-01
-7.098940610885620117e-01
-7.054038643836975098e-01
-6.998420357704162598e-01
-6.915999650955200195e-01
-6.820510029792785645e-01
-6.725019812583923340e-01
-6.631455421447753906e-01
-6.553194522857666016e-01
-6.452729701995849609e-01
-6.301217079162597656e-01
-6.142787933349609375e-01
-6.005375981330871582e-01
-5.851742029190063477e-01
-5.698097944259643555e-01
-5.523610115051269531e-01
-5.365777015686035156e-01
-5.274344682693481445e-01
-5.197373032569885254e-01
-5.143008232116699219e-01
-5.082011818885803223e-01
-5.020023584365844727e-01
-4.934627413749694824e-01
-4.887932837009429932e-01
-4.925255477428436279e-01
-4.963041245937347412e-01
-5.000826120376586914e-01
-5.037105679512023926e-01
-5.058426856994628906e-01
-5.080286264419555664e-01
-5.118761658668518066e-01
-5.161358118057250977e-01
-5.203953981399536133e-01
-5.227607488632202148e-01
-5.247699618339538574e-01
-5.266763567924499512e-01
-5.249820947647094727e-01
-5.123479962348937988e-01
-4.997133910655975342e-01
-7.441818714141845703e-01
-7.427182793617248535e-01
-7.409017086029052734e-01
-7.401928901672363281e-01
-7.394835948944091797e-01
-7.387741804122924805e-01
-7.380647063255310059e-01
-7.373555302619934082e-01
-7.366463541984558105e-01
-7.272819876670837402e-01
-7.156006097793579102e-01
-7.034865021705627441e-01
-6.908218264579772949e-01
-6.781574487686157227e-01
-6.654932498931884766e-01
-6.528286337852478027e-01
-6.403140425682067871e-01
-6.276955604553222656e-01
-6.196428537368774414e-01
-6.165432929992675781e-01
-6.135179996490478516e-01
-6.105540990829467773e-01
-6.098812818527221680e-01
-6.114734411239624023e-01
-6.233235597610473633e-01
-6.351735591888427734e-01
-6.439158916473388672e-01
-6.552264094352722168e-01
-6.717757582664489746e-01
-6.915691494941711426e-01
-7.086282372474670410e-01
-7.188612818717956543e-01
-7.297185063362121582e-01
-7.371540069580078125e-01
-7.407516241073608398e-01
-7.409385442733764648e-01
-7.423002719879150391e-01
-7.444546222686767578e-01
-7.461837530136108398e-01
-7.473723292350769043e-01
-7.471708655357360840e-01
-7.485538721084594727e-01
-7.521310448646545410e-01
-7.553557753562927246e-01
-7.559714913368225098e-01
-7.587295174598693848e-01
-7.610434889793395996e-01
-7.643638253211975098e-01
-7.645770907402038574e-01
-7.605388164520263672e-01
-7.541962265968322754e-01
-7.474373579025268555e-01
-7.406891584396362305e-01
-7.325940132141113281e-01
-7.256413102149963379e-01
-7.195473313331604004e-01
-7.164099812507629395e-01
-7.191314697265625000e-01
-7.222065925598144531e-01
-7.237950563430786133e-01
-7.257875204086303711e-01
-7.230218052864074707e-01
-7.135462164878845215e-01
-7.034845352172851562e-01
-6.961416006088256836e-01
-6.938839554786682129e-01
-6.947509050369262695e-01
-6.970735788345336914e-01
-7.046517729759216309e-01
-7.121720910072326660e-01
-7.189295291900634766e-01
-7.237361669540405273e-01
-7.284405231475830078e-01
-7.343580126762390137e-01
-7.382708191871643066e-01
-7.410172224044799805e-01
-7.421717643737792969e-01
-7.365695238113403320e-01
-7.256159782409667969e-01
-7.136076688766479492e-01
-7.065843343734741211e-01
-7.086318731307983398e-01
-7.102433443069458008e-01
-7.148417830467224121e-01
-7.220467329025268555e-01
-7.300798892974853516e-01
-7.323571443557739258e-01
-7.280703783035278320e-01
-7.270700931549072266e-01
-7.247162461280822754e-01
-7.220346927642822266e-01
-7.190928459167480469e-01
-7.136845588684082031e-01
-7.082383632659912109e-01
-7.015608549118041992e-01
-6.921119689941406250e-01
-6.826627850532531738e-01
-6.740840077400207520e-01
-6.679252982139587402e-01
-6.602566838264465332e-01
-6.511508226394653320e-01
-6.391454339027404785e-01
-6.239016652107238770e-01
-6.077048778533935547e-01
-5.900096893310546875e-01
-5.723139643669128418e-01
-5.546187162399291992e-01
-5.433201193809509277e-01
-5.345978736877441406e-01
-5.293039679527282715e-01
-5.246676206588745117e-01
-5.200312137603759766e-01
-5.153707265853881836e-01
-5.114093422889709473e-01
-5.155212283134460449e-01
-5.197204947471618652e-01
-5.239199995994567871e-01
-5.281190872192382812e-01
-5.320104360580444336e-01
-5.345290899276733398e-01
-5.366607904434204102e-01
-5.375208854675292969e-01
-5.397026538848876953e-01
-5.416092872619628906e-01
-5.435160994529724121e-01
-5.454225540161132812e-01
-5.445024967193603516e-01
-5.318677425384521484e-01
-5.192336440086364746e-01
-7.331125736236572266e-01
-7.324032783508300781e-01
-7.316938042640686035e-01
-7.309845089912414551e-01
-7.302752137184143066e-01
-7.295658588409423828e-01
-7.288563847541809082e-01
-7.281470298767089844e-01
-7.260598540306091309e-01
-7.143785357475280762e-01
-7.026968002319335938e-01
-6.910156011581420898e-01
-6.793345212936401367e-01
-6.676527261734008789e-01
-6.559715270996093750e-01
-6.433525085449218750e-01
-6.301128864288330078e-01
-6.174971461296081543e-01
-6.133047342300415039e-01
-6.101740598678588867e-01
-6.070435643196105957e-01
-6.052645444869995117e-01
-6.077141165733337402e-01
-6.092047691345214844e-01
-6.210548281669616699e-01
-6.329050660133361816e-01
-6.432900428771972656e-01
-6.514294147491455078e-01
-6.673019528388977051e-01
-6.871364712715148926e-01
-7.073044180870056152e-01
-7.161381244659423828e-01
-7.227571010589599609e-01
-7.266960740089416504e-01
-7.317325472831726074e-01
-7.339422106742858887e-01
-7.367245554924011230e-01
-7.394173741340637207e-01
-7.420082092285156250e-01
-7.426649332046508789e-01
-7.437732815742492676e-01
-7.453023195266723633e-01
-7.466105222702026367e-01
-7.467297911643981934e-01
-7.476195096969604492e-01
-7.496901154518127441e-01
-7.517009377479553223e-01
-7.527549266815185547e-01
-7.521421313285827637e-01
-7.505948543548583984e-01
-7.462905645370483398e-01
-7.398281693458557129e-01
-7.323995232582092285e-01
-7.261812686920166016e-01
-7.198178768157958984e-01
-7.152475118637084961e-01
-7.117760181427001953e-01
-7.099053859710693359e-01
-7.118255496025085449e-01
-7.139040231704711914e-01
-7.159910202026367188e-01
-7.158284783363342285e-01
-7.069642543792724609e-01
-6.970062255859375000e-01
-6.896895170211791992e-01
-6.859466433525085449e-01
-6.854913830757141113e-01
-6.888601183891296387e-01
-6.947525739669799805e-01
-7.021640539169311523e-01
-7.101848125457763672e-01
-7.182526588439941406e-01
-7.245789766311645508e-01
-7.286524772644042969e-01
-7.326115965843200684e-01
-7.366309165954589844e-01
-7.340497970581054688e-01
-7.273980379104614258e-01
-7.185932397842407227e-01
-7.068721055984497070e-01
-6.958265304565429688e-01
-6.991160511970520020e-01
-7.089729309082031250e-01
-7.173115015029907227e-01
-7.245165109634399414e-01
-7.333669066429138184e-01
-7.407675981521606445e-01
-7.386097908020019531e-01
-7.390233278274536133e-01
-7.356351017951965332e-01
-7.324079275131225586e-01
-7.279757857322692871e-01
-7.225295901298522949e-01
-7.170834541320800781e-01
-7.116373181343078613e-01
-7.024215459823608398e-01
-6.929725408554077148e-01
-6.851302385330200195e-01
-6.797633171081542969e-01
-6.750294566154479980e-01
-6.723863482475280762e-01
-6.623474359512329102e-01
-6.449782848358154297e-01
-6.272827386856079102e-01
-6.095873117446899414e-01
-5.918920040130615234e-01
-5.741969347000122070e-01
-5.579890012741088867e-01
-5.492668151855468750e-01
-5.418695211410522461e-01
-5.372331142425537109e-01
-5.325967669486999512e-01
-5.279605388641357422e-01
-5.244960188865661621e-01
-5.319794416427612305e-01
-5.382227301597595215e-01
-5.427529811859130859e-01
-5.469524264335632324e-01
-5.511516332626342773e-01
-5.537092089653015137e-01
-5.551398396492004395e-01
-5.554805397987365723e-01
-5.556802749633789062e-01
-5.572298765182495117e-01
-5.595574378967285156e-01
-5.618848204612731934e-01
-5.621586441993713379e-01
-5.499451756477355957e-01
-5.377318859100341797e-01
-7.214773297309875488e-01
-7.218456268310546875e-01
-7.222126722335815430e-01
-7.217763066291809082e-01
-7.210668921470642090e-01
-7.203574776649475098e-01
-7.196483016014099121e-01
-7.189387083053588867e-01
-7.131564617156982422e-01
-7.014750242233276367e-01
-6.897936463356018066e-01
-6.781117320060729980e-01
-6.664306521415710449e-01
-6.546347141265869141e-01
-6.426379084587097168e-01
-6.311463117599487305e-01
-6.199292540550231934e-01
-6.107214093208312988e-01
-6.078591346740722656e-01
-6.042825579643249512e-01
-6.034773588180541992e-01
-6.044923067092895508e-01
-6.066844463348388672e-01
-6.069359183311462402e-01
-6.187862753868103027e-01
-6.306360363960266113e-01
-6.424862742424011230e-01
-6.508036851882934570e-01
-6.636904478073120117e-01
-6.836689114570617676e-01
-7.041267156600952148e-01
-7.143086194992065430e-01
-7.209277153015136719e-01
-7.252364158630371094e-01
-7.287543416023254395e-01
-7.286018729209899902e-01
-7.316209077835083008e-01
-7.348493337631225586e-01
-7.356525659561157227e-01
-7.368167638778686523e-01
-7.391012907028198242e-01
-7.406817674636840820e-01
-7.377926111221313477e-01
-7.370013594627380371e-01
-7.376057505607604980e-01
-7.385237812995910645e-01
-7.386988997459411621e-01
-7.376649379730224609e-01
-7.360536456108093262e-01
-7.352789640426635742e-01
-7.331739068031311035e-01
-7.294455766677856445e-01
-7.248965501785278320e-01
-7.206576466560363770e-01
-7.153824567794799805e-01
-7.124190926551818848e-01
-7.085354328155517578e-01
-7.025513648986816406e-01
-7.040688991546630859e-01
-7.070649862289428711e-01
-7.104864120483398438e-01
-7.133679389953613281e-01
-7.072585225105285645e-01
-6.992681026458740234e-01
-6.918580532073974609e-01
-6.865267157554626465e-01
-6.843705773353576660e-01
-6.886992454528808594e-01
-6.948145031929016113e-01
-7.013379335403442383e-01
-7.090136408805847168e-01
-7.156661748886108398e-01
-7.209020853042602539e-01
-7.260416150093078613e-01
-7.314221262931823730e-01
-7.299920320510864258e-01
-7.251315116882324219e-01
-7.184258699417114258e-01
-7.104234695434570312e-01
-7.025457024574279785e-01
-6.956611871719360352e-01
-6.926883459091186523e-01
-7.044852375984191895e-01
-7.171671390533447266e-01
-7.306463718414306641e-01
-7.459526658058166504e-01
-7.563991546630859375e-01
-7.579065561294555664e-01
-7.532317638397216797e-01
-7.478718161582946777e-01
-7.427501082420349121e-01
-7.368209362030029297e-01
-7.313748002052307129e-01
-7.259285449981689453e-01
-7.204825878143310547e-01
-7.127313017845153809e-01
-7.032823562622070312e-01
-6.962608098983764648e-01
-6.933053135871887207e-01
-6.920618414878845215e-01
-6.877655982971191406e-01
-6.799464225769042969e-01
-6.645560860633850098e-01
-6.468608975410461426e-01
-6.291654706001281738e-01
-6.114701032638549805e-01
-5.937745571136474609e-01
-5.760791897773742676e-01
-5.639355778694152832e-01
-5.552131533622741699e-01
-5.497985482215881348e-01
-5.451624393463134766e-01
-5.405259132385253906e-01
-5.363284945487976074e-01
-5.429482460021972656e-01
-5.508010387420654297e-01
-5.585904121398925781e-01
-5.625414252281188965e-01
-5.657373666763305664e-01
-5.685769915580749512e-01
-5.704298615455627441e-01
-5.720907449722290039e-01
-5.722905397415161133e-01
-5.724905729293823242e-01
-5.728917121887207031e-01
-5.750929713249206543e-01
-5.761411786079406738e-01
-5.639274716377258301e-01
-5.517141222953796387e-01
-7.096880078315734863e-01
-7.095044255256652832e-01
-7.095331549644470215e-01
-7.099008560180664062e-01
-7.102682590484619141e-01
-7.106360197067260742e-01
-7.104396820068359375e-01
-7.097306847572326660e-01
-7.002527713775634766e-01
-6.885713338851928711e-01
-6.768900752067565918e-01
-6.650756597518920898e-01
-6.530780792236328125e-01
-6.412996649742126465e-01
-6.307702660560607910e-01
-6.195528507232666016e-01
-6.083362698554992676e-01
-6.018284559249877930e-01
-6.008933782577514648e-01
-6.013540625572204590e-01
-6.018214225769042969e-01
-6.040363311767578125e-01
-6.058323979377746582e-01
-6.046672463417053223e-01
-6.165172457695007324e-01
-6.283673048019409180e-01
-6.402176022529602051e-01
-6.506410837173461914e-01
-6.613495349884033203e-01
-6.802012920379638672e-01
-7.005920410156250000e-01
-7.124792337417602539e-01
-7.204503417015075684e-01
-7.268346548080444336e-01
-7.313753366470336914e-01
-7.334296703338623047e-01
-7.314035892486572266e-01
-7.285346984863281250e-01
-7.284553050994873047e-01
-7.307250499725341797e-01
-7.337142229080200195e-01
-7.313030958175659180e-01
-7.286567687988281250e-01
-7.263832092285156250e-01
-7.257204055786132812e-01
-7.260891199111938477e-01
-7.256296277046203613e-01
-7.228237390518188477e-01
-7.210781574249267578e-01
-7.207228541374206543e-01
-7.204414606094360352e-01
-7.193447947502136230e-01
-7.194054722785949707e-01
-7.190492153167724609e-01
-7.202504873275756836e-01
-7.205205559730529785e-01
-7.158136367797851562e-01
-7.111757993698120117e-01
-7.078013420104980469e-01
-7.099588513374328613e-01
-7.133252024650573730e-01
-7.167467474937438965e-01
-7.121757268905639648e-01
-7.036167383193969727e-01
-6.958485245704650879e-01
-6.890699863433837891e-01
-6.865395307540893555e-01
-6.902363896369934082e-01
-6.956320405006408691e-01
-7.017331123352050781e-01
-7.056760191917419434e-01
-7.107533216476440430e-01
-7.162554860115051270e-01
-7.222639322280883789e-01
-7.221476435661315918e-01
-7.185336947441101074e-01
-7.137447595596313477e-01
-7.094666957855224609e-01
-7.061042785644531250e-01
-7.027937173843383789e-01
-6.982733607292175293e-01
-6.940935850143432617e-01
-7.003644704818725586e-01
-7.181258201599121094e-01
-7.396780252456665039e-01
-7.618943452835083008e-01
-7.744027376174926758e-01
-7.747795581817626953e-01
-7.694195508956909180e-01
-7.640594244003295898e-01
-7.566571831703186035e-01
-7.484210729598999023e-01
-7.407419085502624512e-01
-7.347739934921264648e-01
-7.293276786804199219e-01
-7.230411767959594727e-01
-7.136305570602416992e-01
-7.097190618515014648e-01
-7.090735435485839844e-01
-7.058416008949279785e-01
-6.995095014572143555e-01
-6.931775212287902832e-01
-6.831115484237670898e-01
-6.664386391639709473e-01
-6.487432718276977539e-01
-6.310476660728454590e-01
-6.133525967597961426e-01
-5.956570506095886230e-01
-5.796918272972106934e-01
-5.698821544647216797e-01
-5.623639822006225586e-01
-5.577277541160583496e-01
-5.530912876129150391e-01
-5.484552383422851562e-01
-5.539170503616333008e-01
-5.603810548782348633e-01
-5.661882162094116211e-01
-5.719954967498779297e-01
-5.769939422607421875e-01
-5.798828601837158203e-01
-5.827720165252685547e-01
-5.856611728668212891e-01
-5.885489583015441895e-01
-5.891005992889404297e-01
-5.893002152442932129e-01
-5.894999504089355469e-01
-5.901232957839965820e-01
-5.779010057449340820e-01
-5.656088590621948242e-01
-6.981673836708068848e-01
-6.979839801788330078e-01
-6.978003978729248047e-01
-6.976168155670166016e-01
-6.975883245468139648e-01
-6.979560852050781250e-01
-6.983238458633422852e-01
-6.971998214721679688e-01
-6.865954399108886719e-01
-6.755151748657226562e-01
-6.635185480117797852e-01
-6.515213251113891602e-01
-6.408597230911254883e-01
-6.303936839103698730e-01
-6.191767454147338867e-01
-6.079595088958740234e-01
-5.972892045974731445e-01
-5.965356230735778809e-01
-5.969966053962707520e-01
-5.974574089050292969e-01
-5.981553196907043457e-01
-6.008093357086181641e-01
-6.031362414360046387e-01
-6.019375324249267578e-01
-6.137710809707641602e-01
-6.264424920082092285e-01
-6.384425163269042969e-01
-6.528714299201965332e-01
-6.634626388549804688e-01
-6.783097982406616211e-01
-6.978475451469421387e-01
-7.138626575469970703e-01
-7.237429618835449219e-01
-7.315641045570373535e-01
-7.365549802780151367e-01
-7.403963804244995117e-01
-7.370961904525756836e-01
-7.315454483032226562e-01
-7.285527586936950684e-01
-7.285437583923339844e-01
-7.280026674270629883e-01
-7.252539396286010742e-01
-7.231727838516235352e-01
-7.213976979255676270e-01
-7.191027402877807617e-01
-7.187919020652770996e-01
-7.182733416557312012e-01
-7.173773050308227539e-01
-7.160764932632446289e-01
-7.150133252143859863e-01
-7.150816917419433594e-01
-7.152823209762573242e-01
-7.162624001502990723e-01
-7.190570831298828125e-01
-7.239262461662292480e-01
-7.269935011863708496e-01
-7.244099378585815430e-01
-7.201829552650451660e-01
-7.137115001678466797e-01
-7.133009433746337891e-01
-7.151515483856201172e-01
-7.173715829849243164e-01
-7.156335115432739258e-01
-7.068759799003601074e-01
-6.981943249702453613e-01
-6.911288499832153320e-01
-6.906803250312805176e-01
-6.934366822242736816e-01
-6.963406205177307129e-01
-6.990634202957153320e-01
-7.025846838951110840e-01
-7.065426111221313477e-01
-7.116091251373291016e-01
-7.112257480621337891e-01
-7.095382809638977051e-01
-7.058965563774108887e-01
-7.041311860084533691e-01
-7.039160132408142090e-01
-7.037009000778198242e-01
-7.019748687744140625e-01
-6.996886730194091797e-01
-6.992168426513671875e-01
-7.065249681472778320e-01
-7.260048389434814453e-01
-7.491046190261840820e-01
-7.732595205307006836e-01
-7.888743877410888672e-01
-7.903473377227783203e-01
-7.856072187423706055e-01
-7.795528173446655273e-01
-7.713168263435363770e-01
-7.630805969238281250e-01
-7.548445463180541992e-01
-7.473632097244262695e-01
-7.399452924728393555e-01
-7.327834963798522949e-01
-7.263273000717163086e-01
-7.240331768989562988e-01
-7.215874791145324707e-01
-7.172507643699645996e-01
-7.112535238265991211e-01
-7.049213647842407227e-01
-6.981691122055053711e-01
-6.849955916404724121e-01
-6.683211326599121094e-01
-6.506256461143493652e-01
-6.329303383827209473e-01
-6.152348518371582031e-01
-5.975397229194641113e-01
-5.845509767532348633e-01
-5.758289098739624023e-01
-5.702931880950927734e-01
-5.656567811965942383e-01
-5.597580075263977051e-01
-5.615769624710083008e-01
-5.673844814300537109e-01
-5.731915235519409180e-01
-5.787366032600402832e-01
-5.842365026473999023e-01
-5.897368788719177246e-01
-5.937119722366333008e-01
-5.965225100517272949e-01
-5.993326902389526367e-01
-6.021430492401123047e-01
-6.041954159736633301e-01
-6.053589582443237305e-01
-6.058332324028015137e-01
-5.917541980743408203e-01
-5.790436267852783203e-01
-6.866466403007507324e-01
-6.864633560180664062e-01
-6.862797141075134277e-01
-6.860961914062500000e-01
-6.859126091003417969e-01
-6.857289075851440430e-01
-6.856441497802734375e-01
-6.807162165641784668e-01
-6.698958873748779297e-01
-6.590757966041564941e-01
-6.491091251373291016e-01
-6.398875713348388672e-01
-6.305800080299377441e-01
-6.194629669189453125e-01
-6.083459258079528809e-01
-5.997172594070434570e-01
-5.931404829025268555e-01
-5.937010049819946289e-01
-5.942615866661071777e-01
-5.948222875595092773e-01
-5.961748361587524414e-01
-5.990438461303710938e-01
-6.012364029884338379e-01
-6.000376343727111816e-01
-6.106108427047729492e-01
-6.236577033996582031e-01
-6.391088366508483887e-01
-6.552459597587585449e-01
-6.687113642692565918e-01
-6.818695068359375000e-01
-7.027282714843750000e-01
-7.217869162559509277e-01
-7.341450452804565430e-01
-7.431089878082275391e-01
-7.486550807952880859e-01
-7.516829371452331543e-01
-7.481901049613952637e-01
-7.430833578109741211e-01
-7.400512695312500000e-01
-7.357242107391357422e-01
-7.296423912048339844e-01
-7.240371704101562500e-01
-7.219946384429931641e-01
-7.203105688095092773e-01
-7.179660797119140625e-01
-7.133674621582031250e-01
-7.124918699264526367e-01
-7.122173309326171875e-01
-7.113212943077087402e-01
-7.108261585235595703e-01
-7.111063599586486816e-01
-7.114754915237426758e-01
-7.136595845222473145e-01
-7.178006172180175781e-01
-7.235221266746520996e-01
-7.265658378601074219e-01
-7.278763055801391602e-01
-7.259346842765808105e-01
-7.200937271118164062e-01
-7.150875329971313477e-01
-7.158263325691223145e-01
-7.172965407371520996e-01
-7.160633802413940430e-01
-7.092218399047851562e-01
-7.005402445793151855e-01
-6.931877136230468750e-01
-6.948211193084716797e-01
-6.957315206527709961e-01
-6.959223747253417969e-01
-6.971201300621032715e-01
-6.999549865722656250e-01
-7.034623622894287109e-01
-7.016559243202209473e-01
-6.980524659156799316e-01
-6.968376636505126953e-01
-6.986889839172363281e-01
-6.991819143295288086e-01
-6.991520524024963379e-01
-6.991970539093017578e-01
-6.998524665832519531e-01
-7.031033635139465332e-01
-7.107617855072021484e-01
-7.217962741851806641e-01
-7.353565096855163574e-01
-7.596778869628906250e-01
-7.850925922393798828e-01
-7.958863973617553711e-01
-8.005385994911193848e-01
-7.996221184730529785e-01
-7.940700054168701172e-01
-7.859764099121093750e-01
-7.777402400970458984e-01
-7.695041894912719727e-01
-7.614026665687561035e-01
-7.539846301078796387e-01
-7.476364970207214355e-01
-7.420154809951782227e-01
-7.375981807708740234e-01
-7.327071428298950195e-01
-7.282622456550598145e-01
-7.229975461959838867e-01
-7.166653275489807129e-01
-7.103333473205566406e-01
-7.020581960678100586e-01
-6.866717934608459473e-01
-6.700046658515930176e-01
-6.525082588195800781e-01
-6.348127722740173340e-01
-6.171175241470336914e-01
-6.014010310173034668e-01
-5.904976129531860352e-01
-5.817224979400634766e-01
-5.750404596328735352e-01
-5.683580636978149414e-01
-5.685038566589355469e-01
-5.741426944732666016e-01
-5.795637369155883789e-01
-5.849852561950683594e-01
-5.904062986373901367e-01
-5.958273410797119141e-01
-6.012486219406127930e-01
-6.066280603408813477e-01
-6.097281575202941895e-01
-6.125383973121643066e-01
-6.153488159179687500e-01
-6.179380416870117188e-01
-6.191021203994750977e-01
-6.067652702331542969e-01
-5.933878421783447266e-01
-6.760067343711853027e-01
-6.759232282638549805e-01
-6.758397221565246582e-01
-6.757559776306152344e-01
-6.756724119186401367e-01
-6.753989458084106445e-01
-6.749997138977050781e-01
-6.657181978225708008e-01
-6.547597646713256836e-01
-6.455383896827697754e-01
-6.363171339035034180e-01
-6.270955204963684082e-01
-6.171157956123352051e-01
-6.085292696952819824e-01
-6.022182703018188477e-01
-5.959070920944213867e-01
-5.928624868392944336e-01
-5.940976142883300781e-01
-5.953329205513000488e-01
-5.965708494186401367e-01
-5.992650985717773438e-01
-6.028087139129638672e-01
-6.054845452308654785e-01
-6.049602031707763672e-01
-6.150936484336853027e-01
-6.298864483833312988e-01
-6.456966996192932129e-01
-6.616790890693664551e-01
-6.783961057662963867e-01
-6.934242844581604004e-01
-7.109570503234863281e-01
-7.313176393508911133e-01
-7.466973662376403809e-01
-7.567977309226989746e-01
-7.607682943344116211e-01
-7.625166177749633789e-01
-7.619881033897399902e-01
-7.581648230552673340e-01
-7.525473237037658691e-01
-7.450359463691711426e-01
-7.377023100852966309e-01
-7.313250899314880371e-01
-7.253935337066650391e-01
-7.195159196853637695e-01
-7.154804468154907227e-01
-7.101858258247375488e-01
-7.061159610748291016e-01
-7.056977152824401855e-01
-7.054468393325805664e-01
-7.056539058685302734e-01
-7.065413594245910645e-01
-7.077500820159912109e-01
-7.118628025054931641e-01
-7.173966765403747559e-01
-7.230575084686279297e-01
-7.245686650276184082e-01
-7.253407835960388184e-01
-7.245373725891113281e-01
-7.206489443778991699e-01
-7.150101661682128906e-01
-7.132079601287841797e-01
-7.158794403076171875e-01
-7.161186933517456055e-01
-7.115676999092102051e-01
-7.028862237930297852e-01
-6.960153579711914062e-01
-6.962060928344726562e-01
-6.963969469070434570e-01
-6.965876221656799316e-01
-6.967782974243164062e-01
-6.980094313621520996e-01
-6.954367756843566895e-01
-6.914961338043212891e-01
-6.895670294761657715e-01
-6.897096037864685059e-01
-6.917921304702758789e-01
-6.937174797058105469e-01
-6.950170993804931641e-01
-6.961551904678344727e-01
-7.025011181831359863e-01
-7.131245136260986328e-01
-7.239016294479370117e-01
-7.348997592926025391e-01
-7.505106925964355469e-01
-7.717585563659667969e-01
-7.942804098129272461e-01
-8.021597862243652344e-01
-8.082923889160156250e-01
-8.092707991600036621e-01
-8.049448728561401367e-01
-7.989706993103027344e-01
-7.923998236656188965e-01
-7.841638326644897461e-01
-7.756967544555664062e-01
-7.675372362136840820e-01
-7.632021903991699219e-01
-7.597066760063171387e-01
-7.544089555740356445e-01
-7.479924559593200684e-01
-7.415758371353149414e-01
-7.350715398788452148e-01
-7.284095287322998047e-01
-7.220772504806518555e-01
-7.157451510429382324e-01
-7.044422030448913574e-01
-6.882258653640747070e-01
-6.715589761734008789e-01
-6.543192863464355469e-01
-6.365451216697692871e-01
-6.177861690521240234e-01
-6.022208929061889648e-01
-5.909550189971923828e-01
-5.831738710403442383e-01
-5.764124393463134766e-01
-5.747501850128173828e-01
-5.801571607589721680e-01
-5.855787992477416992e-01
-5.909996032714843750e-01
-5.964208245277404785e-01
-6.018423438072204590e-01
-6.072632074356079102e-01
-6.126844882965087891e-01
-6.181057691574096680e-01
-6.229338049888610840e-01
-6.257444620132446289e-01
-6.285542249679565430e-01
-6.313645243644714355e-01
-6.201182603836059570e-01
-6.067407727241516113e-01
-6.660041809082031250e-01
-6.659204363822937012e-01
-6.659967899322509766e-01
-6.663788557052612305e-01
-6.666543483734130859e-01
-6.669294238090515137e-01
-6.655995845794677734e-01
-6.563900709152221680e-01
-6.472920179367065430e-01
-6.381938457489013672e-01
-6.290962696075439453e-01
-6.201028227806091309e-01
-6.137918233871459961e-01
-6.074807643890380859e-01
-6.011697053909301758e-01
-5.948584675788879395e-01
-5.954329371452331543e-01
-5.977450609207153320e-01
-6.000574827194213867e-01
-6.018171310424804688e-01
-6.050575971603393555e-01
-6.086008548736572266e-01
-6.110861897468566895e-01
-6.105622053146362305e-01
-6.211223602294921875e-01
-6.366113424301147461e-01
-6.541712880134582520e-01
-6.730602979660034180e-01
-6.922022700309753418e-01
-7.081524133682250977e-01
-7.208468914031982422e-01
-7.418062686920166016e-01
-7.596689462661743164e-01
-7.692142724990844727e-01
-7.718232870101928711e-01
-7.746426463127136230e-01
-7.767974734306335449e-01
-7.703945636749267578e-01
-7.628791332244873047e-01
-7.542669773101806641e-01
-7.453172206878662109e-01
-7.383840084075927734e-01
-7.328006029129028320e-01
-7.259235978126525879e-01
-7.161390185356140137e-01
-7.070171833038330078e-01
-7.024352550506591797e-01
-6.991544365882873535e-01
-6.991971731185913086e-01
-7.002299427986145020e-01
-7.016197443008422852e-01
-7.040784955024719238e-01
-7.093915939331054688e-01
-7.161878347396850586e-01
-7.206003665924072266e-01
-7.208305597305297852e-01
-7.213748693466186523e-01
-7.200100421905517578e-01
-7.173339724540710449e-01
-7.121564745903015137e-01
-7.064386606216430664e-01
-7.081311941146850586e-01
-7.130535244941711426e-01
-7.135826945304870605e-01
-7.041319012641906738e-01
-6.966805458068847656e-01
-6.968715190887451172e-01
-6.970621943473815918e-01
-6.972528696060180664e-01
-6.975712180137634277e-01
-6.933045387268066406e-01
-6.892468929290771484e-01
-6.866987943649291992e-01
-6.847902536392211914e-01
-6.833603382110595703e-01
-6.852381229400634766e-01
-6.882255077362060547e-01
-6.923213005065917969e-01
-7.003046870231628418e-01
-7.121180295944213867e-01
-7.246863842010498047e-01
-7.368490695953369141e-01
-7.484086751937866211e-01
-7.650924324989318848e-01
-7.833914160728454590e-01
-8.004571795463562012e-01
-8.081712126731872559e-01
-8.145656585693359375e-01
-8.163075447082519531e-01
-8.132265806198120117e-01
-8.089882731437683105e-01
-8.037724494934082031e-01
-7.959806323051452637e-01
-7.885625362396240234e-01
-7.832478284835815430e-01
-7.787679433822631836e-01
-7.760159969329833984e-01
-7.706148624420166016e-01
-7.641983032226562500e-01
-7.577814459800720215e-01
-7.512987256050109863e-01
-7.435607910156250000e-01
-7.351776957511901855e-01
-7.271861433982849121e-01
-7.198080420494079590e-01
-7.059857845306396484e-01
-6.892400383949279785e-01
-6.716105341911315918e-01
-6.526457071304321289e-01
-6.328255534172058105e-01
-6.152330040931701660e-01
-6.011106967926025391e-01
-5.911753177642822266e-01
-5.841072201728820801e-01
-5.808059573173522949e-01
-5.861718654632568359e-01
-5.915933847427368164e-01
-5.970142483711242676e-01
-6.024358272552490234e-01
-6.078568696975708008e-01
-6.132779121398925781e-01
-6.186993122100830078e-01
-6.241205334663391113e-01
-6.295418739318847656e-01
-6.349632143974304199e-01
-6.389501094818115234e-01
-6.417600512504577637e-01
-6.326175332069396973e-01
-6.200939416885375977e-01
-6.623142957687377930e-01
-6.626770496368408203e-01
-6.629524230957031250e-01
-6.632282733917236328e-01
-6.635029315948486328e-01
-6.647834181785583496e-01
-6.613570451736450195e-01
-6.522592902183532715e-01
-6.431610584259033203e-01
-6.340628862380981445e-01
-6.265397071838378906e-01
-6.196774840354919434e-01
-6.128153204917907715e-01
-6.064321994781494141e-01
-6.001214385032653809e-01
-5.947724580764770508e-01
-5.970842838287353516e-01
-5.993966460227966309e-01
-6.017087697982788086e-01
-6.045137643814086914e-01
-6.095502376556396484e-01
-6.147307157516479492e-01
-6.182254552841186523e-01
-6.195516586303710938e-01
-6.318763494491577148e-01
-6.498910784721374512e-01
-6.693286299705505371e-01
-6.888436079025268555e-01
-7.079855203628540039e-01
-7.246587276458740234e-01
-7.349195480346679688e-01
-7.537443637847900391e-01
-7.700697779655456543e-01
-7.785033583641052246e-01
-7.809731364250183105e-01
-7.836591005325317383e-01
-7.833381891250610352e-01
-7.780163884162902832e-01
-7.706508636474609375e-01
-7.624562382698059082e-01
-7.538599967956542969e-01
-7.461087107658386230e-01
-7.398117780685424805e-01
-7.306989431381225586e-01
-7.215052843093872070e-01
-7.119722962379455566e-01
-7.026656270027160645e-01
-6.954657435417175293e-01
-6.935191154479980469e-01
-6.949977874755859375e-01
-6.976869106292724609e-01
-7.007561922073364258e-01
-7.052388787269592285e-01
-7.110844254493713379e-01
-7.142800688743591309e-01
-7.159767150878906250e-01
-7.168840765953063965e-01
-7.138993740081787109e-01
-7.109147906303405762e-01
-7.079299688339233398e-01
-7.026240825653076172e-01
-7.000382542610168457e-01
-7.053384780883789062e-01
-7.044332623481750488e-01
-6.990251541137695312e-01
-6.964086890220642090e-01
-6.975365877151489258e-01
-6.977490782737731934e-01
-6.985912322998046875e-01
-6.964604854583740234e-01
-6.923391819000244141e-01
-6.871421933174133301e-01
-6.830520629882812500e-01
-6.805973052978515625e-01
-6.795793771743774414e-01
-6.802101135253906250e-01
-6.855650544166564941e-01
-6.958323121070861816e-01
-7.098912000656127930e-01
-7.231673002243041992e-01
-7.363169193267822266e-01
-7.496678829193115234e-01
-7.637585401535034180e-01
-7.793842554092407227e-01
-7.940744161605834961e-01
-8.047109246253967285e-01
-8.119955062866210938e-01
-8.181192874908447266e-01
-8.215525150299072266e-01
-8.205677270889282227e-01
-8.164415359497070312e-01
-8.098925352096557617e-01
-8.050113320350646973e-01
-8.017653226852416992e-01
-7.986427545547485352e-01
-7.942050695419311523e-01
-7.904592752456665039e-01
-7.864438295364379883e-01
-7.799479365348815918e-01
-7.734525203704833984e-01
-7.669569253921508789e-01
-7.599516510963439941e-01
-7.515685558319091797e-01
-7.431858777999877930e-01
-7.348029613494873047e-01
-7.224533557891845703e-01
-7.041103839874267578e-01
-6.853185892105102539e-01
-6.665267944335937500e-01
-6.477349400520324707e-01
-6.282448172569274902e-01
-6.125941872596740723e-01
-5.999274253845214844e-01
-5.917185544967651367e-01
-5.868616104125976562e-01
-5.921865701675415039e-01
-5.976080894470214844e-01
-6.030288934707641602e-01
-6.084506511688232422e-01
-6.138715147972106934e-01
-6.192926168441772461e-01
-6.247138977050781250e-01
-6.301351189613342285e-01
-6.355562806129455566e-01
-6.409777402877807617e-01
-6.463988423347473145e-01
-6.517996788024902344e-01
-6.437867879867553711e-01
-6.320558786392211914e-01
-6.592509150505065918e-01
-6.595259308815002441e-01
-6.598011255264282227e-01
-6.605998277664184570e-01
-6.624741554260253906e-01
-6.643477678298950195e-01
-6.572263240814208984e-01
-6.481280326843261719e-01
-6.401224136352539062e-01
-6.335124969482421875e-01
-6.266506910324096680e-01
-6.197882294654846191e-01
-6.129258871078491211e-01
-6.060911417007446289e-01
-5.997887849807739258e-01
-5.975711345672607422e-01
-6.004428267478942871e-01
-6.033148765563964844e-01
-6.062701940536499023e-01
-6.103996038436889648e-01
-6.156747341156005859e-01
-6.212508082389831543e-01
-6.264800429344177246e-01
-6.316085457801818848e-01
-6.455153226852416992e-01
-6.658119559288024902e-01
-6.852912306785583496e-01
-7.046270370483398438e-01
-7.237689495086669922e-01
-7.407140731811523438e-01
-7.509020566940307617e-01
-7.641350030899047852e-01
-7.779964804649353027e-01
-7.887122631072998047e-01
-7.901581525802612305e-01
-7.894507646560668945e-01
-7.862623929977416992e-01
-7.833003401756286621e-01
-7.750432491302490234e-01
-7.667863368988037109e-01
-7.598659992218017578e-01
-7.529883980751037598e-01
-7.441190481185913086e-01
-7.354670763015747070e-01
-7.267754673957824707e-01
-7.173384428024291992e-01
-7.078052759170532227e-01
-7.005832195281982422e-01
-6.944830417633056641e-01
-6.904498338699340820e-01
-6.936647295951843262e-01
-6.967479586601257324e-01
-7.003617286682128906e-01
-7.048851847648620605e-01
-7.069336175918579102e-01
-7.081212401390075684e-01
-7.083411812782287598e-01
-7.065086960792541504e-01
-7.044956088066101074e-01
-7.015106081962585449e-01
-6.986298561096191406e-01
-6.930903792381286621e-01
-6.937488317489624023e-01
-6.935927867889404297e-01
-6.898245215415954590e-01
-6.887471079826354980e-01
-6.934785246849060059e-01
-6.987595558166503906e-01
-7.006531953811645508e-01
-6.965048909187316895e-01
-6.913079619407653809e-01
-6.861111521720886230e-01
-6.815516948699951172e-01
-6.783997416496276855e-01
-6.771981716156005859e-01
-6.814242005348205566e-01
-6.909056901931762695e-01
-7.042579650878906250e-01
-7.191239595413208008e-01
-7.342570424079895020e-01
-7.483156919479370117e-01
-7.628645896911621094e-01
-7.794160842895507812e-01
-7.919529676437377930e-01
-8.036500215530395508e-01
-8.120850324630737305e-01
-8.157643079757690430e-01
-8.202809095382690430e-01
-8.245044946670532227e-01
-8.229807019233703613e-01
-8.185930848121643066e-01
-8.157546520233154297e-01
-8.143665790557861328e-01
-8.127551674842834473e-01
-8.105298280715942383e-01
-8.061656951904296875e-01
-8.044629096984863281e-01
-8.020283579826354980e-01
-7.956063747406005859e-01
-7.891106605529785156e-01
-7.826151847839355469e-01
-7.761197090148925781e-01
-7.679593563079833984e-01
-7.589454650878906250e-01
-7.485165596008300781e-01
-7.374544143676757812e-01
-7.214355468750000000e-01
-7.011368870735168457e-01
-6.804233789443969727e-01
-6.614304780960083008e-01
-6.423318386077880859e-01
-6.251648068428039551e-01
-6.096419095993041992e-01
-5.993300676345825195e-01
-5.931416749954223633e-01
-5.982012152671813965e-01
-6.036221981048583984e-01
-6.090435981750488281e-01
-6.144647002220153809e-01
-6.198861002922058105e-01
-6.253074407577514648e-01
-6.307283639907836914e-01
-6.361495852470397949e-01
-6.415708065032958984e-01
-6.469923853874206543e-01
-6.524128913879394531e-01
-6.578345298767089844e-01
-6.528503298759460449e-01
-6.432250738143920898e-01
-6.560997366905212402e-01
-6.564160585403442383e-01
-6.582902669906616211e-01
-6.601642370223999023e-01
-6.620379686355590820e-01
-6.621928811073303223e-01
-6.530950069427490234e-01
-6.472297310829162598e-01
-6.412436962127685547e-01
-6.349416375160217285e-01
-6.286391019821166992e-01
-6.223369240760803223e-01
-6.160347461700439453e-01
-6.098033189773559570e-01
-6.035952568054199219e-01
-6.037495732307434082e-01
-6.061654686927795410e-01
-6.089460253715515137e-01
-6.119361519813537598e-01
-6.171252727508544922e-01
-6.232289075851440430e-01
-6.294575929641723633e-01
-6.375374794006347656e-01
-6.442971825599670410e-01
-6.582482457160949707e-01
-6.787425279617309570e-01
-6.992370486259460449e-01
-7.192901968955993652e-01
-7.395091056823730469e-01
-7.556725740432739258e-01
-7.662806510925292969e-01
-7.738462686538696289e-01
-7.858325242996215820e-01
-7.977169752120971680e-01
-7.968271970748901367e-01
-7.926849126815795898e-01
-7.894254326820373535e-01
-7.871493101119995117e-01
-7.793729305267333984e-01
-7.714926600456237793e-01
-7.645557522773742676e-01
-7.567113637924194336e-01
-7.467032074928283691e-01
-7.374798059463500977e-01
-7.291885614395141602e-01
-7.213327288627624512e-01
-7.132587432861328125e-01
-7.066213488578796387e-01
-7.002414464950561523e-01
-6.952942013740539551e-01
-6.933356523513793945e-01
-6.926540732383728027e-01
-6.957994699478149414e-01
-6.977442502975463867e-01
-6.975188851356506348e-01
-6.984925270080566406e-01
-6.984485983848571777e-01
-6.972612738609313965e-01
-6.958740353584289551e-01
-6.943959593772888184e-01
-6.908425092697143555e-01
-6.862784624099731445e-01
-6.823019981384277344e-01
-6.820950508117675781e-01
-6.826684474945068359e-01
-6.829499602317810059e-01
-6.901475787162780762e-01
-6.947338581085205078e-01
-6.944574117660522461e-01
-6.921107172966003418e-01
-6.895783543586730957e-01
-6.862643361091613770e-01
-6.819722652435302734e-01
-6.792266368865966797e-01
-6.824167966842651367e-01
-6.894869804382324219e-01
-7.004767656326293945e-01
-7.137985229492187500e-01
-7.288342714309692383e-01
-7.444326877593994141e-01
-7.600061893463134766e-01
-7.772364616394042969e-01
-7.929112911224365234e-01
-8.027513027191162109e-01
-8.121686577796936035e-01
-8.192356824874877930e-01
-8.178653120994567871e-01
-8.206453323364257812e-01
-8.225370645523071289e-01
-8.226674199104309082e-01
-8.205404281616210938e-01
-8.214059472084045410e-01
-8.221571445465087891e-01
-8.219244480133056641e-01
-8.199959397315979004e-01
-8.166469931602478027e-01
-8.154659867286682129e-01
-8.145899772644042969e-01
-8.112647533416748047e-01
-8.047690987586975098e-01
-7.982735633850097656e-01
-7.912732958793640137e-01
-7.817991971969604492e-01
-7.713702917098999023e-01
-7.609416246414184570e-01
-7.505128383636474609e-01
-7.377237081527709961e-01
-7.200387716293334961e-01
-6.991286873817443848e-01
-6.780581474304199219e-01
-6.569874286651611328e-01
-6.369235515594482422e-01
-6.219632625579833984e-01
-6.082029342651367188e-01
-6.000198125839233398e-01
-6.042156219482421875e-01
-6.096370816230773926e-01
-6.150584220886230469e-01
-6.204792261123657227e-01
-6.259006261825561523e-01
-6.313219666481018066e-01
-6.367430686950683594e-01
-6.421645879745483398e-01
-6.475856304168701172e-01
-6.530069708824157715e-01
-6.584282517433166504e-01
-6.638493537902832031e-01
-6.596390008926391602e-01
-6.505188941955566406e-01
-6.548092961311340332e-01
-6.569442749023437500e-01
-6.592695116996765137e-01
-6.615947484970092773e-01
-6.639198064804077148e-01
-6.627526283264160156e-01
-6.571602225303649902e-01
-6.511876583099365234e-01
-6.449426412582397461e-01
-6.387349367141723633e-01
-6.325276494026184082e-01
-6.263202428817749023e-01
-6.201125383377075195e-01
-6.139049530029296875e-01
-6.081361174583435059e-01
-6.105514764785766602e-01
-6.129670143127441406e-01
-6.159088015556335449e-01
-6.194545030593872070e-01
-6.252065896987915039e-01
-6.313109397888183594e-01
-6.412200927734375000e-01
-6.506678462028503418e-01
-6.580533981323242188e-01
-6.709815263748168945e-01
-6.914759278297424316e-01
-7.118047475814819336e-01
-7.316017150878906250e-01
-7.509986162185668945e-01
-7.669570446014404297e-01
-7.775058746337890625e-01
-7.851703763008117676e-01
-7.927722334861755371e-01
-8.032245039939880371e-01
-7.994011044502258301e-01
-7.950015068054199219e-01
-7.924128770828247070e-01
-7.901924848556518555e-01
-7.843764424324035645e-01
-7.766211032867431641e-01
-7.685800790786743164e-01
-7.589328289031982422e-01
-7.497447729110717773e-01
-7.403472661972045898e-01
-7.310776114463806152e-01
-7.230373620986938477e-01
-7.153813838958740234e-01
-7.080190181732177734e-01
-7.034443616867065430e-01
-7.006942033767700195e-01
-6.993554830551147461e-01
-6.963999271392822266e-01
-6.942589879035949707e-01
-6.900407671928405762e-01
-6.887778043746948242e-01
-6.889395713806152344e-01
-6.882582306861877441e-01
-6.873312592506408691e-01
-6.862750053405761719e-01
-6.825221776962280273e-01
-6.786573529243469238e-01
-6.758787631988525391e-01
-6.739404797554016113e-01
-6.721010208129882812e-01
-6.782323718070983887e-01
-6.833898425102233887e-01
-6.859942674636840820e-01
-6.851050257682800293e-01
-6.833798289299011230e-01
-6.842966079711914062e-01
-6.836101412773132324e-01
-6.821683049201965332e-01
-6.835542917251586914e-01
-6.879907846450805664e-01
-6.934914588928222656e-01
-7.001039981842041016e-01
-7.113043069839477539e-01
-7.247946262359619141e-01
-7.388200163841247559e-01
-7.538003921508789062e-01
-7.723096609115600586e-01
-7.905634045600891113e-01
-8.035154342651367188e-01
-8.122384548187255859e-01
-8.211398720741271973e-01
-8.251099586486816406e-01
-8.206260204315185547e-01
-8.168367743492126465e-01
-8.204997777938842773e-01
-8.234057426452636719e-01
-8.259156942367553711e-01
-8.267815113067626953e-01
-8.276472091674804688e-01
-8.283414840698242188e-01
-8.262813091278076172e-01
-8.247973918914794922e-01
-8.259108066558837891e-01
-8.253469467163085938e-01
-8.235369920730590820e-01
-8.187928199768066406e-01
-8.115072846412658691e-01
-8.029659986495971680e-01
-7.942243814468383789e-01
-7.837955355644226074e-01
-7.733665704727172852e-01
-7.629379630088806152e-01
-7.519256472587585449e-01
-7.371969819068908691e-01
-7.175897359848022461e-01
-6.965191960334777832e-01
-6.754485964775085449e-01
-6.543781757354736328e-01
-6.360327601432800293e-01
-6.193343400955200195e-01
-6.074844598770141602e-01
-6.102303266525268555e-01
-6.156514883041381836e-01
-6.210727691650390625e-01
-6.264941096305847168e-01
-6.319153308868408203e-01
-6.373367309570312500e-01
-6.427577137947082520e-01
-6.481790542602539062e-01
-6.536003351211547852e-01
-6.590216159820556641e-01
-6.644427776336669922e-01
-6.698642969131469727e-01
-6.664271950721740723e-01
-6.573073863983154297e-01
-6.584165096282958984e-01
-6.607421636581420898e-01
-6.630672216415405273e-01
-6.662461757659912109e-01
-6.717158555984497070e-01
-6.680853962898254395e-01
-6.622135639190673828e-01
-6.558977365493774414e-01
-6.495814323425292969e-01
-6.432650089263916016e-01
-6.369490623474121094e-01
-6.306326389312744141e-01
-6.243164539337158203e-01
-6.180068254470825195e-01
-6.149379014968872070e-01
-6.179920434951782227e-01
-6.212358474731445312e-01
-6.244794130325317383e-01
-6.285865306854248047e-01
-6.346555352210998535e-01
-6.438294649124145508e-01
-6.549831628799438477e-01
-6.644238829612731934e-01
-6.718090772628784180e-01
-6.837143898010253906e-01
-7.042092084884643555e-01
-7.243583202362060547e-01
-7.441065311431884766e-01
-7.614400386810302734e-01
-7.743607759475708008e-01
-7.847449779510498047e-01
-7.919515371322631836e-01
-7.956372499465942383e-01
-8.019541501998901367e-01
-8.011163473129272461e-01
-7.974277734756469727e-01
-7.954001426696777344e-01
-7.931798100471496582e-01
-7.896346449851989746e-01
-7.820114493370056152e-01
-7.715498208999633789e-01
-7.616224884986877441e-01
-7.524366378784179688e-01
-7.433890104293823242e-01
-7.334402203559875488e-01
-7.238498926162719727e-01
-7.158245444297790527e-01
-7.090344429016113281e-01
-7.057175636291503906e-01
-7.043012380599975586e-01
-7.020186185836791992e-01
-6.976705789566040039e-01
-6.954128146171569824e-01
-6.904665231704711914e-01
-6.850055456161499023e-01
-6.801726222038269043e-01
-6.785836815834045410e-01
-6.763619184494018555e-01
-6.726092696189880371e-01
-6.688562035560607910e-01
-6.651445031166076660e-01
-6.642148494720458984e-01
-6.657410264015197754e-01
-6.685001850128173828e-01
-6.782619357109069824e-01
-6.798831224441528320e-01
-6.773688793182373047e-01
-6.756560802459716797e-01
-6.744724512100219727e-01
-6.740550398826599121e-01
-6.745784282684326172e-01
-6.803473830223083496e-01
-6.871336698532104492e-01
-6.953896880149841309e-01
-7.035095095634460449e-01
-7.121369242668151855e-01
-7.231096029281616211e-01
-7.362778186798095703e-01
-7.497541904449462891e-01
-7.660422921180725098e-01
-7.842511534690856934e-01
-8.013734817504882812e-01
-8.123022317886352539e-01
-8.215925693511962891e-01
-8.273161649703979492e-01
-8.260750174522399902e-01
-8.218451738357543945e-01
-8.170957565307617188e-01
-8.183710575103759766e-01
-8.271806836128234863e-01
-8.312916159629821777e-01
-8.321572542190551758e-01
-8.331243991851806641e-01
-8.323814868927001953e-01
-8.315540552139282227e-01
-8.309999704360961914e-01
-8.325173854827880859e-01
-8.337830305099487305e-01
-8.329300880432128906e-01
-8.267339468002319336e-01
-8.203220963478088379e-01
-8.139101862907409668e-01
-8.061171770095825195e-01
-7.962207794189453125e-01
-7.857918739318847656e-01
-7.752550840377807617e-01
-7.645191550254821777e-01
-7.516211271286010742e-01
-7.355444431304931641e-01
-7.149803638458251953e-01
-6.939097046852111816e-01
-6.728390455245971680e-01
-6.524410843849182129e-01
-6.357253789901733398e-01
-6.199277639389038086e-01
-6.181632280349731445e-01
-6.218033432960510254e-01
-6.270876526832580566e-01
-6.325083971023559570e-01
-6.379299759864807129e-01
-6.433510780334472656e-01
-6.487722396850585938e-01
-6.541931629180908203e-01
-6.596150398254394531e-01
-6.650363206863403320e-01
-6.704577207565307617e-01
-6.758786439895629883e-01
-6.732150316238403320e-01
-6.640956401824951172e-01
-6.624358296394348145e-01
-6.648554801940917969e-01
-6.700263619422912598e-01
-6.755010485649108887e-01
-6.791427135467529297e-01
-6.733348369598388672e-01
-6.670188903808593750e-01
-6.607025265693664551e-01
-6.543860435485839844e-01
-6.480698585510253906e-01
-6.417537331581115723e-01
-6.354376077651977539e-01
-6.291210651397705078e-01
-6.235564947128295898e-01
-6.239064335823059082e-01
-6.270412206649780273e-01
-6.301763057708740234e-01
-6.333312392234802246e-01
-6.390125751495361328e-01
-6.480774283409118652e-01
-6.589356660842895508e-01
-6.698373556137084961e-01
-6.785361766815185547e-01
-6.855653524398803711e-01
-6.964477896690368652e-01
-7.169418931007385254e-01
-7.369117736816406250e-01
-7.558052539825439453e-01
-7.688438892364501953e-01
-7.811100482940673828e-01
-7.908982038497924805e-01
-7.966817617416381836e-01
-7.961212992668151855e-01
-7.976984977722167969e-01
-7.996921539306640625e-01
-7.974981069564819336e-01
-7.965611219406127930e-01
-7.954025268554687500e-01
-7.942708134651184082e-01
-7.849313020706176758e-01
-7.747389674186706543e-01
-7.652000188827514648e-01
-7.552113533020019531e-01
-7.446799874305725098e-01
-7.346293926239013672e-01
-7.256163954734802246e-01
-7.172271013259887695e-01
-7.115687131881713867e-01
-7.085648775100708008e-01
-7.061493396759033203e-01
-7.037338018417358398e-01
-6.995095014572143555e-01
-6.943320631980895996e-01
-6.882573962211608887e-01
-6.834784746170043945e-01
-6.784684658050537109e-01
-6.699251532554626465e-01
-6.627959012985229492e-01
-6.589089632034301758e-01
-6.554111242294311523e-01
-6.540560126304626465e-01
-6.572853326797485352e-01
-6.609418392181396484e-01
-6.672176122665405273e-01
-6.710264086723327637e-01
-6.694735884666442871e-01
-6.684445142745971680e-01
-6.673207283020019531e-01
-6.660444140434265137e-01
-6.665443181991577148e-01
-6.719867587089538574e-01
-6.804226636886596680e-01
-6.909641027450561523e-01
-7.014304399490356445e-01
-7.107214331626892090e-01
-7.218616008758544922e-01
-7.330023050308227539e-01
-7.461822032928466797e-01
-7.618770003318786621e-01
-7.795492410659790039e-01
-7.965693473815917969e-01
-8.091344237327575684e-01
-8.189314007759094238e-01
-8.266150951385498047e-01
-8.323724269866943359e-01
-8.270820379257202148e-01
-8.226975202560424805e-01
-8.199574947357177734e-01
-8.203085660934448242e-01
-8.287540674209594727e-01
-8.359225988388061523e-01
-8.375329375267028809e-01
-8.372251987457275391e-01
-8.363977670669555664e-01
-8.355705738067626953e-01
-8.367471694946289062e-01
-8.365486264228820801e-01
-8.360201120376586914e-01
-8.354917764663696289e-01
-8.328385949134826660e-01
-8.279537558555603027e-01
-8.218511939048767090e-01
-8.154394030570983887e-01
-8.084051609039306641e-01
-7.979747056961059570e-01
-7.872389554977416992e-01
-7.765030860900878906e-01
-7.652332782745361328e-01
-7.512780427932739258e-01
-7.334347963333129883e-01
-7.123709917068481445e-01
-6.913002729415893555e-01
-6.702291965484619141e-01
-6.521333456039428711e-01
-6.354178190231323242e-01
-6.286036372184753418e-01
-6.328214406967163086e-01
-6.362708806991577148e-01
-6.397204399108886719e-01
-6.439445018768310547e-01
-6.493659019470214844e-01
-6.547871232032775879e-01
-6.602083444595336914e-01
-6.656295061111450195e-01
-6.710506081581115723e-01
-6.764718294143676758e-01
-6.818936467170715332e-01
-6.800035238265991211e-01
-6.711841821670532227e-01
-6.666905283927917480e-01
-6.727156043052673340e-01
-6.782122850418090820e-01
-6.837085485458374023e-01
-6.834310293197631836e-01
-6.771363019943237305e-01
-6.708425283432006836e-01
-6.645480394363403320e-01
-6.582537889480590820e-01
-6.519594788551330566e-01
-6.457009315490722656e-01
-6.402348279953002930e-01
-6.347686648368835449e-01
-6.293027400970458984e-01
-6.323748826980590820e-01
-6.355316638946533203e-01
-6.388677358627319336e-01
-6.435850858688354492e-01
-6.523758172988891602e-01
-6.631908416748046875e-01
-6.740059852600097656e-01
-6.848210692405700684e-01
-6.932429671287536621e-01
-6.999903917312622070e-01
-7.092120647430419922e-01
-7.292064428329467773e-01
-7.482604980468750000e-01
-7.634480595588684082e-01
-7.750325798988342285e-01
-7.863585948944091797e-01
-7.948255538940429688e-01
-7.948400378227233887e-01
-7.952905297279357910e-01
-7.936076521873474121e-01
-7.975516319274902344e-01
-7.967224717140197754e-01
-7.958958745002746582e-01
-7.946690320968627930e-01
-7.923746109008789062e-01
-7.856829166412353516e-01
-7.762483954429626465e-01
-7.667441368103027344e-01
-7.562347650527954102e-01
-7.462197542190551758e-01
-7.370426058769226074e-01
-7.281071543693542480e-01
-7.203565835952758789e-01
-7.138138413429260254e-01
-7.102213501930236816e-01
-7.078279256820678711e-01
-7.054343223571777344e-01
-7.016646862030029297e-01
-6.951329708099365234e-01
-6.870747804641723633e-01
-6.807515025138854980e-01
-6.718707680702209473e-01
-6.622420549392700195e-01
-6.538689136505126953e-01
-6.480321884155273438e-01
-6.450667381286621094e-01
-6.481223702430725098e-01
-6.524964570999145508e-01
-6.561529636383056641e-01
-6.601408720016479492e-01
-6.566363573074340820e-01
-6.568799018859863281e-01
-6.575548052787780762e-01
-6.575970053672790527e-01
-6.609294414520263672e-01
-6.672850847244262695e-01
-6.752380132675170898e-01
-6.837409734725952148e-01
-6.929950714111328125e-01
-7.038846611976623535e-01
-7.173950076103210449e-01
-7.303473949432373047e-01
-7.414879798889160156e-01
-7.546688914299011230e-01
-7.723345160484313965e-01
-7.904983758926391602e-01
-8.058254718780517578e-01
-8.137884736061096191e-01
-8.223932981491088867e-01
-8.301413655281066895e-01
-8.349855542182922363e-01
-8.276946544647216797e-01
-8.242489099502563477e-01
-8.259793519973754883e-01
-8.270025253295898438e-01
-8.292067050933837891e-01
-8.387206196784973145e-01
-8.420691490173339844e-01
-8.412415385246276855e-01
-8.404142856597900391e-01
-8.375412225723266602e-01
-8.374758958816528320e-01
-8.383783102035522461e-01
-8.383671641349792480e-01
-8.377289772033691406e-01
-8.364595174789428711e-01
-8.322068452835083008e-01
-8.280802965164184570e-01
-8.226450085639953613e-01
-8.165922760963439941e-01
-8.080963492393493652e-01
-7.992051243782043457e-01
-7.884871959686279297e-01
-7.777511477470397949e-01
-7.649028897285461426e-01
-7.502841949462890625e-01
-7.308319807052612305e-01
-7.097613811492919922e-01
-6.886909008026123047e-01
-6.685417294502258301e-01
-6.518260240554809570e-01
-6.401575803756713867e-01
-6.429333686828613281e-01
-6.474112272262573242e-01
-6.509293317794799805e-01
-6.543787717819213867e-01
-6.578282117843627930e-01
-6.614348888397216797e-01
-6.662228703498840332e-01
-6.716442108154296875e-01
-6.770653128623962402e-01
-6.824865937232971191e-01
-6.879079341888427734e-01
-6.870182752609252930e-01
-6.782979965209960938e-01
-6.672698259353637695e-01
-6.761379241943359375e-01
-6.850066184997558594e-01
-6.914426684379577637e-01
-6.869342327117919922e-01
-6.806395649909973145e-01
-6.743448972702026367e-01
-6.680512428283691406e-01
-6.619052886962890625e-01
-6.564391851425170898e-01
-6.509732007980346680e-01
-6.455067396163940430e-01
-6.400408148765563965e-01
-6.371895074844360352e-01
-6.403461694717407227e-01
-6.441981792449951172e-01
-6.490823626518249512e-01
-6.560672521591186523e-01
-6.668825149536132812e-01
-6.776979565620422363e-01
-6.885132789611816406e-01
-6.993284821510314941e-01
-7.075589895248413086e-01
-7.143063545227050781e-01
-7.225052714347839355e-01
-7.417157888412475586e-01
-7.563032507896423340e-01
-7.691420912742614746e-01
-7.797579169273376465e-01
-7.895134091377258301e-01
-7.929714918136596680e-01
-7.923185825347900391e-01
-7.936053872108459473e-01
-7.923231720924377441e-01
-7.937410473823547363e-01
-7.949898838996887207e-01
-7.941650152206420898e-01
-7.920019626617431641e-01
-7.874664664268493652e-01
-7.821942567825317383e-01
-7.726890444755554199e-01
-7.632565498352050781e-01
-7.541540861129760742e-01
-7.458000183105468750e-01
-7.379783391952514648e-01
-7.294896245002746582e-01
-7.219485044479370117e-01
-7.161902785301208496e-01
-7.110000848770141602e-01
-7.078225016593933105e-01
-7.057392597198486328e-01
-7.023506760597229004e-01
-6.945139169692993164e-01
-6.845125555992126465e-01
-6.735561490058898926e-01
-6.639302968978881836e-01
-6.547526121139526367e-01
-6.487120389938354492e-01
-6.454200744628906250e-01
-6.433603763580322266e-01
-6.431199312210083008e-01
-6.437061429023742676e-01
-6.445661783218383789e-01
-6.461381316184997559e-01
-6.444146633148193359e-01
-6.409978866577148438e-01
-6.453145146369934082e-01
-6.509068012237548828e-01
-6.591982245445251465e-01
-6.691321730613708496e-01
-6.788069009780883789e-01
-6.876488924026489258e-01
-6.969232559204101562e-01
-7.077045440673828125e-01
-7.201303243637084961e-01
-7.342054843902587891e-01
-7.481257915496826172e-01
-7.643445134162902832e-01
-7.807258963584899902e-01
-7.961660623550415039e-01
-8.061783909797668457e-01
-8.147670626640319824e-01
-8.234179019927978516e-01
-8.308894038200378418e-01
-8.354096412658691406e-01
-8.297221064567565918e-01
-8.287464976310729980e-01
-8.310983180999755859e-01
-8.325423002243041992e-01
-8.335878252983093262e-01
-8.387278318405151367e-01
-8.443230390548706055e-01
-8.429448604583740234e-01
-8.400933146476745605e-01
-8.372420072555541992e-01
-8.378762006759643555e-01
-8.388005495071411133e-01
-8.397250771522521973e-01
-8.399462699890136719e-01
-8.391973972320556641e-01
-8.354116082191467285e-01
-8.311752676963806152e-01
-8.271772265434265137e-01
-8.218708038330078125e-01
-8.151753544807434082e-01
-8.076138496398925781e-01
-7.990295290946960449e-01
-7.896706461906433105e-01
-7.784727215766906738e-01
-7.645514011383056641e-01
-7.486125826835632324e-01
-7.282224893569946289e-01
-7.071518898010253906e-01
-6.860814094543457031e-01
-6.682343482971191406e-01
-6.550103425979614258e-01
-6.527854204177856445e-01
-6.572633981704711914e-01
-6.617408990859985352e-01
-6.655873060226440430e-01
-6.690367460250854492e-01
-6.724864244461059570e-01
-6.759356260299682617e-01
-6.793853044509887695e-01
-6.831659078598022461e-01
-6.885010600090026855e-01
-6.940760612487792969e-01
-6.941324472427368164e-01
-6.854119896888732910e-01
-6.633598804473876953e-01
-6.763978600502014160e-01
-6.854679584503173828e-01
-6.915714740753173828e-01
-6.886498928070068359e-01
-6.841424703598022461e-01
-6.781095862388610840e-01
-6.726430654525756836e-01
-6.671770811080932617e-01
-6.617109775543212891e-01
-6.562448740005493164e-01
-6.507782936096191406e-01
-6.453123688697814941e-01
-6.451610326766967773e-01
-6.495290994644165039e-01
-6.548546552658081055e-01
-6.608486175537109375e-01
-6.705743074417114258e-01
-6.813894510269165039e-01
-6.922047138214111328e-01
-7.030201554298400879e-01
-7.138353586196899414e-01
-7.218754291534423828e-01
-7.286229133605957031e-01
-7.353316545486450195e-01
-7.502301335334777832e-01
-7.639921903610229492e-01
-7.748407721519470215e-01
-7.840547561645507812e-01
-7.882845997810363770e-01
-7.911162972450256348e-01
-7.904640436172485352e-01
-7.918621897697448730e-01
-7.917245626449584961e-01
-7.907050251960754395e-01
-7.936711311340332031e-01
-7.917966246604919434e-01
-7.862778306007385254e-01
-7.808285951614379883e-01
-7.770374417304992676e-01
-7.688915729522705078e-01
-7.595285177230834961e-01
-7.508410215377807617e-01
-7.424473166465759277e-01
-7.340366244316101074e-01
-7.275269031524658203e-01
-7.228266596794128418e-01
-7.183117866516113281e-01
-7.132306098937988281e-01
-7.097389698028564453e-01
-7.067987322807312012e-01
-7.016918659210205078e-01
-6.907353997230529785e-01
-6.797950863838195801e-01
-6.693725585937500000e-01
-6.589019298553466797e-01
-6.534833908081054688e-01
-6.484954357147216797e-01
-6.443287134170532227e-01
-6.417073011398315430e-01
-6.420546770095825195e-01
-6.388826370239257812e-01
-6.326454877853393555e-01
-6.299449801445007324e-01
-6.286863684654235840e-01
-6.264241933822631836e-01
-6.357021331787109375e-01
-6.476886272430419922e-01
-6.588908433914184570e-01
-6.692109704017639160e-01
-6.796593666076660156e-01
-6.904689073562622070e-01
-7.015156149864196777e-01
-7.133256196975708008e-01
-7.247326970100402832e-01
-7.366994619369506836e-01
-7.524750232696533203e-01
-7.694666981697082520e-01
-7.858526110649108887e-01
-7.966795563697814941e-01
-8.041616678237915039e-01
-8.129408359527587891e-01
-8.216419816017150879e-01
-8.280773162841796875e-01
-8.329484462738037109e-01
-8.320672512054443359e-01
-8.314698934555053711e-01
-8.340234756469726562e-01
-8.371785879135131836e-01
-8.383077383041381836e-01
-8.357325196266174316e-01
-8.395495414733886719e-01
-8.404536843299865723e-01
-8.388421535491943359e-01
-8.363783359527587891e-01
-8.373029232025146484e-01
-8.382273912429809570e-01
-8.391518592834472656e-01
-8.400764465332031250e-01
-8.404765129089355469e-01
-8.374735713005065918e-01
-8.326573371887207031e-01
-8.285157680511474609e-01
-8.245176076889038086e-01
-8.196567893028259277e-01
-8.121185898780822754e-01
-8.045808076858520508e-01
-7.970427870750427246e-01
-7.887918353080749512e-01
-7.768623828887939453e-01
-7.629413008689880371e-01
-7.452242374420166016e-01
-7.243561744689941406e-01
-7.033076286315917969e-01
-6.834291815757751465e-01
-6.686717271804809570e-01
-6.643618345260620117e-01
-6.659682393074035645e-01
-6.704677343368530273e-01
-6.749676465988159180e-01
-6.791644096374511719e-01
-6.826358437538146973e-01
-6.861069202423095703e-01
-6.895785331726074219e-01
-6.930502653121948242e-01
-6.966012716293334961e-01
-7.005965113639831543e-01
-7.003187537193298340e-01
-6.916382312774658203e-01
-6.534172892570495605e-01
-6.672348976135253906e-01
-6.802883148193359375e-01
-6.874952316284179688e-01
-6.851522326469421387e-01
-6.830582618713378906e-01
-6.809642910957336426e-01
-6.779153347015380859e-01
-6.724488139152526855e-01
-6.669826507568359375e-01
-6.615167260169982910e-01
-6.560503244400024414e-01
-6.509414911270141602e-01
-6.548746824264526367e-01
-6.606271266937255859e-01
-6.663796901702880859e-01
-6.747503876686096191e-01
-6.850816011428833008e-01
-6.958966255187988281e-01
-7.067122459411621094e-01
-7.175272703170776367e-01
-7.283422946929931641e-01
-7.361915111541748047e-01
-7.425100803375244141e-01
-7.445020675659179688e-01
-7.578260898590087891e-01
-7.702789306640625000e-01
-7.795343399047851562e-01
-7.842456102371215820e-01
-7.876013517379760742e-01
-7.898328304290771484e-01
-7.885501384735107422e-01
-7.894663214683532715e-01
-7.913923263549804688e-01
-7.903890609741210938e-01
-7.902179956436157227e-01
-7.852104902267456055e-01
-7.797960042953491211e-01
-7.748665809631347656e-01
-7.714438438415527344e-01
-7.655007839202880859e-01
-7.564085721969604492e-01
-7.470581531524658203e-01
-7.382692098617553711e-01
-7.310400009155273438e-01
-7.255032062530517578e-01
-7.214747071266174316e-01
-7.177457809448242188e-01
-7.135677337646484375e-01
-7.109462022781372070e-01
-7.077366709709167480e-01
-6.977286338806152344e-01
-6.865630149841308594e-01
-6.773014664649963379e-01
-6.702582836151123047e-01
-6.620137691497802734e-01
-6.541171073913574219e-01
-6.490727663040161133e-01
-6.442928910255432129e-01
-6.413915157318115234e-01
-6.379593610763549805e-01
-6.288186907768249512e-01
-6.246257424354553223e-01
-6.218395233154296875e-01
-6.212456822395324707e-01
-6.209130287170410156e-01
-6.273657083511352539e-01
-6.420787572860717773e-01
-6.551616191864013672e-01
-6.667526960372924805e-01
-6.788383722305297852e-01
-6.909238100051879883e-01
-7.045127153396606445e-01
-7.175166010856628418e-01
-7.300757169723510742e-01
-7.440982460975646973e-01
-7.566376924514770508e-01
-7.698766589164733887e-01
-7.846385240554809570e-01
-7.943927049636840820e-01
-8.029458522796630859e-01
-8.109216690063476562e-01
-8.182544112205505371e-01
-8.247618675231933594e-01
-8.323491215705871582e-01
-8.319977521896362305e-01
-8.316817283630371094e-01
-8.339447975158691406e-01
-8.367749452590942383e-01
-8.369599580764770508e-01
-8.350905179977416992e-01
-8.344934582710266113e-01
-8.365229964256286621e-01
-8.364574909210205078e-01
-8.358050584793090820e-01
-8.367296457290649414e-01
-8.376540541648864746e-01
-8.385787010192871094e-01
-8.393376469612121582e-01
-8.399552106857299805e-01
-8.398970365524291992e-01
-8.346163034439086914e-01
-8.298542499542236328e-01
-8.258561491966247559e-01
-8.218582868576049805e-01
-8.163926601409912109e-01
-8.090623617172241211e-01
-8.015244603157043457e-01
-7.939863801002502441e-01
-7.860137224197387695e-01
-7.749124169349670410e-01
-7.607731819152832031e-01
-7.415153980255126953e-01
-7.204665541648864746e-01
-6.994184255599975586e-01
-6.824295520782470703e-01
-6.778715848922729492e-01
-6.745185256004333496e-01
-6.790181398391723633e-01
-6.835181713104248047e-01
-6.880177259445190430e-01
-6.925176382064819336e-01
-6.960142850875854492e-01
-6.994856595993041992e-01
-7.029635906219482422e-01
-7.069936990737915039e-01
-7.113244533538818359e-01
-7.115154266357421875e-01
-7.013813853263854980e-01
-6.434748172760009766e-01
-6.565376520156860352e-01
-6.700091361999511719e-01
-6.746220588684082031e-01
-6.775312423706054688e-01
-6.804404258728027344e-01
-6.788622140884399414e-01
-6.767685413360595703e-01
-6.746743917465209961e-01
-6.722548007965087891e-01
-6.667886972427368164e-01
-6.621950268745422363e-01
-6.606465578079223633e-01
-6.663993000984191895e-01
-6.721519827842712402e-01
-6.800014376640319824e-01
-6.888753175735473633e-01
-6.995884180068969727e-01
-7.104036211967468262e-01
-7.212189435958862305e-01
-7.320340871810913086e-01
-7.428494691848754883e-01
-7.499330639839172363e-01
-7.519035935401916504e-01
-7.529022097587585449e-01
-7.636290788650512695e-01
-7.747697830200195312e-01
-7.799071073532104492e-01
-7.831835746765136719e-01
-7.864605188369750977e-01
-7.888199687004089355e-01
-7.873610258102416992e-01
-7.868721485137939453e-01
-7.892135381698608398e-01
-7.884697318077087402e-01
-7.824146151542663574e-01
-7.784225940704345703e-01
-7.733137607574462891e-01
-7.691134214401245117e-01
-7.658710479736328125e-01
-7.617707252502441406e-01
-7.523188591003417969e-01
-7.431552410125732422e-01
-7.352262735366821289e-01
-7.290959358215332031e-01
-7.251095771789550781e-01
-7.213371992111206055e-01
-7.175644636154174805e-01
-7.136622071266174316e-01
-7.082685232162475586e-01
-7.034236192703247070e-01
-6.937788128852844238e-01
-6.860065460205078125e-01
-6.804715394973754883e-01
-6.740594506263732910e-01
-6.655098795890808105e-01
-6.572654247283935547e-01
-6.498363614082336426e-01
-6.456968784332275391e-01
-6.388238668441772461e-01
-6.280629038810729980e-01
-6.194429397583007812e-01
-6.176016330718994141e-01
-6.199910044670104980e-01
-6.241750121116638184e-01
-6.265912652015686035e-01
-6.289314627647399902e-01
-6.367080807685852051e-01
-6.499216556549072266e-01
-6.638649702072143555e-01
-6.759505271911621094e-01
-6.893709897994995117e-01
-7.035584449768066406e-01
-7.177457809448242188e-01
-7.320271134376525879e-01
-7.470257282257080078e-01
-7.605673074722290039e-01
-7.733763456344604492e-01
-7.810852527618408203e-01
-7.886417508125305176e-01
-7.986984252929687500e-01
-8.073671460151672363e-01
-8.153433799743652344e-01
-8.253530263900756836e-01
-8.309617638587951660e-01
-8.301545381546020508e-01
-8.286088705062866211e-01
-8.291903734207153320e-01
-8.310102820396423340e-01
-8.322905898094177246e-01
-8.318895101547241211e-01
-8.301551342010498047e-01
-8.318449854850769043e-01
-8.325269818305969238e-01
-8.342044949531555176e-01
-8.361563682556152344e-01
-8.370809555053710938e-01
-8.377057313919067383e-01
-8.383232355117797852e-01
-8.389408588409423828e-01
-8.395584225654602051e-01
-8.371558785438537598e-01
-8.317590951919555664e-01
-8.271948695182800293e-01
-8.231967687606811523e-01
-8.184637427330017090e-01
-8.125782012939453125e-01
-8.060057759284973145e-01
-7.984679937362670898e-01
-7.909298539161682129e-01
-7.813783884048461914e-01
-7.706334590911865234e-01
-7.577536106109619141e-01
-7.376258969306945801e-01
-7.165771722793579102e-01
-6.969480514526367188e-01
-6.913813948631286621e-01
-6.871768236160278320e-01
-6.875685453414916992e-01
-6.920683383941650391e-01
-6.965677142143249512e-01
-7.011923193931579590e-01
-7.058950066566467285e-01
-7.100853919982910156e-01
-7.144258022308349609e-01
-7.188332080841064453e-01
-7.232401371002197266e-01
-7.242045402526855469e-01
-7.140706777572631836e-01
-6.333858966827392578e-01
-6.472673416137695312e-01
-6.590887308120727539e-01
-6.619985103607177734e-01
-6.649076938629150391e-01
-6.678171753883361816e-01
-6.707263588905334473e-01
-6.735028028488159180e-01
-6.725723743438720703e-01
-6.704974770545959473e-01
-6.697733402252197266e-01
-6.699476242065429688e-01
-6.721718311309814453e-01
-6.779247522354125977e-01
-6.853315830230712891e-01
-6.938498616218566895e-01
-7.032777667045593262e-01
-7.140139341354370117e-01
-7.247502803802490234e-01
-7.354863286018371582e-01
-7.462228536605834961e-01
-7.561540603637695312e-01
-7.588336467742919922e-01
-7.595928907394409180e-01
-7.593177556991577148e-01
-7.681292295455932617e-01
-7.753568887710571289e-01
-7.787004709243774414e-01
-7.819772958755493164e-01
-7.852540016174316406e-01
-7.873952388763427734e-01
-7.849313020706176758e-01
-7.831732034683227539e-01
-7.863418459892272949e-01
-7.860945463180541992e-01
-7.761876583099365234e-01
-7.718527913093566895e-01
-7.669131159782409668e-01
-7.631950974464416504e-01
-7.591412067413330078e-01
-7.557137012481689453e-01
-7.483350038528442383e-01
-7.397980690002441406e-01
-7.333599328994750977e-01
-7.288431525230407715e-01
-7.250504493713378906e-01
-7.212777137756347656e-01
-7.167184352874755859e-01
-7.105584144592285156e-01
-7.054591178894042969e-01
-7.021763324737548828e-01
-6.961737871170043945e-01
-6.893174648284912109e-01
-6.828079819679260254e-01
-6.756967306137084961e-01
-6.679742336273193359e-01
-6.609282493591308594e-01
-6.541767120361328125e-01
-6.433440446853637695e-01
-6.305820941925048828e-01
-6.190624237060546875e-01
-6.137319803237915039e-01
-6.174644231796264648e-01
-6.228985786437988281e-01
-6.298387646675109863e-01
-6.325122714042663574e-01
-6.351768970489501953e-01
-6.404733657836914062e-01
-6.494703292846679688e-01
-6.597536802291870117e-01
-6.737195849418640137e-01
-6.879069209098815918e-01
-7.016134858131408691e-01
-7.142446637153625488e-01
-7.293506264686584473e-01
-7.444568276405334473e-01
-7.595627307891845703e-01
-7.723745703697204590e-01
-7.788952589035034180e-01
-7.863657474517822266e-01
-7.935271263122558594e-01
-8.018426895141601562e-01
-8.130834102630615234e-01
-8.245698809623718262e-01
-8.288084268569946289e-01
-8.253077268600463867e-01
-8.224548101425170898e-01
-8.204970359802246094e-01
-8.217200636863708496e-01
-8.249830007553100586e-01
-8.265858888626098633e-01
-8.267002105712890625e-01
-8.242162466049194336e-01
-8.262482881546020508e-01
-8.295626640319824219e-01
-8.341053724288940430e-01
-8.360735177993774414e-01
-8.366909623146057129e-01
-8.373087644577026367e-01
-8.379263281822204590e-01
-8.385438919067382812e-01
-8.377377390861511230e-01
-8.343186378479003906e-01
-8.289015293121337891e-01
-8.245356082916259766e-01
-8.205348253250122070e-01
-8.146491646766662598e-01
-8.087636232376098633e-01
-8.028785586357116699e-01
-7.954113483428955078e-01
-7.874886393547058105e-01
-7.767435908317565918e-01
-7.659981846809387207e-01
-7.515740990638732910e-01
-7.333793640136718750e-01
-7.126879692077636719e-01
-7.048906087875366211e-01
-7.007759809494018555e-01
-6.970123052597045898e-01
-7.011135816574096680e-01
-7.058839797973632812e-01
-7.109203934669494629e-01
-7.159568071365356445e-01
-7.212527990341186523e-01
-7.263418436050415039e-01
-7.307486534118652344e-01
-7.351559400558471680e-01
-7.368940114974975586e-01
-7.267600297927856445e-01
-6.244574785232543945e-01
-6.383390426635742188e-01
-6.464651226997375488e-01
-6.493745446205139160e-01
-6.522837877273559570e-01
-6.551933288574218750e-01
-6.581025123596191406e-01
-6.610121726989746094e-01
-6.644561290740966797e-01
-6.685661673545837402e-01
-6.708211898803710938e-01
-6.712434291839599609e-01
-6.791571378707885742e-01
-6.894160509109497070e-01
-6.987766623497009277e-01
-7.072406411170959473e-01
-7.172374725341796875e-01
-7.279736995697021484e-01
-7.387096881866455078e-01
-7.494460940361022949e-01
-7.591473460197448730e-01
-7.652349472045898438e-01
-7.662057876586914062e-01
-7.659521698951721191e-01
-7.646052241325378418e-01
-7.699661254882812500e-01
-7.742171287536621094e-01
-7.774936556816101074e-01
-7.803862690925598145e-01
-7.824614048004150391e-01
-7.840300202369689941e-01
-7.820042371749877930e-01
-7.804223895072937012e-01
-7.831105589866638184e-01
-7.824267745018005371e-01
-7.722275853157043457e-01
-7.660372257232666016e-01
-7.602124214172363281e-01
-7.559145689010620117e-01
-7.522332072257995605e-01
-7.494197487831115723e-01
-7.449185848236083984e-01
-7.380476593971252441e-01
-7.328027486801147461e-01
-7.289251089096069336e-01
-7.250469923019409180e-01
-7.192797660827636719e-01
-7.132016420364379883e-01
-7.096902132034301758e-01
-7.082248926162719727e-01
-7.052289843559265137e-01
-6.996284723281860352e-01
-6.933705210685729980e-01
-6.863273978233337402e-01
-6.779873967170715332e-01
-6.708927154541015625e-01
-6.640748977661132812e-01
-6.527758836746215820e-01
-6.355847120285034180e-01
-6.222847700119018555e-01
-6.148812174797058105e-01
-6.161249876022338867e-01
-6.213316917419433594e-01
-6.281629800796508789e-01
-6.349946260452270508e-01
-6.384332776069641113e-01
-6.421889066696166992e-01
-6.476609706878662109e-01
-6.533451676368713379e-01
-6.627552509307861328e-01
-6.754146218299865723e-01
-6.850568056106567383e-01
-6.964622735977172852e-01
-7.115680575370788574e-01
-7.266743183135986328e-01
-7.417801618576049805e-01
-7.563493251800537109e-01
-7.650193572044372559e-01
-7.721850872039794922e-01
-7.804579734802246094e-01
-7.900229692459106445e-01
-8.001101613044738770e-01
-8.084771633148193359e-01
-8.175700902938842773e-01
-8.205596208572387695e-01
-8.191446065902709961e-01
-8.171091675758361816e-01
-8.123111128807067871e-01
-8.111977577209472656e-01
-8.146693110466003418e-01
-8.180418014526367188e-01
-8.206976652145385742e-01
-8.206156492233276367e-01
-8.187046051025390625e-01
-8.234196901321411133e-01
-8.277819156646728516e-01
-8.321446180343627930e-01
-8.345361351966857910e-01
-8.361129760742187500e-01
-8.369120359420776367e-01
-8.375295996665954590e-01
-8.380885124206542969e-01
-8.348028063774108887e-01
-8.314173817634582520e-01
-8.261649608612060547e-01
-8.218759298324584961e-01
-8.167207241058349609e-01
-8.108347058296203613e-01
-8.049492239952087402e-01
-7.990636825561523438e-01
-7.923550605773925781e-01
-7.828535437583923340e-01
-7.721084952354431152e-01
-7.608358860015869141e-01
-7.452718019485473633e-01
-7.276017069816589355e-01
-7.183495163917541504e-01
-7.150617241859436035e-01
-7.113670110702514648e-01
-7.110807299613952637e-01
-7.161173224449157715e-01
-7.211538553237915039e-01
-7.263756990432739258e-01
-7.318112850189208984e-01
-7.372469902038574219e-01
-7.426643371582031250e-01
-7.470716238021850586e-01
-7.495829463005065918e-01
-7.394493818283081055e-01
-6.155291199684143066e-01
-6.293112039566040039e-01
-6.338415145874023438e-01
-6.366798877716064453e-01
-6.395105123519897461e-01
-6.423406004905700684e-01
-6.451711058616638184e-01
-6.490522623062133789e-01
-6.538086533546447754e-01
-6.592346429824829102e-01
-6.646603345870971680e-01
-6.712195277214050293e-01
-6.834751367568969727e-01
-6.953319907188415527e-01
-7.071320414543151855e-01
-7.191874384880065918e-01
-7.311967015266418457e-01
-7.419328689575195312e-01
-7.525876760482788086e-01
-7.620506286621093750e-01
-7.681650519371032715e-01
-7.724795341491699219e-01
-7.723289132118225098e-01
-7.712699770927429199e-01
-7.678899765014648438e-01
-7.696881294250488281e-01
-7.726653218269348145e-01
-7.747403979301452637e-01
-7.768154740333557129e-01
-7.788907885551452637e-01
-7.810195684432983398e-01
-7.791474461555480957e-01
-7.786609530448913574e-01
-7.778166532516479492e-01
-7.768636345863342285e-01
-7.681556940078735352e-01
-7.588477134704589844e-01
-7.538390159606933594e-01
-7.497727870941162109e-01
-7.461996674537658691e-01
-7.436793446540832520e-01
-7.424483299255371094e-01
-7.368842959403991699e-01
-7.328844666481018066e-01
-7.288094162940979004e-01
-7.223398685455322266e-01
-7.173932790756225586e-01
-7.152416706085205078e-01
-7.142098546028137207e-01
-7.127212285995483398e-01
-7.084923386573791504e-01
-7.030831575393676758e-01
-6.968817710876464844e-01
-6.909499168395996094e-01
-6.824429035186767578e-01
-6.743775606155395508e-01
-6.625548005104064941e-01
-6.454349756240844727e-01
-6.301019191741943359e-01
-6.205608248710632324e-01
-6.156767606735229492e-01
-6.201286911964416504e-01
-6.258401274681091309e-01
-6.334127783775329590e-01
-6.409220695495605469e-01
-6.459482908248901367e-01
-6.499361991882324219e-01
-6.552997231483459473e-01
-6.600242853164672852e-01
-6.668857932090759277e-01
-6.766306161880493164e-01
-6.868711709976196289e-01
-6.986161470413208008e-01
-7.094876766204833984e-01
-7.239977717399597168e-01
-7.391035556793212891e-01
-7.504834532737731934e-01
-7.576493024826049805e-01
-7.648149728775024414e-01
-7.734829187393188477e-01
-7.851254940032958984e-01
-7.934578061103820801e-01
-8.013158440589904785e-01
-8.093103766441345215e-01
-8.083662390708923340e-01
-8.083258867263793945e-01
-8.074638843536376953e-01
-8.044826388359069824e-01
-8.021867275238037109e-01
-8.034950494766235352e-01
-8.077405691146850586e-01
-8.110620379447937012e-01
-8.136293888092041016e-01
-8.118712306022644043e-01
-8.151494264602661133e-01
-8.206820487976074219e-01
-8.258211612701416016e-01
-8.301839828491210938e-01
-8.324692249298095703e-01
-8.340458869934082031e-01
-8.356226682662963867e-01
-8.371326923370361328e-01
-8.352527618408203125e-01
-8.318677544593811035e-01
-8.284824490547180176e-01
-8.234678506851196289e-01
-8.187911510467529297e-01
-8.129057288169860840e-01
-8.070205450057983398e-01
-8.011547923088073730e-01
-7.954722642898559570e-01
-7.893885970115661621e-01
-7.788461446762084961e-01
-7.683035135269165039e-01
-7.559781074523925781e-01
-7.395484447479248047e-01
-7.285494804382324219e-01
-7.276728153228759766e-01
-7.254892587661743164e-01
-7.229855060577392578e-01
-7.263506650924682617e-01
-7.314990758895874023e-01
-7.369347810745239258e-01
-7.423703670501708984e-01
-7.478058338165283203e-01
-7.532413005828857422e-01
-7.586771249771118164e-01
-7.622726559638977051e-01
-7.521387338638305664e-01
-6.062190532684326172e-01
-6.178478002548217773e-01
-6.206784248352050781e-01
-6.235090494155883789e-01
-6.263387203216552734e-01
-6.293661594390869141e-01
-6.335662603378295898e-01
-6.387646794319152832e-01
-6.441903114318847656e-01
-6.496166586875915527e-01
-6.550425291061401367e-01
-6.650646328926086426e-01
-6.818681955337524414e-01
-6.980863809585571289e-01
-7.123414874076843262e-01
-7.254834175109863281e-01
-7.395921945571899414e-01
-7.533509135246276855e-01
-7.649501562118530273e-01
-7.709923982620239258e-01
-7.752155065536499023e-01
-7.785583734512329102e-01
-7.776476740837097168e-01
-7.751599550247192383e-01
-7.683289051055908203e-01
-7.670192718505859375e-01
-7.690943479537963867e-01
-7.711696624755859375e-01
-7.732450962066650391e-01
-7.753201723098754883e-01
-7.780919671058654785e-01
-7.767315506935119629e-01
-7.752508521080017090e-01
-7.715268135070800781e-01
-7.696159482002258301e-01
-7.628745436668395996e-01
-7.539165616035461426e-01
-7.479567527770996094e-01
-7.446631789207458496e-01
-7.416537404060363770e-01
-7.394908070564270020e-01
-7.392711639404296875e-01
-7.368441820144653320e-01
-7.318260669708251953e-01
-7.263379693031311035e-01
-7.231098413467407227e-01
-7.213708162307739258e-01
-7.203226685523986816e-01
-7.192741632461547852e-01
-7.164171934127807617e-01
-7.114417552947998047e-01
-7.070106267929077148e-01
-7.017485499382019043e-01
-6.955946087837219238e-01
-6.873859167098999023e-01
-6.739618778228759766e-01
-6.557788848876953125e-01
-6.405797004699707031e-01
-6.313874721527099609e-01
-6.246350407600402832e-01
-6.222831010818481445e-01
-6.255227327346801758e-01
-6.303521394729614258e-01
-6.363901495933532715e-01
-6.447193622589111328e-01
-6.516619324684143066e-01
-6.570516228675842285e-01
-6.630104780197143555e-01
-6.667660474777221680e-01
-6.693182587623596191e-01
-6.781644821166992188e-01
-6.902639865875244141e-01
-7.037551403045654297e-01
-7.158571481704711914e-01
-7.266156673431396484e-01
-7.362216711044311523e-01
-7.432893514633178711e-01
-7.503464221954345703e-01
-7.574149370193481445e-01
-7.675194740295410156e-01
-7.763199806213378906e-01
-7.846523523330688477e-01
-7.929849624633789062e-01
-8.011135458946228027e-01
-7.987341880798339844e-01
-7.942684888839721680e-01
-7.913072705268859863e-01
-7.904133796691894531e-01
-7.896728515625000000e-01
-7.924276590347290039e-01
-7.965661883354187012e-01
-8.005895018577575684e-01
-8.035526871681213379e-01
-8.057093024253845215e-01
-8.048428297042846680e-01
-8.117703199386596680e-01
-8.176053762435913086e-01
-8.228062391281127930e-01
-8.280065059661865234e-01
-8.304020762443542480e-01
-8.319789171218872070e-01
-8.335558176040649414e-01
-8.340999484062194824e-01
-8.316736221313476562e-01
-8.289326429367065430e-01
-8.255474567413330078e-01
-8.211286067962646484e-01
-8.153669834136962891e-01
-8.096847534179687500e-01
-8.040016889572143555e-01
-7.983191609382629395e-01
-7.926360368728637695e-01
-7.851569652557373047e-01
-7.756410241127014160e-01
-7.654249668121337891e-01
-7.516620159149169922e-01
-7.396269440650939941e-01
-7.366648912429809570e-01
-7.361731529235839844e-01
-7.354980111122131348e-01
-7.351952195167541504e-01
-7.416772842407226562e-01
-7.474935054779052734e-01
-7.529290318489074707e-01
-7.583649158477783203e-01
-7.638003230094909668e-01
-7.692360877990722656e-01
-7.743234634399414062e-01
-7.648279666900634766e-01
-5.967432856559753418e-01
-6.046769618988037109e-01
-6.075070500373840332e-01
-6.103374361991882324e-01
-6.138807535171508789e-01
-6.182951927185058594e-01
-6.237209439277648926e-01
-6.291471719741821289e-01
-6.345725059509277344e-01
-6.399986743927001953e-01
-6.454245448112487793e-01
-6.604591608047485352e-01
-6.772625446319580078e-01
-6.940656900405883789e-01
-7.109010815620422363e-01
-7.282416224479675293e-01
-7.441769838333129883e-01
-7.582840323448181152e-01
-7.676256299018859863e-01
-7.751299142837524414e-01
-7.810591459274291992e-01
-7.840244174003601074e-01
-7.816953063011169434e-01
-7.745355963706970215e-01
-7.667097449302673340e-01
-7.634488940238952637e-01
-7.655239105224609375e-01
-7.675992846488952637e-01
-7.696745395660400391e-01
-7.719669342041015625e-01
-7.750550508499145508e-01
-7.735143899917602539e-01
-7.697663903236389160e-01
-7.635892629623413086e-01
-7.617995738983154297e-01
-7.563114762306213379e-01
-7.499346137046813965e-01
-7.439888119697570801e-01
-7.401392459869384766e-01
-7.377065420150756836e-01
-7.368761897087097168e-01
-7.377226352691650391e-01
-7.362693548202514648e-01
-7.319002151489257812e-01
-7.293324470520019531e-01
-7.276152372360229492e-01
-7.265536189079284668e-01
-7.255053520202636719e-01
-7.244572043418884277e-01
-7.200736403465270996e-01
-7.154452204704284668e-01
-7.114855051040649414e-01
-7.066548466682434082e-01
-6.999394893646240234e-01
-6.871064901351928711e-01
-6.691973209381103516e-01
-6.541846394538879395e-01
-6.430875062942504883e-01
-6.361298561096191406e-01
-6.310283541679382324e-01
-6.307584047317504883e-01
-6.319608092308044434e-01
-6.360002160072326660e-01
-6.418203711509704590e-01
-6.487254500389099121e-01
-6.559894680976867676e-01
-6.596118211746215820e-01
-6.639910936355590820e-01
-6.702012419700622559e-01
-6.743665933609008789e-01
-6.813839077949523926e-01
-6.942345499992370605e-01
-7.077257633209228516e-01
-7.212165594100952148e-01
-7.328804135322570801e-01
-7.387757301330566406e-01
-7.406859397888183594e-01
-7.424117326736450195e-01
-7.516417503356933594e-01
-7.606086730957031250e-01
-7.679587602615356445e-01
-7.761825323104858398e-01
-7.844065427780151367e-01
-7.918498516082763672e-01
-7.882794737815856934e-01
-7.826753854751586914e-01
-7.772362232208251953e-01
-7.739199399948120117e-01
-7.732882499694824219e-01
-7.753645181655883789e-01
-7.803905606269836426e-01
-7.868587374687194824e-01
-7.919464111328125000e-01
-7.971810102462768555e-01
-7.995046377182006836e-01
-8.002614974975585938e-01
-8.076287508010864258e-01
-8.139092922210693359e-01
-8.197290897369384766e-01
-8.249295949935913086e-01
-8.278404474258422852e-01
-8.299120664596557617e-01
-8.316413164138793945e-01
-8.298499584197998047e-01
-8.276269435882568359e-01
-8.254033923149108887e-01
-8.231799602508544922e-01
-8.187328577041625977e-01
-8.125314712524414062e-01
-8.068712353706359863e-01
-8.015227913856506348e-01
-7.961740493774414062e-01
-7.905395030975341797e-01
-7.819837331771850586e-01
-7.732259035110473633e-01
-7.624114751815795898e-01
-7.506849765777587891e-01
-7.457977533340454102e-01
-7.451655268669128418e-01
-7.446736693382263184e-01
-7.445465326309204102e-01
-7.497870326042175293e-01
-7.562686204910278320e-01
-7.627506256103515625e-01
-7.689236402511596680e-01
-7.743593454360961914e-01
-7.797948122024536133e-01
-7.852305173873901367e-01
-7.765504717826843262e-01
-5.871354937553405762e-01
-5.915054082870483398e-01
-5.943363904953002930e-01
-5.983951687812805176e-01
-6.032507419586181641e-01
-6.086769700050354004e-01
-6.141028404235839844e-01
-6.195286512374877930e-01
-6.249547004699707031e-01
-6.303807497024536133e-01
-6.390498876571655273e-01
-6.558531522750854492e-01
-6.726565957069396973e-01
-6.894599795341491699e-01
-7.064076662063598633e-01
-7.240597605705261230e-01
-7.417992353439331055e-01
-7.552133798599243164e-01
-7.649376988410949707e-01
-7.733455300331115723e-01
-7.795177698135375977e-01
-7.838842868804931641e-01
-7.801768183708190918e-01
-7.729171514511108398e-01
-7.650063037872314453e-01
-7.598780393600463867e-01
-7.619534134864807129e-01
-7.640287280082702637e-01
-7.661038637161254883e-01
-7.688343524932861328e-01
-7.712221741676330566e-01
-7.674783468246459961e-01
-7.628526091575622559e-01
-7.558671236038208008e-01
-7.544435262680053711e-01
-7.502316236495971680e-01
-7.465718984603881836e-01
-7.416245937347412109e-01
-7.358481884002685547e-01
-7.344922423362731934e-01
-7.342497110366821289e-01
-7.355945706367492676e-01
-7.391813993453979492e-01
-7.373707890510559082e-01
-7.351022958755493164e-01
-7.332155704498291016e-01
-7.317363023757934570e-01
-7.306881546974182129e-01
-7.295944690704345703e-01
-7.251151204109191895e-01
-7.203269004821777344e-01
-7.159605026245117188e-01
-7.111726999282836914e-01
-6.988662481307983398e-01
-6.830458045005798340e-01
-6.701722741127014160e-01
-6.588246822357177734e-01
-6.495313048362731934e-01
-6.430438756942749023e-01
-6.380310058593750000e-01
-6.392335295677185059e-01
-6.410575509071350098e-01
-6.430429220199584961e-01
-6.477404832839965820e-01
-6.530125141143798828e-01
-6.579632163047790527e-01
-6.604437828063964844e-01
-6.663552522659301758e-01
-6.722579002380371094e-01
-6.787446737289428711e-01
-6.834412813186645508e-01
-6.961537599563598633e-01
-7.104402184486389160e-01
-7.250080704689025879e-01
-7.359031438827514648e-01
-7.378286123275756836e-01
-7.395033836364746094e-01
-7.451951503753662109e-01
-7.512210607528686523e-01
-7.539700269699096680e-01
-7.598564624786376953e-01
-7.680799961090087891e-01
-7.763038873672485352e-01
-7.827440500259399414e-01
-7.772247195243835449e-01
-7.715216875076293945e-01
-7.658182382583618164e-01
-7.604554891586303711e-01
-7.571800351142883301e-01
-7.565860748291015625e-01
-7.603625059127807617e-01
-7.676736116409301758e-01
-7.747206687927246094e-01
-7.837643623352050781e-01
-7.896358966827392578e-01
-7.903397679328918457e-01
-7.955633401870727539e-01
-8.033613562583923340e-01
-8.097327947616577148e-01
-8.161890506744384766e-01
-8.223761320114135742e-01
-8.253836035728454590e-01
-8.280012011528015137e-01
-8.284465074539184570e-01
-8.262231349945068359e-01
-8.239998817443847656e-01
-8.217768669128417969e-01
-8.197000026702880859e-01
-8.155186772346496582e-01
-8.104780912399291992e-01
-8.052766323089599609e-01
-7.999281883239746094e-01
-7.945793867111206055e-01
-7.873663306236267090e-01
-7.788105010986328125e-01
-7.702546715736389160e-01
-7.605973482131958008e-01
-7.568386793136596680e-01
-7.541575431823730469e-01
-7.539563179016113281e-01
-7.538635134696960449e-01
-7.557498216629028320e-01
-7.633341550827026367e-01
-7.708604335784912109e-01
-7.773426175117492676e-01
-7.838240861892700195e-01
-7.903056740760803223e-01
-7.957894802093505859e-01
-7.878832817077636719e-01
-5.755043029785156250e-01
-5.787096023559570312e-01
-5.829091668128967285e-01
-5.882072448730468750e-01
-5.936325788497924805e-01
-5.990588665008544922e-01
-6.044850349426269531e-01
-6.099108457565307617e-01
-6.153368949890136719e-01
-6.225200891494750977e-01
-6.344444751739501953e-01
-6.512476205825805664e-01
-6.680510044097900391e-01
-6.846097707748413086e-01
-7.007455229759216309e-01
-7.182015776634216309e-01
-7.326567173004150391e-01
-7.446094155311584473e-01
-7.558054327964782715e-01
-7.649502754211425781e-01
-7.724233865737915039e-01
-7.748075127601623535e-01
-7.713636755943298340e-01
-7.672134041786193848e-01
-7.623023986816406250e-01
-7.563076019287109375e-01
-7.583830952644348145e-01
-7.604581117630004883e-01
-7.625214457511901855e-01
-7.644494175910949707e-01
-7.646894454956054688e-01
-7.605643272399902344e-01
-7.559390068054199219e-01
-7.485128045082092285e-01
-7.477382421493530273e-01
-7.451511621475219727e-01
-7.429540753364562988e-01
-7.389594912528991699e-01
-7.327637672424316406e-01
-7.320783138275146484e-01
-7.345829010009765625e-01
-7.385607361793518066e-01
-7.427750825881958008e-01
-7.433178424835205078e-01
-7.411571741104125977e-01
-7.395578622817993164e-01
-7.382963299751281738e-01
-7.376015186309814453e-01
-7.349444031715393066e-01
-7.301566004753112793e-01
-7.253682613372802734e-01
-7.204446792602539062e-01
-7.098365426063537598e-01
-6.960268616676330566e-01
-6.850073337554931641e-01
-6.748546361923217773e-01
-6.660661101341247559e-01
-6.577205657958984375e-01
-6.509301066398620605e-01
-6.470881700515747070e-01
-6.484897732734680176e-01
-6.504749655723571777e-01
-6.524600982666015625e-01
-6.522347927093505859e-01
-6.551117897033691406e-01
-6.588428616523742676e-01
-6.623980402946472168e-01
-6.693793535232543945e-01
-6.751773357391357422e-01
-6.841236352920532227e-01
-6.897507309913635254e-01
-6.973701715469360352e-01
-7.102836966514587402e-01
-7.219930887222290039e-01
-7.287076115608215332e-01
-7.341408133506774902e-01
-7.418344020843505859e-01
-7.482799291610717773e-01
-7.530584335327148438e-01
-7.550755739212036133e-01
-7.570926547050476074e-01
-7.608523368835449219e-01
-7.682014107704162598e-01
-7.718733549118041992e-01
-7.661703228950500488e-01
-7.604669332504272461e-01
-7.548760175704956055e-01
-7.491722106933593750e-01
-7.434684038162231445e-01
-7.396961450576782227e-01
-7.408622503280639648e-01
-7.474339008331298828e-01
-7.546837329864501953e-01
-7.653696537017822266e-01
-7.761734724044799805e-01
-7.808120250701904297e-01
-7.813155055046081543e-01
-7.895754575729370117e-01
-7.978469133377075195e-01
-8.052863478660583496e-01
-8.127254843711853027e-01
-8.193297982215881348e-01
-8.231790661811828613e-01
-8.251428604125976562e-01
-8.239363431930541992e-01
-8.228850364685058594e-01
-8.212085366249084473e-01
-8.193191289901733398e-01
-8.161609172821044922e-01
-8.123865127563476562e-01
-8.072134852409362793e-01
-8.028240203857421875e-01
-7.983338832855224609e-01
-7.927489280700683594e-01
-7.841932773590087891e-01
-7.756374478340148926e-01
-7.672093510627746582e-01
-7.671817541122436523e-01
-7.633669376373291016e-01
-7.632743120193481445e-01
-7.631815671920776367e-01
-7.630885839462280273e-01
-7.676926255226135254e-01
-7.763041257858276367e-01
-7.849153280258178711e-01
-7.919338941574096680e-01
-7.984158992767333984e-01
-8.048975467681884766e-01
-7.988113164901733398e-01
-5.652964115142822266e-01
-5.692458152770996094e-01
-5.742259621620178223e-01
-5.792101621627807617e-01
-5.841946601867675781e-01
-5.894411802291870117e-01
-5.948669314384460449e-01
-6.002926826477050781e-01
-6.070340871810913086e-01
-6.152144074440002441e-01
-6.298388242721557617e-01
-6.466416120529174805e-01
-6.629184484481811523e-01
-6.785718202590942383e-01
-6.946041584014892578e-01
-7.091698646545410156e-01
-7.206897735595703125e-01
-7.308722734451293945e-01
-7.410550713539123535e-01
-7.512373924255371094e-01
-7.568726539611816406e-01
-7.604324817657470703e-01
-7.591729164123535156e-01
-7.571870088577270508e-01
-7.523813247680664062e-01
-7.480272650718688965e-01
-7.534746527671813965e-01
-7.560641765594482422e-01
-7.574970722198486328e-01
-7.576444149017333984e-01
-7.575500011444091797e-01
-7.538428306579589844e-01
-7.495719790458679199e-01
-7.428574562072753906e-01
-7.419743537902832031e-01
-7.406060099601745605e-01
-7.388281822204589844e-01
-7.381550669670104980e-01
-7.353776693344116211e-01
-7.337684631347656250e-01
-7.379829287528991699e-01
-7.421975731849670410e-01
-7.464119195938110352e-01
-7.492645978927612305e-01
-7.474991083145141602e-01
-7.467843890190124512e-01
-7.460898756980895996e-01
-7.452666759490966797e-01
-7.410816550254821777e-01
-7.357424497604370117e-01
-7.301728129386901855e-01
-7.198133468627929688e-01
-7.091419100761413574e-01
-6.989836692810058594e-01
-6.899520754814147949e-01
-6.818125844001770020e-01
-6.734561324119567871e-01
-6.659101247787475586e-01
-6.592770814895629883e-01
-6.580423116683959961e-01
-6.585500836372375488e-01
-6.585592031478881836e-01
-6.582126617431640625e-01
-6.578659415245056152e-01
-6.577069759368896484e-01
-6.610549688339233398e-01
-6.652143001556396484e-01
-6.724032759666442871e-01
-6.807068586349487305e-01
-6.897214651107788086e-01
-6.964343786239624023e-01
-6.986386179924011230e-01
-7.070845961570739746e-01
-7.159656286239624023e-01
-7.213481664657592773e-01
-7.307835817337036133e-01
-7.406185269355773926e-01
-7.485129833221435547e-01
-7.524268627166748047e-01
-7.555208802223205566e-01
-7.581983208656311035e-01
-7.612977623939514160e-01
-7.643272876739501953e-01
-7.617641687393188477e-01
-7.551154494285583496e-01
-7.492665052413940430e-01
-7.435234189033508301e-01
-7.378194332122802734e-01
-7.321156263351440430e-01
-7.264115810394287109e-01
-7.240740060806274414e-01
-7.269261479377746582e-01
-7.337238788604736328e-01
-7.457032203674316406e-01
-7.577183842658996582e-01
-7.675386667251586914e-01
-7.714028358459472656e-01
-7.759948968887329102e-01
-7.844672799110412598e-01
-7.924796342849731445e-01
-7.998103499412536621e-01
-8.072132468223571777e-01
-8.148778676986694336e-01
-8.199341893196105957e-01
-8.214269876480102539e-01
-8.204352855682373047e-01
-8.193839192390441895e-01
-8.183324933052062988e-01
-8.163963556289672852e-01
-8.128185272216796875e-01
-8.092549443244934082e-01
-8.040804862976074219e-01
-7.995593547821044922e-01
-7.951701879501342773e-01
-7.889657020568847656e-01
-7.810201644897460938e-01
-7.724642753601074219e-01
-7.742649316787719727e-01
-7.740027904510498047e-01
-7.725924253463745117e-01
-7.724990844726562500e-01
-7.724065780639648438e-01
-7.741718292236328125e-01
-7.806624770164489746e-01
-7.892738580703735352e-01
-7.978851795196533203e-01
-8.063640594482421875e-01
-8.130077719688415527e-01
-8.076945543289184570e-01
-5.603741407394409180e-01
-5.628087520599365234e-01
-5.676710605621337891e-01
-5.725327134132385254e-01
-5.774894952774047852e-01
-5.824741125106811523e-01
-5.874588489532470703e-01
-5.933164358139038086e-01
-6.010552644729614258e-01
-6.093147397041320801e-01
-6.256763935089111328e-01
-6.411682367324829102e-01
-6.567733287811279297e-01
-6.716917753219604492e-01
-6.855247616767883301e-01
-6.957558989524841309e-01
-7.059392929077148438e-01
-7.161217927932739258e-01
-7.263045310974121094e-01
-7.323650717735290527e-01
-7.377286553382873535e-01
-7.422860860824584961e-01
-7.435028553009033203e-01
-7.425290346145629883e-01
-7.384169101715087891e-01
-7.350934743881225586e-01
-7.409756779670715332e-01
-7.452628016471862793e-01
-7.492911219596862793e-01
-7.506182193756103516e-01
-7.508788704872131348e-01
-7.475393414497375488e-01
-7.432681322097778320e-01
-7.378290891647338867e-01
-7.365424633026123047e-01
-7.373087406158447266e-01
-7.370319366455078125e-01
-7.390040159225463867e-01
-7.398713827133178711e-01
-7.374054193496704102e-01
-7.416197657585144043e-01
-7.458344697952270508e-01
-7.500491142272949219e-01
-7.550196051597595215e-01
-7.552725076675415039e-01
-7.545782327651977539e-01
-7.538836002349853516e-01
-7.522515058517456055e-01
-7.472823858261108398e-01
-7.415542602539062500e-01
-7.321192622184753418e-01
-7.225966453552246094e-01
-7.129813432693481445e-01
-7.045234441757202148e-01
-6.965758800506591797e-01
-6.886365413665771484e-01
-6.804279088973999023e-01
-6.744170188903808594e-01
-6.689599156379699707e-01
-6.688005924224853516e-01
-6.667646765708923340e-01
-6.648942232131958008e-01
-6.638438701629638672e-01
-6.634969711303710938e-01
-6.631503105163574219e-01
-6.648656725883483887e-01
-6.691429018974304199e-01
-6.773604154586791992e-01
-6.859016418457031250e-01
-6.928703784942626953e-01
-6.997459530830383301e-01
-7.019501328468322754e-01
-7.042614221572875977e-01
-7.091554403305053711e-01
-7.180438041687011719e-01
-7.277929782867431641e-01
-7.376284003257751465e-01
-7.461335062980651855e-01
-7.500611543655395508e-01
-7.531549930572509766e-01
-7.562490701675415039e-01
-7.593066692352294922e-01
-7.623696327209472656e-01
-7.592574357986450195e-01
-7.490357160568237305e-01
-7.388908863067626953e-01
-7.321832180023193359e-01
-7.266824245452880859e-01
-7.211811542510986328e-01
-7.156798839569091797e-01
-7.102499604225158691e-01
-7.104378938674926758e-01
-7.149758338928222656e-01
-7.246330976486206055e-01
-7.368758320808410645e-01
-7.484971284866333008e-01
-7.559803724288940430e-01
-7.610783576965332031e-01
-7.702392339706420898e-01
-7.796700000762939453e-01
-7.878640890121459961e-01
-7.955287694931030273e-01
-8.031932711601257324e-01
-8.108578920364379883e-01
-8.140928745269775391e-01
-8.149690628051757812e-01
-8.158454895019531250e-01
-8.158921599388122559e-01
-8.150442838668823242e-01
-8.121920824050903320e-01
-8.094764947891235352e-01
-8.060438632965087891e-01
-8.009487390518188477e-01
-7.962949872016906738e-01
-7.917189598083496094e-01
-7.841220498085021973e-01
-7.765962481498718262e-01
-7.786444425582885742e-01
-7.817159891128540039e-01
-7.807322740554809570e-01
-7.818172574043273926e-01
-7.817243337631225586e-01
-7.816312313079833984e-01
-7.853797078132629395e-01
-7.936323285102844238e-01
-8.022435903549194336e-01
-8.108547925949096680e-01
-8.194663524627685547e-01
-8.165783286094665527e-01
-5.685158967971801758e-01
-5.666942596435546875e-01
-5.648721456527709961e-01
-5.660963058471679688e-01
-5.709578990936279297e-01
-5.758197903633117676e-01
-5.811852812767028809e-01
-5.889238119125366211e-01
-5.966625809669494629e-01
-6.074759960174560547e-01
-6.227345466613769531e-01
-6.377573013305664062e-01
-6.520835161209106445e-01
-6.629562377929687500e-01
-6.724144816398620605e-01
-6.821556091308593750e-01
-6.918967962265014648e-01
-7.016378641128540039e-01
-7.078567743301391602e-01
-7.132202386856079102e-01
-7.185839414596557617e-01
-7.229507565498352051e-01
-7.238847017288208008e-01
-7.242499589920043945e-01
-7.207427024841308594e-01
-7.166956067085266113e-01
-7.234303951263427734e-01
-7.298888564109802246e-01
-7.350028157234191895e-01
-7.378461360931396484e-01
-7.417732477188110352e-01
-7.412356138229370117e-01
-7.371932268142700195e-01
-7.336354255676269531e-01
-7.345642447471618652e-01
-7.369952797889709473e-01
-7.376781702041625977e-01
-7.413355112075805664e-01
-7.452345490455627441e-01
-7.446656227111816406e-01
-7.452567815780639648e-01
-7.496402263641357422e-01
-7.547593712806701660e-01
-7.605032324790954590e-01
-7.630662918090820312e-01
-7.623716592788696289e-01
-7.616771459579467773e-01
-7.588223218917846680e-01
-7.528381347656250000e-01
-7.447293996810913086e-01
-7.375982999801635742e-01
-7.288751602172851562e-01
-7.203485965728759766e-01
-7.118498086929321289e-01
-7.033513188362121582e-01
-6.952962279319763184e-01
-6.881701350212097168e-01
-6.830272674560546875e-01
-6.782640814781188965e-01
-6.762282848358154297e-01
-6.741921901702880859e-01
-6.721560955047607422e-01
-6.702398061752319336e-01
-6.691281795501708984e-01
-6.696398258209228516e-01
-6.713948249816894531e-01
-6.744092702865600586e-01
-6.811660528182983398e-01
-6.875340938568115234e-01
-6.945025920867919922e-01
-7.014710903167724609e-01
-7.047280073165893555e-01
-7.033437490463256836e-01
-7.072035670280456543e-01
-7.160210609436035156e-01
-7.254098653793334961e-01
-7.347236871719360352e-01
-7.412968277931213379e-01
-7.471231222152709961e-01
-7.507890462875366211e-01
-7.538831233978271484e-01
-7.550158500671386719e-01
-7.577339410781860352e-01
-7.532217502593994141e-01
-7.442528009414672852e-01
-7.355305552482604980e-01
-7.268677949905395508e-01
-7.171925306320190430e-01
-7.106042504310607910e-01
-7.051032781600952148e-01
-6.996018886566162109e-01
-6.965806484222412109e-01
-6.993494033813476562e-01
-7.075697779655456543e-01
-7.167286276817321777e-01
-7.269974946975708008e-01
-7.364810705184936523e-01
-7.447122335433959961e-01
-7.512447834014892578e-01
-7.643088698387145996e-01
-7.755906581878662109e-01
-7.838441133499145508e-01
-7.915090322494506836e-01
-7.991735339164733887e-01
-8.064839243888854980e-01
-8.074285387992858887e-01
-8.083049058914184570e-01
-8.091809749603271484e-01
-8.100572824478149414e-01
-8.093090057373046875e-01
-8.072444200515747070e-01
-8.056772947311401367e-01
-8.030940294265747070e-01
-7.981895208358764648e-01
-7.932944297790527344e-01
-7.870309352874755859e-01
-7.797211408615112305e-01
-7.801266908645629883e-01
-7.850909233093261719e-01
-7.873816490173339844e-01
-7.890853881835937500e-01
-7.907590866088867188e-01
-7.909491062164306641e-01
-7.925940752029418945e-01
-7.979907989501953125e-01
-8.066021203994750977e-01
-8.152133822441101074e-01
-8.238250017166137695e-01
-8.221888542175292969e-01
-5.766570568084716797e-01
-5.748354196548461914e-01
-5.730134248733520508e-01
-5.711916685104370117e-01
-5.693697333335876465e-01
-5.694283246994018555e-01
-5.769889354705810547e-01
-5.846054553985595703e-01
-5.918374061584472656e-01
-6.043179035186767578e-01
-6.190839409828186035e-01
-6.322932243347167969e-01
-6.427197456359863281e-01
-6.508356332778930664e-01
-6.605770587921142578e-01
-6.703184843063354492e-01
-6.800591945648193359e-01
-6.865280866622924805e-01
-6.914503574371337891e-01
-6.963729262351989746e-01
-7.012947797775268555e-01
-7.049784660339355469e-01
-7.045414447784423828e-01
-7.027578353881835938e-01
-6.984972953796386719e-01
-6.948282122611999512e-01
-7.042682170867919922e-01
-7.105696201324462891e-01
-7.151151299476623535e-01
-7.208315134048461914e-01
-7.274107336997985840e-01
-7.287126779556274414e-01
-7.307069301605224609e-01
-7.342092990875244141e-01
-7.342221736907958984e-01
-7.381456494331359863e-01
-7.401707172393798828e-01
-7.446398735046386719e-01
-7.506220936775207520e-01
-7.520624995231628418e-01
-7.496092915534973145e-01
-7.547284960746765137e-01
-7.601983547210693359e-01
-7.659870386123657227e-01
-7.708601951599121094e-01
-7.701652646064758301e-01
-7.691956758499145508e-01
-7.648380398750305176e-01
-7.579878568649291992e-01
-7.517746686935424805e-01
-7.444710731506347656e-01
-7.377125024795532227e-01
-7.281755208969116211e-01
-7.196770906448364258e-01
-7.111781835556030273e-01
-7.033157348632812500e-01
-6.955453157424926758e-01
-6.882607340812683105e-01
-6.854136586189270020e-01
-6.836553812026977539e-01
-6.816195249557495117e-01
-6.795833706855773926e-01
-6.775475740432739258e-01
-6.757653355598449707e-01
-6.765441894531250000e-01
-6.767627000808715820e-01
-6.799628138542175293e-01
-6.838493347167968750e-01
-6.896449923515319824e-01
-6.961350440979003906e-01
-7.030725479125976562e-01
-7.069458365440368652e-01
-7.066658139228820801e-01
-7.063323259353637695e-01
-7.142107486724853516e-01
-7.233870625495910645e-01
-7.312655448913574219e-01
-7.370091080665588379e-01
-7.423894405364990234e-01
-7.481255531311035156e-01
-7.504012584686279297e-01
-7.514572143554687500e-01
-7.535178065299987793e-01
-7.475784420967102051e-01
-7.386932969093322754e-01
-7.300304770469665527e-01
-7.213674783706665039e-01
-7.127047181129455566e-01
-7.040420770645141602e-01
-6.953789591789245605e-01
-6.890252232551574707e-01
-6.844626665115356445e-01
-6.847817897796630859e-01
-6.922311782836914062e-01
-7.007880210876464844e-01
-7.098352909088134766e-01
-7.176731824874877930e-01
-7.241816520690917969e-01
-7.328829169273376465e-01
-7.437090277671813965e-01
-7.575865983963012695e-01
-7.697110772132873535e-01
-7.798244357109069824e-01
-7.874893546104431152e-01
-7.951541543006896973e-01
-7.998886704444885254e-01
-8.007647395133972168e-01
-8.016408681869506836e-01
-8.025169372558593750e-01
-8.031654953956604004e-01
-8.021545410156250000e-01
-8.006430864334106445e-01
-7.993710041046142578e-01
-7.978239059448242188e-01
-7.946886420249938965e-01
-7.908093929290771484e-01
-7.835032343864440918e-01
-7.822502851486206055e-01
-7.874329090118408203e-01
-7.919583320617675781e-01
-7.933025360107421875e-01
-7.960886955261230469e-01
-7.984989285469055176e-01
-8.001741170883178711e-01
-8.038012981414794922e-01
-8.109605312347412109e-01
-8.195721507072448730e-01
-8.281832933425903320e-01
-8.273209333419799805e-01
-5.847980380058288574e-01
-5.829764008522033691e-01
-5.811545848846435547e-01
-5.793325304985046387e-01
-5.775105357170104980e-01
-5.779904127120971680e-01
-5.789229869842529297e-01
-5.796871781349182129e-01
-5.861251354217529297e-01
-5.993763208389282227e-01
-6.124886274337768555e-01
-6.227556467056274414e-01
-6.302365660667419434e-01
-6.389982700347900391e-01
-6.487395763397216797e-01
-6.584804058074951172e-01
-6.653746366500854492e-01
-6.702969074249267578e-01
-6.752191781997680664e-01
-6.801412105560302734e-01
-6.847960352897644043e-01
-6.870242357254028320e-01
-6.859440803527832031e-01
-6.833355426788330078e-01
-6.792261600494384766e-01
-6.753202676773071289e-01
-6.820397377014160156e-01
-6.888638138771057129e-01
-6.956940293312072754e-01
-7.023993134498596191e-01
-7.097000479698181152e-01
-7.162317633628845215e-01
-7.226555943489074707e-01
-7.274781465530395508e-01
-7.310948371887207031e-01
-7.398933172225952148e-01
-7.431836128234863281e-01
-7.484556436538696289e-01
-7.548578977584838867e-01
-7.597479224205017090e-01
-7.576303482055664062e-01
-7.598935961723327637e-01
-7.656822204589843750e-01
-7.714706063270568848e-01
-7.772591114044189453e-01
-7.779591083526611328e-01
-7.768872976303100586e-01
-7.718882560729980469e-01
-7.659513354301452637e-01
-7.593156099319458008e-01
-7.532849311828613281e-01
-7.460385560989379883e-01
-7.360027432441711426e-01
-7.275166511535644531e-01
-7.196466922760009766e-01
-7.095987796783447266e-01
-7.011616826057434082e-01
-6.940143704414367676e-01
-6.925632953643798828e-01
-6.910485029220581055e-01
-6.890469789505004883e-01
-6.870111227035522461e-01
-6.849510669708251953e-01
-6.824728250503540039e-01
-6.805292367935180664e-01
-6.824255585670471191e-01
-6.859117746353149414e-01
-6.887357234954833984e-01
-6.929399967193603516e-01
-6.979680061340332031e-01
-7.042433023452758789e-01
-7.107554674148559570e-01
-7.104531526565551758e-01
-7.099705934524536133e-01
-7.128033041954040527e-01
-7.213002443313598633e-01
-7.279406785964965820e-01
-7.335231304168701172e-01
-7.391058802604675293e-01
-7.436522245407104492e-01
-7.469286918640136719e-01
-7.479234933853149414e-01
-7.493196725845336914e-01
-7.419350743293762207e-01
-7.331928014755249023e-01
-7.245301008224487305e-01
-7.158675193786621094e-01
-7.072043418884277344e-01
-6.985415220260620117e-01
-6.898788213729858398e-01
-6.812424659729003906e-01
-6.729136705398559570e-01
-6.732677221298217773e-01
-6.785377264022827148e-01
-6.862328052520751953e-01
-6.947920918464660645e-01
-7.024654150009155273e-01
-7.069603204727172852e-01
-7.120151519775390625e-01
-7.205835580825805664e-01
-7.349110841751098633e-01
-7.499662637710571289e-01
-7.632196545600891113e-01
-7.740573883056640625e-01
-7.834694385528564453e-01
-7.898101210594177246e-01
-7.932242751121520996e-01
-7.941004633903503418e-01
-7.949768900871276855e-01
-7.958528399467468262e-01
-7.953466773033142090e-01
-7.943354845046997070e-01
-7.934964299201965332e-01
-7.929673194885253906e-01
-7.917041182518005371e-01
-7.891432642936706543e-01
-7.844869494438171387e-01
-7.834262847900390625e-01
-7.895505428314208984e-01
-7.946432828903198242e-01
-7.983369231224060059e-01
-8.010697364807128906e-01
-8.034799098968505859e-01
-8.058895468711853027e-01
-8.099173307418823242e-01
-8.152168989181518555e-01
-8.242961168289184570e-01
-8.327987194061279297e-01
-8.325915336608886719e-01
-5.929395556449890137e-01
-5.911180973052978516e-01
-5.892961621284484863e-01
-5.874739885330200195e-01
-5.875115394592285156e-01
-5.884003639221191406e-01
-5.882214307785034180e-01
-5.867544412612915039e-01
-5.872316360473632812e-01
-5.936346650123596191e-01
-6.030585169792175293e-01
-6.103689670562744141e-01
-6.178902983665466309e-01
-6.271606683731079102e-01
-6.369019746780395508e-01
-6.442211270332336426e-01
-6.491434574127197266e-01
-6.540653705596923828e-01
-6.589878201484680176e-01
-6.629112958908081055e-01
-6.665979623794555664e-01
-6.685836911201477051e-01
-6.673985719680786133e-01
-6.643197536468505859e-01
-6.604140996932983398e-01
-6.551219820976257324e-01
-6.604189872741699219e-01
-6.664808392524719238e-01
-6.747995615005493164e-01
-6.859077215194702148e-01
-6.992869973182678223e-01
-7.055752277374267578e-01
-7.126376032829284668e-01
-7.193730473518371582e-01
-7.252942323684692383e-01
-7.362487316131591797e-01
-7.434037923812866211e-01
-7.523152828216552734e-01
-7.601252794265747070e-01
-7.666581273078918457e-01
-7.665666341781616211e-01
-7.653772830963134766e-01
-7.711659669876098633e-01
-7.769542336463928223e-01
-7.827430963516235352e-01
-7.876228094100952148e-01
-7.858340740203857422e-01
-7.801904678344726562e-01
-7.741599082946777344e-01
-7.681294679641723633e-01
-7.620987296104431152e-01
-7.543648481369018555e-01
-7.441949844360351562e-01
-7.346777319908142090e-01
-7.246297597885131836e-01
-7.146185040473937988e-01
-7.067779302597045898e-01
-7.017122507095336914e-01
-7.003760337829589844e-01
-6.988420486450195312e-01
-6.967825889587402344e-01
-6.924946308135986328e-01
-6.893382668495178223e-01
-6.873583793640136719e-01
-6.877846121788024902e-01
-6.890546083450317383e-01
-6.915214061737060547e-01
-6.949515342712402344e-01
-6.978923678398132324e-01
-7.011729478836059570e-01
-7.080543637275695801e-01
-7.129396200180053711e-01
-7.145189046859741211e-01
-7.142388820648193359e-01
-7.139590978622436523e-01
-7.188947796821594238e-01
-7.247143983840942383e-01
-7.302969694137573242e-01
-7.352058887481689453e-01
-7.384827136993408203e-01
-7.417590618133544922e-01
-7.450351715087890625e-01
-7.452038526535034180e-01
-7.363550662994384766e-01
-7.276923656463623047e-01
-7.190296053886413574e-01
-7.103668451309204102e-01
-7.017041444778442383e-01
-6.933069229125976562e-01
-6.849783658981323242e-01
-6.766496896743774414e-01
-6.683208346366882324e-01
-6.648011207580566406e-01
-6.650092601776123047e-01
-6.706435084342956543e-01
-6.794487237930297852e-01
-6.886188983917236328e-01
-6.934044957160949707e-01
-6.965862512588500977e-01
-7.012460827827453613e-01
-7.095082998275756836e-01
-7.257367372512817383e-01
-7.410687208175659180e-01
-7.554284930229187012e-01
-7.676519155502319336e-01
-7.781803607940673828e-01
-7.832520604133605957e-01
-7.865602374076843262e-01
-7.874362468719482422e-01
-7.883124351501464844e-01
-7.885385751724243164e-01
-7.875275015830993652e-01
-7.865164279937744141e-01
-7.860505580902099609e-01
-7.862566709518432617e-01
-7.860607504844665527e-01
-7.835870981216430664e-01
-7.802597284317016602e-01
-7.871707677841186523e-01
-7.941749095916748047e-01
-8.000579476356506348e-01
-8.043594360351562500e-01
-8.084607124328613281e-01
-8.108708858489990234e-01
-8.132811784744262695e-01
-8.192908167839050293e-01
-8.271108865737915039e-01
-8.365659117698669434e-01
-8.379328250885009766e-01
-6.010806560516357422e-01
-5.992590188980102539e-01
-5.974370837211608887e-01
-5.970332622528076172e-01
-5.976271033287048340e-01
-5.962662696838378906e-01
-5.945260524749755859e-01
-5.923061370849609375e-01
-5.952471494674682617e-01
-5.986720323562622070e-01
-5.992987751960754395e-01
-5.999450087547302246e-01
-6.059368848800659180e-01
-6.154671907424926758e-01
-6.230887770652770996e-01
-6.279898881912231445e-01
-6.329118013381958008e-01
-6.372641324996948242e-01
-6.410259008407592773e-01
-6.447878479957580566e-01
-6.483708024024963379e-01
-6.502932310104370117e-01
-6.494112014770507812e-01
-6.455077528953552246e-01
-6.407727003097534180e-01
-6.344342231750488281e-01
-6.382540464401245117e-01
-6.469050645828247070e-01
-6.590001583099365234e-01
-6.713381409645080566e-01
-6.828678250312805176e-01
-6.929786205291748047e-01
-7.026869058609008789e-01
-7.113494873046875000e-01
-7.186008095741271973e-01
-7.311116456985473633e-01
-7.420866489410400391e-01
-7.533041238784790039e-01
-7.629259824752807617e-01
-7.728068828582763672e-01
-7.774660587310791016e-01
-7.744027376174926758e-01
-7.775318622589111328e-01
-7.837824821472167969e-01
-7.918711900711059570e-01
-7.986012697219848633e-01
-7.950353026390075684e-01
-7.890046834945678711e-01
-7.829740047454833984e-01
-7.769433259963989258e-01
-7.709128856658935547e-01
-7.622918486595153809e-01
-7.504009008407592773e-01
-7.396609187126159668e-01
-7.296130061149597168e-01
-7.200343608856201172e-01
-7.123941779136657715e-01
-7.094104290008544922e-01
-7.080740928649902344e-01
-7.049205303192138672e-01
-7.012578248977661133e-01
-6.971561908721923828e-01
-6.945589184761047363e-01
-6.939732432365417480e-01
-6.952435970306396484e-01
-6.965142488479614258e-01
-6.981402635574340820e-01
-7.013007402420043945e-01
-7.054568529129028320e-01
-7.093209028244018555e-01
-7.124425768852233887e-01
-7.158236503601074219e-01
-7.190818190574645996e-01
-7.188020944595336914e-01
-7.181795835494995117e-01
-7.169520854949951172e-01
-7.214578390121459961e-01
-7.267336845397949219e-01
-7.300364971160888672e-01
-7.333127260208129883e-01
-7.365893125534057617e-01
-7.398656606674194336e-01
-7.416201829910278320e-01
-7.317613363265991211e-01
-7.226524353027343750e-01
-7.137140631675720215e-01
-7.053714394569396973e-01
-6.970427036285400391e-01
-6.887139678001403809e-01
-6.803854107856750488e-01
-6.720563769340515137e-01
-6.637279391288757324e-01
-6.593442559242248535e-01
-6.587417721748352051e-01
-6.608927249908447266e-01
-6.635873913764953613e-01
-6.710559725761413574e-01
-6.785095930099487305e-01
-6.823463439941406250e-01
-6.865407824516296387e-01
-6.905729174613952637e-01
-7.012532949447631836e-01
-7.165619730949401855e-01
-7.318866252899169922e-01
-7.462850213050842285e-01
-7.597061991691589355e-01
-7.696149349212646484e-01
-7.759017944335937500e-01
-7.798960804939270020e-01
-7.807722091674804688e-01
-7.816482782363891602e-01
-7.807195186614990234e-01
-7.798102498054504395e-01
-7.791980504989624023e-01
-7.791540622711181641e-01
-7.793599963188171387e-01
-7.793702483177185059e-01
-7.779265046119689941e-01
-7.840221524238586426e-01
-7.908833622932434082e-01
-7.978872656822204590e-01
-8.040744066238403320e-01
-8.097108602523803711e-01
-8.136540651321411133e-01
-8.170472979545593262e-01
-8.212964534759521484e-01
-8.273110389709472656e-01
-8.366967439651489258e-01
-8.376320600509643555e-01
-6.186524629592895508e-01
-6.156883239746093750e-01
-6.137001514434814453e-01
-6.117149591445922852e-01
-6.091254949569702148e-01
-6.060172915458679199e-01
-6.026558279991149902e-01
-5.987495183944702148e-01
-6.006786823272705078e-01
-6.010117530822753906e-01
-6.016377210617065430e-01
-6.023091077804565430e-01
-6.039687395095825195e-01
-6.053311824798583984e-01
-6.071256399154663086e-01
-6.117845773696899414e-01
-6.154236197471618652e-01
-6.191409826278686523e-01
-6.229028701782226562e-01
-6.267742514610290527e-01
-6.307063698768615723e-01
-6.323056221008300781e-01
-6.306014060974121094e-01
-6.264233589172363281e-01
-6.204373836517333984e-01
-6.151928901672363281e-01
-6.207574009895324707e-01
-6.325833797454833984e-01
-6.435337066650390625e-01
-6.550635099411010742e-01
-6.669896245002746582e-01
-6.785292625427246094e-01
-6.889447569847106934e-01
-7.016474008560180664e-01
-7.130613327026367188e-01
-7.267100811004638672e-01
-7.376855611801147461e-01
-7.488200664520263672e-01
-7.606776952743530273e-01
-7.729179859161376953e-01
-7.832447290420532227e-01
-7.842757701873779297e-01
-7.880717515945434570e-01
-7.972738742828369141e-01
-8.045050501823425293e-01
-8.100159168243408203e-01
-8.058785200119018555e-01
-7.994064092636108398e-01
-7.929342985153198242e-01
-7.864619493484497070e-01
-7.782964706420898438e-01
-7.677746415138244629e-01
-7.558828592300415039e-01
-7.446437478065490723e-01
-7.345957756042480469e-01
-7.256505489349365234e-01
-7.184448242187500000e-01
-7.154176235198974609e-01
-7.120352983474731445e-01
-7.086529731750488281e-01
-7.052708268165588379e-01
-7.031960487365722656e-01
-7.017581462860107422e-01
-7.023810148239135742e-01
-7.033033370971679688e-01
-7.043845653533935547e-01
-7.061277627944946289e-01
-7.098222970962524414e-01
-7.164603471755981445e-01
-7.188366651535034180e-01
-7.176373004913330078e-01
-7.192917466163635254e-01
-7.231918573379516602e-01
-7.233651876449584961e-01
-7.212145328521728516e-01
-7.175865769386291504e-01
-7.182925939559936523e-01
-7.215902805328369141e-01
-7.248665094375610352e-01
-7.281428575515747070e-01
-7.314196228981018066e-01
-7.346960306167602539e-01
-7.353227138519287109e-01
-7.275547981262207031e-01
-7.188637256622314453e-01
-7.100886106491088867e-01
-7.013133764266967773e-01
-6.925382614135742188e-01
-6.841211318969726562e-01
-6.757923960685729980e-01
-6.674636602401733398e-01
-6.597173810005187988e-01
-6.551647186279296875e-01
-6.532851457595825195e-01
-6.540815830230712891e-01
-6.567764282226562500e-01
-6.594889163970947266e-01
-6.630347967147827148e-01
-6.661539077758789062e-01
-6.699202656745910645e-01
-6.741513013839721680e-01
-6.790513992309570312e-01
-6.938190460205078125e-01
-7.073870897293090820e-01
-7.227044701576232910e-01
-7.369500398635864258e-01
-7.495365142822265625e-01
-7.590478062629699707e-01
-7.672960162162780762e-01
-7.729170322418212891e-01
-7.741082310676574707e-01
-7.739402055740356445e-01
-7.733280658721923828e-01
-7.727162241935729980e-01
-7.721036672592163086e-01
-7.722568511962890625e-01
-7.724629640579223633e-01
-7.723330259323120117e-01
-7.795854210853576660e-01
-7.861238718032836914e-01
-7.920157909393310547e-01
-7.970977425575256348e-01
-8.021081686019897461e-01
-8.066202998161315918e-01
-8.090751171112060547e-01
-8.107200860977172852e-01
-8.156749010086059570e-01
-8.222151398658752441e-01
-8.260163068771362305e-01
-6.378927230834960938e-01
-6.344254016876220703e-01
-6.319538354873657227e-01
-6.293643712997436523e-01
-6.260302066802978516e-01
-6.226682662963867188e-01
-6.184353828430175781e-01
-6.146326065063476562e-01
-6.141169071197509766e-01
-6.136019825935363770e-01
-6.130863428115844727e-01
-6.126685738563537598e-01
-6.126553416252136230e-01
-6.096293926239013672e-01
-6.057308912277221680e-01
-6.015440821647644043e-01
-5.998256206512451172e-01
-6.024318933486938477e-01
-6.052929162979125977e-01
-6.091573238372802734e-01
-6.130893826484680176e-01
-6.143184304237365723e-01
-6.120042800903320312e-01
-6.070715785026550293e-01
-6.033155918121337891e-01
-6.004718542098999023e-01
-6.060326099395751953e-01
-6.159898042678833008e-01
-6.272594332695007324e-01
-6.389315128326416016e-01
-6.520029306411743164e-01
-6.643804311752319336e-01
-6.767655014991760254e-01
-6.914682388305664062e-01
-7.042888402938842773e-01
-7.195513248443603516e-01
-7.331243157386779785e-01
-7.443068027496337891e-01
-7.561642527580261230e-01
-7.684811353683471680e-01
-7.816430330276489258e-01
-7.913525700569152832e-01
-7.978540658950805664e-01
-8.069592714309692383e-01
-8.177000284194946289e-01
-8.199265003204345703e-01
-8.176051378250122070e-01
-8.111332654953002930e-01
-8.033539056777954102e-01
-7.952007055282592773e-01
-7.866897583007812500e-01
-7.759912610054016113e-01
-7.636585831642150879e-01
-7.514790296554565430e-01
-7.409893870353698730e-01
-7.306712865829467773e-01
-7.230600118637084961e-01
-7.192364931106567383e-01
-7.157678604125976562e-01
-7.123855948448181152e-01
-7.101696729660034180e-01
-7.094677090644836426e-01
-7.110964059829711914e-01
-7.119133472442626953e-01
-7.127300500869750977e-01
-7.136192321777343750e-01
-7.151178121566772461e-01
-7.228961586952209473e-01
-7.279566526412963867e-01
-7.276242971420288086e-01
-7.256337404251098633e-01
-7.241486907005310059e-01
-7.262756824493408203e-01
-7.274051904678344727e-01
-7.239506244659423828e-01
-7.197291851043701172e-01
-7.146959304809570312e-01
-7.165635824203491211e-01
-7.196969985961914062e-01
-7.229732275009155273e-01
-7.265651226043701172e-01
-7.301752567291259766e-01
-7.297533154487609863e-01
-7.217428088188171387e-01
-7.151820659637451172e-01
-7.064632773399353027e-01
-6.976879835128784180e-01
-6.889129877090454102e-01
-6.801379919052124023e-01
-6.713628768920898438e-01
-6.628706455230712891e-01
-6.558023691177368164e-01
-6.512494683265686035e-01
-6.478288173675537109e-01
-6.472705602645874023e-01
-6.499650478363037109e-01
-6.526597142219543457e-01
-6.554057598114013672e-01
-6.561113595962524414e-01
-6.552392840385437012e-01
-6.574941873550415039e-01
-6.617111563682556152e-01
-6.682581901550292969e-01
-6.841237545013427734e-01
-6.977133750915527344e-01
-7.130917906761169434e-01
-7.276149392127990723e-01
-7.376631498336791992e-01
-7.471801638603210449e-01
-7.566970586776733398e-01
-7.638519406318664551e-01
-7.663688659667968750e-01
-7.650051712989807129e-01
-7.629422545433044434e-01
-7.605813741683959961e-01
-7.583661079406738281e-01
-7.568231821060180664e-01
-7.552806735038757324e-01
-7.625563740730285645e-01
-7.692424654960632324e-01
-7.748063206672668457e-01
-7.807071208953857422e-01
-7.856369614601135254e-01
-7.918555736541748047e-01
-7.955622673034667969e-01
-7.978792786598205566e-01
-8.015691041946411133e-01
-8.071737289428710938e-01
-8.092642426490783691e-01
-6.548103094100952148e-01
-6.521923542022705078e-01
-6.494046449661254883e-01
-6.460430622100830078e-01
-6.426305174827575684e-01
-6.381214857101440430e-01
-6.323364973068237305e-01
-6.280715465545654297e-01
-6.275554299354553223e-01
-6.270396709442138672e-01
-6.265404224395751953e-01
-6.256718635559082031e-01
-6.219260692596435547e-01
-6.177396774291992188e-01
-6.135532259941101074e-01
-6.093768477439880371e-01
-6.055445671081542969e-01
-6.017120480537414551e-01
-5.990160703659057617e-01
-6.016837358474731445e-01
-6.044602394104003906e-01
-6.047392487525939941e-01
-6.010975241661071777e-01
-5.979346036911010742e-01
-5.939972400665283203e-01
-5.887562036514282227e-01
-5.907207727432250977e-01
-6.002494096755981445e-01
-6.109851002693176270e-01
-6.233160495758056641e-01
-6.377550363540649414e-01
-6.518394351005554199e-01
-6.662452816963195801e-01
-6.822212934494018555e-01
-6.955864429473876953e-01
-7.097216248512268066e-01
-7.237628102302551270e-01
-7.372931838035583496e-01
-7.516871690750122070e-01
-7.653558254241943359e-01
-7.827444076538085938e-01
-7.978928089141845703e-01
-8.031312823295593262e-01
-8.116518855094909668e-01
-8.210781812667846680e-01
-8.257131576538085938e-01
-8.286208510398864746e-01
-8.201259970664978027e-01
-8.121047616004943848e-01
-8.040833473205566406e-01
-7.950110435485839844e-01
-7.843864560127258301e-01
-7.720537185668945312e-01
-7.582825422286987305e-01
-7.454614043235778809e-01
-7.352350354194641113e-01
-7.298440933227539062e-01
-7.262229323387145996e-01
-7.226021289825439453e-01
-7.192959785461425781e-01
-7.177765369415283203e-01
-7.192071080207824707e-01
-7.209233045578002930e-01
-7.217993140220642090e-01
-7.222654819488525391e-01
-7.234231829643249512e-01
-7.289346456527709961e-01
-7.366338372230529785e-01
-7.386691570281982422e-01
-7.368822097778320312e-01
-7.339885234832763672e-01
-7.319371104240417480e-01
-7.305613756179809570e-01
-7.300747632980346680e-01
-7.264675498008728027e-01
-7.213898301124572754e-01
-7.147949337959289551e-01
-7.121285200119018555e-01
-7.150816321372985840e-01
-7.186917662620544434e-01
-7.223024368286132812e-01
-7.259367108345031738e-01
-7.241845726966857910e-01
-7.161734104156494141e-01
-7.092085480690002441e-01
-7.028086781501770020e-01
-6.940625309944152832e-01
-6.852875947952270508e-01
-6.765126585960388184e-01
-6.677374839782714844e-01
-6.589623689651489258e-01
-6.521254777908325195e-01
-6.473343968391418457e-01
-6.427813768386840820e-01
-6.417697668075561523e-01
-6.431540250778198242e-01
-6.458483934402465820e-01
-6.485428214073181152e-01
-6.493608951568603516e-01
-6.479923725128173828e-01
-6.471225023269653320e-01
-6.466504335403442383e-01
-6.492702960968017578e-01
-6.587222814559936523e-01
-6.733918190002441406e-01
-6.852719783782958984e-01
-6.974072456359863281e-01
-7.086299657821655273e-01
-7.174751758575439453e-01
-7.259145975112915039e-01
-7.339637279510498047e-01
-7.413522601127624512e-01
-7.438402175903320312e-01
-7.433648705482482910e-01
-7.410037517547607422e-01
-7.386434674263000488e-01
-7.366259694099426270e-01
-7.350833415985107422e-01
-7.425032258033752441e-01
-7.501651048660278320e-01
-7.569362521171569824e-01
-7.625908851623535156e-01
-7.682110071182250977e-01
-7.750473618507385254e-01
-7.808761596679687500e-01
-7.833080291748046875e-01
-7.845245599746704102e-01
-7.889573574066162109e-01
-7.892864942550659180e-01
-6.724312305450439453e-01
-6.694173812866210938e-01
-6.660550832748413086e-01
-6.624073982238769531e-01
-6.578074693679809570e-01
-6.522133350372314453e-01
-6.430754661560058594e-01
-6.415096521377563477e-01
-6.409934163093566895e-01
-6.404780149459838867e-01
-6.396917104721069336e-01
-6.339350938796997070e-01
-6.297486424446105957e-01
-6.255615949630737305e-01
-6.216408014297485352e-01
-6.178088188171386719e-01
-6.139771938323974609e-01
-6.101031303405761719e-01
-6.060895919799804688e-01
-6.024941205978393555e-01
-6.004505157470703125e-01
-6.025036573410034180e-01
-5.995272397994995117e-01
-5.956523418426513672e-01
-5.892357826232910156e-01
-5.831052660942077637e-01
-5.850656032562255859e-01
-5.950744748115539551e-01
-6.060283184051513672e-01
-6.185704469680786133e-01
-6.336468458175659180e-01
-6.481474637985229492e-01
-6.623089313507080078e-01
-6.782407164573669434e-01
-6.907826662063598633e-01
-7.029098868370056152e-01
-7.160170078277587891e-01
-7.284057140350341797e-01
-7.449814081192016602e-01
-7.659567594528198242e-01
-7.859573364257812500e-01
-8.019967079162597656e-01
-8.084503412246704102e-01
-8.105154037475585938e-01
-8.186769485473632812e-01
-8.231790661811828613e-01
-8.268652558326721191e-01
-8.247489333152770996e-01
-8.200997710227966309e-01
-8.129661083221435547e-01
-8.033323287963867188e-01
-7.914696335792541504e-01
-7.771943807601928711e-01
-7.630184888839721680e-01
-7.504349946975708008e-01
-7.408864498138427734e-01
-7.372653484344482422e-01
-7.336446642875671387e-01
-7.300237417221069336e-01
-7.281404733657836914e-01
-7.288944721221923828e-01
-7.306256294250488281e-01
-7.323569059371948242e-01
-7.339903712272644043e-01
-7.349126338958740234e-01
-7.398145198822021484e-01
-7.448391914367675781e-01
-7.498746514320373535e-01
-7.505382895469665527e-01
-7.484854459762573242e-01
-7.440285682678222656e-01
-7.401040196418762207e-01
-7.369700074195861816e-01
-7.330834865570068359e-01
-7.287356257438659668e-01
-7.224895954132080078e-01
-7.162289023399353027e-01
-7.099679112434387207e-01
-7.111071348190307617e-01
-7.144296765327453613e-01
-7.180402874946594238e-01
-7.218173146247863770e-01
-7.186153531074523926e-01
-7.106044292449951172e-01
-7.029796242713928223e-01
-6.969366669654846191e-01
-6.904357671737670898e-01
-6.816622614860534668e-01
-6.728869080543518066e-01
-6.641121506690979004e-01
-6.553367972373962402e-01
-6.491776108741760254e-01
-6.441785097122192383e-01
-6.391795277595520020e-01
-6.363131999969482422e-01
-6.362764835357666016e-01
-6.382612586021423340e-01
-6.400564908981323242e-01
-6.403298377990722656e-01
-6.365351676940917969e-01
-6.331226825714111328e-01
-6.305065751075744629e-01
-6.282858848571777344e-01
-6.265526413917541504e-01
-6.365705728530883789e-01
-6.498649716377258301e-01
-6.607344746589660645e-01
-6.718302369117736816e-01
-6.795188188552856445e-01
-6.885712146759033203e-01
-6.978157758712768555e-01
-7.070602774620056152e-01
-7.144915461540222168e-01
-7.179859280586242676e-01
-7.200192213058471680e-01
-7.190662622451782227e-01
-7.167056798934936523e-01
-7.148857712745666504e-01
-7.207090258598327637e-01
-7.300889492034912109e-01
-7.377740144729614258e-01
-7.443512678146362305e-01
-7.488617897033691406e-01
-7.526217699050903320e-01
-7.599646449089050293e-01
-7.642629742622375488e-01
-7.662132978439331055e-01
-7.685430049896240234e-01
-7.696452736854553223e-01
-6.894298791885375977e-01
-6.860685348510742188e-01
-6.821849346160888672e-01
-6.774935126304626465e-01
-6.720912456512451172e-01
-6.629521250724792480e-01
-6.554630994796752930e-01
-6.549474000930786133e-01
-6.544324159622192383e-01
-6.531713008880615234e-01
-6.468695402145385742e-01
-6.417575478553771973e-01
-6.377369165420532227e-01
-6.339052915573120117e-01
-6.300733685493469238e-01
-6.262413263320922852e-01
-6.224089860916137695e-01
-6.187492609024047852e-01
-6.162903904914855957e-01
-6.156753301620483398e-01
-6.153141260147094727e-01
-6.093679070472717285e-01
-5.982524156570434570e-01
-5.899752378463745117e-01
-5.836039185523986816e-01
-5.779895782470703125e-01
-5.796645879745483398e-01
-5.907580852508544922e-01
-6.029638648033142090e-01
-6.167716383934020996e-01
-6.326669454574584961e-01
-6.487781405448913574e-01
-6.643308401107788086e-01
-6.803183555603027344e-01
-6.931790709495544434e-01
-7.053060531616210938e-01
-7.180847525596618652e-01
-7.341594099998474121e-01
-7.548829317092895508e-01
-7.734992504119873047e-01
-7.912692427635192871e-01
-8.087332844734191895e-01
-8.162354230880737305e-01
-8.161247968673706055e-01
-8.159542083740234375e-01
-8.186571598052978516e-01
-8.217975497245788574e-01
-8.230516314506530762e-01
-8.207662105560302734e-01
-8.160452246665954590e-01
-8.073788881301879883e-01
-7.965760827064514160e-01
-7.823998332023620605e-01
-7.682238221168518066e-01
-7.557744979858398438e-01
-7.483080625534057617e-01
-7.446868419647216797e-01
-7.410658597946166992e-01
-7.385048270225524902e-01
-7.385817766189575195e-01
-7.403134107589721680e-01
-7.420443892478942871e-01
-7.437758445739746094e-01
-7.457460165023803711e-01
-7.517896294593811035e-01
-7.573175430297851562e-01
-7.610799074172973633e-01
-7.634547948837280273e-01
-7.639091610908508301e-01
-7.622144222259521484e-01
-7.575810551643371582e-01
-7.528100013732910156e-01
-7.466650009155273438e-01
-7.406866550445556641e-01
-7.323080301284790039e-01
-7.249163985252380371e-01
-7.182141542434692383e-01
-7.115264534950256348e-01
-7.075763940811157227e-01
-7.101674079895019531e-01
-7.137812972068786621e-01
-7.176980972290039062e-01
-7.130465507507324219e-01
-7.050353884696960449e-01
-6.970246434211730957e-01
-6.907076239585876465e-01
-6.846647262573242188e-01
-6.780367493629455566e-01
-6.689842939376831055e-01
-6.594709157943725586e-01
-6.493510007858276367e-01
-6.421210765838623047e-01
-6.353733539581298828e-01
-6.286260485649108887e-01
-6.223364472389221191e-01
-6.195387840270996094e-01
-6.193745732307434082e-01
-6.203205585479736328e-01
-6.212663054466247559e-01
-6.187548637390136719e-01
-6.135728359222412109e-01
-6.101599931716918945e-01
-6.075463294982910156e-01
-6.053255200386047363e-01
-6.056396961212158203e-01
-6.144793033599853516e-01
-6.256841421127319336e-01
-6.365401744842529297e-01
-6.446151733398437500e-01
-6.512931585311889648e-01
-6.601846218109130859e-01
-6.694292426109313965e-01
-6.786435246467590332e-01
-6.850094199180603027e-01
-6.895810365676879883e-01
-6.941516995429992676e-01
-6.961981058120727539e-01
-6.946001648902893066e-01
-6.978118419647216797e-01
-7.075102329254150391e-01
-7.140724062919616699e-01
-7.205533385276794434e-01
-7.260989546775817871e-01
-7.305270433425903320e-01
-7.354425787925720215e-01
-7.425061464309692383e-01
-7.460328936576843262e-01
-7.481609582901000977e-01
-7.500037550926208496e-01
-7.060810327529907227e-01
-7.019621133804321289e-01
-6.971795558929443359e-01
-6.918816566467285156e-01
-6.828286647796630859e-01
-6.736911535263061523e-01
-6.689015030860900879e-01
-6.680697202682495117e-01
-6.663932800292968750e-01
-6.604632139205932617e-01
-6.542975902557373047e-01
-6.500018835067749023e-01
-6.461697816848754883e-01
-6.423375606536865234e-01
-6.385055780410766602e-01
-6.348859667778015137e-01
-6.320040225982666016e-01
-6.308597326278686523e-01
-6.312974691390991211e-01
-6.321154832839965820e-01
-6.303582191467285156e-01
-6.207683086395263672e-01
-6.068913936614990234e-01
-5.935316085815429688e-01
-5.804765224456787109e-01
-5.739942193031311035e-01
-5.756483674049377441e-01
-5.877321958541870117e-01
-6.003680229187011719e-01
-6.152942180633544922e-01
-6.325201392173767090e-01
-6.504204869270324707e-01
-6.664083003997802734e-01
-6.823959350585937500e-01
-6.955749392509460449e-01
-7.090653181076049805e-01
-7.254432439804077148e-01
-7.459197044372558594e-01
-7.644204497337341309e-01
-7.824234962463378906e-01
-7.997611165046691895e-01
-8.129969835281372070e-01
-8.220922350883483887e-01
-8.224732875823974609e-01
-8.203628659248352051e-01
-8.236306309700012207e-01
-8.269733190536499023e-01
-8.292561769485473633e-01
-8.244940042495727539e-01
-8.189408779144287109e-01
-8.113855123519897461e-01
-8.029466271400451660e-01
-7.910006046295166016e-01
-7.778294086456298828e-01
-7.643720507621765137e-01
-7.578450441360473633e-01
-7.530821561813354492e-01
-7.488689422607421875e-01
-7.482694387435913086e-01
-7.500007152557373047e-01
-7.517319321632385254e-01
-7.534632682800292969e-01
-7.553822994232177734e-01
-7.615742683410644531e-01
-7.685590386390686035e-01
-7.740256190299987793e-01
-7.754366993904113770e-01
-7.763790488243103027e-01
-7.771641016006469727e-01
-7.754499316215515137e-01
-7.716908454895019531e-01
-7.663772702217102051e-01
-7.590713500976562500e-01
-7.509100437164306641e-01
-7.412664890289306641e-01
-7.296997308731079102e-01
-7.226749658584594727e-01
-7.159727215766906738e-01
-7.092703580856323242e-01
-7.083639502525329590e-01
-7.112470269203186035e-01
-7.142333388328552246e-01
-7.066477537155151367e-01
-6.965114474296569824e-01
-6.864913105964660645e-01
-6.777657270431518555e-01
-6.699741482734680176e-01
-6.621831059455871582e-01
-6.536779403686523438e-01
-6.431543827056884766e-01
-6.328263878822326660e-01
-6.260787248611450195e-01
-6.193310618400573730e-01
-6.125834584236145020e-01
-6.058353781700134277e-01
-6.019547581672668457e-01
-6.003774404525756836e-01
-6.008772253990173340e-01
-6.013771891593933105e-01
-6.005715131759643555e-01
-5.957590341567993164e-01
-5.906103253364562988e-01
-5.871976613998413086e-01
-5.845863819122314453e-01
-5.823655128479003906e-01
-5.861567258834838867e-01
-5.949736833572387695e-01
-6.033574342727661133e-01
-6.112025380134582520e-01
-6.183561086654663086e-01
-6.244710683822631836e-01
-6.317982673645019531e-01
-6.410427093505859375e-01
-6.487802267074584961e-01
-6.544072628021240234e-01
-6.579829454421997070e-01
-6.613145470619201660e-01
-6.646468043327331543e-01
-6.707352995872497559e-01
-6.811600923538208008e-01
-6.893508434295654297e-01
-6.956989169120788574e-01
-7.020312547683715820e-01
-7.076640725135803223e-01
-7.118753194808959961e-01
-7.190703749656677246e-01
-7.245526313781738281e-01
-7.275788784027099609e-01
-7.283297777175903320e-01
-7.217200994491577148e-01
-7.168648242950439453e-01
-7.116050720214843750e-01
-7.027066946029663086e-01
-6.935681104660034180e-01
-6.844284534454345703e-01
-6.812916994094848633e-01
-6.796159744262695312e-01
-6.740983724594116211e-01
-6.679633855819702148e-01
-6.623474359512329102e-01
-6.584336757659912109e-01
-6.546015739440917969e-01
-6.508765220642089844e-01
-6.476383209228515625e-01
-6.461999416351318359e-01
-6.464822888374328613e-01
-6.471066474914550781e-01
-6.481707692146301270e-01
-6.467690467834472656e-01
-6.418009996414184570e-01
-6.295983791351318359e-01
-6.156639456748962402e-01
-6.026089191436767578e-01
-5.911353826522827148e-01
-5.816035270690917969e-01
-5.764359235763549805e-01
-5.849362015724182129e-01
-5.986033678054809570e-01
-6.150960922241210938e-01
-6.331568360328674316e-01
-6.524980068206787109e-01
-6.684854030609130859e-01
-6.844730973243713379e-01
-7.005743980407714844e-01
-7.187056541442871094e-01
-7.375102043151855469e-01
-7.560824155807495117e-01
-7.735778093338012695e-01
-7.911462187767028809e-01
-8.028126955032348633e-01
-8.139315843582153320e-01
-8.251812458038330078e-01
-8.271024823188781738e-01
-8.252067565917968750e-01
-8.262492418289184570e-01
-8.295065760612487793e-01
-8.308033943176269531e-01
-8.283511400222778320e-01
-8.222361803054809570e-01
-8.146811723709106445e-01
-8.071255683898925781e-01
-7.976884841918945312e-01
-7.880306839942932129e-01
-7.788515090942382812e-01
-7.763656377792358398e-01
-7.716027498245239258e-01
-7.688877582550048828e-01
-7.694770097732543945e-01
-7.700664997100830078e-01
-7.706558108329772949e-01
-7.713818550109863281e-01
-7.763992547988891602e-01
-7.822416424751281738e-01
-7.876062393188476562e-01
-7.910913825035095215e-01
-7.900830507278442383e-01
-7.891689538955688477e-01
-7.910428047180175781e-01
-7.893926501274108887e-01
-7.861362695693969727e-01
-7.792644500732421875e-01
-7.714626193046569824e-01
-7.614090442657470703e-01
-7.505877614021301270e-01
-7.364535331726074219e-01
-7.238634824752807617e-01
-7.147955298423767090e-01
-7.061629295349121094e-01
-6.986467242240905762e-01
-6.990494728088378906e-01
-7.003585100173950195e-01
-6.909609436988830566e-01
-6.807600855827331543e-01
-6.705594658851623535e-01
-6.607319712638854980e-01
-6.524995565414428711e-01
-6.442667841911315918e-01
-6.360338330268859863e-01
-6.269586086273193359e-01
-6.168671846389770508e-01
-6.100361347198486328e-01
-6.032885909080505371e-01
-5.965408682823181152e-01
-5.897929668426513672e-01
-5.843710899353027344e-01
-5.815732479095458984e-01
-5.819389224052429199e-01
-5.824386477470397949e-01
-5.823215246200561523e-01
-5.781878232955932617e-01
-5.727632045745849609e-01
-5.676474571228027344e-01
-5.642352104187011719e-01
-5.616258978843688965e-01
-5.595289468765258789e-01
-5.666733980178833008e-01
-5.758540630340576172e-01
-5.839642286300659180e-01
-5.865964293479919434e-01
-5.910919904708862305e-01
-5.960195660591125488e-01
-6.014301180839538574e-01
-6.081759333610534668e-01
-6.142937541007995605e-01
-6.192078590393066406e-01
-6.225399971008300781e-01
-6.258720755577087402e-01
-6.318717598915100098e-01
-6.478804349899291992e-01
-6.626452803611755371e-01
-6.702564358711242676e-01
-6.771446466445922852e-01
-6.834764480590820312e-01
-6.892293691635131836e-01
-6.950565576553344727e-01
-7.024458646774291992e-01
-7.065988779067993164e-01
-7.073874473571777344e-01
-7.365512847900390625e-01
-7.313281297683715820e-01
-7.225832939147949219e-01
-7.134450674057006836e-01
-7.036875486373901367e-01
-6.945141553878784180e-01
-6.928381919860839844e-01
-6.879700422286987305e-01
-6.818300485610961914e-01
-6.757508516311645508e-01
-6.706981658935546875e-01
-6.668660640716552734e-01
-6.634558439254760742e-01
-6.616488695144653320e-01
-6.615719795227050781e-01
-6.621043682098388672e-01
-6.631622314453125000e-01
-6.642267107963562012e-01
-6.622166633605957031e-01
-6.578150987625122070e-01
-6.515242457389831543e-01
-6.382380127906799316e-01
-6.251375079154968262e-01
-6.132626533508300781e-01
-6.028062105178833008e-01
-5.939684510231018066e-01
-5.882179737091064453e-01
-5.944566726684570312e-01
-6.027945876121520996e-01
-6.152985692024230957e-01
-6.351935863494873047e-01
-6.546599864959716797e-01
-6.710597276687622070e-01
-6.906833648681640625e-01
-7.116305828094482422e-01
-7.310158014297485352e-01
-7.482255697250366211e-01
-7.655252218246459961e-01
-7.819870114326477051e-01
-7.933150529861450195e-01
-8.044348359107971191e-01
-8.155969977378845215e-01
-8.273015618324279785e-01
-8.313131928443908691e-01
-8.267548084259033203e-01
-8.228357434272766113e-01
-8.266879320144653320e-01
-8.305401206016540527e-01
-8.322079777717590332e-01
-8.255317211151123047e-01
-8.179764151573181152e-01
-8.104211091995239258e-01
-8.010576963424682617e-01
-7.922791242599487305e-01
-7.875884175300598145e-01
-7.876473665237426758e-01
-7.878445982933044434e-01
-7.913724184036254883e-01
-7.919950485229492188e-01
-7.925844192504882812e-01
-7.932595014572143555e-01
-7.982442378997802734e-01
-8.040866851806640625e-01
-8.100090026855468750e-01
-8.145453333854675293e-01
-8.155936002731323242e-01
-8.143451809883117676e-01
-8.114737272262573242e-01
-8.112761378288269043e-01
-8.067358732223510742e-01
-8.002117276191711426e-01
-7.899098396301269531e-01
-7.775453329086303711e-01
-7.641789913177490234e-01
-7.508503198623657227e-01
-7.357758879661560059e-01
-7.194520831108093262e-01
-7.073203325271606445e-01
-6.983185410499572754e-01
-6.894432306289672852e-01
-6.852515935897827148e-01
-6.852483749389648438e-01
-6.752099990844726562e-01
-6.650093197822570801e-01
-6.548083424568176270e-01
-6.446075439453125000e-01
-6.360881924629211426e-01
-6.278554797172546387e-01
-6.196228265762329102e-01
-6.113901734352111816e-01
-6.037374734878540039e-01
-5.965484976768493652e-01
-5.893592834472656250e-01
-5.821701288223266602e-01
-5.749809145927429199e-01
-5.677916407585144043e-01
-5.643368959426879883e-01
-5.630002021789550781e-01
-5.635000467300415039e-01
-5.639998912811279297e-01
-5.614930391311645508e-01
-5.557133555412292480e-01
-5.499334335327148438e-01
-5.446851253509521484e-01
-5.412679910659790039e-01
-5.380347967147827148e-01
-5.380724668502807617e-01
-5.460047721862792969e-01
-5.542345046997070312e-01
-5.587474107742309570e-01
-5.605216622352600098e-01
-5.618770122528076172e-01
-5.641332864761352539e-01
-5.688132643699645996e-01
-5.728411674499511719e-01
-5.789575576782226562e-01
-5.837655067443847656e-01
-5.870974659919738770e-01
-5.915411710739135742e-01
-6.070845127105712891e-01
-6.232517957687377930e-01
-6.379797458648681641e-01
-6.492078304290771484e-01
-6.567159891128540039e-01
-6.641253232955932617e-01
-6.705834269523620605e-01
-6.786842346191406250e-01
-6.852613687515258789e-01
-6.875792741775512695e-01
-7.466480731964111328e-01
-7.388256788253784180e-01
-7.302922010421752930e-01
-7.207881212234497070e-01
-7.112846374511718750e-01
-7.057321071624755859e-01
-7.018730640411376953e-01
-6.957325935363769531e-01
-6.896001100540161133e-01
-6.836146116256713867e-01
-6.794457435607910156e-01
-6.770973205566406250e-01
-6.764919757843017578e-01
-6.771139502525329590e-01
-6.781536936759948730e-01
-6.792180538177490234e-01
-6.801374554634094238e-01
-6.776636242866516113e-01
-6.734071969985961914e-01
-6.686094999313354492e-01
-6.603929996490478516e-01
-6.478206515312194824e-01
-6.357774734497070312e-01
-6.244371533393859863e-01
-6.149169206619262695e-01
-6.066368818283081055e-01
-6.002054214477539062e-01
-6.072544455528259277e-01
-6.174943447113037109e-01
-6.291847229003906250e-01
-6.433374285697937012e-01
-6.585979461669921875e-01
-6.791622638702392578e-01
-7.027867436408996582e-01
-7.244166731834411621e-01
-7.434792518615722656e-01
-7.582472562789916992e-01
-7.729990482330322266e-01
-7.838191986083984375e-01
-7.949391603469848633e-01
-8.062599301338195801e-01
-8.174824714660644531e-01
-8.263014554977416992e-01
-8.305791616439819336e-01
-8.271891474723815918e-01
-8.226311206817626953e-01
-8.232749700546264648e-01
-8.271269798278808594e-01
-8.309789896011352539e-01
-8.271678686141967773e-01
-8.212720155715942383e-01
-8.137165307998657227e-01
-8.044269680976867676e-01
-7.962812781333923340e-01
-7.936727404594421387e-01
-7.936816215515136719e-01
-7.989800572395324707e-01
-8.053892850875854492e-01
-8.104778528213500977e-01
-8.138476014137268066e-01
-8.178042173385620117e-01
-8.222177028656005859e-01
-8.266458511352539062e-01
-8.302217125892639160e-01
-8.310050964355468750e-01
-8.289700150489807129e-01
-8.252311944961547852e-01
-8.227006196975708008e-01
-8.225203752517700195e-01
-8.185701966285705566e-01
-8.112424015998840332e-01
-7.994406819343566895e-01
-7.866224050521850586e-01
-7.731884717941284180e-01
-7.597860693931579590e-01
-7.460501194000244141e-01
-7.282521128654479980e-01
-7.120752930641174316e-01
-6.999911069869995117e-01
-6.901167631149291992e-01
-6.802790164947509766e-01
-6.758960485458374023e-01
-6.640385985374450684e-01
-6.526955962181091309e-01
-6.413530707359313965e-01
-6.300100088119506836e-01
-6.196887493133544922e-01
-6.114445924758911133e-01
-6.032115817070007324e-01
-5.949785113334655762e-01
-5.889753699302673340e-01
-5.834185481071472168e-01
-5.762293338775634766e-01
-5.690404772758483887e-01
-5.618513822555541992e-01
-5.546619892120361328e-01
-5.496661067008972168e-01
-5.468803644180297852e-01
-5.469389557838439941e-01
-5.469970703125000000e-01
-5.453940629959106445e-01
-5.392863750457763672e-01
-5.324324369430541992e-01
-5.255788564682006836e-01
-5.192801952362060547e-01
-5.152324438095092773e-01
-5.118781924247741699e-01
-5.148866176605224609e-01
-5.221980810165405273e-01
-5.282595157623291016e-01
-5.312665104866027832e-01
-5.330415964126586914e-01
-5.342361927032470703e-01
-5.341897010803222656e-01
-5.355390310287475586e-01
-5.387645959854125977e-01
-5.436208844184875488e-01
-5.483224391937255859e-01
-5.515124797821044922e-01
-5.665476322174072266e-01
-5.822007656097412109e-01
-5.985659360885620117e-01
-6.119911670684814453e-01
-6.247407197952270508e-01
-6.354929804801940918e-01
-6.431758403778076172e-01
-6.517239809036254883e-01
-6.612744331359863281e-01
-6.672503948211669922e-01
-7.530469894409179688e-01
-7.435909509658813477e-01
-7.340872287750244141e-01
-7.246088981628417969e-01
-7.154595851898193359e-01
-7.102707624435424805e-01
-7.049250602722167969e-01
-6.995803117752075195e-01
-6.944773197174072266e-01
-6.904984712600708008e-01
-6.898840665817260742e-01
-6.913002729415893555e-01
-6.928886175155639648e-01
-6.941375732421875000e-01
-6.952732205390930176e-01
-6.950269937515258789e-01
-6.931048631668090820e-01
-6.888543367385864258e-01
-6.845983266830444336e-01
-6.789429187774658203e-01
-6.706746220588684082e-01
-6.583458185195922852e-01
-6.468176841735839844e-01
-6.360349655151367188e-01
-6.274958848953247070e-01
-6.194419264793395996e-01
-6.129925251007080078e-01
-6.216614842414855957e-01
-6.326537132263183594e-01
-6.459407210350036621e-01
-6.631879210472106934e-01
-6.826991438865661621e-01
-6.997110843658447266e-01
-7.170218825340270996e-01
-7.373688220977783203e-01
-7.530509233474731445e-01
-7.651918530464172363e-01
-7.751743197441101074e-01
-7.854431867599487305e-01
-7.963701486587524414e-01
-8.062264919281005859e-01
-8.160829544067382812e-01
-8.240219354629516602e-01
-8.293707370758056641e-01
-8.276244401931762695e-01
-8.230660557746887207e-01
-8.198618888854980469e-01
-8.237137794494628906e-01
-8.273217082023620605e-01
-8.255029916763305664e-01
-8.205033540725708008e-01
-8.155035376548767090e-01
-8.064098358154296875e-01
-7.974034547805786133e-01
-7.948687076568603516e-01
-7.956691980361938477e-01
-8.001769781112670898e-01
-8.048378229141235352e-01
-8.097230195999145508e-01
-8.190312385559082031e-01
-8.286213874816894531e-01
-8.364249467849731445e-01
-8.416621088981628418e-01
-8.438648581504821777e-01
-8.423138260841369629e-01
-8.394151329994201660e-01
-8.355963230133056641e-01
-8.330981135368347168e-01
-8.336280584335327148e-01
-8.293859958648681641e-01
-8.209673166275024414e-01
-8.089691400527954102e-01
-7.956995368003845215e-01
-7.822655439376831055e-01
-7.688318490982055664e-01
-7.553979754447937012e-01
-7.385726571083068848e-01
-7.209276556968688965e-01
-7.048051357269287109e-01
-6.938841342926025391e-01
-6.840463876724243164e-01
-6.730331778526306152e-01
-6.602905392646789551e-01
-6.483960747718811035e-01
-6.367011666297912598e-01
-6.253580451011657715e-01
-6.143766641616821289e-01
-6.050021648406982422e-01
-5.956271886825561523e-01
-5.862526297569274902e-01
-5.797847509384155273e-01
-5.741860866546630859e-01
-5.673586726188659668e-01
-5.590277314186096191e-01
-5.506963729858398438e-01
-5.423652529716491699e-01
-5.346881747245788574e-01
-5.308161973953247070e-01
-5.293406248092651367e-01
-5.287659168243408203e-01
-5.278012752532958984e-01
-5.228189229965209961e-01
-5.159652233123779297e-01
-5.085436105728149414e-01
-5.012487173080444336e-01
-4.945049285888671875e-01
-4.893643558025360107e-01
-4.853869378566741943e-01
-4.912225306034088135e-01
-4.980789124965667725e-01
-5.008365511894226074e-01
-5.037864446640014648e-01
-5.055612921714782715e-01
-5.065958499908447266e-01
-5.064066648483276367e-01
-5.044729113578796387e-01
-5.049927234649658203e-01
-5.083009004592895508e-01
-5.125726461410522461e-01
-5.260113477706909180e-01
-5.416644811630249023e-01
-5.574095249176025391e-01
-5.724630355834960938e-01
-5.857269763946533203e-01
-5.989909172058105469e-01
-6.115023493766784668e-01
-6.218510270118713379e-01
-6.327822804450988770e-01
-6.423008441925048828e-01
-7.572450637817382812e-01
-7.473862171173095703e-01
-7.381622791290283203e-01
-7.290134429931640625e-01
-7.183263301849365234e-01
-7.129808664321899414e-01
-7.077394723892211914e-01
-7.029299736022949219e-01
-7.000204324722290039e-01
-6.995781660079956055e-01
-7.010344266891479492e-01
-7.030785083770751953e-01
-7.051222324371337891e-01
-7.071334123611450195e-01
-7.065179347991943359e-01
-7.054572105407714844e-01
-7.024927139282226562e-01
-6.992582678794860840e-01
-6.958397030830383301e-01
-6.900498270988464355e-01
-6.809567213058471680e-01
-6.693322658538818359e-01
-6.578579545021057129e-01
-6.484448909759521484e-01
-6.400755643844604492e-01
-6.328742504119873047e-01
-6.277433633804321289e-01
-6.369386911392211914e-01
-6.501548290252685547e-01
-6.678503155708312988e-01
-6.894530057907104492e-01
-7.106826305389404297e-01
-7.285210490226745605e-01
-7.435935735702514648e-01
-7.540543675422668457e-01
-7.615656256675720215e-01
-7.689926028251647949e-01
-7.766372561454772949e-01
-7.852264642715454102e-01
-7.949701547622680664e-01
-8.048268556594848633e-01
-8.143620491027832031e-01
-8.217048048973083496e-01
-8.266553878784179688e-01
-8.268042802810668945e-01
-8.212540149688720703e-01
-8.149474263191223145e-01
-8.145569562911987305e-01
-8.158550262451171875e-01
-8.145975470542907715e-01
-8.078492283821105957e-01
-8.011009693145751953e-01
-7.929772138595581055e-01
-7.890354990959167480e-01
-7.898389697074890137e-01
-7.927851676940917969e-01
-7.971280813217163086e-01
-8.021230697631835938e-01
-8.113476634025573730e-01
-8.215957283973693848e-01
-8.318439126014709473e-01
-8.418128490447998047e-01
-8.504035472869873047e-01
-8.537359237670898438e-01
-8.535993099212646484e-01
-8.497803211212158203e-01
-8.459610939025878906e-01
-8.433777093887329102e-01
-8.439988493919372559e-01
-8.392996191978454590e-01
-8.298838734626770020e-01
-8.182105422019958496e-01
-8.047769665718078613e-01
-7.913429141044616699e-01
-7.779090404510498047e-01
-7.644752264022827148e-01
-7.492277622222900391e-01
-7.310945987701416016e-01
-7.138616442680358887e-01
-6.981859803199768066e-01
-6.878133416175842285e-01
-6.726369857788085938e-01
-6.571615338325500488e-01
-6.449037194252014160e-01
-6.330099701881408691e-01
-6.211156249046325684e-01
-6.093634366989135742e-01
-5.996900200843811035e-01
-5.903154611587524414e-01
-5.809405446052551270e-01
-5.751507878303527832e-01
-5.695517063140869141e-01
-5.634914040565490723e-01
-5.559031963348388672e-01
-5.469392538070678711e-01
-5.379752516746520996e-01
-5.290111303329467773e-01
-5.231083631515502930e-01
-5.191360116004943848e-01
-5.174072980880737305e-01
-5.150842666625976562e-01
-5.102064609527587891e-01
-5.016044974327087402e-01
-4.930936992168426514e-01
-4.848907291889190674e-01
-4.766874611377716064e-01
-4.694648683071136475e-01
-4.643240272998809814e-01
-4.630266129970550537e-01
-4.691546261310577393e-01
-4.736981391906738281e-01
-4.758662879467010498e-01
-4.783301651477813721e-01
-4.796629250049591064e-01
-4.800957143306732178e-01
-4.783102571964263916e-01
-4.757995307445526123e-01
-4.734398126602172852e-01
-4.741920232772827148e-01
-4.854750037193298340e-01
-5.011277198791503906e-01
-5.167810320854187012e-01
-5.327236652374267578e-01
-5.461986064910888672e-01
-5.594626069068908691e-01
-5.727266669273376465e-01
-5.859907865524291992e-01
-6.003193855285644531e-01
-6.132143139839172363e-01
-7.613854408264160156e-01
-7.518817186355590820e-01
-7.425681352615356445e-01
-7.317029237747192383e-01
-7.210366725921630859e-01
-7.161105871200561523e-01
-7.127163410186767578e-01
-7.109563350677490234e-01
-7.101432085037231445e-01
-7.111618518829345703e-01
-7.132060527801513672e-01
-7.152503728866577148e-01
-7.165728807449340820e-01
-7.155606746673583984e-01
-7.145005464553833008e-01
-7.120923995971679688e-01
-7.094049453735351562e-01
-7.066036462783813477e-01
-7.019571065902709961e-01
-6.958584785461425781e-01
-6.881489157676696777e-01
-6.775149106979370117e-01
-6.677951216697692871e-01
-6.601623892784118652e-01
-6.531906127929687500e-01
-6.475757360458374023e-01
-6.436701416969299316e-01
-6.553259491920471191e-01
-6.731470823287963867e-01
-6.951892375946044922e-01
-7.173820734024047852e-01
-7.400203943252563477e-01
-7.535229921340942383e-01
-7.649300098419189453e-01
-7.754060626029968262e-01
-7.794060707092285156e-01
-7.793106436729431152e-01
-7.769535183906555176e-01
-7.811050415039062500e-01
-7.888973951339721680e-01
-7.968831062316894531e-01
-8.037402629852294922e-01
-8.086186647415161133e-01
-8.119058012962341309e-01
-8.125138878822326660e-01
-8.085938692092895508e-01
-8.022872209548950195e-01
-7.980486154556274414e-01
-7.987853288650512695e-01
-7.985199689865112305e-01
-7.930898070335388184e-01
-7.863413095474243164e-01
-7.789588570594787598e-01
-7.780588269233703613e-01
-7.837656736373901367e-01
-7.894726991653442383e-01
-7.945233583450317383e-01
-8.036639690399169922e-01
-8.139119148254394531e-01
-8.240537643432617188e-01
-8.339949250221252441e-01
-8.432343006134033203e-01
-8.507609367370605469e-01
-8.545455336570739746e-01
-8.573640584945678711e-01
-8.575940728187561035e-01
-8.563263416290283203e-01
-8.536576628684997559e-01
-8.527944087982177734e-01
-8.479493260383605957e-01
-8.388004302978515625e-01
-8.272879123687744141e-01
-8.138539195060729980e-01
-8.004201054573059082e-01
-7.869865298271179199e-01
-7.735522985458374023e-01
-7.599838376045227051e-01
-7.418721318244934082e-01
-7.240100502967834473e-01
-7.069952487945556641e-01
-6.917131543159484863e-01
-6.749543547630310059e-01
-6.545159816741943359e-01
-6.414160728454589844e-01
-6.295170187950134277e-01
-6.176230311393737793e-01
-6.057289838790893555e-01
-5.948444008827209473e-01
-5.843875408172607422e-01
-5.748667120933532715e-01
-5.686353445053100586e-01
-5.624036788940429688e-01
-5.561720728874206543e-01
-5.499407052993774414e-01
-5.422236919403076172e-01
-5.332597494125366211e-01
-5.242322683334350586e-01
-5.161811709403991699e-01
-5.105608701705932617e-01
-5.079247951507568359e-01
-5.056021213531494141e-01
-5.019965171813964844e-01
-4.943840205669403076e-01
-4.861807227134704590e-01
-4.779774844646453857e-01
-4.697740972042083740e-01
-4.615710079669952393e-01
-4.537518322467803955e-01
-4.474692344665527344e-01
-4.485228359699249268e-01
-4.526115357875823975e-01
-4.538556635379791260e-01
-4.545259177684783936e-01
-4.557962715625762939e-01
-4.559877216815948486e-01
-4.544208943843841553e-01
-4.516859948635101318e-01
-4.491420090198516846e-01
-4.465985596179962158e-01
-4.512908160686492920e-01
-4.626019299030303955e-01
-4.772076308727264404e-01
-4.924190938472747803e-01
-5.067501068115234375e-01
-5.199341773986816406e-01
-5.331984758377075195e-01
-5.464621782302856445e-01
-5.600262284278869629e-01
-5.770180821418762207e-01
-7.659544944763183594e-01
-7.564501762390136719e-01
-7.456818819046020508e-01
-7.320256233215332031e-01
-7.254694700241088867e-01
-7.231773138046264648e-01
-7.222861051559448242e-01
-7.217013835906982422e-01
-7.217477560043334961e-01
-7.233339548110961914e-01
-7.253780364990234375e-01
-7.255356311798095703e-01
-7.246035337448120117e-01
-7.235428094863891602e-01
-7.221078872680664062e-01
-7.195520401000976562e-01
-7.169910669326782227e-01
-7.128374576568603516e-01
-7.082056999206542969e-01
-7.016150951385498047e-01
-6.947555541992187500e-01
-6.843670606613159180e-01
-6.758370399475097656e-01
-6.684890985488891602e-01
-6.623636484146118164e-01
-6.587476134300231934e-01
-6.596541404724121094e-01
-6.766018867492675781e-01
-6.985562443733215332e-01
-7.215908765792846680e-01
-7.429232597351074219e-01
-7.594945430755615234e-01
-7.689033746719360352e-01
-7.783336639404296875e-01
-7.823547124862670898e-01
-7.817860841751098633e-01
-7.812942862510681152e-01
-7.774176001548767090e-01
-7.778368592262268066e-01
-7.788327932357788086e-01
-7.826563119888305664e-01
-7.885287404060363770e-01
-7.926093339920043945e-01
-7.959060072898864746e-01
-7.983748912811279297e-01
-7.955537438392639160e-01
-7.896270751953125000e-01
-7.833198308944702148e-01
-7.817155718803405762e-01
-7.814503908157348633e-01
-7.786036729812622070e-01
-7.721897959709167480e-01
-7.660152912139892578e-01
-7.709929943084716797e-01
-7.766999006271362305e-01
-7.824066877365112305e-01
-7.923688888549804688e-01
-8.051723241806030273e-01
-8.162357807159423828e-01
-8.261768221855163574e-01
-8.359193801879882812e-01
-8.441427946090698242e-01
-8.491339683532714844e-01
-8.527925014495849609e-01
-8.547936677932739258e-01
-8.567947149276733398e-01
-8.587957620620727539e-01
-8.605680465698242188e-01
-8.598417639732360840e-01
-8.558429479598999023e-01
-8.474773168563842773e-01
-8.363648653030395508e-01
-8.229310512542724609e-01
-8.094972968101501465e-01
-7.960634231567382812e-01
-7.826296091079711914e-01
-7.691956162452697754e-01
-7.527716159820556641e-01
-7.348800897598266602e-01
-7.169883251190185547e-01
-7.001287937164306641e-01
-6.772717237472534180e-01
-6.555063128471374512e-01
-6.382890939712524414e-01
-6.252539753913879395e-01
-6.127269268035888672e-01
-6.002006530761718750e-01
-5.880233645439147949e-01
-5.774643421173095703e-01
-5.680702924728393555e-01
-5.613158345222473145e-01
-5.550841093063354492e-01
-5.488528609275817871e-01
-5.425063967704772949e-01
-5.356684327125549316e-01
-5.272163152694702148e-01
-5.176458954811096191e-01
-5.080755352973937988e-01
-5.024331808090209961e-01
-4.984426796436309814e-01
-4.961196780204772949e-01
-4.936327040195465088e-01
-4.874712526798248291e-01
-4.792677462100982666e-01
-4.710643589496612549e-01
-4.628612697124481201e-01
-4.546578824520111084e-01
-4.464542269706726074e-01
-4.386688172817230225e-01
-4.328392744064331055e-01
-4.369330704212188721e-01
-4.384910762310028076e-01
-4.396203160285949707e-01
-4.396196305751800537e-01
-4.406161308288574219e-01
-4.406383931636810303e-01
-4.377206861972808838e-01
-4.340352118015289307e-01
-4.303490817546844482e-01
-4.321672916412353516e-01
-4.409523904323577881e-01
-4.484829008579254150e-01
-4.583781063556671143e-01
-4.736175835132598877e-01
-4.865958392620086670e-01
-4.995753169059753418e-01
-5.135676860809326172e-01
-5.275598168373107910e-01
-5.440292358398437500e-01
-7.705235481262207031e-01
-7.603602409362792969e-01
-7.469276189804077148e-01
-7.354021072387695312e-01
-7.345108985900878906e-01
-7.337039709091186523e-01
-7.334401607513427734e-01
-7.332283258438110352e-01
-7.335414886474609375e-01
-7.353740930557250977e-01
-7.344979047775268555e-01
-7.336217164993286133e-01
-7.326436042785644531e-01
-7.322549819946289062e-01
-7.298574447631835938e-01
-7.275038957595825195e-01
-7.241659164428710938e-01
-7.198387384414672852e-01
-7.150362730026245117e-01
-7.082917690277099609e-01
-7.015200853347778320e-01
-6.916978359222412109e-01
-6.828253269195556641e-01
-6.743544936180114746e-01
-6.687493920326232910e-01
-6.678998470306396484e-01
-6.731553673744201660e-01
-6.887495517730712891e-01
-7.108594179153442383e-01
-7.305390238761901855e-01
-7.474131584167480469e-01
-7.624087333679199219e-01
-7.704896926879882812e-01
-7.761128544807434082e-01
-7.801018953323364258e-01
-7.810552120208740234e-01
-7.818269729614257812e-01
-7.776186466217041016e-01
-7.783005833625793457e-01
-7.791841030120849609e-01
-7.800124287605285645e-01
-7.787566184997558594e-01
-7.767899036407470703e-01
-7.801305055618286133e-01
-7.830691337585449219e-01
-7.813117504119873047e-01
-7.769668102264404297e-01
-7.707175016403198242e-01
-7.651592493057250977e-01
-7.652280330657958984e-01
-7.647516131401062012e-01
-7.583658695220947266e-01
-7.582198381423950195e-01
-7.639270424842834473e-01
-7.696337699890136719e-01
-7.793191075325012207e-01
-7.902110815048217773e-01
-8.024019002914428711e-01
-8.148984313011169434e-01
-8.273949623107910156e-01
-8.371765017509460449e-01
-8.437227010726928711e-01
-8.475075960159301758e-01
-8.502224087715148926e-01
-8.522231578826904297e-01
-8.542245030403137207e-01
-8.562253117561340332e-01
-8.565866351127624512e-01
-8.576982021331787109e-01
-8.594953417778015137e-01
-8.547251224517822266e-01
-8.453412055969238281e-01
-8.320084214210510254e-01
-8.185744285583496094e-01
-8.051404356956481934e-01
-7.917065620422363281e-01
-7.783390879631042480e-01
-7.636707425117492676e-01
-7.457793354988098145e-01
-7.275954484939575195e-01
-7.092248201370239258e-01
-6.820164918899536133e-01
-6.556649208068847656e-01
-6.332355737686157227e-01
-6.192260384559631348e-01
-6.065493226051330566e-01
-5.940228104591369629e-01
-5.814961194992065430e-01
-5.706266164779663086e-01
-5.619102716445922852e-01
-5.549616217613220215e-01
-5.475727319717407227e-01
-5.401831269264221191e-01
-5.333163738250732422e-01
-5.264783501625061035e-01
-5.196403264999389648e-01
-5.110594630241394043e-01
-5.014896988868713379e-01
-4.943058192729949951e-01
-4.889602959156036377e-01
-4.866375625133514404e-01
-4.845847189426422119e-01
-4.804868996143341064e-01
-4.723547697067260742e-01
-4.641512930393218994e-01
-4.559482634067535400e-01
-4.477445781230926514e-01
-4.395413100719451904e-01
-4.313383102416992188e-01
-4.235856831073760986e-01
-4.207848608493804932e-01
-4.234355390071868896e-01
-4.243626594543457031e-01
-4.250372946262359619e-01
-4.248459637165069580e-01
-4.253996908664703369e-01
-4.249607026576995850e-01
-4.230314493179321289e-01
-4.205154478549957275e-01
-4.219476878643035889e-01
-4.318609535694122314e-01
-4.418348670005798340e-01
-4.499246478080749512e-01
-4.580880105495452881e-01
-4.686529338359832764e-01
-4.815033376216888428e-01
-4.943636059761047363e-01
-5.072240233421325684e-01
-5.206333994865417480e-01
-7.752289772033691406e-01
-7.632696628570556641e-01
-7.528824806213378906e-01
-7.458435297012329102e-01
-7.454712390899658203e-01
-7.452068328857421875e-01
-7.449421882629394531e-01
-7.447557449340820312e-01
-7.443367242813110352e-01
-7.434598207473754883e-01
-7.427089214324951172e-01
-7.425599098205566406e-01
-7.426073551177978516e-01
-7.405567169189453125e-01
-7.373529672622680664e-01
-7.333331108093261719e-01
-7.272565364837646484e-01
-7.211806774139404297e-01
-7.146538496017456055e-01
-7.060811519622802734e-01
-6.978635787963867188e-01
-6.872714757919311523e-01
-6.784131526947021484e-01
-6.726102828979492188e-01
-6.726725101470947266e-01
-6.767621636390686035e-01
-6.832947731018066406e-01
-6.986151337623596191e-01
-7.181538343429565430e-01
-7.349130511283874512e-01
-7.481908202171325684e-01
-7.610285878181457520e-01
-7.668920755386352539e-01
-7.712985277175903320e-01
-7.761117219924926758e-01
-7.771255970001220703e-01
-7.780786156654357910e-01
-7.734759449958801270e-01
-7.742449045181274414e-01
-7.758119106292724609e-01
-7.765176892280578613e-01
-7.754460573196411133e-01
-7.728985548019409180e-01
-7.703503966331481934e-01
-7.674220204353332520e-01
-7.678503990173339844e-01
-7.651801705360412598e-01
-7.584054470062255859e-01
-7.500618696212768555e-01
-7.490658760070800781e-01
-7.491348385810852051e-01
-7.467341423034667969e-01
-7.511537075042724609e-01
-7.568607330322265625e-01
-7.664622664451599121e-01
-7.772200107574462891e-01
-7.878736853599548340e-01
-7.995648384094238281e-01
-8.120614886283874512e-01
-8.239964246749877930e-01
-8.345224857330322266e-01
-8.413418531417846680e-01
-8.456509709358215332e-01
-8.476520776748657227e-01
-8.496529459953308105e-01
-8.516541123390197754e-01
-8.528568148612976074e-01
-8.509002327919006348e-01
-8.518102765083312988e-01
-8.540696501731872559e-01
-8.521123528480529785e-01
-8.487402200698852539e-01
-8.400002121925354004e-01
-8.276515603065490723e-01
-8.142179250717163086e-01
-8.003372550010681152e-01
-7.864801287651062012e-01
-7.727199792861938477e-01
-7.543338537216186523e-01
-7.358091473579406738e-01
-7.171598076820373535e-01
-6.879842281341552734e-01
-6.586565375328063965e-01
-6.329600811004638672e-01
-6.135767698287963867e-01
-6.003714799880981445e-01
-5.878449678421020508e-01
-5.751010179519653320e-01
-5.629646182060241699e-01
-5.543199181556701660e-01
-5.469308495521545410e-01
-5.395417213439941406e-01
-5.321527123451232910e-01
-5.247633457183837891e-01
-5.173740386962890625e-01
-5.104503035545349121e-01
-5.036120414733886719e-01
-4.949032366275787354e-01
-4.861784875392913818e-01
-4.805578291416168213e-01
-4.773519933223724365e-01
-4.754284620285034180e-01
-4.724483489990234375e-01
-4.654417335987091064e-01
-4.572383761405944824e-01
-4.490350186824798584e-01
-4.408319294452667236e-01
-4.326284825801849365e-01
-4.244251251220703125e-01
-4.164483845233917236e-01
-4.098988771438598633e-01
-4.112511873245239258e-01
-4.129200875759124756e-01
-4.148490130901336670e-01
-4.163216054439544678e-01
-4.172785580158233643e-01
-4.186957478523254395e-01
-4.172552525997161865e-01
-4.150748848915100098e-01
-4.149512350559234619e-01
-4.248239398002624512e-01
-4.347971975803375244e-01
-4.447707533836364746e-01
-4.526979625225067139e-01
-4.602680504322052002e-01
-4.660511016845703125e-01
-4.764488637447357178e-01
-4.893088936805725098e-01
-5.021697878837585449e-01
-7.805266380310058594e-01
-7.706580162048339844e-01
-7.611134052276611328e-01
-7.573496103286743164e-01
-7.569737434387207031e-01
-7.567083835601806641e-01
-7.560789585113525391e-01
-7.527219057083129883e-01
-7.498919963836669922e-01
-7.477157115936279297e-01
-7.461986541748046875e-01
-7.444982528686523438e-01
-7.412767410278320312e-01
-7.371747493743896484e-01
-7.330443859100341797e-01
-7.272467613220214844e-01
-7.211713790893554688e-01
-7.153196334838867188e-01
-7.080984115600585938e-01
-7.001804113388061523e-01
-6.921924352645874023e-01
-6.825816631317138672e-01
-6.775400638580322266e-01
-6.779674291610717773e-01
-6.812555789947509766e-01
-6.868904829025268555e-01
-6.932076811790466309e-01
-7.057694792747497559e-01
-7.205706834793090820e-01
-7.337775230407714844e-01
-7.465110421180725098e-01
-7.574561834335327148e-01
-7.622364163398742676e-01
-7.670499086380004883e-01
-7.718633413314819336e-01
-7.731955051422119141e-01
-7.741488814353942871e-01
-7.700145244598388672e-01
-7.696570158004760742e-01
-7.711114883422851562e-01
-7.708996534347534180e-01
-7.691525816917419434e-01
-7.669282555580139160e-01
-7.647145986557006836e-01
-7.622746229171752930e-01
-7.587531805038452148e-01
-7.500620484352111816e-01
-7.439459562301635742e-01
-7.362771034240722656e-01
-7.321060895919799805e-01
-7.335983514785766602e-01
-7.376556396484375000e-01
-7.440878152847290039e-01
-7.535758018493652344e-01
-7.642289400100708008e-01
-7.748826742172241211e-01
-7.855358123779296875e-01
-7.967280149459838867e-01
-8.091654181480407715e-01
-8.201451897621154785e-01
-8.284146785736083984e-01
-8.347548246383666992e-01
-8.399216532707214355e-01
-8.444783687591552734e-01
-8.470824360847473145e-01
-8.490261435508728027e-01
-8.472802639007568359e-01
-8.452137708663940430e-01
-8.459222912788391113e-01
-8.479055762290954590e-01
-8.466128706932067871e-01
-8.426396846771240234e-01
-8.366978168487548828e-01
-8.289003372192382812e-01
-8.190990686416625977e-01
-8.067753314971923828e-01
-7.930150032043457031e-01
-7.792547941207885742e-01
-7.625478506088256836e-01
-7.440234422683715820e-01
-7.246621847152709961e-01
-6.943868994712829590e-01
-6.645042896270751953e-01
-6.355873942375183105e-01
-6.099870204925537109e-01
-5.936130881309509277e-01
-5.801853537559509277e-01
-5.670522451400756836e-01
-5.542562007904052734e-01
-5.462891459465026855e-01
-5.388999581336975098e-01
-5.315108895301818848e-01
-5.241214632987976074e-01
-5.167322754859924316e-01
-5.093430280685424805e-01
-5.019538998603820801e-01
-4.945650398731231689e-01
-4.875843822956085205e-01
-4.787465035915374756e-01
-4.725539386272430420e-01
-4.681958258152008057e-01
-4.662717878818511963e-01
-4.643476009368896484e-01
-4.593103229999542236e-01
-4.522763490676879883e-01
-4.452427923679351807e-01
-4.382092654705047607e-01
-4.311760067939758301e-01
-4.241420924663543701e-01
-4.171092212200164795e-01
-4.100752770900726318e-01
-4.041252136230468750e-01
-4.056405723094940186e-01
-4.072018563747406006e-01
-4.091308414936065674e-01
-4.102740883827209473e-01
-4.112093746662139893e-01
-4.114203155040740967e-01
-4.098269641399383545e-01
-4.082730710506439209e-01
-4.177913963794708252e-01
-4.277751147747039795e-01
-4.377580583095550537e-01
-4.477415978908538818e-01
-4.555653631687164307e-01
-4.614940881729125977e-01
-4.667895138263702393e-01
-4.738956987857818604e-01
-4.842542409896850586e-01
-7.864048480987548828e-01
-7.754399776458740234e-01
-7.645041942596435547e-01
-7.618947029113769531e-01
-7.598080635070800781e-01
-7.572902441024780273e-01
-7.526088953018188477e-01
-7.483434677124023438e-01
-7.464518547058105469e-01
-7.449350357055664062e-01
-7.433140277862548828e-01
-7.406504154205322266e-01
-7.365486621856689453e-01
-7.324457168579101562e-01
-7.272378206253051758e-01
-7.211619615554809570e-01
-7.152336835861206055e-01
-7.095661163330078125e-01
-7.019587755203247070e-01
-6.947004795074462891e-01
-6.880043745040893555e-01
-6.833257675170898438e-01
-6.833474636077880859e-01
-6.862012147903442383e-01
-6.900228261947631836e-01
-6.958876848220825195e-01
-6.990356445312500000e-01
-7.061508893966674805e-01
-7.193632125854492188e-01
-7.320970296859741211e-01
-7.429990172386169434e-01
-7.527549266815185547e-01
-7.579880952835083008e-01
-7.628014087677001953e-01
-7.676146626472473145e-01
-7.692662477493286133e-01
-7.702190876007080078e-01
-7.665535807609558105e-01
-7.650691866874694824e-01
-7.659701108932495117e-01
-7.658436894416809082e-01
-7.637564539909362793e-01
-7.615420818328857422e-01
-7.593284845352172852e-01
-7.569769620895385742e-01
-7.543615102767944336e-01
-7.466499805450439453e-01
-7.358508110046386719e-01
-7.214985489845275879e-01
-7.115651369094848633e-01
-7.164576053619384766e-01
-7.261391878128051758e-01
-7.370960712432861328e-01
-7.485446929931640625e-01
-7.599933147430419922e-01
-7.714419960975646973e-01
-7.828909158706665039e-01
-7.938911914825439453e-01
-8.054627180099487305e-01
-8.154875040054321289e-01
-8.218278884887695312e-01
-8.278350830078125000e-01
-8.323914408683776855e-01
-8.369477987289428711e-01
-8.415044546127319336e-01
-8.441014289855957031e-01
-8.415564894676208496e-01
-8.387720584869384766e-01
-8.386463522911071777e-01
-8.395461440086364746e-01
-8.384602069854736328e-01
-8.344550132751464844e-01
-8.292632102966308594e-01
-8.219907879829406738e-01
-8.141106367111206055e-01
-8.060528635978698730e-01
-7.972239851951599121e-01
-7.857900261878967285e-01
-7.707617878913879395e-01
-7.522376775741577148e-01
-7.316030263900756836e-01
-7.008315324783325195e-01
-6.697729825973510742e-01
-6.394922733306884766e-01
-6.104878187179565430e-01
-5.865249633789062500e-01
-5.721370577812194824e-01
-5.590039491653442383e-01
-5.459704399108886719e-01
-5.382584929466247559e-01
-5.308691859245300293e-01
-5.234799385070800781e-01
-5.160907506942749023e-01
-5.087016820907592773e-01
-5.013124346733093262e-01
-4.939235150814056396e-01
-4.867009222507476807e-01
-4.804812967777252197e-01
-4.743122160434722900e-01
-4.684281051158905029e-01
-4.643768370151519775e-01
-4.631305038928985596e-01
-4.623766243457794189e-01
-4.596745371818542480e-01
-4.529370963573455811e-01
-4.459035396575927734e-01
-4.388702213764190674e-01
-4.318364858627319336e-01
-4.248028099536895752e-01
-4.177696406841278076e-01
-4.106199443340301514e-01
-4.034179747104644775e-01
-3.991833329200744629e-01
-3.999198973178863525e-01
-4.014837741851806641e-01
-4.034120142459869385e-01
-4.042266607284545898e-01
-4.044651687145233154e-01
-4.041577875614166260e-01
-4.024219512939453125e-01
-4.116208255290985107e-01
-4.211583137512207031e-01
-4.307484328746795654e-01
-4.407318532466888428e-01
-4.507153034210205078e-01
-4.584327638149261475e-01
-4.627827703952789307e-01
-4.676121771335601807e-01
-4.735558927059173584e-01
-7.827274799346923828e-01
-7.719388008117675781e-01
-7.634068727493286133e-01
-7.612421512603759766e-01
-7.572038173675537109e-01
-7.523870468139648438e-01
-7.481660842895507812e-01
-7.451882362365722656e-01
-7.436705827713012695e-01
-7.421309947967529297e-01
-7.400239706039428711e-01
-7.359213829040527344e-01
-7.318191528320312500e-01
-7.272286415100097656e-01
-7.211526632308959961e-01
-7.150766849517822266e-01
-7.096602916717529297e-01
-7.038128376007080078e-01
-6.964628696441650391e-01
-6.915006637573242188e-01
-6.896786689758300781e-01
-6.894054412841796875e-01
-6.900706291198730469e-01
-6.938035488128662109e-01
-6.969785690307617188e-01
-6.997954845428466797e-01
-6.998646259307861328e-01
-7.049490213394165039e-01
-7.176831960678100586e-01
-7.286621332168579102e-01
-7.384570837020874023e-01
-7.483011484146118164e-01
-7.537397146224975586e-01
-7.585532665252685547e-01
-7.633661627769470215e-01
-7.653363943099975586e-01
-7.664232850074768066e-01
-7.635600566864013672e-01
-7.612828016281127930e-01
-7.612596750259399414e-01
-7.605838179588317871e-01
-7.583703398704528809e-01
-7.561562061309814453e-01
-7.539429664611816406e-01
-7.516788840293884277e-01
-7.490632534027099609e-01
-7.432901263236999512e-01
-7.322185039520263672e-01
-7.189784646034240723e-01
-7.078268527984619141e-01
-7.030901908874511719e-01
-7.154905200004577637e-01
-7.299007773399353027e-01
-7.412266731262207031e-01
-7.526039481163024902e-01
-7.640523314476013184e-01
-7.755011320114135742e-01
-7.865272760391235352e-01
-7.975898385047912598e-01
-8.059270381927490234e-01
-8.130628466606140137e-01
-8.189215660095214844e-01
-8.239963054656982422e-01
-8.285074830055236816e-01
-8.313308358192443848e-01
-8.313649892807006836e-01
-8.304135799407958984e-01
-8.300986886024475098e-01
-8.300274014472961426e-01
-8.305217027664184570e-01
-8.302756547927856445e-01
-8.262706398963928223e-01
-8.216899037361145020e-01
-8.147994875907897949e-01
-8.073097467422485352e-01
-7.996528148651123047e-01
-7.917124032974243164e-01
-7.837724685668945312e-01
-7.751946449279785156e-01
-7.594740986824035645e-01
-7.367836833000183105e-01
-7.057251930236816406e-01
-6.746664643287658691e-01
-6.437162160873413086e-01
-6.135354042053222656e-01
-5.850499868392944336e-01
-5.648033022880554199e-01
-5.509553551673889160e-01
-5.386000871658325195e-01
-5.302278399467468262e-01
-5.235601067543029785e-01
-5.173410773277282715e-01
-5.111215710639953613e-01
-5.049020051956176758e-01
-4.986828267574310303e-01
-4.924630224704742432e-01
-4.862438142299652100e-01
-4.800244867801666260e-01
-4.741804897785186768e-01
-4.685317575931549072e-01
-4.644042551517486572e-01
-4.615473449230194092e-01
-4.607933461666107178e-01
-4.592093527317047119e-01
-4.535974264144897461e-01
-4.465639293193817139e-01
-4.395305216312408447e-01
-4.324969947338104248e-01
-4.254636168479919434e-01
-4.183171093463897705e-01
-4.111153483390808105e-01
-4.039133787155151367e-01
-3.965389430522918701e-01
-3.934622406959533691e-01
-3.941995799541473389e-01
-3.957756459712982178e-01
-3.977142274379730225e-01
-3.982098698616027832e-01
-3.972788453102111816e-01
-3.969198763370513916e-01
-4.050222933292388916e-01
-4.151162803173065186e-01
-4.246529340744018555e-01
-4.341900348663330078e-01
-4.437273442745208740e-01
-4.536693394184112549e-01
-4.600808322429656982e-01
-4.641101658344268799e-01
-4.689185023307800293e-01
-7.793747186660766602e-01
-7.685866355895996094e-01
-7.626355886459350586e-01
-7.575505971908569336e-01
-7.525420188903808594e-01
-7.484867572784423828e-01
-7.447569370269775391e-01
-7.424068450927734375e-01
-7.408895492553710938e-01
-7.392449378967285156e-01
-7.352952957153320312e-01
-7.311930656433105469e-01
-7.270386219024658203e-01
-7.211433649063110352e-01
-7.150677442550659180e-01
-7.094858884811401367e-01
-7.040861845016479492e-01
-6.985027790069580078e-01
-6.945037841796875000e-01
-6.940724849700927734e-01
-6.954196691513061523e-01
-6.947332620620727539e-01
-6.961212158203125000e-01
-6.984392404556274414e-01
-7.005345821380615234e-01
-7.002439498901367188e-01
-6.996921300888061523e-01
-7.032693624496459961e-01
-7.146385908126831055e-01
-7.241594791412353516e-01
-7.340033054351806641e-01
-7.438474297523498535e-01
-7.494913339614868164e-01
-7.543434500694274902e-01
-7.594907283782958984e-01
-7.621140480041503906e-01
-7.634010910987854004e-01
-7.610055804252624512e-01
-7.575279474258422852e-01
-7.566453218460083008e-01
-7.551975846290588379e-01
-7.529842257499694824e-01
-7.507703304290771484e-01
-7.485564351081848145e-01
-7.463424801826477051e-01
-7.437652349472045898e-01
-7.393703460693359375e-01
-7.282573580741882324e-01
-7.183319926261901855e-01
-7.091790437698364258e-01
-7.043408155441284180e-01
-7.174088954925537109e-01
-7.275187969207763672e-01
-7.341054677963256836e-01
-7.454314827919006348e-01
-7.567576169967651367e-01
-7.681113481521606445e-01
-7.782713174819946289e-01
-7.867211699485778809e-01
-7.932239770889282227e-01
-7.992907762527465820e-01
-8.040095567703247070e-01
-8.087288141250610352e-01
-8.129192590713500977e-01
-8.150216937065124512e-01
-8.148652315139770508e-01
-8.147090673446655273e-01
-8.151046037673950195e-01
-8.174300789833068848e-01
-8.212753534317016602e-01
-8.219920992851257324e-01
-8.180856108665466309e-01
-8.140807151794433594e-01
-8.072261810302734375e-01
-8.004777431488037109e-01
-7.926300168037414551e-01
-7.842838168144226074e-01
-7.757369279861450195e-01
-7.671903371810913086e-01
-7.559697628021240234e-01
-7.376492023468017578e-01
-7.104057669639587402e-01
-6.795607805252075195e-01
-6.486091613769531250e-01
-6.190364956855773926e-01
-5.901199579238891602e-01
-5.635616183280944824e-01
-5.481219291687011719e-01
-5.371851325035095215e-01
-5.293226838111877441e-01
-5.231030583381652832e-01
-5.168838500976562500e-01
-5.106646418571472168e-01
-5.044449567794799805e-01
-4.982254207134246826e-01
-4.920059740543365479e-01
-4.857868254184722900e-01
-4.798692762851715088e-01
-4.740485846996307373e-01
-4.682281911373138428e-01
-4.649885594844818115e-01
-4.608285725116729736e-01
-4.595234096050262451e-01
-4.584563076496124268e-01
-4.542578160762786865e-01
-4.472243487834930420e-01
-4.401910603046417236e-01
-4.331575036048889160e-01
-4.260144531726837158e-01
-4.188129603862762451e-01
-4.116107523441314697e-01
-4.044088721275329590e-01
-3.972148001194000244e-01
-3.883498907089233398e-01
-3.877697288990020752e-01
-3.885164558887481689e-01
-3.900949060916900635e-01
-3.918415606021881104e-01
-3.911002278327941895e-01
-3.900921046733856201e-01
-3.980766832828521729e-01
-4.085247218608856201e-01
-4.186109006404876709e-01
-4.281477630138397217e-01
-4.376851022243499756e-01
-4.472221434116363525e-01
-4.566787183284759521e-01
-4.613693058490753174e-01
-4.655963778495788574e-01
-7.760224342346191406e-01
-7.639499902725219727e-01
-7.578966617584228516e-01
-7.534354925155639648e-01
-7.492551803588867188e-01
-7.451200485229492188e-01
-7.415932416915893555e-01
-7.396256923675537109e-01
-7.380615472793579102e-01
-7.346688508987426758e-01
-7.305665016174316406e-01
-7.264641523361206055e-01
-7.211332321166992188e-01
-7.150583267211914062e-01
-7.093129158020019531e-01
-7.039128541946411133e-01
-6.998598575592041016e-01
-6.980904340744018555e-01
-6.981281042098999023e-01
-6.982507705688476562e-01
-6.986541748046875000e-01
-6.984190940856933594e-01
-7.001596689224243164e-01
-7.013087272644042969e-01
-7.008882761001586914e-01
-6.995571851730346680e-01
-6.990349292755126953e-01
-7.006151676177978516e-01
-7.098619937896728516e-01
-7.197059392929077148e-01
-7.295498847961425781e-01
-7.396713495254516602e-01
-7.458544969558715820e-01
-7.510024905204772949e-01
-7.561500072479248047e-01
-7.590917348861694336e-01
-7.603788971900939941e-01
-7.584519386291503906e-01
-7.530568838119506836e-01
-7.520470023155212402e-01
-7.498118281364440918e-01
-7.475984096527099609e-01
-7.453845143318176270e-01
-7.431710958480834961e-01
-7.409569025039672852e-01
-7.384675145149230957e-01
-7.347302436828613281e-01
-7.255334258079528809e-01
-7.187985777854919434e-01
-7.136907577514648438e-01
-7.128977775573730469e-01
-7.224822044372558594e-01
-7.344707250595092773e-01
-7.396175861358642578e-01
-7.436741590499877930e-01
-7.484174966812133789e-01
-7.583252191543579102e-01
-7.669955492019653320e-01
-7.723971605300903320e-01
-7.788999676704406738e-01
-7.840229868888854980e-01
-7.887418270111083984e-01
-7.934293150901794434e-01
-7.960366010665893555e-01
-7.967236042022705078e-01
-7.965673208236694336e-01
-7.964107990264892578e-01
-7.967206835746765137e-01
-7.983941435813903809e-01
-8.022390604019165039e-01
-8.060837984085083008e-01
-8.063678741455078125e-01
-8.026849627494812012e-01
-7.966368198394775391e-01
-7.902415394783020020e-01
-7.835754156112670898e-01
-7.758952379226684570e-01
-7.681282162666320801e-01
-7.607511878013610840e-01
-7.523796558380126953e-01
-7.337790131568908691e-01
-7.097103595733642578e-01
-6.856417059898376465e-01
-6.602338552474975586e-01
-6.311874985694885254e-01
-6.018229722976684570e-01
-5.733639001846313477e-01
-5.501103401184082031e-01
-5.378336310386657715e-01
-5.292004346847534180e-01
-5.226463079452514648e-01
-5.164264440536499023e-01
-5.102071166038513184e-01
-5.039879679679870605e-01
-4.977681934833526611e-01
-4.915487468242645264e-01
-4.855583012104034424e-01
-4.797379076480865479e-01
-4.739173948764801025e-01
-4.680969417095184326e-01
-4.633156359195709229e-01
-4.614448249340057373e-01
-4.590997397899627686e-01
-4.577942192554473877e-01
-4.547670781612396240e-01
-4.478850662708282471e-01
-4.408515393733978271e-01
-4.337119162082672119e-01
-4.265104234218597412e-01
-4.193137884140014648e-01
-4.121219813823699951e-01
-4.049300849437713623e-01
-3.977380990982055664e-01
-3.894200623035430908e-01
-3.826106786727905273e-01
-3.820864856243133545e-01
-3.828334808349609375e-01
-3.844141960144042969e-01
-3.854790031909942627e-01
-3.839352726936340332e-01
-3.897029459476470947e-01
-4.017315208911895752e-01
-4.120265543460845947e-01
-4.221058189868927002e-01
-4.316428601741790771e-01
-4.411795139312744141e-01
-4.507167637348175049e-01
-4.589431583881378174e-01
-4.628292024135589600e-01
-7.702196836471557617e-01
-7.585089206695556641e-01
-7.543290853500366211e-01
-7.501480579376220703e-01
-7.459683418273925781e-01
-7.418586015701293945e-01
-7.384397983551025391e-01
-7.368445396423339844e-01
-7.340416908264160156e-01
-7.299399375915527344e-01
-7.258369922637939453e-01
-7.211241722106933594e-01
-7.150483131408691406e-01
-7.091387510299682617e-01
-7.037391662597656250e-01
-7.008494138717651367e-01
-7.013362646102905273e-01
-7.015926837921142578e-01
-6.989891529083251953e-01
-6.996833086013793945e-01
-7.012434005737304688e-01
-7.018795013427734375e-01
-7.029131650924682617e-01
-7.015328407287597656e-01
-7.002079486846923828e-01
-6.987526416778564453e-01
-6.977937221527099609e-01
-6.957652568817138672e-01
-7.055907249450683594e-01
-7.157692909240722656e-01
-7.259469032287597656e-01
-7.361252307891845703e-01
-7.425136566162109375e-01
-7.476612329483032227e-01
-7.528088092803955078e-01
-7.560696005821228027e-01
-7.573567628860473633e-01
-7.558979988098144531e-01
-7.495588660240173340e-01
-7.469611167907714844e-01
-7.444257140159606934e-01
-7.422120571136474609e-01
-7.399986386299133301e-01
-7.377851605415344238e-01
-7.355710864067077637e-01
-7.331693172454833984e-01
-7.293035387992858887e-01
-7.245097160339355469e-01
-7.218347787857055664e-01
-7.197887897491455078e-01
-7.210779786109924316e-01
-7.261815071105957031e-01
-7.377684116363525391e-01
-7.444356679916381836e-01
-7.484455108642578125e-01
-7.521719932556152344e-01
-7.546120882034301758e-01
-7.543897628784179688e-01
-7.584501504898071289e-01
-7.641776800155639648e-01
-7.687742710113525391e-01
-7.734745144844055176e-01
-7.766592502593994141e-01
-7.785815000534057617e-01
-7.784254550933837891e-01
-7.782689929008483887e-01
-7.781124114990234375e-01
-7.780711650848388672e-01
-7.793577909469604492e-01
-7.826782464981079102e-01
-7.859646677970886230e-01
-7.876516580581665039e-01
-7.875602841377258301e-01
-7.858412265777587891e-01
-7.806158065795898438e-01
-7.753899693489074707e-01
-7.696504592895507812e-01
-7.635833024978637695e-01
-7.570362091064453125e-01
-7.504544258117675781e-01
-7.318839430809020996e-01
-7.086102962493896484e-01
-6.851732730865478516e-01
-6.611047983169555664e-01
-6.370364427566528320e-01
-6.122885346412658691e-01
-5.846093893051147461e-01
-5.566695332527160645e-01
-5.399295091629028320e-01
-5.299456715583801270e-01
-5.221887230873107910e-01
-5.159696340560913086e-01
-5.097499489784240723e-01
-5.035304427146911621e-01
-4.973113238811492920e-01
-4.912472665309906006e-01
-4.854267537593841553e-01
-4.796063005924224854e-01
-4.737856090068817139e-01
-4.679648578166961670e-01
-4.621447622776031494e-01
-4.597719609737396240e-01
-4.585364162921905518e-01
-4.573703110218048096e-01
-4.554612338542938232e-01
-4.495233595371246338e-01
-4.418394863605499268e-01
-4.342202842235565186e-01
-4.270283281803131104e-01
-4.198365509510040283e-01
-4.126449525356292725e-01
-4.054527580738067627e-01
-3.982611000537872314e-01
-3.910692036151885986e-01
-3.802318274974822998e-01
-3.768943846225738525e-01
-3.764033615589141846e-01
-3.771503567695617676e-01
-3.787334263324737549e-01
-3.783285319805145264e-01
-3.819995820522308350e-01
-3.934090435504913330e-01
-4.052842855453491211e-01
-4.155291020870208740e-01
-4.256002902984619141e-01
-4.351373016834259033e-01
-4.446745514869689941e-01
-4.542111456394195557e-01
-4.607983529567718506e-01
-7.635945081710815430e-01
-7.552225589752197266e-01
-7.510418891906738281e-01
-7.468619346618652344e-01
-7.426979541778564453e-01
-7.385954856872558594e-01
-7.356133460998535156e-01
-7.334151268005371094e-01
-7.293119430541992188e-01
-7.252099514007568359e-01
-7.210313081741333008e-01
-7.150394916534423828e-01
-7.089649438858032227e-01
-7.040073871612548828e-01
-7.019156217575073242e-01
-7.035406827926635742e-01
-7.034702301025390625e-01
-7.001489400863647461e-01
-6.996703147888183594e-01
-7.023886442184448242e-01
-7.038769721984863281e-01
-7.045184373855590820e-01
-7.026957273483276367e-01
-7.008582353591918945e-01
-6.990303993225097656e-01
-6.979901790618896484e-01
-6.943897008895874023e-01
-6.918665170669555664e-01
-7.020447254180908203e-01
-7.122225761413574219e-01
-7.224006652832031250e-01
-7.325782775878906250e-01
-7.391726970672607422e-01
-7.443206310272216797e-01
-7.494679689407348633e-01
-7.530472278594970703e-01
-7.543344497680664062e-01
-7.531232237815856934e-01
-7.460873126983642578e-01
-7.416875958442687988e-01
-7.390401363372802734e-01
-7.368263006210327148e-01
-7.346125245094299316e-01
-7.323988676071166992e-01
-7.301854491233825684e-01
-7.274174690246582031e-01
-7.247214317321777344e-01
-7.259250283241271973e-01
-7.244786024093627930e-01
-7.230641841888427734e-01
-7.273135781288146973e-01
-7.313385009765625000e-01
-7.402297854423522949e-01
-7.492070794105529785e-01
-7.532167434692382812e-01
-7.560777664184570312e-01
-7.575581669807434082e-01
-7.554109692573547363e-01
-7.532638311386108398e-01
-7.508647441864013672e-01
-7.537748813629150391e-01
-7.573341131210327148e-01
-7.597812414169311523e-01
-7.602831721305847168e-01
-7.607300281524658203e-01
-7.617433071136474609e-01
-7.621814012527465820e-01
-7.621667385101318359e-01
-7.638151049613952637e-01
-7.682231068611145020e-01
-7.726317048072814941e-01
-7.751575708389282227e-01
-7.750669121742248535e-01
-7.742536067962646484e-01
-7.715833187103271484e-01
-7.686112523078918457e-01
-7.633855938911437988e-01
-7.574026584625244141e-01
-7.512866854667663574e-01
-7.447050809860229492e-01
-7.263639569282531738e-01
-7.030902504920959473e-01
-6.798167824745178223e-01
-6.565433144569396973e-01
-6.332700848579406738e-01
-6.099967956542968750e-01
-5.867857933044433594e-01
-5.643188953399658203e-01
-5.454601049423217773e-01
-5.315698981285095215e-01
-5.223708152770996094e-01
-5.155266523361206055e-01
-5.092927217483520508e-01
-5.030733346939086914e-01
-4.969358146190643311e-01
-4.911153614521026611e-01
-4.852947890758514404e-01
-4.794743955135345459e-01
-4.736542999744415283e-01
-4.678335487842559814e-01
-4.620129764080047607e-01
-4.580993354320526123e-01
-4.562288224697113037e-01
-4.568354785442352295e-01
-4.556517899036407471e-01
-4.512644112110137939e-01
-4.435211718082427979e-01
-4.357785880565643311e-01
-4.280355870723724365e-01
-4.203595221042633057e-01
-4.131680428981781006e-01
-4.059760570526123047e-01
-3.987835943698883057e-01
-3.915924727916717529e-01
-3.822012245655059814e-01
-3.723517954349517822e-01
-3.711777031421661377e-01
-3.707209527492523193e-01
-3.714669644832611084e-01
-3.722628057003021240e-01
-3.748506307601928711e-01
-3.856998980045318604e-01
-3.971155285835266113e-01
-4.087864458560943604e-01
-4.190317690372467041e-01
-4.290946722030639648e-01
-4.386325180530548096e-01
-4.481692314147949219e-01
-4.565864503383636475e-01
-7.576076984405517578e-01
-7.519350051879882812e-01
-7.477550506591796875e-01
-7.435746192932128906e-01
-7.394356727600097656e-01
-7.355067729949951172e-01
-7.329459190368652344e-01
-7.286864519119262695e-01
-7.245838642120361328e-01
-7.204816341400146484e-01
-7.150294780731201172e-01
-7.089538574218750000e-01
-7.048918008804321289e-01
-7.036610841751098633e-01
-7.033566236495971680e-01
-7.021696567535400391e-01
-7.015926837921142578e-01
-7.006437778472900391e-01
-7.019098997116088867e-01
-7.043999433517456055e-01
-7.061738967895507812e-01
-7.043006420135498047e-01
-7.015092372894287109e-01
-7.000939846038818359e-01
-6.987109184265136719e-01
-6.950716972351074219e-01
-6.914710998535156250e-01
-6.884597539901733398e-01
-6.984980106353759766e-01
-7.086765766143798828e-01
-7.188545465469360352e-01
-7.290319204330444336e-01
-7.358317375183105469e-01
-7.409794330596923828e-01
-7.461265325546264648e-01
-7.500252723693847656e-01
-7.513120174407958984e-01
-7.497286796569824219e-01
-7.426152229309082031e-01
-7.364139556884765625e-01
-7.336541414260864258e-01
-7.310240864753723145e-01
-7.281775474548339844e-01
-7.252824306488037109e-01
-7.221287488937377930e-01
-7.209432721138000488e-01
-7.229664921760559082e-01
-7.276389598846435547e-01
-7.265982627868652344e-01
-7.278457283973693848e-01
-7.335491776466369629e-01
-7.375743389129638672e-01
-7.426913976669311523e-01
-7.531098127365112305e-01
-7.573422193527221680e-01
-7.595289945602416992e-01
-7.585795521736145020e-01
-7.564325332641601562e-01
-7.548004388809204102e-01
-7.527713775634765625e-01
-7.513133287429809570e-01
-7.483966350555419922e-01
-7.482682466506958008e-01
-7.485531568527221680e-01
-7.488373517990112305e-01
-7.491787672042846680e-01
-7.495513558387756348e-01
-7.490350604057312012e-01
-7.504816651344299316e-01
-7.548900246620178223e-01
-7.592982053756713867e-01
-7.626641392707824707e-01
-7.627016901969909668e-01
-7.625144720077514648e-01
-7.598438262939453125e-01
-7.571741342544555664e-01
-7.545039057731628418e-01
-7.512215971946716309e-01
-7.451543807983398438e-01
-7.389546036720275879e-01
-7.208434343338012695e-01
-6.975702047348022461e-01
-6.742968559265136719e-01
-6.510235071182250977e-01
-6.277500391006469727e-01
-6.044764518737792969e-01
-5.812029838562011719e-01
-5.585909485816955566e-01
-5.399712920188903809e-01
-5.291345119476318359e-01
-5.201502442359924316e-01
-5.130084156990051270e-01
-5.068989396095275879e-01
-5.014327764511108398e-01
-4.964077174663543701e-01
-4.909838736057281494e-01
-4.851633012294769287e-01
-4.793433248996734619e-01
-4.735226333141326904e-01
-4.677021801471710205e-01
-4.618810713291168213e-01
-4.564344584941864014e-01
-4.545743763446807861e-01
-4.539858400821685791e-01
-4.550752341747283936e-01
-4.522000849246978760e-01
-4.452040493488311768e-01
-4.374606907367706299e-01
-4.297179877758026123e-01
-4.219748079776763916e-01
-4.142316281795501709e-01
-4.064990282058715820e-01
-3.993069231510162354e-01
-3.921149075031280518e-01
-3.841552436351776123e-01
-3.729937374591827393e-01
-3.666353225708007812e-01
-3.654613792896270752e-01
-3.650374114513397217e-01
-3.657267689704895020e-01
-3.675446808338165283e-01
-3.785243034362792969e-01
-3.894276916980743408e-01
-4.008317291736602783e-01
-4.122886955738067627e-01
-4.225333929061889648e-01
-4.325900375843048096e-01
-4.421270787715911865e-01
-4.516642689704895020e-01
-7.528281211853027344e-01
-7.486482858657836914e-01
-7.444679737091064453e-01
-7.402875423431396484e-01
-7.361729145050048828e-01
-7.325060367584228516e-01
-7.284209728240966797e-01
-7.239637374877929688e-01
-7.198549509048461914e-01
-7.150206565856933594e-01
-7.089444398880004883e-01
-7.059578895568847656e-01
-7.043274641036987305e-01
-7.022107839584350586e-01
-7.009738683700561523e-01
-7.019133567810058594e-01
-7.020877599716186523e-01
-7.018728256225585938e-01
-7.034623622894287109e-01
-7.064157724380493164e-01
-7.061376571655273438e-01
-7.036328315734863281e-01
-7.014769315719604492e-01
-7.003245353698730469e-01
-6.957526206970214844e-01
-6.921528577804565430e-01
-6.888669729232788086e-01
-6.859364509582519531e-01
-6.949514150619506836e-01
-7.051296234130859375e-01
-7.153074741363525391e-01
-7.254858016967773438e-01
-7.324906587600708008e-01
-7.376379966735839844e-01
-7.427859306335449219e-01
-7.470028400421142578e-01
-7.482895851135253906e-01
-7.456856966018676758e-01
-7.375138998031616211e-01
-7.293034791946411133e-01
-7.257987260818481445e-01
-7.229524850845336914e-01
-7.199232578277587891e-01
-7.167702317237854004e-01
-7.153569459915161133e-01
-7.184222936630249023e-01
-7.231382131576538086e-01
-7.278199195861816406e-01
-7.287171483039855957e-01
-7.326800823211669922e-01
-7.397847175598144531e-01
-7.443530559539794922e-01
-7.489207386970520020e-01
-7.583850622177124023e-01
-7.652996182441711426e-01
-7.669700384140014648e-01
-7.659926414489746094e-01
-7.650153636932373047e-01
-7.624515891075134277e-01
-7.598085403442382812e-01
-7.562850117683410645e-01
-7.525740265846252441e-01
-7.467325925827026367e-01
-7.403330206871032715e-01
-7.365103960037231445e-01
-7.367948293685913086e-01
-7.365932464599609375e-01
-7.359028458595275879e-01
-7.371484041213989258e-01
-7.415566444396972656e-01
-7.459648251533508301e-01
-7.501699328422546387e-01
-7.503511905670166016e-01
-7.505666017532348633e-01
-7.481044530868530273e-01
-7.454346418380737305e-01
-7.427645921707153320e-01
-7.400945425033569336e-01
-7.370221018791198730e-01
-7.323773503303527832e-01
-7.143660783767700195e-01
-6.920498013496398926e-01
-6.687763929367065430e-01
-6.455031037330627441e-01
-6.222296953201293945e-01
-5.989564657211303711e-01
-5.756824016571044922e-01
-5.534775853157043457e-01
-5.344591140747070312e-01
-5.170114636421203613e-01
-5.092240571975708008e-01
-5.043277144432067871e-01
-5.021723508834838867e-01
-4.963356554508209229e-01
-4.912242591381072998e-01
-4.861988127231597900e-01
-4.811739027500152588e-01
-4.761488139629364014e-01
-4.711293280124664307e-01
-4.661143124103546143e-01
-4.610992968082427979e-01
-4.559651315212249756e-01
-4.529289305210113525e-01
-4.509754478931427002e-01
-4.521614611148834229e-01
-4.527002274990081787e-01
-4.468857347965240479e-01
-4.391427338123321533e-01
-4.313994348049163818e-01
-4.236566722393035889e-01
-4.159134328365325928e-01
-4.081706106662750244e-01
-4.004274904727935791e-01
-3.926843702793121338e-01
-3.854461312294006348e-01
-3.749814927577972412e-01
-3.638629615306854248e-01
-3.609186708927154541e-01
-3.597450554370880127e-01
-3.593540191650390625e-01
-3.595901429653167725e-01
-3.714920878410339355e-01
-3.822661936283111572e-01
-3.931560218334197998e-01
-4.045597314834594727e-01
-4.157906472682952881e-01
-4.260354042053222656e-01
-4.360848367214202881e-01
-4.456212222576141357e-01
-7.495422363281250000e-01
-7.453618049621582031e-01
-7.411811351776123047e-01
-7.370132207870483398e-01
-7.329115867614746094e-01
-7.283127307891845703e-01
-7.238563299179077148e-01
-7.193994522094726562e-01
-7.150113582611083984e-01
-7.095446586608886719e-01
-7.063194513320922852e-01
-7.034362554550170898e-01
-7.012861967086791992e-01
-7.000677585601806641e-01
-7.009792327880859375e-01
-7.029793262481689453e-01
-7.025837898254394531e-01
-7.031240463256835938e-01
-7.050493955612182617e-01
-7.069689035415649414e-01
-7.058169841766357422e-01
-7.031956911087036133e-01
-7.019386291503906250e-01
-6.968860626220703125e-01
-6.928340196609497070e-01
-6.892750263214111328e-01
-6.863437891006469727e-01
-6.834126710891723633e-01
-6.914052963256835938e-01
-7.015832662582397461e-01
-7.117612361907958984e-01
-7.219396829605102539e-01
-7.290574312210083008e-01
-7.335720062255859375e-01
-7.380864620208740234e-01
-7.419896125793457031e-01
-7.422769069671630859e-01
-7.395291328430175781e-01
-7.306816577911376953e-01
-7.213448286056518555e-01
-7.177176475524902344e-01
-7.145642042160034180e-01
-7.114109992980957031e-01
-7.093212604522705078e-01
-7.126567959785461426e-01
-7.195724248886108398e-01
-7.255876064300537109e-01
-7.314387559890747070e-01
-7.354442477226257324e-01
-7.432922124862670898e-01
-7.517263889312744141e-01
-7.581622600555419922e-01
-7.628041505813598633e-01
-7.675535678863525391e-01
-7.760724425315856934e-01
-7.755653262138366699e-01
-7.744651436805725098e-01
-7.721345424652099609e-01
-7.687674760818481445e-01
-7.638540863990783691e-01
-7.600644230842590332e-01
-7.553828954696655273e-01
-7.489838004112243652e-01
-7.425838112831115723e-01
-7.361849546432495117e-01
-7.297853827476501465e-01
-7.238148450851440430e-01
-7.230057120323181152e-01
-7.240200042724609375e-01
-7.282235026359558105e-01
-7.326316833496093750e-01
-7.371490001678466797e-01
-7.380005717277526855e-01
-7.382155656814575195e-01
-7.363659143447875977e-01
-7.336957454681396484e-01
-7.310253381729125977e-01
-7.283555269241333008e-01
-7.256851792335510254e-01
-7.205889225006103516e-01
-7.051491737365722656e-01
-6.865299940109252930e-01
-6.632562875747680664e-01
-6.399828791618347168e-01
-6.167098283767700195e-01
-5.934360623359680176e-01
-5.701626539230346680e-01
-5.486354231834411621e-01
-5.291381478309631348e-01
-5.103275775909423828e-01
-4.967429935932159424e-01
-4.899622499942779541e-01
-4.866823852062225342e-01
-4.860148131847381592e-01
-4.855193197727203369e-01
-4.810360372066497803e-01
-4.760035574436187744e-01
-4.709884226322174072e-01
-4.659732878208160400e-01
-4.609577357769012451e-01
-4.559431970119476318e-01
-4.509285986423492432e-01
-4.470561444759368896e-01
-4.458225071430206299e-01
-4.464493095874786377e-01
-4.485130608081817627e-01
-4.475826919078826904e-01
-4.406638443470001221e-01
-4.330820739269256592e-01
-4.253391921520233154e-01
-4.175960719585418701e-01
-4.098530709743499756e-01
-4.021099507808685303e-01
-3.943667709827423096e-01
-3.866239488124847412e-01
-3.770722150802612305e-01
-3.657746016979217529e-01
-3.563767969608306885e-01
-3.552021086215972900e-01
-3.540286719799041748e-01
-3.531914055347442627e-01
-3.633545339107513428e-01
-3.752587437629699707e-01
-3.860082328319549561e-01
-3.968842625617980957e-01
-4.082878530025482178e-01
-4.192932248115539551e-01
-4.295379519462585449e-01
-4.395792782306671143e-01
-7.462546825408935547e-01
-7.420743703842163086e-01
-7.378940582275390625e-01
-7.337508201599121094e-01
-7.289645671844482422e-01
-7.237482070922851562e-01
-7.192913293838500977e-01
-7.148346900939941406e-01
-7.100770473480224609e-01
-7.050104141235351562e-01
-7.025445699691772461e-01
-7.003945112228393555e-01
-6.995896100997924805e-01
-7.005023956298828125e-01
-7.019112110137939453e-01
-7.044048309326171875e-01
-7.036166191101074219e-01
-7.043993473052978516e-01
-7.057044506072998047e-01
-7.066192626953125000e-01
-7.055389881134033203e-01
-7.035319805145263672e-01
-6.984999179840087891e-01
-6.935162544250488281e-01
-6.899149417877197266e-01
-6.867508888244628906e-01
-6.838206052780151367e-01
-6.808891296386718750e-01
-6.876118183135986328e-01
-6.971570253372192383e-01
-7.067021131515502930e-01
-7.162477970123291016e-01
-7.230306863784790039e-01
-7.275457382202148438e-01
-7.320604324340820312e-01
-7.362821102142333984e-01
-7.356796264648437500e-01
-7.333717346191406250e-01
-7.243331670761108398e-01
-7.155256271362304688e-01
-7.120295763015747070e-01
-7.100449800491333008e-01
-7.084484100341796875e-01
-7.127956151962280273e-01
-7.207388877868652344e-01
-7.272386550903320312e-01
-7.333419919013977051e-01
-7.391933202743530273e-01
-7.471931576728820801e-01
-7.556996941566467285e-01
-7.641347646713256836e-01
-7.719815373420715332e-01
-7.761803865432739258e-01
-7.776367068290710449e-01
-7.831152081489562988e-01
-7.827730178833007812e-01
-7.811890840530395508e-01
-7.779155969619750977e-01
-7.734989523887634277e-01
-7.681324481964111328e-01
-7.636182308197021484e-01
-7.576339244842529297e-01
-7.512344121932983398e-01
-7.448351383209228516e-01
-7.384362816810607910e-01
-7.317810654640197754e-01
-7.242492437362670898e-01
-7.167174816131591797e-01
-7.111141085624694824e-01
-7.151478528976440430e-01
-7.194334864616394043e-01
-7.239712476730346680e-01
-7.256495952606201172e-01
-7.258650660514831543e-01
-7.246268391609191895e-01
-7.219563722610473633e-01
-7.192864418029785156e-01
-7.166162729263305664e-01
-7.139462232589721680e-01
-7.079979181289672852e-01
-6.925582885742187500e-01
-6.766700744628906250e-01
-6.560860276222229004e-01
-6.344626545906066895e-01
-6.111894249916076660e-01
-5.879157781600952148e-01
-5.646426081657409668e-01
-5.437932014465332031e-01
-5.242961049079895020e-01
-5.048152208328247070e-01
-4.861952364444732666e-01
-4.770199358463287354e-01
-4.723053872585296631e-01
-4.695120155811309814e-01
-4.688090384006500244e-01
-4.687453210353851318e-01
-4.694452583789825439e-01
-4.658322036266326904e-01
-4.608173072338104248e-01
-4.558021128177642822e-01
-4.507870376110076904e-01
-4.456858336925506592e-01
-4.405026733875274658e-01
-4.389605224132537842e-01
-4.382319152355194092e-01
-4.402960836887359619e-01
-4.410908520221710205e-01
-4.372926652431488037e-01
-4.303462207317352295e-01
-4.233987629413604736e-01
-4.164512455463409424e-01
-4.095034897327423096e-01
-4.025554955005645752e-01
-3.956078588962554932e-01
-3.883060514926910400e-01
-3.801286518573760986e-01
-3.684731721878051758e-01
-3.567274510860443115e-01
-3.506602644920349121e-01
-3.494860827922821045e-01
-3.483123779296875000e-01
-3.560603857040405273e-01
-3.674093186855316162e-01
-3.790012001991271973e-01
-3.897506892681121826e-01
-4.006122350692749023e-01
-4.120161235332489014e-01
-4.227952063083648682e-01
-4.330398142337799072e-01
-7.429680824279785156e-01
-7.387875318527221680e-01
-7.346071004867553711e-01
-7.302955389022827148e-01
-7.240839004516601562e-01
-7.191827297210693359e-01
-7.142739295959472656e-01
-7.095342874526977539e-01
-7.040923833847045898e-01
-7.016535997390747070e-01
-6.995027065277099609e-01
-6.991120576858520508e-01
-7.003071308135986328e-01
-7.015540599822998047e-01
-7.042250633239746094e-01
-7.048827409744262695e-01
-7.042779922485351562e-01
-7.044398784637451172e-01
-7.053605318069458008e-01
-7.066581249237060547e-01
-7.056396007537841797e-01
-7.001130580902099609e-01
-6.950608491897583008e-01
-6.905969381332397461e-01
-6.867574453353881836e-01
-6.831935644149780273e-01
-6.796299219131469727e-01
-6.760661602020263672e-01
-6.813799142837524414e-01
-6.909251213073730469e-01
-7.004700899124145508e-01
-7.100157737731933594e-01
-7.180438041687011719e-01
-7.237277030944824219e-01
-7.294120788574218750e-01
-7.350969314575195312e-01
-7.347722053527832031e-01
-7.336741685867309570e-01
-7.247959375381469727e-01
-7.158260345458984375e-01
-7.112028598785400391e-01
-7.091112136840820312e-01
-7.131134271621704102e-01
-7.203445434570312500e-01
-7.286516427993774414e-01
-7.349048852920532227e-01
-7.410962581634521484e-01
-7.469476461410522461e-01
-7.576421499252319336e-01
-7.681075930595397949e-01
-7.763174772262573242e-01
-7.841309905052185059e-01
-7.877590060234069824e-01
-7.878186702728271484e-01
-7.875298261642456055e-01
-7.894970178604125977e-01
-7.870637774467468262e-01
-7.831439971923828125e-01
-7.777774333953857422e-01
-7.723734378814697266e-01
-7.662844657897949219e-01
-7.598848938941955566e-01
-7.534857392311096191e-01
-7.470865249633789062e-01
-7.406868934631347656e-01
-7.335812449455261230e-01
-7.260493040084838867e-01
-7.185169458389282227e-01
-7.126729488372802734e-01
-7.098209261894226074e-01
-7.075120806694030762e-01
-7.110494375228881836e-01
-7.134573459625244141e-01
-7.135499715805053711e-01
-7.128878831863403320e-01
-7.102174758911132812e-01
-7.075473070144653320e-01
-7.048773765563964844e-01
-7.022069692611694336e-01
-6.948568224906921387e-01
-6.799684166908264160e-01
-6.645286083221435547e-01
-6.455547809600830078e-01
-6.248883008956909180e-01
-6.041703224182128906e-01
-5.823959708213806152e-01
-5.591225624084472656e-01
-5.389510989189147949e-01
-5.194535255432128906e-01
-4.999558627605438232e-01
-4.808055460453033447e-01
-4.651000201702117920e-01
-4.590142667293548584e-01
-4.548244178295135498e-01
-4.523684680461883545e-01
-4.516193568706512451e-01
-4.514944851398468018e-01
-4.521944224834442139e-01
-4.529109299182891846e-01
-4.506464898586273193e-01
-4.455481469631195068e-01
-4.403648674488067627e-01
-4.351814687252044678e-01
-4.320980012416839600e-01
-4.308649599552154541e-01
-4.320789873600006104e-01
-4.339919388294219971e-01
-4.318737685680389404e-01
-4.269767701625823975e-01
-4.200289547443389893e-01
-4.130813181400299072e-01
-4.061336219310760498e-01
-3.991854488849639893e-01
-3.922380506992340088e-01
-3.852901756763458252e-01
-3.783425390720367432e-01
-3.685131371021270752e-01
-3.575627803802490234e-01
-3.467468917369842529e-01
-3.444401621818542480e-01
-3.437695205211639404e-01
-3.498039245605468750e-01
-3.601154386997222900e-01
-3.714642822742462158e-01
-3.827433288097381592e-01
-3.934926688671112061e-01
-4.043399393558502197e-01
-4.157442152500152588e-01
-4.262972772121429443e-01
-7.396810054779052734e-01
-7.355008125305175781e-01
-7.313284873962402344e-01
-7.251901626586914062e-01
-7.188264131546020508e-01
-7.130230665206909180e-01
-7.079429626464843750e-01
-7.038834095001220703e-01
-7.010694742202758789e-01
-6.988914012908935547e-01
-6.992249488830566406e-01
-7.004032135009765625e-01
-7.016494274139404297e-01
-7.033360004425048828e-01
-7.050458192825317383e-01
-7.049305438995361328e-01
-7.034326791763305664e-01
-7.042027711868286133e-01
-7.053674459457397461e-01
-7.069497108459472656e-01
-7.013245820999145508e-01
-6.954861879348754883e-01
-6.898001432418823242e-01
-6.852245330810546875e-01
-6.815488338470458984e-01
-6.784087419509887695e-01
-6.760149002075195312e-01
-6.736214160919189453e-01
-6.790821552276611328e-01
-6.897966861724853516e-01
-7.005116939544677734e-01
-7.112265825271606445e-01
-7.195909023284912109e-01
-7.252752780914306641e-01
-7.309596538543701172e-01
-7.361091375350952148e-01
-7.356145381927490234e-01
-7.335345745086669922e-01
-7.250970602035522461e-01
-7.161264419555664062e-01
-7.103762626647949219e-01
-7.134301662445068359e-01
-7.199511528015136719e-01
-7.285727262496948242e-01
-7.363184690475463867e-01
-7.425718307495117188e-01
-7.488249540328979492e-01
-7.544257640838623047e-01
-7.672291994094848633e-01
-7.790265679359436035e-01
-7.868546247482299805e-01
-7.938131093978881836e-01
-7.984222173690795898e-01
-7.960811853408813477e-01
-7.925702333450317383e-01
-7.962123155593872070e-01
-7.927896976470947266e-01
-7.874225974082946777e-01
-7.820557355880737305e-01
-7.764258980751037598e-01
-7.685354948043823242e-01
-7.621359825134277344e-01
-7.557367086410522461e-01
-7.493373155593872070e-01
-7.429132461547851562e-01
-7.353812456130981445e-01
-7.278495430946350098e-01
-7.203167676925659180e-01
-7.143874764442443848e-01
-7.113342881202697754e-01
-7.091680765151977539e-01
-7.070763707160949707e-01
-7.036395072937011719e-01
-7.014677524566650391e-01
-7.013300657272338867e-01
-6.985374093055725098e-01
-6.958082914352416992e-01
-6.931381225585937500e-01
-6.904680132865905762e-01
-6.816676259040832520e-01
-6.670700907707214355e-01
-6.519380211830139160e-01
-6.346432566642761230e-01
-6.144077777862548828e-01
-5.936896204948425293e-01
-5.729717016220092773e-01
-5.522579550743103027e-01
-5.341145992279052734e-01
-5.146269798278808594e-01
-4.951801002025604248e-01
-4.760916531085968018e-01
-4.574362933635711670e-01
-4.460233151912689209e-01
-4.415330588817596436e-01
-4.373429119586944580e-01
-4.352251589298248291e-01
-4.344296753406524658e-01
-4.342438876628875732e-01
-4.349437654018402100e-01
-4.355640113353729248e-01
-4.361807405948638916e-01
-4.350439608097076416e-01
-4.298600256443023682e-01
-4.252357780933380127e-01
-4.240022599697113037e-01
-4.238615930080413818e-01
-4.259258806705474854e-01
-4.258286058902740479e-01
-4.216854274272918701e-01
-4.166591465473175049e-01
-4.097113311290740967e-01
-4.027641117572784424e-01
-3.958157598972320557e-01
-3.888684213161468506e-01
-3.819207251071929932e-01
-3.749726712703704834e-01
-3.666078150272369385e-01
-3.556571304798126221e-01
-3.447066247463226318e-01
-3.360051512718200684e-01
-3.350746929645538330e-01
-3.404882252216339111e-01
-3.504381179809570312e-01
-3.615786731243133545e-01
-3.737221360206604004e-01
-3.854847848415374756e-01
-3.970290124416351318e-01
-4.080677926540374756e-01
-4.194137156009674072e-01
