-5.224713683128356934e-02
-5.266544222831726074e-02
-5.308350920677185059e-02
-5.350169539451599121e-02
-5.042412877082824707e-02
-4.617527127265930176e-02
-4.172584414482116699e-02
-3.727301955223083496e-02
-3.990700840950012207e-02
-4.608055949211120605e-02
-5.246528983116149902e-02
-5.885013937950134277e-02
-6.523469090461730957e-02
-7.161924242973327637e-02
-7.800433039665222168e-02
-8.438840508460998535e-02
-9.077307581901550293e-02
-9.715786576271057129e-02
-1.035450398921966553e-01
-1.098238527774810791e-01
-1.135684549808502197e-01
-1.009189784526824951e-01
-8.734676241874694824e-02
-7.377406954765319824e-02
-6.017002463340759277e-02
-4.640164971351623535e-02
-3.308871388435363770e-02
-2.934828400611877441e-02
-2.680680155754089355e-02
-2.689233422279357910e-02
-2.736881375312805176e-02
-3.047409653663635254e-02
-3.949764370918273926e-02
-4.920646548271179199e-02
-5.869242548942565918e-02
-6.828442215919494629e-02
-7.793506979942321777e-02
-7.874420285224914551e-02
-7.567200064659118652e-02
-7.205691933631896973e-02
-6.783452630043029785e-02
-6.289318203926086426e-02
-5.596253275871276855e-02
-4.974254965782165527e-02
-4.352235794067382812e-02
-3.730234503746032715e-02
-3.091713786125183105e-02
-2.436056733131408691e-02
-2.848201990127563477e-02
-3.377360105514526367e-02
-4.042303562164306641e-02
-4.947030544281005859e-02
-5.789989233016967773e-02
-6.308087706565856934e-02
-6.904014945030212402e-02
-7.498785853385925293e-02
-8.065849542617797852e-02
-8.794710040092468262e-02
-9.379059076309204102e-02
-9.579303860664367676e-02
-9.490418434143066406e-02
-9.362244606018066406e-02
-9.320959448814392090e-02
-9.975862503051757812e-02
-1.060148179531097412e-01
-1.117930114269256592e-01
-1.172595024108886719e-01
-1.224242746829986572e-01
-1.290263831615447998e-01
-1.344567835330963135e-01
-1.394741237163543701e-01
-1.445843279361724854e-01
-1.507861018180847168e-01
-1.569878160953521729e-01
-1.614835858345031738e-01
-1.648844778537750244e-01
-1.660772264003753662e-01
-1.658968329429626465e-01
-1.604304611682891846e-01
-1.463265717029571533e-01
-1.345246732234954834e-01
-1.269266903400421143e-01
-1.195083558559417725e-01
-1.120897233486175537e-01
-1.046710610389709473e-01
-9.725269675254821777e-02
-8.983379602432250977e-02
-8.241572976112365723e-02
-7.270488142967224121e-02
-7.070365548133850098e-02
-6.842866539955139160e-02
-6.639841198921203613e-02
-6.476190686225891113e-02
-6.463578343391418457e-02
-6.915271282196044922e-02
-7.600638270378112793e-02
-8.285933732986450195e-02
-8.635988831520080566e-02
-8.916038274765014648e-02
-9.187746047973632812e-02
-9.223753213882446289e-02
-9.609630703926086426e-02
-9.997522830963134766e-02
-1.037105321884155273e-01
-1.077828407287597656e-01
-1.129106283187866211e-01
-1.165003478527069092e-01
-1.169891357421875000e-01
-1.111499965190887451e-01
-1.072051823139190674e-01
-1.036399006843566895e-01
-9.984260797500610352e-02
-8.701151609420776367e-02
-7.481136918067932129e-02
-6.261152029037475586e-02
-5.041190981864929199e-02
-4.306468367576599121e-02
-4.732650518417358398e-02
-5.071380734443664551e-02
-5.407834053039550781e-02
-5.864503979682922363e-02
-5.733290314674377441e-02
-6.242910027503967285e-02
-6.691604852676391602e-02
-7.841190695762634277e-02
-8.957821130752563477e-02
-1.046337485313415527e-01
-1.233157217502593994e-01
-1.431413590908050537e-01
-5.185052752494812012e-02
-5.221554636955261230e-02
-5.258056521415710449e-02
-5.296841263771057129e-02
-5.136182904243469238e-02
-4.711398482322692871e-02
-4.267027974128723145e-02
-3.928712010383605957e-02
-4.240396618843078613e-02
-4.666307568550109863e-02
-5.300149321556091309e-02
-5.938640236854553223e-02
-6.577119231224060059e-02
-7.215598225593566895e-02
-7.854041457176208496e-02
-8.492496609687805176e-02
-9.130933880805969238e-02
-9.769448637962341309e-02
-1.037028133869171143e-01
-1.098242700099945068e-01
-1.151100695133209229e-01
-1.070772111415863037e-01
-9.350422024726867676e-02
-7.974269986152648926e-02
-6.597390770912170410e-02
-5.220529437065124512e-02
-3.879889845848083496e-02
-3.414741158485412598e-02
-3.161153197288513184e-02
-3.138628602027893066e-02
-3.186228871345520020e-02
-3.375139832496643066e-02
-4.112282395362854004e-02
-5.105677247047424316e-02
-6.078442931175231934e-02
-7.042756676673889160e-02
-8.015587925910949707e-02
-8.784636855125427246e-02
-8.702203631401062012e-02
-8.348330855369567871e-02
-7.963511347770690918e-02
-7.541266083717346191e-02
-6.881269812583923340e-02
-6.181427836418151855e-02
-5.559405684471130371e-02
-4.937404394149780273e-02
-4.315388202667236328e-02
-3.757745027542114258e-02
-4.043841361999511719e-02
-4.552793502807617188e-02
-5.169329047203063965e-02
-6.140998005867004395e-02
-7.089814543724060059e-02
-7.581770420074462891e-02
-7.886812090873718262e-02
-8.474054932594299316e-02
-9.016373753547668457e-02
-9.500899910926818848e-02
-9.984090924263000488e-02
-1.015777289867401123e-01
-1.008325517177581787e-01
-9.955075383186340332e-02
-9.826922416687011719e-02
-1.029040813446044922e-01
-1.091307401657104492e-01
-1.149086356163024902e-01
-1.201698780059814453e-01
-1.246598064899444580e-01
-1.288486123085021973e-01
-1.338660418987274170e-01
-1.388834416866302490e-01
-1.439823806285858154e-01
-1.499119102954864502e-01
-1.535649299621582031e-01
-1.559987962245941162e-01
-1.570700705051422119e-01
-1.554767787456512451e-01
-1.505424976348876953e-01
-1.448532044887542725e-01
-1.369539201259613037e-01
-1.295351386070251465e-01
-1.221169829368591309e-01
-1.146980226039886475e-01
-1.072797477245330811e-01
-9.986102581024169922e-02
-9.244248270988464355e-02
-8.502390980720520020e-02
-7.740893959999084473e-02
-6.838381290435791016e-02
-6.374749541282653809e-02
-6.160667538642883301e-02
-5.996954441070556641e-02
-5.833277106285095215e-02
-6.053650379180908203e-02
-6.738996505737304688e-02
-7.424306869506835938e-02
-7.974687218666076660e-02
-8.254745602607727051e-02
-8.534806966781616211e-02
-8.814796805381774902e-02
-9.266847372055053711e-02
-1.001230180263519287e-01
-1.056002378463745117e-01
-1.096014380455017090e-01
-1.145997941493988037e-01
-1.189851164817810059e-01
-1.220858991146087646e-01
-1.222248375415802002e-01
-1.173439621925354004e-01
-1.137785911560058594e-01
-1.102357804775238037e-01
-1.070789992809295654e-01
-9.649112820625305176e-02
-8.429116010665893555e-02
-7.209137082099914551e-02
-6.038162112236022949e-02
-5.011415481567382812e-02
-4.739138484001159668e-02
-5.014652013778686523e-02
-5.420878529548645020e-02
-5.628067255020141602e-02
-5.589678883552551270e-02
-6.030997633934020996e-02
-6.639900803565979004e-02
-7.801404595375061035e-02
-8.868575096130371094e-02
-1.067209839820861816e-01
-1.262527406215667725e-01
-1.462493240833282471e-01
-5.180475115776062012e-02
-5.218771100044250488e-02
-5.255267024040222168e-02
-5.291715264320373535e-02
-5.252537131309509277e-02
-4.842862486839294434e-02
-4.393818974494934082e-02
-4.241231083869934082e-02
-4.547575116157531738e-02
-4.955741763114929199e-02
-5.397668480873107910e-02
-5.998066067695617676e-02
-6.631228327751159668e-02
-7.269176840782165527e-02
-7.907631993293762207e-02
-8.546140789985656738e-02
-9.184542298316955566e-02
-9.823027253150939941e-02
-1.038599312305450439e-01
-1.097707450389862061e-01
-1.150361001491546631e-01
-1.130832731723785400e-01
-9.931477904319763184e-02
-8.554473519325256348e-02
-7.177236676216125488e-02
-5.799999833106994629e-02
-4.450353980064392090e-02
-3.894504904747009277e-02
-3.641548752784729004e-02
-3.607508540153503418e-02
-3.651329874992370605e-02
-3.861263394355773926e-02
-4.321852326393127441e-02
-5.268171429634094238e-02
-6.261590123176574707e-02
-7.236298918724060059e-02
-8.236059546470642090e-02
-9.116634726524353027e-02
-9.721878170967102051e-02
-9.483316540718078613e-02
-9.129431843757629395e-02
-8.719083666801452637e-02
-8.198854327201843262e-02
-7.434484362602233887e-02
-6.766584515571594238e-02
-6.144586205482482910e-02
-5.523225665092468262e-02
-5.038395524024963379e-02
-5.168902873992919922e-02
-5.728191137313842773e-02
-6.319367885589599609e-02
-7.338920235633850098e-02
-8.329614996910095215e-02
-8.846959471702575684e-02
-8.948242664337158203e-02
-9.362047910690307617e-02
-9.662565588951110840e-02
-9.974256157875061035e-02
-1.048530042171478271e-01
-1.073626577854156494e-01
-1.067607998847961426e-01
-1.054792404174804688e-01
-1.041974127292633057e-01
-1.060497164726257324e-01
-1.122465729713439941e-01
-1.177258193492889404e-01
-1.219413280487060547e-01
-1.255963444709777832e-01
-1.284108459949493408e-01
-1.332752406597137451e-01
-1.382926404476165771e-01
-1.419928967952728271e-01
-1.456443667411804199e-01
-1.471137702465057373e-01
-1.477220952510833740e-01
-1.443179547786712646e-01
-1.389947235584259033e-01
-1.347466111183166504e-01
-1.346384584903717041e-01
-1.321437954902648926e-01
-1.247251629829406738e-01
-1.173064708709716797e-01
-1.098880767822265625e-01
-1.024695038795471191e-01
-9.505105018615722656e-02
-8.894222974777221680e-02
-8.242127299308776855e-02
-7.339546084403991699e-02
-6.412547826766967773e-02
-5.681461095809936523e-02
-5.517807602882385254e-02
-5.355092883110046387e-02
-5.514559149742126465e-02
-5.877390503883361816e-02
-6.562706828117370605e-02
-7.248049974441528320e-02
-7.593414187431335449e-02
-7.873472571372985840e-02
-8.153507113456726074e-02
-8.487296104431152344e-02
-9.241721034049987793e-02
-1.046791970729827881e-01
-1.114183962345123291e-01
-1.162890195846557617e-01
-1.211874783039093018e-01
-1.246044337749481201e-01
-1.281571686267852783e-01
-1.279034912586212158e-01
-1.239176094532012939e-01
-1.204001903533935547e-01
-1.172930002212524414e-01
-1.147146821022033691e-01
-1.059710383415222168e-01
-9.377115964889526367e-02
-8.196151256561279297e-02
-7.128825783729553223e-02
-5.951359868049621582e-02
-4.773837327957153320e-02
-5.001601576805114746e-02
-5.430248379707336426e-02
-5.308040976524353027e-02
-5.395436286926269531e-02
-5.723056197166442871e-02
-6.627506017684936523e-02
-7.726797461509704590e-02
-9.013345837593078613e-02
-1.093645691871643066e-01
-1.293608844280242920e-01
-1.488606333732604980e-01
-5.026486515998840332e-02
-5.215975642204284668e-02
-5.252435803413391113e-02
-5.288949608802795410e-02
-5.325457453727722168e-02
-4.987195134162902832e-02
-4.538777470588684082e-02
-4.577282071113586426e-02
-4.883572459220886230e-02
-5.279532074928283691e-02
-5.700072646141052246e-02
-6.163111329078674316e-02
-6.735411286354064941e-02
-7.368525862693786621e-02
-8.001634478569030762e-02
-8.634814620018005371e-02
-9.267929196357727051e-02
-9.901091456413269043e-02
-1.045754849910736084e-01
-1.097422540187835693e-01
-1.144888103008270264e-01
-1.154059469699859619e-01
-1.051112115383148193e-01
-9.133926033973693848e-02
-7.756665349006652832e-02
-6.379416584968566895e-02
-5.020806193351745605e-02
-4.374328255653381348e-02
-4.122158885002136230e-02
-4.088577628135681152e-02
-4.152122139930725098e-02
-4.362073540687561035e-02
-4.618629813194274902e-02
-5.430659651756286621e-02
-6.424060463905334473e-02
-7.417443394660949707e-02
-8.409312367439270020e-02
-9.337028861045837402e-02
-1.021763384342193604e-01
-1.056722700595855713e-01
-1.026441752910614014e-01
-9.878614544868469238e-02
-9.387817978858947754e-02
-8.740603923797607422e-02
-7.987585663795471191e-02
-7.351747155189514160e-02
-6.740531325340270996e-02
-6.319037079811096191e-02
-6.241145730018615723e-02
-6.790047883987426758e-02
-7.512903213500976562e-02
-8.570301532745361328e-02
-9.478974342346191406e-02
-1.005133390426635742e-01
-9.995132684707641602e-02
-9.897312521934509277e-02
-1.019150316715240479e-01
-1.052786111831665039e-01
-1.090541183948516846e-01
-1.131473779678344727e-01
-1.126887798309326172e-01
-1.114074289798736572e-01
-1.101255714893341064e-01
-1.093899309635162354e-01
-1.142875254154205322e-01
-1.192228198051452637e-01
-1.232357323169708252e-01
-1.261830925941467285e-01
-1.286397874355316162e-01
-1.326844394207000732e-01
-1.351984739303588867e-01
-1.370358169078826904e-01
-1.382282376289367676e-01
-1.373022496700286865e-01
-1.327702105045318604e-01
-1.274974942207336426e-01
-1.255345344543457031e-01
-1.255865693092346191e-01
-1.258565187454223633e-01
-1.264952719211578369e-01
-1.199147105216979980e-01
-1.124963462352752686e-01
-1.050779223442077637e-01
-9.765934944152832031e-02
-9.321221709251403809e-02
-8.743306994438171387e-02
-7.840773463249206543e-02
-6.938228011131286621e-02
-5.985280871391296387e-02
-5.044692754745483398e-02
-4.993218183517456055e-02
-5.152672529220581055e-02
-5.312141776084899902e-02
-5.701094865798950195e-02
-6.386435031890869141e-02
-6.932088732719421387e-02
-7.212135195732116699e-02
-7.492181658744812012e-02
-7.803189754486083984e-02
-8.266517519950866699e-02
-9.428349137306213379e-02
-1.066690683364868164e-01
-1.166745126247406006e-01
-1.233453750610351562e-01
-1.268062889575958252e-01
-1.307371258735656738e-01
-1.346567273139953613e-01
-1.340565383434295654e-01
-1.305648386478424072e-01
-1.275066435337066650e-01
-1.249284148216247559e-01
-1.223503649234771729e-01
-1.154507696628570557e-01
-1.037421226501464844e-01
-9.221848845481872559e-02
-8.044335246086120605e-02
-6.866821646690368652e-02
-5.689293146133422852e-02
-5.026987195014953613e-02
-5.213543772697448730e-02
-4.932847619056701660e-02
-5.090156197547912598e-02
-5.504918098449707031e-02
-6.585052609443664551e-02
-7.616773247718811035e-02
-9.266796708106994629e-02
-1.121743321418762207e-01
-1.315077245235443115e-01
-1.512160003185272217e-01
-4.872474074363708496e-02
-5.213150382041931152e-02
-5.249592661857604980e-02
-5.286124348640441895e-02
-5.322661995887756348e-02
-5.131587386131286621e-02
-4.683759808540344238e-02
-4.913344979286193848e-02
-5.219659209251403809e-02
-5.603274703025817871e-02
-6.023713946342468262e-02
-6.465563178062438965e-02
-6.928595900535583496e-02
-7.472720742225646973e-02
-8.105841279029846191e-02
-8.739009499549865723e-02
-9.372130036354064941e-02
-9.997734427452087402e-02
-1.054134070873260498e-01
-1.098364889621734619e-01
-1.143061816692352295e-01
-1.155424416065216064e-01
-1.113912761211395264e-01
-9.756585955619812012e-02
-8.373996615409851074e-02
-6.991472840309143066e-02
-5.618533492088317871e-02
-4.875978827476501465e-02
-4.619875550270080566e-02
-4.580989480018615723e-02
-4.660782217979431152e-02
-4.863563179969787598e-02
-5.072811245918273926e-02
-5.596277117729187012e-02
-6.586548686027526855e-02
-7.579925656318664551e-02
-8.550950884819030762e-02
-9.511211514472961426e-02
-1.043805778026580811e-01
-1.129372417926788330e-01
-1.139940321445465088e-01
-1.100229322910308838e-01
-1.054739058017730713e-01
-1.005662083625793457e-01
-9.293782711029052734e-02
-8.565926551818847656e-02
-7.982215285301208496e-02
-7.599669694900512695e-02
-7.325816154479980469e-02
-7.862335443496704102e-02
-8.618086576461791992e-02
-9.649348258972167969e-02
-1.043863296508789062e-01
-1.082210242748260498e-01
-1.084585785865783691e-01
-1.066011786460876465e-01
-1.072102785110473633e-01
-1.106964349746704102e-01
-1.140033900737762451e-01
-1.185666024684906006e-01
-1.186170876026153564e-01
-1.171645522117614746e-01
-1.150431334972381592e-01
-1.129218339920043945e-01
-1.157879531383514404e-01
-1.205174624919891357e-01
-1.243126392364501953e-01
-1.267695724964141846e-01
-1.281567513942718506e-01
-1.284751594066619873e-01
-1.292854249477386475e-01
-1.291642189025878906e-01
-1.265459656715393066e-01
-1.212231218814849854e-01
-1.165719926357269287e-01
-1.164828240871429443e-01
-1.165350973606109619e-01
-1.165872514247894287e-01
-1.178614497184753418e-01
-1.197047531604766846e-01
-1.151048541069030762e-01
-1.076861619949340820e-01
-1.006693542003631592e-01
-9.748250246047973633e-02
-9.244519472122192383e-02
-8.341991901397705078e-02
-7.439452409744262695e-02
-6.536895036697387695e-02
-5.601999163627624512e-02
-4.905837774276733398e-02
-4.790812730789184570e-02
-4.950273036956787109e-02
-5.109709501266479492e-02
-5.524834990501403809e-02
-6.210187077522277832e-02
-6.550851464271545410e-02
-6.830865144729614258e-02
-7.118481397628784180e-02
-7.528057694435119629e-02
-8.388835191726684570e-02
-9.617504477500915527e-02
-1.093400716781616211e-01
-1.202112734317779541e-01
-1.272591948509216309e-01
-1.329194903373718262e-01
-1.371771991252899170e-01
-1.412518918514251709e-01
-1.407289803028106689e-01
-1.377201676368713379e-01
-1.351420581340789795e-01
-1.325640380382537842e-01
-1.299861967563629150e-01
-1.255226731300354004e-01
-1.133054494857788086e-01
-1.013730168342590332e-01
-8.959823846817016602e-02
-7.782295346260070801e-02
-6.671714782714843750e-02
-5.635404586791992188e-02
-4.849976301193237305e-02
-4.500886797904968262e-02
-4.849973320960998535e-02
-5.447286367416381836e-02
-6.475010514259338379e-02
-7.607325911521911621e-02
-9.483358263969421387e-02
-1.141553521156311035e-01
-1.333796381950378418e-01
-1.492049694061279297e-01
-4.718449711799621582e-02
-5.133149027824401855e-02
-5.246809124946594238e-02
-5.283293128013610840e-02
-5.319830775260925293e-02
-5.270299315452575684e-02
-4.943069815635681152e-02
-5.249390006065368652e-02
-5.555745959281921387e-02
-5.927047133445739746e-02
-6.347480416297912598e-02
-6.767967343330383301e-02
-7.231023907661437988e-02
-7.694044709205627441e-02
-8.210054039955139160e-02
-8.839419484138488770e-02
-9.452840685844421387e-02
-1.006602346897125244e-01
-1.061600148677825928e-01
-1.099258363246917725e-01
-1.141225993633270264e-01
-1.152726113796234131e-01
-1.154108941555023193e-01
-1.038660705089569092e-01
-9.004065394401550293e-02
-7.621535658836364746e-02
-6.239953637123107910e-02
-5.406329035758972168e-02
-5.151578783988952637e-02
-5.120530724525451660e-02
-5.243971943855285645e-02
-5.414947867393493652e-02
-5.619582533836364746e-02
-5.933675169944763184e-02
-6.784346699714660645e-02
-7.772436738014221191e-02
-8.740690350532531738e-02
-9.670248627662658691e-02
-1.062707602977752686e-01
-1.154778897762298584e-01
-1.228807270526885986e-01
-1.211678087711334229e-01
-1.169437468051910400e-01
-1.121619045734405518e-01
-1.065562665462493896e-01
-9.864118695259094238e-02
-9.262871742248535156e-02
-8.880403637886047363e-02
-8.490282297134399414e-02
-8.902135491371154785e-02
-9.597653150558471680e-02
-1.031279861927032471e-01
-1.107843518257141113e-01
-1.151363849639892578e-01
-1.166476905345916748e-01
-1.152672171592712402e-01
-1.128736436367034912e-01
-1.161141991615295410e-01
-1.196002066135406494e-01
-1.229754686355590820e-01
-1.235988438129425049e-01
-1.214775145053863525e-01
-1.193561851978302002e-01
-1.172348558902740479e-01
-1.172881722450256348e-01
-1.218120455741882324e-01
-1.248993277549743652e-01
-1.251711249351501465e-01
-1.250568330287933350e-01
-1.223627626895904541e-01
-1.202739775180816650e-01
-1.149983406066894531e-01
-1.097243428230285645e-01
-1.073790788650512695e-01
-1.074311733245849609e-01
-1.074834167957305908e-01
-1.075357496738433838e-01
-1.075880229473114014e-01
-1.098662018775939941e-01
-1.122282743453979492e-01
-1.102949976921081543e-01
-1.049395799636840820e-01
-1.017526686191558838e-01
-9.745731949806213379e-02
-8.843207359313964844e-02
-7.940661907196044922e-02
-7.038125395774841309e-02
-6.189143657684326172e-02
-5.580452084541320801e-02
-4.971781373023986816e-02
-4.588416218757629395e-02
-4.747858643531799316e-02
-4.907324910163879395e-02
-5.348554253578186035e-02
-5.889520049095153809e-02
-6.169599294662475586e-02
-6.449612975120544434e-02
-6.805425882339477539e-02
-7.557249069213867188e-02
-8.559182286262512207e-02
-9.868010878562927246e-02
-1.126656234264373779e-01
-1.228109896183013916e-01
-1.299006342887878418e-01
-1.372450292110443115e-01
-1.435450315475463867e-01
-1.484443247318267822e-01
-1.479339599609375000e-01
-1.453562378883361816e-01
-1.427777707576751709e-01
-1.401999592781066895e-01
-1.383146941661834717e-01
-1.346980631351470947e-01
-1.223030686378479004e-01
-1.105276644229888916e-01
-9.875276684761047363e-02
-8.705654740333557129e-02
-7.669377326965332031e-02
-6.393629312515258789e-02
-4.485180974006652832e-02
-4.213711619377136230e-02
-4.636058211326599121e-02
-5.374515056610107422e-02
-6.370142102241516113e-02
-7.749280333518981934e-02
-9.664306044578552246e-02
-1.128305196762084961e-01
-1.285577416419982910e-01
-1.399703919887542725e-01
-4.564461112022399902e-02
-4.979142546653747559e-02
-5.244037508964538574e-02
-5.280533432960510254e-02
-5.317017436027526855e-02
-5.353555083274841309e-02
-5.279144644737243652e-02
-5.585458874702453613e-02
-5.891796946525573730e-02
-6.250861287117004395e-02
-6.671270728111267090e-02
-7.091698050498962402e-02
-7.533487677574157715e-02
-7.996508479118347168e-02
-8.439716696739196777e-02
-8.907571434974670410e-02
-9.520736336708068848e-02
-1.012038886547088623e-01
-1.067972481250762939e-01
-1.100154221057891846e-01
-1.139390170574188232e-01
-1.150031983852386475e-01
-1.157774627208709717e-01
-1.101666986942291260e-01
-9.634104371070861816e-02
-8.251580595970153809e-02
-6.869015097618103027e-02
-5.936715006828308105e-02
-5.683305859565734863e-02
-5.703678727149963379e-02
-5.827143788337707520e-02
-5.966356396675109863e-02
-6.170967221260070801e-02
-6.375655531883239746e-02
-6.997445225715637207e-02
-7.985535264015197754e-02
-8.959940075874328613e-02
-9.845736622810363770e-02
-1.081549823284149170e-01
-1.177425682544708252e-01
-1.267836391925811768e-01
-1.317202746868133545e-01
-1.285221576690673828e-01
-1.241377890110015869e-01
-1.193104088306427002e-01
-1.124119758605957031e-01
-1.060647964477539062e-01
-1.015039980411529541e-01
-9.694930911064147949e-02
-9.677451848983764648e-02
-1.025420427322387695e-01
-1.091283857822418213e-01
-1.167846024036407471e-01
-1.212129890918731689e-01
-1.239656209945678711e-01
-1.238025724887847900e-01
-1.216681599617004395e-01
-1.214892566204071045e-01
-1.241351664066314697e-01
-1.265421807765960693e-01
-1.276511847972869873e-01
-1.257903873920440674e-01
-1.236688196659088135e-01
-1.215475201606750488e-01
-1.192619204521179199e-01
-1.222774386405944824e-01
-1.221857964992523193e-01
-1.209626793861389160e-01
-1.184053421020507812e-01
-1.129938662052154541e-01
-1.046078801155090332e-01
-9.839749336242675781e-02
-9.832718968391418457e-02
-9.837955236434936523e-02
-9.843182563781738281e-02
-9.848389029502868652e-02
-9.853616356849670410e-02
-9.950894117355346680e-02
-1.018711030483245850e-01
-1.042329668998718262e-01
-1.085330843925476074e-01
-1.060226559638977051e-01
-1.024695634841918945e-01
-9.344434738159179688e-02
-8.441886305809020996e-02
-7.539340853691101074e-02
-6.805750727653503418e-02
-6.255093216896057129e-02
-5.646392703056335449e-02
-5.037707090377807617e-02
-4.429015517234802246e-02
-4.545468091964721680e-02
-4.704904556274414062e-02
-5.172297358512878418e-02
-5.508264899253845215e-02
-5.788302421569824219e-02
-6.118160486221313477e-02
-6.853610277175903320e-02
-7.595270872116088867e-02
-8.795535564422607422e-02
-1.019687652587890625e-01
-1.155643761157989502e-01
-1.254810988903045654e-01
-1.328472197055816650e-01
-1.400337219238281250e-01
-1.477545499801635742e-01
-1.565594673156738281e-01
-1.555493772029876709e-01
-1.529916226863861084e-01
-1.504135727882385254e-01
-1.484421491622924805e-01
-1.452582776546478271e-01
-1.420745551586151123e-01
-1.314572691917419434e-01
-1.196827292442321777e-01
-1.079072654247283936e-01
-9.703317284584045410e-02
-8.619353175163269043e-02
-6.903332471847534180e-02
-5.002596974372863770e-02
-3.996250033378601074e-02
-4.398623108863830566e-02
-5.227380990982055664e-02
-6.205454468727111816e-02
-7.618695497512817383e-02
-9.191367030143737793e-02
-1.055983603000640869e-01
-1.176359951496124268e-01
-1.285307109355926514e-01
-4.410436749458312988e-02
-4.825100302696228027e-02
-5.239728093147277832e-02
-5.277708172798156738e-02
-5.314210057258605957e-02
-5.350759625434875488e-02
-5.615213513374328613e-02
-5.921533703804016113e-02
-6.227847933769226074e-02
-6.574615836143493652e-02
-6.995037198066711426e-02
-7.415464520454406738e-02
-7.819744944572448730e-02
-8.262816071510314941e-02
-8.705857396125793457e-02
-9.148934483528137207e-02
-9.591999650001525879e-02
-1.016716063022613525e-01
-1.072653830051422119e-01
-1.105466783046722412e-01
-1.137554943561553955e-01
-1.147334277629852295e-01
-1.155078709125518799e-01
-1.153931319713592529e-01
-1.026414334774017334e-01
-8.881613612174987793e-02
-7.499077916145324707e-02
-6.467083096504211426e-02
-6.214997172355651855e-02
-6.286874413490295410e-02
-6.410309672355651855e-02
-6.533774733543395996e-02
-6.722381711006164551e-02
-6.927046179771423340e-02
-7.303902506828308105e-02
-8.198580145835876465e-02
-9.179183840751647949e-02
-1.003064215183258057e-01
-1.099096238613128662e-01
-1.196073591709136963e-01
-1.288520991802215576e-01
-1.373569071292877197e-01
-1.398027241230010986e-01
-1.359914541244506836e-01
-1.314737796783447266e-01
-1.263446509838104248e-01
-1.200808286666870117e-01
-1.123601794242858887e-01
-1.057975888252258301e-01
-1.041101813316345215e-01
-1.093102991580963135e-01
-1.155894696712493896e-01
-1.229248344898223877e-01
-1.277388036251068115e-01
-1.308506429195404053e-01
-1.312025785446166992e-01
-1.293304562568664551e-01
-1.269764006137847900e-01
-1.280260980129241943e-01
-1.306194067001342773e-01
-1.308081150054931641e-01
-1.301030516624450684e-01
-1.279816031455993652e-01
-1.258602142333984375e-01
-1.209852397441864014e-01
-1.192001700401306152e-01
-1.170108020305633545e-01
-1.139172315597534180e-01
-1.064458191394805908e-01
-9.742513298988342285e-02
-9.095236659049987793e-02
-8.927550911903381348e-02
-8.932772278785705566e-02
-8.938002586364746094e-02
-8.943241834640502930e-02
-8.948457241058349609e-02
-8.953693509101867676e-02
-9.151366353034973145e-02
-9.503114223480224609e-02
-1.016247272491455078e-01
-1.075984239578247070e-01
-1.070863902568817139e-01
-9.845629334449768066e-02
-8.943089842796325684e-02
-8.040538430213928223e-02
-7.413214445114135742e-02
-6.897610425949096680e-02
-6.321045756340026855e-02
-5.712327361106872559e-02
-5.103674530982971191e-02
-4.494976997375488281e-02
-4.343068599700927734e-02
-4.502496123313903809e-02
-4.846924543380737305e-02
-5.126991868019104004e-02
-5.433422327041625977e-02
-6.149950623512268066e-02
-6.882792711257934570e-02
-7.759550213813781738e-02
-9.123829007148742676e-02
-1.052576601505279541e-01
-1.180146038532257080e-01
-1.284272968769073486e-01
-1.356460750102996826e-01
-1.430770754814147949e-01
-1.519964933395385742e-01
-1.617651283740997314e-01
-1.630873978137969971e-01
-1.605917215347290039e-01
-1.583686769008636475e-01
-1.551848351955413818e-01
-1.520011126995086670e-01
-1.493324935436248779e-01
-1.406120657920837402e-01
-1.288371086120605469e-01
-1.173728406429290771e-01
-1.065727770328521729e-01
-9.321290254592895508e-02
-7.420724630355834961e-02
-5.546671152114868164e-02
-4.364189505577087402e-02
-4.084613919258117676e-02
-4.726067185401916504e-02
-5.569460988044738770e-02
-7.002776861190795898e-02
-8.255723118782043457e-02
-9.521925449371337891e-02
-1.061961352825164795e-01
-1.170906126499176025e-01
-4.256489872932434082e-02
-4.671099781990051270e-02
-5.085787177085876465e-02
-5.274912714958190918e-02
-5.311426520347595215e-02
-5.347946286201477051e-02
-5.951228737831115723e-02
-6.257548928260803223e-02
-6.563904881477355957e-02
-6.898239254951477051e-02
-7.306316494941711426e-02
-7.706782221794128418e-02
-8.107253909111022949e-02
-8.528932929039001465e-02
-8.971986174583435059e-02
-9.415045380592346191e-02
-9.856209158897399902e-02
-1.024548709392547607e-01
-1.077332794666290283e-01
-1.112932264804840088e-01
-1.135717332363128662e-01
-1.144638359546661377e-01
-1.152378618717193604e-01
-1.160124242305755615e-01
-1.089422404766082764e-01
-9.511670470237731934e-02
-8.129122853279113770e-02
-6.997457146644592285e-02
-6.746700406074523926e-02
-6.870064139366149902e-02
-6.993529200553894043e-02
-7.116976380348205566e-02
-7.273796200752258301e-02
-7.478454709053039551e-02
-7.693353295326232910e-02
-8.411678671836853027e-02
-9.398409724235534668e-02
-1.024991571903228760e-01
-1.116641461849212646e-01
-1.213621199131011963e-01
-1.304928958415985107e-01
-1.394338309764862061e-01
-1.474366784095764160e-01
-1.473233103752136230e-01
-1.431468129158020020e-01
-1.371403336524963379e-01
-1.308489739894866943e-01
-1.221983134746551514e-01
-1.146459281444549561e-01
-1.114197373390197754e-01
-1.160808801651000977e-01
-1.220956742763519287e-01
-1.291229724884033203e-01
-1.341857314109802246e-01
-1.374140083789825439e-01
-1.369959115982055664e-01
-1.357715129852294922e-01
-1.337124407291412354e-01
-1.321888566017150879e-01
-1.349276900291442871e-01
-1.354508996009826660e-01
-1.346955895423889160e-01
-1.322430074214935303e-01
-1.275198757648468018e-01
-1.213442981243133545e-01
-1.132812201976776123e-01
-1.086001992225646973e-01
-9.994760155677795410e-02
-9.099209308624267578e-02
-8.684802055358886719e-02
-8.314129710197448730e-02
-8.027616143226623535e-02
-8.032840490341186523e-02
-8.038073778152465820e-02
-8.043324947357177734e-02
-8.048510551452636719e-02
-8.115658164024353027e-02
-8.633568882942199707e-02
-9.292921423912048340e-02
-9.952276945114135742e-02
-1.061163246631622314e-01
-1.034684479236602783e-01
-9.444290399551391602e-02
-8.600392937660217285e-02
-8.021008968353271484e-02
-7.505092024803161621e-02
-6.989511847496032715e-02
-6.386974453926086426e-02
-5.778288841247558594e-02
-5.169600248336791992e-02
-4.560914635658264160e-02
-4.140660166740417480e-02
-4.300117492675781250e-02
-4.465687274932861328e-02
-4.748693108558654785e-02
-5.407023429870605469e-02
-6.179180741310119629e-02
-6.945165991783142090e-02
-8.050802350044250488e-02
-9.452718496322631836e-02
-1.078253388404846191e-01
-1.207136511802673340e-01
-1.312585771083831787e-01
-1.386356055736541748e-01
-1.469377875328063965e-01
-1.570738255977630615e-01
-1.659348309040069580e-01
-1.674033105373382568e-01
-1.678667366504669189e-01
-1.650447845458984375e-01
-1.619277298450469971e-01
-1.587963402271270752e-01
-1.566430032253265381e-01
-1.497668623924255371e-01
-1.379919946193695068e-01
-1.269832551479339600e-01
-1.150775253772735596e-01
-9.838885068893432617e-02
-7.938194274902343750e-02
-6.210401654243469238e-02
-4.672905802726745605e-02
-3.303322196006774902e-02
-3.845784068107604980e-02
-4.742929339408874512e-02
-5.980119109153747559e-02
-7.217875123023986816e-02
-8.366057276725769043e-02
-9.425380825996398926e-02
-1.048478782176971436e-01
-4.102441668510437012e-02
-4.517129063606262207e-02
-4.931750893592834473e-02
-5.272093415260314941e-02
-5.308625102043151855e-02
-5.466869473457336426e-02
-6.235995888710021973e-02
-6.593367457389831543e-02
-6.891128420829772949e-02
-7.193353772163391113e-02
-7.593837380409240723e-02
-7.994243502616882324e-02
-8.394709229469299316e-02
-8.795121312141418457e-02
-9.238144755363464355e-02
-9.681227803230285645e-02
-1.010122597217559814e-01
-1.049050986766815186e-01
-1.087975203990936279e-01
-1.120397150516510010e-01
-1.133880913257598877e-01
-1.141939461231231689e-01
-1.149682104587554932e-01
-1.157427132129669189e-01
-1.152385175228118896e-01
-1.014172732830047607e-01
-8.759167790412902832e-02
-7.527807354927062988e-02
-7.329812645912170410e-02
-7.453235983848571777e-02
-7.576707005500793457e-02
-7.700154185295104980e-02
-7.825204730033874512e-02
-8.029863238334655762e-02
-8.234491944313049316e-02
-8.674201369285583496e-02
-9.612861275672912598e-02
-1.046914756298065186e-01
-1.134187281131744385e-01
-1.230296194553375244e-01
-1.320424675941467285e-01
-1.409094929695129395e-01
-1.497626900672912598e-01
-1.555186808109283447e-01
-1.511056721210479736e-01
-1.455011963844299316e-01
-1.403759717941284180e-01
-1.327814161777496338e-01
-1.243329644203186035e-01
-1.188652515411376953e-01
-1.229316890239715576e-01
-1.286019682884216309e-01
-1.346306502819061279e-01
-1.388535797595977783e-01
-1.424884498119354248e-01
-1.431233286857604980e-01
-1.421239078044891357e-01
-1.401532292366027832e-01
-1.380943357944488525e-01
-1.386500298976898193e-01
-1.403612792491912842e-01
-1.368723511695861816e-01
-1.333979070186614990e-01
-1.271096169948577881e-01
-1.179828047752380371e-01
-1.035312414169311523e-01
-9.393891692161560059e-02
-8.703047037124633789e-02
-8.328470587730407715e-02
-7.953879237174987793e-02
-7.579290866851806641e-02
-7.204702496528625488e-02
-7.168546319007873535e-02
-7.168442010879516602e-02
-7.168373465538024902e-02
-7.192945480346679688e-02
-7.778373360633850098e-02
-8.432415127754211426e-02
-9.086525440216064453e-02
-9.742066264152526855e-02
-1.000357270240783691e-01
-9.893956780433654785e-02
-9.218943119049072266e-02
-8.639538288116455078e-02
-8.112552762031555176e-02
-7.596948742866516113e-02
-7.061630487442016602e-02
-6.452926993370056152e-02
-5.844241380691528320e-02
-5.235543847084045410e-02
-4.626852273941040039e-02
-4.018169641494750977e-02
-3.943917155265808105e-02
-4.084417223930358887e-02
-4.649209976196289062e-02
-5.475559830665588379e-02
-6.234458088874816895e-02
-7.099819183349609375e-02
-8.379656076431274414e-02
-9.763607382774353027e-02
-1.105242371559143066e-01
-1.233296394348144531e-01
-1.342579722404479980e-01
-1.423099935054779053e-01
-1.514707505702972412e-01
-1.621511876583099365e-01
-1.702990233898162842e-01
-1.711431443691253662e-01
-1.710616946220397949e-01
-1.709801256656646729e-01
-1.685803532600402832e-01
-1.660908162593841553e-01
-1.639536917209625244e-01
-1.589217782020568848e-01
-1.473937332630157471e-01
-1.354881227016448975e-01
-1.224538385868072510e-01
-1.035633385181427002e-01
-8.232972025871276855e-02
-6.174513697624206543e-02
-4.417052865028381348e-02
-3.160193562507629395e-02
-2.548423409461975098e-02
-3.682848811149597168e-02
-4.889914393424987793e-02
-6.069597601890563965e-02
-7.114371657371520996e-02
-8.173701167106628418e-02
-9.233060479164123535e-02
-3.948447108268737793e-02
-4.363086819648742676e-02
-4.777738451957702637e-02
-5.192407965660095215e-02
-5.305734276771545410e-02
-5.654695630073547363e-02
-6.429454684257507324e-02
-6.904551386833190918e-02
-7.190886139869689941e-02
-7.480886578559875488e-02
-7.881286740303039551e-02
-8.281710743904113770e-02
-8.682188391685485840e-02
-9.082606434822082520e-02
-9.504291415214538574e-02
-9.947380423545837402e-02
-1.034633815288543701e-01
-1.073557436466217041e-01
-1.112484037876129150e-01
-1.136640012264251709e-01
-1.131498515605926514e-01
-1.139241755008697510e-01
-1.146984994411468506e-01
-1.154730618000030518e-01
-1.162472069263458252e-01
-1.077179014682769775e-01
-9.389230608940124512e-02
-8.082339167594909668e-02
-7.912960648536682129e-02
-8.036419749259948730e-02
-8.159878849983215332e-02
-8.283320069313049316e-02
-8.406791090965270996e-02
-8.581236004829406738e-02
-8.785894513130187988e-02
-9.031280875205993652e-02
-9.825965762138366699e-02
-1.068837940692901611e-01
-1.153984367847442627e-01
-1.244546473026275635e-01
-1.332287192344665527e-01
-1.417376399040222168e-01
-1.483309268951416016e-01
-1.548901200294494629e-01
-1.571749448776245117e-01
-1.535349190235137939e-01
-1.487478911876678467e-01
-1.434136629104614258e-01
-1.349954605102539062e-01
-1.282743215560913086e-01
-1.292882263660430908e-01
-1.339021325111389160e-01
-1.392135024070739746e-01
-1.434365510940551758e-01
-1.475500166416168213e-01
-1.497350931167602539e-01
-1.482461690902709961e-01
-1.465943157672882080e-01
-1.445352435111999512e-01
-1.423608064651489258e-01
-1.412816345691680908e-01
-1.379182934761047363e-01
-1.319653987884521484e-01
-1.235453486442565918e-01
-1.078703403472900391e-01
-9.069678187370300293e-02
-8.347114920616149902e-02
-7.972544431686401367e-02
-7.597953081130981445e-02
-7.223370671272277832e-02
-6.848770380020141602e-02
-6.474179029464721680e-02
-6.319198012351989746e-02
-6.319105625152587891e-02
-6.509882211685180664e-02
-6.964731216430664062e-02
-7.618767023086547852e-02
-8.272820711135864258e-02
-8.926844596862792969e-02
-9.257227182388305664e-02
-9.327453374862670898e-02
-9.618848562240600586e-02
-9.291154146194458008e-02
-8.747756481170654297e-02
-8.226835727691650391e-02
-7.705938816070556641e-02
-7.139354944229125977e-02
-6.525349617004394531e-02
-5.911961197853088379e-02
-5.301496386528015137e-02
-4.692789912223815918e-02
-4.084119200706481934e-02
-3.536531329154968262e-02
-3.891426324844360352e-02
-4.766812920570373535e-02
-5.523720383644104004e-02
-6.376206874847412109e-02
-7.350778579711914062e-02
-8.744645118713378906e-02
-1.003347337245941162e-01
-1.131727397441864014e-01
-1.261224448680877686e-01
-1.378882825374603271e-01
-1.464530229568481445e-01
-1.565477848052978516e-01
-1.672924458980560303e-01
-1.737326681613922119e-01
-1.743380725383758545e-01
-1.742568314075469971e-01
-1.741750538349151611e-01
-1.742503345012664795e-01
-1.733038127422332764e-01
-1.712249219417572021e-01
-1.678526997566223145e-01
-1.558986008167266846e-01
-1.439928114414215088e-01
-1.260852515697479248e-01
-1.020610034465789795e-01
-7.876679301261901855e-02
-5.799877643585205078e-02
-3.782024979591369629e-02
-2.734360098838806152e-02
-1.950100064277648926e-02
-2.552458643913269043e-02
-3.759554028511047363e-02
-4.833063483238220215e-02
-5.863329768180847168e-02
-6.922045350074768066e-02
-7.981404662132263184e-02
-3.794452548027038574e-02
-4.209056496620178223e-02
-4.623600840568542480e-02
-5.037859082221984863e-02
-5.301472544670104980e-02
-5.821904540061950684e-02
-6.582018733024597168e-02
-7.204326987266540527e-02
-7.490673661231994629e-02
-7.776984572410583496e-02
-8.168789744377136230e-02
-8.569231629371643066e-02
-8.969643712043762207e-02
-9.370061755180358887e-02
-9.770557284355163574e-02
-1.020213663578033447e-01
-1.059136688709259033e-01
-1.098060905933380127e-01
-1.136986911296844482e-01
-1.163791120052337646e-01
-1.145150959491729736e-01
-1.136545836925506592e-01
-1.144289672374725342e-01
-1.152031719684600830e-01
-1.159774363040924072e-01
-1.140182316303253174e-01
-1.001926362514495850e-01
-8.703348040580749512e-02
-8.496144413948059082e-02
-8.619609475135803223e-02
-8.743038773536682129e-02
-8.866509795188903809e-02
-8.989968895912170410e-02
-9.132650494575500488e-02
-9.337303042411804199e-02
-9.541919827461242676e-02
-1.005074083805084229e-01
-1.089911460876464844e-01
-1.172755062580108643e-01
-1.255294382572174072e-01
-1.323208212852478027e-01
-1.389139890670776367e-01
-1.455072462558746338e-01
-1.521004438400268555e-01
-1.588439643383026123e-01
-1.603295207023620605e-01
-1.570258140563964844e-01
-1.520386040210723877e-01
-1.451780498027801514e-01
-1.373015642166137695e-01
-1.348546147346496582e-01
-1.390569806098937988e-01
-1.437961459159851074e-01
-1.480191946029663086e-01
-1.522104442119598389e-01
-1.553912758827209473e-01
-1.546699702739715576e-01
-1.530351638793945312e-01
-1.497458219528198242e-01
-1.451379060745239258e-01
-1.401461064815521240e-01
-1.346215605735778809e-01
-1.249210536479949951e-01
-1.125062406063079834e-01
-9.735196828842163086e-02
-8.538979291915893555e-02
-7.616594433784484863e-02
-7.242020964622497559e-02
-6.867426633834838867e-02
-6.492847204208374023e-02
-6.118252873420715332e-02
-5.743679404258728027e-02
-5.488312244415283203e-02
-5.826792120933532715e-02
-6.249862909317016602e-02
-6.805130839347839355e-02
-7.459163665771484375e-02
-8.113214373588562012e-02
-8.517786860466003418e-02
-8.675476908683776855e-02
-9.068813920021057129e-02
-9.462168812751770020e-02
-9.411114454269409180e-02
-8.890208601951599121e-02
-8.369308710098266602e-02
-7.848417758941650391e-02
-7.255885004997253418e-02
-6.641888618469238281e-02
-6.027895212173461914e-02
-5.413869023323059082e-02
-4.799878597259521484e-02
-4.027390480041503906e-02
-3.251403570175170898e-02
-4.034185409545898438e-02
-4.832866787910461426e-02
-5.667105317115783691e-02
-6.560522317886352539e-02
-7.713705301284790039e-02
-9.014520049095153809e-02
-1.030152738094329834e-01
-1.159906089305877686e-01
-1.295915246009826660e-01
-1.417362391948699951e-01
-1.509447395801544189e-01
-1.614022552967071533e-01
-1.714767515659332275e-01
-1.770090758800506592e-01
-1.775336563587188721e-01
-1.774518787860870361e-01
-1.773703396320343018e-01
-1.780132353305816650e-01
-1.789626479148864746e-01
-1.782852709293365479e-01
-1.754370629787445068e-01
-1.632255315780639648e-01
-1.458294093608856201e-01
-1.217082440853118896e-01
-9.751644730567932129e-02
-7.050198316574096680e-02
-4.964366555213928223e-02
-3.315544128417968750e-02
-2.308842539787292480e-02
-1.792034506797790527e-02
-1.546159386634826660e-02
-2.566257119178771973e-02
-3.596511483192443848e-02
-4.626795649528503418e-02
-5.670353770256042480e-02
-6.789025664329528809e-02
-3.640171885490417480e-02
-4.054424166679382324e-02
-4.468706250190734863e-02
-4.866597056388854980e-02
-5.261221528053283691e-02
-5.973914265632629395e-02
-6.734612584114074707e-02
-7.467642426490783691e-02
-7.790443301200866699e-02
-8.076784014701843262e-02
-8.456268906593322754e-02
-8.856722712516784668e-02
-9.257140755653381348e-02
-9.657600522041320801e-02
-1.005804836750030518e-01
-1.044718325138092041e-01
-1.083640754222869873e-01
-1.122568547725677490e-01
-1.161492764949798584e-01
-1.190757453441619873e-01
-1.168850958347320557e-01
-1.148253381252288818e-01
-1.141592562198638916e-01
-1.149336993694305420e-01
-1.157077848911285400e-01
-1.164540350437164307e-01
-1.064933836460113525e-01
-9.367915987968444824e-02
-9.079334139823913574e-02
-9.202781319618225098e-02
-9.326228499412536621e-02
-9.449687600135803223e-02
-9.573158621788024902e-02
-9.696617722511291504e-02
-9.888687729835510254e-02
-1.008886396884918213e-01
-1.036516427993774414e-01
-1.107171177864074707e-01
-1.175072491168975830e-01
-1.229040622711181641e-01
-1.294972002506256104e-01
-1.360903084278106689e-01
-1.426836252212524414e-01
-1.492767632007598877e-01
-1.566677987575531006e-01
-1.646642684936523438e-01
-1.634867489337921143e-01
-1.589887440204620361e-01
-1.537651121616363525e-01
-1.465477943420410156e-01
-1.413825154304504395e-01
-1.442119777202606201e-01
-1.483789086341857910e-01
-1.526021063327789307e-01
-1.567300558090209961e-01
-1.605181396007537842e-01
-1.613732278347015381e-01
-1.570158302783966064e-01
-1.525225043296813965e-01
-1.459413170814514160e-01
-1.377785503864288330e-01
-1.253007352352142334e-01
-1.127190887928009033e-01
-1.035668849945068359e-01
-9.252905845642089844e-02
-8.086714148521423340e-02
-6.942185759544372559e-02
-6.511503458023071289e-02
-6.136906147003173828e-02
-5.762320756912231445e-02
-5.387747287750244141e-02
-5.113205313682556152e-02
-5.276477336883544922e-02
-5.566778779029846191e-02
-5.991652607917785645e-02
-6.645518541336059570e-02
-7.299563288688659668e-02
-7.778346538543701172e-02
-8.053359389305114746e-02
-8.446690440177917480e-02
-8.840048313140869141e-02
-9.252563118934631348e-02
-9.515908360481262207e-02
-9.032684564590454102e-02
-8.511760830879211426e-02
-7.986444234848022461e-02
-7.372441887855529785e-02
-6.758424639701843262e-02
-6.144437193870544434e-02
-5.530428886413574219e-02
-4.916411638259887695e-02
-3.938958048820495605e-02
-3.510263562202453613e-02
-4.178082942962646484e-02
-4.999357461929321289e-02
-5.892786383628845215e-02
-6.863063573837280273e-02
-8.050066232681274414e-02
-9.333591163158416748e-02
-1.062974780797958374e-01
-1.198945939540863037e-01
-1.335271298885345459e-01
-1.461217403411865234e-01
-1.557102501392364502e-01
-1.657595336437225342e-01
-1.757806539535522461e-01
-1.803523898124694824e-01
-1.807500123977661133e-01
-1.806467473506927490e-01
-1.808270812034606934e-01
-1.817885637283325195e-01
-1.826438605785369873e-01
-1.811798512935638428e-01
-1.766649186611175537e-01
-1.622350215911865234e-01
-1.410862207412719727e-01
-1.144944429397583008e-01
-8.747997879981994629e-02
-6.215277314186096191e-02
-4.248932003974914551e-02
-2.902403473854064941e-02
-1.883405447006225586e-02
-1.633933186531066895e-02
-1.388004422187805176e-02
-1.329693198204040527e-02
-2.359977364540100098e-02
-3.413131833076477051e-02
-4.506143927574157715e-02
-5.657353997230529785e-02
-3.485247492790222168e-02
-3.886970877647399902e-02
-4.281625151634216309e-02
-4.676291346549987793e-02
-5.200067162513732910e-02
-6.125864386558532715e-02
-6.887248158454895020e-02
-7.640257477760314941e-02
-8.090201020240783691e-02
-8.376541733741760254e-02
-8.743724226951599121e-02
-9.144189953804016113e-02
-9.544643759727478027e-02
-9.945049881935119629e-02
-1.034552156925201416e-01
-1.069239675998687744e-01
-1.108148396015167236e-01
-1.147073805332183838e-01
-1.185999214649200439e-01
-1.217553317546844482e-01
-1.192552149295806885e-01
-1.165379583835601807e-01
-1.156114041805267334e-01
-1.146845519542694092e-01
-1.154378950595855713e-01
-1.162125170230865479e-01
-1.127937734127044678e-01
-1.004045307636260986e-01
-9.662517905235290527e-02
-9.785965085029602051e-02
-9.909418225288391113e-02
-1.003287136554718018e-01
-1.015631854534149170e-01
-1.027934253215789795e-01
-1.041826009750366211e-01
-1.059444546699523926e-01
-1.068789958953857422e-01
-1.092860996723175049e-01
-1.150256395339965820e-01
-1.204355061054229736e-01
-1.266733109951019287e-01
-1.332665085792541504e-01
-1.398598849773406982e-01
-1.464529037475585938e-01
-1.540423929691314697e-01
-1.620505750179290771e-01
-1.681119203567504883e-01
-1.641593277454376221e-01
-1.607516407966613770e-01
-1.557942628860473633e-01
-1.486867368221282959e-01
-1.502356231212615967e-01
-1.529617011547088623e-01
-1.571849286556243896e-01
-1.612940132617950439e-01
-1.647023260593414307e-01
-1.644316613674163818e-01
-1.600955426692962646e-01
-1.523233354091644287e-01
-1.432226598262786865e-01
-1.295703053474426270e-01
-1.140336692333221436e-01
-1.067209541797637939e-01
-9.695935249328613281e-02
-8.676260709762573242e-02
-7.560384273529052734e-02
-6.438249349594116211e-02
-5.780991911888122559e-02
-5.406415462493896484e-02
-5.031806230545043945e-02
-4.923442006111145020e-02
-4.972004890441894531e-02
-5.134201049804687500e-02
-5.309236049652099609e-02
-5.831876397132873535e-02
-6.485924124717712402e-02
-7.038921117782592773e-02
-7.431218028068542480e-02
-7.824599742889404297e-02
-8.217941224575042725e-02
-8.619366586208343506e-02
-9.076523780822753906e-02
-9.451499581336975098e-02
-9.175151586532592773e-02
-8.654233813285827637e-02
-8.102989196777343750e-02
-7.488980889320373535e-02
-6.874966621398925781e-02
-6.260976195335388184e-02
-5.646961927413940430e-02
-4.869788885116577148e-02
-4.344639182090759277e-02
-3.920653462409973145e-02
-4.331642389297485352e-02
-5.225063860416412354e-02
-6.198157370090484619e-02
-7.147020101547241211e-02
-8.370548486709594727e-02
-9.673903882503509521e-02
-1.103713661432266235e-01
-1.240038573741912842e-01
-1.376474201679229736e-01
-1.502446532249450684e-01
-1.603638976812362671e-01
-1.704493612051010132e-01
-1.804709136486053467e-01
-1.841346323490142822e-01
-1.844427287578582764e-01
-1.841432750225067139e-01
-1.845953166484832764e-01
-1.846660971641540527e-01
-1.798483133316040039e-01
-1.756355464458465576e-01
-1.709846556186676025e-01
-1.583606600761413574e-01
-1.313937604427337646e-01
-1.044687032699584961e-01
-7.779529690742492676e-02
-5.447795987129211426e-02
-3.588408231735229492e-02
-2.489277720451354980e-02
-1.721730828285217285e-02
-1.475819945335388184e-02
-1.131430268287658691e-02
-7.087260484695434570e-03
-1.172628998756408691e-02
-2.265617251396179199e-02
-3.358581662178039551e-02
-4.924866557121276855e-02
-3.301987051963806152e-02
-3.696694970130920410e-02
-4.091361165046691895e-02
-4.486033320426940918e-02
-5.200847983360290527e-02
-6.277850270271301270e-02
-7.039859890937805176e-02
-7.792857289314270020e-02
-8.389946818351745605e-02
-8.676305413246154785e-02
-9.031221270561218262e-02
-9.431686997413635254e-02
-9.832111001014709473e-02
-1.023255884647369385e-01
-1.061213910579681396e-01
-1.095878779888153076e-01
-1.132653653621673584e-01
-1.171578466892242432e-01
-1.210502684116363525e-01
-1.242151558399200439e-01
-1.216250956058502197e-01
-1.182511150836944580e-01
-1.173240244388580322e-01
-1.163974702358245850e-01
-1.154708564281463623e-01
-1.159428060054779053e-01
-1.165315210819244385e-01
-1.071299016475677490e-01
-1.024568378925323486e-01
-1.036915481090545654e-01
-1.049260795116424561e-01
-1.061607301235198975e-01
-1.072250306606292725e-01
-1.081752777099609375e-01
-1.089446544647216797e-01
-1.084315478801727295e-01
-1.079179048538208008e-01
-1.079606115818023682e-01
-1.126398146152496338e-01
-1.180496215820312500e-01
-1.238500773906707764e-01
-1.304430365562438965e-01
-1.366652250289916992e-01
-1.424189209938049316e-01
-1.502361297607421875e-01
-1.582555770874023438e-01
-1.662817895412445068e-01
-1.688517630100250244e-01
-1.670064330101013184e-01
-1.634691953659057617e-01
-1.571640670299530029e-01
-1.571533381938934326e-01
-1.580934226512908936e-01
-1.617679297924041748e-01
-1.639142632484436035e-01
-1.656863987445831299e-01
-1.654234230518341064e-01
-1.592994928359985352e-01
-1.473600864410400391e-01
-1.337023079395294189e-01
-1.238988637924194336e-01
-1.125035285949707031e-01
-1.011255681514739990e-01
-9.172487258911132812e-02
-8.099597692489624023e-02
-6.983745098114013672e-02
-5.867889523506164551e-02
-5.012670159339904785e-02
-4.685118794441223145e-02
-4.733684659004211426e-02
-4.782244563102722168e-02
-4.830816388130187988e-02
-4.991927742958068848e-02
-5.158939957618713379e-02
-5.672299861907958984e-02
-6.415772438049316406e-02
-6.809106469154357910e-02
-7.202473282814025879e-02
-7.595816254615783691e-02
-7.989162206649780273e-02
-8.443309366703033447e-02
-8.900487422943115234e-02
-9.357643127441406250e-02
-9.317612648010253906e-02
-8.796712756156921387e-02
-8.219531178474426270e-02
-7.605534791946411133e-02
-6.991502642631530762e-02
-6.377518177032470703e-02
-5.763497948646545410e-02
-5.178996920585632324e-02
-4.755052924156188965e-02
-4.326334595680236816e-02
-4.557341337203979492e-02
-5.533291399478912354e-02
-6.483595073223114014e-02
-7.407832145690917969e-02
-8.721572160720825195e-02
-1.008483320474624634e-01
-1.144807189702987671e-01
-1.278381943702697754e-01
-1.409650444984436035e-01
-1.548981666564941406e-01
-1.650174111127853394e-01
-1.750995665788650513e-01
-1.848230957984924316e-01
-1.872783005237579346e-01
-1.872032582759857178e-01
-1.868764758110046387e-01
-1.838813722133636475e-01
-1.789523363113403320e-01
-1.736969649791717529e-01
-1.683953702449798584e-01
-1.606805026531219482e-01
-1.462252140045166016e-01
-1.218294799327850342e-01
-9.517386555671691895e-02
-6.866750121116638184e-02
-4.801127314567565918e-02
-3.190186619758605957e-02
-2.109608054161071777e-02
-1.591756939888000488e-02
-1.312682032585144043e-02
-8.974045515060424805e-03
-5.320817232131958008e-03
-1.669615507125854492e-03
-1.120671629905700684e-02
-2.637824416160583496e-02
-4.513278603553771973e-02
-3.244778513908386230e-02
-3.520128130912780762e-02
-3.901013731956481934e-02
-4.295727610588073730e-02
-5.201628804206848145e-02
-6.353262066841125488e-02
-7.192441821098327637e-02
-7.945457100868225098e-02
-8.668181300163269043e-02
-8.976081013679504395e-02
-9.318706393241882324e-02
-9.719136357307434082e-02
-1.011962592601776123e-01
-1.052003204822540283e-01
-1.087852418422698975e-01
-1.122516095638275146e-01
-1.157179176807403564e-01
-1.196084320545196533e-01
-1.235010325908660889e-01
-1.266377866268157959e-01
-1.239949762821197510e-01
-1.204740703105926514e-01
-1.190371215343475342e-01
-1.181101500988006592e-01
-1.171834766864776611e-01
-1.162567436695098877e-01
-1.168028116226196289e-01
-1.138549745082855225e-01
-1.082884371280670166e-01
-1.095232963562011719e-01
-1.106281280517578125e-01
-1.115858256816864014e-01
-1.125361621379852295e-01
-1.115755140781402588e-01
-1.102505624294281006e-01
-1.094703376293182373e-01
-1.089568138122558594e-01
-1.076215803623199463e-01
-1.102538704872131348e-01
-1.156637370586395264e-01
-1.207667589187622070e-01
-1.264723837375640869e-01
-1.322262287139892578e-01
-1.384219825267791748e-01
-1.464298665523529053e-01
-1.544604897499084473e-01
-1.619403660297393799e-01
-1.700908839702606201e-01
-1.719035506248474121e-01
-1.699570417404174805e-01
-1.661160588264465332e-01
-1.640404462814331055e-01
-1.636532843112945557e-01
-1.634367108345031738e-01
-1.648980975151062012e-01
-1.642881631851196289e-01
-1.619797050952911377e-01
-1.517474353313446045e-01
-1.393564343452453613e-01
-1.301960647106170654e-01
-1.219874620437622070e-01
-1.107680797576904297e-01
-9.680864214897155762e-02
-8.640554547309875488e-02
-7.466366887092590332e-02
-6.407105922698974609e-02
-5.291220545768737793e-02
-4.393634200096130371e-02
-4.462072253227233887e-02
-4.590985178947448730e-02
-4.641053080558776855e-02
-4.689630866050720215e-02
-4.849648475646972656e-02
-5.088597536087036133e-02
-5.746164917945861816e-02
-6.186982989311218262e-02
-6.580346822738647461e-02
-6.973707675933837891e-02
-7.367050647735595703e-02
-7.810120284557342529e-02
-8.267290890216827393e-02
-8.724431693553924561e-02
-9.181599318981170654e-02
-9.434846043586730957e-02
-8.939167857170104980e-02
-8.336064219474792480e-02
-7.722052931785583496e-02
-7.108059525489807129e-02
-6.494036316871643066e-02
-6.013372540473937988e-02
-5.589395761489868164e-02
-5.199503898620605469e-02
-4.812151193618774414e-02
-5.022138357162475586e-02
-5.846472084522247314e-02
-6.653146445751190186e-02
-7.769256830215454102e-02
-9.132489562034606934e-02
-1.049572229385375977e-01
-1.179270595312118530e-01
-1.308517456054687500e-01
-1.445410251617431641e-01
-1.590401232242584229e-01
-1.688581407070159912e-01
-1.786762624979019165e-01
-1.881123483180999756e-01
-1.897141039371490479e-01
-1.864872276782989502e-01
-1.829853355884552002e-01
-1.779965460300445557e-01
-1.719336807727813721e-01
-1.643325984477996826e-01
-1.566174030303955078e-01
-1.485168039798736572e-01
-1.329232156276702881e-01
-1.092835962772369385e-01
-8.616420626640319824e-02
-6.038191914558410645e-02
-4.207387566566467285e-02
-2.823376655578613281e-02
-1.812613010406494141e-02
-1.493421196937561035e-02
-1.138040423393249512e-02
-7.726997137069702148e-03
-4.074305295944213867e-03
-4.296600818634033203e-04
-4.337400197982788086e-03
-2.417126297950744629e-02
-4.491183161735534668e-02
-3.529432415962219238e-02
-3.617438673973083496e-02
-3.797844052314758301e-02
-4.105415940284729004e-02
-5.202409625053405762e-02
-6.354025006294250488e-02
-7.344993948936462402e-02
-8.098027110099792480e-02
-8.851030468940734863e-02
-9.275838732719421387e-02
-9.606221318244934082e-02
-1.000663936138153076e-01
-1.040708720684051514e-01
-1.079830825328826904e-01
-1.114493906497955322e-01
-1.149156987667083740e-01
-1.183818876743316650e-01
-1.220591366291046143e-01
-1.259515583515167236e-01
-1.289407312870025635e-01
-1.263648569583892822e-01
-1.228440105915069580e-01
-1.207493245601654053e-01
-1.198229789733886719e-01
-1.188961565494537354e-01
-1.179693639278411865e-01
-1.179130375385284424e-01
-1.193191111087799072e-01
-1.140308082103729248e-01
-1.149968504905700684e-01
-1.159471571445465088e-01
-1.155824959278106689e-01
-1.142576932907104492e-01
-1.129324734210968018e-01
-1.116072535514831543e-01
-1.105092465877532959e-01
-1.100273132324218750e-01
-1.086142659187316895e-01
-1.081421673297882080e-01
-1.121951639652252197e-01
-1.167654097080230713e-01
-1.220334470272064209e-01
-1.277868449687957764e-01
-1.346158683300018311e-01
-1.426236033439636230e-01
-1.506652832031250000e-01
-1.575991511344909668e-01
-1.666508316993713379e-01
-1.752033531665802002e-01
-1.749980449676513672e-01
-1.728288233280181885e-01
-1.691744923591613770e-01
-1.663561165332794189e-01
-1.652152836322784424e-01
-1.624664664268493652e-01
-1.584210395812988281e-01
-1.513772606849670410e-01
-1.454671621322631836e-01
-1.377339661121368408e-01
-1.287322342395782471e-01
-1.200307309627532959e-01
-1.085490584373474121e-01
-9.458985924720764160e-02
-8.060434460639953613e-02
-6.947773694992065430e-02
-5.830448865890502930e-02
-5.056166648864746094e-02
-4.363447427749633789e-02
-4.196476936340332031e-02
-4.325395822525024414e-02
-4.454287886619567871e-02
-4.548436403274536133e-02
-4.735171794891357422e-02
-5.397689342498779297e-02
-5.656528472900390625e-02
-5.958229303359985352e-02
-6.351584196090698242e-02
-6.744939088821411133e-02
-7.176914811134338379e-02
-7.634094357490539551e-02
-8.091239631175994873e-02
-8.548396825790405273e-02
-9.005564451217651367e-02
-9.370423853397369385e-02
-9.066610038280487061e-02
-8.452603220939636230e-02
-7.838600873947143555e-02
-7.224595546722412109e-02
-6.821438670158386230e-02
-6.423759460449218750e-02
-6.032435595989227295e-02
-5.666242539882659912e-02
-5.393719673156738281e-02
-5.603671073913574219e-02
-6.042058765888214111e-02
-6.892697513103485107e-02
-8.180171251296997070e-02
-9.535148739814758301e-02
-1.076339483261108398e-01
-1.203566044569015503e-01
-1.333623826503753662e-01
-1.478953063488006592e-01
-1.626165807247161865e-01
-1.724349409341812134e-01
-1.820756942033767700e-01
-1.877776086330413818e-01
-1.858312487602233887e-01
-1.820895075798034668e-01
-1.766481697559356689e-01
-1.687505841255187988e-01
-1.602694392204284668e-01
-1.525546908378601074e-01
-1.448399424552917480e-01
-1.340202391147613525e-01
-1.197509169578552246e-01
-9.703865647315979004e-02
-7.361966371536254883e-02
-5.351909995079040527e-02
-3.612118959426879883e-02
-2.447545528411865234e-02
-1.717022061347961426e-02
-1.400259137153625488e-02
-1.013353466987609863e-02
-6.480902433395385742e-03
-5.001515150070190430e-03
-6.428867578506469727e-03
-1.234582066535949707e-02
-2.683338522911071777e-02
-4.798236489295959473e-02
-3.855702280998229980e-02
-3.943744301795959473e-02
-4.031732678413391113e-02
-4.256221652030944824e-02
-5.246934294700622559e-02
-6.354817748069763184e-02
-7.496759295463562012e-02
-8.250650763511657715e-02
-9.003636240959167480e-02
-9.575608372688293457e-02
-9.893688559532165527e-02
-1.029413640499114990e-01
-1.069458425045013428e-01
-1.106468141078948975e-01
-1.141132414340972900e-01
-1.175794303417205811e-01
-1.210460364818572998e-01
-1.245119869709014893e-01
-1.284023225307464600e-01
-1.311222016811370850e-01
-1.287349760532379150e-01
-1.252138018608093262e-01
-1.224624812602996826e-01
-1.215358078479766846e-01
-1.206087172031402588e-01
-1.196823418140411377e-01
-1.200909614562988281e-01
-1.206542253494262695e-01
-1.193580627441406250e-01
-1.195896267890930176e-01
-1.182644367218017578e-01
-1.169393658638000488e-01
-1.156142055988311768e-01
-1.142890751361846924e-01
-1.129640042781829834e-01
-1.116389632225036621e-01
-1.109893023967742920e-01
-1.085930168628692627e-01
-1.056920588016510010e-01
-1.081937253475189209e-01
-1.127641499042510986e-01
-1.175942122936248779e-01
-1.233478486537933350e-01
-1.308095753192901611e-01
-1.388178467750549316e-01
-1.463550627231597900e-01
-1.535392403602600098e-01
-1.630853712558746338e-01
-1.727901399135589600e-01
-1.790935695171356201e-01
-1.752676665782928467e-01
-1.710680127143859863e-01
-1.676573157310485840e-01
-1.635268628597259521e-01
-1.551422178745269775e-01
-1.479795277118682861e-01
-1.456957161426544189e-01
-1.429410278797149658e-01
-1.360394656658172607e-01
-1.275778412818908691e-01
-1.179895401000976562e-01
-1.063304841518402100e-01
-9.226402640342712402e-02
-7.735127210617065430e-02
-6.503486633300781250e-02
-5.741500854492187500e-02
-5.068817734718322754e-02
-4.376098513603210449e-02
-3.930884599685668945e-02
-4.059806466102600098e-02
-4.188698530197143555e-02
-4.462745785713195801e-02
-5.065906047821044922e-02
-5.408194661140441895e-02
-5.545479059219360352e-02
-5.729448795318603516e-02
-6.122797727584838867e-02
-6.543743610382080078e-02
-7.000884413719177246e-02
-7.458052039146423340e-02
-7.915191352367401123e-02
-8.372358977794647217e-02
-8.829514682292938232e-02
-9.286658465862274170e-02
-9.183156490325927734e-02
-8.569157123565673828e-02
-7.955142855644226074e-02
-7.478925585746765137e-02
-7.258114218711853027e-02
-6.859725713729858398e-02
-6.537605822086334229e-02
-6.221660971641540527e-02
-5.975285172462463379e-02
-6.121426820755004883e-02
-6.240414083003997803e-02
-7.187224924564361572e-02
-8.505257964134216309e-02
-9.704533219337463379e-02
-1.097706854343414307e-01
-1.224961727857589722e-01
-1.360515356063842773e-01
-1.512609422206878662e-01
-1.661086976528167725e-01
-1.733541637659072876e-01
-1.792003959417343140e-01
-1.831985414028167725e-01
-1.810773015022277832e-01
-1.744048595428466797e-01
-1.652780473232269287e-01
-1.562066972255706787e-01
-1.484917104244232178e-01
-1.407767534255981445e-01
-1.329195797443389893e-01
-1.191594898700714111e-01
-1.056616306304931641e-01
-8.474925160408020020e-02
-6.185153126716613770e-02
-4.411557316780090332e-02
-3.052309155464172363e-02
-2.100542187690734863e-02
-1.701071858406066895e-02
-1.430770754814147949e-02
-1.223841309547424316e-02
-1.242628693580627441e-02
-1.385334134101867676e-02
-1.850846409797668457e-02
-2.474185824394226074e-02
-3.136065602302551270e-02
-5.105218291282653809e-02
-4.199299216270446777e-02
-4.269990324974060059e-02
-4.357984662055969238e-02
-4.773554205894470215e-02
-5.618509650230407715e-02
-6.495520472526550293e-02
-7.515594363212585449e-02
-8.403244614601135254e-02
-9.156247973442077637e-02
-9.868714213371276855e-02
-1.018117964267730713e-01
-1.058162152767181396e-01
-1.098209321498870850e-01
-1.133105456829071045e-01
-1.167772710323333740e-01
-1.202435791492462158e-01
-1.237099468708038330e-01
-1.271765530109405518e-01
-1.308526694774627686e-01
-1.333033144474029541e-01
-1.311044394969940186e-01
-1.275835633277893066e-01
-1.241753995418548584e-01
-1.232487261295318604e-01
-1.223123073577880859e-01
-1.214102208614349365e-01
-1.218220293521881104e-01
-1.221488416194915771e-01
-1.236697137355804443e-01
-1.209465265274047852e-01
-1.196211874485015869e-01
-1.182960867881774902e-01
-1.169709861278533936e-01
-1.156457960605621338e-01
-1.142057776451110840e-01
-1.121358871459960938e-01
-1.105146110057830811e-01
-1.079745888710021973e-01
-1.047104001045227051e-01
-1.044020950794219971e-01
-1.087623536586761475e-01
-1.133327186107635498e-01
-1.189951896667480469e-01
-1.270031929016113281e-01
-1.350227296352386475e-01
-1.420138180255889893e-01
-1.498275697231292725e-01
-1.595198512077331543e-01
-1.678332984447479248e-01
-1.749896109104156494e-01
-1.759755313396453857e-01
-1.684325039386749268e-01
-1.647259294986724854e-01
-1.549218595027923584e-01
-1.484843194484710693e-01
-1.443603932857513428e-01
-1.419457495212554932e-01
-1.399469673633575439e-01
-1.343450844287872314e-01
-1.262578666210174561e-01
-1.160754859447479248e-01
-1.041033267974853516e-01
-8.983951807022094727e-02
-7.740458846092224121e-02
-6.559461355209350586e-02
-5.813983082771301270e-02
-5.081504583358764648e-02
-4.388773441314697266e-02
-3.730168938636779785e-02
-3.794202208518981934e-02
-4.185548424720764160e-02
-4.637607932090759277e-02
-5.026212334632873535e-02
-5.243855714797973633e-02
-5.434471368789672852e-02
-5.571782588958740234e-02
-5.910533666610717773e-02
-6.367698311805725098e-02
-6.824837625026702881e-02
-7.281999289989471436e-02
-7.739163935184478760e-02
-8.196319639682769775e-02
-8.653470873832702637e-02
-9.110644459724426270e-02
-9.286898374557495117e-02
-8.685697615146636963e-02
-8.136408030986785889e-02
-8.064739406108856201e-02
-7.687005400657653809e-02
-7.398068904876708984e-02
-7.080201804637908936e-02
-6.734140217304229736e-02
-6.473791599273681641e-02
-6.516981124877929688e-02
-6.580567359924316406e-02
-7.443477213382720947e-02
-8.645948767662048340e-02
-9.918484091758728027e-02
-1.119104027748107910e-01
-1.248931139707565308e-01
-1.393846124410629272e-01
-1.523867547512054443e-01
-1.635487973690032959e-01
-1.694409251213073730e-01
-1.755111664533615112e-01
-1.781743317842483521e-01
-1.708976328372955322e-01
-1.618051528930664062e-01
-1.526783704757690430e-01
-1.444287598133087158e-01
-1.367139220237731934e-01
-1.289992034435272217e-01
-1.185686290264129639e-01
-1.050703823566436768e-01
-9.157228469848632812e-02
-7.260814309120178223e-02
-5.064910650253295898e-02
-3.471904993057250977e-02
-2.552267909049987793e-02
-2.152779698371887207e-02
-2.125868201255798340e-02
-1.956143975257873535e-02
-1.977372169494628906e-02
-2.127483487129211426e-02
-2.467092871665954590e-02
-3.091600537300109863e-02
-3.753498196601867676e-02
-4.415372014045715332e-02
-5.421283841133117676e-02
-4.695490002632141113e-02
-4.674240946769714355e-02
-4.694011807441711426e-02
-5.290916562080383301e-02
-6.135866045951843262e-02
-6.980791687965393066e-02
-7.817324995994567871e-02
-8.649775385856628418e-02
-9.308847784996032715e-02
-1.006185114383697510e-01
-1.046869456768035889e-01
-1.086910068988800049e-01
-1.125089228153228760e-01
-1.159749329090118408e-01
-1.194411218166351318e-01
-1.229076385498046875e-01
-1.263735294342041016e-01
-1.298404037952423096e-01
-1.333068013191223145e-01
-1.354846656322479248e-01
-1.334745883941650391e-01
-1.299537420272827148e-01
-1.264327466487884521e-01
-1.247483789920806885e-01
-1.235370039939880371e-01
-1.231169104576110840e-01
-1.217273473739624023e-01
-1.198643147945404053e-01
-1.210100352764129639e-01
-1.240124106407165527e-01
-1.209861338138580322e-01
-1.196528077125549316e-01
-1.182766854763031006e-01
-1.161116361618041992e-01
-1.140036284923553467e-01
-1.119789481163024902e-01
-1.099582612514495850e-01
-1.073563992977142334e-01
-1.040921211242675781e-01
-1.016111075878143311e-01
-1.047610938549041748e-01
-1.093315482139587402e-01
-1.151893436908721924e-01
-1.231971979141235352e-01
-1.307696402072906494e-01
-1.376726627349853516e-01
-1.462497413158416748e-01
-1.534482240676879883e-01
-1.606042385101318359e-01
-1.668314635753631592e-01
-1.707090437412261963e-01
-1.603319048881530762e-01
-1.525595188140869141e-01
-1.506419479846954346e-01
-1.465181410312652588e-01
-1.423942744731903076e-01
-1.384549140930175781e-01
-1.363673210144042969e-01
-1.322818696498870850e-01
-1.246409714221954346e-01
-1.142131984233856201e-01
-1.019465327262878418e-01
-9.158414602279663086e-02
-8.084332942962646484e-02
-6.903356313705444336e-02
-5.880510807037353516e-02
-5.112454295158386230e-02
-4.401472210884094238e-02
-3.765365481376647949e-02
-3.908374905586242676e-02
-4.360440373420715332e-02
-4.584455490112304688e-02
-4.790800809860229492e-02
-5.008447170257568359e-02
-5.226102471351623535e-02
-5.449143052101135254e-02
-5.734470486640930176e-02
-6.191647052764892578e-02
-6.648808717727661133e-02
-7.105970382690429688e-02
-7.563120126724243164e-02
-8.020286262035369873e-02
-8.477433025836944580e-02
-8.934591710567474365e-02
-9.196554124355316162e-02
-8.802238106727600098e-02
-8.698719739913940430e-02
-8.484075963497161865e-02
-8.154946565628051758e-02
-7.873964309692382812e-02
-7.527934014797210693e-02
-7.194918394088745117e-02
-6.869797408580780029e-02
-6.936562061309814453e-02
-6.927704811096191406e-02
-7.587347924709320068e-02
-8.859886229038238525e-02
-1.013244688510894775e-01
-1.140498518943786621e-01
-1.257390677928924561e-01
-1.369460374116897583e-01
-1.482070833444595337e-01
-1.595696508884429932e-01
-1.657515466213226318e-01
-1.688544899225234985e-01
-1.652438193559646606e-01
-1.583328247070312500e-01
-1.492058634757995605e-01
-1.403660178184509277e-01
-1.326509714126586914e-01
-1.249361336231231689e-01
-1.171942353248596191e-01
-1.044794023036956787e-01
-9.098133444786071777e-02
-7.744392752647399902e-02
-6.294450163841247559e-02
-4.420402646064758301e-02
-3.169292211532592773e-02
-2.498611807823181152e-02
-2.338215708732604980e-02
-2.560386061668395996e-02
-2.761328220367431641e-02
-2.852752804756164551e-02
-3.073334693908691406e-02
-3.709557652473449707e-02
-4.383853077888488770e-02
-5.055502057075500488e-02
-5.727228522300720215e-02
-6.398901343345642090e-02
-5.218151211738586426e-02
-5.196949839591979980e-02
-5.175688862800598145e-02
-5.864170193672180176e-02
-6.655332446098327637e-02
-7.498106360435485840e-02
-8.335271477699279785e-02
-9.159764647483825684e-02
-9.682455658912658691e-02
-1.026479899883270264e-01
-1.076130568981170654e-01
-1.115660965442657471e-01
-1.151725351810455322e-01
-1.186389625072479248e-01
-1.221052706241607666e-01
-1.255714297294616699e-01
-1.290379464626312256e-01
-1.325041651725769043e-01
-1.359705626964569092e-01
-1.376658380031585693e-01
-1.358443498611450195e-01
-1.321586966514587402e-01
-1.283532977104187012e-01
-1.259403824806213379e-01
-1.235234737396240234e-01
-1.213429272174835205e-01
-1.194798052310943604e-01
-1.176165938377380371e-01
-1.177791357040405273e-01
-1.273518502712249756e-01
-1.243255138397216797e-01
-1.204721033573150635e-01
-1.180178523063659668e-01
-1.158717870712280273e-01
-1.138468086719512939e-01
-1.118220686912536621e-01
-1.095107495784759521e-01
-1.067382097244262695e-01
-1.034739613533020020e-01
-1.002098023891448975e-01
-1.007598340511322021e-01
-1.053304076194763184e-01
-1.113827824592590332e-01
-1.193909943103790283e-01
-1.264283359050750732e-01
-1.322591304779052734e-01
-1.390624344348907471e-01
-1.462187469005584717e-01
-1.513109803199768066e-01
-1.544746160507202148e-01
-1.530824005603790283e-01
-1.501918435096740723e-01
-1.454646587371826172e-01
-1.464027762413024902e-01
-1.445521414279937744e-01
-1.404279470443725586e-01
-1.363043487071990967e-01
-1.326174736022949219e-01
-1.296131610870361328e-01
-1.222949326038360596e-01
-1.139505803585052490e-01
-1.062175035476684570e-01
-9.505298733711242676e-02
-8.428227901458740234e-02
-7.247230410575866699e-02
-6.066235899925231934e-02
-5.184924602508544922e-02
-4.588082432746887207e-02
-4.218518733978271484e-02
-4.083237051963806152e-02
-4.369807243347167969e-02
-4.350140690803527832e-02
-4.555368423461914062e-02
-4.773011803627014160e-02
-4.990670084953308105e-02
-5.266436934471130371e-02
-5.547893047332763672e-02
-6.015610694885253906e-02
-6.472767889499664307e-02
-6.929929554462432861e-02
-7.387077808380126953e-02
-7.844236493110656738e-02
-8.301387727260589600e-02
-8.715502917766571045e-02
-9.049454331398010254e-02
-9.265926480293273926e-02
-9.210701286792755127e-02
-8.894567191600799561e-02
-8.667765557765960693e-02
-8.321714401245117188e-02
-7.991260290145874023e-02
-7.600511610507965088e-02
-7.292586565017700195e-02
-7.244941592216491699e-02
-7.287001609802246094e-02
-7.801283895969390869e-02
-9.073832631111145020e-02
-1.019999384880065918e-01
-1.110363602638244629e-01
-1.215054541826248169e-01
-1.327665299177169800e-01
-1.441753208637237549e-01
-1.544757485389709473e-01
-1.565432548522949219e-01
-1.566397398710250854e-01
-1.527225822210311890e-01
-1.457051038742065430e-01
-1.366060823202133179e-01
-1.285881400108337402e-01
-1.208733320236206055e-01
-1.132656931877136230e-01
-1.040248572826385498e-01
-9.239605069160461426e-02
-8.076706528663635254e-02
-6.955608725547790527e-02
-5.797472596168518066e-02
-4.147300124168395996e-02
-2.979138493537902832e-02
-2.508324384689331055e-02
-2.714183926582336426e-02
-3.031459450721740723e-02
-3.423491120338439941e-02
-3.748151659965515137e-02
-4.333338141441345215e-02
-5.012449622154235840e-02
-5.691561102867126465e-02
-6.368169188499450684e-02
-7.039853930473327637e-02
-6.974706053733825684e-02
-5.968543887138366699e-02
-5.890980362892150879e-02
-5.957302451133728027e-02
-6.636664271354675293e-02
-7.316043972969055176e-02
-8.049282431602478027e-02
-8.853229880332946777e-02
-9.677717089653015137e-02
-1.035160124301910400e-01
-1.079795658588409424e-01
-1.120780408382415771e-01
-1.145814061164855957e-01
-1.178364455699920654e-01
-1.213028430938720703e-01
-1.247689723968505859e-01
-1.282355785369873047e-01
-1.317017972469329834e-01
-1.351682841777801514e-01
-1.386345028877258301e-01
-1.397342681884765625e-01
-1.378132104873657227e-01
-1.340077519416809082e-01
-1.295928061008453369e-01
-1.242478787899017334e-01
-1.209586560726165771e-01
-1.190950870513916016e-01
-1.172323524951934814e-01
-1.153692603111267090e-01
-1.147436797618865967e-01
-1.253590285778045654e-01
-1.260620355606079102e-01
-1.221960783004760742e-01
-1.183300614356994629e-01
-1.157146692276000977e-01
-1.136900484561920166e-01
-1.116649806499481201e-01
-1.091488599777221680e-01
-1.061200201511383057e-01
-1.028557419776916504e-01
-9.959158301353454590e-02
-9.773859381675720215e-02
-1.013285517692565918e-01
-1.078844666481018066e-01
-1.151840686798095703e-01
-1.198987066745758057e-01
-1.247434616088867188e-01
-1.316314339637756348e-01
-1.357899904251098633e-01
-1.367590427398681641e-01
-1.361152529716491699e-01
-1.384128034114837646e-01
-1.399302482604980469e-01
-1.390204429626464844e-01
-1.400125324726104736e-01
-1.411572992801666260e-01
-1.384619474411010742e-01
-1.343381404876708984e-01
-1.302144527435302734e-01
-1.268620193004608154e-01
-1.231083273887634277e-01
-1.177896261215209961e-01
-1.105466187000274658e-01
-9.898453950881958008e-02
-8.772104978561401367e-02
-7.591128349304199219e-02
-6.410133838653564453e-02
-5.548664927482604980e-02
-5.093082785606384277e-02
-4.671651124954223633e-02
-4.236060380935668945e-02
-4.035049676895141602e-02
-4.115781188011169434e-02
-4.319941997528076172e-02
-4.537585377693176270e-02
-4.802307486534118652e-02
-5.083739757537841797e-02
-5.365192890167236328e-02
-5.734458565711975098e-02
-6.271952390670776367e-02
-6.749239563941955566e-02
-7.176280021667480469e-02
-7.603326439857482910e-02
-8.030368387699127197e-02
-8.405856788158416748e-02
-9.091553092002868652e-02
-9.749525785446166992e-02
-9.634168446063995361e-02
-9.430660307407379150e-02
-9.115499258041381836e-02
-8.787590265274047852e-02
-8.453050255775451660e-02
-8.000414073467254639e-02
-7.562161982059478760e-02
-7.523538172245025635e-02
-7.738409936428070068e-02
-8.105698227882385254e-02
-8.790762722492218018e-02
-9.665200114250183105e-02
-1.061404049396514893e-01
-1.173262000083923340e-01
-1.285817325115203857e-01
-1.365049183368682861e-01
-1.436990499496459961e-01
-1.443284004926681519e-01
-1.446431279182434082e-01
-1.401923000812530518e-01
-1.330689191818237305e-01
-1.245252192020416260e-01
-1.171217560768127441e-01
-1.115176379680633545e-01
-1.058579981327056885e-01
-9.571799635887145996e-02
-8.408913016319274902e-02
-7.284638285636901855e-02
-6.298589706420898438e-02
-5.343770980834960938e-02
-3.874197602272033691e-02
-3.089731931686401367e-02
-2.910307049751281738e-02
-3.213396668434143066e-02
-3.604844212532043457e-02
-3.999581933021545410e-02
-4.697695374488830566e-02
-5.636230111122131348e-02
-6.315335631370544434e-02
-6.994441151618957520e-02
-7.673564553260803223e-02
-7.965847849845886230e-02
-7.533100247383117676e-02
-6.818732619285583496e-02
-6.728270649909973145e-02
-6.985667347908020020e-02
-7.665011286735534668e-02
-8.344432711601257324e-02
-9.023812413215637207e-02
-9.696581959724426270e-02
-1.036593616008758545e-01
-1.111200153827667236e-01
-1.150262057781219482e-01
-1.191347539424896240e-01
-1.203755736351013184e-01
-1.215078830718994141e-01
-1.239667832851409912e-01
-1.274331510066986084e-01
-1.308994293212890625e-01
-1.343657672405242920e-01
-1.377639472484588623e-01
-1.409455835819244385e-01
-1.416082382202148438e-01
-1.396490633487701416e-01
-1.335683465003967285e-01
-1.274878084659576416e-01
-1.214853823184967041e-01
-1.187109351158142090e-01
-1.168476939201354980e-01
-1.149844229221343994e-01
-1.124224662780761719e-01
-1.108813881874084473e-01
-1.205125153064727783e-01
-1.277857720851898193e-01
-1.239197552204132080e-01
-1.201361417770385742e-01
-1.164103150367736816e-01
-1.135330200195312500e-01
-1.114967167377471924e-01
-1.087868809700012207e-01
-1.055577695369720459e-01
-1.022374629974365234e-01
-9.897345304489135742e-02
-9.572261571884155273e-02
-9.769129753112792969e-02
-1.037613153457641602e-01
-1.075393557548522949e-01
-1.118935048580169678e-01
-1.161108613014221191e-01
-1.196979880332946777e-01
-1.188916862010955811e-01
-1.193392276763916016e-01
-1.228943765163421631e-01
-1.264496147632598877e-01
-1.276591122150421143e-01
-1.298686265945434570e-01
-1.333574354648590088e-01
-1.354141235351562500e-01
-1.352112293243408203e-01
-1.323721110820770264e-01
-1.289394497871398926e-01
-1.285355091094970703e-01
-1.261223852634429932e-01
-1.213101446628570557e-01
-1.146406531333923340e-01
-1.032559275627136230e-01
-9.115996956825256348e-02
-8.020451664924621582e-02
-7.162615656852722168e-02
-6.304791569709777832e-02
-5.610767006874084473e-02
-5.107691884040832520e-02
-4.154294729232788086e-02
-3.782239556312561035e-02
-3.881457448005676270e-02
-4.084515571594238281e-02
-4.338154196739196777e-02
-4.619592428207397461e-02
-4.901048541069030762e-02
-5.160528421401977539e-02
-5.411848425865173340e-02
-5.889305472373962402e-02
-6.396697461605072021e-02
-6.892557442188262939e-02
-7.319614291191101074e-02
-7.746647298336029053e-02
-8.374890685081481934e-02
-9.246617555618286133e-02
-1.014815866947174072e-01
-1.017027199268341064e-01
-9.909267723560333252e-02
-9.583918750286102295e-02
-9.305596351623535156e-02
-8.819884061813354492e-02
-8.205059170722961426e-02
-7.850852608680725098e-02
-7.724216580390930176e-02
-7.765392959117889404e-02
-7.871699333190917969e-02
-8.250187337398529053e-02
-9.145763516426086426e-02
-1.018919795751571655e-01
-1.110631227493286133e-01
-1.185337007045745850e-01
-1.257531344890594482e-01
-1.312732100486755371e-01
-1.321137100458145142e-01
-1.329960972070693970e-01
-1.281234174966812134e-01
-1.227876245975494385e-01
-1.169682443141937256e-01
-1.113671362400054932e-01
-1.058427691459655762e-01
-9.897813200950622559e-02
-8.741119503974914551e-02
-7.613307237625122070e-02
-6.615942716598510742e-02
-5.666404962539672852e-02
-4.778993129730224609e-02
-3.888475894927978516e-02
-3.373941779136657715e-02
-3.432974219322204590e-02
-3.786155581474304199e-02
-4.180932044982910156e-02
-4.753974080085754395e-02
-5.667942762374877930e-02
-6.622016429901123047e-02
-7.603946328163146973e-02
-8.297353982925415039e-02
-8.939924836158752441e-02
-8.514633774757385254e-02
-8.089330792427062988e-02
-7.752725481986999512e-02
-7.624605298042297363e-02
-8.022454380989074707e-02
-8.693411946296691895e-02
-9.372791647911071777e-02
-1.005215942859649658e-01
-1.072556078433990479e-01
-1.138449907302856445e-01
-1.204346716403961182e-01
-1.250087320804595947e-01
-1.287643313407897949e-01
-1.305798590183258057e-01
-1.304170191287994385e-01
-1.302534341812133789e-01
-1.313536465167999268e-01
-1.336662471294403076e-01
-1.367251873016357422e-01
-1.399069130420684814e-01
-1.430721580982208252e-01
-1.417898237705230713e-01
-1.375480592250823975e-01
-1.314631402492523193e-01
-1.253826916217803955e-01
-1.193021237850189209e-01
-1.164633333683013916e-01
-1.139650642871856689e-01
-1.112622618675231934e-01
-1.085593104362487793e-01
-1.069414913654327393e-01
-1.156660020351409912e-01
-1.264001131057739258e-01
-1.256872415542602539e-01
-1.219615340232849121e-01
-1.182358264923095703e-01
-1.145098209381103516e-01
-1.111346185207366943e-01
-1.084249913692474365e-01
-1.052571237087249756e-01
-1.016192436218261719e-01
-9.835496544837951660e-02
-9.509083628654479980e-02
-9.299305081367492676e-02
-9.638538956642150879e-02
-9.953445196151733398e-02
-1.014156341552734375e-01
-1.025495231151580811e-01
-1.019246578216552734e-01
-1.038209497928619385e-01
-1.073761880397796631e-01
-1.109311282634735107e-01
-1.143734157085418701e-01
-1.153880357742309570e-01
-1.166136860847473145e-01
-1.247813403606414795e-01
-1.289918720722198486e-01
-1.307780444622039795e-01
-1.316180229187011719e-01
-1.328665167093276978e-01
-1.317548304796218872e-01
-1.288809180259704590e-01
-1.248009800910949707e-01
-1.185846477746963501e-01
-1.075271368026733398e-01
-9.734715521335601807e-02
-8.804817497730255127e-02
-7.946969568729400635e-02
-7.089124619960784912e-02
-6.225100159645080566e-02
-5.135148763656616211e-02
-4.097792506217956543e-02
-3.547909855842590332e-02
-3.647089004516601562e-02
-3.864800930023193359e-02
-4.116135835647583008e-02
-4.367464780807495117e-02
-4.618805646896362305e-02
-4.870143532752990723e-02
-5.121475458145141602e-02
-5.481177568435668945e-02
-5.988568067550659180e-02
-6.495973467826843262e-02
-7.003352046012878418e-02
-7.658232748508453369e-02
-8.506526052951812744e-02
-9.503419697284698486e-02
-1.049574464559555054e-01
-1.070306003093719482e-01
-1.038024425506591797e-01
-1.012004613876342773e-01
-9.636864066123962402e-02
-9.022068977355957031e-02
-8.359104394912719727e-02
-7.765755057334899902e-02
-7.433557510375976562e-02
-7.493177056312561035e-02
-7.599450647830963135e-02
-7.709610462188720703e-02
-8.521115779876708984e-02
-9.326633810997009277e-02
-1.005629301071166992e-01
-1.078068464994430542e-01
-1.133272498846054077e-01
-1.195079535245895386e-01
-1.227514594793319702e-01
-1.254944801330566406e-01
-1.213510036468505859e-01
-1.166834533214569092e-01
-1.111649572849273682e-01
-1.058270931243896484e-01
-1.002884805202484131e-01
-9.073293209075927734e-02
-7.980772852897644043e-02
-6.956303119659423828e-02
-6.007316708564758301e-02
-5.219510197639465332e-02
-4.620122909545898438e-02
-3.977686166763305664e-02
-3.652510046958923340e-02
-4.005482792854309082e-02
-4.362222552299499512e-02
-4.810261726379394531e-02
-5.724206566810607910e-02
-6.638145446777343750e-02
-7.579889893531799316e-02
-8.561807870864868164e-02
-9.543725848197937012e-02
-9.488567709922790527e-02
-9.063252806663513184e-02
-8.637943863868713379e-02
-8.686801791191101074e-02
-8.558604121208190918e-02
-9.147551655769348145e-02
-9.776338934898376465e-02
-1.040515005588531494e-01
-1.108050346374511719e-01
-1.175459325313568115e-01
-1.241351068019866943e-01
-1.307246685028076172e-01
-1.365618407726287842e-01
-1.392044425010681152e-01
-1.416246891021728516e-01
-1.413922309875488281e-01
-1.412291228771209717e-01
-1.408094167709350586e-01
-1.404913067817687988e-01
-1.418219804763793945e-01
-1.430964469909667969e-01
-1.433909833431243896e-01
-1.407259106636047363e-01
-1.360763311386108398e-01
-1.293580532073974609e-01
-1.232773065567016602e-01
-1.167440116405487061e-01
-1.128052473068237305e-01
-1.101022064685821533e-01
-1.073992848396301270e-01
-1.046962440013885498e-01
-1.030020415782928467e-01
-1.108196377754211426e-01
-1.215594112873077393e-01
-1.275130808353424072e-01
-1.237871348857879639e-01
-1.200612485408782959e-01
-1.163353025913238525e-01
-1.121881306171417236e-01
-1.080630719661712646e-01
-1.049566268920898438e-01
-1.010009050369262695e-01
-9.729999303817749023e-02
-9.148707985877990723e-02
-8.762311935424804688e-02
-8.819651603698730469e-02
-8.833765983581542969e-02
-8.490213751792907715e-02
-8.495771884918212891e-02
-8.830234408378601074e-02
-9.185770153999328613e-02
-9.541276097297668457e-02
-9.896808862686157227e-02
-1.021024286746978760e-01
-1.031168997287750244e-01
-1.044710278511047363e-01
-1.114168465137481689e-01
-1.217173933982849121e-01
-1.284400224685668945e-01
-1.333809494972229004e-01
-1.354252845048904419e-01
-1.349739730358123779e-01
-1.329906582832336426e-01
-1.281545758247375488e-01
-1.223338395357131958e-01
-1.149994730949401855e-01
-1.059934496879577637e-01
-9.606727957725524902e-02
-8.731327950954437256e-02
-7.873490452766418457e-02
-6.563101708889007568e-02
-5.149397253990173340e-02
-4.066596925258636475e-02
-3.330525755882263184e-02
-3.339815139770507812e-02
-3.574404120445251465e-02
-3.825762867927551270e-02
-4.077082872390747070e-02
-4.328429698944091797e-02
-4.579773545265197754e-02
-4.831115901470184326e-02
-5.092774331569671631e-02
-5.580455064773559570e-02
-6.087845563888549805e-02
-6.727790832519531250e-02
-7.705141603946685791e-02
-8.754833042621612549e-02
-9.925991296768188477e-02
-1.071422100067138672e-01
-1.115950047969818115e-01
-1.092131882905960083e-01
-1.045172512531280518e-01
-9.729711711406707764e-02
-8.932836353778839111e-02
-8.010059595108032227e-02
-7.339760661125183105e-02
-7.114668190479278564e-02
-7.220952212810516357e-02
-7.282920181751251221e-02
-7.111474871635437012e-02
-7.529526948928833008e-02
-8.259434998035430908e-02
-9.069563448429107666e-02
-9.808519482612609863e-02
-1.054749339818954468e-01
-1.128643900156021118e-01
-1.168862730264663696e-01
-1.187549978494644165e-01
-1.147380620241165161e-01
-1.108681410551071167e-01
-1.057680994272232056e-01
-1.002833247184753418e-01
-9.435501694679260254e-02
-8.362814784049987793e-02
-7.317373156547546387e-02
-6.399992108345031738e-02
-5.660015344619750977e-02
-4.920038580894470215e-02
-4.500520229339599609e-02
-4.332232475280761719e-02
-4.225024580955505371e-02
-4.577979445457458496e-02
-4.965609312057495117e-02
-5.780467391014099121e-02
-6.694427132606506348e-02
-7.608380913734436035e-02
-8.537736535072326660e-02
-9.519672393798828125e-02
-1.006097793579101562e-01
-9.938439726829528809e-02
-9.611889719963073730e-02
-9.186574816703796387e-02
-9.620836377143859863e-02
-9.643876552581787109e-02
-1.027266681194305420e-01
-1.090144217014312744e-01
-1.153022646903991699e-01
-1.215899288654327393e-01
-1.278356611728668213e-01
-1.344249248504638672e-01
-1.410145759582519531e-01
-1.476038694381713867e-01
-1.507956683635711670e-01
-1.535411179065704346e-01
-1.527068614959716797e-01
-1.517122685909271240e-01
-1.512646079063415527e-01
-1.503161489963531494e-01
-1.475930213928222656e-01
-1.455070376396179199e-01
-1.446935236454010010e-01
-1.417203843593597412e-01
-1.372761130332946777e-01
-1.297874152660369873e-01
-1.222991049289703369e-01
-1.154487431049346924e-01
-1.102896630764007568e-01
-1.070235371589660645e-01
-1.037576198577880859e-01
-1.008335351943969727e-01
-9.906250238418579102e-02
-1.059732437133789062e-01
-1.168147921562194824e-01
-1.276886761188507080e-01
-1.256127059459686279e-01
-1.218868196010589600e-01
-1.181608736515045166e-01
-1.138087511062622070e-01
-1.093978881835937500e-01
-1.046561002731323242e-01
-9.902834892272949219e-02
-9.301787614822387695e-02
-8.721411228179931641e-02
-8.162319660186767578e-02
-7.541915774345397949e-02
-7.068586349487304688e-02
-6.926047801971435547e-02
-7.278421521186828613e-02
-7.633936405181884766e-02
-7.989448308944702148e-02
-8.344957232475280762e-02
-8.700504899024963379e-02
-8.983135223388671875e-02
-9.084597229957580566e-02
-9.232839941978454590e-02
-9.834778308868408203e-02
-1.155253350734710693e-01
-1.276938766241073608e-01
-1.339663267135620117e-01
-1.364800781011581421e-01
-1.373397856950759888e-01
-1.367300152778625488e-01
-1.337648481130599976e-01
-1.299957334995269775e-01
-1.236755251884460449e-01
-1.146395653486251831e-01
-1.047135293483734131e-01
-9.501896798610687256e-02
-8.235611021518707275e-02
-6.763808429241180420e-02
-5.279758572578430176e-02
-4.118831455707550049e-02
-3.253038227558135986e-02
-3.050522506237030029e-02
-3.284050524234771729e-02
-3.535377979278564453e-02
-3.786715865135192871e-02
-4.038049280643463135e-02
-4.289388656616210938e-02
-4.540714621543884277e-02
-4.792079329490661621e-02
-5.172331631183624268e-02
-5.739217996597290039e-02
-6.752780079841613770e-02
-7.808712124824523926e-02
-9.048123657703399658e-02
-1.011698096990585327e-01
-1.092262715101242065e-01
-1.152586638927459717e-01
-1.116541475057601929e-01
-1.032760143280029297e-01
-9.403494000434875488e-02
-8.480694890022277832e-02
-7.557898759841918945e-02
-6.913755834102630615e-02
-6.842444837093353271e-02
-6.691998243331909180e-02
-6.502838432788848877e-02
-6.378032267093658447e-02
-6.749957799911499023e-02
-7.665982842445373535e-02
-8.405232429504394531e-02
-9.144176542758941650e-02
-9.883132576942443848e-02
-1.066487282514572144e-01
-1.110212504863739014e-01
-1.120890676975250244e-01
-1.091631650924682617e-01
-1.058533340692520142e-01
-1.003898233175277710e-01
-9.582242369651794434e-02
-8.744820952415466309e-02
-7.654455304145812988e-02
-6.840515136718750000e-02
-6.100544333457946777e-02
-5.360555648803710938e-02
-4.620549082756042480e-02
-4.490813612937927246e-02
-4.637333750724792480e-02
-4.797506332397460938e-02
-5.178940296173095703e-02
-5.836734175682067871e-02
-6.750676035881042480e-02
-7.664653658866882324e-02
-8.578601479530334473e-02
-9.495612978935241699e-02
-1.038707196712493896e-01
-1.026455461978912354e-01
-1.014206707477569580e-01
-1.002351939678192139e-01
-9.751489758491516113e-02
-1.063481271266937256e-01
-1.076900959014892578e-01
-1.139775812625885010e-01
-1.202653050422668457e-01
-1.265533268451690674e-01
-1.328410804271697998e-01
-1.390878260135650635e-01
-1.451712250709533691e-01
-1.513038277626037598e-01
-1.578445732593536377e-01
-1.622267067432403564e-01
-1.645647585391998291e-01
-1.651260852813720703e-01
-1.635858416557312012e-01
-1.598653495311737061e-01
-1.568162739276885986e-01
-1.540932357311248779e-01
-1.513707637786865234e-01
-1.483933329582214355e-01
-1.428946554660797119e-01
-1.370573043823242188e-01
-1.294263303279876709e-01
-1.217242777347564697e-01
-1.153888106346130371e-01
-1.095727086067199707e-01
-1.063064932823181152e-01
-1.030405759811401367e-01
-9.977477788925170898e-02
-9.736439585685729980e-02
-1.028743088245391846e-01
-1.131849586963653564e-01
-1.234960258007049561e-01
-1.274383962154388428e-01
-1.237121224403381348e-01
-1.198402643203735352e-01
-1.154291629791259766e-01
-1.108996272087097168e-01
-1.036666333675384521e-01
-9.534078836441040039e-02
-8.873593807220458984e-02
-8.068338036537170410e-02
-6.977778673171997070e-02
-5.880916118621826172e-02
-5.632448196411132812e-02
-5.739608407020568848e-02
-6.082102656364440918e-02
-6.437620520591735840e-02
-6.793126463890075684e-02
-7.148653268814086914e-02
-7.504165172576904297e-02
-7.756030559539794922e-02
-7.861235737800598145e-02
-8.323198556900024414e-02
-9.046608209609985352e-02
-1.066407710313796997e-01
-1.238239109516143799e-01
-1.332220435142517090e-01
-1.375271826982498169e-01
-1.383947730064392090e-01
-1.415702551603317261e-01
-1.422802209854125977e-01
-1.387606263160705566e-01
-1.319937258958816528e-01
-1.226733177900314331e-01
-1.124460399150848389e-01
-9.917733073234558105e-02
-8.402609825134277344e-02
-6.930831074714660645e-02
-5.480763316154479980e-02
-4.155373573303222656e-02
-3.242015838623046875e-02
-2.761229872703552246e-02
-2.993655204772949219e-02
-3.245006501674652100e-02
-3.496333956718444824e-02
-3.747677803039550781e-02
-3.998999297618865967e-02
-4.250346124172210693e-02
-4.501684010028839111e-02
-4.779359698295593262e-02
-5.764211714267730713e-02
-6.854592263698577881e-02
-8.086113631725311279e-02
-9.346300363540649414e-02
-1.024302393198013306e-01
-1.093925237655639648e-01
-1.138502359390258789e-01
-1.079692393541336060e-01
-9.874126315116882324e-02
-8.951358497142791748e-02
-8.028566837310791016e-02
-7.105775177478790283e-02
-6.366328895092010498e-02
-6.219488382339477539e-02
-6.175163388252258301e-02
-6.088478863239288330e-02
-6.145334243774414062e-02
-6.293766200542449951e-02
-7.001914083957672119e-02
-7.740861177444458008e-02
-8.481296896934509277e-02
-9.230038523674011230e-02
-1.007834076881408691e-01
-1.054649055004119873e-01
-1.062673926353454590e-01
-1.043790429830551147e-01
-1.006209999322891235e-01
-9.578457474708557129e-02
-9.092451632022857666e-02
-8.082440495491027832e-02
-7.286733388900756836e-02
-6.541076302528381348e-02
-5.801078677177429199e-02
-5.066463351249694824e-02
-4.456296563148498535e-02
-4.435536265373229980e-02
-5.017089843750000000e-02
-5.399614572525024414e-02
-5.920305848121643066e-02
-6.806960701942443848e-02
-7.720899581909179688e-02
-8.634892106056213379e-02
-9.548830986022949219e-02
-1.046279072761535645e-01
-1.059962213039398193e-01
-1.049191057682037354e-01
-1.043032705783843994e-01
-1.036874353885650635e-01
-1.029036343097686768e-01
-1.194577217102050781e-01
-1.204433739185333252e-01
-1.252286136150360107e-01
-1.315161287784576416e-01
-1.378045380115509033e-01
-1.440921127796173096e-01
-1.503451764583587646e-01
-1.564286053180694580e-01
-1.624004244804382324e-01
-1.679396331310272217e-01
-1.732943952083587646e-01
-1.755124926567077637e-01
-1.759616434574127197e-01
-1.721458733081817627e-01
-1.683299541473388672e-01
-1.645143628120422363e-01
-1.607861816883087158e-01
-1.574918031692504883e-01
-1.534057557582855225e-01
-1.462576687335968018e-01
-1.380216181278228760e-01
-1.293496191501617432e-01
-1.211946308612823486e-01
-1.153290569782257080e-01
-1.094688177108764648e-01
-1.055898964405059814e-01
-1.023238003253936768e-01
-9.905788302421569824e-02
-9.660211205482482910e-02
-1.012758612632751465e-01
-1.115864813327789307e-01
-1.218972802162170410e-01
-1.320852935314178467e-01
-1.281099617481231689e-01
-1.234696805477142334e-01
-1.172617673873901367e-01
-1.097391843795776367e-01
-1.020043492317199707e-01
-9.233984351158142090e-02
-8.034110069274902344e-02
-6.770855188369750977e-02
-5.693820118904113770e-02
-4.865181446075439453e-02
-4.408857226371765137e-02
-4.587066173553466797e-02
-4.885780811309814453e-02
-5.241286754608154297e-02
-5.596810579299926758e-02
-5.952325463294982910e-02
-6.307846307754516602e-02
-6.582576036453247070e-02
-7.123768329620361328e-02
-7.691922783851623535e-02
-8.294090628623962402e-02
-9.775608777999877930e-02
-1.154451668262481689e-01
-1.301289051771163940e-01
-1.367582976818084717e-01
-1.427552103996276855e-01
-1.465452760457992554e-01
-1.490981429815292358e-01
-1.469276845455169678e-01
-1.399032026529312134e-01
-1.302427649497985840e-01
-1.177159100770950317e-01
-1.016503572463989258e-01
-8.569660782814025879e-02
-7.097870111465454102e-02
-5.748210847377777100e-02
-4.533487558364868164e-02
-3.376641869544982910e-02
-2.549943327903747559e-02
-2.703279256820678711e-02
-2.954612672328948975e-02
-3.205949068069458008e-02
-3.457286953926086426e-02
-3.708629310131072998e-02
-3.959961235523223877e-02
-4.211305081844329834e-02
-4.882200062274932861e-02
-5.838327109813690186e-02
-7.124103605747222900e-02
-8.384296298027038574e-02
-9.407259523868560791e-02
-1.004398167133331299e-01
-1.030664891004562378e-01
-1.042997241020202637e-01
-1.027597635984420776e-01
-9.421999752521514893e-02
-8.503098785877227783e-02
-7.643550634384155273e-02
-6.601284444332122803e-02
-6.021976470947265625e-02
-5.934897065162658691e-02
-5.831655859947204590e-02
-5.789977312088012695e-02
-5.924449861049652100e-02
-5.905412137508392334e-02
-6.352776288986206055e-02
-7.101532816886901855e-02
-7.850271463394165039e-02
-8.652283251285552979e-02
-9.504120051860809326e-02
-1.001139134168624878e-01
-1.015165597200393677e-01
-9.955300390720367432e-02
-9.613251686096191406e-02
-9.194687008857727051e-02
-8.555129170417785645e-02
-7.716313004493713379e-02
-6.981560587882995605e-02
-6.241589784622192383e-02
-5.517563223838806152e-02
-4.893299937248229980e-02
-4.463616013526916504e-02
-4.520472884178161621e-02
-5.475348234176635742e-02
-6.031098961830139160e-02
-6.886956095695495605e-02
-7.777187228202819824e-02
-8.692777156829833984e-02
-9.645882248878479004e-02
-1.062076389789581299e-01
-1.110108792781829834e-01
-1.102224290370941162e-01
-1.099623143672943115e-01
-1.098902523517608643e-01
-1.099921166896820068e-01
-1.073499619960784912e-01
-1.336401700973510742e-01
-1.357288658618927002e-01
-1.386844217777252197e-01
-1.427674293518066406e-01
-1.490553915500640869e-01
-1.553432047367095947e-01
-1.615388095378875732e-01
-1.673382520675659180e-01
-1.731369197368621826e-01
-1.784652173519134521e-01
-1.827381849288940430e-01
-1.835638582706451416e-01
-1.840478777885437012e-01
-1.806102097034454346e-01
-1.767948865890502930e-01
-1.726639270782470703e-01
-1.680084764957427979e-01
-1.633534729480743408e-01
-1.581376492977142334e-01
-1.507872045040130615e-01
-1.425134241580963135e-01
-1.323725879192352295e-01
-1.224918961524963379e-01
-1.152908504009246826e-01
-1.094091534614562988e-01
-1.048727929592132568e-01
-1.016068458557128906e-01
-9.834086894989013672e-02
-9.591066837310791016e-02
-9.967726469039916992e-02
-1.099881529808044434e-01
-1.202987730503082275e-01
-1.306097805500030518e-01
-1.330815851688385010e-01
-1.258874833583831787e-01
-1.183648109436035156e-01
-1.108419597148895264e-01
-1.010143756866455078e-01
-8.652120828628540039e-02
-7.083204388618469238e-02
-5.893433094024658203e-02
-4.922255873680114746e-02
-4.038435220718383789e-02
-3.316637873649597168e-02
-3.434523940086364746e-02
-3.689453005790710449e-02
-4.044973850250244141e-02
-4.400494694709777832e-02
-4.756021499633789062e-02
-5.331343412399291992e-02
-5.944788455963134766e-02
-6.498828530311584473e-02
-7.060648500919342041e-02
-7.595056295394897461e-02
-8.881555497646331787e-02
-1.061124503612518311e-01
-1.233753114938735962e-01
-1.386286765336990356e-01
-1.463962197303771973e-01
-1.509282141923904419e-01
-1.537954211235046387e-01
-1.539950519800186157e-01
-1.487459242343902588e-01
-1.363178342580795288e-01
-1.201889961957931519e-01
-1.041232645511627197e-01
-8.805753290653228760e-02
-7.264900207519531250e-02
-6.048999726772308350e-02
-4.871989786624908447e-02
-3.604339063167572021e-02
-2.531224489212036133e-02
-2.412894368171691895e-02
-2.664250135421752930e-02
-2.915588021278381348e-02
-3.166922926902770996e-02
-3.418248891830444336e-02
-3.669603168964385986e-02
-4.267416894435882568e-02
-5.066180229187011719e-02
-6.126388907432556152e-02
-7.350948452949523926e-02
-8.492289483547210693e-02
-8.949165046215057373e-02
-9.211407601833343506e-02
-9.399327635765075684e-02
-9.540030360221862793e-02
-9.691198170185089111e-02
-9.218047559261322021e-02
-8.281366527080535889e-02
-7.250821590423583984e-02
-6.186182796955108643e-02
-5.694644153118133545e-02
-5.591391026973724365e-02
-5.511799454689025879e-02
-5.574318766593933105e-02
-5.562143027782440186e-02
-5.542761087417602539e-02
-5.721746385097503662e-02
-6.470511853694915771e-02
-7.226243615150451660e-02
-8.078056573867797852e-02
-8.946740627288818359e-02
-9.608356654644012451e-02
-9.713375568389892578e-02
-9.514658153057098389e-02
-9.226258099079132080e-02
-8.982622623443603516e-02
-8.147746324539184570e-02
-7.419291138648986816e-02
-6.682118773460388184e-02
-5.968698859214782715e-02
-5.344778299331665039e-02
-4.720860719680786133e-02
-4.371306300163269043e-02
-4.673108458518981934e-02
-5.925020575523376465e-02
-7.039287686347961426e-02
-7.972380518913269043e-02
-8.927062153816223145e-02
-9.901955723762512207e-02
-1.089929640293121338e-01
-1.180625259876251221e-01
-1.177848279476165771e-01
-1.178462207317352295e-01
-1.182480752468109131e-01
-1.172910034656524658e-01
-1.153634488582611084e-01
-1.130961477756500244e-01
-1.480470597743988037e-01
-1.514538228511810303e-01
-1.542665064334869385e-01
-1.569259762763977051e-01
-1.603161692619323730e-01
-1.662949323654174805e-01
-1.722753047943115234e-01
-1.780746877193450928e-01
-1.833383738994598389e-01
-1.863236129283905029e-01
-1.893093883991241455e-01
-1.915400028228759766e-01
-1.918694972991943359e-01
-1.891466677188873291e-01
-1.841686964035034180e-01
-1.795130968093872070e-01
-1.748579442501068115e-01
-1.702025830745697021e-01
-1.644851863384246826e-01
-1.560713350772857666e-01
-1.470796167850494385e-01
-1.371769309043884277e-01
-1.272693872451782227e-01
-1.179164946079254150e-01
-1.100541949272155762e-01
-1.041559278964996338e-01
-1.008900701999664307e-01
-9.771898388862609863e-02
-9.521898627281188965e-02
-9.807848930358886719e-02
-1.083893775939941406e-01
-1.187004446983337402e-01
-1.280953288078308105e-01
-1.344729959964752197e-01
-1.269902586936950684e-01
-1.191665232181549072e-01
-1.085655689239501953e-01
-9.409177303314208984e-02
-7.873913645744323730e-02
-6.636330485343933105e-02
-5.513373017311096191e-02
-4.456081986427307129e-02
-3.461229801177978516e-02
-2.681556344032287598e-02
-2.549040317535400391e-02
-2.729919552803039551e-02
-3.003090620040893555e-02
-3.302311897277832031e-02
-3.987506031990051270e-02
-4.724369943141937256e-02
-5.306994915008544922e-02
-5.850952863693237305e-02
-6.376323103904724121e-02
-6.880620121955871582e-02
-7.885405421257019043e-02
-9.804721176624298096e-02
-1.171105653047561646e-01
-1.357483565807342529e-01
-1.485185772180557251e-01
-1.553111225366592407e-01
-1.583763659000396729e-01
-1.593164652585983276e-01
-1.560928821563720703e-01
-1.405014991760253906e-01
-1.226618885993957520e-01
-1.065962761640548706e-01
-9.053073823451995850e-02
-7.560759782791137695e-02
-6.369182467460632324e-02
-5.192175507545471191e-02
-3.990799188613891602e-02
-2.687427401542663574e-02
-2.122524380683898926e-02
-2.373869717121124268e-02
-2.625198662281036377e-02
-2.876546978950500488e-02
-3.127874433994293213e-02
-3.652642667293548584e-02
-4.450450837612152100e-02
-5.365674197673797607e-02
-6.300707161426544189e-02
-7.207895815372467041e-02
-7.817287743091583252e-02
-8.122462034225463867e-02
-8.539444208145141602e-02
-8.861987292766571045e-02
-9.184519946575164795e-02
-9.298820793628692627e-02
-8.726143836975097656e-02
-7.764229178428649902e-02
-6.742835044860839844e-02
-5.688679218292236328e-02
-5.374257266521453857e-02
-5.280824005603790283e-02
-5.244641005992889404e-02
-5.218888819217681885e-02
-5.199480056762695312e-02
-5.180084705352783203e-02
-5.160693824291229248e-02
-5.839507281780242920e-02
-6.652006506919860840e-02
-7.519479095935821533e-02
-8.489856123924255371e-02
-9.293916821479797363e-02
-9.276057779788970947e-02
-9.213690459728240967e-02
-9.151880443096160889e-02
-8.615881204605102539e-02
-7.822661101818084717e-02
-7.116165757179260254e-02
-6.420126557350158691e-02
-5.796191096305847168e-02
-5.199277400970458984e-02
-4.594793915748596191e-02
-4.441353678703308105e-02
-5.193185806274414062e-02
-6.819805502891540527e-02
-8.271589875221252441e-02
-9.303238987922668457e-02
-1.036330759525299072e-01
-1.143992841243743896e-01
-1.251657903194427490e-01
-1.272176504135131836e-01
-1.276010572910308838e-01
-1.277052462100982666e-01
-1.267636716365814209e-01
-1.255661249160766602e-01
-1.236996352672576904e-01
-1.210635006427764893e-01
-1.623278856277465820e-01
-1.657344996929168701e-01
-1.691141426563262939e-01
-1.722972989082336426e-01
-1.747238636016845703e-01
-1.777734160423278809e-01
-1.830122172832489014e-01
-1.867399513721466064e-01
-1.899093091487884521e-01
-1.928950250148773193e-01
-1.958805322647094727e-01
-1.986790001392364502e-01
-1.988026797771453857e-01
-1.969635784626007080e-01
-1.918017566204071045e-01
-1.866405308246612549e-01
-1.817070841789245605e-01
-1.770514547824859619e-01
-1.710650324821472168e-01
-1.625611186027526855e-01
-1.531921923160552979e-01
-1.425155997276306152e-01
-1.325884163379669189e-01
-1.232354938983917236e-01
-1.140893995761871338e-01
-1.051722168922424316e-01
-1.005508601665496826e-01
-9.710368514060974121e-02
-9.452715516090393066e-02
-9.648036956787109375e-02
-1.067907512187957764e-01
-1.150708496570587158e-01
-1.228331625461578369e-01
-1.303142905235290527e-01
-1.266654729843139648e-01
-1.145814657211303711e-01
-1.002248227596282959e-01
-8.765906095504760742e-02
-7.516953349113464355e-02
-6.288048624992370605e-02
-5.149546265602111816e-02
-4.077130556106567383e-02
-3.024277091026306152e-02
-2.181610465049743652e-02
-1.774248480796813965e-02
-1.892000436782836914e-02
-2.250391244888305664e-02
-2.962581813335418701e-02
-3.654831647872924805e-02
-4.347087442874908447e-02
-4.812541604042053223e-02
-5.305819213390350342e-02
-5.768549442291259766e-02
-6.271140277385711670e-02
-7.343779504299163818e-02
-9.178255498409271240e-02
-1.108458489179611206e-01
-1.299089938402175903e-01
-1.476697772741317749e-01
-1.580348163843154907e-01
-1.625536531209945679e-01
-1.640319675207138062e-01
-1.575086712837219238e-01
-1.438586264848709106e-01
-1.264697760343551636e-01
-1.090692281723022461e-01
-9.311532974243164062e-02
-7.961216568946838379e-02
-6.689365208148956299e-02
-5.512350797653198242e-02
-4.335351288318634033e-02
-3.061653673648834229e-02
-1.916466653347015381e-02
-2.083492279052734375e-02
-2.334825694561004639e-02
-2.586163580417633057e-02
-3.037874400615692139e-02
-3.784753382205963135e-02
-4.553861916065216064e-02
-5.356740951538085938e-02
-6.069445610046386719e-02
-6.862035393714904785e-02
-7.396101951599121094e-02
-7.895864546298980713e-02
-8.222618699073791504e-02
-8.451999723911285400e-02
-8.468121290206909180e-02
-8.491753041744232178e-02
-8.197374641895294189e-02
-7.170528173446655273e-02
-6.128348410129547119e-02
-5.191849172115325928e-02
-5.044619739055633545e-02
-4.982623457908630371e-02
-4.875622689723968506e-02
-4.856206476688385010e-02
-4.836826026439666748e-02
-4.817423224449157715e-02
-4.798024892807006836e-02
-5.225947499275207520e-02
-6.092204153537750244e-02
-7.085634768009185791e-02
-8.169020712375640869e-02
-8.978332579135894775e-02
-9.078018367290496826e-02
-9.125804901123046875e-02
-9.028322994709014893e-02
-8.241488039493560791e-02
-7.594546675682067871e-02
-6.961348652839660645e-02
-6.400078535079956055e-02
-5.837449431419372559e-02
-5.274465680122375488e-02
-4.697296023368835449e-02
-4.897090792655944824e-02
-6.177315115928649902e-02
-8.174368739128112793e-02
-9.941336512565612793e-02
-1.104230582714080811e-01
-1.217206418514251709e-01
-1.331486403942108154e-01
-1.390912830829620361e-01
-1.394490897655487061e-01
-1.382227838039398193e-01
-1.366934478282928467e-01
-1.357519924640655518e-01
-1.340363621711730957e-01
-1.312421858310699463e-01
-1.232677400112152100e-01
-1.775774061679840088e-01
-1.800913512706756592e-01
-1.829610764980316162e-01
-1.860576570034027100e-01
-1.891802251338958740e-01
-1.908273100852966309e-01
-1.916018724441528320e-01
-1.934949457645416260e-01
-1.964805126190185547e-01
-1.993429362773895264e-01
-2.014888226985931396e-01
-2.036347985267639160e-01
-2.051477432250976562e-01
-2.046531438827514648e-01
-1.996185481548309326e-01
-1.944572329521179199e-01
-1.892955601215362549e-01
-1.841346025466918945e-01
-1.776451766490936279e-01
-1.690512001514434814e-01
-1.596823334693908691e-01
-1.497590541839599609e-01
-1.393135190010070801e-01
-1.288680434226989746e-01
-1.192015707492828369e-01
-1.102869212627410889e-01
-1.034469604492187500e-01
-9.770071506500244141e-02
-9.389442205429077148e-02
-9.428417682647705078e-02
-1.020464301109313965e-01
-1.098084747791290283e-01
-1.175708174705505371e-01
-1.223155856132507324e-01
-1.206628084182739258e-01
-1.063031256198883057e-01
-9.517955780029296875e-02
-8.405607938766479492e-02
-7.148522138595581055e-02
-5.939760804176330566e-02
-4.801297187805175781e-02
-3.698191046714782715e-02
-2.647411823272705078e-02
-1.850387454032897949e-02
-1.079359650611877441e-02
-1.291602849960327148e-02
-1.870268583297729492e-02
-2.562525868415832520e-02
-3.254765272140502930e-02
-3.943462669849395752e-02
-4.393741488456726074e-02
-4.887798428535461426e-02
-5.516119301319122314e-02
-6.287272274494171143e-02
-7.149155437946319580e-02
-8.828674256801605225e-02
-1.067870110273361206e-01
-1.252870410680770874e-01
-1.437872052192687988e-01
-1.591104716062545776e-01
-1.664194613695144653e-01
-1.636329144239425659e-01
-1.579013764858245850e-01
-1.458649337291717529e-01
-1.301280260086059570e-01
-1.123555898666381836e-01
-9.673437476158142090e-02
-8.361656963825225830e-02
-7.049879431724548340e-02
-5.832552909851074219e-02
-4.655537009239196777e-02
-3.448098897933959961e-02
-2.167271077632904053e-02
-1.793107390403747559e-02
-2.044442296028137207e-02
-2.378614246845245361e-02
-3.017368912696838379e-02
-3.659537434577941895e-02
-4.553185403347015381e-02
-5.417051911354064941e-02
-6.219606101512908936e-02
-6.755153834819793701e-02
-7.202270627021789551e-02
-7.582691311836242676e-02
-7.611671090126037598e-02
-7.637599110603332520e-02
-7.663518190383911133e-02
-7.639749348163604736e-02
-7.428281009197235107e-02
-6.556054949760437012e-02
-5.513876676559448242e-02
-4.713582992553710938e-02
-4.610054194927215576e-02
-4.487034678459167480e-02
-4.512956738471984863e-02
-4.493558406829833984e-02
-4.474154114723205566e-02
-4.454758763313293457e-02
-4.435376822948455811e-02
-4.685574769973754883e-02
-5.684660375118255615e-02
-6.710152328014373779e-02
-7.931929826736450195e-02
-8.941866457462310791e-02
-9.025825560092926025e-02
-9.183892607688903809e-02
-8.849504590034484863e-02
-8.178195357322692871e-02
-7.591032981872558594e-02
-7.078860700130462646e-02
-6.597289443016052246e-02
-6.140115857124328613e-02
-5.690246820449829102e-02
-5.424103140830993652e-02
-5.922055244445800781e-02
-7.871034741401672363e-02
-9.934175014495849609e-02
-1.191774308681488037e-01
-1.301870644092559814e-01
-1.415205299854278564e-01
-1.509650647640228271e-01
-1.505766808986663818e-01
-1.489555537700653076e-01
-1.473346948623657227e-01
-1.457133591175079346e-01
-1.437747180461883545e-01
-1.376083791255950928e-01
-1.290749013423919678e-01
-1.200623214244842529e-01
-1.896964311599731445e-01
-1.927839219570159912e-01
-1.956125497817993164e-01
-1.978972256183624268e-01
-1.994308233261108398e-01
-2.005673944950103760e-01
-2.014758288860321045e-01
-2.023147940635681152e-01
-2.023677229881286621e-01
-2.042985856533050537e-01
-2.064443528652191162e-01
-2.085903286933898926e-01
-2.114922106266021729e-01
-2.109978497028350830e-01
-2.074350416660308838e-01
-2.022736370563507080e-01
-1.971120536327362061e-01
-1.919507384300231934e-01
-1.849198341369628906e-01
-1.757300198078155518e-01
-1.661722362041473389e-01
-1.570425331592559814e-01
-1.465966999530792236e-01
-1.361513137817382812e-01
-1.257058084011077881e-01
-1.156581044197082520e-01
-1.079972386360168457e-01
-1.018046140670776367e-01
-9.431779384613037109e-02
-8.994406461715698242e-02
-9.678396582603454590e-02
-1.038454174995422363e-01
-1.080498993396759033e-01
-1.082929372787475586e-01
-1.099537611007690430e-01
-1.026719808578491211e-01
-9.154853224754333496e-02
-8.042494952678680420e-02
-6.736937165260314941e-02
-5.591474473476409912e-02
-4.438263177871704102e-02
-3.274381160736083984e-02
-2.251772582530975342e-02
-1.482124626636505127e-02
-1.102501153945922852e-02
-1.001243293285369873e-02
-1.509255170822143555e-02
-2.162456512451171875e-02
-2.854715287685394287e-02
-3.512622416019439697e-02
-3.975738584995269775e-02
-4.759027063846588135e-02
-5.532239377498626709e-02
-6.303387880325317383e-02
-6.962147355079650879e-02
-8.516815304756164551e-02
-1.036684811115264893e-01
-1.221684664487838745e-01
-1.406686455011367798e-01
-1.583707183599472046e-01
-1.670131534337997437e-01
-1.657704114913940430e-01
-1.600462496280670166e-01
-1.488277018070220947e-01
-1.335779726505279541e-01
-1.168257296085357666e-01
-1.010207682847976685e-01
-8.762116730213165283e-02
-7.450324296951293945e-02
-6.152740120887756348e-02
-4.975725710391998291e-02
-3.798718750476837158e-02
-2.611987292766571045e-02
-1.479338109493255615e-02
-1.643636822700500488e-02
-2.401332557201385498e-02
-3.066526353359222412e-02
-3.935241699218750000e-02
-4.765261709690093994e-02
-5.599310994148254395e-02
-6.376449763774871826e-02
-6.707000732421875000e-02
-6.758938729763031006e-02
-6.783443689346313477e-02
-6.809353828430175781e-02
-6.835287809371948242e-02
-6.766343116760253906e-02
-6.702227890491485596e-02
-6.606931984424591064e-02
-5.941589176654815674e-02
-4.899398982524871826e-02
-4.252882301807403564e-02
-4.024761915206909180e-02
-3.981746733188629150e-02
-4.042708873748779297e-02
-4.103666543960571289e-02
-4.111507534980773926e-02
-4.092112183570861816e-02
-4.162491858005523682e-02
-4.442022740840911865e-02
-5.411373078823089600e-02
-6.734871864318847656e-02
-8.062823116779327393e-02
-9.029811620712280273e-02
-9.195947647094726562e-02
-9.401296079158782959e-02
-8.904092013835906982e-02
-8.495268225669860840e-02
-8.109970390796661377e-02
-7.724672555923461914e-02
-7.339391112327575684e-02
-6.988352537155151367e-02
-6.480303406715393066e-02
-6.394028663635253906e-02
-7.599845528602600098e-02
-9.663018584251403809e-02
-1.172616779804229736e-01
-1.378929316997528076e-01
-1.499510407447814941e-01
-1.612091958522796631e-01
-1.613097488880157471e-01
-1.596883833408355713e-01
-1.580674052238464355e-01
-1.554015576839447021e-01
-1.498809158802032471e-01
-1.430145204067230225e-01
-1.341736018657684326e-01
-1.244938075542449951e-01
-1.148140728473663330e-01
-2.002277374267578125e-01
-2.030316889286041260e-01
-2.038433551788330078e-01
-2.046553194522857666e-01
-2.052828073501586914e-01
-2.058868408203125000e-01
-2.064890563488006592e-01
-2.067693173885345459e-01
-2.072980403900146484e-01
-2.086179554462432861e-01
-2.115127444267272949e-01
-2.135466039180755615e-01
-2.163259387016296387e-01
-2.173429429531097412e-01
-2.152515649795532227e-01
-2.100899219512939453e-01
-2.049292027950286865e-01
-1.997674405574798584e-01
-1.924669146537780762e-01
-1.831875145435333252e-01
-1.733129024505615234e-01
-1.644395887851715088e-01
-1.538799703121185303e-01
-1.434346735477447510e-01
-1.330710053443908691e-01
-1.227654218673706055e-01
-1.132323443889617920e-01
-1.036150753498077393e-01
-9.521773457527160645e-02
-8.977991342544555664e-02
-9.161287546157836914e-02
-9.287825226783752441e-02
-9.316672384738922119e-02
-9.627622365951538086e-02
-9.975244104862213135e-02
-9.904104471206665039e-02
-8.789765834808349609e-02
-7.641558349132537842e-02
-6.319461762905120850e-02
-5.150885879993438721e-02
-3.982295095920562744e-02
-2.818174660205841064e-02
-2.042022347450256348e-02
-1.662410795688629150e-02
-1.282796263694763184e-02
-9.611368179321289062e-03
-1.207546889781951904e-02
-1.762378215789794922e-02
-2.454636991024017334e-02
-3.165191411972045898e-02
-3.964291512966156006e-02
-4.777218401432037354e-02
-5.548374354839324951e-02
-6.267681717872619629e-02
-6.883203983306884766e-02
-8.204974234104156494e-02
-1.005499064922332764e-01
-1.190500110387802124e-01
-1.375500559806823730e-01
-1.517421156167984009e-01
-1.624540239572525024e-01
-1.670510768890380859e-01
-1.629325747489929199e-01
-1.531114280223846436e-01
-1.388745307922363281e-01
-1.236717700958251953e-01
-1.090869009494781494e-01
-9.397178888320922852e-02
-8.024899661540985107e-02
-6.656804680824279785e-02
-5.360835790634155273e-02
-4.151844978332519531e-02
-3.046303987503051758e-02
-1.756896078586578369e-02
-1.824253797531127930e-02
-2.479873597621917725e-02
-3.306576609611511230e-02
-4.123038053512573242e-02
-4.966884851455688477e-02
-5.810710787773132324e-02
-6.292915344238281250e-02
-6.230200827121734619e-02
-6.007236242294311523e-02
-5.981117486953735352e-02
-5.980236828327178955e-02
-5.897465348243713379e-02
-5.833345651626586914e-02
-5.769240856170654297e-02
-5.705139040946960449e-02
-5.298899114131927490e-02
-4.364520311355590820e-02
-3.634242713451385498e-02
-3.454089164733886719e-02
-3.494684398174285889e-02
-3.582920134067535400e-02
-3.692458570003509521e-02
-3.812518715858459473e-02
-3.986549377441406250e-02
-4.247729480266571045e-02
-4.655385017395019531e-02
-5.585163831710815430e-02
-6.991651654243469238e-02
-8.452412486076354980e-02
-9.533002972602844238e-02
-9.905602037906646729e-02
-9.977757930755615234e-02
-9.700214862823486328e-02
-9.328849613666534424e-02
-8.943563699722290039e-02
-8.558261394500732422e-02
-8.210584521293640137e-02
-7.782876491546630859e-02
-7.270339131355285645e-02
-7.581526041030883789e-02
-9.391844272613525391e-02
-1.145500242710113525e-01
-1.351816058158874512e-01
-1.558129489421844482e-01
-1.686662435531616211e-01
-1.720426082611083984e-01
-1.704216301441192627e-01
-1.669702827930450439e-01
-1.616782546043395996e-01
-1.563860177993774414e-01
-1.477111279964447021e-01
-1.383686959743499756e-01
-1.289249360561370850e-01
-1.192450821399688721e-01
-1.095654666423797607e-01
-2.053777575492858887e-01
-2.087741196155548096e-01
-2.104200124740600586e-01
-2.112317979335784912e-01
-2.112724781036376953e-01
-2.112443745136260986e-01
-2.109838426113128662e-01
-2.097302675247192383e-01
-2.094884812831878662e-01
-2.096347212791442871e-01
-2.109107375144958496e-01
-2.143901586532592773e-01
-2.179161608219146729e-01
-2.211430966854095459e-01
-2.215597033500671387e-01
-2.174339592456817627e-01
-2.127453088760375977e-01
-2.075839936733245850e-01
-2.000142931938171387e-01
-1.906452476978302002e-01
-1.811655759811401367e-01
-1.726359426975250244e-01
-1.617690026760101318e-01
-1.508609652519226074e-01
-1.404559910297393799e-01
-1.287559866905212402e-01
-1.161075532436370850e-01
-1.062492728233337402e-01
-9.684669971466064453e-02
-8.769711852073669434e-02
-8.401376008987426758e-02
-8.284921944141387939e-02
-8.387885987758636475e-02
-8.597691357135772705e-02
-8.905661106109619141e-02
-9.223195910453796387e-02
-8.318985998630523682e-02
-7.116140425205230713e-02
-5.863496661186218262e-02
-4.694922268390655518e-02
-3.527455031871795654e-02
-2.733819186687469482e-02
-2.222295105457305908e-02
-1.842673122882843018e-02
-1.463061571121215820e-02
-1.083444058895111084e-02
-1.065336167812347412e-02
-1.453323662281036377e-02
-2.255333960056304932e-02
-3.174805641174316406e-02
-3.986731171607971191e-02
-4.793345928192138672e-02
-5.564492940902709961e-02
-6.213004887104034424e-02
-6.828542053699493408e-02
-7.939970493316650391e-02
-9.743119776248931885e-02
-1.159315109252929688e-01
-1.314877271652221680e-01
-1.433214992284774780e-01
-1.550578922033309937e-01
-1.646718084812164307e-01
-1.657657474279403687e-01
-1.570685654878616333e-01
-1.441002339124679565e-01
-1.304419338703155518e-01
-1.167741119861602783e-01
-1.020812690258026123e-01
-8.804294466972351074e-02
-7.613267004489898682e-02
-6.266396492719650269e-02
-5.037755519151687622e-02
-3.684125840663909912e-02
-2.721717953681945801e-02
-2.091209590435028076e-02
-2.767737209796905518e-02
-3.533057868480682373e-02
-4.338639974594116211e-02
-5.162377655506134033e-02
-5.761571228504180908e-02
-5.767059326171875000e-02
-5.545644462108612061e-02
-5.315499007701873779e-02
-5.106760561466217041e-02
-5.028581619262695312e-02
-4.964479804039001465e-02
-4.900375008583068848e-02
-4.836256802082061768e-02
-4.772143065929412842e-02
-4.558148980140686035e-02
-3.766663372516632080e-02
-3.106057643890380859e-02
-3.095519542694091797e-02
-3.205078840255737305e-02
-3.314623236656188965e-02
-3.460983932018280029e-02
-3.683930635452270508e-02
-4.140999913215637207e-02
-4.850552976131439209e-02
-5.506281554698944092e-02
-6.349782645702362061e-02
-7.857948541641235352e-02
-9.366111457347869873e-02
-1.047988384962081909e-01
-1.085156500339508057e-01
-1.079433411359786987e-01
-1.054774224758148193e-01
-1.016244292259216309e-01
-9.777149558067321777e-02
-9.430626034736633301e-02
-9.073539078235626221e-02
-8.569267392158508301e-02
-8.211109042167663574e-02
-9.120696783065795898e-02
-1.118384301662445068e-01
-1.324699223041534424e-01
-1.529051661491394043e-01
-1.715431511402130127e-01
-1.827755570411682129e-01
-1.785390675067901611e-01
-1.732469499111175537e-01
-1.677808463573455811e-01
-1.613932251930236816e-01
-1.525446474552154541e-01
-1.428020298480987549e-01
-1.333365738391876221e-01
-1.236766278743743896e-01
-1.139968931674957275e-01
-1.043173372745513916e-01
-2.064307034015655518e-01
-2.099570930004119873e-01
-2.126463651657104492e-01
-2.152029871940612793e-01
-2.162335813045501709e-01
-2.162055671215057373e-01
-2.158446013927459717e-01
-2.150883078575134277e-01
-2.142812907695770264e-01
-2.128803730010986328e-01
-2.124396562576293945e-01
-2.132205069065093994e-01
-2.163751423358917236e-01
-2.216911315917968750e-01
-2.227067947387695312e-01
-2.195290327072143555e-01
-2.154037654399871826e-01
-2.112584412097930908e-01
-2.044748365879058838e-01
-1.960515081882476807e-01
-1.881226599216461182e-01
-1.807494461536407471e-01
-1.700249612331390381e-01
-1.592137515544891357e-01
-1.458922326564788818e-01
-1.325321197509765625e-01
-1.196231842041015625e-01
-1.080194711685180664e-01
-9.471508860588073730e-02
-8.101692795753479004e-02
-7.707932591438293457e-02
-7.735073566436767578e-02
-7.752346992492675781e-02
-7.763218879699707031e-02
-7.861839234828948975e-02
-8.095374703407287598e-02
-7.848168909549713135e-02
-6.590732932090759277e-02
-5.407564342021942139e-02
-4.352478682994842529e-02
-3.609272837638854980e-02
-2.890616655349731445e-02
-2.415366470813751221e-02
-2.022956311702728271e-02
-1.643343269824981689e-02
-1.263736188411712646e-02
-9.941190481185913086e-03
-1.613345742225646973e-02
-2.406571805477142334e-02
-3.191986680030822754e-02
-4.009202122688293457e-02
-4.809485375881195068e-02
-5.542801320552825928e-02
-6.158335506916046143e-02
-6.773871183395385742e-02
-7.716360688209533691e-02
-9.431275725364685059e-02
-1.106109917163848877e-01
-1.231643557548522949e-01
-1.349009126424789429e-01
-1.466373205184936523e-01
-1.580359637737274170e-01
-1.657477915287017822e-01
-1.610509604215621948e-01
-1.493163108825683594e-01
-1.379749178886413574e-01
-1.262997984886169434e-01
-1.144266724586486816e-01
-9.974506497383117676e-02
-8.575633168220520020e-02
-7.040296494960784912e-02
-5.513728410005569458e-02
-4.567317664623260498e-02
-3.809744864702224731e-02
-3.077380359172821045e-02
-3.275729715824127197e-02
-4.063256084918975830e-02
-4.626128077507019043e-02
-5.197218060493469238e-02
-5.445310473442077637e-02
-5.218842625617980957e-02
-4.928490519523620605e-02
-4.528680443763732910e-02
-4.207180440425872803e-02
-4.095603525638580322e-02
-4.058897495269775391e-02
-4.043389856815338135e-02
-4.027886688709259033e-02
-4.012368619441986084e-02
-3.802649676799774170e-02
-3.349637985229492188e-02
-2.741837501525878906e-02
-2.958214282989501953e-02
-3.205026686191558838e-02
-3.521972894668579102e-02
-3.847302496433258057e-02
-4.377467930316925049e-02
-5.114699900150299072e-02
-5.859786272048950195e-02
-6.617817282676696777e-02
-7.436880469322204590e-02
-8.801276981830596924e-02
-1.036724597215652466e-01
-1.142674982547760010e-01
-1.173099726438522339e-01
-1.168526560068130493e-01
-1.138133704662322998e-01
-1.099603772163391113e-01
-1.065067350864410400e-01
-1.032317876815795898e-01
-9.859928488731384277e-02
-9.355655312538146973e-02
-9.510470926761627197e-02
-1.091269254684448242e-01
-1.297584176063537598e-01
-1.490637660026550293e-01
-1.674511134624481201e-01
-1.829175949096679688e-01
-1.848160922527313232e-01
-1.790695488452911377e-01
-1.726817786693572998e-01
-1.662565171718597412e-01
-1.573783755302429199e-01
-1.476358473300933838e-01
-1.378932595252990723e-01
-1.281080543994903564e-01
-1.184279620647430420e-01
-1.087482869625091553e-01
-9.906843304634094238e-02
-2.022098600864410400e-01
-2.075445950031280518e-01
-2.118345797061920166e-01
-2.147702276706695557e-01
-2.173264920711517334e-01
-2.198775410652160645e-01
-2.205949127674102783e-01
-2.198447883129119873e-01
-2.190744876861572266e-01
-2.183035612106323242e-01
-2.175333797931671143e-01
-2.161695063114166260e-01
-2.161543369293212891e-01
-2.190439403057098389e-01
-2.227906882762908936e-01
-2.224771678447723389e-01
-2.179587781429290771e-01
-2.133743762969970703e-01
-2.063005864620208740e-01
-1.977874934673309326e-01
-1.903732120990753174e-01
-1.831572651863098145e-01
-1.726358234882354736e-01
-1.603116095066070557e-01
-1.479870676994323730e-01
-1.356629133224487305e-01
-1.211631298065185547e-01
-1.038828492164611816e-01
-8.791476488113403320e-02
-7.721246778964996338e-02
-7.313586771488189697e-02
-7.269613444805145264e-02
-7.171204686164855957e-02
-7.151955366134643555e-02
-7.162806391716003418e-02
-7.173672318458557129e-02
-7.270893454551696777e-02
-6.086075305938720703e-02
-5.231276154518127441e-02
-4.485853016376495361e-02
-3.743740916252136230e-02
-3.090438246726989746e-02
-2.627408504486083984e-02
-2.203246951103210449e-02
-1.823617517948150635e-02
-1.556245982646942139e-02
-1.499773561954498291e-02
-1.895810663700103760e-02
-2.645245194435119629e-02
-3.353451192378997803e-02
-4.031658172607421875e-02
-4.825602471828460693e-02
-5.488148331642150879e-02
-6.103675067424774170e-02
-6.719206273555755615e-02
-7.492738962173461914e-02
-8.973431587219238281e-02
-1.023960858583450317e-01
-1.147437095642089844e-01
-1.264802664518356323e-01
-1.382167935371398926e-01
-1.501088440418243408e-01
-1.623516529798507690e-01
-1.668882668018341064e-01
-1.597301512956619263e-01
-1.501193344593048096e-01
-1.372318565845489502e-01
-1.238738894462585449e-01
-1.087743192911148071e-01
-9.172932803630828857e-02
-7.601732015609741211e-02
-6.371168047189712524e-02
-5.581994354724884033e-02
-4.863502830266952515e-02
-4.184995591640472412e-02
-3.843218088150024414e-02
-4.166300594806671143e-02
-4.737567901611328125e-02
-5.282574892044067383e-02
-5.135330557823181152e-02
-4.802897572517395020e-02
-4.451696574687957764e-02
-4.118977487087249756e-02
-3.791098296642303467e-02
-3.577238321304321289e-02
-3.505417704582214355e-02
-3.442046046257019043e-02
-3.455388545989990234e-02
-3.373718261718750000e-02
-3.366473317146301270e-02
-3.405976295471191406e-02
-3.094258904457092285e-02
-3.375133872032165527e-02
-3.716474771499633789e-02
-4.093025624752044678e-02
-4.735061526298522949e-02
-5.425992608070373535e-02
-6.171074509620666504e-02
-6.884747743606567383e-02
-7.705125212669372559e-02
-8.525469899177551270e-02
-9.716299176216125488e-02
-1.138521283864974976e-01
-1.250319033861160278e-01
-1.261386126279830933e-01
-1.253208220005035400e-01
-1.221493482589721680e-01
-1.187068969011306763e-01
-1.154320985078811646e-01
-1.115058958530426025e-01
-1.064630746841430664e-01
-1.037419289350509644e-01
-1.082241982221603394e-01
-1.265845000743865967e-01
-1.445920169353485107e-01
-1.596533060073852539e-01
-1.746091842651367188e-01
-1.822668612003326416e-01
-1.839701235294342041e-01
-1.775825619697570801e-01
-1.710614860057830811e-01
-1.621392071247100830e-01
-1.524693667888641357e-01
-1.427267193794250488e-01
-1.329841017723083496e-01
-1.228595077991485596e-01
-1.131796538829803467e-01
-1.035000383853912354e-01
-9.377697110176086426e-02
-1.952189505100250244e-01
-2.005536556243896484e-01
-2.058883309364318848e-01
-2.112227380275726318e-01
-2.161361277103424072e-01
-2.192341387271881104e-01
-2.212525308132171631e-01
-2.230927646160125732e-01
-2.238308489322662354e-01
-2.230602800846099854e-01
-2.222895026206970215e-01
-2.215190827846527100e-01
-2.208910286426544189e-01
-2.209209203720092773e-01
-2.221209108829498291e-01
-2.228562533855438232e-01
-2.196278274059295654e-01
-2.163119614124298096e-01
-2.086478173732757568e-01
-1.999547183513641357e-01
-1.926238536834716797e-01
-1.832855641841888428e-01
-1.714915931224822998e-01
-1.588663756847381592e-01
-1.458660662174224854e-01
-1.303398013114929199e-01
-1.109071373939514160e-01
-9.399685263633728027e-02
-8.126792311668395996e-02
-7.103972136974334717e-02
-6.709204614162445068e-02
-6.748311221599578857e-02
-6.753483414649963379e-02
-6.657946109771728516e-02
-6.565080583095550537e-02
-6.562396883964538574e-02
-6.486713886260986328e-02
-6.204687058925628662e-02
-5.377840995788574219e-02
-4.619219899177551270e-02
-3.878238797187805176e-02
-3.300264477729797363e-02
-2.839459478855133057e-02
-2.383519709110260010e-02
-2.233466506004333496e-02
-2.176994085311889648e-02
-2.120518684387207031e-02
-2.250653505325317383e-02
-2.905195951461791992e-02
-3.574132919311523438e-02
-4.221251606941223145e-02
-4.817932844161987305e-02
-5.433453619480133057e-02
-6.048993766307830811e-02
-6.664530932903289795e-02
-7.216954231262207031e-02
-8.151920139789581299e-02
-9.418652951717376709e-02
-1.064056456089019775e-01
-1.192950904369354248e-01
-1.329006999731063843e-01
-1.471187770366668701e-01
-1.613625288009643555e-01
-1.704801619052886963e-01
-1.692956387996673584e-01
-1.591823697090148926e-01
-1.454958021640777588e-01
-1.298138499259948730e-01
-1.141317635774612427e-01
-9.827835857868194580e-02
-8.407428860664367676e-02
-7.436199486255645752e-02
-6.544043868780136108e-02
-5.913945287466049194e-02
-5.036535859107971191e-02
-4.424387216567993164e-02
-4.305438697338104248e-02
-4.925308376550674438e-02
-5.176575481891632080e-02
-4.844325780868530273e-02
-4.493120312690734863e-02
-4.180210828781127930e-02
-3.918470442295074463e-02
-3.697873651981353760e-02
-3.541484475135803223e-02
-3.559131920337677002e-02
-3.621853888034820557e-02
-3.546774387359619141e-02
-3.442001342773437500e-02
-3.502267599105834961e-02
-3.813333809375762939e-02
-3.760686516761779785e-02
-4.056876897811889648e-02
-4.475498199462890625e-02
-5.092664062976837158e-02
-5.737285315990447998e-02
-6.482385098934173584e-02
-7.197029888629913330e-02
-7.972031831741333008e-02
-8.792412281036376953e-02
-9.612773358821868896e-02
-1.061552017927169800e-01
-1.243164390325546265e-01
-1.347614079713821411e-01
-1.350416094064712524e-01
-1.337383389472961426e-01
-1.309073269367218018e-01
-1.276326179504394531e-01
-1.243566721677780151e-01
-1.193698346614837646e-01
-1.153868287801742554e-01
-1.149577647447586060e-01
-1.213681250810623169e-01
-1.363888680934906006e-01
-1.513446718454360962e-01
-1.652853488922119141e-01
-1.760839819908142090e-01
-1.788999438285827637e-01
-1.818362176418304443e-01
-1.756521165370941162e-01
-1.667002737522125244e-01
-1.573027670383453369e-01
-1.475603878498077393e-01
-1.378177702426910400e-01
-1.280647516250610352e-01
-1.177053749561309814e-01
-1.079312264919281006e-01
-9.825137257575988770e-02
-8.825817704200744629e-02
-1.882281005382537842e-01
-1.935624778270721436e-01
-1.988971829414367676e-01
-2.042318284511566162e-01
-2.095662355422973633e-01
-2.144733667373657227e-01
-2.192701399326324463e-01
-2.222646176815032959e-01
-2.242700159549713135e-01
-2.260837852954864502e-01
-2.270459234714508057e-01
-2.262757122516632080e-01
-2.255245149135589600e-01
-2.258949577808380127e-01
-2.262656688690185547e-01
-2.248435616493225098e-01
-2.205693423748016357e-01
-2.167738378047943115e-01
-2.101604938507080078e-01
-2.020371258258819580e-01
-1.915956139564514160e-01
-1.812632977962493896e-01
-1.693820059299468994e-01
-1.555643379688262939e-01
-1.383625566959381104e-01
-1.190073788166046143e-01
-1.027810275554656982e-01
-8.655479550361633301e-02
-7.356712222099304199e-02
-6.321492791175842285e-02
-5.785429477691650391e-02
-5.761314928531646729e-02
-5.766490101814270020e-02
-5.771665275096893311e-02
-5.776835978031158447e-02
-5.921995639801025391e-02
-6.255367398262023926e-02
-6.732107698917388916e-02
-5.817212164402008057e-02
-4.844385385513305664e-02
-4.013006389141082764e-02
-3.512315452098846436e-02
-3.075262904167175293e-02
-2.937611937522888184e-02
-2.854223549365997314e-02
-2.797733247280120850e-02
-2.741275727748870850e-02
-2.707791328430175781e-02
-3.187631070613861084e-02
-3.794854879379272461e-02
-4.441949725151062012e-02
-4.958547651767730713e-02
-5.403968691825866699e-02
-5.994327366352081299e-02
-6.607706844806671143e-02
-6.653429567813873291e-02
-7.506968080997467041e-02
-8.924524486064910889e-02
-1.030509471893310547e-01
-1.166566759347915649e-01
-1.308613866567611694e-01
-1.452031135559082031e-01
-1.580912470817565918e-01
-1.685766428709030151e-01
-1.724192798137664795e-01
-1.647230088710784912e-01
-1.506867706775665283e-01
-1.351542174816131592e-01
-1.194722503423690796e-01
-1.056683063507080078e-01
-9.503029286861419678e-02
-8.402380347251892090e-02
-7.464110106229782104e-02
-6.635315716266632080e-02
-5.896528810262680054e-02
-5.240783095359802246e-02
-4.988404363393783569e-02
-5.242709815502166748e-02
-5.039968341588973999e-02
-4.822497069835662842e-02
-4.626967012882232666e-02
-4.431451857089996338e-02
-4.235929250717163086e-02
-4.047594964504241943e-02
-3.864391148090362549e-02
-3.815732896327972412e-02
-3.768028318881988525e-02
-3.698806464672088623e-02
-3.629572689533233643e-02
-3.891626000404357910e-02
-4.472236335277557373e-02
-4.698082804679870605e-02
-5.204018950462341309e-02
-5.789731442928314209e-02
-6.375440955162048340e-02
-7.020555436611175537e-02
-7.693563401699066162e-02
-8.353208005428314209e-02
-9.117273986339569092e-02
-9.881336987018585205e-02
-1.076150834560394287e-01
-1.181028485298156738e-01
-1.350786983966827393e-01
-1.425817906856536865e-01
-1.429888010025024414e-01
-1.425894498825073242e-01
-1.398330628871917725e-01
-1.365582793951034546e-01
-1.322765052318572998e-01
-1.272795498371124268e-01
-1.237791478633880615e-01
-1.194284111261367798e-01
-1.277787238359451294e-01
-1.417368948459625244e-01
-1.556007564067840576e-01
-1.694610416889190674e-01
-1.727171540260314941e-01
-1.755329966545104980e-01
-1.777215898036956787e-01
-1.712608039379119873e-01
-1.621364057064056396e-01
-1.523939967155456543e-01
-1.426514089107513428e-01
-1.329088211059570312e-01
-1.229397356510162354e-01
-1.125803291797637939e-01
-1.026825606822967529e-01
-9.279993176460266113e-02
-8.273932337760925293e-02
-1.801021397113800049e-01
-1.865718662738800049e-01
-1.919065713882446289e-01
-1.972412467002868652e-01
-2.024755477905273438e-01
-2.072720229625701904e-01
-2.120682895183563232e-01
-2.166990339756011963e-01
-2.212912142276763916e-01
-2.250306010246276855e-01
-2.272606790065765381e-01
-2.290747463703155518e-01
-2.301660776138305664e-01
-2.305285632610321045e-01
-2.308993637561798096e-01
-2.303516566753387451e-01
-2.252003550529479980e-01
-2.185650765895843506e-01
-2.082130908966064453e-01
-1.981494426727294922e-01
-1.890074312686920166e-01
-1.797759532928466797e-01
-1.663114428520202637e-01
-1.465710699558258057e-01
-1.283903121948242188e-01
-1.121639907360076904e-01
-9.593772888183593750e-02
-7.971127331256866455e-02
-6.587523221969604492e-02
-5.542445182800292969e-02
-4.908607900142669678e-02
-4.863187670707702637e-02
-4.817757010459899902e-02
-4.784698784351348877e-02
-5.144904553890228271e-02
-5.469706654548645020e-02
-5.783078074455261230e-02
-6.307077407836914062e-02
-5.941401422023773193e-02
-4.995118081569671631e-02
-4.096496105194091797e-02
-3.697651624679565430e-02
-3.616383671760559082e-02
-3.574410080909729004e-02
-3.474956750869750977e-02
-3.418482840061187744e-02
-3.362020850181579590e-02
-3.305533528327941895e-02
-3.521852195262908936e-02
-4.015555977821350098e-02
-4.652898013591766357e-02
-5.105090141296386719e-02
-5.558229982852935791e-02
-6.151437759399414062e-02
-6.393346190452575684e-02
-6.611944735050201416e-02
-7.355870306491851807e-02
-8.694395422935485840e-02
-1.006475687026977539e-01
-1.147420108318328857e-01
-1.277227103710174561e-01
-1.404073089361190796e-01
-1.523403078317642212e-01
-1.625974774360656738e-01
-1.671686619520187378e-01
-1.679372489452362061e-01
-1.555714905261993408e-01
-1.407717019319534302e-01
-1.267513781785964966e-01
-1.165373176336288452e-01
-1.049524545669555664e-01
-9.354762732982635498e-02
-8.425107598304748535e-02
-7.679643481969833374e-02
-7.082636654376983643e-02
-6.470268964767456055e-02
-6.268279254436492920e-02
-5.578551441431045532e-02
-5.360578000545501709e-02
-5.165048688650131226e-02
-4.981692135334014893e-02
-4.798485338687896729e-02
-4.622626304626464844e-02
-4.474975168704986572e-02
-4.327303171157836914e-02
-4.091821610927581787e-02
-3.984290361404418945e-02
-3.915069997310638428e-02
-3.916122019290924072e-02
-4.383710026741027832e-02
-5.215974152088165283e-02
-5.896943807601928711e-02
-6.518249213695526123e-02
-7.103964686393737793e-02
-7.702787220478057861e-02
-8.390450477600097656e-02
-9.013289213180541992e-02
-9.755127131938934326e-02
-1.051918417215347290e-01
-1.131435930728912354e-01
-1.230471581220626831e-01
-1.330646872520446777e-01
-1.462523639202117920e-01
-1.510636061429977417e-01
-1.509879976511001587e-01
-1.506510823965072632e-01
-1.486164331436157227e-01
-1.451679766178131104e-01
-1.372524350881576538e-01
-1.298268735408782959e-01
-1.232417374849319458e-01
-1.196170747280120850e-01
-1.319174468517303467e-01
-1.458757519721984863e-01
-1.597764045000076294e-01
-1.665342450141906738e-01
-1.693500578403472900e-01
-1.710425615310668945e-01
-1.714862883090972900e-01
-1.668696105480194092e-01
-1.572276353836059570e-01
-1.474849879741668701e-01
-1.377425491809844971e-01
-1.279999911785125732e-01
-1.178148984909057617e-01
-1.074556410312652588e-01
-9.734210371971130371e-02
-8.728143572807312012e-02
-7.722035050392150879e-02
-1.689169704914093018e-01
-1.764683425426483154e-01
-1.840194761753082275e-01
-1.902500689029693604e-01
-1.952734887599945068e-01
-2.000702619552612305e-01
-2.048664987087249756e-01
-2.095033526420593262e-01
-2.140958011150360107e-01
-2.186875939369201660e-01
-2.232799232006072998e-01
-2.276912331581115723e-01
-2.298937737941741943e-01
-2.323488891124725342e-01
-2.343663871288299561e-01
-2.346692681312561035e-01
-2.306397259235382080e-01
-2.194252908229827881e-01
-2.071311771869659424e-01
-1.968392133712768555e-01
-1.857576668262481689e-01
-1.721837222576141357e-01
-1.548616290092468262e-01
-1.388854682445526123e-01
-1.222519576549530029e-01
-1.056188642978668213e-01
-8.909386396408081055e-02
-7.286724448204040527e-02
-5.838777124881744385e-02
-4.763360321521759033e-02
-4.018366336822509766e-02
-3.972934186458587646e-02
-4.025585949420928955e-02
-4.403306543827056885e-02
-4.737834632396697998e-02
-5.017399787902832031e-02
-5.379262566566467285e-02
-5.918088555335998535e-02
-6.165026128292083740e-02
-5.124960839748382568e-02
-4.503917694091796875e-02
-4.163174331188201904e-02
-3.838434815406799316e-02
-3.679548203945159912e-02
-3.628607094287872314e-02
-3.666421771049499512e-02
-3.713518381118774414e-02
-3.760632872581481934e-02
-3.854717314243316650e-02
-4.282470047473907471e-02
-4.976193606853485107e-02
-5.608545243740081787e-02
-6.240889430046081543e-02
-6.448073685169219971e-02
-6.506395339965820312e-02
-6.653332710266113281e-02
-7.234163582324981689e-02
-8.463892340660095215e-02
-9.735424816608428955e-02
-1.100387424230575562e-01
-1.222961843013763428e-01
-1.326566040515899658e-01
-1.434695571660995483e-01
-1.554289460182189941e-01
-1.617297828197479248e-01
-1.659919470548629761e-01
-1.627054959535598755e-01
-1.500303000211715698e-01
-1.391251683235168457e-01
-1.266761124134063721e-01
-1.165371686220169067e-01
-1.072046607732772827e-01
-9.903199970722198486e-02
-9.224116802215576172e-02
-8.625173568725585938e-02
-7.969240099191665649e-02
-7.394088059663772583e-02
-6.383265554904937744e-02
-5.732569843530654907e-02
-5.574735254049301147e-02
-5.427075177431106567e-02
-5.279405415058135986e-02
-5.131748318672180176e-02
-4.984080791473388672e-02
-4.695978760719299316e-02
-4.370696842670440674e-02
-4.206918179988861084e-02
-4.200424253940582275e-02
-4.320333898067474365e-02
-5.148889124393463135e-02
-6.104566156864166260e-02
-7.114143669605255127e-02
-7.832483947277069092e-02
-8.418206870555877686e-02
-9.073792397975921631e-02
-9.710159897804260254e-02
-1.039296537637710571e-01
-1.115702539682388306e-01
-1.196277141571044922e-01
-1.291009932756423950e-01
-1.390347331762313843e-01
-1.501522511243820190e-01
-1.571228653192520142e-01
-1.618730425834655762e-01
-1.619307845830917358e-01
-1.609494090080261230e-01
-1.550105512142181396e-01
-1.459265947341918945e-01
-1.363548338413238525e-01
-1.285915076732635498e-01
-1.208279430866241455e-01
-1.220980435609817505e-01
-1.360565125942230225e-01
-1.500148028135299683e-01
-1.603513658046722412e-01
-1.631671786308288574e-01
-1.645196080207824707e-01
-1.647717654705047607e-01
-1.652508974075317383e-01
-1.620611846446990967e-01
-1.523184478282928467e-01
-1.425759494304656982e-01
-1.328335702419281006e-01
-1.230497658252716064e-01
-1.126902401447296143e-01
-1.023308336734771729e-01
-9.182325005531311035e-02
-8.151188492774963379e-02
-7.063916325569152832e-02
-1.577316522598266602e-01
-1.652832329273223877e-01
-1.728343069553375244e-01
-1.803854703903198242e-01
-1.874144375324249268e-01
-1.928682923316955566e-01
-1.976649165153503418e-01
-2.023080289363861084e-01
-2.066970467567443848e-01
-2.109881937503814697e-01
-2.152791321277618408e-01
-2.195701897144317627e-01
-2.238610088825225830e-01
-2.289441525936126709e-01
-2.329138815402984619e-01
-2.342639863491058350e-01
-2.323012948036193848e-01
-2.216374874114990234e-01
-2.081567645072937012e-01
-1.948928236961364746e-01
-1.788822710514068604e-01
-1.629022359848022461e-01
-1.477228999137878418e-01
-1.311491727828979492e-01
-1.155164837837219238e-01
-9.965017437934875488e-02
-8.301718533039093018e-02
-6.638394296169281006e-02
-5.090074241161346436e-02
-3.985235095024108887e-02
-3.128096461296081543e-02
-3.346917033195495605e-02
-3.724649548530578613e-02
-4.102371633052825928e-02
-4.382283985614776611e-02
-4.645062983036041260e-02
-5.019612610340118408e-02
-5.529096722602844238e-02
-6.048692762851715088e-02
-5.775968730449676514e-02
-5.238981544971466064e-02
-4.788982868194580078e-02
-4.419380426406860352e-02
-4.078650474548339844e-02
-3.806403279304504395e-02
-3.720399737358093262e-02
-3.775231540203094482e-02
-4.002615809440612793e-02
-4.207977652549743652e-02
-4.598776996135711670e-02
-5.282768607139587402e-02
-6.028498709201812744e-02
-6.415362656116485596e-02
-6.577242910861968994e-02
-6.723134219646453857e-02
-6.810173392295837402e-02
-6.994900107383728027e-02
-7.967013120651245117e-02
-9.253022074699401855e-02
-1.033767759799957275e-01
-1.142232120037078857e-01
-1.254927366971969604e-01
-1.384227275848388672e-01
-1.511628031730651855e-01
-1.589417308568954468e-01
-1.652080863714218140e-01
-1.696727275848388672e-01
-1.624679863452911377e-01
-1.508132368326187134e-01
-1.408423483371734619e-01
-1.312758326530456543e-01
-1.229945123195648193e-01
-1.157313734292984009e-01
-1.078726798295974731e-01
-1.003521084785461426e-01
-9.327210485935211182e-02
-8.235587179660797119e-02
-7.399599254131317139e-02
-6.409788876771926880e-02
-6.083857268095016479e-02
-5.936191976070404053e-02
-5.788525938987731934e-02
-5.640864372253417969e-02
-5.355258285999298096e-02
-5.029973387718200684e-02
-4.737366735935211182e-02
-4.545919597148895264e-02
-4.610536992549896240e-02
-5.110681056976318359e-02
-6.036272644996643066e-02
-7.074163854122161865e-02
-8.221507072448730469e-02
-9.146724641323089600e-02
-9.756012260913848877e-02
-1.040704697370529175e-01
-1.103080958127975464e-01
-1.179487854242324829e-01
-1.261132359504699707e-01
-1.351548582315444946e-01
-1.450885683298110962e-01
-1.555536091327667236e-01
-1.662609577178955078e-01
-1.701848059892654419e-01
-1.720412224531173706e-01
-1.684339046478271484e-01
-1.639902293682098389e-01
-1.538568288087844849e-01
-1.429094821214675903e-01
-1.359494626522064209e-01
-1.289896070957183838e-01
-1.219378560781478882e-01
-1.289349049329757690e-01
-1.423302143812179565e-01
-1.556260585784912109e-01
-1.579771190881729126e-01
-1.584421396255493164e-01
-1.582486927509307861e-01
-1.585005819797515869e-01
-1.588712334632873535e-01
-1.570944786071777344e-01
-1.464687883853912354e-01
-1.358329355716705322e-01
-1.251973211765289307e-01
-1.143043935298919678e-01
-1.030520200729370117e-01
-9.154775738716125488e-02
-8.000466227531433105e-02
-6.963601708412170410e-02
-6.015923619270324707e-02
-1.465465724468231201e-01
-1.540978252887725830e-01
-1.616487801074981689e-01
-1.690053641796112061e-01
-1.759432852268218994e-01
-1.826554536819458008e-01
-1.893673241138458252e-01
-1.941338479518890381e-01
-1.984250843524932861e-01
-2.027158439159393311e-01
-2.070068418979644775e-01
-2.112976014614105225e-01
-2.155885994434356689e-01
-2.204267680644989014e-01
-2.233102619647979736e-01
-2.261932194232940674e-01
-2.283851504325866699e-01
-2.218776345252990723e-01
-2.083316743373870850e-01
-1.882216334342956543e-01
-1.708794236183166504e-01
-1.566838920116424561e-01
-1.423868238925933838e-01
-1.259593665599822998e-01
-1.090249419212341309e-01
-9.216678142547607422e-02
-7.643756270408630371e-02
-6.041522324085235596e-02
-4.433438181877136230e-02
-3.276854753494262695e-02
-2.669715881347656250e-02
-3.045997023582458496e-02
-3.423717617988586426e-02
-3.763964772224426270e-02
-4.026751220226287842e-02
-4.289531707763671875e-02
-4.727378487586975098e-02
-5.385488271713256836e-02
-6.132301688194274902e-02
-6.496179103851318359e-02
-6.032325327396392822e-02
-5.582334101200103760e-02
-5.138947069644927979e-02
-4.710176587104797363e-02
-4.545700550079345703e-02
-4.400224983692169189e-02
-4.455330967903137207e-02
-4.645237326622009277e-02
-4.842448234558105469e-02
-4.916380345821380615e-02
-5.469310283660888672e-02
-5.926842987537384033e-02
-6.088717281818389893e-02
-6.254185736179351807e-02
-6.356358528137207031e-02
-6.401121616363525391e-02
-6.577967107295989990e-02
-7.320050895214080811e-02
-8.550223708152770996e-02
-9.798371791839599609e-02
-1.102237105369567871e-01
-1.220398098230361938e-01
-1.365197300910949707e-01
-1.500314027070999146e-01
-1.592993736267089844e-01
-1.647578030824661255e-01
-1.703417301177978516e-01
-1.730028688907623291e-01
-1.651475876569747925e-01
-1.553715318441390991e-01
-1.473142951726913452e-01
-1.393412351608276367e-01
-1.315096914768218994e-01
-1.239429414272308350e-01
-1.158260554075241089e-01
-1.059183478355407715e-01
-9.276673197746276855e-02
-8.446550369262695312e-02
-7.373928278684616089e-02
-6.592970341444015503e-02
-6.445319950580596924e-02
-6.297648698091506958e-02
-6.014534831047058105e-02
-5.689235031604766846e-02
-5.422933399677276611e-02
-5.160452425479888916e-02
-5.106256902217864990e-02
-5.221821367740631104e-02
-5.968062579631805420e-02
-7.005864381790161133e-02
-8.043749630451202393e-02
-9.278729557991027832e-02
-1.042166650295257568e-01
-1.110391765832901001e-01
-1.172677576541900635e-01
-1.243272274732589722e-01
-1.326008290052413940e-01
-1.414022743701934814e-01
-1.511424779891967773e-01
-1.610869765281677246e-01
-1.729143857955932617e-01
-1.797303408384323120e-01
-1.783757060766220093e-01
-1.746367961168289185e-01
-1.686342805624008179e-01
-1.612087488174438477e-01
-1.498785316944122314e-01
-1.422830224037170410e-01
-1.353231966495513916e-01
-1.283632069826126099e-01
-1.236941665410995483e-01
-1.361585259437561035e-01
-1.487960815429687500e-01
-1.536562293767929077e-01
-1.529705524444580078e-01
-1.518187522888183594e-01
-1.506144404411315918e-01
-1.494102180004119873e-01
-1.478425264358520508e-01
-1.462655365467071533e-01
-1.353124082088470459e-01
-1.241135895252227783e-01
-1.132647395133972168e-01
-1.021562516689300537e-01
-9.076261520385742188e-02
-7.993456721305847168e-02
-6.977841258049011230e-02
-6.026867032051086426e-02
-5.033609271049499512e-02
-1.372507214546203613e-01
-1.426638662815093994e-01
-1.499141752719879150e-01
-1.567583382129669189e-01
-1.634705066680908203e-01
-1.701824367046356201e-01
-1.768942475318908691e-01
-1.834652125835418701e-01
-1.899727582931518555e-01
-1.944434046745300293e-01
-1.987344920635223389e-01
-2.030250430107116699e-01
-2.060789763927459717e-01
-2.083677649497985840e-01
-2.112511098384857178e-01
-2.141573727130889893e-01
-2.172259688377380371e-01
-2.107424736022949219e-01
-1.972304880619049072e-01
-1.829375624656677246e-01
-1.677546799182891846e-01
-1.515356302261352539e-01
-1.361691355705261230e-01
-1.199456155300140381e-01
-1.036415398120880127e-01
-8.726115524768829346e-02
-7.032652199268341064e-02
-5.339217185974121094e-02
-3.965863585472106934e-02
-3.175422549247741699e-02
-2.467674016952514648e-02
-2.793335914611816406e-02
-3.130374848842620850e-02
-3.408415615558624268e-02
-3.671213984489440918e-02
-3.946891427040100098e-02
-4.722321033477783203e-02
-5.533705651760101318e-02
-6.287874281406402588e-02
-7.047097384929656982e-02
-6.887471675872802734e-02
-6.603986024856567383e-02
-6.341075897216796875e-02
-6.087805330753326416e-02
-5.834536254405975342e-02
-5.599641799926757812e-02
-5.510281026363372803e-02
-5.453872680664062500e-02
-5.505183339118957520e-02
-5.420920252799987793e-02
-5.563637614250183105e-02
-5.781181156635284424e-02
-5.958755314350128174e-02
-6.069636344909667969e-02
-6.180542707443237305e-02
-6.113611161708831787e-02
-6.080788373947143555e-02
-6.667168438434600830e-02
-7.709425687789916992e-02
-9.030009806156158447e-02
-1.035059094429016113e-01
-1.178326606750488281e-01
-1.333482861518859863e-01
-1.470372527837753296e-01
-1.549316197633743286e-01
-1.618517041206359863e-01
-1.715322434902191162e-01
-1.790041476488113403e-01
-1.797681003808975220e-01
-1.722208410501480103e-01
-1.643454581499099731e-01
-1.555941700935363770e-01
-1.476541161537170410e-01
-1.400031149387359619e-01
-1.306457519531250000e-01
-1.171565949916839600e-01
-1.037084162235260010e-01
-9.331850707530975342e-02
-8.421522378921508789e-02
-7.410139590501785278e-02
-6.954433768987655640e-02
-6.673808395862579346e-02
-6.371059268712997437e-02
-6.108506023883819580e-02
-5.944986641407012939e-02
-5.887429416179656982e-02
-5.829882621765136719e-02
-5.981360375881195068e-02
-6.937557458877563477e-02
-7.975457608699798584e-02
-9.013347327709197998e-02
-1.027445346117019653e-01
-1.168061494827270508e-01
-1.242364645004272461e-01
-1.307055950164794922e-01
-1.390884965658187866e-01
-1.478898525238037109e-01
-1.571964025497436523e-01
-1.671300679445266724e-01
-1.758156716823577881e-01
-1.838300824165344238e-01
-1.855731010437011719e-01
-1.816322058439254761e-01
-1.724136322736740112e-01
-1.651353836059570312e-01
-1.557731032371520996e-01
-1.461328566074371338e-01
-1.382797658443450928e-01
-1.304267942905426025e-01
-1.225737333297729492e-01
-1.221493035554885864e-01
-1.354547590017318726e-01
-1.445745378732681274e-01
-1.438914835453033447e-01
-1.427851319313049316e-01
-1.416703760623931885e-01
-1.404660046100616455e-01
-1.388723254203796387e-01
-1.372119486331939697e-01
-1.356352567672729492e-01
-1.265261769294738770e-01
-1.153272390365600586e-01
-1.040567159652709961e-01
-9.323653578758239746e-02
-8.251717686653137207e-02
-7.179769873619079590e-02
-6.107839941978454590e-02
-5.059942603111267090e-02
-4.049578309059143066e-02
-1.289103031158447266e-01
-1.335468590259552002e-01
-1.382107734680175781e-01
-1.442850530147552490e-01
-1.509972214698791504e-01
-1.577093601226806641e-01
-1.644213795661926270e-01
-1.709985136985778809e-01
-1.775060594081878662e-01
-1.840139031410217285e-01
-1.904618442058563232e-01
-1.924005448818206787e-01
-1.941427886486053467e-01
-1.963087022304534912e-01
-1.995702981948852539e-01
-2.015107870101928711e-01
-1.977223157882690430e-01
-1.941245794296264648e-01
-1.835342049598693848e-01
-1.714575290679931641e-01
-1.593414545059204102e-01
-1.459307372570037842e-01
-1.311616301536560059e-01
-1.137822866439819336e-01
-9.747794270515441895e-02
-8.117380738258361816e-02
-6.486949324607849121e-02
-5.195896327495574951e-02
-3.983516991138458252e-02
-3.022298216819763184e-02
-2.345755696296691895e-02
-2.582296729087829590e-02
-2.885200083255767822e-02
-3.107286989688873291e-02
-3.410774469375610352e-02
-4.060487449169158936e-02
-4.879578948020935059e-02
-5.740764737129211426e-02
-6.689026951789855957e-02
-7.705026865005493164e-02
-8.369687199592590332e-02
-8.065819740295410156e-02
-7.761929929256439209e-02
-7.492715120315551758e-02
-7.243177294731140137e-02
-7.038487493991851807e-02
-6.922374665737152100e-02
-6.913791596889495850e-02
-6.819307804107666016e-02
-6.440010666847229004e-02
-5.817130208015441895e-02
-5.755239725112915039e-02
-5.866122245788574219e-02
-5.895000696182250977e-02
-5.839711427688598633e-02
-5.831918120384216309e-02
-5.833230912685394287e-02
-6.292366981506347656e-02
-7.242159545421600342e-02
-8.392637968063354492e-02
-9.689313173294067383e-02
-1.121728271245956421e-01
-1.246486753225326538e-01
-1.358588784933090210e-01
-1.461429893970489502e-01
-1.568529754877090454e-01
-1.690602451562881470e-01
-1.808905750513076782e-01
-1.890539675951004028e-01
-1.874967068433761597e-01
-1.796383112668991089e-01
-1.716460138559341431e-01
-1.637925803661346436e-01
-1.554898619651794434e-01
-1.442308127880096436e-01
-1.292512565851211548e-01
-1.142541021108627319e-01
-1.018893718719482422e-01
-9.443166851997375488e-02
-8.395844697952270508e-02
-7.433238625526428223e-02
-7.056638598442077637e-02
-6.794081628322601318e-02
-6.730163097381591797e-02
-6.672605127096176147e-02
-6.615041196346282959e-02
-6.557486951351165771e-02
-6.949044764041900635e-02
-7.907168567180633545e-02
-8.945049345493316650e-02
-9.982949495315551758e-02
-1.127018779516220093e-01
-1.279346942901611328e-01
-1.374338120222091675e-01
-1.455760151147842407e-01
-1.541732996702194214e-01
-1.623894870281219482e-01
-1.685913354158401489e-01
-1.744188964366912842e-01
-1.816707551479339600e-01
-1.849198341369628906e-01
-1.826518028974533081e-01
-1.753686219453811646e-01
-1.654620617628097534e-01
-1.550053954124450684e-01
-1.463073641061782837e-01
-1.384829878807067871e-01
-1.306299269199371338e-01
-1.227767914533615112e-01
-1.149238646030426025e-01
-1.211666911840438843e-01
-1.335739791393280029e-01
-1.332712620496749878e-01
-1.329686492681503296e-01
-1.326000988483428955e-01
-1.314937770366668701e-01
-1.302011907100677490e-01
-1.282060742378234863e-01
-1.265816390514373779e-01
-1.250045597553253174e-01
-1.177397072315216064e-01
-1.077865362167358398e-01
-9.777763485908508301e-02
-8.713871240615844727e-02
-7.641923427581787109e-02
-6.569990515708923340e-02
-5.483344197273254395e-02
-4.467305541038513184e-02
-3.513309359550476074e-02
-1.211298406124114990e-01
-1.255750358104705811e-01
-1.298501193523406982e-01
-1.338759958744049072e-01
-1.385242640972137451e-01
-1.452362239360809326e-01
-1.519484221935272217e-01
-1.585316956043243408e-01
-1.650394499301910400e-01
-1.706276834011077881e-01
-1.745871901512145996e-01
-1.785459518432617188e-01
-1.822285056114196777e-01
-1.851725876331329346e-01
-1.840768456459045410e-01
-1.807215213775634766e-01
-1.798559725284576416e-01
-1.784370541572570801e-01
-1.699860095977783203e-01
-1.579056382179260254e-01
-1.457894742488861084e-01
-1.336731612682342529e-01
-1.215372681617736816e-01
-1.064744889736175537e-01
-9.039065241813659668e-02
-7.577009499073028564e-02
-6.376342475414276123e-02
-5.169077217578887939e-02
-4.021117091178894043e-02
-3.027796745300292969e-02
-2.296930551528930664e-02
-2.369454503059387207e-02
-2.624404430389404297e-02
-3.054881095886230469e-02
-3.659501671791076660e-02
-4.531173408031463623e-02
-5.496867001056671143e-02
-6.485088169574737549e-02
-7.450400292873382568e-02
-8.549651503562927246e-02
-9.737092256546020508e-02
-9.713524580001831055e-02
-9.524357318878173828e-02
-9.335213899612426758e-02
-9.146089851856231689e-02
-8.996056020259857178e-02
-8.857509493827819824e-02
-8.818523585796356201e-02
-8.389873802661895752e-02
-7.354903221130371094e-02
-6.354044377803802490e-02
-5.844776332378387451e-02
-5.712266266345977783e-02
-5.656993389129638672e-02
-5.638131499290466309e-02
-5.646640062332153320e-02
-5.623689293861389160e-02
-5.917578935623168945e-02
-6.779126822948455811e-02
-7.934710383415222168e-02
-8.964228630065917969e-02
-1.015539169311523438e-01
-1.138236224651336670e-01
-1.264908611774444580e-01
-1.413443833589553833e-01
-1.540207564830780029e-01
-1.669160872697830200e-01
-1.805285811424255371e-01
-1.901305317878723145e-01
-1.952921450138092041e-01
-1.902149021625518799e-01
-1.825717538595199585e-01
-1.754827797412872314e-01
-1.660734564065933228e-01
-1.538004428148269653e-01
-1.398118138313293457e-01
-1.255277693271636963e-01
-1.108366101980209351e-01
-1.031996011734008789e-01
-9.300003945827484131e-02
-8.182209730148315430e-02
-7.572884112596511841e-02
-7.515333592891693115e-02
-7.457770407199859619e-02
-7.400209456682205200e-02
-7.342652231454849243e-02
-7.391052693128585815e-02
-7.988840341567993164e-02
-8.825151622295379639e-02
-9.779891371726989746e-02
-1.072846651077270508e-01
-1.195199787616729736e-01
-1.346359401941299438e-01
-1.467135399580001831e-01
-1.545018404722213745e-01
-1.590515375137329102e-01
-1.640586107969284058e-01
-1.683609485626220703e-01
-1.749598234891891479e-01
-1.806914657354354858e-01
-1.789738982915878296e-01
-1.761737167835235596e-01
-1.680164635181427002e-01
-1.581521779298782349e-01
-1.444542557001113892e-01
-1.386860609054565430e-01
-1.308331787586212158e-01
-1.229800134897232056e-01
-1.151270270347595215e-01
-1.085392683744430542e-01
-1.195843219757080078e-01
-1.221447885036468506e-01
-1.218420416116714478e-01
-1.215393990278244019e-01
-1.212364882230758667e-01
-1.209338307380676270e-01
-1.195347607135772705e-01
-1.175398528575897217e-01
-1.160252988338470459e-01
-1.158400774002075195e-01
-1.118965148925781250e-01
-1.021750271320343018e-01
-9.176036715507507324e-02
-8.104082942008972168e-02
-7.086443901062011719e-02
-6.127211451530456543e-02
-5.105957388877868652e-02
-4.143366217613220215e-02
-3.517058491706848145e-02
-1.141887009143829346e-01
-1.181909739971160889e-01
-1.217391788959503174e-01
-1.257655918598175049e-01
-1.297918260097503662e-01
-1.338181793689727783e-01
-1.397112905979156494e-01
-1.461228728294372559e-01
-1.505382359027862549e-01
-1.544971168041229248e-01
-1.584563255310058594e-01
-1.628111004829406738e-01
-1.672387123107910156e-01
-1.649630963802337646e-01
-1.645253598690032959e-01
-1.637423336505889893e-01
-1.632435619831085205e-01
-1.619912087917327881e-01
-1.564379036426544189e-01
-1.443536877632141113e-01
-1.322374641895294189e-01
-1.201214194297790527e-01
-1.080054044723510742e-01
-9.363701939582824707e-02
-8.130873739719390869e-02
-7.142405211925506592e-02
-6.228266656398773193e-02
-5.121645331382751465e-02
-3.981876373291015625e-02
-2.931308746337890625e-02
-2.243360877037048340e-02
-2.344501018524169922e-02
-3.033822774887084961e-02
-3.745640814304351807e-02
-4.461970925331115723e-02
-5.401572585105895996e-02
-6.472733616828918457e-02
-7.555975019931793213e-02
-8.631987869739532471e-02
-9.867061674594879150e-02
-1.113789677619934082e-01
-1.177133619785308838e-01
-1.158220469951629639e-01
-1.139305531978607178e-01
-1.124522984027862549e-01
-1.112231910228729248e-01
-1.092815250158309937e-01
-1.072311699390411377e-01
-9.685629606246948242e-02
-8.510634303092956543e-02
-7.143202424049377441e-02
-6.113009154796600342e-02
-5.632704496383666992e-02
-5.468527972698211670e-02
-5.452850461006164551e-02
-5.461364984512329102e-02
-5.427940189838409424e-02
-5.567768216133117676e-02
-6.269285082817077637e-02
-7.148329913616180420e-02
-8.163617551326751709e-02
-9.220464527606964111e-02
-1.042276173830032349e-01
-1.213877350091934204e-01
-1.378199905157089233e-01
-1.519773006439208984e-01
-1.651167422533035278e-01
-1.784527450799942017e-01
-1.901817023754119873e-01
-1.975547373294830322e-01
-1.995483636856079102e-01
-1.931274533271789551e-01
-1.841602772474288940e-01
-1.738900989294052124e-01
-1.599464416503906250e-01
-1.460026502609252930e-01
-1.315790563821792603e-01
-1.170269697904586792e-01
-1.065659075975418091e-01
-9.894979000091552734e-02
-9.000462293624877930e-02
-8.299232274293899536e-02
-8.007683604955673218e-02
-7.884165644645690918e-02
-7.737287133932113647e-02
-7.670039683580398560e-02
-7.788585871458053589e-02
-8.445265889167785645e-02
-9.173752367496490479e-02
-1.004712879657745361e-01
-1.096528917551040649e-01
-1.225512772798538208e-01
-1.376716196537017822e-01
-1.496380120515823364e-01
-1.547005325555801392e-01
-1.581784039735794067e-01
-1.624523550271987915e-01
-1.682485640048980713e-01
-1.736016571521759033e-01
-1.752867847681045532e-01
-1.724957376718521118e-01
-1.696956008672714233e-01
-1.606641262769699097e-01
-1.501397490501403809e-01
-1.370070576667785645e-01
-1.310363858938217163e-01
-1.231833100318908691e-01
-1.153302788734436035e-01
-1.074772477149963379e-01
-1.049564480781555176e-01
-1.110182106494903564e-01
-1.107156872749328613e-01
-1.104130744934082031e-01
-1.101100444793701172e-01
-1.098074018955230713e-01
-1.091432869434356689e-01
-1.082583367824554443e-01
-1.085716485977172852e-01
-1.084838807582855225e-01
-1.083842813968658447e-01
-1.062850356101989746e-01
-9.668096899986267090e-02
-8.708846569061279297e-02
-7.749620079994201660e-02
-6.790378689765930176e-02
-5.843004584312438965e-02
-5.148676037788391113e-02
-4.471310973167419434e-02
-3.846713900566101074e-02
-1.111533939838409424e-01
-1.132305264472961426e-01
-1.149607896804809570e-01
-1.184251010417938232e-01
-1.220341920852661133e-01
-1.258020401000976562e-01
-1.291330456733703613e-01
-1.311052739620208740e-01
-1.348866522312164307e-01
-1.386882364749908447e-01
-1.438924968242645264e-01
-1.449628770351409912e-01
-1.422741711139678955e-01
-1.424024701118469238e-01
-1.439718604087829590e-01
-1.456107795238494873e-01
-1.470444798469543457e-01
-1.455456316471099854e-01
-1.424886882305145264e-01
-1.308019161224365234e-01
-1.186854839324951172e-01
-1.065696477890014648e-01
-9.445339441299438477e-02
-8.451306819915771484e-02
-7.392847537994384766e-02
-6.334391236305236816e-02
-5.337193608283996582e-02
-4.549743235111236572e-02
-3.888359665870666504e-02
-3.151541948318481445e-02
-2.739077806472778320e-02
-3.226822614669799805e-02
-4.073779284954071045e-02
-4.962250590324401855e-02
-5.851387977600097656e-02
-6.903389096260070801e-02
-7.955390214920043945e-02
-8.975836634635925293e-02
-1.011183708906173706e-01
-1.134068667888641357e-01
-1.263425350189208984e-01
-1.386744379997253418e-01
-1.383589804172515869e-01
-1.371297836303710938e-01
-1.352806091308593750e-01
-1.323943883180618286e-01
-1.295081377029418945e-01
-1.206903904676437378e-01
-1.070348322391510010e-01
-9.373241662979125977e-02
-8.000281453132629395e-02
-6.676395237445831299e-02
-5.936083197593688965e-02
-5.642451345920562744e-02
-5.415114760398864746e-02
-5.360628664493560791e-02
-5.317161977291107178e-02
-5.120706558227539062e-02
-5.542221665382385254e-02
-6.289893388748168945e-02
-7.346746325492858887e-02
-8.417896926403045654e-02
-1.002870500087738037e-01
-1.172172725200653076e-01
-1.353288590908050537e-01
-1.496831774711608887e-01
-1.628272980451583862e-01
-1.761633604764938354e-01
-1.889462321996688843e-01
-1.986385434865951538e-01
-2.044651359319686890e-01
-2.020580768585205078e-01
-1.914516091346740723e-01
-1.786454319953918457e-01
-1.640950739383697510e-01
-1.492581963539123535e-01
-1.337048262357711792e-01
-1.173343956470489502e-01
-1.031686216592788696e-01
-9.764151275157928467e-02
-8.995169401168823242e-02
-8.100029826164245605e-02
-7.533925771713256836e-02
-7.467540353536605835e-02
-7.502640783786773682e-02
-7.566739618778228760e-02
-7.993994653224945068e-02
-8.762417733669281006e-02
-9.522768855094909668e-02
-1.031859964132308960e-01
-1.106542050838470459e-01
-1.211971640586853027e-01
-1.339741796255111694e-01
-1.460792720317840576e-01
-1.523490548133850098e-01
-1.565435230731964111e-01
-1.607555896043777466e-01
-1.657496392726898193e-01
-1.705094724893569946e-01
-1.688178628683090210e-01
-1.660176813602447510e-01
-1.631760746240615845e-01
-1.533105373382568359e-01
-1.440083235502243042e-01
-1.321557164192199707e-01
-1.233864575624465942e-01
-1.155335456132888794e-01
-1.076804548501968384e-01
-9.854751825332641602e-02
-9.989200532436370850e-02
-9.958916902542114258e-02
-9.928642213344573975e-02
-9.898374974727630615e-02
-9.868086874485015869e-02
-9.871852397918701172e-02
-9.910249710083007812e-02
-9.948623180389404297e-02
-9.987208247184753418e-02
-1.006314158439636230e-01
-1.021109819412231445e-01
-1.029829084873199463e-01
-9.372043609619140625e-02
-8.412799239158630371e-02
-7.540354132652282715e-02
-6.875801086425781250e-02
-6.183257699012756348e-02
-5.490669608116149902e-02
-4.801246523857116699e-02
-4.176345467567443848e-02
-1.081382036209106445e-01
-1.100044548511505127e-01
-1.117169857025146484e-01
-1.134293377399444580e-01
-1.151571571826934814e-01
-1.169053912162780762e-01
-1.180977821350097656e-01
-1.192067563533782959e-01
-1.206353008747100830e-01
-1.247353851795196533e-01
-1.231038272380828857e-01
-1.216329634189605713e-01
-1.214545965194702148e-01
-1.217034161090850830e-01
-1.230971515178680420e-01
-1.247251927852630615e-01
-1.274174153804779053e-01
-1.278986632823944092e-01
-1.260271072387695312e-01
-1.172498464584350586e-01
-1.051337122917175293e-01
-9.459710121154785156e-02
-8.671259880065917969e-02
-7.719403505325317383e-02
-6.668704748153686523e-02
-5.748976767063140869e-02
-4.957380890846252441e-02
-4.240158200263977051e-02
-3.694975376129150391e-02
-3.715917468070983887e-02
-3.982675075531005859e-02
-4.520845413208007812e-02
-5.415791273117065430e-02
-6.282946467399597168e-02
-7.276469469070434570e-02
-8.410799503326416016e-02
-9.558324515819549561e-02
-1.067986786365509033e-01
-1.194964349269866943e-01
-1.313977092504501343e-01
-1.441048532724380493e-01
-1.570592820644378662e-01
-1.616626977920532227e-01
-1.583935320377349854e-01
-1.555072516202926636e-01
-1.524645537137985229e-01
-1.428454369306564331e-01
-1.306106299161911011e-01
-1.166361272335052490e-01
-1.028673648834228516e-01
-8.877380192279815674e-02
-7.547207176685333252e-02
-6.630204617977142334e-02
-6.206727027893066406e-02
-5.863963067531585693e-02
-5.373191833496093750e-02
-4.826423525810241699e-02
-4.514890909194946289e-02
-4.684278368949890137e-02
-5.473032593727111816e-02
-6.546725332736968994e-02
-8.089409768581390381e-02
-9.792149066925048828e-02
-1.150316894054412842e-01
-1.309231668710708618e-01
-1.454879045486450195e-01
-1.585897505283355713e-01
-1.711429357528686523e-01
-1.837449222803115845e-01
-1.936182379722595215e-01
-1.997012495994567871e-01
-2.004303485155105591e-01
-1.928912699222564697e-01
-1.780543774366378784e-01
-1.632174998521804810e-01
-1.485988199710845947e-01
-1.322534233331680298e-01
-1.172067075967788696e-01
-1.023398190736770630e-01
-9.536732733249664307e-02
-8.891189098358154297e-02
-8.016794174909591675e-02
-7.290037721395492554e-02
-6.997826695442199707e-02
-7.039071619510650635e-02
-7.186353206634521484e-02
-7.819401472806930542e-02
-8.615517616271972656e-02
-9.151217341423034668e-02
-9.590546786785125732e-02
-1.027402430772781372e-01
-1.136516332626342773e-01
-1.273328810930252075e-01
-1.410142034292221069e-01
-1.500479280948638916e-01
-1.533325314521789551e-01
-1.578976958990097046e-01
-1.630937904119491577e-01
-1.651399731636047363e-01
-1.623397916555404663e-01
-1.595395803451538086e-01
-1.558239459991455078e-01
-1.459647864103317261e-01
-1.389462500810623169e-01
-1.273045241832733154e-01
-1.157366782426834106e-01
-1.078835427761077881e-01
-9.841062128543853760e-02
-8.892095088958740234e-02
-8.846259117126464844e-02
-8.815993368625640869e-02
-8.785711228847503662e-02
-8.820343017578125000e-02
-8.937793970108032227e-02
-8.994625508785247803e-02
-9.033006429672241211e-02
-9.165295958518981934e-02
-9.323790669441223145e-02
-9.506878256797790527e-02
-9.689971804618835449e-02
-9.849184751510620117e-02
-9.191158413887023926e-02
-8.555892109870910645e-02
-7.910373806953430176e-02
-7.217806577682495117e-02
-6.525257229804992676e-02
-5.832687020301818848e-02
-5.140110850334167480e-02
-4.505971074104309082e-02
-1.050660014152526855e-01
-1.067783236503601074e-01
-1.084912121295928955e-01
-1.099210381507873535e-01
-1.090847551822662354e-01
-1.082489788532257080e-01
-1.074441969394683838e-01
-1.098029613494873047e-01
-1.097691059112548828e-01
-1.040484905242919922e-01
-1.016731262207031250e-01
-1.013585329055786133e-01
-1.013109683990478516e-01
-1.015395522117614746e-01
-1.028099656105041504e-01
-1.042742729187011719e-01
-1.072682142257690430e-01
-1.073346734046936035e-01
-1.063162386417388916e-01
-1.027355790138244629e-01
-9.519967436790466309e-02
-8.805349469184875488e-02
-8.246806263923645020e-02
-7.628118991851806641e-02
-6.881114840507507324e-02
-6.134133040904998779e-02
-5.387115478515625000e-02
-4.655331373214721680e-02
-4.230841994285583496e-02
-4.082745313644409180e-02
-4.258918762207031250e-02
-5.128934979438781738e-02
-6.555330753326416016e-02
-7.695829868316650391e-02
-8.900488913059234619e-02
-1.008174419403076172e-01
-1.126300692558288574e-01
-1.245013475418090820e-01
-1.383890807628631592e-01
-1.510513722896575928e-01
-1.632227450609207153e-01
-1.731261014938354492e-01
-1.821551620960235596e-01
-1.794708967208862305e-01
-1.740217655897140503e-01
-1.649179160594940186e-01
-1.531995981931686401e-01
-1.408777683973312378e-01
-1.270639002323150635e-01
-1.136330664157867432e-01
-9.987592697143554688e-02
-8.667807281017303467e-02
-7.449187338352203369e-02
-6.755349040031433105e-02
-6.081910431385040283e-02
-5.346126854419708252e-02
-4.549393057823181152e-02
-3.770206868648529053e-02
-3.702825307846069336e-02
-4.410819709300994873e-02
-5.796070396900177002e-02
-7.393743097782135010e-02
-9.120208024978637695e-02
-1.073716431856155396e-01
-1.230280399322509766e-01
-1.361341923475265503e-01
-1.494332700967788696e-01
-1.621094048023223877e-01
-1.746643632650375366e-01
-1.856921762228012085e-01
-1.916682273149490356e-01
-1.935800909996032715e-01
-1.897590160369873047e-01
-1.771768480539321899e-01
-1.628884673118591309e-01
-1.479885429143905640e-01
-1.331216245889663696e-01
-1.182548403739929199e-01
-1.033880263566970825e-01
-9.249933063983917236e-02
-8.698542416095733643e-02
-7.912807166576385498e-02
-7.129408419132232666e-02
-6.650555878877639771e-02
-6.596070528030395508e-02
-6.855247169733047485e-02
-7.294456660747528076e-02
-7.723447680473327637e-02
-8.015817403793334961e-02
-8.449421823024749756e-02
-9.057140350341796875e-02
-1.024396121501922607e-01
-1.163976192474365234e-01
-1.292622238397598267e-01
-1.408582031726837158e-01
-1.466134786605834961e-01
-1.528452783823013306e-01
-1.587596833705902100e-01
-1.578534245491027832e-01
-1.558122783899307251e-01
-1.530614346265792847e-01
-1.482543200254440308e-01
-1.409025490283966064e-01
-1.338841766119003296e-01
-1.224531531333923340e-01
-1.086863875389099121e-01
-9.827378392219543457e-02
-8.785662055015563965e-02
-7.744166254997253418e-02
-7.703353464603424072e-02
-7.759980857372283936e-02
-7.877424359321594238e-02
-7.994911074638366699e-02
-8.148513734340667725e-02
-8.299610018730163574e-02
-8.450692892074584961e-02
-8.601769804954528809e-02
-8.765929937362670898e-02
-8.950626850128173828e-02
-9.264445304870605469e-02
-9.718307852745056152e-02
-9.522044658660888672e-02
-8.944946527481079102e-02
-8.252403140068054199e-02
-7.559815049171447754e-02
-6.867256760597229004e-02
-6.174686551094055176e-02
-5.482104420661926270e-02
-4.821375012397766113e-02
-1.042375862598419189e-01
-1.045119762420654297e-01
-1.038673818111419678e-01
-1.030314266681671143e-01
-1.021952927112579346e-01
-1.017901003360748291e-01
-1.028150916099548340e-01
-9.750962257385253906e-02
-9.086120128631591797e-02
-8.788406848907470703e-02
-8.523049950599670410e-02
-8.264419436454772949e-02
-8.205020427703857422e-02
-8.211213350296020508e-02
-8.300137519836425781e-02
-8.508962392807006836e-02
-8.850401639938354492e-02
-8.911359310150146484e-02
-8.980354666709899902e-02
-9.491682052612304688e-02
-9.322875738143920898e-02
-9.053364396095275879e-02
-8.648714423179626465e-02
-8.057862520217895508e-02
-7.310864329338073730e-02
-6.563849747180938721e-02
-5.955889821052551270e-02
-5.568525195121765137e-02
-5.208370089530944824e-02
-4.989121854305267334e-02
-4.823431372642517090e-02
-5.562746524810791016e-02
-7.012194395065307617e-02
-8.471354842185974121e-02
-1.015408635139465332e-01
-1.163365244865417480e-01
-1.293504983186721802e-01
-1.417769193649291992e-01
-1.558683514595031738e-01
-1.675042510032653809e-01
-1.789501756429672241e-01
-1.899555772542953491e-01
-1.990133970975875854e-01
-1.971456408500671387e-01
-1.887238323688507080e-01
-1.775474399328231812e-01
-1.651934534311294556e-01
-1.519285440444946289e-01
-1.372357308864593506e-01
-1.232320070266723633e-01
-1.094369292259216309e-01
-9.531544148921966553e-02
-7.829071581363677979e-02
-6.550058722496032715e-02
-5.744327604770660400e-02
-4.880185425281524658e-02
-3.896676003932952881e-02
-3.013610839843750000e-02
-2.677153050899505615e-02
-3.362886607646942139e-02
-4.831923544406890869e-02
-6.512697041034698486e-02
-8.227841556072235107e-02
-9.841807186603546143e-02
-1.148707419633865356e-01
-1.283586919307708740e-01
-1.406261771917343140e-01
-1.529869735240936279e-01
-1.654731631278991699e-01
-1.759472340345382690e-01
-1.818989068269729614e-01
-1.849721968173980713e-01
-1.829948425292968750e-01
-1.761574447154998779e-01
-1.635582596063613892e-01
-1.490366160869598389e-01
-1.341697275638580322e-01
-1.193029135465621948e-01
-1.044360697269439697e-01
-9.059441089630126953e-02
-8.476565778255462646e-02
-7.883594930171966553e-02
-7.093729078769683838e-02
-6.409804522991180420e-02
-5.757842957973480225e-02
-5.835995823144912720e-02
-6.157204508781433105e-02
-6.474571675062179565e-02
-6.862212717533111572e-02
-7.334859669208526611e-02
-7.909934967756271362e-02
-9.080258011817932129e-02
-1.027561426162719727e-01
-1.161468476057052612e-01
-1.292046010494232178e-01
-1.381808966398239136e-01
-1.444677710533142090e-01
-1.478350907564163208e-01
-1.461372971534729004e-01
-1.443728357553482056e-01
-1.426082849502563477e-01
-1.399198919534683228e-01
-1.338282674551010132e-01
-1.275688260793685913e-01
-1.171057075262069702e-01
-1.014201045036315918e-01
-8.771970868110656738e-02
-7.558542490005493164e-02
-6.699621677398681641e-02
-6.817100942134857178e-02
-6.979672610759735107e-02
-7.209822535514831543e-02
-7.433925569057464600e-02
-7.584999501705169678e-02
-7.736091315746307373e-02
-7.887169718742370605e-02
-8.038255572319030762e-02
-8.377918601036071777e-02
-8.886584639549255371e-02
-9.359297156333923340e-02
-9.798735380172729492e-02
-9.786909818649291992e-02
-9.189900755882263184e-02
-8.577683568000793457e-02
-7.910230755805969238e-02
-7.234570384025573730e-02
-6.558910012245178223e-02
-5.878916382789611816e-02
-4.946383833885192871e-02
-1.036228537559509277e-01
-1.015725433826446533e-01
-9.929817914962768555e-02
-9.704172611236572266e-02
-9.678381681442260742e-02
-9.655568003654479980e-02
-8.906236290931701660e-02
-8.391267061233520508e-02
-7.884201407432556152e-02
-7.420033216476440430e-02
-7.006981968879699707e-02
-6.823924183845520020e-02
-6.645429134368896484e-02
-6.557938456535339355e-02
-6.757038831710815430e-02
-7.105171680450439453e-02
-7.645636796951293945e-02
-8.138802647590637207e-02
-8.718362450599670410e-02
-9.265530109405517578e-02
-9.365189075469970703e-02
-9.092080593109130859e-02
-8.838289976119995117e-02
-8.543100953102111816e-02
-7.895293831825256348e-02
-7.467979192733764648e-02
-7.110343873500823975e-02
-6.705194711685180664e-02
-6.346398591995239258e-02
-6.072536110877990723e-02
-5.819931626319885254e-02
-6.115503609180450439e-02
-7.445989549160003662e-02
-8.963820338249206543e-02
-1.063871830701828003e-01
-1.235502660274505615e-01
-1.404981464147567749e-01
-1.554476022720336914e-01
-1.699055880308151245e-01
-1.812404394149780273e-01
-1.911083608865737915e-01
-2.004123479127883911e-01
-2.096007168292999268e-01
-2.131368219852447510e-01
-2.013351619243621826e-01
-1.869509965181350708e-01
-1.731615960597991943e-01
-1.590439230203628540e-01
-1.436358392238616943e-01
-1.287748515605926514e-01
-1.119621843099594116e-01
-9.488599002361297607e-02
-7.780973613262176514e-02
-6.242714822292327881e-02
-5.197452008724212646e-02
-4.196342825889587402e-02
-3.247182071208953857e-02
-2.362181246280670166e-02
-2.221196889877319336e-02
-2.936419844627380371e-02
-4.193121194839477539e-02
-5.694407224655151367e-02
-7.335469126701354980e-02
-9.011833369731903076e-02
-1.068895459175109863e-01
-1.207875162363052368e-01
-1.335185021162033081e-01
-1.443036943674087524e-01
-1.551962643861770630e-01
-1.651602834463119507e-01
-1.718944311141967773e-01
-1.740242391824722290e-01
-1.746238619089126587e-01
-1.728994995355606079e-01
-1.648656725883483887e-01
-1.500847339630126953e-01
-1.352178603410720825e-01
-1.203510016202926636e-01
-1.054842025041580200e-01
-9.061738848686218262e-02
-8.294491469860076904e-02
-7.682646811008453369e-02
-6.578275561332702637e-02
-5.385290086269378662e-02
-4.676878452301025391e-02
-4.551385343074798584e-02
-4.929625242948532104e-02
-5.302090942859649658e-02
-5.747656524181365967e-02
-6.220299005508422852e-02
-6.656634807586669922e-02
-7.653061300516128540e-02
-8.938591182231903076e-02
-1.030498743057250977e-01
-1.183380335569381714e-01
-1.293545961380004883e-01
-1.360903531312942505e-01
-1.357020735740661621e-01
-1.339376121759414673e-01
-1.321731358766555786e-01
-1.315930932760238647e-01
-1.291361600160598755e-01
-1.231535077095031738e-01
-1.170949190855026245e-01
-1.045217514038085938e-01
-8.903799951076507568e-02
-7.499329745769500732e-02
-5.964499711990356445e-02
-5.837854743003845215e-02
-6.143929064273834229e-02
-6.449979543685913086e-02
-6.698089838027954102e-02
-6.870412826538085938e-02
-7.021503150463104248e-02
-7.172569632530212402e-02
-7.523947954177856445e-02
-7.997080683708190918e-02
-8.494305610656738281e-02
-8.990550041198730469e-02
-9.481805562973022461e-02
-9.916570782661437988e-02
-1.007397174835205078e-01
-9.506922960281372070e-02
-8.987697958946228027e-02
-8.468484878540039062e-02
-7.929691672325134277e-02
-7.260915637016296387e-02
-6.463035941123962402e-02
-5.516228079795837402e-02
-9.912639856338500977e-02
-9.748244285583496094e-02
-9.565711021423339844e-02
-9.545898437500000000e-02
-9.031444787979125977e-02
-8.256247639656066895e-02
-7.782274484634399414e-02
-7.369422912597656250e-02
-6.975752115249633789e-02
-6.626322865486145020e-02
-6.285780668258666992e-02
-5.958056449890136719e-02
-5.656936764717102051e-02
-5.716687440872192383e-02
-5.841717123985290527e-02
-6.362694501876831055e-02
-7.299032807350158691e-02
-7.982048392295837402e-02
-8.594423532485961914e-02
-9.207466244697570801e-02
-9.654805064201354980e-02
-9.422075748443603516e-02
-9.189327061176300049e-02
-8.945348858833312988e-02
-8.799359202384948730e-02
-8.645609021186828613e-02
-8.294773101806640625e-02
-7.851356267929077148e-02
-7.475571334362030029e-02
-7.155948877334594727e-02
-6.865450739860534668e-02
-6.904591619968414307e-02
-7.942830026149749756e-02
-9.286138415336608887e-02
-1.089677512645721436e-01
-1.238044053316116333e-01
-1.389927417039871216e-01
-1.561589241027832031e-01
-1.728834807872772217e-01
-1.854861378669738770e-01
-1.967836618423461914e-01
-2.061254084110260010e-01
-2.137577831745147705e-01
-2.168163955211639404e-01
-2.090811431407928467e-01
-1.954127997159957886e-01
-1.818479150533676147e-01
-1.658587455749511719e-01
-1.478262841701507568e-01
-1.295922994613647461e-01
-1.121091991662979126e-01
-9.462630748748779297e-02
-7.732877135276794434e-02
-5.894716084003448486e-02
-4.598423838615417480e-02
-3.643591701984405518e-02
-2.709208428859710693e-02
-2.047076821327209473e-02
-2.069546282291412354e-02
-2.809651196002960205e-02
-3.930865228176116943e-02
-5.230754613876342773e-02
-6.676252186298370361e-02
-8.235955238342285156e-02
-9.901167452335357666e-02
-1.131919324398040771e-01
-1.259265691041946411e-01
-1.365217864513397217e-01
-1.453264802694320679e-01
-1.537032425403594971e-01
-1.618507206439971924e-01
-1.650725603103637695e-01
-1.666921079158782959e-01
-1.666246354579925537e-01
-1.624425947666168213e-01
-1.511328667402267456e-01
-1.362659335136413574e-01
-1.213991045951843262e-01
-1.065323054790496826e-01
-9.032696485519409180e-02
-7.631051540374755859e-02
-6.600880622863769531e-02
-5.567049980163574219e-02
-4.378128796815872192e-02
-3.534471988677978516e-02
-3.383800387382507324e-02
-3.719933331012725830e-02
-4.154846072196960449e-02
-4.565685987472534180e-02
-4.895497858524322510e-02
-5.310498178005218506e-02
-6.324109435081481934e-02
-7.628890126943588257e-02
-9.076309204101562500e-02
-1.067755371332168579e-01
-1.205282211303710938e-01
-1.250853985548019409e-01
-1.235024034976959229e-01
-1.217380315065383911e-01
-1.205972731113433838e-01
-1.216835975646972656e-01
-1.183526217937469482e-01
-1.119539141654968262e-01
-1.035290360450744629e-01
-9.254074096679687500e-02
-7.953779399394989014e-02
-5.932106077671051025e-02
-4.515691101551055908e-02
-4.782760143280029297e-02
-5.116477608680725098e-02
-5.450202524662017822e-02
-5.753375589847564697e-02
-6.008046865463256836e-02
-6.503918766975402832e-02
-7.145984470844268799e-02
-7.790076732635498047e-02
-8.425980806350708008e-02
-9.005576372146606445e-02
-9.582760930061340332e-02
-1.013654768466949463e-01
-1.062562763690948486e-01
-1.101288497447967529e-01
-1.050576865673065186e-01
-1.000795662403106689e-01
-9.484130144119262695e-02
-8.878228068351745605e-02
-8.272328972816467285e-02
-7.352045178413391113e-02
-6.415608525276184082e-02
-9.514838457107543945e-02
-9.575465321540832520e-02
-9.598317742347717285e-02
-8.856460452079772949e-02
-8.265075087547302246e-02
-7.755798101425170898e-02
-7.273188233375549316e-02
-6.796920299530029297e-02
-6.382924318313598633e-02
-6.061935424804687500e-02
-5.923238396644592285e-02
-5.784550309181213379e-02
-5.645838379859924316e-02
-5.509760975837707520e-02
-5.697059631347656250e-02
-6.529697775840759277e-02
-7.338270545005798340e-02
-8.087515830993652344e-02
-8.716073632240295410e-02
-9.328722953796386719e-02
-9.904977679252624512e-02
-9.841698408126831055e-02
-9.740807116031646729e-02
-9.739115834236145020e-02
-9.524089097976684570e-02
-9.295879304409027100e-02
-9.047663211822509766e-02
-8.768114447593688965e-02
-8.282789587974548340e-02
-7.878425717353820801e-02
-7.500737905502319336e-02
-7.326801121234893799e-02
-8.301116526126861572e-02
-9.326103329658508301e-02
-1.053272187709808350e-01
-1.200045645236968994e-01
-1.344460994005203247e-01
-1.499412357807159424e-01
-1.655670702457427979e-01
-1.798461675643920898e-01
-1.941058635711669922e-01
-2.064262032508850098e-01
-2.125086188316345215e-01
-2.163749039173126221e-01
-2.144242227077484131e-01
-2.016340792179107666e-01
-1.883348524570465088e-01
-1.705217808485031128e-01
-1.518771648406982422e-01
-1.319535672664642334e-01
-1.128709167242050171e-01
-9.473049640655517578e-02
-7.570281624794006348e-02
-5.694735050201416016e-02
-4.134380817413330078e-02
-3.128379583358764648e-02
-2.276439964771270752e-02
-2.010607719421386719e-02
-2.131381630897521973e-02
-2.744902670383453369e-02
-3.751468658447265625e-02
-5.072729289531707764e-02
-6.484408676624298096e-02
-7.803766429424285889e-02
-9.237712621688842773e-02
-1.055158227682113647e-01
-1.181371510028839111e-01
-1.278480589389801025e-01
-1.361147910356521606e-01
-1.448239833116531372e-01
-1.526693403720855713e-01
-1.560613363981246948e-01
-1.573517918586730957e-01
-1.586139202117919922e-01
-1.569401919841766357e-01
-1.502238214015960693e-01
-1.372130960226058960e-01
-1.196001321077346802e-01
-1.017500609159469604e-01
-8.296181261539459229e-02
-6.506712734699249268e-02
-5.449528992176055908e-02
-4.405869543552398682e-02
-3.432109951972961426e-02
-2.582144737243652344e-02
-2.454123646020889282e-02
-2.506836503744125366e-02
-2.821241319179534912e-02
-3.129075467586517334e-02
-3.551335632801055908e-02
-4.022556543350219727e-02
-5.064887553453445435e-02
-6.349342316389083862e-02
-7.920068502426147461e-02
-9.521305561065673828e-02
-1.102063208818435669e-01
-1.129751354455947876e-01
-1.113027930259704590e-01
-1.095385402441024780e-01
-1.106929630041122437e-01
-1.117742061614990234e-01
-1.070852875709533691e-01
-1.008630543947219849e-01
-9.492053091526031494e-02
-8.544178307056427002e-02
-7.079830765724182129e-02
-4.605653882026672363e-02
-3.607794642448425293e-02
-4.034529626369476318e-02
-4.461264610290527344e-02
-4.892607033252716064e-02
-5.489441752433776855e-02
-6.160475313663482666e-02
-6.851817667484283447e-02
-7.550279796123504639e-02
-8.248698711395263672e-02
-8.940517902374267578e-02
-9.628251194953918457e-02
-1.032120287418365479e-01
-1.095320880413055420e-01
-1.152498722076416016e-01
-1.211098134517669678e-01
-1.181860268115997314e-01
-1.127569079399108887e-01
-1.071550548076629639e-01
-1.015533804893493652e-01
-9.428879618644714355e-02
-8.608213067054748535e-02
-7.584241032600402832e-02
-9.457656741142272949e-02
-9.432590007781982422e-02
-8.869621157646179199e-02
-8.412024378776550293e-02
-7.898274064064025879e-02
-7.437685132026672363e-02
-7.007819414138793945e-02
-6.724399328231811523e-02
-6.427872180938720703e-02
-6.162691116333007812e-02
-6.025066971778869629e-02
-5.952581763267517090e-02
-5.880093574523925781e-02
-6.116288900375366211e-02
-6.552448868751525879e-02
-7.146728038787841797e-02
-7.644563913345336914e-02
-8.092388510704040527e-02
-8.600068092346191406e-02
-9.163695573806762695e-02
-9.727156162261962891e-02
-1.016302108764648438e-01
-1.016506254673004150e-01
-1.014513671398162842e-01
-9.894791245460510254e-02
-9.625893831253051758e-02
-9.316506981849670410e-02
-8.975964784622192383e-02
-8.595657348632812500e-02
-8.353856205940246582e-02
-7.986754179000854492e-02
-7.565030455589294434e-02
-8.409500122070312500e-02
-9.471997618675231934e-02
-1.048106849193572998e-01
-1.139836609363555908e-01
-1.269889771938323975e-01
-1.425826549530029297e-01
-1.582083255052566528e-01
-1.725489050149917603e-01
-1.868053376674652100e-01
-1.954490095376968384e-01
-2.038703858852386475e-01
-2.111158072948455811e-01
-2.158640325069427490e-01
-2.041918039321899414e-01
-1.887008398771286011e-01
-1.717003583908081055e-01
-1.541951596736907959e-01
-1.357143521308898926e-01
-1.161101609468460083e-01
-9.541811048984527588e-02
-7.499520480632781982e-02
-5.640171468257904053e-02
-3.875921666622161865e-02
-2.646216750144958496e-02
-2.188751101493835449e-02
-2.124433219432830811e-02
-2.258194983005523682e-02
-2.750477194786071777e-02
-3.652705252170562744e-02
-5.008904635906219482e-02
-6.398652493953704834e-02
-7.697235047817230225e-02
-8.978258073329925537e-02
-1.007774770259857178e-01
-1.097515821456909180e-01
-1.194383949041366577e-01
-1.291435062885284424e-01
-1.386357545852661133e-01
-1.435870230197906494e-01
-1.461917757987976074e-01
-1.480116248130798340e-01
-1.493491232395172119e-01
-1.487958580255508423e-01
-1.418913900852203369e-01
-1.300991475582122803e-01
-1.118206977844238281e-01
-9.303253889083862305e-02
-7.424435019493103027e-02
-5.545623600482940674e-02
-4.299508035182952881e-02
-3.298628330230712891e-02
-2.510931342840194702e-02
-1.854330301284790039e-02
-1.429772377014160156e-02
-1.188012212514877319e-02
-1.351241022348403931e-02
-1.747103035449981689e-02
-2.253966033458709717e-02
-2.760946750640869141e-02
-3.856124728918075562e-02
-5.219472199678421021e-02
-6.763818114995956421e-02
-8.365446329116821289e-02
-9.745267033576965332e-02
-1.010004878044128418e-01
-1.005381792783737183e-01
-1.018982380628585815e-01
-1.048365831375122070e-01
-1.081870943307876587e-01
-1.039677560329437256e-01
-9.895530343055725098e-02
-9.406206011772155762e-02
-8.576910197734832764e-02
-6.398378312587738037e-02
-4.193469882011413574e-02
-3.390567004680633545e-02
-3.855524957180023193e-02
-4.572233557701110840e-02
-5.287364125251770020e-02
-5.996669828891754150e-02
-6.739285588264465332e-02
-7.483458518981933594e-02
-8.227615058422088623e-02
-8.971801400184631348e-02
-9.682330489158630371e-02
-1.041935086250305176e-01
-1.116722822189331055e-01
-1.180706322193145752e-01
-1.242111623287200928e-01
-1.298715472221374512e-01
-1.284370124340057373e-01
-1.238709986209869385e-01
-1.190343499183654785e-01
-1.134515106678009033e-01
-1.060040295124053955e-01
-9.769979119300842285e-02
-8.540967106819152832e-02
-8.882707357406616211e-02
-8.484601974487304688e-02
-8.211177587509155273e-02
-7.938161492347717285e-02
-7.775160670280456543e-02
-7.608929276466369629e-02
-7.350578904151916504e-02
-7.085382938385009766e-02
-6.814613938331604004e-02
-6.549674272537231445e-02
-6.284767389297485352e-02
-6.071487069129943848e-02
-6.316092610359191895e-02
-6.618139147758483887e-02
-7.067579030990600586e-02
-7.605376839637756348e-02
-8.005228638648986816e-02
-8.227351307868957520e-02
-8.333685994148254395e-02
-8.744320273399353027e-02
-9.590232372283935547e-02
-1.024752259254455566e-01
-1.032279431819915771e-01
-1.032389402389526367e-01
-1.008037924766540527e-01
-9.817163646221160889e-02
-9.510797262191772461e-02
-9.163492918014526367e-02
-8.831717073917388916e-02
-8.495077490806579590e-02
-8.177381753921508789e-02
-7.901503145694732666e-02
-8.606022596359252930e-02
-9.410279989242553711e-02
-1.023194044828414917e-01
-1.106425821781158447e-01
-1.210391372442245483e-01
-1.353366076946258545e-01
-1.508497297763824463e-01
-1.652516424655914307e-01
-1.746340543031692505e-01
-1.830551922321319580e-01
-1.914767026901245117e-01
-1.974214613437652588e-01
-2.012223899364471436e-01
-1.986690163612365723e-01
-1.868565678596496582e-01
-1.719488799571990967e-01
-1.547214984893798828e-01
-1.356528997421264648e-01
-1.161911189556121826e-01
-9.737072885036468506e-02
-7.819044589996337891e-02
-5.885173380374908447e-02
-3.833895921707153320e-02
-2.615581452846527100e-02
-2.366001904010772705e-02
-2.339468896389007568e-02
-2.397379279136657715e-02
-2.768763899803161621e-02
-3.737261891365051270e-02
-5.019886791706085205e-02
-6.380560994148254395e-02
-7.614220678806304932e-02
-8.873768150806427002e-02
-9.901079535484313965e-02
-1.068774908781051636e-01
-1.155384331941604614e-01
-1.238952428102493286e-01
-1.299344450235366821e-01
-1.341646462678909302e-01
-1.376340836286544800e-01
-1.377039998769760132e-01
-1.355715692043304443e-01
-1.317225396633148193e-01
-1.260009557008743286e-01
-1.165878474712371826e-01
-1.031031608581542969e-01
-8.431501686573028564e-02
-6.552694737911224365e-02
-4.673878848552703857e-02
-3.163182735443115234e-02
-2.390839159488677979e-02
-1.605814695358276367e-02
-8.821904659271240234e-03
-2.565942704677581787e-03
-2.356767654418945312e-04
9.156912565231323242e-04
-5.502767860889434814e-03
-1.135737448930740356e-02
-1.825883984565734863e-02
-3.095347434282302856e-02
-4.549442976713180542e-02
-6.122126430273056030e-02
-7.819174230098724365e-02
-8.927263319492340088e-02
-9.627063572406768799e-02
-9.989485144615173340e-02
-1.051168739795684814e-01
-1.085103154182434082e-01
-1.107694804668426514e-01
-1.060061752796173096e-01
-1.012569665908813477e-01
-9.691557288169860840e-02
-8.296005427837371826e-02
-6.030519306659698486e-02
-4.165083169937133789e-02
-3.960126638412475586e-02
-4.642239212989807129e-02
-5.430383980274200439e-02
-6.171162426471710205e-02
-6.915345788002014160e-02
-7.659512758255004883e-02
-8.403679728507995605e-02
-9.147861599922180176e-02
-9.869450330734252930e-02
-1.057552397251129150e-01
-1.131612956523895264e-01
-1.201151013374328613e-01
-1.263055503368377686e-01
-1.314021944999694824e-01
-1.364580690860748291e-01
-1.368677318096160889e-01
-1.323016285896301270e-01
-1.277357041835784912e-01
-1.207471191883087158e-01
-1.135762929916381836e-01
-1.025343239307403564e-01
-9.127977490425109863e-02
-8.016407489776611328e-02
-7.917842268943786621e-02
-7.849508523941040039e-02
-7.792943716049194336e-02
-7.679274678230285645e-02
-7.533845305442810059e-02
-7.387295365333557129e-02
-7.199421525001525879e-02
-6.919100880622863770e-02
-6.613475084304809570e-02
-6.525707244873046875e-02
-6.643262505531311035e-02
-6.760776042938232422e-02
-6.913962960243225098e-02
-7.296913862228393555e-02
-7.834708690643310547e-02
-8.207622170448303223e-02
-8.392128348350524902e-02
-8.676272630691528320e-02
-9.096190333366394043e-02
-9.516134858131408691e-02
-1.024483442306518555e-01
-1.049119532108306885e-01
-1.053384542465209961e-01
-1.036603748798370361e-01
-1.013201177120208740e-01
-9.842458367347717285e-02
-9.296223521232604980e-02
-8.800052106380462646e-02
-8.451294898986816406e-02
-8.124616742134094238e-02
-7.674911618232727051e-02
-8.296553790569305420e-02
-9.251487255096435547e-02
-1.005572974681854248e-01
-1.086383014917373657e-01
-1.190822124481201172e-01
-1.304165124893188477e-01
-1.440247595310211182e-01
-1.541750282049179077e-01
-1.624187231063842773e-01
-1.696572005748748779e-01
-1.750141084194183350e-01
-1.791314780712127686e-01
-1.829325258731842041e-01
-1.871301084756851196e-01
-1.789080202579498291e-01
-1.657874435186386108e-01
-1.500294804573059082e-01
-1.334961354732513428e-01
-1.151213347911834717e-01
-9.702220559120178223e-02
-7.931478321552276611e-02
-6.097689270973205566e-02
-4.449152946472167969e-02
-3.122416138648986816e-02
-2.765211462974548340e-02
-2.620516717433929443e-02
-2.650119364261627197e-02
-2.961367368698120117e-02
-3.842455148696899414e-02
-5.030864477157592773e-02
-6.380024552345275879e-02
-7.606452703475952148e-02
-8.833572268486022949e-02
-9.946934878826141357e-02
-1.080628186464309692e-01
-1.159123629331588745e-01
-1.207079738378524780e-01
-1.218226104974746704e-01
-1.233004927635192871e-01
-1.236350536346435547e-01
-1.209995597600936890e-01
-1.160982698202133179e-01
-1.115241795778274536e-01
-1.078073531389236450e-01
-1.013388484716415405e-01
-9.149989485740661621e-02
-7.615406811237335205e-02
-5.799786746501922607e-02
-4.000847041606903076e-02
-2.450931817293167114e-02
-1.699023693799972534e-02
-8.657127618789672852e-03
-3.299184143543243408e-03
1.671425998210906982e-03
4.736050963401794434e-03
3.932416439056396484e-03
6.327107548713684082e-04
-6.527803838253021240e-03
-1.438719779253005981e-02
-2.907670289278030396e-02
-4.380495101213455200e-02
-5.967607349157333374e-02
-7.565613836050033569e-02
-8.774457871913909912e-02
-9.922796487808227539e-02
-1.080291271209716797e-01
-1.116691231727600098e-01
-1.143916845321655273e-01
-1.162693202495574951e-01
-1.119280457496643066e-01
-1.075866520404815674e-01
-1.004496812820434570e-01
-8.227224647998809814e-02
-6.293690204620361328e-02
-5.139859020709991455e-02
-5.187623202800750732e-02
-5.603051185607910156e-02
-6.347246468067169189e-02
-7.091397047042846680e-02
-7.835569977760314941e-02
-8.579756319522857666e-02
-9.323918819427490234e-02
-1.005659103393554688e-01
-1.076265573501586914e-01
-1.146874427795410156e-01
-1.219531893730163574e-01
-1.277014911174774170e-01
-1.328554749488830566e-01
-1.379885971546173096e-01
-1.430446207523345947e-01
-1.452983021736145020e-01
-1.407322287559509277e-01
-1.346659064292907715e-01
-1.274951100349426270e-01
-1.175181865692138672e-01
-1.062634289264678955e-01
-9.495207667350769043e-02
-7.740554213523864746e-02
-7.656177878379821777e-02
-7.537835836410522461e-02
-7.427382469177246094e-02
-7.318091392517089844e-02
-7.149034738540649414e-02
-6.963425874710083008e-02
-6.785827875137329102e-02
-6.593289971351623535e-02
-6.784752011299133301e-02
-6.995806097984313965e-02
-7.113352417945861816e-02
-7.230889797210693359e-02
-7.435548305511474609e-02
-7.715404033660888672e-02
-8.106145262718200684e-02
-8.410015702247619629e-02
-8.899945020675659180e-02
-9.301614761352539062e-02
-9.715241193771362305e-02
-1.017771363258361816e-01
-1.064549684524536133e-01
-1.081010997295379639e-01
-1.085813343524932861e-01
-1.071817576885223389e-01
-1.032860279083251953e-01
-9.821306169033050537e-02
-9.251083433628082275e-02
-8.756259083747863770e-02
-8.219006657600402832e-02
-7.650908827781677246e-02
-7.198271155357360840e-02
-7.718314230442047119e-02
-8.744245767593383789e-02
-9.770172834396362305e-02
-1.074743419885635376e-01
-1.182810813188552856e-01
-1.291700601577758789e-01
-1.370782554149627686e-01
-1.426401883363723755e-01
-1.475765854120254517e-01
-1.526740640401840210e-01
-1.574619114398956299e-01
-1.610850393772125244e-01
-1.651260554790496826e-01
-1.700580567121505737e-01
-1.671649813652038574e-01
-1.535151451826095581e-01
-1.396849602460861206e-01
-1.250310242176055908e-01
-1.099607795476913452e-01
-9.429764747619628906e-02
-7.780234515666961670e-02
-6.305278837680816650e-02
-5.040463805198669434e-02
-4.015940427780151367e-02
-3.429891169071197510e-02
-3.235159814357757568e-02
-3.107234835624694824e-02
-3.299073874950408936e-02
-4.031433165073394775e-02
-5.089330673217773438e-02
-6.398674845695495605e-02
-7.733799517154693604e-02
-9.031675755977630615e-02
-1.020006388425827026e-01
-1.096475869417190552e-01
-1.161268651485443115e-01
-1.164143681526184082e-01
-1.130137890577316284e-01
-1.088189035654067993e-01
-1.066813766956329346e-01
-1.050902009010314941e-01
-1.012308001518249512e-01
-9.660363197326660156e-02
-9.356851875782012939e-02
-9.035393595695495605e-02
-8.320368826389312744e-02
-7.323993742465972900e-02
-5.718055367469787598e-02
-4.013199359178543091e-02
-2.337985485792160034e-02
-1.277570426464080811e-02
-6.338134407997131348e-03
-2.110943198204040527e-03
2.625375986099243164e-03
5.208604037761688232e-03
3.889091312885284424e-03
1.991614699363708496e-03
-5.145646631717681885e-03
-1.560643315315246582e-02
-3.202313184738159180e-02
-4.855964332818984985e-02
-6.649635732173919678e-02
-8.015568554401397705e-02
-9.237742424011230469e-02
-1.080989837646484375e-01
-1.155721396207809448e-01
-1.188730001449584961e-01
-1.215956509113311768e-01
-1.225991100072860718e-01
-1.182577311992645264e-01
-1.144060790538787842e-01
-1.029423475265502930e-01
-8.781504631042480469e-02
-7.121837139129638672e-02
-6.367698311805725098e-02
-6.422796845436096191e-02
-6.523288786411285400e-02
-7.267478108406066895e-02
-8.011640608310699463e-02
-8.755813539028167725e-02
-9.499990940093994141e-02
-1.024373173713684082e-01
-1.094979941844940186e-01
-1.165587157011032104e-01
-1.233371198177337646e-01
-1.290971934795379639e-01
-1.342511773109436035e-01
-1.394051313400268555e-01
-1.445592045783996582e-01
-1.496313214302062988e-01
-1.537289023399353027e-01
-1.485847532749176025e-01
-1.414139568805694580e-01
-1.325019598007202148e-01
-1.212470829486846924e-01
-1.099839508533477783e-01
-9.781208634376525879e-02
-7.326570153236389160e-02
-7.269531488418579102e-02
-7.188379764556884766e-02
-7.070055603981018066e-02
-6.951230764389038086e-02
-6.808108091354370117e-02
-6.612899899482727051e-02
-6.540718674659729004e-02
-6.749129295349121094e-02
-6.960496306419372559e-02
-7.191103696823120117e-02
-7.421731948852539062e-02
-7.652321457862854004e-02
-7.957121729850769043e-02
-8.236986398696899414e-02
-8.731922507286071777e-02
-9.272342920303344727e-02
-9.666824340820312500e-02
-1.007824242115020752e-01
-1.051566302776336670e-01
-1.095312535762786865e-01
-1.139844059944152832e-01
-1.165249049663543701e-01
-1.129926443099975586e-01
-1.077999472618103027e-01
-1.033808290958404541e-01
-9.776172041893005371e-02
-9.049889445304870605e-02
-8.323992788791656494e-02
-7.742847502231597900e-02
-7.165765762329101562e-02
-6.765162944793701172e-02
-7.163085043430328369e-02
-8.166003227233886719e-02
-9.193018078804016113e-02
-1.033496260643005371e-01
-1.164513677358627319e-01
-1.257177591323852539e-01
-1.287785023450851440e-01
-1.301514655351638794e-01
-1.318795979022979736e-01
-1.364177763462066650e-01
-1.402391195297241211e-01
-1.438040435314178467e-01
-1.480905115604400635e-01
-1.521515995264053345e-01
-1.529686599969863892e-01
-1.403792500495910645e-01
-1.267311125993728638e-01
-1.132976561784744263e-01
-9.957744181156158447e-02
-8.536216616630554199e-02
-7.332858443260192871e-02
-6.437669694423675537e-02
-5.528138577938079834e-02
-4.674038290977478027e-02
-3.968670964241027832e-02
-3.878061473369598389e-02
-3.835749626159667969e-02
-4.002177715301513672e-02
-4.492978751659393311e-02
-5.363471806049346924e-02
-6.902225315570831299e-02
-8.279985189437866211e-02
-9.611785411834716797e-02
-1.076396554708480835e-01
-1.126192808151245117e-01
-1.144996136426925659e-01
-1.118277013301849365e-01
-1.076009273529052734e-01
-1.038392931222915649e-01
-1.001185178756713867e-01
-9.675833582878112793e-02
-9.252655506134033203e-02
-8.797843754291534424e-02
-8.373746275901794434e-02
-8.052904903888702393e-02
-7.709807157516479492e-02
-6.903924793004989624e-02
-5.816356092691421509e-02
-4.123043268918991089e-02
-2.519269287586212158e-02
-1.243197917938232422e-02
-8.158549666404724121e-03
-5.499675869941711426e-03
-2.273216843605041504e-03
3.680214285850524902e-04
1.086182892322540283e-03
-2.709969878196716309e-03
-8.221000432968139648e-03
-2.103462070226669312e-02
-3.947815299034118652e-02
-5.749195069074630737e-02
-7.358880341053009033e-02
-8.526608347892761230e-02
-9.925378859043121338e-02
-1.126084625720977783e-01
-1.223271936178207397e-01
-1.260768920183181763e-01
-1.287995278835296631e-01
-1.296977400779724121e-01
-1.285769045352935791e-01
-1.206192076206207275e-01
-1.084540933370590210e-01
-9.350417554378509521e-02
-7.955861091613769531e-02
-7.608073949813842773e-02
-7.638211548328399658e-02
-7.614235579967498779e-02
-8.187720179557800293e-02
-8.931884169578552246e-02
-9.676057100296020508e-02
-1.042023897171020508e-01
-1.113694012165069580e-01
-1.184300780296325684e-01
-1.245814561843872070e-01
-1.301017403602600098e-01
-1.356470882892608643e-01
-1.408011317253112793e-01
-1.459551453590393066e-01
-1.511093676090240479e-01
-1.562179327011108398e-01
-1.612735390663146973e-01
-1.553330719470977783e-01
-1.474856138229370117e-01
-1.362312734127044678e-01
-1.249763965606689453e-01
-1.129266917705535889e-01
-1.001532375812530518e-01
-6.912598013877868652e-02
-6.855577230453491211e-02
-6.798529624938964844e-02
-6.720590591430664062e-02
-6.602257490158081055e-02
-6.478181481361389160e-02
-6.629994511604309082e-02
-6.854617595672607422e-02
-7.063037157058715820e-02
-7.271450757980346680e-02
-7.479888200759887695e-02
-7.689270377159118652e-02
-7.949924468994140625e-02
-8.368545770645141602e-02
-9.012657403945922852e-02
-9.838134050369262695e-02
-1.036172509193420410e-01
-1.074761450290679932e-01
-1.104925870895385742e-01
-1.134288012981414795e-01
-1.175356507301330566e-01
-1.207447350025177002e-01
-1.227961778640747070e-01
-1.202842593193054199e-01
-1.134648621082305908e-01
-1.035425662994384766e-01
-9.376464784145355225e-02
-8.572381734848022461e-02
-7.847841084003448486e-02
-7.266700267791748047e-02
-6.685540080070495605e-02
-6.343334913253784180e-02
-6.650543212890625000e-02
-7.587744295597076416e-02
-8.615872263908386230e-02
-9.835013747215270996e-02
-1.082976460456848145e-01
-1.125007867813110352e-01
-1.167038232088088989e-01
-1.189138591289520264e-01
-1.199602484703063965e-01
-1.211717873811721802e-01
-1.235406100749969482e-01
-1.275435686111450195e-01
-1.307632029056549072e-01
-1.338174045085906982e-01
-1.358370035886764526e-01
-1.281951516866683960e-01
-1.142821311950683594e-01
-1.005931496620178223e-01
-8.719958364963531494e-02
-7.559774816036224365e-02
-6.898431479930877686e-02
-6.323802471160888672e-02
-5.746936798095703125e-02
-5.277119576930999756e-02
-4.761818051338195801e-02
-4.730613529682159424e-02
-4.947255551815032959e-02
-5.340760946273803711e-02
-5.907361209392547607e-02
-7.039551436901092529e-02
-8.362549543380737305e-02
-9.482009708881378174e-02
-1.037810891866683960e-01
-1.099979728460311890e-01
-1.119915395975112915e-01
-1.108301728963851929e-01
-1.089679598808288574e-01
-1.053240746259689331e-01
-1.015546768903732300e-01
-9.778895974159240723e-02
-9.567597508430480957e-02
-9.090387821197509766e-02
-8.422994613647460938e-02
-7.936355471611022949e-02
-7.562272995710372925e-02
-7.221717387437820435e-02
-6.595060229301452637e-02
-5.702055990695953369e-02
-4.519219696521759033e-02
-2.901889383792877197e-02
-1.404824852943420410e-02
-1.098460704088211060e-02
-9.668335318565368652e-03
-8.357316255569458008e-03
-6.671495735645294189e-03
-5.977973341941833496e-03
-9.573750197887420654e-03
-1.760599762201309204e-02
-2.955354750156402588e-02
-4.815594851970672607e-02
-6.662793457508087158e-02
-7.954995334148406982e-02
-9.096470475196838379e-02
-1.041240841150283813e-01
-1.166273504495620728e-01
-1.279094219207763672e-01
-1.341672241687774658e-01
-1.402765214443206787e-01
-1.427519619464874268e-01
-1.382960677146911621e-01
-1.261309385299682617e-01
-1.140064597129821777e-01
-1.003255546092987061e-01
-8.835525810718536377e-02
-8.848452568054199219e-02
-8.826795220375061035e-02
-8.802816271781921387e-02
-9.107951819896697998e-02
-9.852115809917449951e-02
-1.059629172086715698e-01
-1.132407486438751221e-01
-1.198242902755737305e-01
-1.258042156696319580e-01
-1.314442157745361328e-01
-1.368673443794250488e-01
-1.421968638896942139e-01
-1.473508477210998535e-01
-1.525048315525054932e-01
-1.576590240001678467e-01
-1.628043353557586670e-01
-1.665221154689788818e-01
-1.620813310146331787e-01
-1.512149274349212646e-01
-1.399603188037872314e-01
-1.280411481857299805e-01
-1.152677834033966064e-01
-1.024943292140960693e-01
-6.774440407752990723e-02
-6.720215082168579102e-02
-6.605216860771179199e-02
-6.524455547332763672e-02
-6.465291976928710938e-02
-6.760391592979431152e-02
-7.030823826789855957e-02
-7.270583510398864746e-02
-7.461255788803100586e-02
-7.688474655151367188e-02
-7.921054959297180176e-02
-8.153605461120605469e-02
-8.501523733139038086e-02
-9.243303537368774414e-02
-9.985071420669555664e-02
-1.079501211643218994e-01
-1.138407588005065918e-01
-1.185223162174224854e-01
-1.220332384109497070e-01
-1.236746907234191895e-01
-1.247318387031555176e-01
-1.257891952991485596e-01
-1.281949281692504883e-01
-1.261889338493347168e-01
-1.175740361213684082e-01
-1.054480373859405518e-01
-9.316205978393554688e-02
-8.271805942058563232e-02
-7.373420894145965576e-02
-6.790539622306823730e-02
-6.209403276443481445e-02
-5.921468138694763184e-02
-6.138008832931518555e-02
-7.009506225585937500e-02
-8.011323213577270508e-02
-8.881442248821258545e-02
-9.301759302616119385e-02
-9.722059965133666992e-02
-1.014297455549240112e-01
-1.049827188253402710e-01
-1.084277033805847168e-01
-1.092601418495178223e-01
-1.096850633621215820e-01
-1.107548773288726807e-01
-1.141926348209381104e-01
-1.180078983306884766e-01
-1.210147142410278320e-01
-1.193648129701614380e-01
-1.073575466871261597e-01
-9.449237585067749023e-02
-8.277635276317596436e-02
-7.593749463558197021e-02
-7.064905762672424316e-02
-6.597015261650085449e-02
-6.312379240989685059e-02
-6.002521514892578125e-02
-5.624376237392425537e-02
-5.560216307640075684e-02
-5.993847548961639404e-02
-6.754188239574432373e-02
-7.622991502285003662e-02
-8.829814195632934570e-02
-9.647862613201141357e-02
-1.042041778564453125e-01
-1.094491481781005859e-01
-1.133814454078674316e-01
-1.141749918460845947e-01
-1.119005382061004639e-01
-1.098427921533584595e-01
-1.065828800201416016e-01
-1.029823720455169678e-01
-1.000086367130279541e-01
-9.749530255794525146e-02
-9.372624754905700684e-02
-8.716501295566558838e-02
-7.935426384210586548e-02
-7.140272110700607300e-02
-6.598103046417236328e-02
-6.125353276729583740e-02
-5.387926101684570312e-02
-4.626328498125076294e-02
-3.284512460231781006e-02
-1.877533644437789917e-02
-1.611869037151336670e-02
-1.601933687925338745e-02
-1.675152033567428589e-02
-1.597492396831512451e-02
-1.670734584331512451e-02
-2.065579593181610107e-02
-2.903089672327041626e-02
-3.870286047458648682e-02
-5.683282017707824707e-02
-7.375514507293701172e-02
-8.455082774162292480e-02
-9.619957208633422852e-02
-1.083656549453735352e-01
-1.219825893640518188e-01
-1.376012563705444336e-01
-1.476467102766036987e-01
-1.542049795389175415e-01
-1.558063626289367676e-01
-1.438304483890533447e-01
-1.317387074232101440e-01
-1.196471005678176880e-01
-1.088175028562545776e-01
-1.003371924161911011e-01
-1.003937125205993652e-01
-1.001538485288619995e-01
-9.991416335105895996e-02
-1.002818197011947632e-01
-1.077235937118530273e-01
-1.150670200586318970e-01
-1.210470348596572876e-01
-1.270269751548767090e-01
-1.328214108943939209e-01
-1.381741762161254883e-01
-1.435927152633666992e-01
-1.487468183040618896e-01
-1.539006829261779785e-01
-1.590548157691955566e-01
-1.642087996006011963e-01
-1.689468920230865479e-01
-1.714260578155517578e-01
-1.661987006664276123e-01
-1.549440324306488037e-01
-1.431558430194854736e-01
-1.303824186325073242e-01
-1.176089942455291748e-01
-1.073758304119110107e-01
-6.481990218162536621e-02
-6.425064802169799805e-02
-6.389889121055603027e-02
-6.557098031044006348e-02
-6.958276033401489258e-02
-7.327887415885925293e-02
-7.658863067626953125e-02
-7.974040508270263672e-02
-8.230194449424743652e-02
-8.462753891944885254e-02
-8.695328235626220703e-02
-9.064903855323791504e-02
-9.751287102699279785e-02
-1.046930849552154541e-01
-1.118734776973724365e-01
-1.195805072784423828e-01
-1.249970793724060059e-01
-1.283755004405975342e-01
-1.303988099098205566e-01
-1.323495209217071533e-01
-1.343000531196594238e-01
-1.348038911819458008e-01
-1.332998275756835938e-01
-1.294064223766326904e-01
-1.213774979114532471e-01
-1.086400598287582397e-01
-9.599991142749786377e-02
-8.349195122718811035e-02
-7.247917354106903076e-02
-6.494475901126861572e-02
-5.770848691463470459e-02
-5.529710650444030762e-02
-5.674999952316284180e-02
-6.256915628910064697e-02
-7.039666175842285156e-02
-7.496693730354309082e-02
-7.983899116516113281e-02
-8.501690626144409180e-02
-9.019488096237182617e-02
-9.451784193515777588e-02
-9.862998127937316895e-02
-1.014028489589691162e-01
-1.032156199216842651e-01
-1.031851470470428467e-01
-1.046097576618194580e-01
-1.086340844631195068e-01
-1.108750551939010620e-01
-1.129022836685180664e-01
-1.047224700450897217e-01
-9.269607067108154297e-02
-8.555714786052703857e-02
-8.023948967456817627e-02
-7.561796903610229492e-02
-7.148872315883636475e-02
-6.912663578987121582e-02
-6.704053282737731934e-02
-6.582807004451751709e-02
-6.551614403724670410e-02
-7.199572026729583740e-02
-7.999257743358612061e-02
-8.701808750629425049e-02
-9.528569877147674561e-02
-1.041358858346939087e-01
-1.121259629726409912e-01
-1.166141182184219360e-01
-1.208545863628387451e-01
-1.195851713418960571e-01
-1.158258616924285889e-01
-1.122707724571228027e-01
-1.091453433036804199e-01
-1.057447940111160278e-01
-1.026233285665512085e-01
-9.983976185321807861e-02
-9.700289368629455566e-02
-8.995339274406433105e-02
-8.032321929931640625e-02
-7.168845832347869873e-02
-6.307098269462585449e-02
-5.646185576915740967e-02
-5.106090009212493896e-02
-4.508590698242187500e-02
-3.770739585161209106e-02
-2.811925113201141357e-02
-2.299446612596511841e-02
-2.427285909652709961e-02
-2.697292715311050415e-02
-2.891074120998382568e-02
-3.008835762739181519e-02
-3.331370651721954346e-02
-4.025737941265106201e-02
-5.054339766502380371e-02
-6.529991328716278076e-02
-7.833898812532424927e-02
-8.945275843143463135e-02
-1.030286252498626709e-01
-1.173557490110397339e-01
-1.324979215860366821e-01
-1.484496295452117920e-01
-1.611262708902359009e-01
-1.681379228830337524e-01
-1.615625321865081787e-01
-1.494710147380828857e-01
-1.373792290687561035e-01
-1.252875626087188721e-01
-1.173092126846313477e-01
-1.125191897153854370e-01
-1.122794598340988159e-01
-1.120396405458450317e-01
-1.117998808622360229e-01
-1.115601360797882080e-01
-1.162322759628295898e-01
-1.222696900367736816e-01
-1.282496452331542969e-01
-1.341986358165740967e-01
-1.395513415336608887e-01
-1.449043452739715576e-01
-1.501425206661224365e-01
-1.552965641021728516e-01
-1.604506075382232666e-01
-1.656044423580169678e-01
-1.707584857940673828e-01
-1.738139986991882324e-01
-1.747641265392303467e-01
-1.699279546737670898e-01
-1.582702696323394775e-01
-1.454971134662628174e-01
-1.327235400676727295e-01
-1.199500262737274170e-01
-1.130650937557220459e-01
-5.715709924697875977e-02
-5.778765678405761719e-02
-6.333488225936889648e-02
-6.908699870109558105e-02
-7.404941320419311523e-02
-7.854795455932617188e-02
-8.293533325195312500e-02
-8.658102154731750488e-02
-8.986639976501464844e-02
-9.237048029899597168e-02
-9.723931550979614258e-02
-1.029949486255645752e-01
-1.101750135421752930e-01
-1.173555254936218262e-01
-1.245358288288116455e-01
-1.312002241611480713e-01
-1.347230076789855957e-01
-1.373380422592163086e-01
-1.393576264381408691e-01
-1.410448551177978516e-01
-1.407237052917480469e-01
-1.404495239257812500e-01
-1.402704119682312012e-01
-1.389969885349273682e-01
-1.307502686977386475e-01
-1.166792660951614380e-01
-1.040120869874954224e-01
-9.160733222961425781e-02
-8.065803349018096924e-02
-7.110239565372467041e-02
-6.426811218261718750e-02
-5.886322259902954102e-02
-5.491435527801513672e-02
-6.001944839954376221e-02
-6.345345079898834229e-02
-6.839440762996673584e-02
-7.333524525165557861e-02
-7.849401235580444336e-02
-8.367183804512023926e-02
-8.805634081363677979e-02
-9.083952009677886963e-02
-9.271994233131408691e-02
-9.495653212070465088e-02
-9.741680324077606201e-02
-9.981656074523925781e-02
-1.010218411684036255e-01
-1.038071960210800171e-01
-1.065802127122879028e-01
-1.054515093564987183e-01
-9.860464930534362793e-02
-9.308674931526184082e-02
-8.851140737533569336e-02
-8.384260535240173340e-02
-8.030453324317932129e-02
-7.794244587421417236e-02
-7.654216885566711426e-02
-7.729955017566680908e-02
-7.605457305908203125e-02
-7.721169292926788330e-02
-8.276863396167755127e-02
-8.803667128086090088e-02
-9.636388719081878662e-02
-1.055195480585098267e-01
-1.142521202564239502e-01
-1.221470683813095093e-01
-1.277400255203247070e-01
-1.255484223365783691e-01
-1.217889338731765747e-01
-1.180294752120971680e-01
-1.146089732646942139e-01
-1.097455322742462158e-01
-1.061232686042785645e-01
-1.023833155632019043e-01
-9.764429926872253418e-02
-9.123894572257995605e-02
-8.275790512561798096e-02
-7.363441586494445801e-02
-6.555643677711486816e-02
-5.807974934577941895e-02
-5.246485024690628052e-02
-4.593646526336669922e-02
-4.042585939168930054e-02
-3.843773156404495239e-02
-3.244513273239135742e-02
-3.514526039361953735e-02
-3.803598135709762573e-02
-4.133670777082443237e-02
-4.445397853851318359e-02
-4.760919511318206787e-02
-5.175451189279556274e-02
-6.183979660272598267e-02
-7.320978492498397827e-02
-8.400326967239379883e-02
-9.987768530845642090e-02
-1.140204668045043945e-01
-1.282297223806381226e-01
-1.432517319917678833e-01
-1.589458435773849487e-01
-1.736543178558349609e-01
-1.781176328659057617e-01
-1.672030985355377197e-01
-1.551114469766616821e-01
-1.430197358131408691e-01
-1.326373815536499023e-01
-1.258621364831924438e-01
-1.244050562381744385e-01
-1.241653710603713989e-01
-1.239256113767623901e-01
-1.234243810176849365e-01
-1.221038103103637695e-01
-1.234923303127288818e-01
-1.294722259044647217e-01
-1.354523003101348877e-01
-1.409283578395843506e-01
-1.462812125682830811e-01
-1.516340076923370361e-01
-1.566924154758453369e-01
-1.618463099002838135e-01
-1.670002341270446777e-01
-1.721541881561279297e-01
-1.761322319507598877e-01
-1.781798601150512695e-01
-1.766454279422760010e-01
-1.733847260475158691e-01
-1.606115102767944336e-01
-1.478380262851715088e-01
-1.350645422935485840e-01
-1.228565275669097900e-01
-1.187539398670196533e-01
-4.577273130416870117e-02
-5.249592661857604980e-02
-6.030693650245666504e-02
-6.826654076576232910e-02
-7.480648159980773926e-02
-8.108860254287719727e-02
-8.712339401245117188e-02
-9.204366803169250488e-02
-9.596240520477294922e-02
-1.023976504802703857e-01
-1.089048385620117188e-01
-1.157323420047760010e-01
-1.230337321758270264e-01
-1.296136379241943359e-01
-1.353314816951751709e-01
-1.412285268306732178e-01
-1.448016166687011719e-01
-1.477545797824859619e-01
-1.481394767761230469e-01
-1.487223505973815918e-01
-1.493237018585205078e-01
-1.499255299568176270e-01
-1.505270898342132568e-01
-1.503868103027343750e-01
-1.448393762111663818e-01
-1.341336667537689209e-01
-1.211266517639160156e-01
-1.076547950506210327e-01
-9.641556441783905029e-02
-8.613516390323638916e-02
-7.503139972686767578e-02
-6.603997945785522461e-02
-6.119249761104583740e-02
-6.015016138553619385e-02
-6.204037368297576904e-02
-6.719157099723815918e-02
-7.236772775650024414e-02
-7.754397392272949219e-02
-8.272022008895874023e-02
-8.625775575637817383e-02
-8.767311275005340576e-02
-8.969050645828247070e-02
-9.148612618446350098e-02
-9.322166442871093750e-02
-9.572651982307434082e-02
-9.895518422126770020e-02
-1.004236191511154175e-01
-1.025899201631546021e-01
-1.086428314447402954e-01
-1.059633493423461914e-01
-1.015326827764511108e-01
-9.714318811893463135e-02
-9.285518527030944824e-02
-8.985039591789245605e-02
-8.854350447654724121e-02
-8.697444200515747070e-02
-8.399310708045959473e-02
-8.041183650493621826e-02
-7.798662781715393066e-02
-8.158087730407714844e-02
-8.750635385513305664e-02
-9.488703310489654541e-02
-1.023154705762863159e-01
-1.117342859506607056e-01
-1.213563233613967896e-01
-1.271821707487106323e-01
-1.292917132377624512e-01
-1.276118904352188110e-01
-1.245831102132797241e-01
-1.216689944267272949e-01
-1.170621216297149658e-01
-1.107708513736724854e-01
-1.035663783550262451e-01
-9.842595458030700684e-02
-9.420081973075866699e-02
-8.717623353004455566e-02
-7.909737527370452881e-02
-7.069538533687591553e-02
-6.383149325847625732e-02
-5.801659077405929565e-02
-5.337048321962356567e-02
-4.669204354286193848e-02
-4.728074371814727783e-02
-4.560212790966033936e-02
-4.601764678955078125e-02
-4.960697889328002930e-02
-5.469010770320892334e-02
-5.931083858013153076e-02
-6.198465824127197266e-02
-6.521480530500411987e-02
-7.377517223358154297e-02
-8.440557122230529785e-02
-9.603014588356018066e-02
-1.108774542808532715e-01
-1.249857544898986816e-01
-1.390938311815261841e-01
-1.541674435138702393e-01
-1.694288849830627441e-01
-1.850038170814514160e-01
-1.841833442449569702e-01
-1.728436946868896484e-01
-1.607520431280136108e-01
-1.486603468656539917e-01
-1.409519016742706299e-01
-1.359369307756423950e-01
-1.362910419702529907e-01
-1.360511332750320435e-01
-1.349013298749923706e-01
-1.335808634757995605e-01
-1.321581900119781494e-01
-1.306950747966766357e-01
-1.366749405860900879e-01
-1.423057019710540771e-01
-1.476584672927856445e-01
-1.530114114284515381e-01
-1.582931578159332275e-01
-1.632422208786010742e-01
-1.683961451053619385e-01
-1.735502183437347412e-01
-1.784505248069763184e-01
-1.809995472431182861e-01
-1.800282895565032959e-01
-1.783170402050018311e-01
-1.752415597438812256e-01
-1.629525125026702881e-01
-1.501792669296264648e-01
-1.374058723449707031e-01
-1.285457909107208252e-01
-1.244427859783172607e-01
-4.150861501693725586e-02
-4.680290818214416504e-02
-5.380335450172424316e-02
-6.190589070320129395e-02
-7.005989551544189453e-02
-7.821384072303771973e-02
-8.636811375617980957e-02
-9.529119729995727539e-02
-1.048491597175598145e-01
-1.138350069522857666e-01
-1.217641234397888184e-01
-1.295194625854492188e-01
-1.364963650703430176e-01
-1.440318822860717773e-01
-1.511119306087493896e-01
-1.573978066444396973e-01
-1.597563624382019043e-01
-1.608503162860870361e-01
-1.615132689476013184e-01
-1.621146500110626221e-01
-1.627162992954254150e-01
-1.633180677890777588e-01
-1.639194786548614502e-01
-1.632269620895385742e-01
-1.594024598598480225e-01
-1.507202684879302979e-01
-1.387964487075805664e-01
-1.268725991249084473e-01
-1.131194829940795898e-01
-9.946165978908538818e-02
-8.907166123390197754e-02
-7.982525229454040527e-02
-6.797426939010620117e-02
-6.558650732040405273e-02
-6.732672452926635742e-02
-7.075120508670806885e-02
-7.417559623718261719e-02
-7.925270497798919678e-02
-8.309517800807952881e-02
-8.605282008647918701e-02
-8.743755519390106201e-02
-8.832997083663940430e-02
-8.955337107181549072e-02
-9.174992144107818604e-02
-9.488536417484283447e-02
-9.842152893543243408e-02
-1.000214368104934692e-01
-1.042056381702423096e-01
-1.129704564809799194e-01
-1.175552308559417725e-01
-1.134082078933715820e-01
-1.087817251682281494e-01
-1.043660938739776611e-01
-1.000896096229553223e-01
-9.622690081596374512e-02
-9.258130192756652832e-02
-8.876301348209381104e-02
-8.494454622268676758e-02
-8.077199757099151611e-02
-8.038121461868286133e-02
-8.475889265537261963e-02
-8.952116966247558594e-02
-9.820784628391265869e-02
-1.079270243644714355e-01
-1.168438941240310669e-01
-1.225655525922775269e-01
-1.263231188058853149e-01
-1.274021714925765991e-01
-1.285650432109832764e-01
-1.278306841850280762e-01
-1.220423281192779541e-01
-1.151035428047180176e-01
-1.097348183393478394e-01
-1.054011285305023193e-01
-1.008782982826232910e-01
-9.367965161800384521e-02
-8.502563834190368652e-02
-7.650977373123168945e-02
-7.159680873155593872e-02
-6.751303374767303467e-02
-6.342928856611251831e-02
-6.123874336481094360e-02
-5.805890262126922607e-02
-5.746635049581527710e-02
-5.734546482563018799e-02
-6.164483726024627686e-02
-6.779554486274719238e-02
-7.352916151285171509e-02
-7.883153855800628662e-02
-8.327466249465942383e-02
-8.879460394382476807e-02
-9.928248822689056396e-02
-1.097581237554550171e-01
-1.218428015708923340e-01
-1.359745562076568604e-01
-1.501562446355819702e-01
-1.646340936422348022e-01
-1.802656948566436768e-01
-1.881638765335083008e-01
-1.891894191503524780e-01
-1.784841716289520264e-01
-1.663925349712371826e-01
-1.543008536100387573e-01
-1.490727216005325317e-01
-1.479044258594512939e-01
-1.476988792419433594e-01
-1.463782191276550293e-01
-1.450578570365905762e-01
-1.437371671199798584e-01
-1.420443356037139893e-01
-1.403427422046661377e-01
-1.436826586723327637e-01
-1.490354537963867188e-01
-1.543883681297302246e-01
-1.597411036491394043e-01
-1.648072600364685059e-01
-1.697916686534881592e-01
-1.749459505081176758e-01
-1.800998747348785400e-01
-1.833176910877227783e-01
-1.834114193916320801e-01
-1.817725896835327148e-01
-1.788125634193420410e-01
-1.757383942604064941e-01
-1.652936339378356934e-01
-1.525203585624694824e-01
-1.397466361522674561e-01
-1.342348158359527588e-01
-1.301317811012268066e-01
-4.056358337402343750e-02
-4.662364721298217773e-02
-5.337104201316833496e-02
-6.082877516746520996e-02
-6.895551085472106934e-02
-7.788991928100585938e-02
-8.965623378753662109e-02
-1.018164157867431641e-01
-1.136705875396728516e-01
-1.247611045837402344e-01
-1.338949799537658691e-01
-1.428288817405700684e-01
-1.517269611358642578e-01
-1.596768498420715332e-01
-1.652156114578247070e-01
-1.696712076663970947e-01
-1.731142997741699219e-01
-1.752540469169616699e-01
-1.763704419136047363e-01
-1.774296462535858154e-01
-1.784884035587310791e-01
-1.795473396778106689e-01
-1.803149878978729248e-01
-1.796196103096008301e-01
-1.776748597621917725e-01
-1.698708832263946533e-01
-1.569457054138183594e-01
-1.419577896595001221e-01
-1.278311610221862793e-01
-1.155847609043121338e-01
-1.050661802291870117e-01
-9.166446328163146973e-02
-7.690715789794921875e-02
-7.337646186351776123e-02
-7.261292636394500732e-02
-7.603754103183746338e-02
-7.900299131870269775e-02
-8.098271489143371582e-02
-8.356830477714538574e-02
-8.600929379463195801e-02
-8.642938733100891113e-02
-8.742402493953704834e-02
-8.940419554710388184e-02
-9.264336526393890381e-02
-9.631390869617462158e-02
-1.001128256320953369e-01
-1.034544706344604492e-01
-1.103435605764389038e-01
-1.184373944997787476e-01
-1.273971498012542725e-01
-1.249349415302276611e-01
-1.171459555625915527e-01
-1.118391305208206177e-01
-1.073000133037567139e-01
-1.029406189918518066e-01
-9.913757443428039551e-02
-9.531915187835693359e-02
-9.150084853172302246e-02
-8.586299419403076172e-02
-8.140924572944641113e-02
-8.371351659297943115e-02
-8.701285719871520996e-02
-9.485273063182830811e-02
-1.037378609180450439e-01
-1.120943874120712280e-01
-1.190073341131210327e-01
-1.233387589454650879e-01
-1.256600916385650635e-01
-1.264199614524841309e-01
-1.266383975744247437e-01
-1.260236054658889771e-01
-1.231525242328643799e-01
-1.183317303657531738e-01
-1.137676537036895752e-01
-1.093826293945312500e-01
-1.029877066612243652e-01
-9.431082010269165039e-02
-8.711281418800354004e-02
-8.236835896968841553e-02
-7.787787169218063354e-02
-7.410327345132827759e-02
-7.538290321826934814e-02
-7.445321977138519287e-02
-7.187354564666748047e-02
-6.990888714790344238e-02
-7.517386972904205322e-02
-8.365613222122192383e-02
-9.305740892887115479e-02
-9.839800000190734863e-02
-1.010828614234924316e-01
-1.063598692417144775e-01
-1.142715215682983398e-01
-1.236909329891204834e-01
-1.329174935817718506e-01
-1.470686495304107666e-01
-1.612502783536911011e-01
-1.754319965839385986e-01
-1.863272935152053833e-01
-1.911180317401885986e-01
-1.931555420160293579e-01
-1.835799217224121094e-01
-1.720331609249114990e-01
-1.623418778181076050e-01
-1.568602323532104492e-01
-1.587452292442321777e-01
-1.578553020954132080e-01
-1.565348505973815918e-01
-1.552142202854156494e-01
-1.536320447921752930e-01
-1.519303917884826660e-01
-1.501885056495666504e-01
-1.504124402999877930e-01
-1.557654440402984619e-01
-1.611180603504180908e-01
-1.664709746837615967e-01
-1.713212132453918457e-01
-1.763416826725006104e-01
-1.814956367015838623e-01
-1.856361031532287598e-01
-1.867941617965698242e-01
-1.852225661277770996e-01
-1.823262870311737061e-01
-1.792730391025543213e-01
-1.762191951274871826e-01
-1.676347553730010986e-01
-1.548612117767333984e-01
-1.440264284610748291e-01
-1.399237811565399170e-01
-1.358210742473602295e-01
-4.586219787597656250e-02
-5.222427845001220703e-02
-5.864784121513366699e-02
-6.610569357872009277e-02
-7.433715462684631348e-02
-8.502662181854248047e-02
-9.627482295036315918e-02
-1.082831919193267822e-01
-1.190453171730041504e-01
-1.295787692070007324e-01
-1.407266855239868164e-01
-1.520738005638122559e-01
-1.618526577949523926e-01
-1.705555915832519531e-01
-1.775756478309631348e-01
-1.834499239921569824e-01
-1.875687837600708008e-01
-1.897917687892913818e-01
-1.919414699077606201e-01
-1.940376758575439453e-01
-1.958636641502380371e-01
-1.969227194786071777e-01
-1.970196366310119629e-01
-1.962440609931945801e-01
-1.943235099315643311e-01
-1.843841671943664551e-01
-1.716439127922058105e-01
-1.566558182239532471e-01
-1.425427496433258057e-01
-1.309293359518051147e-01
-1.178569793701171875e-01
-1.020212769508361816e-01
-8.687494695186614990e-02
-8.300086855888366699e-02
-8.170269429683685303e-02
-8.164234459400177002e-02
-8.305169641971588135e-02
-8.572778105735778809e-02
-8.745263516902923584e-02
-8.693914115428924561e-02
-8.621023595333099365e-02
-8.780559897422790527e-02
-9.040145576000213623e-02
-9.417289495468139648e-02
-9.831339120864868164e-02
-1.028152853250503540e-01
-1.098067462444305420e-01
-1.180416047573089600e-01
-1.240956485271453857e-01
-1.281363815069198608e-01
-1.274262517690658569e-01
-1.237659007310867310e-01
-1.202520877122879028e-01
-1.155897974967956543e-01
-1.107852309942245483e-01
-1.065082550048828125e-01
-1.024677902460098267e-01
-9.712085127830505371e-02
-9.034724533557891846e-02
-8.278515934944152832e-02
-8.195546269416809082e-02
-8.496633172035217285e-02
-9.176881611347198486e-02
-9.892298281192779541e-02
-1.060781180858612061e-01
-1.137871444225311279e-01
-1.208119094371795654e-01
-1.239469051361083984e-01
-1.252380609512329102e-01
-1.264721453189849854e-01
-1.283607780933380127e-01
-1.269417107105255127e-01
-1.256220638751983643e-01
-1.247621327638626099e-01
-1.222163736820220947e-01
-1.175984740257263184e-01
-1.102861464023590088e-01
-1.038492172956466675e-01
-9.741973876953125000e-02
-9.099034965038299561e-02
-8.780695497989654541e-02
-8.979803323745727539e-02
-9.214192628860473633e-02
-9.039627015590667725e-02
-9.227092564105987549e-02
-9.925249218940734863e-02
-1.047160178422927856e-01
-1.102748215198516846e-01
-1.164396405220031738e-01
-1.202396005392074585e-01
-1.244730651378631592e-01
-1.298594325780868530e-01
-1.377470046281814575e-01
-1.468506008386611938e-01
-1.573585569858551025e-01
-1.723442971706390381e-01
-1.856140643358230591e-01
-1.892075240612030029e-01
-1.938472837209701538e-01
-1.963516771793365479e-01
-1.883960664272308350e-01
-1.773501485586166382e-01
-1.695232242345809937e-01
-1.643006801605224609e-01
-1.689832061529159546e-01
-1.680118441581726074e-01
-1.666912585496902466e-01
-1.652196645736694336e-01
-1.635183095932006836e-01
-1.618167161941528320e-01
-1.596019566059112549e-01
-1.572731733322143555e-01
-1.624954342842102051e-01
-1.678482294082641602e-01
-1.730993092060089111e-01
-1.778352558612823486e-01
-1.828915774822235107e-01
-1.879542469978332520e-01
-1.901771426200866699e-01
-1.886426508426666260e-01
-1.858402788639068604e-01
-1.827867031097412109e-01
-1.797331869602203369e-01
-1.766796708106994629e-01
-1.699757277965545654e-01
-1.572025120258331299e-01
-1.497154533863067627e-01
-1.456126868724822998e-01
-1.415099799633026123e-01
-5.266165733337402344e-02
-5.948081612586975098e-02
-6.629967689514160156e-02
-7.590064406394958496e-02
-8.704739809036254883e-02
-9.776976704597473145e-02
-1.072593033313751221e-01
-1.167488396167755127e-01
-1.263733506202697754e-01
-1.370334923267364502e-01
-1.477303206920623779e-01
-1.575438976287841797e-01
-1.664587557315826416e-01
-1.752038598060607910e-01
-1.839004158973693848e-01
-1.911801099777221680e-01
-1.974081397056579590e-01
-2.016124725341796875e-01
-2.049607336521148682e-01
-2.079446911811828613e-01
-2.103050351142883301e-01
-2.121671140193939209e-01
-2.127532660961151123e-01
-2.099471688270568848e-01
-2.061069309711456299e-01
-1.975703835487365723e-01
-1.863420009613037109e-01
-1.714559495449066162e-01
-1.575252115726470947e-01
-1.449022442102432251e-01
-1.287140995264053345e-01
-1.129576563835144043e-01
-9.800779819488525391e-02
-9.373401105403900146e-02
-9.037943184375762939e-02
-8.879072964191436768e-02
-8.982031047344207764e-02
-8.969816565513610840e-02
-9.004224836826324463e-02
-9.022118151187896729e-02
-9.017305076122283936e-02
-9.067539870738983154e-02
-9.208431839942932129e-02
-9.617209434509277344e-02
-1.005930006504058838e-01
-1.089492142200469971e-01
-1.147133260965347290e-01
-1.185811758041381836e-01
-1.224644482135772705e-01
-1.284686923027038574e-01
-1.328594833612442017e-01
-1.287799626588821411e-01
-1.253535151481628418e-01
-1.227980554103851318e-01
-1.190406829118728638e-01
-1.144458055496215820e-01
-1.096115559339523315e-01
-1.028628349304199219e-01
-9.506860375404357910e-02
-8.684518933296203613e-02
-8.221520483493804932e-02
-8.398889005184173584e-02
-8.932717144489288330e-02
-9.458857774734497070e-02
-1.026487648487091064e-01
-1.099248230457305908e-01
-1.159070283174514771e-01
-1.194037199020385742e-01
-1.224211752414703369e-01
-1.261381208896636963e-01
-1.282984763383865356e-01
-1.285675764083862305e-01
-1.300779581069946289e-01
-1.316127330064773560e-01
-1.318103969097137451e-01
-1.313112974166870117e-01
-1.281785517930984497e-01
-1.218350082635879517e-01
-1.152277439832687378e-01
-1.093581616878509521e-01
-1.065814346075057983e-01
-1.080601066350936890e-01
-1.131333410739898682e-01
-1.180505156517028809e-01
-1.212939471006393433e-01
-1.273476481437683105e-01
-1.313483566045761108e-01
-1.336436867713928223e-01
-1.370406746864318848e-01
-1.417227089405059814e-01
-1.444771289825439453e-01
-1.482634544372558594e-01
-1.538515388965606689e-01
-1.620977818965911865e-01
-1.709642261266708374e-01
-1.835052669048309326e-01
-1.896450221538543701e-01
-1.925451755523681641e-01
-1.967327743768692017e-01
-1.982281506061553955e-01
-1.929496079683303833e-01
-1.815237700939178467e-01
-1.752476841211318970e-01
-1.732143014669418335e-01
-1.792214065790176392e-01
-1.781682670116424561e-01
-1.768075525760650635e-01
-1.751059442758560181e-01
-1.734046041965484619e-01
-1.713440716266632080e-01
-1.690152287483215332e-01
-1.666865944862365723e-01
-1.692251563072204590e-01
-1.745780110359191895e-01
-1.796133220195770264e-01
-1.843492090702056885e-01
-1.894412934780120850e-01
-1.928213536739349365e-01
-1.920253038406372070e-01
-1.893540024757385254e-01
-1.863006055355072021e-01
-1.832470297813415527e-01
-1.801933348178863525e-01
-1.771399378776550293e-01
-1.723171770572662354e-01
-1.595437228679656982e-01
-1.554046273231506348e-01
-1.513019502162933350e-01
-1.471992731094360352e-01
-6.272161006927490234e-02
-6.906390190124511719e-02
-7.900270819664001465e-02
-8.923345804214477539e-02
-9.872314333915710449e-02
-1.082125604152679443e-01
-1.177022457122802734e-01
-1.271917819976806641e-01
-1.358483731746673584e-01
-1.428494155406951904e-01
-1.513760089874267578e-01
-1.611893773078918457e-01
-1.709813177585601807e-01
-1.798096895217895508e-01
-1.885546743869781494e-01
-1.957069635391235352e-01
-2.018121182918548584e-01
-2.069361805915832520e-01
-2.119585275650024414e-01
-2.169344723224639893e-01
-2.214277982711791992e-01
-2.220179438591003418e-01
-2.206082642078399658e-01
-2.187449336051940918e-01
-2.161136865615844727e-01
-2.105334401130676270e-01
-2.004482746124267578e-01
-1.871195137500762939e-01
-1.723374724388122559e-01
-1.561158597469329834e-01
-1.399277299642562866e-01
-1.240811049938201904e-01
-1.095455884933471680e-01
-1.031150519847869873e-01
-9.948796033859252930e-02
-9.697861969470977783e-02
-9.545007348060607910e-02
-9.413202106952667236e-02
-9.344856441020965576e-02
-9.425903856754302979e-02
-9.476149082183837891e-02
-9.599792957305908203e-02
-9.780322015285491943e-02
-9.942173957824707031e-02
-1.036252230405807495e-01
-1.085211634635925293e-01
-1.123088449239730835e-01
-1.174953579902648926e-01
-1.234995424747467041e-01
-1.295036226511001587e-01
-1.365643441677093506e-01
-1.374570429325103760e-01
-1.311776638031005859e-01
-1.268589794635772705e-01
-1.242234855890274048e-01
-1.213068664073944092e-01
-1.153783798217773438e-01
-1.075842082500457764e-01
-9.978993237018585205e-02
-9.068270027637481689e-02
-8.400638401508331299e-02
-8.522832393646240234e-02
-8.955600857734680176e-02
-9.361702203750610352e-02
-9.919065237045288086e-02
-1.060916781425476074e-01
-1.121347993612289429e-01
-1.157186776399612427e-01
-1.194283068180084229e-01
-1.239148378372192383e-01
-1.286617964506149292e-01
-1.319116503000259399e-01
-1.335674822330474854e-01
-1.353338807821273804e-01
-1.370176374912261963e-01
-1.392240524291992188e-01
-1.407013535499572754e-01
-1.380781531333923340e-01
-1.337426602840423584e-01
-1.286779046058654785e-01
-1.311661005020141602e-01
-1.352539956569671631e-01
-1.404317617416381836e-01
-1.477074623107910156e-01
-1.505061089992523193e-01
-1.512391865253448486e-01
-1.591312885284423828e-01
-1.613825857639312744e-01
-1.657402366399765015e-01
-1.654192358255386353e-01
-1.651875823736190796e-01
-1.682558953762054443e-01
-1.721901446580886841e-01
-1.793925166130065918e-01
-1.879588067531585693e-01
-1.918940693140029907e-01
-1.956395357847213745e-01
-1.990351229906082153e-01
-2.025513947010040283e-01
-2.017720639705657959e-01
-1.973150521516799927e-01
-1.891701221466064453e-01
-1.829467266798019409e-01
-1.846706122159957886e-01
-1.909743398427963257e-01
-1.896079033613204956e-01
-1.877395510673522949e-01
-1.858009696006774902e-01
-1.836575865745544434e-01
-1.810919344425201416e-01
-1.785259842872619629e-01
-1.761000454425811768e-01
-1.759552359580993652e-01
-1.813078224658966064e-01
-1.861273348331451416e-01
-1.908633708953857422e-01
-1.951397955417633057e-01
-1.954084634780883789e-01
-1.928678452968597412e-01
-1.898142099380493164e-01
-1.867608726024627686e-01
-1.837069392204284668e-01
-1.806537210941314697e-01
-1.776002049446105957e-01
-1.745465993881225586e-01
-1.651961505413055420e-01
-1.610935926437377930e-01
-1.569908857345581055e-01
-1.528886556625366211e-01
-7.349476218223571777e-02
-8.294919133186340332e-02
-9.098523855209350586e-02
-9.920981526374816895e-02
-1.083421409130096436e-01
-1.179841458797454834e-01
-1.273230612277984619e-01
-1.346550881862640381e-01
-1.417432427406311035e-01
-1.493447721004486084e-01
-1.579191386699676514e-01
-1.663153767585754395e-01
-1.746521294116973877e-01
-1.842997372150421143e-01
-1.931604743003845215e-01
-2.001025676727294922e-01
-2.063546180725097656e-01
-2.115969657897949219e-01
-2.167845070362091064e-01
-2.208879888057708740e-01
-2.227919399738311768e-01
-2.236691117286682129e-01
-2.239155173301696777e-01
-2.241615056991577148e-01
-2.227703332901000977e-01
-2.198742032051086426e-01
-2.113576829433441162e-01
-2.003730833530426025e-01
-1.824724376201629639e-01
-1.672859787940979004e-01
-1.511410921812057495e-01
-1.347016692161560059e-01
-1.194907128810882568e-01
-1.122234612703323364e-01
-1.081694662570953369e-01
-1.043710857629776001e-01
-1.028426736593246460e-01
-1.008981168270111084e-01
-9.925703704357147217e-02
-9.847019612789154053e-02
-9.897901117801666260e-02
-1.005678772926330566e-01
-9.907194972038269043e-02
-1.003819853067398071e-01
-1.044732034206390381e-01
-1.078733801841735840e-01
-1.125674098730087280e-01
-1.185303628444671631e-01
-1.245344430208206177e-01
-1.305419653654098511e-01
-1.392606496810913086e-01
-1.449753642082214355e-01
-1.400278359651565552e-01
-1.335181146860122681e-01
-1.282844394445419312e-01
-1.232220679521560669e-01
-1.172661036252975464e-01
-1.120176911354064941e-01
-1.051962971687316895e-01
-9.710346162319183350e-02
-8.986696600914001465e-02
-8.823774755001068115e-02
-8.747889101505279541e-02
-9.068965911865234375e-02
-9.538094699382781982e-02
-1.022819727659225464e-01
-1.088105738162994385e-01
-1.143070906400680542e-01
-1.196514070034027100e-01
-1.249957680702209473e-01
-1.294835209846496582e-01
-1.333755552768707275e-01
-1.361385285854339600e-01
-1.392563879489898682e-01
-1.413263380527496338e-01
-1.448113620281219482e-01
-1.486991047859191895e-01
-1.495675146579742432e-01
-1.508297026157379150e-01
-1.526877880096435547e-01
-1.590640544891357422e-01
-1.641815304756164551e-01
-1.702071726322174072e-01
-1.766403019428253174e-01
-1.807462722063064575e-01
-1.797808259725570679e-01
-1.845829039812088013e-01
-1.928530931472778320e-01
-1.948894262313842773e-01
-1.929606199264526367e-01
-1.914133727550506592e-01
-1.900493800640106201e-01
-1.920045018196105957e-01
-1.973769068717956543e-01
-2.035019397735595703e-01
-2.013241350650787354e-01
-2.010174393653869629e-01
-2.047050446271896362e-01
-2.068656682968139648e-01
-2.049871236085891724e-01
-2.007295638322830200e-01
-1.968578994274139404e-01
-1.923886537551879883e-01
-1.972942650318145752e-01
-2.037753015756607056e-01
-2.024783939123153687e-01
-2.005642354488372803e-01
-1.985754370689392090e-01
-1.960094869136810303e-01
-1.934437155723571777e-01
-1.908777356147766113e-01
-1.883119642734527588e-01
-1.857460737228393555e-01
-1.902295351028442383e-01
-1.947283148765563965e-01
-1.992365419864654541e-01
-2.004038989543914795e-01
-1.977567076683044434e-01
-1.944661140441894531e-01
-1.911753118038177490e-01
-1.878845989704132080e-01
-1.845936179161071777e-01
-1.813031435012817383e-01
-1.780602931976318359e-01
-1.750068962574005127e-01
-1.708852648735046387e-01
-1.667824983596801758e-01
-1.626798808574676514e-01
-1.585772335529327393e-01
-8.464246988296508789e-02
-9.267833828926086426e-02
-1.007145345211029053e-01
-1.087503135204315186e-01
-1.177482008934020996e-01
-1.245636940002441406e-01
-1.313722133636474609e-01
-1.381803154945373535e-01
-1.452586054801940918e-01
-1.534554958343505859e-01
-1.623313724994659424e-01
-1.710346937179565430e-01
-1.797066330909729004e-01
-1.883788406848907471e-01
-1.967481970787048340e-01
-2.037281095981597900e-01
-2.099974751472473145e-01
-2.154269218444824219e-01
-2.177209556102752686e-01
-2.199679911136627197e-01
-2.214920818805694580e-01
-2.223305106163024902e-01
-2.227430939674377441e-01
-2.231555879116058350e-01
-2.235682308673858643e-01
-2.229193747043609619e-01
-2.174275517463684082e-01
-2.037851810455322266e-01
-1.890474259853363037e-01
-1.750609576702117920e-01
-1.592889279127120972e-01
-1.428032815456390381e-01
-1.294022351503372192e-01
-1.203418225049972534e-01
-1.162191480398178101e-01
-1.120965927839279175e-01
-1.107211410999298096e-01
-1.091165542602539062e-01
-1.079672873020172119e-01
-1.057402938604354858e-01
-1.000908911228179932e-01
-9.470815956592559814e-02
-9.573425352573394775e-02
-1.003469973802566528e-01
-1.071053296327590942e-01
-1.124780476093292236e-01
-1.171088814735412598e-01
-1.213612258434295654e-01
-1.256134957075119019e-01
-1.327518373727798462e-01
-1.419437527656555176e-01
-1.501282602548599243e-01
-1.489310562610626221e-01
-1.424211859703063965e-01
-1.341075748205184937e-01
-1.255054622888565063e-01
-1.201323866844177246e-01
-1.154523342847824097e-01
-1.095763295888900757e-01
-1.037002354860305786e-01
-9.541440010070800781e-02
-8.874183893203735352e-02
-8.544625341892242432e-02
-8.776229619979858398e-02
-9.157124161720275879e-02
-9.979137778282165527e-02
-1.089342236518859863e-01
-1.153879910707473755e-01
-1.207324266433715820e-01
-1.258918941020965576e-01
-1.303051710128784180e-01
-1.346333175897598267e-01
-1.371791958808898926e-01
-1.407463252544403076e-01
-1.447313427925109863e-01
-1.516628414392471313e-01
-1.595164388418197632e-01
-1.645053625106811523e-01
-1.676730215549468994e-01
-1.737596839666366577e-01
-1.819966733455657959e-01
-1.902695149183273315e-01
-1.987225115299224854e-01
-2.048361897468566895e-01
-2.095396220684051514e-01
-2.114700675010681152e-01
-2.137883007526397705e-01
-2.245193421840667725e-01
-2.262469530105590820e-01
-2.208734750747680664e-01
-2.197886705398559570e-01
-2.180487513542175293e-01
-2.164307534694671631e-01
-2.169385254383087158e-01
-2.139240503311157227e-01
-2.107294201850891113e-01
-2.074708640575408936e-01
-2.082570195198059082e-01
-2.114394009113311768e-01
-2.080644220113754272e-01
-2.046404778957366943e-01
-2.044591456651687622e-01
-2.027286887168884277e-01
-2.099178433418273926e-01
-2.164730131626129150e-01
-2.149275839328765869e-01
-2.133452892303466797e-01
-2.109272778034210205e-01
-2.083614766597747803e-01
-2.057956755161285400e-01
-2.032297551631927490e-01
-2.006639242172241211e-01
-1.980980038642883301e-01
-1.996819376945495605e-01
-2.041808664798736572e-01
-2.069624066352844238e-01
-2.044460773468017578e-01
-2.011552155017852783e-01
-1.978645026683807373e-01
-1.945740580558776855e-01
-1.912833452224731445e-01
-1.879925131797790527e-01
-1.847017407417297363e-01
-1.814110279083251953e-01
-1.794568896293640137e-01
-1.789865493774414062e-01
-1.746506392955780029e-01
-1.703109443187713623e-01
-1.659707725048065186e-01
-9.577211737632751465e-02
-1.033746898174285889e-01
-1.109773218631744385e-01
-1.165875196456909180e-01
-1.229142844676971436e-01
-1.298916637897491455e-01
-1.368691921234130859e-01
-1.438462138175964355e-01
-1.506501734256744385e-01
-1.590071320533752441e-01
-1.674033999443054199e-01
-1.760987937450408936e-01
-1.847708523273468018e-01
-1.934430599212646484e-01
-2.020862400531768799e-01
-2.079975903034210205e-01
-2.105369865894317627e-01
-2.127379775047302246e-01
-2.151439487934112549e-01
-2.172715067863464355e-01
-2.183690667152404785e-01
-2.190025448799133301e-01
-2.194152474403381348e-01
-2.198276519775390625e-01
-2.202401161193847656e-01
-2.198374867439270020e-01
-2.113204300403594971e-01
-1.985908448696136475e-01
-1.872110366821289062e-01
-1.738274693489074707e-01
-1.599301695823669434e-01
-1.449788808822631836e-01
-1.327078789472579956e-01
-1.247725337743759155e-01
-1.218535751104354858e-01
-1.197320222854614258e-01
-1.181362420320510864e-01
-1.149377971887588501e-01
-1.103510558605194092e-01
-1.051607728004455566e-01
-9.900929033756256104e-02
-9.550106525421142578e-02
-9.625869989395141602e-02
-1.015076488256454468e-01
-1.094656884670257568e-01
-1.156435608863830566e-01
-1.213418543338775635e-01
-1.259025633335113525e-01
-1.305807828903198242e-01
-1.372465044260025024e-01
-1.444179862737655640e-01
-1.524612754583358765e-01
-1.574934870004653931e-01
-1.520684063434600830e-01
-1.429315507411956787e-01
-1.337946057319641113e-01
-1.249271929264068604e-01
-1.182325631380081177e-01
-1.118758916854858398e-01
-1.041767001152038574e-01
-9.711745381355285645e-02
-8.935631811618804932e-02
-8.401656150817871094e-02
-8.611494302749633789e-02
-9.119258821010589600e-02
-1.003738343715667725e-01
-1.097084581851959229e-01
-1.164689958095550537e-01
-1.218133568763732910e-01
-1.267135590314865112e-01
-1.311268955469131470e-01
-1.351772844791412354e-01
-1.385869234800338745e-01
-1.433913558721542358e-01
-1.517593264579772949e-01
-1.610636264085769653e-01
-1.703678071498870850e-01
-1.791407912969589233e-01
-1.838718652725219727e-01
-1.916610598564147949e-01
-2.017515003681182861e-01
-2.121935784816741943e-01
-2.215653657913208008e-01
-2.292621135711669922e-01
-2.367037534713745117e-01
-2.437725961208343506e-01
-2.470777034759521484e-01
-2.553228437900543213e-01
-2.579159140586853027e-01
-2.535789310932159424e-01
-2.503691315650939941e-01
-2.476694285869598389e-01
-2.448504269123077393e-01
-2.381189167499542236e-01
-2.269119322299957275e-01
-2.195908129215240479e-01
-2.151933610439300537e-01
-2.125081121921539307e-01
-2.149914503097534180e-01
-2.107293903827667236e-01
-2.100116610527038574e-01
-2.115332186222076416e-01
-2.138476073741912842e-01
-2.220652699470520020e-01
-2.287340462207794189e-01
-2.273766696453094482e-01
-2.254260778427124023e-01
-2.232165336608886719e-01
-2.207134068012237549e-01
-2.181476056575775146e-01
-2.155816256999969482e-01
-2.130156755447387695e-01
-2.104499340057373047e-01
-2.091347277164459229e-01
-2.129441797733306885e-01
-2.111356258392333984e-01
-2.078450322151184082e-01
-2.045542597770690918e-01
-2.012633681297302246e-01
-1.979727745056152344e-01
-1.946820616722106934e-01
-1.913911700248718262e-01
-1.881005764007568359e-01
-1.848098933696746826e-01
-1.862036585807800293e-01
-1.875772774219512939e-01
-1.832779943943023682e-01
-1.781597435474395752e-01
-1.728521287441253662e-01
-1.073253452777862549e-01
-1.134289205074310303e-01
-1.188765764236450195e-01
-1.243242025375366211e-01
-1.300865113735198975e-01
-1.366304457187652588e-01
-1.431742012500762939e-01
-1.498938798904418945e-01
-1.571797132492065430e-01
-1.655759811401367188e-01
-1.739721894264221191e-01
-1.823681294918060303e-01
-1.905539929866790771e-01
-1.987025141716003418e-01
-2.058326303958892822e-01
-2.087577879428863525e-01
-2.106817960739135742e-01
-2.119593024253845215e-01
-2.129574716091156006e-01
-2.141485810279846191e-01
-2.152460813522338867e-01
-2.156745791435241699e-01
-2.160870730876922607e-01
-2.164996862411499023e-01
-2.169122993946075439e-01
-2.127937972545623779e-01
-2.042017579078674316e-01
-1.921432912349700928e-01
-1.810286045074462891e-01
-1.674166321754455566e-01
-1.528962850570678711e-01
-1.389913707971572876e-01
-1.288103759288787842e-01
-1.229226887226104736e-01
-1.222969293594360352e-01
-1.196838021278381348e-01
-1.142691969871520996e-01
-1.103347092866897583e-01
-1.064223796129226685e-01
-1.017894446849822998e-01
-9.739641845226287842e-02
-9.881946444511413574e-02
-1.026940494775772095e-01
-1.066739410161972046e-01
-1.108520179986953735e-01
-1.152804642915725708e-01
-1.210817247629165649e-01
-1.268229335546493530e-01
-1.334801167249679565e-01
-1.426765769720077515e-01
-1.509166359901428223e-01
-1.585478782653808594e-01
-1.653653383255004883e-01
-1.601986736059188843e-01
-1.512279212474822998e-01
-1.422450393438339233e-01
-1.326175481081008911e-01
-1.209917217493057251e-01
-1.115608215332031250e-01
-1.042424291372299194e-01
-9.648118913173675537e-02
-8.860032260417938232e-02
-8.394902944564819336e-02
-8.681038022041320801e-02
-9.268377721309661865e-02
-1.010088920593261719e-01
-1.104827225208282471e-01
-1.175268888473510742e-01
-1.228943467140197754e-01
-1.275352388620376587e-01
-1.317598819732666016e-01
-1.375968307256698608e-01
-1.447360515594482422e-01
-1.518986970186233521e-01
-1.611180007457733154e-01
-1.704222708940505981e-01
-1.800408065319061279e-01
-1.901856958866119385e-01
-1.984978765249252319e-01
-2.095381915569305420e-01
-2.192589342594146729e-01
-2.295230627059936523e-01
-2.397871315479278564e-01
-2.500512897968292236e-01
-2.597447931766510010e-01
-2.701097428798675537e-01
-2.799802720546722412e-01
-2.853050231933593750e-01
-2.877980172634124756e-01
-2.879346609115600586e-01
-2.866482138633728027e-01
-2.834429144859313965e-01
-2.753059864044189453e-01
-2.590679228305816650e-01
-2.451203763484954834e-01
-2.346732616424560547e-01
-2.255484759807586670e-01
-2.197256684303283691e-01
-2.179645597934722900e-01
-2.127847969532012939e-01
-2.153829634189605713e-01
-2.179103195667266846e-01
-2.254422008991241455e-01
-2.338602840900421143e-01
-2.405046522617340088e-01
-2.396117746829986572e-01
-2.374023497104644775e-01
-2.351926863193511963e-01
-2.329834699630737305e-01
-2.304992973804473877e-01
-2.279334366321563721e-01
-2.253674864768981934e-01
-2.226388454437255859e-01
-2.194560468196868896e-01
-2.181262969970703125e-01
-2.145341932773590088e-01
-2.112435698509216309e-01
-2.079528570175170898e-01
-2.046621441841125488e-01
-2.013713419437408447e-01
-1.980807483196258545e-01
-1.947898864746093750e-01
-1.914992034435272217e-01
-1.882083714008331299e-01
-1.927839517593383789e-01
-1.950338482856750488e-01
-1.898037493228912354e-01
-1.844048798084259033e-01
-1.781993508338928223e-01
-1.158108413219451904e-01
-1.212581992149353027e-01
-1.267056763172149658e-01
-1.321534216403961182e-01
-1.376008093357086182e-01
-1.441363990306854248e-01
-1.506800949573516846e-01
-1.572239398956298828e-01
-1.645970046520233154e-01
-1.725597679615020752e-01
-1.805408000946044922e-01
-1.889367103576660156e-01
-1.969038546085357666e-01
-2.019883990287780762e-01
-2.069790363311767578e-01
-2.092722058296203613e-01
-2.106505930423736572e-01
-2.120719254016876221e-01
-2.132489383220672607e-01
-2.130664885044097900e-01
-2.126103341579437256e-01
-2.123466134071350098e-01
-2.127591073513031006e-01
-2.131717801094055176e-01
-2.103860676288604736e-01
-2.045935392379760742e-01
-1.961144506931304932e-01
-1.842070221900939941e-01
-1.729035675525665283e-01
-1.596449464559555054e-01
-1.448991745710372925e-01
-1.321919113397598267e-01
-1.213016510009765625e-01
-1.116034090518951416e-01
-1.084257513284683228e-01
-1.052692830562591553e-01
-1.025136560201644897e-01
-1.008620858192443848e-01
-9.891620278358459473e-02
-9.706255793571472168e-02
-1.001557111740112305e-01
-1.049938201904296875e-01
-1.092467904090881348e-01
-1.131213456392288208e-01
-1.167319416999816895e-01
-1.183032542467117310e-01
-1.211225837469100952e-01
-1.280177682638168335e-01
-1.366997659206390381e-01
-1.463872194290161133e-01
-1.555521637201309204e-01
-1.637334972620010376e-01
-1.684572547674179077e-01
-1.671015322208404541e-01
-1.574358493089675903e-01
-1.477111130952835083e-01
-1.354066133499145508e-01
-1.230061501264572144e-01
-1.121259629726409912e-01
-1.041174232959747314e-01
-9.568682312965393066e-02
-8.789785206317901611e-02
-8.184121549129486084e-02
-8.265960961580276489e-02
-9.079062938690185547e-02
-1.002775877714157104e-01
-1.099829673767089844e-01
-1.174110025167465210e-01
-1.231470853090286255e-01
-1.294135004281997681e-01
-1.370958089828491211e-01
-1.447290778160095215e-01
-1.524586081504821777e-01
-1.608431190252304077e-01
-1.702280938625335693e-01
-1.796130686998367310e-01
-1.898802071809768677e-01
-2.011792212724685669e-01
-2.121123075485229492e-01
-2.224980294704437256e-01
-2.343978583812713623e-01
-2.463885843753814697e-01
-2.571462690830230713e-01
-2.674104273319244385e-01
-2.794453203678131104e-01
-2.935801148414611816e-01
-3.055058717727661133e-01
-3.086951076984405518e-01
-3.129388093948364258e-01
-3.168006837368011475e-01
-3.224836587905883789e-01
-3.195810317993164062e-01
-3.041071295738220215e-01
-2.853631675243377686e-01
-2.691409587860107422e-01
-2.546360790729522705e-01
-2.441594600677490234e-01
-2.340655624866485596e-01
-2.242710292339324951e-01
-2.177810370922088623e-01
-2.201657593250274658e-01
-2.262618243694305420e-01
-2.369534671306610107e-01
-2.456333935260772705e-01
-2.521032989025115967e-01
-2.511289417743682861e-01
-2.493784427642822266e-01
-2.471690177917480469e-01
-2.449597418308258057e-01
-2.427502572536468506e-01
-2.402853965759277344e-01
-2.377193868160247803e-01
-2.347748875617980957e-01
-2.287505567073822021e-01
-2.214891910552978516e-01
-2.179330289363861084e-01
-2.146421670913696289e-01
-2.113515734672546387e-01
-2.080607414245605469e-01
-2.047699987888336182e-01
-2.014793753623962402e-01
-1.981886327266693115e-01
-1.943759322166442871e-01
-1.928273141384124756e-01
-1.972394585609436035e-01
-2.009827494621276855e-01
-1.948753297328948975e-01
-1.886861324310302734e-01
-1.824806630611419678e-01
-1.236395537853240967e-01
-1.290874481201171875e-01
-1.345348060131072998e-01
-1.399824619293212891e-01
-1.454298794269561768e-01
-1.516421437263488770e-01
-1.581859886646270752e-01
-1.647296249866485596e-01
-1.726240813732147217e-01
-1.805865764617919922e-01
-1.885492801666259766e-01
-1.940422356128692627e-01
-1.989408731460571289e-01
-2.036351263523101807e-01
-2.084537446498870850e-01
-2.105102241039276123e-01
-2.119483351707458496e-01
-2.131481468677520752e-01
-2.136193513870239258e-01
-2.131911814212799072e-01
-2.122979760169982910e-01
-2.113397121429443359e-01
-2.102756798267364502e-01
-2.073875963687896729e-01
-2.019618153572082520e-01
-1.954588294029235840e-01
-1.861128509044647217e-01
-1.755911707878112793e-01
-1.633947938680648804e-01
-1.516478806734085083e-01
-1.361609846353530884e-01
-1.204262226819992065e-01
-1.063594371080398560e-01
-9.505635499954223633e-02
-9.252199530601501465e-02
-8.891779184341430664e-02
-8.536043763160705566e-02
-8.420677483081817627e-02
-8.555373549461364746e-02
-9.320895373821258545e-02
-1.003772616386413574e-01
-1.070725917816162109e-01
-1.130816042423248291e-01
-1.184035837650299072e-01
-1.238705217838287354e-01
-1.268024295568466187e-01
-1.298027634620666504e-01
-1.333500295877456665e-01
-1.408231109380722046e-01
-1.499575078487396240e-01
-1.583607941865921021e-01
-1.641859859228134155e-01
-1.691942512989044189e-01
-1.737941503524780273e-01
-1.652873307466506958e-01
-1.517404615879058838e-01
-1.380509287118911743e-01
-1.275305449962615967e-01
-1.179211288690567017e-01
-1.076189130544662476e-01
-9.478592872619628906e-02
-8.721804618835449219e-02
-8.106407523155212402e-02
-7.852636277675628662e-02
-8.544534444808959961e-02
-9.438882768154144287e-02
-1.064715683460235596e-01
-1.177491098642349243e-01
-1.266494095325469971e-01
-1.343682259321212769e-01
-1.420870423316955566e-01
-1.498060524463653564e-01
-1.583324670791625977e-01
-1.678266972303390503e-01
-1.772971898317337036e-01
-1.871869564056396484e-01
-1.979864537715911865e-01
-2.097404003143310547e-01
-2.219322621822357178e-01
-2.345197200775146484e-01
-2.466768622398376465e-01
-2.588339745998382568e-01
-2.709911167621612549e-01
-2.838657796382904053e-01
-2.989412248134613037e-01
-3.130302131175994873e-01
-3.223202526569366455e-01
-3.275287151336669922e-01
-3.350858390331268311e-01
-3.391650021076202393e-01
-3.474844396114349365e-01
-3.453507125377655029e-01
-3.322167992591857910e-01
-3.143225312232971191e-01
-2.956773340702056885e-01
-2.797431945800781250e-01
-2.669201195240020752e-01
-2.542923390865325928e-01
-2.405759990215301514e-01
-2.296182513236999512e-01
-2.275143265724182129e-01
-2.343591153621673584e-01
-2.494047284126281738e-01
-2.582693696022033691e-01
-2.642809152603149414e-01
-2.632955014705657959e-01
-2.614527642726898193e-01
-2.594718933105468750e-01
-2.570405006408691406e-01
-2.547267377376556396e-01
-2.525172531604766846e-01
-2.500714659690856934e-01
-2.461626827716827393e-01
-2.347969114780426025e-01
-2.248523533344268799e-01
-2.213317155838012695e-01
-2.180410921573638916e-01
-2.147500813007354736e-01
-2.114594876766204834e-01
-2.081688642501831055e-01
-2.040007412433624268e-01
-1.997421085834503174e-01
-1.954837441444396973e-01
-1.966720819473266602e-01
-2.002403736114501953e-01
-2.038649022579193115e-01
-1.993934512138366699e-01
-1.933509707450866699e-01
-1.865004599094390869e-01
-1.314691305160522461e-01
-1.369164288043975830e-01
-1.423641443252563477e-01
-1.478115618228912354e-01
-1.532593071460723877e-01
-1.591482162475585938e-01
-1.656919419765472412e-01
-1.726320087909698486e-01
-1.806505918502807617e-01
-1.870837807655334473e-01
-1.919822394847869873e-01
-1.968807876110076904e-01
-2.017793655395507812e-01
-2.066003382205963135e-01
-2.110927402973175049e-01
-2.124789357185363770e-01
-2.132747173309326172e-01
-2.144866883754730225e-01
-2.144134342670440674e-01
-2.143199443817138672e-01
-2.133251726627349854e-01
-2.119340896606445312e-01
-2.087321579456329346e-01
-2.014524936676025391e-01
-1.932272017002105713e-01
-1.852817535400390625e-01
-1.751323640346527100e-01
-1.657273769378662109e-01
-1.521226465702056885e-01
-1.370039135217666626e-01
-1.192732751369476318e-01
-1.041574180126190186e-01
-9.076860547065734863e-02
-7.925339043140411377e-02
-7.649746537208557129e-02
-7.298609614372253418e-02
-6.965340673923492432e-02
-7.036481797695159912e-02
-7.688170671463012695e-02
-8.539181947708129883e-02
-9.311570227146148682e-02
-1.026091575622558594e-01
-1.121091991662979126e-01
-1.214312613010406494e-01
-1.283738911151885986e-01
-1.335864663124084473e-01
-1.378757655620574951e-01
-1.429415792226791382e-01
-1.491401940584182739e-01
-1.549025475978851318e-01
-1.598023176193237305e-01
-1.643343567848205566e-01
-1.684781908988952637e-01
-1.714927405118942261e-01
-1.683682352304458618e-01
-1.576277911663055420e-01
-1.465288102626800537e-01
-1.354744881391525269e-01
-1.237956434488296509e-01
-1.113860607147216797e-01
-9.883248805999755859e-02
-8.800938725471496582e-02
-8.059823513031005859e-02
-7.565277814865112305e-02
-8.035048842430114746e-02
-9.075163304805755615e-02
-1.056758314371109009e-01
-1.193756759166717529e-01
-1.302043050527572632e-01
-1.393230557441711426e-01
-1.470419466495513916e-01
-1.547608077526092529e-01
-1.643963605165481567e-01
-1.745170205831527710e-01
-1.839876025915145874e-01
-1.944899559020996094e-01
-2.056398391723632812e-01
-2.154768407344818115e-01
-2.312573194503784180e-01
-2.455799281597137451e-01
-2.578278481960296631e-01
-2.699849903583526611e-01
-2.821420729160308838e-01
-2.981599569320678711e-01
-3.140989243984222412e-01
-3.286024034023284912e-01
-3.356252610683441162e-01
-3.408575952053070068e-01
-3.487795293331146240e-01
-3.552405536174774170e-01
-3.638265430927276611e-01
-3.611976802349090576e-01
-3.523517549037933350e-01
-3.379754126071929932e-01
-3.215059638023376465e-01
-3.048896789550781250e-01
-2.894737124443054199e-01
-2.767881453037261963e-01
-2.608374357223510742e-01
-2.489264607429504395e-01
-2.421312630176544189e-01
-2.469356656074523926e-01
-2.607318460941314697e-01
-2.702845633029937744e-01
-2.763788402080535889e-01
-2.755100727081298828e-01
-2.737481892108917236e-01
-2.719861567020416260e-01
-2.700772881507873535e-01
-2.677266895771026611e-01
-2.653759717941284180e-01
-2.626997828483581543e-01
-2.528217434883117676e-01
-2.412196695804595947e-01
-2.296079099178314209e-01
-2.247302830219268799e-01
-2.214397192001342773e-01
-2.178838849067687988e-01
-2.136253714561462402e-01
-2.094289958477020264e-01
-2.052806019783020020e-01
-2.002620995044708252e-01
-1.959507763385772705e-01
-1.995752751827239990e-01
-2.031995952129364014e-01
-2.067308425903320312e-01
-2.031933069229125977e-01
-1.962769627571105957e-01
-1.892711520195007324e-01
-1.392981112003326416e-01
-1.447459757328033447e-01
-1.501933634281158447e-01
-1.556408703327178955e-01
-1.610885262489318848e-01
-1.666541099548339844e-01
-1.731978952884674072e-01
-1.800630688667297363e-01
-1.850238144397735596e-01
-1.899221539497375488e-01
-1.948207318782806396e-01
-1.997193098068237305e-01
-2.046178877353668213e-01
-2.095162570476531982e-01
-2.138659656047821045e-01
-2.151748836040496826e-01
-2.158461213111877441e-01
-2.163859903812408447e-01
-2.160958051681518555e-01
-2.154502272605895996e-01
-2.142383158206939697e-01
-2.121962904930114746e-01
-2.047635316848754883e-01
-1.959238350391387939e-01
-1.865397095680236816e-01
-1.763558685779571533e-01
-1.626715958118438721e-01
-1.481247544288635254e-01
-1.325161308050155640e-01
-1.174621134996414185e-01
-1.029712855815887451e-01
-8.870579302310943604e-02
-7.597348093986511230e-02
-6.391428411006927490e-02
-6.061184406280517578e-02
-5.839568376541137695e-02
-5.767953395843505859e-02
-6.171329319477081299e-02
-7.097154855728149414e-02
-8.069767057895660400e-02
-8.943577110767364502e-02
-9.835441410541534424e-02
-1.072837710380554199e-01
-1.167836785316467285e-01
-1.252421140670776367e-01
-1.330817192792892456e-01
-1.402816623449325562e-01
-1.482671201229095459e-01
-1.557650119066238403e-01
-1.606902480125427246e-01
-1.624406576156616211e-01
-1.643259376287460327e-01
-1.667945832014083862e-01
-1.708762645721435547e-01
-1.726440042257308960e-01
-1.639250367879867554e-01
-1.532263010740280151e-01
-1.425275653600692749e-01
-1.307734102010726929e-01
-1.175093650817871094e-01
-1.039171218872070312e-01
-9.256191551685333252e-02
-8.225024491548538208e-02
-7.703816145658493042e-02
-8.134537935256958008e-02
-9.213094413280487061e-02
-1.064641177654266357e-01
-1.202321052551269531e-01
-1.309646368026733398e-01
-1.409001499414443970e-01
-1.508357226848602295e-01
-1.600048989057540894e-01
-1.705665290355682373e-01
-1.812341958284378052e-01
-1.913021206855773926e-01
-2.015217691659927368e-01
-2.109445035457611084e-01
-2.226262688636779785e-01
-2.404502034187316895e-01
-2.563364803791046143e-01
-2.689788043498992920e-01
-2.811360061168670654e-01
-2.958920300006866455e-01
-3.122338950634002686e-01
-3.281100094318389893e-01
-3.392976820468902588e-01
-3.456081449985504150e-01
-3.515340089797973633e-01
-3.591082096099853516e-01
-3.681744039058685303e-01
-3.695125877857208252e-01
-3.698788583278656006e-01
-3.683707118034362793e-01
-3.578575551509857178e-01
-3.422803580760955811e-01
-3.261989951133728027e-01
-3.101524710655212402e-01
-2.978533208370208740e-01
-2.836633026599884033e-01
-2.713055610656738281e-01
-2.616148591041564941e-01
-2.663349807262420654e-01
-2.759348154067993164e-01
-2.835892438888549805e-01
-2.882267832756042480e-01
-2.871734499931335449e-01
-2.850609719753265381e-01
-2.830193340778350830e-01
-2.811652123928070068e-01
-2.792707681655883789e-01
-2.769042849540710449e-01
-2.696360647678375244e-01
-2.585465908050537109e-01
-2.472590506076812744e-01
-2.358614802360534668e-01
-2.278389632701873779e-01
-2.235492765903472900e-01
-2.192595303058624268e-01
-2.147381603717803955e-01
-2.095507681369781494e-01
-2.043633460998535156e-01
-1.991934180259704590e-01
-1.983107328414916992e-01
-2.016741633415222168e-01
-2.044685781002044678e-01
-2.072633802890777588e-01
-2.056505680084228516e-01
-1.986423730850219727e-01
-1.909678280353546143e-01
-1.471272110939025879e-01
-1.525749564170837402e-01
-1.580225527286529541e-01
-1.634703576564788818e-01
-1.689177453517913818e-01
-1.743650734424591064e-01
-1.779899597167968750e-01
-1.828956305980682373e-01
-1.878620386123657227e-01
-1.927608549594879150e-01
-1.976593732833862305e-01
-2.025577127933502197e-01
-2.074563205242156982e-01
-2.123549282550811768e-01
-2.165621817111968994e-01
-2.178710997104644775e-01
-2.184559106826782227e-01
-2.183271050453186035e-01
-2.182681262493133545e-01
-2.174973785877227783e-01
-2.160556316375732422e-01
-2.084142565727233887e-01
-1.996190845966339111e-01
-1.890487670898437500e-01
-1.758742332458496094e-01
-1.610405147075653076e-01
-1.458461582660675049e-01
-1.305766701698303223e-01
-1.148500889539718628e-01
-9.896306693553924561e-02
-8.755543828010559082e-02
-7.410128414630889893e-02
-6.154124438762664795e-02
-4.911863803863525391e-02
-4.728016257286071777e-02
-4.719769954681396484e-02
-5.070671439170837402e-02
-5.768433213233947754e-02
-6.741034984588623047e-02
-7.713657617568969727e-02
-8.606441318988800049e-02
-9.498295187950134277e-02
-1.039016246795654297e-01
-1.128203570842742920e-01
-1.210467815399169922e-01
-1.283844560384750366e-01
-1.362027674913406372e-01
-1.452315449714660645e-01
-1.533721387386322021e-01
-1.583807766437530518e-01
-1.619470864534378052e-01
-1.650532782077789307e-01
-1.679863780736923218e-01
-1.713527739048004150e-01
-1.741394251585006714e-01
-1.700716614723205566e-01
-1.599238216876983643e-01
-1.493093818426132202e-01
-1.363699436187744141e-01
-1.231001019477844238e-01
-1.107505559921264648e-01
-1.010802984237670898e-01
-9.266342222690582275e-02
-8.560468256473541260e-02
-8.397862315177917480e-02
-9.381303191184997559e-02
-1.071735769510269165e-01
-1.209509372711181641e-01
-1.317249983549118042e-01
-1.416605114936828613e-01
-1.515960544347763062e-01
-1.629280894994735718e-01
-1.758967936038970947e-01
-1.881144344806671143e-01
-1.974642574787139893e-01
-2.068264484405517578e-01
-2.167277932167053223e-01
-2.315904200077056885e-01
-2.495256960391998291e-01
-2.667187154293060303e-01
-2.801298499107360840e-01
-2.936239540576934814e-01
-3.103636205196380615e-01
-3.262450098991394043e-01
-3.408080637454986572e-01
-3.475718498229980469e-01
-3.534976840019226074e-01
-3.594235181808471680e-01
-3.653493821620941162e-01
-3.730035126209259033e-01
-3.749182522296905518e-01
-3.752845823764801025e-01
-3.756509423255920410e-01
-3.730263113975524902e-01
-3.613002598285675049e-01
-3.456190526485443115e-01
-3.295325338840484619e-01
-3.150570094585418701e-01
-3.035773336887359619e-01
-2.933570742607116699e-01
-2.855415046215057373e-01
-2.886309921741485596e-01
-2.964426577091217041e-01
-3.037947118282318115e-01
-3.043621480464935303e-01
-3.006003201007843018e-01
-2.967468798160552979e-01
-2.945596873760223389e-01
-2.924472391605377197e-01
-2.903389334678649902e-01
-2.856619060039520264e-01
-2.744478583335876465e-01
-2.633323371410369873e-01
-2.513852119445800781e-01
-2.392590939998626709e-01
-2.283271253108978271e-01
-2.236316502094268799e-01
-2.185299396514892578e-01
-2.134280800819396973e-01
-2.083264887332916260e-01
-2.032245993614196777e-01
-1.975319981575012207e-01
-1.989504992961883545e-01
-2.016088962554931641e-01
-2.040659189224243164e-01
-2.059465050697326660e-01
-2.052636444568634033e-01
-1.975228488445281982e-01
-1.899381279945373535e-01
-1.549565494060516357e-01
-1.604041755199432373e-01
-1.658515632152557373e-01
-1.712992191314697266e-01
-1.749729812145233154e-01
-1.773565411567687988e-01
-1.806250512599945068e-01
-1.857278048992156982e-01
-1.907006502151489258e-01
-1.955991983413696289e-01
-2.004978954792022705e-01
-2.053963243961334229e-01
-2.102947533130645752e-01
-2.151934504508972168e-01
-2.192028462886810303e-01
-2.205672264099121094e-01
-2.205719053745269775e-01
-2.202681601047515869e-01
-2.202053666114807129e-01
-2.195445001125335693e-01
-2.120274007320404053e-01
-2.023717463016510010e-01
-1.889787614345550537e-01
-1.743154823780059814e-01
-1.592448204755783081e-01
-1.441179215908050537e-01
-1.293303966522216797e-01
-1.143591105937957764e-01
-1.009316295385360718e-01
-8.598884940147399902e-02
-7.416707277297973633e-02
-6.037853658199310303e-02
-4.880553483963012695e-02
-3.946207463741302490e-02
-3.809255361557006836e-02
-4.087087512016296387e-02
-4.739253222942352295e-02
-5.452455580234527588e-02
-6.384904682636260986e-02
-7.358479499816894531e-02
-8.269305527210235596e-02
-9.161168336868286133e-02
-1.005303710699081421e-01
-1.100181043148040771e-01
-1.178898215293884277e-01
-1.248409897089004517e-01
-1.326261460781097412e-01
-1.393271237611770630e-01
-1.456987410783767700e-01
-1.507278829813003540e-01
-1.554575264453887939e-01
-1.601870656013488770e-01
-1.647449135780334473e-01
-1.684612929821014404e-01
-1.730460524559020996e-01
-1.748897433280944824e-01
-1.661670058965682983e-01
-1.558752208948135376e-01
-1.428010761737823486e-01
-1.319233924150466919e-01
-1.223645210266113281e-01
-1.131403744220733643e-01
-1.047480106353759766e-01
-9.696197509765625000e-02
-9.115049242973327637e-02
-9.615099430084228516e-02
-1.077472567558288574e-01
-1.215481609106063843e-01
-1.324853897094726562e-01
-1.424209624528884888e-01
-1.526668816804885864e-01
-1.650435030460357666e-01
-1.780014038085937500e-01
-1.907754987478256226e-01
-2.020250856876373291e-01
-2.121760249137878418e-01
-2.235147953033447266e-01
-2.406658828258514404e-01
-2.586013078689575195e-01
-2.765365540981292725e-01
-2.916384041309356689e-01
-3.081268966197967529e-01
-3.243799507617950439e-01
-3.393434286117553711e-01
-3.494644165039062500e-01
-3.554614484310150146e-01
-3.613873124122619629e-01
-3.673131465911865234e-01
-3.701697885990142822e-01
-3.711866438388824463e-01
-3.774697482585906982e-01
-3.797638714313507080e-01
-3.810566365718841553e-01
-3.813453912734985352e-01
-3.752837479114532471e-01
-3.616757392883300781e-01
-3.473315834999084473e-01
-3.330617547035217285e-01
-3.219942450523376465e-01
-3.108634650707244873e-01
-3.069948256015777588e-01
-3.100352883338928223e-01
-3.177510499954223633e-01
-3.256825506687164307e-01
-3.269270956516265869e-01
-3.220320045948028564e-01
-3.136309087276458740e-01
-3.078756332397460938e-01
-3.045383393764495850e-01
-3.013682067394256592e-01
-2.913271784782409668e-01
-2.793598473072052002e-01
-2.669764757156372070e-01
-2.545931339263916016e-01
-2.415324747562408447e-01
-2.286809384822845459e-01
-2.219567298889160156e-01
-2.168547511100769043e-01
-2.117530107498168945e-01
-2.058120369911193848e-01
-1.997997164726257324e-01
-1.956740319728851318e-01
-1.975548863410949707e-01
-1.994352638721466064e-01
-2.013160884380340576e-01
-2.031967639923095703e-01
-2.043581604957580566e-01
-1.966353058815002441e-01
-1.904759407043457031e-01
-1.626740992069244385e-01
-1.682335734367370605e-01
-1.728471815586090088e-01
-1.752305030822753906e-01
-1.776138246059417725e-01
-1.799974441528320312e-01
-1.834574341773986816e-01
-1.885601580142974854e-01
-1.935393512248992920e-01
-1.984378099441528320e-01
-2.033364176750183105e-01
-2.082347869873046875e-01
-2.131333351135253906e-01
-2.180320024490356445e-01
-2.217720150947570801e-01
-2.232634425163269043e-01
-2.226357758045196533e-01
-2.222093343734741211e-01
-2.220938205718994141e-01
-2.141305804252624512e-01
-2.007650434970855713e-01
-1.863071024417877197e-01
-1.718494743108749390e-01
-1.573915928602218628e-01
-1.427608728408813477e-01
-1.280607283115386963e-01
-1.144438683986663818e-01
-1.006307303905487061e-01
-8.822081983089447021e-02
-7.527907192707061768e-02
-6.446626782417297363e-02
-5.574505031108856201e-02
-4.463762044906616211e-02
-3.302611410617828369e-02
-3.165441751480102539e-02
-3.745232522487640381e-02
-4.448841512203216553e-02
-5.162034928798675537e-02
-6.028786301612854004e-02
-7.015210390090942383e-02
-7.932159304618835449e-02
-8.824014663696289062e-02
-9.749375283718109131e-02
-1.072010099887847900e-01
-1.147098094224929810e-01
-1.216552853584289551e-01
-1.287921965122222900e-01
-1.348424404859542847e-01
-1.394897699356079102e-01
-1.437121629714965820e-01
-1.481585800647735596e-01
-1.528883129358291626e-01
-1.569591164588928223e-01
-1.611086130142211914e-01
-1.653767228126525879e-01
-1.705809980630874634e-01
-1.702896356582641602e-01
-1.623869091272354126e-01
-1.528814584016799927e-01
-1.436227858066558838e-01
-1.346890628337860107e-01
-1.252004802227020264e-01
-1.167784929275512695e-01
-1.091051697731018066e-01
-1.025951057672500610e-01
-1.023898422718048096e-01
-1.080759614706039429e-01
-1.220337152481079102e-01
-1.332916766405105591e-01
-1.433005928993225098e-01
-1.546332240104675293e-01
-1.671590059995651245e-01
-1.783668845891952515e-01
-1.907144933938980103e-01
-2.031352072954177856e-01
-2.156197130680084229e-01
-2.314789593219757080e-01
-2.497413158416748047e-01
-2.676767110824584961e-01
-2.856120765209197998e-01
-3.052997589111328125e-01
-3.220343291759490967e-01
-3.368297219276428223e-01
-3.505680859088897705e-01
-3.574252426624298096e-01
-3.633510470390319824e-01
-3.692769110202789307e-01
-3.752027153968811035e-01
-3.705167472362518311e-01
-3.690122067928314209e-01
-3.773690760135650635e-01
-3.816296160221099854e-01
-3.837227523326873779e-01
-3.857618868350982666e-01
-3.852125108242034912e-01
-3.752438724040985107e-01
-3.614365756511688232e-01
-3.509648740291595459e-01
-3.388829827308654785e-01
-3.294623792171478271e-01
-3.275791406631469727e-01
-3.309953808784484863e-01
-3.352797627449035645e-01
-3.455750644207000732e-01
-3.503241837024688721e-01
-3.457932174205780029e-01
-3.383799791336059570e-01
-3.297415375709533691e-01
-3.197754621505737305e-01
-3.075518906116485596e-01
-2.949012815952301025e-01
-2.829937636852264404e-01
-2.701201140880584717e-01
-2.568389177322387695e-01
-2.435578107833862305e-01
-2.306436598300933838e-01
-2.208535969257354736e-01
-2.144048213958740234e-01
-2.079194486141204834e-01
-2.010488212108612061e-01
-1.942585706710815430e-01
-1.929241716861724854e-01
-1.948048174381256104e-01
-1.966852545738220215e-01
-1.985661089420318604e-01
-2.004468739032745361e-01
-2.038572132587432861e-01
-1.988224387168884277e-01
-1.927145719528198242e-01
-1.703747510910034180e-01
-1.715981960296630859e-01
-1.752181351184844971e-01
-1.778715252876281738e-01
-1.802549958229064941e-01
-1.826382279396057129e-01
-1.863687038421630859e-01
-1.913926005363464355e-01
-1.963778138160705566e-01
-2.012764811515808105e-01
-2.061747610569000244e-01
-2.110733389854431152e-01
-2.159719765186309814e-01
-2.208703160285949707e-01
-2.243411839008331299e-01
-2.254608571529388428e-01
-2.246995568275451660e-01
-2.218858301639556885e-01
-2.115201056003570557e-01
-1.975247263908386230e-01
-1.835222542285919189e-01
-1.691779196262359619e-01
-1.547202169895172119e-01
-1.402623653411865234e-01
-1.258044689893722534e-01
-1.126770377159118652e-01
-1.007629036903381348e-01
-8.893892168998718262e-02
-7.873448729515075684e-02
-6.976443529129028320e-02
-6.177498400211334229e-02
-5.386741459369659424e-02
-4.225504398345947266e-02
-3.111651539802551270e-02
-3.142435848712921143e-02
-3.655613958835601807e-02
-4.278792440891265869e-02
-4.939635097980499268e-02
-5.688318610191345215e-02
-6.671914458274841309e-02
-7.595020532608032227e-02
-8.496946096420288086e-02
-9.470902383327484131e-02
-1.046415865421295166e-01
-1.121751666069030762e-01
-1.182062178850173950e-01
-1.247691363096237183e-01
-1.294165253639221191e-01
-1.339521110057830811e-01
-1.378673166036605835e-01
-1.420156359672546387e-01
-1.460348367691040039e-01
-1.496098041534423828e-01
-1.537594199180603027e-01
-1.588617116212844849e-01
-1.671478897333145142e-01
-1.708809584379196167e-01
-1.647549867630004883e-01
-1.574446111917495728e-01
-1.501339077949523926e-01
-1.420905590057373047e-01
-1.349526494741439819e-01
-1.281197071075439453e-01
-1.215004622936248779e-01
-1.138527691364288330e-01
-1.111700385808944702e-01
-1.150341480970382690e-01
-1.232289075851440430e-01
-1.323269605636596680e-01
-1.435995101928710938e-01
-1.567486524581909180e-01
-1.670294106006622314e-01
-1.781351715326309204e-01
-1.913044899702072144e-01
-2.045553624629974365e-01
-2.188313305377960205e-01
-2.362429201602935791e-01
-2.563948333263397217e-01
-2.765468657016754150e-01
-2.968043386936187744e-01
-3.178124427795410156e-01
-3.343160152435302734e-01
-3.491114079952239990e-01
-3.592028319835662842e-01
-3.653147816658020020e-01
-3.712405860424041748e-01
-3.771663606166839600e-01
-3.759821057319641113e-01
-3.708637356758117676e-01
-3.671304583549499512e-01
-3.751946389675140381e-01
-3.827585875988006592e-01
-3.855884075164794922e-01
-3.871097862720489502e-01
-3.885177671909332275e-01
-3.866160809993743896e-01
-3.753305077552795410e-01
-3.667314648628234863e-01
-3.536182940006256104e-01
-3.467088639736175537e-01
-3.478857278823852539e-01
-3.507724106311798096e-01
-3.545896112918853760e-01
-3.619162440299987793e-01
-3.693636953830718994e-01
-3.655962049961090088e-01
-3.598543107509613037e-01
-3.517299294471740723e-01
-3.385165631771087646e-01
-3.201581835746765137e-01
-3.018122613430023193e-01
-2.853838205337524414e-01
-2.718203663825988770e-01
-2.589379549026489258e-01
-2.452313899993896484e-01
-2.311815917491912842e-01
-2.173372805118560791e-01
-2.103458940982818604e-01
-2.031197845935821533e-01
-1.958932280540466309e-01
-1.887999475002288818e-01
-1.903201639652252197e-01
-1.920547783374786377e-01
-1.939350664615631104e-01
-1.972751915454864502e-01
-2.007374465465545654e-01
-2.042001783847808838e-01
-2.010096013545989990e-01
-1.952472329139709473e-01
-1.770910620689392090e-01
-1.763414740562438965e-01
-1.755912303924560547e-01
-1.788476109504699707e-01
-1.824673414230346680e-01
-1.855173408985137939e-01
-1.895240843296051025e-01
-1.942248940467834473e-01
-1.992163658142089844e-01
-2.041145563125610352e-01
-2.090132236480712891e-01
-2.139117419719696045e-01
-2.188104689121246338e-01
-2.237088978290557861e-01
-2.266382575035095215e-01
-2.244762778282165527e-01
-2.183540761470794678e-01
-2.078587114810943604e-01
-1.940826475620269775e-01
-1.800803244113922119e-01
-1.660779863595962524e-01
-1.520486921072006226e-01
-1.375909149646759033e-01
-1.231330484151840210e-01
-1.098458021879196167e-01
-1.001339256763458252e-01
-9.091517329216003418e-02
-8.004176616668701172e-02
-7.224486768245697021e-02
-6.725598871707916260e-02
-5.948421359062194824e-02
-5.131217837333679199e-02
-4.085414111614227295e-02
-3.431953489780426025e-02
-3.451661765575408936e-02
-3.921489417552947998e-02
-4.391317069530487061e-02
-4.866823554039001465e-02
-5.495317280292510986e-02
-6.455042958259582520e-02
-7.331930100917816162e-02
-8.296066522598266602e-02
-9.362417459487915039e-02
-1.026860475540161133e-01
-1.074937731027603149e-01
-1.142455637454986572e-01
-1.193432211875915527e-01
-1.239908039569854736e-01
-1.283207535743713379e-01
-1.320429146289825439e-01
-1.365433931350708008e-01
-1.401400417089462280e-01
-1.445621848106384277e-01
-1.516620963811874390e-01
-1.595473885536193848e-01
-1.677930951118469238e-01
-1.730970591306686401e-01
-1.675659120082855225e-01
-1.583712697029113770e-01
-1.510607451200485229e-01
-1.437501907348632812e-01
-1.374676972627639771e-01
-1.321661323308944702e-01
-1.279569715261459351e-01
-1.229083687067031860e-01
-1.203645318746566772e-01
-1.225008517503738403e-01
-1.292163133621215820e-01
-1.362373977899551392e-01
-1.443001031875610352e-01
-1.537458747625350952e-01
-1.650354862213134766e-01
-1.779605746269226074e-01
-1.918945610523223877e-01
-2.070544362068176270e-01
-2.221745848655700684e-01
-2.411239445209503174e-01
-2.612758576869964600e-01
-2.817380428314208984e-01
-3.053191602230072021e-01
-3.287667632102966309e-01
-3.464554250240325928e-01
-3.603064119815826416e-01
-3.672785758972167969e-01
-3.732043802738189697e-01
-3.791301548480987549e-01
-3.814475536346435547e-01
-3.763290345668792725e-01
-3.712150752544403076e-01
-3.678533136844635010e-01
-3.732448518276214600e-01
-3.817116916179656982e-01
-3.874146044254302979e-01
-3.890124857425689697e-01
-3.904248774051666260e-01
-3.914031684398651123e-01
-3.876986205577850342e-01
-3.812020421028137207e-01
-3.685174286365509033e-01
-3.615724742412567139e-01
-3.650155067443847656e-01
-3.695530891418457031e-01
-3.732145726680755615e-01
-3.769770562648773193e-01
-3.844591677188873291e-01
-3.823683261871337891e-01
-3.752242028713226318e-01
-3.662165403366088867e-01
-3.515156507492065430e-01
-3.344306349754333496e-01
-3.150052130222320557e-01
-2.955693304538726807e-01
-2.768554389476776123e-01
-2.587594091892242432e-01
-2.434449493885040283e-01
-2.288936078548431396e-01
-2.143422067165374756e-01
-2.054959833621978760e-01
-1.985235214233398438e-01
-1.912972331047058105e-01
-1.875518560409545898e-01
-1.889962852001190186e-01
-1.918289363384246826e-01
-1.948550641536712646e-01
-1.978814303874969482e-01
-2.011144459247589111e-01
-2.045432627201080322e-01
-2.035059928894042969e-01
-1.977799534797668457e-01
-1.853520572185516357e-01
-1.838607192039489746e-01
-1.823692023754119873e-01
-1.813917756080627441e-01
-1.824769377708435059e-01
-1.868496537208557129e-01
-1.920931041240692139e-01
-1.970572769641876221e-01
-2.020547389984130859e-01
-2.069533765316009521e-01
-2.118519544601440430e-01
-2.167505025863647461e-01
-2.209972441196441650e-01
-2.224742472171783447e-01
-2.202599048614501953e-01
-2.148775458335876465e-01
-2.045997679233551025e-01
-1.906195878982543945e-01
-1.766386181116104126e-01
-1.626362502574920654e-01
-1.486337929964065552e-01
-1.351736485958099365e-01
-1.221309006214141846e-01
-1.091021895408630371e-01
-9.800916910171508789e-02
-8.959227800369262695e-02
-8.220423758029937744e-02
-7.465359568595886230e-02
-6.788092851638793945e-02
-6.409904360771179199e-02
-5.719357728958129883e-02
-4.831324517726898193e-02
-4.385735094547271729e-02
-3.853332996368408203e-02
-3.782337903976440430e-02
-4.252173006534576416e-02
-4.721997678279876709e-02
-5.191829800605773926e-02
-5.661651492118835449e-02
-6.474301218986511230e-02
-7.442198693752288818e-02
-8.397041261196136475e-02
-9.228689968585968018e-02
-9.858551621437072754e-02
-1.038579493761062622e-01
-1.092702299356460571e-01
-1.139175295829772949e-01
-1.185649782419204712e-01
-1.226893067359924316e-01
-1.267969906330108643e-01
-1.318140923976898193e-01
-1.386028081178665161e-01
-1.457795053720474243e-01
-1.536970585584640503e-01
-1.616466641426086426e-01
-1.683724671602249146e-01
-1.722690910100936890e-01
-1.710924506187438965e-01
-1.626043468713760376e-01
-1.526931822299957275e-01
-1.450372040271759033e-01
-1.386664211750030518e-01
-1.327669471502304077e-01
-1.271731704473495483e-01
-1.226463615894317627e-01
-1.212210059165954590e-01
-1.248642504215240479e-01
-1.319985538721084595e-01
-1.409235745668411255e-01
-1.475611627101898193e-01
-1.535897403955459595e-01
-1.636987030506134033e-01
-1.756828874349594116e-01
-1.909294277429580688e-01
-2.089780569076538086e-01
-2.261277437210083008e-01
-2.457400262355804443e-01
-2.650418877601623535e-01
-2.881377637386322021e-01
-3.118227720260620117e-01
-3.348121941089630127e-01
-3.563001453876495361e-01
-3.689410388469696045e-01
-3.751810491085052490e-01
-3.812170326709747314e-01
-3.871460855007171631e-01
-3.821378648281097412e-01
-3.771294653415679932e-01
-3.721212148666381836e-01
-3.690208494663238525e-01
-3.716297745704650879e-01
-3.800705969333648682e-01
-3.877469599246978760e-01
-3.909196257591247559e-01
-3.923320174217224121e-01
-3.937445580959320068e-01
-3.968559205532073975e-01
-3.933188021183013916e-01
-3.813593089580535889e-01
-3.772576451301574707e-01
-3.813546001911163330e-01
-3.851016461849212646e-01
-3.886712193489074707e-01
-3.921454846858978271e-01
-3.958694934844970703e-01
-3.955662548542022705e-01
-3.875403106212615967e-01
-3.747034072875976562e-01
-3.597135245800018311e-01
-3.433551192283630371e-01
-3.244143426418304443e-01
-3.054736554622650146e-01
-2.850135862827301025e-01
-2.643556892871856689e-01
-2.453452646732330322e-01
-2.276082932949066162e-01
-2.120815813541412354e-01
-2.005245089530944824e-01
-1.936544179916381836e-01
-1.867014765739440918e-01
-1.876216530799865723e-01
-1.906477510929107666e-01
-1.936738342046737671e-01
-1.967001259326934814e-01
-1.997266709804534912e-01
-2.027530372142791748e-01
-2.060005962848663330e-01
-2.064952254295349121e-01
-2.004116177558898926e-01
-1.939286291599273682e-01
-1.924373209476470947e-01
-1.909456849098205566e-01
-1.894545257091522217e-01
-1.879629790782928467e-01
-1.877394616603851318e-01
-1.926172673702239990e-01
-1.979081928730010986e-01
-2.041483223438262939e-01
-2.097918987274169922e-01
-2.136590778827667236e-01
-2.144500017166137695e-01
-2.145819365978240967e-01
-2.146820127964019775e-01
-2.100565135478973389e-01
-2.014396488666534424e-01
-1.873603165149688721e-01
-1.731968373060226440e-01
-1.594930589199066162e-01
-1.466173827648162842e-01
-1.337420940399169922e-01
-1.208665966987609863e-01
-1.082367897033691406e-01
-9.715984761714935303e-02
-8.739224076271057129e-02
-8.166421949863433838e-02
-7.653924822807312012e-02
-6.933054327964782715e-02
-6.384757161140441895e-02
-6.077043712139129639e-02
-5.477839708328247070e-02
-4.916565120220184326e-02
-4.659001529216766357e-02
-4.274715483188629150e-02
-4.113027453422546387e-02
-4.582855105400085449e-02
-5.052682757377624512e-02
-5.619186162948608398e-02
-6.246024370193481445e-02
-7.057642936706542969e-02
-7.821027934551239014e-02
-8.453804254531860352e-02
-9.001663327217102051e-02
-9.557375311851501465e-02
-1.010897457599639893e-01
-1.052296310663223267e-01
-1.093534231185913086e-01
-1.135444343090057373e-01
-1.188277900218963623e-01
-1.263016611337661743e-01
-1.326643526554107666e-01
-1.399257779121398926e-01
-1.478466987609863281e-01
-1.557964682579040527e-01
-1.637458056211471558e-01
-1.684217154979705811e-01
-1.723183393478393555e-01
-1.761189997196197510e-01
-1.686381846666336060e-01
-1.583066135644912720e-01
-1.485149860382080078e-01
-1.397545635700225830e-01
-1.332789063453674316e-01
-1.274808943271636963e-01
-1.228924095630645752e-01
-1.188541799783706665e-01
-1.199769079685211182e-01
-1.250260025262832642e-01
-1.347740143537521362e-01
-1.451946198940277100e-01
-1.545072793960571289e-01
-1.639963984489440918e-01
-1.767099797725677490e-01
-1.924876421689987183e-01
-2.089361846446990967e-01
-2.269802391529083252e-01
-2.471821606159210205e-01
-2.703775763511657715e-01
-2.946630120277404785e-01
-3.181654512882232666e-01
-3.410658538341522217e-01
-3.625065386295318604e-01
-3.736720979213714600e-01
-3.819247186183929443e-01
-3.896658122539520264e-01
-3.880521953105926514e-01
-3.830440044403076172e-01
-3.780357241630554199e-01
-3.730275034904479980e-01
-3.701885342597961426e-01
-3.704389631748199463e-01
-3.779377341270446777e-01
-3.856139481067657471e-01
-3.920618593692779541e-01
-3.942391276359558105e-01
-3.954777419567108154e-01
-4.025616347789764404e-01
-4.028596580028533936e-01
-3.949919342994689941e-01
-3.912803828716278076e-01
-3.928951323032379150e-01
-3.978178799152374268e-01
-4.024193286895751953e-01
-4.050365388393402100e-01
-4.051127731800079346e-01
-4.043899774551391602e-01
-3.944282531738281250e-01
-3.792123198509216309e-01
-3.631672263145446777e-01
-3.467120230197906494e-01
-3.290341496467590332e-01
-3.100934624671936035e-01
-2.911525070667266846e-01
-2.722119390964508057e-01
-2.526961266994476318e-01
-2.329843044281005859e-01
-2.145556211471557617e-01
-1.969502270221710205e-01
-1.900389194488525391e-01
-1.861481666564941406e-01
-1.894667148590087891e-01
-1.924927830696105957e-01
-1.955191195011138916e-01
-1.985453665256500244e-01
-2.015716731548309326e-01
-2.047317922115325928e-01
-2.081911563873291016e-01
-2.105299234390258789e-01
-2.043681144714355469e-01
-2.025052905082702637e-01
-2.010138928890228271e-01
-1.995223164558410645e-01
-1.980310082435607910e-01
-1.966987550258636475e-01
-1.968304514884948730e-01
-1.969625055789947510e-01
-1.989572048187255859e-01
-2.028690874576568604e-01
-2.042861282825469971e-01
-2.056547105312347412e-01
-2.066899240016937256e-01
-2.065303921699523926e-01
-2.040990293025970459e-01
-1.971252560615539551e-01
-1.842887401580810547e-01
-1.713026911020278931e-01
-1.579875499010086060e-01
-1.451857984066009521e-01
-1.323105394840240479e-01
-1.194348633289337158e-01
-1.068590283393859863e-01
-9.602850675582885742e-02
-8.699357509613037109e-02
-8.077955245971679688e-02
-7.598699629306793213e-02
-7.108654081821441650e-02
-6.393188238143920898e-02
-5.925962328910827637e-02
-5.681756138801574707e-02
-5.475042760372161865e-02
-5.193094909191131592e-02
-4.929172992706298828e-02
-4.696077108383178711e-02
-4.444923996925354004e-02
-5.032238364219665527e-02
-5.649784207344055176e-02
-6.267352402210235596e-02
-6.800928711891174316e-02
-7.436150312423706055e-02
-8.127240836620330811e-02
-8.615538477897644043e-02
-9.103831648826599121e-02
-9.552678465843200684e-02
-9.859466552734375000e-02
-1.024418175220489502e-01
-1.076809614896774292e-01
-1.149357259273529053e-01
-1.221999526023864746e-01
-1.282666474580764771e-01
-1.347050964832305908e-01
-1.419964879751205444e-01
-1.499460041522979736e-01
-1.578956097364425659e-01
-1.645745187997817993e-01
-1.684711277484893799e-01
-1.723678112030029297e-01
-1.762644499540328979e-01
-1.742598265409469604e-01
-1.655445694923400879e-01
-1.554822623729705811e-01
-1.447714269161224365e-01
-1.345089226961135864e-01
-1.279924511909484863e-01
-1.232001930475234985e-01
-1.187537610530853271e-01
-1.171954721212387085e-01
-1.170347929000854492e-01
-1.247119754552841187e-01
-1.352956444025039673e-01
-1.462469100952148438e-01
-1.586540937423706055e-01
-1.728651821613311768e-01
-1.912393569946289062e-01
-2.091765701770782471e-01
-2.289126813411712646e-01
-2.495638430118560791e-01
-2.744082808494567871e-01
-2.993341386318206787e-01
-3.234756290912628174e-01
-3.471664190292358398e-01
-3.657736778259277344e-01
-3.777583539485931396e-01
-3.861791193485260010e-01
-3.902837932109832764e-01
-3.874922990798950195e-01
-3.839502036571502686e-01
-3.789419233798980713e-01
-3.739335536956787109e-01
-3.713559806346893311e-01
-3.713356554508209229e-01
-3.758047223091125488e-01
-3.834810256958007812e-01
-3.911571502685546875e-01
-3.959133327007293701e-01
-3.990052044391632080e-01
-4.065629541873931885e-01
-4.074197709560394287e-01
-4.056617915630340576e-01
-4.046265184879302979e-01
-4.044451713562011719e-01
-4.069426953792572021e-01
-4.113413691520690918e-01
-4.147388041019439697e-01
-4.144100844860076904e-01
-4.070679843425750732e-01
-3.935002088546752930e-01
-3.789774477481842041e-01
-3.629828691482543945e-01
-3.472766280174255371e-01
-3.311947882175445557e-01
-3.142005205154418945e-01
-2.957724332809448242e-01
-2.768317461013793945e-01
-2.580185234546661377e-01
-2.394956946372985840e-01
-2.221786975860595703e-01
-2.045582830905914307e-01
-1.930608451366424561e-01
-1.894998252391815186e-01
-1.912131607532501221e-01
-1.943378150463104248e-01
-1.973642408847808838e-01
-2.003906965255737305e-01
-2.034631073474884033e-01
-2.069223821163177490e-01
-2.103819549083709717e-01
-2.138415575027465820e-01
-2.084024548530578613e-01
-2.110817730426788330e-01
-2.095904052257537842e-01
-2.080989181995391846e-01
-2.066078484058380127e-01
-2.057900726795196533e-01
-2.058741748332977295e-01
-2.035508155822753906e-01
-1.989160180091857910e-01
-1.946912109851837158e-01
-1.950100362300872803e-01
-1.956369876861572266e-01
-1.959522664546966553e-01
-1.946916282176971436e-01
-1.930844187736511230e-01
-1.820367276668548584e-01
-1.701866090297698975e-01
-1.572003215551376343e-01
-1.436025798320770264e-01
-1.308787614107131958e-01
-1.180034577846527100e-01
-1.054811179637908936e-01
-9.458932280540466309e-02
-8.665102720260620117e-02
-7.996800541877746582e-02
-7.510244846343994141e-02
-7.031004130840301514e-02
-6.551773846149444580e-02
-5.855181813240051270e-02
-5.466152727603912354e-02
-5.454531311988830566e-02
-5.630847811698913574e-02
-5.468326807022094727e-02
-5.212157964706420898e-02
-5.185806751251220703e-02
-5.062833428382873535e-02
-5.680398643016815186e-02
-6.237885355949401855e-02
-6.691633164882659912e-02
-7.205036282539367676e-02
-7.738460600376129150e-02
-8.288945257663726807e-02
-8.777248859405517578e-02
-9.265534579753875732e-02
-9.663504362106323242e-02
-1.009415984153747559e-01
-1.063756644725799561e-01
-1.123933196067810059e-01
-1.199344545602798462e-01
-1.261092871427536011e-01
-1.322199851274490356e-01
-1.387645453214645386e-01
-1.456236690282821655e-01
-1.530281603336334229e-01
-1.604540199041366577e-01
-1.646237075328826904e-01
-1.685204952955245972e-01
-1.724171787500381470e-01
-1.767190396785736084e-01
-1.799646317958831787e-01
-1.728825271129608154e-01
-1.623075306415557861e-01
-1.515967547893524170e-01
-1.405487209558486938e-01
-1.313489079475402832e-01
-1.237969696521759033e-01
-1.171883940696716309e-01
-1.126895993947982788e-01
-1.125475317239761353e-01
-1.178434789180755615e-01
-1.271722167730331421e-01
-1.379967629909515381e-01
-1.508707851171493530e-01
-1.659275293350219727e-01
-1.820293664932250977e-01
-1.997695714235305786e-01
-2.251082956790924072e-01
-2.524901926517486572e-01
-2.782931029796600342e-01
-3.027038276195526123e-01
-3.271028995513916016e-01
-3.495795130729675293e-01
-3.664257824420928955e-01
-3.805721998214721680e-01
-3.897872567176818848e-01
-3.869955837726593018e-01
-3.842040896415710449e-01
-3.814124166965484619e-01
-3.786207735538482666e-01
-3.748397529125213623e-01
-3.725236356258392334e-01
-3.719852864742279053e-01
-3.736717998981475830e-01
-3.813480436801910400e-01
-3.890242874622344971e-01
-3.951338827610015869e-01
-4.013425111770629883e-01
-4.081097543239593506e-01
-4.094166755676269531e-01
-4.119949042797088623e-01
-4.163025617599487305e-01
-4.151932001113891602e-01
-4.147374629974365234e-01
-4.174862802028656006e-01
-4.187537133693695068e-01
-4.172535836696624756e-01
-4.082209467887878418e-01
-3.923237621784210205e-01
-3.765781521797180176e-01
-3.612449765205383301e-01
-3.461450636386871338e-01
-3.306915760040283203e-01
-3.151664137840270996e-01
-2.984569668769836426e-01
-2.807109951972961426e-01
-2.637798786163330078e-01
-2.468391358852386475e-01
-2.298982143402099609e-01
-2.129576206207275391e-01
-1.988362669944763184e-01
-1.980227231979370117e-01
-1.976983845233917236e-01
-1.982198357582092285e-01
-1.995347738265991211e-01
-2.022355496883392334e-01
-2.056535184383392334e-01
-2.091131508350372314e-01
-2.125726044178009033e-01
-2.160322070121765137e-01
-2.124374806880950928e-01
-2.200661003589630127e-01
-2.183075547218322754e-01
-2.166755199432373047e-01
-2.147570252418518066e-01
-2.113127112388610840e-01
-2.066779434680938721e-01
-2.020432353019714355e-01
-1.974084079265594482e-01
-1.928667426109313965e-01
-1.891238093376159668e-01
-1.864586174488067627e-01
-1.855712532997131348e-01
-1.844188570976257324e-01
-1.770240366458892822e-01
-1.668002307415008545e-01
-1.560637056827545166e-01
-1.429845243692398071e-01
-1.292913407087326050e-01
-1.164919137954711914e-01
-1.041032075881958008e-01
-9.391587972640991211e-02
-8.654949069023132324e-02
-7.988038659095764160e-02
-7.360157370567321777e-02
-6.924420595169067383e-02
-6.463299691677093506e-02
-5.984061956405639648e-02
-5.364570021629333496e-02
-5.164767801761627197e-02
-5.469305813312530518e-02
-5.764235556125640869e-02
-5.885758996009826660e-02
-5.784316360950469971e-02
-5.773475766181945801e-02
-5.702468752861022949e-02
-6.191045045852661133e-02
-6.608156859874725342e-02
-7.066398859024047852e-02
-7.573433220386505127e-02
-7.941284775733947754e-02
-8.450677990913391113e-02
-8.972567319869995117e-02
-9.602101147174835205e-02
-1.027305275201797485e-01
-1.084512323141098022e-01
-1.141973882913589478e-01
-1.204768568277359009e-01
-1.262442618608474731e-01
-1.310524642467498779e-01
-1.376003175973892212e-01
-1.441666930913925171e-01
-1.507329940795898438e-01
-1.574905067682266235e-01
-1.631653159856796265e-01
-1.662400662899017334e-01
-1.696131229400634766e-01
-1.734582185745239258e-01
-1.774867922067642212e-01
-1.820351332426071167e-01
-1.787153780460357666e-01
-1.691326797008514404e-01
-1.584217250347137451e-01
-1.468597054481506348e-01
-1.376101076602935791e-01
-1.273882687091827393e-01
-1.164756715297698975e-01
-1.095945537090301514e-01
-1.097559928894042969e-01
-1.121996045112609863e-01
-1.214749217033386230e-01
-1.318561434745788574e-01
-1.442765295505523682e-01
-1.584701836109161377e-01
-1.745719611644744873e-01
-1.921279132366180420e-01
-2.174222171306610107e-01
-2.456004321575164795e-01
-2.732729017734527588e-01
-3.000718057155609131e-01
-3.261538445949554443e-01
-3.476384580135345459e-01
-3.651163876056671143e-01
-3.807834088802337646e-01
-3.838738799095153809e-01
-3.822131156921386719e-01
-3.805522620677947998e-01
-3.781240880489349365e-01
-3.753325641155242920e-01
-3.725409805774688721e-01
-3.721870481967926025e-01
-3.726351261138916016e-01
-3.717901706695556641e-01
-3.779423534870147705e-01
-3.844279050827026367e-01
-3.907553255558013916e-01
-4.019621312618255615e-01
-4.086244404315948486e-01
-4.105216562747955322e-01
-4.152587056159973145e-01
-4.222684502601623535e-01
-4.240352809429168701e-01
-4.212413132190704346e-01
-4.204275906085968018e-01
-4.213899672031402588e-01
-4.167891740798950195e-01
-4.062850177288055420e-01
-3.904137909412384033e-01
-3.740301728248596191e-01
-3.582283258438110352e-01
-3.431810438632965088e-01
-3.282728493213653564e-01
-3.141063749790191650e-01
-2.996166050434112549e-01
-2.847532033920288086e-01
-2.693653702735900879e-01
-2.536194622516632080e-01
-2.376466989517211914e-01
-2.207059264183044434e-01
-2.066441476345062256e-01
-2.057864367961883545e-01
-2.055383026599884033e-01
-2.064770162105560303e-01
-2.062273323535919189e-01
-2.072371244430541992e-01
-2.085882127285003662e-01
-2.113036811351776123e-01
-2.147632241249084473e-01
-2.182227373123168945e-01
-2.164724171161651611e-01
-2.302401065826416016e-01
-2.276745438575744629e-01
-2.220889031887054443e-01
-2.156434655189514160e-01
-2.107415795326232910e-01
-2.058392465114593506e-01
-2.009374499320983887e-01
-1.964862346649169922e-01
-1.927689313888549805e-01
-1.876558959484100342e-01
-1.823990643024444580e-01
-1.771418005228042603e-01
-1.706763207912445068e-01
-1.626394242048263550e-01
-1.516129970550537109e-01
-1.400855481624603271e-01
-1.272985935211181641e-01
-1.148384213447570801e-01
-1.025189310312271118e-01
-9.352880716323852539e-02
-8.646991848945617676e-02
-7.984685897827148438e-02
-7.325530052185058594e-02
-6.758934259414672852e-02
-6.325228512287139893e-02
-5.891545116901397705e-02
-5.416370928287506104e-02
-4.980322718620300293e-02
-5.265742540359497070e-02
-5.702453851699829102e-02
-6.123565137386322021e-02
-6.398835778236389160e-02
-6.353254616260528564e-02
-6.279152631759643555e-02
-6.107574701309204102e-02
-6.524677574634552002e-02
-6.962744891643524170e-02
-7.427108287811279297e-02
-7.797087728977203369e-02
-8.205156028270721436e-02
-8.868065476417541504e-02
-9.635499119758605957e-02
-1.039019823074340820e-01
-1.103034913539886475e-01
-1.162607967853546143e-01
-1.225403696298599243e-01
-1.288994103670120239e-01
-1.343916803598403931e-01
-1.394663602113723755e-01
-1.445561200380325317e-01
-1.496456563472747803e-01
-1.561352312564849854e-01
-1.627014875411987305e-01
-1.663042455911636353e-01
-1.692916899919509888e-01
-1.727222502231597900e-01
-1.763133704662322998e-01
-1.799046248197555542e-01
-1.837328970432281494e-01
-1.846990585327148438e-01
-1.762912571430206299e-01
-1.656337976455688477e-01
-1.540750861167907715e-01
-1.423215121030807495e-01
-1.310437917709350586e-01
-1.197403669357299805e-01
-1.105299293994903564e-01
-1.084893345832824707e-01
-1.086345016956329346e-01
-1.156026273965835571e-01
-1.261506378650665283e-01
-1.396296918392181396e-01
-1.534434556961059570e-01
-1.681069582700729370e-01
-1.887680441141128540e-01
-2.145154774188995361e-01
-2.394309043884277344e-01
-2.659125924110412598e-01
-2.926878929138183594e-01
-3.176402151584625244e-01
-3.375914990901947021e-01
-3.554996848106384277e-01
-3.687206208705902100e-01
-3.745469748973846436e-01
-3.752732574939727783e-01
-3.743203580379486084e-01
-3.726594150066375732e-01
-3.709986507892608643e-01
-3.690097630023956299e-01
-3.679818212985992432e-01
-3.686906099319458008e-01
-3.693992197513580322e-01
-3.734061419963836670e-01
-3.793395459651947021e-01
-3.865447640419006348e-01
-3.979000151157379150e-01
-4.060067236423492432e-01
-4.089805185794830322e-01
-4.165529012680053711e-01
-4.238166213035583496e-01
-4.287302196025848389e-01
-4.269075095653533936e-01
-4.236274063587188721e-01
-4.215578436851501465e-01
-4.147642552852630615e-01
-4.043486714363098145e-01
-3.893215060234069824e-01
-3.703469336032867432e-01
-3.543821275234222412e-01
-3.389545083045959473e-01
-3.258219957351684570e-01
-3.129473328590393066e-01
-3.004040420055389404e-01
-2.877063453197479248e-01
-2.729232907295227051e-01
-2.580351531505584717e-01
-2.430043518543243408e-01
-2.272585034370422363e-01
-2.177189886569976807e-01
-2.144376039505004883e-01
-2.135990560054779053e-01
-2.124499380588531494e-01
-2.129440307617187500e-01
-2.150731086730957031e-01
-2.158406376838684082e-01
-2.174577116966247559e-01
-2.222516238689422607e-01
-2.279300689697265625e-01
-2.314615249633789062e-01
-2.396160662174224854e-01
-2.307620048522949219e-01
-2.220203876495361328e-01
-2.157336473464965820e-01
-2.110385298728942871e-01
-2.072632312774658203e-01
-2.034882605075836182e-01
-1.991660594940185547e-01
-1.926816105842590332e-01
-1.866846382617950439e-01
-1.811605095863342285e-01
-1.716832667589187622e-01
-1.591711640357971191e-01
-1.483376920223236084e-01
-1.369916796684265137e-01
-1.253781467676162720e-01
-1.123635470867156982e-01
-1.003802567720413208e-01
-9.195344150066375732e-02
-8.601862192153930664e-02
-7.981312274932861328e-02
-7.322183251380920410e-02
-6.663049757480621338e-02
-6.159727275371551514e-02
-5.726043879985809326e-02
-5.292344093322753906e-02
-4.920461773872375488e-02
-5.223837494850158691e-02
-5.647251009941101074e-02
-6.068359315395355225e-02
-6.489466130733489990e-02
-6.804600358009338379e-02
-6.701137125492095947e-02
-6.549453735351562500e-02
-6.374049186706542969e-02
-6.859059631824493408e-02
-7.319030165672302246e-02
-7.704441249370574951e-02
-8.302429318428039551e-02
-8.989953994750976562e-02
-9.702239930629730225e-02
-1.033476591110229492e-01
-1.117828786373138428e-01
-1.181642860174179077e-01
-1.246037185192108154e-01
-1.310194879770278931e-01
-1.377288997173309326e-01
-1.429002881050109863e-01
-1.479900330305099487e-01
-1.530796438455581665e-01
-1.581694185733795166e-01
-1.632589846849441528e-01
-1.670138239860534668e-01
-1.696114838123321533e-01
-1.731636077165603638e-01
-1.768649518489837646e-01
-1.805661171674728394e-01
-1.841836273670196533e-01
-1.872256547212600708e-01
-1.902675181627273560e-01
-1.846118867397308350e-01
-1.741526424884796143e-01
-1.596691608428955078e-01
-1.463071405887603760e-01
-1.345028132200241089e-01
-1.231988817453384399e-01
-1.145412921905517578e-01
-1.099256873130798340e-01
-1.075071692466735840e-01
-1.112162321805953979e-01
-1.226678490638732910e-01
-1.355657875537872314e-01
-1.487874388694763184e-01
-1.648358851671218872e-01
-1.885541379451751709e-01
-2.128631770610809326e-01
-2.372386157512664795e-01
-2.601453959941864014e-01
-2.842578589916229248e-01
-3.072637021541595459e-01
-3.258179128170013428e-01
-3.425405621528625488e-01
-3.494043946266174316e-01
-3.555352389812469482e-01
-3.575834035873413086e-01
-3.603288233280181885e-01
-3.630277216434478760e-01
-3.628038167953491211e-01
-3.603611588478088379e-01
-3.604179918766021729e-01
-3.622574508190155029e-01
-3.624889254570007324e-01
-3.632359802722930908e-01
-3.698523044586181641e-01
-3.796430230140686035e-01
-3.909983932971954346e-01
-4.005222022533416748e-01
-4.059362113475799561e-01
-4.153572618961334229e-01
-4.238491356372833252e-01
-4.292216598987579346e-01
-4.318079054355621338e-01
-4.270275533199310303e-01
-4.205391407012939453e-01
-4.126175642013549805e-01
-4.024127721786499023e-01
-3.883996009826660156e-01
-3.691574633121490479e-01
-3.516347110271453857e-01
-3.369195759296417236e-01
-3.234167993068695068e-01
-3.109015226364135742e-01
-2.994427978992462158e-01
-2.872067987918853760e-01
-2.749339640140533447e-01
-2.613126635551452637e-01
-2.464244365692138672e-01
-2.324401438236236572e-01
-2.262181937694549561e-01
-2.214265167713165283e-01
-2.220325171947479248e-01
-2.220490872859954834e-01
-2.247478365898132324e-01
-2.277503907680511475e-01
-2.324030399322509766e-01
-2.381686270236968994e-01
-2.430160939693450928e-01
-2.475897371768951416e-01
-2.508618235588073730e-01
-2.464931905269622803e-01
-2.394665181636810303e-01
-2.335302531719207764e-01
-2.284390628337860107e-01
-2.223351895809173584e-01
-2.162314355373382568e-01
-2.087406814098358154e-01
-1.999958157539367676e-01
-1.924334168434143066e-01
-1.861133873462677002e-01
-1.775863766670227051e-01
-1.654695421457290649e-01
-1.529573053121566772e-01
-1.399355679750442505e-01
-1.240814924240112305e-01
-1.118193864822387695e-01
-1.006479412317276001e-01
-9.161825478076934814e-02
-8.467952907085418701e-02
-7.856352627277374268e-02
-7.255664467811584473e-02
-6.646013259887695312e-02
-6.017431616783142090e-02
-5.560535192489624023e-02
-5.207884311676025391e-02
-4.921925067901611328e-02
-5.140361189842224121e-02
-5.653771758079528809e-02
-6.013153493404388428e-02
-6.434278190135955811e-02
-6.756936013698577881e-02
-6.979450583457946777e-02
-6.899674236774444580e-02
-6.739003956317901611e-02
-6.612989306449890137e-02
-7.274706661701202393e-02
-7.846540212631225586e-02
-8.508647978305816650e-02
-9.196165204048156738e-02
-9.883701801300048828e-02
-1.039826571941375732e-01
-1.112284660339355469e-01
-1.198303550481796265e-01
-1.265705078840255737e-01
-1.331395357847213745e-01
-1.403544992208480835e-01
-1.463341116905212402e-01
-1.514238566160202026e-01
-1.565873622894287109e-01
-1.617871671915054321e-01
-1.669986844062805176e-01
-1.722717583179473877e-01
-1.741306483745574951e-01
-1.757913529872894287e-01
-1.779932826757431030e-01
-1.812814623117446899e-01
-1.849827766418457031e-01
-1.880871504545211792e-01
-1.911292970180511475e-01
-1.941711902618408203e-01
-1.932229697704315186e-01
-1.816619932651519775e-01
-1.665223389863967896e-01
-1.523841023445129395e-01
-1.391738951206207275e-01
-1.277546882629394531e-01
-1.174610853195190430e-01
-1.121741682291030884e-01
-1.103302389383316040e-01
-1.114904880523681641e-01
-1.195720285177230835e-01
-1.323728859424591064e-01
-1.461041420698165894e-01
-1.653515547513961792e-01
-1.890794038772583008e-01
-2.130952179431915283e-01
-2.368451058864593506e-01
-2.581000924110412598e-01
-2.783966064453125000e-01
-2.961361408233642578e-01
-3.140443265438079834e-01
-3.232243359088897705e-01
-3.300881385803222656e-01
-3.369520604610443115e-01
-3.399162888526916504e-01
-3.400568962097167969e-01
-3.401747047901153564e-01
-3.414615690708160400e-01
-3.420858681201934814e-01
-3.452267348766326904e-01
-3.483803272247314453e-01
-3.495645225048065186e-01
-3.492496311664581299e-01
-3.565327823162078857e-01
-3.694120347499847412e-01
-3.820735812187194824e-01
-3.930534422397613525e-01
-4.017792642116546631e-01
-4.133486747741699219e-01
-4.225045442581176758e-01
-4.280945658683776855e-01
-4.328084886074066162e-01
-4.294888377189636230e-01
-4.190800487995147705e-01
-4.104705750942230225e-01
-4.004766047000885010e-01
-3.871557414531707764e-01
-3.714757859706878662e-01
-3.514921963214874268e-01
-3.359297215938568115e-01
-3.219990730285644531e-01
-3.084962964057922363e-01
-2.956994473934173584e-01
-2.846740782260894775e-01
-2.739618718624114990e-01
-2.621705532073974609e-01
-2.486824095249176025e-01
-2.394502460956573486e-01
-2.366761267185211182e-01
-2.339015007019042969e-01
-2.384494841098785400e-01
-2.430651485919952393e-01
-2.472806572914123535e-01
-2.504369616508483887e-01
-2.531381547451019287e-01
-2.566707432270050049e-01
-2.617587447166442871e-01
-2.672181725502014160e-01
-2.731041014194488525e-01
-2.518534660339355469e-01
-2.474896609783172607e-01
-2.431325614452362061e-01
-2.390751242637634277e-01
-2.347990572452545166e-01
-2.282951772212982178e-01
-2.209693491458892822e-01
-2.122245728969573975e-01
-2.034238278865814209e-01
-1.922137439250946045e-01
-1.783488690853118896e-01
-1.635081321001052856e-01
-1.486673057079315186e-01
-1.334524154663085938e-01
-1.182480752468109131e-01
-1.042876541614532471e-01
-9.322065114974975586e-02
-8.569924533367156982e-02
-7.892024517059326172e-02
-7.280415296554565430e-02
-6.668809056282043457e-02
-6.041607260704040527e-02
-5.565245449542999268e-02
-5.302055180072784424e-02
-4.976941645145416260e-02
-5.054926872253417969e-02
-5.507808923721313477e-02
-6.035119295120239258e-02
-6.332190334796905518e-02
-6.607252359390258789e-02
-6.827886402606964111e-02
-7.048550248146057129e-02
-7.098215818405151367e-02
-6.998039782047271729e-02
-7.147312164306640625e-02
-7.984775304794311523e-02
-8.726523816585540771e-02
-9.402389824390411377e-02
-1.008990556001663208e-01
-1.069056093692779541e-01
-1.113636940717697144e-01
-1.193728148937225342e-01
-1.282367259263992310e-01
-1.353087425231933594e-01
-1.427162885665893555e-01
-1.494638323783874512e-01
-1.552706509828567505e-01
-1.604702323675155640e-01
-1.656702160835266113e-01
-1.709368973970413208e-01
-1.762100756168365479e-01
-1.800718605518341064e-01
-1.817439794540405273e-01
-1.835424900054931641e-01
-1.855311542749404907e-01
-1.877558976411819458e-01
-1.895302385091781616e-01
-1.919910758733749390e-01
-1.950329542160034180e-01
-1.975563764572143555e-01
-1.980354338884353638e-01
-1.886092722415924072e-01
-1.740622669458389282e-01
-1.596097201108932495e-01
-1.446855962276458740e-01
-1.332085281610488892e-01
-1.225480735301971436e-01
-1.165084540843963623e-01
-1.149199455976486206e-01
-1.154837906360626221e-01
-1.206608116626739502e-01
-1.299004256725311279e-01
-1.457681953907012939e-01
-1.670375764369964600e-01
-1.907655000686645508e-01
-2.143369615077972412e-01
-2.371702492237091064e-01
-2.573024928569793701e-01
-2.753176093101501465e-01
-2.886740863323211670e-01
-2.970441877841949463e-01
-3.039080798625946045e-01
-3.100127577781677246e-01
-3.159085810184478760e-01
-3.200926482677459717e-01
-3.200657069683074951e-01
-3.189158737659454346e-01
-3.165673911571502686e-01
-3.142190277576446533e-01
-3.175237476825714111e-01
-3.220250904560089111e-01
-3.261271417140960693e-01
-3.289271891117095947e-01
-3.388546109199523926e-01
-3.542851805686950684e-01
-3.680773973464965820e-01
-3.831534385681152344e-01
-3.978199064731597900e-01
-4.104292392730712891e-01
-4.199799597263336182e-01
-4.269674718379974365e-01
-4.286624491214752197e-01
-4.275629818439483643e-01
-4.195437729358673096e-01
-4.091572463512420654e-01
-4.008753597736358643e-01
-3.880968093872070312e-01
-3.739333450794219971e-01
-3.544653058052062988e-01
-3.360079228878021240e-01
-3.205811977386474609e-01
-3.070783317089080811e-01
-2.935755252838134766e-01
-2.807620167732238770e-01
-2.737129032611846924e-01
-2.667575776576995850e-01
-2.594658434391021729e-01
-2.574208080768585205e-01
-2.560464739799499512e-01
-2.541781663894653320e-01
-2.563884258270263672e-01
-2.617283761501312256e-01
-2.670688629150390625e-01
-2.715471684932708740e-01
-2.754409313201904297e-01
-2.788251638412475586e-01
-2.815511822700500488e-01
-2.855911850929260254e-01
-2.908273935317993164e-01
-2.561125755310058594e-01
-2.517492175102233887e-01
-2.479010522365570068e-01
-2.447250783443450928e-01
-2.393526136875152588e-01
-2.339713871479034424e-01
-2.282323241233825684e-01
-2.213150858879089355e-01
-2.128290832042694092e-01
-1.993523538112640381e-01
-1.846181750297546387e-01
-1.697773337364196777e-01
-1.549364775419235229e-01
-1.406933218240737915e-01
-1.255845427513122559e-01
-1.111748814582824707e-01
-9.694953262805938721e-02
-8.305113017559051514e-02
-7.359607517719268799e-02
-6.710469722747802734e-02
-6.217920780181884766e-02
-5.751165747642517090e-02
-5.382788181304931641e-02
-5.119580030441284180e-02
-5.166351795196533203e-02
-5.575267970561981201e-02
-6.090007722377777100e-02
-6.363156437873840332e-02
-6.529237329959869385e-02
-6.723183393478393555e-02
-6.918060779571533203e-02
-7.189464569091796875e-02
-7.596597075462341309e-02
-7.793457806110382080e-02
-7.895006239414215088e-02
-8.630907535552978516e-02
-9.567014873027801514e-02
-1.029581576585769653e-01
-1.095715761184692383e-01
-1.145790815353393555e-01
-1.202792376279830933e-01
-1.285086423158645630e-01
-1.374805718660354614e-01
-1.453345268964767456e-01
-1.526271849870681763e-01
-1.587521731853485107e-01
-1.643534153699874878e-01
-1.696019768714904785e-01
-1.748752892017364502e-01
-1.801485121250152588e-01
-1.854216456413269043e-01
-1.876970082521438599e-01
-1.894954591989517212e-01
-1.912938654422760010e-01
-1.930922567844390869e-01
-1.949901282787322998e-01
-1.965553909540176392e-01
-1.981208324432373047e-01
-1.988287568092346191e-01
-1.985572278499603271e-01
-1.990349590778350830e-01
-1.945904940366744995e-01
-1.809034943580627441e-01
-1.651127040386199951e-01
-1.506167352199554443e-01
-1.391911804676055908e-01
-1.292462646961212158e-01
-1.227365434169769287e-01
-1.228779405355453491e-01
-1.220346391201019287e-01
-1.247491389513015747e-01
-1.338424682617187500e-01
-1.483103632926940918e-01
-1.687237024307250977e-01
-1.924515217542648315e-01
-2.155313193798065186e-01
-2.376645207405090332e-01
-2.579551637172698975e-01
-2.728074789047241211e-01
-2.829659879207611084e-01
-2.832539677619934082e-01
-2.838621735572814941e-01
-2.879261076450347900e-01
-2.930443286895751953e-01
-2.971769869327545166e-01
-2.967482209205627441e-01
-2.944577336311340332e-01
-2.921094000339508057e-01
-2.897609174251556396e-01
-2.911947965621948242e-01
-2.928136885166168213e-01
-2.956681847572326660e-01
-2.984117567539215088e-01
-3.090652525424957275e-01
-3.273558318614959717e-01
-3.456972539424896240e-01
-3.664977848529815674e-01
-3.853999674320220947e-01
-4.032504856586456299e-01
-4.167943596839904785e-01
-4.230780601501464844e-01
-4.240402579307556152e-01
-4.230869412422180176e-01
-4.209696948528289795e-01
-4.108228385448455811e-01
-4.020322263240814209e-01
-3.890380263328552246e-01
-3.759897947311401367e-01
-3.574711680412292480e-01
-3.375986814498901367e-01
-3.238024711608886719e-01
-3.126905262470245361e-01
-3.026306331157684326e-01
-2.925707995891571045e-01
-2.832055985927581787e-01
-2.762501239776611328e-01
-2.715719938278198242e-01
-2.729584574699401855e-01
-2.731890976428985596e-01
-2.725609242916107178e-01
-2.735342085361480713e-01
-2.796673476696014404e-01
-2.850076258182525635e-01
-2.903478741645812988e-01
-2.954038679599761963e-01
-2.997074127197265625e-01
-3.036009967327117920e-01
-3.071816265583038330e-01
-3.101188838481903076e-01
-2.603719830513000488e-01
-2.560083568096160889e-01
-2.514079213142395020e-01
-2.460266649723052979e-01
-2.406454682350158691e-01
-2.352642714977264404e-01
-2.298828661441802979e-01
-2.237248122692108154e-01
-2.124612033367156982e-01
-2.009434103965759277e-01
-1.878564059734344482e-01
-1.754345893859863281e-01
-1.638470739126205444e-01
-1.511286199092864990e-01
-1.379067003726959229e-01
-1.241985857486724854e-01
-1.103404313325881958e-01
-9.661398828029632568e-02
-8.418573439121246338e-02
-7.482327520847320557e-02
-6.785574555397033691e-02
-6.093853712081909180e-02
-5.560693144798278809e-02
-5.290922522544860840e-02
-5.562897026538848877e-02
-5.906714498996734619e-02
-6.363613903522491455e-02
-6.648817658424377441e-02
-6.839865446090698242e-02
-7.068508863449096680e-02
-7.525764405727386475e-02
-8.041733503341674805e-02
-8.493003249168395996e-02
-8.670708537101745605e-02
-8.743530511856079102e-02
-9.373009204864501953e-02
-1.045743972063064575e-01
-1.121020168066024780e-01
-1.176030486822128296e-01
-1.228499859571456909e-01
-1.302096396684646606e-01
-1.381445527076721191e-01
-1.475874781608581543e-01
-1.555053591728210449e-01
-1.619157344102859497e-01
-1.680714040994644165e-01
-1.735401749610900879e-01
-1.788136065006256104e-01
-1.840868145227432251e-01
-1.893600374460220337e-01
-1.936497837305068970e-01
-1.954482346773147583e-01
-1.972466856241226196e-01
-1.990451067686080933e-01
-2.006864100694656372e-01
-2.020151615142822266e-01
-2.035804837942123413e-01
-2.039484381675720215e-01
-2.029495388269424438e-01
-2.019508928060531616e-01
-2.006855607032775879e-01
-1.991642266511917114e-01
-1.863445341587066650e-01
-1.704163253307342529e-01
-1.571300774812698364e-01
-1.455057710409164429e-01
-1.366184204816818237e-01
-1.307946741580963135e-01
-1.313892751932144165e-01
-1.300375759601593018e-01
-1.323015391826629639e-01
-1.417790651321411133e-01
-1.558988690376281738e-01
-1.757163703441619873e-01
-1.954992413520812988e-01
-2.170825898647308350e-01
-2.377970516681671143e-01
-2.567528486251831055e-01
-2.686754763126373291e-01
-2.699554860591888428e-01
-2.691798210144042969e-01
-2.684041261672973633e-01
-2.668342888355255127e-01
-2.679997384548187256e-01
-2.716122269630432129e-01
-2.722995281219482422e-01
-2.699996531009674072e-01
-2.669748961925506592e-01
-2.637160718441009521e-01
-2.646583020687103271e-01
-2.660154402256011963e-01
-2.670072615146636963e-01
-2.692892551422119141e-01
-2.792606055736541748e-01
-2.967315316200256348e-01
-3.160183429718017578e-01
-3.365893661975860596e-01
-3.591817319393157959e-01
-3.827174901962280273e-01
-4.024904966354370117e-01
-4.152274131774902344e-01
-4.204052388668060303e-01
-4.203513264656066895e-01
-4.198676049709320068e-01
-4.142973721027374268e-01
-4.032182395458221436e-01
-3.934458196163177490e-01
-3.838407099246978760e-01
-3.712999820709228516e-01
-3.542558848857879639e-01
-3.375320434570312500e-01
-3.254048526287078857e-01
-3.148641884326934814e-01
-3.048041164875030518e-01
-2.951579093933105469e-01
-2.858813405036926270e-01
-2.844128012657165527e-01
-2.861282527446746826e-01
-2.875718474388122559e-01
-2.883576750755310059e-01
-2.890612781047821045e-01
-2.955257892608642578e-01
-3.022667169570922852e-01
-3.082869946956634521e-01
-3.136268854141235352e-01
-3.186742663383483887e-01
-3.234260082244873047e-01
-3.275585770606994629e-01
-3.309344649314880371e-01
-2.644246220588684082e-01
-2.581604123115539551e-01
-2.527006566524505615e-01
-2.473191916942596436e-01
-2.419383525848388672e-01
-2.365567982196807861e-01
-2.311407029628753662e-01
-2.199209928512573242e-01
-2.086636424064636230e-01
-1.965996921062469482e-01
-1.857174336910247803e-01
-1.764895915985107422e-01
-1.686183214187622070e-01
-1.606273204088211060e-01
-1.499041318893432617e-01
-1.378815472126007080e-01
-1.254222840070724487e-01
-1.129932999610900879e-01
-1.006249934434890747e-01
-8.928807079792022705e-02
-7.795068621635437012e-02
-7.108756899833679199e-02
-6.779736280441284180e-02
-6.911876797676086426e-02
-6.965637207031250000e-02
-6.978486478328704834e-02
-7.137119770050048828e-02
-7.309466600418090820e-02
-7.634164392948150635e-02
-8.044658601284027100e-02
-8.617512881755828857e-02
-9.041826426982879639e-02
-9.377431869506835938e-02
-9.623199701309204102e-02
-9.696012735366821289e-02
-1.023480594158172607e-01
-1.133577227592468262e-01
-1.210516691207885742e-01
-1.268287748098373413e-01
-1.334006488323211670e-01
-1.414746940135955811e-01
-1.492456346750259399e-01
-1.581894457340240479e-01
-1.651910394430160522e-01
-1.712902486324310303e-01
-1.774787008762359619e-01
-1.827518343925476074e-01
-1.880250871181488037e-01
-1.932983994483947754e-01
-1.990579962730407715e-01
-2.014009505510330200e-01
-2.031994313001632690e-01
-2.049978673458099365e-01
-2.067857831716537476e-01
-2.079249471426010132e-01
-2.090641260147094727e-01
-2.090680897235870361e-01
-2.080692946910858154e-01
-2.070705741643905640e-01
-2.051565796136856079e-01
-2.030770033597946167e-01
-2.009974271059036255e-01
-1.916520297527313232e-01
-1.765611469745635986e-01
-1.636433601379394531e-01
-1.524352729320526123e-01
-1.446406692266464233e-01
-1.400821954011917114e-01
-1.397822499275207520e-01
-1.385525166988372803e-01
-1.429830044507980347e-01
-1.504198312759399414e-01
-1.647713035345077515e-01
-1.847306787967681885e-01
-2.039531171321868896e-01
-2.211042344570159912e-01
-2.375875115394592285e-01
-2.520123422145843506e-01
-2.562864124774932861e-01
-2.549347877502441406e-01
-2.532613277435302734e-01
-2.515879273414611816e-01
-2.499144375324249268e-01
-2.482411265373229980e-01
-2.476618289947509766e-01
-2.471081018447875977e-01
-2.437062561511993408e-01
-2.404474914073944092e-01
-2.369785904884338379e-01
-2.380143105983734131e-01
-2.390062510967254639e-01
-2.399979829788208008e-01
-2.449539601802825928e-01
-2.532763183116912842e-01
-2.661205828189849854e-01
-2.868414223194122314e-01
-3.067528605461120605e-01
-3.302885293960571289e-01
-3.542020022869110107e-01
-3.749613463878631592e-01
-3.910016715526580811e-01
-4.022750854492187500e-01
-4.138195514678955078e-01
-4.227587282657623291e-01
-4.242599010467529297e-01
-4.189167320728302002e-01
-4.080384075641632080e-01
-3.984333276748657227e-01
-3.876115381717681885e-01
-3.709135353565216064e-01
-3.540525138378143311e-01
-3.388340473175048828e-01
-3.272585570812225342e-01
-3.170689046382904053e-01
-3.074272274971008301e-01
-2.980872988700866699e-01
-2.975684404373168945e-01
-2.984954416751861572e-01
-3.001408278942108154e-01
-3.011489808559417725e-01
-3.014315068721771240e-01
-3.059431016445159912e-01
-3.138652443885803223e-01
-3.206425905227661133e-01
-3.268800377845764160e-01
-3.322045207023620605e-01
-3.366562724113464355e-01
-3.408208787441253662e-01
-3.449853360652923584e-01
-2.659428119659423828e-01
-2.593747973442077637e-01
-2.539932727813720703e-01
-2.486122548580169678e-01
-2.432305514812469482e-01
-2.378494143486022949e-01
-2.273371219635009766e-01
-2.161172628402709961e-01
-2.053630352020263672e-01
-1.948395371437072754e-01
-1.847785711288452148e-01
-1.767908930778503418e-01
-1.705306768417358398e-01
-1.633197069168090820e-01
-1.558788418769836426e-01
-1.472230255603790283e-01
-1.382057666778564453e-01
-1.285673081874847412e-01
-1.170777976512908936e-01
-1.057271063327789307e-01
-9.438985586166381836e-02
-8.470147848129272461e-02
-8.300271630287170410e-02
-8.334654569625854492e-02
-8.336549997329711914e-02
-8.532787859439849854e-02
-8.968120813369750977e-02
-9.398347139358520508e-02
-9.729978442192077637e-02
-1.011912673711776733e-01
-1.047996878623962402e-01
-1.068520843982696533e-01
-1.092072129249572754e-01
-1.096758544445037842e-01
-1.079245209693908691e-01
-1.110372841358184814e-01
-1.213079690933227539e-01
-1.300601512193679810e-01
-1.364552080631256104e-01
-1.449114233255386353e-01
-1.542347818613052368e-01
-1.619251519441604614e-01
-1.700337678194046021e-01
-1.762058436870574951e-01
-1.821370869874954224e-01
-1.878526508808135986e-01
-1.928586214780807495e-01
-1.978646814823150635e-01
-2.033685296773910522e-01
-2.074474245309829712e-01
-2.091523110866546631e-01
-2.109507620334625244e-01
-2.127492725849151611e-01
-2.140242159366607666e-01
-2.151635289192199707e-01
-2.144251167774200439e-01
-2.131889164447784424e-01
-2.117072641849517822e-01
-2.096277475357055664e-01
-2.075480073690414429e-01
-2.054685652256011963e-01
-2.033789902925491333e-01
-1.989955306053161621e-01
-1.858686506748199463e-01
-1.718470901250839233e-01
-1.600118577480316162e-01
-1.542460322380065918e-01
-1.493699103593826294e-01
-1.481751501560211182e-01
-1.497871577739715576e-01
-1.538536101579666138e-01
-1.599152386188507080e-01
-1.739661693572998047e-01
-1.916587650775909424e-01
-2.086288034915924072e-01
-2.241797745227813721e-01
-2.387038767337799072e-01
-2.454650104045867920e-01
-2.428663372993469238e-01
-2.402359247207641602e-01
-2.376054227352142334e-01
-2.351487576961517334e-01
-2.327317595481872559e-01
-2.301477491855621338e-01
-2.268590629100799561e-01
-2.236435115337371826e-01
-2.196603119373321533e-01
-2.142828702926635742e-01
-2.101808488368988037e-01
-2.110051214694976807e-01
-2.119970023632049561e-01
-2.129887342453002930e-01
-2.206185758113861084e-01
-2.288750410079956055e-01
-2.383385598659515381e-01
-2.589759528636932373e-01
-2.784385979175567627e-01
-3.034479320049285889e-01
-3.286089599132537842e-01
-3.527720868587493896e-01
-3.730216622352600098e-01
-3.902475237846374512e-01
-4.030821025371551514e-01
-4.138202369213104248e-01
-4.221430718898773193e-01
-4.275503158569335938e-01
-4.214498698711395264e-01
-4.121322333812713623e-01
-4.019238352775573730e-01
-3.859815895557403564e-01
-3.685946762561798096e-01
-3.503699600696563721e-01
-3.370732665061950684e-01
-3.254264891147613525e-01
-3.152814805507659912e-01
-3.087867498397827148e-01
-3.073486983776092529e-01
-3.070560097694396973e-01
-3.080005943775177002e-01
-3.096462488174438477e-01
-3.104999661445617676e-01
-3.122749328613281250e-01
-3.201551735401153564e-01
-3.280352354049682617e-01
-3.359133899211883545e-01
-3.426536619663238525e-01
-3.488069772720336914e-01
-3.537037074565887451e-01
-3.578682243824005127e-01
-2.667206823825836182e-01
-2.606676220893859863e-01
-2.552859783172607422e-01
-2.499047815799713135e-01
-2.445234954357147217e-01
-2.347531914710998535e-01
-2.235332131385803223e-01
-2.138432562351226807e-01
-2.041639089584350586e-01
-1.942673623561859131e-01
-1.855061948299407959e-01
-1.795062720775604248e-01
-1.751171946525573730e-01
-1.692407429218292236e-01
-1.615947484970092773e-01
-1.528525054454803467e-01
-1.438354998826980591e-01
-1.347783505916595459e-01
-1.257739365100860596e-01
-1.177739351987838745e-01
-1.096617430448532104e-01
-1.059061884880065918e-01
-1.018930375576019287e-01
-9.898379445075988770e-02
-1.019021719694137573e-01
-1.059703975915908813e-01
-1.103474199771881104e-01
-1.147240996360778809e-01
-1.182576119899749756e-01
-1.219021826982498169e-01
-1.242297440767288208e-01
-1.268733441829681396e-01
-1.292344927787780762e-01
-1.314351260662078857e-01
-1.317863166332244873e-01
-1.321795880794525146e-01
-1.386008709669113159e-01
-1.457073092460632324e-01
-1.507380604743957520e-01
-1.582442671060562134e-01
-1.665611863136291504e-01
-1.748464107513427734e-01
-1.811118423938751221e-01
-1.872206032276153564e-01
-1.931518465280532837e-01
-1.986616700887680054e-01
-2.036677747964859009e-01
-2.091828882694244385e-01
-2.147671580314636230e-01
-2.167959511280059814e-01
-2.183273136615753174e-01
-2.198586761951446533e-01
-2.210129201412200928e-01
-2.218848764896392822e-01
-2.205392420291900635e-01
-2.187961041927337646e-01
-2.162026464939117432e-01
-2.140986621379852295e-01
-2.120191752910614014e-01
-2.099396288394927979e-01
-2.078600972890853882e-01
-2.057408094406127930e-01
-2.031651735305786133e-01
-1.941791772842407227e-01
-1.826600730419158936e-01
-1.723440289497375488e-01
-1.652733087539672852e-01
-1.588875353336334229e-01
-1.582604646682739258e-01
-1.618147343397140503e-01
-1.635642945766448975e-01
-1.682256460189819336e-01
-1.794051975011825562e-01
-1.955369263887405396e-01
-2.114452123641967773e-01
-2.263211011886596680e-01
-2.373623549938201904e-01
-2.353534102439880371e-01
-2.312175333499908447e-01
-2.264055013656616211e-01
-2.232636511325836182e-01
-2.197227776050567627e-01
-2.161816656589508057e-01
-2.122086286544799805e-01
-2.078931331634521484e-01
-2.039949893951416016e-01
-1.979521512985229492e-01
-1.917387843132019043e-01
-1.857560276985168457e-01
-1.846729069948196411e-01
-1.849879026412963867e-01
-1.879608631134033203e-01
-1.962435841560363770e-01
-2.038968950510025024e-01
-2.149319350719451904e-01
-2.410077750682830811e-01
-2.654500007629394531e-01
-2.896378934383392334e-01
-3.118600249290466309e-01
-3.337264657020568848e-01
-3.550955355167388916e-01
-3.734942376613616943e-01
-3.882960975170135498e-01
-3.988417983055114746e-01
-4.063872396945953369e-01
-4.132700264453887939e-01
-4.129009544849395752e-01
-4.090160727500915527e-01
-4.045365452766418457e-01
-3.965502381324768066e-01
-3.799254298210144043e-01
-3.621495962142944336e-01
-3.451299667358398438e-01
-3.331997990608215332e-01
-3.222241401672363281e-01
-3.190772533416748047e-01
-3.179850578308105469e-01
-3.169176876544952393e-01
-3.167320787906646729e-01
-3.173119425773620605e-01
-3.188733160495758057e-01
-3.194885253906250000e-01
-3.262303769588470459e-01
-3.341105580329895020e-01
-3.419913351535797119e-01
-3.498713076114654541e-01
-3.577512800693511963e-01
-3.645757436752319336e-01
-3.704106211662292480e-01
-2.674985826015472412e-01
-2.619604468345642090e-01
-2.565786242485046387e-01
-2.511975467205047607e-01
-2.421691119670867920e-01
-2.314246594905853271e-01
-2.222551703453063965e-01
-2.134467065334320068e-01
-2.037560939788818359e-01
-1.960445940494537354e-01
-1.903894543647766113e-01
-1.851689517498016357e-01
-1.812292337417602539e-01
-1.751880645751953125e-01
-1.675552427768707275e-01
-1.588374376296997070e-01
-1.499302983283996582e-01
-1.409634649753570557e-01
-1.319590955972671509e-01
-1.227922290563583374e-01
-1.188680082559585571e-01
-1.192350983619689941e-01
-1.215630471706390381e-01
-1.238908767700195312e-01
-1.248737573623657227e-01
-1.266366690397262573e-01
-1.310135126113891602e-01
-1.353901624679565430e-01
-1.389667689800262451e-01
-1.412007361650466919e-01
-1.439357846975326538e-01
-1.467524021863937378e-01
-1.492554545402526855e-01
-1.518410444259643555e-01
-1.531893014907836914e-01
-1.525513976812362671e-01
-1.609119474887847900e-01
-1.690818965435028076e-01
-1.770220249891281128e-01
-1.838909834623336792e-01
-1.906893998384475708e-01
-1.961190253496170044e-01
-1.991536021232604980e-01
-2.028704285621643066e-01
-2.064730674028396606e-01
-2.097379267215728760e-01
-2.149974405765533447e-01
-2.205815613269805908e-01
-2.246135175228118896e-01
-2.261446416378021240e-01
-2.276758849620819092e-01
-2.289768755435943604e-01
-2.296706140041351318e-01
-2.281630039215087891e-01
-2.257713973522186279e-01
-2.229984104633331299e-01
-2.202255427837371826e-01
-2.176409065723419189e-01
-2.152940928936004639e-01
-2.129473984241485596e-01
-2.106005251407623291e-01
-2.081843465566635132e-01
-2.064939141273498535e-01
-2.030510604381561279e-01
-1.940721571445465088e-01
-1.856013387441635132e-01
-1.780279576778411865e-01
-1.717910468578338623e-01
-1.692823022603988647e-01
-1.698971390724182129e-01
-1.703363060951232910e-01
-1.756896674633026123e-01
-1.851981282234191895e-01
-1.979654729366302490e-01
-2.124291956424713135e-01
-2.263814210891723633e-01
-2.287341654300689697e-01
-2.252417504787445068e-01
-2.208660244941711426e-01
-2.145135700702667236e-01
-2.081611156463623047e-01
-2.038229256868362427e-01
-2.001227438449859619e-01
-1.957911103963851929e-01
-1.914594173431396484e-01
-1.866485327482223511e-01
-1.805492639541625977e-01
-1.697890758514404297e-01
-1.610347032546997070e-01
-1.594259589910507202e-01
-1.608802378177642822e-01
-1.674338877201080322e-01
-1.775126755237579346e-01
-1.890919655561447144e-01
-2.031408697366714478e-01
-2.256260812282562256e-01
-2.504279315471649170e-01
-2.726500034332275391e-01
-2.937981486320495605e-01
-3.134150207042694092e-01
-3.330322504043579102e-01
-3.535774052143096924e-01
-3.710363507270812988e-01
-3.827442824840545654e-01
-3.899922072887420654e-01
-3.970151841640472412e-01
-3.986845910549163818e-01
-3.980204463005065918e-01
-3.955281376838684082e-01
-3.905470371246337891e-01
-3.784528076648712158e-01
-3.666042387485504150e-01
-3.531164824962615967e-01
-3.410874605178833008e-01
-3.312687575817108154e-01
-3.294940590858459473e-01
-3.283694386482238770e-01
-3.272442221641540527e-01
-3.262654840946197510e-01
-3.261258006095886230e-01
-3.264236450195312500e-01
-3.279851377010345459e-01
-3.323061466217041016e-01
-3.401861786842346191e-01
-3.480664193630218506e-01
-3.559467792510986328e-01
-3.638267219066619873e-01
-3.717066347599029541e-01
-3.795869350433349609e-01
-2.686341106891632080e-01
-2.632528841495513916e-01
-2.578717768192291260e-01
-2.495849132537841797e-01
-2.398366630077362061e-01
-2.306669950485229492e-01
-2.221214771270751953e-01
-2.141960561275482178e-01
-2.075562477111816406e-01
-2.020790278911590576e-01
-1.967387497425079346e-01
-1.917448341846466064e-01
-1.879457235336303711e-01
-1.814630627632141113e-01
-1.738301515579223633e-01
-1.650262773036956787e-01
-1.561191082000732422e-01
-1.466197818517684937e-01
-1.366692781448364258e-01
-1.324072778224945068e-01
-1.329719573259353638e-01
-1.353000402450561523e-01
-1.376277059316635132e-01
-1.399556398391723633e-01
-1.421940922737121582e-01
-1.454927921295166016e-01
-1.488632112741470337e-01
-1.550612449645996094e-01
-1.582646369934082031e-01
-1.608253121376037598e-01
-1.636421084403991699e-01
-1.664588302373886108e-01
-1.692754030227661133e-01
-1.717722713947296143e-01
-1.730477511882781982e-01
-1.726184487342834473e-01
-1.817567795515060425e-01
-1.913097649812698364e-01
-2.030717432498931885e-01
-2.104297280311584473e-01
-2.172896265983581543e-01
-2.214784622192382812e-01
-2.230997383594512939e-01
-2.265858948230743408e-01
-2.299707531929016113e-01
-2.332727611064910889e-01
-2.365283071994781494e-01
-2.397839725017547607e-01
-2.394372522830963135e-01
-2.386399209499359131e-01
-2.377588748931884766e-01
-2.373903691768646240e-01
-2.355196177959442139e-01
-2.327466905117034912e-01
-2.299737036228179932e-01
-2.272008359432220459e-01
-2.244277894496917725e-01
-2.216547131538391113e-01
-2.192830741405487061e-01
-2.169362008571624756e-01
-2.145895361900329590e-01
-2.128891646862030029e-01
-2.113130390644073486e-01
-2.112680375576019287e-01
-2.061564475297927856e-01
-1.977484375238418579e-01
-1.879827678203582764e-01
-1.829326003789901733e-01
-1.799349337816238403e-01
-1.804016977548599243e-01
-1.793265640735626221e-01
-1.825135946273803711e-01
-1.898653805255889893e-01
-1.995292901992797852e-01
-2.129184901714324951e-01
-2.208812534809112549e-01
-2.163360416889190674e-01
-2.114299833774566650e-01
-2.065237760543823242e-01
-2.000651210546493530e-01
-1.932095587253570557e-01
-1.863540410995483398e-01
-1.794085204601287842e-01
-1.745736598968505859e-01
-1.697389334440231323e-01
-1.647563576698303223e-01
-1.622883528470993042e-01
-1.556847393512725830e-01
-1.480762958526611328e-01
-1.464558392763137817e-01
-1.476698219776153564e-01
-1.570890843868255615e-01
-1.665869653224945068e-01
-1.758952587842941284e-01
-1.913314759731292725e-01
-2.112062573432922363e-01
-2.334400713443756104e-01
-2.555103600025177002e-01
-2.751275002956390381e-01
-2.947447299957275391e-01
-3.143618106842041016e-01
-3.339788019657135010e-01
-3.515381217002868652e-01
-3.662928342819213867e-01
-3.735972940921783447e-01
-3.806200623512268066e-01
-3.825004398822784424e-01
-3.837151527404785156e-01
-3.831408917903900146e-01
-3.806770741939544678e-01
-3.723618984222412109e-01
-3.605853021144866943e-01
-3.479426205158233643e-01
-3.353444635868072510e-01
-3.345019221305847168e-01
-3.365655243396759033e-01
-3.384494185447692871e-01
-3.375712037086486816e-01
-3.364461958408355713e-01
-3.356589972972869873e-01
-3.355191349983215332e-01
-3.355356752872467041e-01
-3.382736146450042725e-01
-3.462614119052886963e-01
-3.541416525840759277e-01
-3.620218932628631592e-01
-3.699018657207489014e-01
-3.777821362018585205e-01
-3.856624066829681396e-01
-2.699268758296966553e-01
-2.645457088947296143e-01
-2.574602067470550537e-01
-2.484004795551300049e-01
-2.397086620330810547e-01
-2.324827313423156738e-01
-2.255683243274688721e-01
-2.191841900348663330e-01
-2.139646708965301514e-01
-2.086243033409118652e-01
-2.035193443298339844e-01
-1.988173425197601318e-01
-1.946625411510467529e-01
-1.877378821372985840e-01
-1.801050901412963867e-01
-1.712017655372619629e-01
-1.615832149982452393e-01
-1.527540981769561768e-01
-1.482705026865005493e-01
-1.478391289710998535e-01
-1.490368098020553589e-01
-1.513648927211761475e-01
-1.536926329135894775e-01
-1.560207307338714600e-01
-1.582770496606826782e-01
-1.617636084556579590e-01
-1.648978292942047119e-01
-1.667123138904571533e-01
-1.704348027706146240e-01
-1.767289936542510986e-01
-1.816394329071044922e-01
-1.859922260046005249e-01
-1.889815926551818848e-01
-1.911473274230957031e-01
-1.930839121341705322e-01
-1.935678422451019287e-01
-2.031241059303283691e-01
-2.136205136775970459e-01
-2.255073189735412598e-01
-2.350848615169525146e-01
-2.424496114253997803e-01
-2.468872964382171631e-01
-2.484116852283477783e-01
-2.515093386173248291e-01
-2.554014027118682861e-01
-2.579153180122375488e-01
-2.604293823242187500e-01
-2.620664834976196289e-01
-2.612691819667816162e-01
-2.604717314243316650e-01
-2.584042251110076904e-01
-2.534674108028411865e-01
-2.483659088611602783e-01
-2.432641685009002686e-01
-2.381626069545745850e-01
-2.330608963966369629e-01
-2.287326753139495850e-01
-2.258571684360504150e-01
-2.232719361782073975e-01
-2.209251821041107178e-01
-2.185784578323364258e-01
-2.174565792083740234e-01
-2.156628370285034180e-01
-2.160180211067199707e-01
-2.148334681987762451e-01
-2.068876773118972778e-01
-1.988931596279144287e-01
-1.938869953155517578e-01
-1.893210858106613159e-01
-1.875079274177551270e-01
-1.852989792823791504e-01
-1.873741894960403442e-01
-1.916854083538055420e-01
-1.969555616378784180e-01
-2.066619396209716797e-01
-2.037342637777328491e-01
-1.988280713558197021e-01
-1.939219683408737183e-01
-1.890158653259277344e-01
-1.830772757530212402e-01
-1.762218475341796875e-01
-1.689622849225997925e-01
-1.640601754188537598e-01
-1.598569452762603760e-01
-1.575875878334045410e-01
-1.558147519826889038e-01
-1.534523069858551025e-01
-1.488241553306579590e-01
-1.417653262615203857e-01
-1.404280364513397217e-01
-1.415769159793853760e-01
-1.503235399723052979e-01
-1.586721241474151611e-01
-1.671272218227386475e-01
-1.824824064970016479e-01
-1.966347098350524902e-01
-2.170451879501342773e-01
-2.368518412113189697e-01
-2.564570605754852295e-01
-2.760741412639617920e-01
-2.956911027431488037e-01
-3.153081238269805908e-01
-3.349252641201019287e-01
-3.498801589012145996e-01
-3.573212325572967529e-01
-3.642252981662750244e-01
-3.662856519222259521e-01
-3.678004443645477295e-01
-3.689305186271667480e-01
-3.682083785533905029e-01
-3.624016046524047852e-01
-3.515937328338623047e-01
-3.416166007518768311e-01
-3.294412493705749512e-01
-3.284080028533935547e-01
-3.316026628017425537e-01
-3.349257409572601318e-01
-3.389333486557006836e-01
-3.423067629337310791e-01
-3.450419008731842041e-01
-3.450520634651184082e-01
-3.449125289916992188e-01
-3.447730541229248047e-01
-3.523371517658233643e-01
-3.602174818515777588e-01
-3.680973947048187256e-01
-3.759775459766387939e-01
-3.838576972484588623e-01
-3.917380273342132568e-01
-2.716005742549896240e-01
-2.663213312625885010e-01
-2.574851214885711670e-01
-2.502592504024505615e-01
-2.433044612407684326e-01
-2.364153861999511719e-01
-2.308364212512969971e-01
-2.256464362144470215e-01
-2.205098867416381836e-01
-2.152939438819885254e-01
-2.105920016765594482e-01
-2.058897614479064941e-01
-2.013413906097412109e-01
-1.940128207206726074e-01
-1.861917674541473389e-01
-1.779715716838836670e-01
-1.702803969383239746e-01
-1.648926138877868652e-01
-1.638250350952148438e-01
-1.633166670799255371e-01
-1.651016026735305786e-01
-1.674296408891677856e-01
-1.697574853897094727e-01
-1.715268790721893311e-01
-1.744207441806793213e-01
-1.778018474578857422e-01
-1.796697527170181274e-01
-1.811811923980712891e-01
-1.836333572864532471e-01
-1.856115460395812988e-01
-1.916791647672653198e-01
-1.978591084480285645e-01
-2.039835751056671143e-01
-2.078932225704193115e-01
-2.129239737987518311e-01
-2.157203257083892822e-01
-2.245154678821563721e-01
-2.360159754753112793e-01
-2.479028999805450439e-01
-2.587933838367462158e-01
-2.654734849929809570e-01
-2.702536284923553467e-01
-2.729511857032775879e-01
-2.767527103424072266e-01
-2.806824147701263428e-01
-2.838232815265655518e-01
-2.863374054431915283e-01
-2.852023541927337646e-01
-2.836632430553436279e-01
-2.803559601306915283e-01
-2.752542793750762939e-01
-2.701526880264282227e-01
-2.650512158870697021e-01
-2.595885992050170898e-01
-2.539839446544647217e-01
-2.483793795108795166e-01
-2.427746057510375977e-01
-2.371700108051300049e-01
-2.309273481369018555e-01
-2.249456346035003662e-01
-2.195831239223480225e-01
-2.153149247169494629e-01
-2.128432095050811768e-01
-2.145957052707672119e-01
-2.167071402072906494e-01
-2.119144499301910400e-01
-2.061001360416412354e-01
-2.000479251146316528e-01
-1.946531832218170166e-01
-1.922279596328735352e-01
-1.909886002540588379e-01
-1.911766976118087769e-01
-1.937164068222045898e-01
-1.973971426486968994e-01
-1.949064284563064575e-01
-1.879772096872329712e-01
-1.821860522031784058e-01
-1.770126968622207642e-01
-1.744630932807922363e-01
-1.722205281257629395e-01
-1.686126291751861572e-01
-1.644093096256256104e-01
-1.602060198783874512e-01
-1.560028493404388428e-01
-1.514918506145477295e-01
-1.470160782337188721e-01
-1.447338163852691650e-01
-1.431919932365417480e-01
-1.383593976497650146e-01
-1.365687549114227295e-01
-1.395235359668731689e-01
-1.439977586269378662e-01
-1.517099738121032715e-01
-1.621965169906616211e-01
-1.757723838090896606e-01
-1.890384554862976074e-01
-2.035063803195953369e-01
-2.201466858386993408e-01
-2.386713325977325439e-01
-2.577072381973266602e-01
-2.770207226276397705e-01
-2.966376841068267822e-01
-3.162507116794586182e-01
-3.333072364330291748e-01
-3.439498543739318848e-01
-3.494476079940795898e-01
-3.499138653278350830e-01
-3.513071835041046143e-01
-3.528218865394592285e-01
-3.545232713222503662e-01
-3.517469763755798340e-01
-3.416238427162170410e-01
-3.314647674560546875e-01
-3.245668113231658936e-01
-3.234642744064331055e-01
-3.254602551460266113e-01
-3.286546766757965088e-01
-3.322980105876922607e-01
-3.368023931980133057e-01
-3.413066565990447998e-01
-3.448654711246490479e-01
-3.489588797092437744e-01
-3.529231250286102295e-01
-3.576571047306060791e-01
-3.662925660610198975e-01
-3.741725981235504150e-01
-3.820531666278839111e-01
-3.899331986904144287e-01
-3.978132307529449463e-01
-2.755220532417297363e-01
-2.680358886718750000e-01
-2.610807418823242188e-01
-2.541256844997406006e-01
-2.472623586654663086e-01
-2.423535287380218506e-01
-2.373212277889251709e-01
-2.321853935718536377e-01
-2.270634174346923828e-01
-2.223664820194244385e-01
-2.176645100116729736e-01
-2.129621207714080811e-01
-2.083391249179840088e-01
-2.018851041793823242e-01
-1.954311132431030273e-01
-1.877396702766418457e-01
-1.815281808376312256e-01
-1.804472506046295166e-01
-1.793796122074127197e-01
-1.789909601211547852e-01
-1.811662316322326660e-01
-1.834945380687713623e-01
-1.858222186565399170e-01
-1.870799362659454346e-01
-1.903360337018966675e-01
-1.924999356269836426e-01
-1.940315514802932739e-01
-1.962001025676727295e-01
-1.988895833492279053e-01
-2.009223699569702148e-01
-2.027326226234436035e-01
-2.068045139312744141e-01
-2.124727070331573486e-01
-2.185231745243072510e-01
-2.258967459201812744e-01
-2.321393191814422607e-01
-2.429090142250061035e-01
-2.563319802284240723e-01
-2.697546184062957764e-01
-2.811029553413391113e-01
-2.884973287582397461e-01
-2.930311262607574463e-01
-2.960782349109649658e-01
-2.991730868816375732e-01
-3.036306202411651611e-01
-3.074150085449218750e-01
-3.084333837032318115e-01
-3.063395023345947266e-01
-3.015595078468322754e-01
-2.952132821083068848e-01
-2.888669669628143311e-01
-2.825208008289337158e-01
-2.765519917011260986e-01
-2.709473073482513428e-01
-2.653426527976989746e-01
-2.590804398059844971e-01
-2.526978552341461182e-01
-2.463152706623077393e-01
-2.394893467426300049e-01
-2.323263585567474365e-01
-2.273100316524505615e-01
-2.234336435794830322e-01
-2.217397987842559814e-01
-2.209908664226531982e-01
-2.201781868934631348e-01
-2.198421657085418701e-01
-2.130769789218902588e-01
-2.060154974460601807e-01
-2.002878338098526001e-01
-1.961047649383544922e-01
-1.950024217367172241e-01
-1.935131400823593140e-01
-1.951836049556732178e-01
-1.951501071453094482e-01
-1.863612681627273560e-01
-1.811344474554061890e-01
-1.779275238513946533e-01
-1.747204363346099854e-01
-1.722041070461273193e-01
-1.704737544059753418e-01
-1.661528497934341431e-01
-1.616823375225067139e-01
-1.572118997573852539e-01
-1.525446176528930664e-01
-1.474591791629791260e-01
-1.435624957084655762e-01
-1.398745477199554443e-01
-1.381729096174240112e-01
-1.345642060041427612e-01
-1.329079270362854004e-01
-1.374034285545349121e-01
-1.418776512145996094e-01
-1.463519632816314697e-01
-1.565513610839843750e-01
-1.680719554424285889e-01
-1.821763813495635986e-01
-1.921789646148681641e-01
-2.088193297386169434e-01
-2.254599630832672119e-01
-2.420457601547241211e-01
-2.600406110286712646e-01
-2.783329188823699951e-01
-2.972465455532073975e-01
-3.151420354843139648e-01
-3.281557857990264893e-01
-3.362495303153991699e-01
-3.369267284870147705e-01
-3.366896212100982666e-01
-3.364525735378265381e-01
-3.384891748428344727e-01
-3.401663899421691895e-01
-3.316632211208343506e-01
-3.213916718959808350e-01
-3.181131184101104736e-01
-3.170107603073120117e-01
-3.172417581081390381e-01
-3.225128948688507080e-01
-3.257071673870086670e-01
-3.296706974506378174e-01
-3.341747224330902100e-01
-3.386787474155426025e-01
-3.431832194328308105e-01
-3.483354747295379639e-01
-3.535015285015106201e-01
-3.655417263507843018e-01
-3.780063092708587646e-01
-3.881282508373260498e-01
-3.960088193416595459e-01
-4.037196338176727295e-01
-2.787066400051116943e-01
-2.719022035598754883e-01
-2.649471461772918701e-01
-2.581093013286590576e-01
-2.534029781818389893e-01
-2.489964663982391357e-01
-2.438605129718780518e-01
-2.387244999408721924e-01
-2.341297268867492676e-01
-2.294571995735168457e-01
-2.255173027515411377e-01
-2.224311232566833496e-01
-2.185644507408142090e-01
-2.118571996688842773e-01
-2.051992714405059814e-01
-1.982569992542266846e-01
-1.970505118370056152e-01
-1.960021257400512695e-01
-1.949344575405120850e-01
-1.949029862880706787e-01
-1.972312331199645996e-01
-1.995592117309570312e-01
-2.014688551425933838e-01
-2.029088735580444336e-01
-2.050503492355346680e-01
-2.067401707172393799e-01
-2.089221179485321045e-01
-2.112190723419189453e-01
-2.141462564468383789e-01
-2.162476480007171631e-01
-2.182620167732238770e-01
-2.201261520385742188e-01
-2.214098870754241943e-01
-2.270938456058502197e-01
-2.340165972709655762e-01
-2.406764030456542969e-01
-2.533911764621734619e-01
-2.681385278701782227e-01
-2.823448181152343750e-01
-2.940743267536163330e-01
-3.040137588977813721e-01
-3.099120259284973145e-01
-3.140553534030914307e-01
-3.164931535720825195e-01
-3.207447826862335205e-01
-3.248015344142913818e-01
-3.244620859622955322e-01
-3.212907910346984863e-01
-3.149445652961730957e-01
-3.085981905460357666e-01
-3.022520840167999268e-01
-2.959057390689849854e-01
-2.888820469379425049e-01
-2.817578613758087158e-01
-2.746339142322540283e-01
-2.680858671665191650e-01
-2.609041035175323486e-01
-2.535540163516998291e-01
-2.462035417556762695e-01
-2.394706308841705322e-01
-2.353254258632659912e-01
-2.329351007938385010e-01
-2.314658463001251221e-01
-2.299964129924774170e-01
-2.318758666515350342e-01
-2.367024421691894531e-01
-2.305662333965301514e-01
-2.220548093318939209e-01
-2.127702534198760986e-01
-2.050151824951171875e-01
-2.045512050390243530e-01
-2.039864063262939453e-01
-2.062942385673522949e-01
-1.995038539171218872e-01
-1.892757862806320190e-01
-1.825155913829803467e-01
-1.787898391485214233e-01
-1.755828112363815308e-01
-1.723757535219192505e-01
-1.687926799058914185e-01
-1.638961732387542725e-01
-1.594258099794387817e-01
-1.548690646886825562e-01
-1.514493077993392944e-01
-1.475526243448257446e-01
-1.436558663845062256e-01
-1.397590637207031250e-01
-1.355368494987487793e-01
-1.309743076562881470e-01
-1.313959360122680664e-01
-1.356028914451599121e-01
-1.398100554943084717e-01
-1.443141102790832520e-01
-1.513369381427764893e-01
-1.620839536190032959e-01
-1.736076176166534424e-01
-1.819480210542678833e-01
-1.972893774509429932e-01
-2.138458490371704102e-01
-2.304026782512664795e-01
-2.469591498374938965e-01
-2.635991573333740234e-01
-2.813398241996765137e-01
-2.975958585739135742e-01
-3.117813766002655029e-01
-3.219616711139678955e-01
-3.239393532276153564e-01
-3.237025439739227295e-01
-3.234653770923614502e-01
-3.232286870479583740e-01
-3.243923783302307129e-01
-3.219915032386779785e-01
-3.126809298992156982e-01
-3.116595447063446045e-01
-3.105567693710327148e-01
-3.094542622566223145e-01
-3.123164772987365723e-01
-3.177275955677032471e-01
-3.227594494819641113e-01
-3.270429074764251709e-01
-3.315471708774566650e-01
-3.360510170459747314e-01
-3.406732082366943359e-01
-3.461628258228302002e-01
-3.565849661827087402e-01
-3.675632774829864502e-01
-3.783423602581024170e-01
-3.892370760440826416e-01
-3.999905288219451904e-01
-2.813224792480468750e-01
-2.745724916458129883e-01
-2.680794894695281982e-01
-2.639076113700866699e-01
-2.602410018444061279e-01
-2.555352151393890381e-01
-2.503996491432189941e-01
-2.457367181777954102e-01
-2.420664429664611816e-01
-2.397074401378631592e-01
-2.370025217533111572e-01
-2.335491776466369629e-01
-2.287420034408569336e-01
-2.217113673686981201e-01
-2.150157392024993896e-01
-2.135792970657348633e-01
-2.126088738441467285e-01
-2.115567624568939209e-01
-2.104890942573547363e-01
-2.109680175781250000e-01
-2.132954001426696777e-01
-2.153815925121307373e-01
-2.158586978912353516e-01
-2.163522839546203613e-01
-2.175713181495666504e-01
-2.190159261226654053e-01
-2.210561931133270264e-01
-2.229767739772796631e-01
-2.257089018821716309e-01
-2.275385558605194092e-01
-2.294724881649017334e-01
-2.307484447956085205e-01
-2.321504056453704834e-01
-2.335597276687622070e-01
-2.382652461528778076e-01
-2.459528744220733643e-01
-2.595239281654357910e-01
-2.742712497711181641e-01
-2.875938117504119873e-01
-3.009269535541534424e-01
-3.147839307785034180e-01
-3.222634494304656982e-01
-3.265098035335540771e-01
-3.304226100444793701e-01
-3.351401388645172119e-01
-3.379589617252349854e-01
-3.357526063919067383e-01
-3.314521610736846924e-01
-3.270486295223236084e-01
-3.212414681911468506e-01
-3.141617774963378906e-01
-3.070378303527832031e-01
-2.999137341976165771e-01
-2.926028370857238770e-01
-2.845108807086944580e-01
-2.764191329479217529e-01
-2.683272063732147217e-01
-2.602679431438446045e-01
-2.529177367687225342e-01
-2.467144429683685303e-01
-2.426753938198089600e-01
-2.419407665729522705e-01
-2.404712736606597900e-01
-2.410888969898223877e-01
-2.438033223152160645e-01
-2.474551796913146973e-01
-2.478344142436981201e-01
-2.441412508487701416e-01
-2.382929921150207520e-01
-2.337392866611480713e-01
-2.333205342292785645e-01
-2.329191267490386963e-01
-2.256599962711334229e-01
-2.140152752399444580e-01
-2.006451338529586792e-01
-1.893368363380432129e-01
-1.823410987854003906e-01
-1.772564500570297241e-01
-1.731346994638442993e-01
-1.691370606422424316e-01
-1.642382740974426270e-01
-1.597788184881210327e-01
-1.554115414619445801e-01
-1.515426933765411377e-01
-1.476459205150604248e-01
-1.437491178512573242e-01
-1.395599693059921265e-01
-1.347233355045318604e-01
-1.308598071336746216e-01
-1.317997425794601440e-01
-1.350801736116409302e-01
-1.392787694931030273e-01
-1.421227753162384033e-01
-1.493314206600189209e-01
-1.594747006893157959e-01
-1.653347760438919067e-01
-1.734079420566558838e-01
-1.856992542743682861e-01
-2.022094875574111938e-01
-2.187658250331878662e-01
-2.353224456310272217e-01
-2.518787682056427002e-01
-2.679654359817504883e-01
-2.828285098075866699e-01
-2.971147596836090088e-01
-3.094415366649627686e-01
-3.125694096088409424e-01
-3.109523355960845947e-01
-3.104783892631530762e-01
-3.102412223815917969e-01
-3.107139170169830322e-01
-3.117330372333526611e-01
-3.065435290336608887e-01
-3.052057027816772461e-01
-3.041032850742340088e-01
-3.030007183551788330e-01
-3.024448156356811523e-01
-3.073911070823669434e-01
-3.128022253513336182e-01
-3.181077241897583008e-01
-3.227819502353668213e-01
-3.258022665977478027e-01
-3.288231790065765381e-01
-3.321523666381835938e-01
-3.392802774906158447e-01
-3.509671688079833984e-01
-3.626542985439300537e-01
-3.740983903408050537e-01
-3.849930465221405029e-01
-2.747710645198822021e-01
-2.708588540554046631e-01
-2.695407867431640625e-01
-2.685584425926208496e-01
-2.656514644622802734e-01
-2.609026134014129639e-01
-2.572976350784301758e-01
-2.560362219810485840e-01
-2.539742290973663330e-01
-2.511734366416931152e-01
-2.476516067981719971e-01
-2.434895932674407959e-01
-2.378777563571929932e-01
-2.300210595130920410e-01
-2.280600368976593018e-01
-2.265868484973907471e-01
-2.251135110855102539e-01
-2.235542833805084229e-01
-2.221283018589019775e-01
-2.224696278572082520e-01
-2.242946326732635498e-01
-2.256234288215637207e-01
-2.245227694511413574e-01
-2.253305017948150635e-01
-2.265411317348480225e-01
-2.285813689231872559e-01
-2.306735217571258545e-01
-2.327872216701507568e-01
-2.358736693859100342e-01
-2.387618124485015869e-01
-2.400869727134704590e-01
-2.414925992488861084e-01
-2.429014146327972412e-01
-2.443108558654785156e-01
-2.469407021999359131e-01
-2.514293491840362549e-01
-2.653058469295501709e-01
-2.795211374759674072e-01
-2.928658425807952881e-01
-3.067657649517059326e-01
-3.206658065319061279e-01
-3.293676078319549561e-01
-3.352502882480621338e-01
-3.398682177066802979e-01
-3.448612987995147705e-01
-3.433586061000823975e-01
-3.400130271911621094e-01
-3.364708125591278076e-01
-3.329285681247711182e-01
-3.293094933032989502e-01
-3.237541615962982178e-01
-3.173243403434753418e-01
-3.094350993633270264e-01
-3.013434112071990967e-01
-2.932513356208801270e-01
-2.851595580577850342e-01
-2.770093381404876709e-01
-2.680194079875946045e-01
-2.595831453800201416e-01
-2.536273896694183350e-01
-2.515636384487152100e-01
-2.509462833404541016e-01
-2.520400285720825195e-01
-2.574425637722015381e-01
-2.631193995475769043e-01
-2.699499130249023438e-01
-2.764911949634552002e-01
-2.734799683094024658e-01
-2.680389583110809326e-01
-2.631121575832366943e-01
-2.620899379253387451e-01
-2.579695284366607666e-01
-2.441174089908599854e-01
-2.307437956333160400e-01
-2.173738777637481689e-01
-2.045650482177734375e-01
-1.959686577320098877e-01
-1.901509165763854980e-01
-1.839942485094070435e-01
-1.790849417448043823e-01
-1.739594787359237671e-01
-1.670197397470474243e-01
-1.595479696989059448e-01
-1.531364172697067261e-01
-1.477392613887786865e-01
-1.435762196779251099e-01
-1.387960314750671387e-01
-1.335459649562835693e-01
-1.315828561782836914e-01
-1.353661566972732544e-01
-1.366776823997497559e-01
-1.367327272891998291e-01
-1.404661834239959717e-01
-1.476751416921615601e-01
-1.579345464706420898e-01
-1.625862121582031250e-01
-1.667847931385040283e-01
-1.756601929664611816e-01
-1.919493377208709717e-01
-2.082388550043106079e-01
-2.245282530784606934e-01
-2.407483756542205811e-01
-2.564209997653961182e-01
-2.707417607307434082e-01
-2.835483551025390625e-01
-2.966334819793701172e-01
-3.022700846195220947e-01
-3.024264872074127197e-01
-3.006513416767120361e-01
-2.989893555641174316e-01
-2.979426383972167969e-01
-2.991298139095306396e-01
-3.030918240547180176e-01
-3.007055222988128662e-01
-2.977819144725799561e-01
-2.956337630748748779e-01
-2.930705547332763672e-01
-2.931739389896392822e-01
-2.971011698246002197e-01
-3.010286688804626465e-01
-3.053749501705169678e-01
-3.106119930744171143e-01
-3.149919807910919189e-01
-3.180122971534729004e-01
-3.219717144966125488e-01
-3.336588740348815918e-01
-3.453461229801177979e-01
-3.570330440998077393e-01
-3.680715262889862061e-01
-2.651102542877197266e-01
-2.636066973209381104e-01
-2.620036602020263672e-01
-2.606672048568725586e-01
-2.591823041439056396e-01
-2.598667442798614502e-01
-2.605016827583312988e-01
-2.604494392871856689e-01
-2.593233585357666016e-01
-2.556834816932678223e-01
-2.520137727260589600e-01
-2.479661107063293457e-01
-2.424044013023376465e-01
-2.391490042209625244e-01
-2.382917106151580811e-01
-2.368184030055999756e-01
-2.353454232215881348e-01
-2.337823808193206787e-01
-2.326332330703735352e-01
-2.333085834980010986e-01
-2.348186671733856201e-01
-2.342883348464965820e-01
-2.331917881965637207e-01
-2.342388033866882324e-01
-2.361401915550231934e-01
-2.382539808750152588e-01
-2.403676211833953857e-01
-2.425752580165863037e-01
-2.472448647022247314e-01
-2.494253814220428467e-01
-2.508340477943420410e-01
-2.522435188293457031e-01
-2.536523640155792236e-01
-2.550616860389709473e-01
-2.577660083770751953e-01
-2.632232010364532471e-01
-2.721441686153411865e-01
-2.848045229911804199e-01
-2.987045347690582275e-01
-3.126044571399688721e-01
-3.265042304992675781e-01
-3.359871506690979004e-01
-3.407257795333862305e-01
-3.439106941223144531e-01
-3.434235155582427979e-01
-3.419912159442901611e-01
-3.402764499187469482e-01
-3.384742736816406250e-01
-3.349317908287048340e-01
-3.304916918277740479e-01
-3.259062170982360840e-01
-3.206116855144500732e-01
-3.152922689914703369e-01
-3.097225129604339600e-01
-3.016737997531890869e-01
-2.926841080188751221e-01
-2.836945354938507080e-01
-2.747048735618591309e-01
-2.695165276527404785e-01
-2.692257463932037354e-01
-2.705882787704467773e-01
-2.718415856361389160e-01
-2.760169804096221924e-01
-2.813818752765655518e-01
-2.870587408542633057e-01
-2.936251461505889893e-01
-3.011581599712371826e-01
-3.019240200519561768e-01
-2.972218096256256104e-01
-2.926855087280273438e-01
-2.904790341854095459e-01
-2.791717946529388428e-01
-2.622974216938018799e-01
-2.474722564220428467e-01
-2.341021299362182617e-01
-2.207321822643280029e-01
-2.101165056228637695e-01
-2.044945359230041504e-01
-1.997502148151397705e-01
-1.950058639049530029e-01
-1.901262402534484863e-01
-1.828999370336532593e-01
-1.751980185508728027e-01
-1.674959212541580200e-01
-1.595146954059600830e-01
-1.509014964103698730e-01
-1.418286859989166260e-01
-1.340003162622451782e-01
-1.335610449314117432e-01
-1.386211663484573364e-01
-1.393822133541107178e-01
-1.366679668426513672e-01
-1.397798210382461548e-01
-1.451320499181747437e-01
-1.559734493494033813e-01
-1.601720154285430908e-01
-1.643706262111663818e-01
-1.685692071914672852e-01
-1.819105148315429688e-01
-1.981998980045318604e-01
-2.144890725612640381e-01
-2.304935157299041748e-01
-2.461659014225006104e-01
-2.603717148303985596e-01
-2.729519307613372803e-01
-2.855326235294342041e-01
-2.933388650417327881e-01
-2.935906946659088135e-01
-2.925355434417724609e-01
-2.909264266490936279e-01
-2.893060147762298584e-01
-2.893477380275726318e-01
-2.945913672447204590e-01
-2.939114868640899658e-01
-2.888090908527374268e-01
-2.843681275844573975e-01
-2.800298035144805908e-01
-2.778834402561187744e-01
-2.800659537315368652e-01
-2.839930057525634766e-01
-2.879205942153930664e-01
-2.925865352153778076e-01
-2.978237569332122803e-01
-3.030608594417572021e-01
-3.072021007537841797e-01
-3.163504004478454590e-01
-3.280376791954040527e-01
-3.397250473499298096e-01
-3.514123857021331787e-01
-2.485136687755584717e-01
-2.478461563587188721e-01
-2.479248642921447754e-01
-2.500292658805847168e-01
-2.513563632965087891e-01
-2.520737648010253906e-01
-2.522645890712738037e-01
-2.516930997371673584e-01
-2.511213719844818115e-01
-2.503812909126281738e-01
-2.496055960655212402e-01
-2.481997907161712646e-01
-2.485642433166503906e-01
-2.484690546989440918e-01
-2.475173771381378174e-01
-2.463635802268981934e-01
-2.452098429203033447e-01
-2.439623773097991943e-01
-2.434857785701751709e-01
-2.439592480659484863e-01
-2.440747022628784180e-01
-2.425444424152374268e-01
-2.420290410518646240e-01
-2.437206804752349854e-01
-2.458343505859375000e-01
-2.479481697082519531e-01
-2.501437067985534668e-01
-2.536877393722534180e-01
-2.580766081809997559e-01
-2.601742148399353027e-01
-2.615852952003479004e-01
-2.629942893981933594e-01
-2.644034922122955322e-01
-2.659368216991424561e-01
-2.695393264293670654e-01
-2.750168740749359131e-01
-2.827986776828765869e-01
-2.947989106178283691e-01
-3.045721650123596191e-01
-3.183906674385070801e-01
-3.304528295993804932e-01
-3.391158282756805420e-01
-3.431541621685028076e-01
-3.439358174800872803e-01
-3.403345942497253418e-01
-3.386197984218597412e-01
-3.366192877292633057e-01
-3.339366316795349121e-01
-3.312540352344512939e-01
-3.285713493824005127e-01
-3.256938159465789795e-01
-3.211021125316619873e-01
-3.152624666690826416e-01
-3.090452551841735840e-01
-3.047294318675994873e-01
-3.019550442695617676e-01
-2.984640300273895264e-01
-2.938445806503295898e-01
-2.907577455043792725e-01
-2.923420369625091553e-01
-2.934451997280120850e-01
-2.970747053623199463e-01
-3.019826412200927734e-01
-3.069180548191070557e-01
-3.118535578250885010e-01
-3.174138665199279785e-01
-3.248333632946014404e-01
-3.299927413463592529e-01
-3.259071707725524902e-01
-3.227023184299468994e-01
-3.117059767246246338e-01
-2.987660467624664307e-01
-2.803462445735931396e-01
-2.646029293537139893e-01
-2.508307695388793945e-01
-2.387365996837615967e-01
-2.279429733753204346e-01
-2.204609811305999756e-01
-2.156709730625152588e-01
-2.109021246433258057e-01
-2.056278437376022339e-01
-1.985011547803878784e-01
-1.907150298357009888e-01
-1.827155351638793945e-01
-1.741457581520080566e-01
-1.651157289743423462e-01
-1.558108776807785034e-01
-1.465060859918594360e-01
-1.465902775526046753e-01
-1.510419547557830811e-01
-1.473077684640884399e-01
-1.431738436222076416e-01
-1.446556150913238525e-01
-1.470729112625122070e-01
-1.536970436573028564e-01
-1.577577888965606689e-01
-1.619564145803451538e-01
-1.661550104618072510e-01
-1.744404137134552002e-01
-1.881606578826904297e-01
-2.044499516487121582e-01
-2.202385962009429932e-01
-2.359110713005065918e-01
-2.500014007091522217e-01
-2.625819146633148193e-01
-2.751624882221221924e-01
-2.833295166492462158e-01
-2.849772572517395020e-01
-2.830721735954284668e-01
-2.790169417858123779e-01
-2.759241759777069092e-01
-2.786251902580261230e-01
-2.842601239681243896e-01
-2.859258055686950684e-01
-2.825557887554168701e-01
-2.765016257762908936e-01
-2.711776494979858398e-01
-2.663748264312744141e-01
-2.631680667400360107e-01
-2.669579088687896729e-01
-2.708851993083953857e-01
-2.748123109340667725e-01
-2.797984778881072998e-01
-2.850355803966522217e-01
-2.902730107307434082e-01
-2.982623875141143799e-01
-3.107294738292694092e-01
-3.224166333675384521e-01
-3.341042101383209229e-01
-2.318747043609619141e-01
-2.341892719268798828e-01
-2.365036308765411377e-01
-2.372108995914459229e-01
-2.377776503562927246e-01
-2.377130389213562012e-01
-2.376490235328674316e-01
-2.375844717025756836e-01
-2.375204563140869141e-01
-2.372938394546508789e-01
-2.369226813316345215e-01
-2.385435402393341064e-01
-2.422012984752655029e-01
-2.441192567348480225e-01
-2.456521093845367432e-01
-2.473919689655303955e-01
-2.491322159767150879e-01
-2.502384781837463379e-01
-2.506274878978729248e-01
-2.505135238170623779e-01
-2.498989403247833252e-01
-2.488106787204742432e-01
-2.496756017208099365e-01
-2.519988119602203369e-01
-2.543218135833740234e-01
-2.567276358604431152e-01
-2.605736553668975830e-01
-2.642895579338073730e-01
-2.680530250072479248e-01
-2.707111239433288574e-01
-2.723363041877746582e-01
-2.737455368041992188e-01
-2.751546502113342285e-01
-2.768161296844482422e-01
-2.813330888748168945e-01
-2.861848473548889160e-01
-2.937068343162536621e-01
-3.059073388576507568e-01
-3.145929872989654541e-01
-3.223672211170196533e-01
-3.319466710090637207e-01
-3.397371768951416016e-01
-3.432891368865966797e-01
-3.419137001037597656e-01
-3.369635045528411865e-01
-3.336392939090728760e-01
-3.309567868709564209e-01
-3.282740414142608643e-01
-3.255914151668548584e-01
-3.229087293148040771e-01
-3.211699426174163818e-01
-3.210323452949523926e-01
-3.208075463771820068e-01
-3.196481466293334961e-01
-3.168737292289733887e-01
-3.135859072208404541e-01
-3.099011480808258057e-01
-3.079665005207061768e-01
-3.102823495864868164e-01
-3.135931789875030518e-01
-3.178344368934631348e-01
-3.232536911964416504e-01
-3.279482722282409668e-01
-3.328837454319000244e-01
-3.378190696239471436e-01
-3.431152999401092529e-01
-3.499068617820739746e-01
-3.551177382469177246e-01
-3.541687428951263428e-01
-3.482978045940399170e-01
-3.330878317356109619e-01
-3.174461126327514648e-01
-2.983950674533843994e-01
-2.829744517803192139e-01
-2.703464329242706299e-01
-2.585583925247192383e-01
-2.462656199932098389e-01
-2.371138334274291992e-01
-2.314373850822448730e-01
-2.263143360614776611e-01
-2.204962074756622314e-01
-2.138895094394683838e-01
-2.059159129858016968e-01
-1.973839700222015381e-01
-1.884211152791976929e-01
-1.791160255670547485e-01
-1.698112487792968750e-01
-1.625780463218688965e-01
-1.635259985923767090e-01
-1.641542166471481323e-01
-1.604965776205062866e-01
-1.582392305135726929e-01
-1.580387055873870850e-01
-1.617228090763092041e-01
-1.656758487224578857e-01
-1.647342741489410400e-01
-1.655912399291992188e-01
-1.674613058567047119e-01
-1.707641780376434326e-01
-1.821405142545700073e-01
-1.943112015724182129e-01
-2.097015082836151123e-01
-2.239348590373992920e-01
-2.364268004894256592e-01
-2.475234568119049072e-01
-2.586201727390289307e-01
-2.664715349674224854e-01
-2.718474864959716797e-01
-2.708921730518341064e-01
-2.682263851165771484e-01
-2.641666233539581299e-01
-2.687738537788391113e-01
-2.741584181785583496e-01
-2.768142819404602051e-01
-2.777176797389984131e-01
-2.727247178554534912e-01
-2.665809392929077148e-01
-2.604375183582305908e-01
-2.554753124713897705e-01
-2.533839941024780273e-01
-2.546986043453216553e-01
-2.577998638153076172e-01
-2.617731392383575439e-01
-2.670103907585144043e-01
-2.722473442554473877e-01
-2.775538265705108643e-01
-2.905617952346801758e-01
-3.044657111167907715e-01
-3.167957961559295654e-01
-2.204533517360687256e-01
-2.225028574466705322e-01
-2.233550846576690674e-01
-2.232403159141540527e-01
-2.231215536594390869e-01
-2.230575382709503174e-01
-2.229931354522705078e-01
-2.229288816452026367e-01
-2.228645086288452148e-01
-2.226440012454986572e-01
-2.237175405025482178e-01
-2.294466793537139893e-01
-2.332373559474945068e-01
-2.356629967689514160e-01
-2.373310625553131104e-01
-2.395409941673278809e-01
-2.417849302291870117e-01
-2.438161075115203857e-01
-2.461888790130615234e-01
-2.483630180358886719e-01
-2.495269477367401123e-01
-2.512298226356506348e-01
-2.543018758296966553e-01
-2.569444179534912109e-01
-2.597141563892364502e-01
-2.639289796352386475e-01
-2.682952284812927246e-01
-2.706465125083923340e-01
-2.744235694408416748e-01
-2.774133980274200439e-01
-2.791615724563598633e-01
-2.807799875736236572e-01
-2.823985815048217773e-01
-2.850971519947052002e-01
-2.891691029071807861e-01
-2.932310104370117188e-01
-2.990083992481231689e-01
-3.109420537948608398e-01
-3.203237950801849365e-01
-3.286221921443939209e-01
-3.347632586956024170e-01
-3.366279602050781250e-01
-3.408188521862030029e-01
-3.360304534435272217e-01
-3.309627473354339600e-01
-3.271910250186920166e-01
-3.263784646987915039e-01
-3.271489143371582031e-01
-3.272207677364349365e-01
-3.272410631179809570e-01
-3.271034061908721924e-01
-3.269661366939544678e-01
-3.268285691738128662e-01
-3.258354365825653076e-01
-3.241004049777984619e-01
-3.222431838512420654e-01
-3.204005658626556396e-01
-3.210864663124084473e-01
-3.257644772529602051e-01
-3.309086859226226807e-01
-3.384820520877838135e-01
-3.452862203121185303e-01
-3.513313829898834229e-01
-3.577749431133270264e-01
-3.637845218181610107e-01
-3.688166141510009766e-01
-3.751371204853057861e-01
-3.792656958103179932e-01
-3.836188912391662598e-01
-3.717836439609527588e-01
-3.543917238712310791e-01
-3.365531861782073975e-01
-3.191601037979125977e-01
-3.031901121139526367e-01
-2.901348769664764404e-01
-2.778480350971221924e-01
-2.651851773262023926e-01
-2.541007399559020996e-01
-2.468648850917816162e-01
-2.412008345127105713e-01
-2.353644371032714844e-01
-2.291165888309478760e-01
-2.206222116947174072e-01
-2.117262482643127441e-01
-2.024214565753936768e-01
-1.931165754795074463e-01
-1.838117390871047974e-01
-1.792525500059127808e-01
-1.788698583841323853e-01
-1.780707240104675293e-01
-1.763050854206085205e-01
-1.739203929901123047e-01
-1.719076931476593018e-01
-1.769047975540161133e-01
-1.799834966659545898e-01
-1.790419965982437134e-01
-1.781005561351776123e-01
-1.766610443592071533e-01
-1.769149750471115112e-01
-1.840388625860214233e-01
-1.923260539770126343e-01
-2.003114968538284302e-01
-2.115416228771209717e-01
-2.215896546840667725e-01
-2.313736975193023682e-01
-2.415511310100555420e-01
-2.498092651367187500e-01
-2.559151649475097656e-01
-2.587118446826934814e-01
-2.568368613719940186e-01
-2.571146786212921143e-01
-2.612540721893310547e-01
-2.655068337917327881e-01
-2.678595483303070068e-01
-2.695970535278320312e-01
-2.688483297824859619e-01
-2.630757987499237061e-01
-2.569320499897003174e-01
-2.509028017520904541e-01
-2.458172738552093506e-01
-2.454932034015655518e-01
-2.464441061019897461e-01
-2.473955452442169189e-01
-2.506469190120697021e-01
-2.551834881305694580e-01
-2.600109279155731201e-01
-2.700477242469787598e-01
-2.829799950122833252e-01
-2.968668937683105469e-01
-2.080598771572113037e-01
-2.089284956455230713e-01
-2.088563740253448486e-01
-2.086547315120697021e-01
-2.084659934043884277e-01
-2.084012925624847412e-01
-2.083372771739959717e-01
-2.082727849483489990e-01
-2.082085311412811279e-01
-2.087242305278778076e-01
-2.146529257297515869e-01
-2.203499674797058105e-01
-2.239036858081817627e-01
-2.263293862342834473e-01
-2.279113531112670898e-01
-2.297982275485992432e-01
-2.318389415740966797e-01
-2.334298789501190186e-01
-2.361317873001098633e-01
-2.380121946334838867e-01
-2.395169138908386230e-01
-2.430260777473449707e-01
-2.487719655036926270e-01
-2.542710602283477783e-01
-2.612192928791046143e-01
-2.685226202011108398e-01
-2.735162675380706787e-01
-2.761873006820678711e-01
-2.802971303462982178e-01
-2.838306725025177002e-01
-2.858984172344207764e-01
-2.867390811443328857e-01
-2.875799238681793213e-01
-2.907325029373168945e-01
-2.943402230739593506e-01
-2.974843680858612061e-01
-3.015432059764862061e-01
-3.140822350978851318e-01
-3.243303298950195312e-01
-3.307724595069885254e-01
-3.345205485820770264e-01
-3.354443907737731934e-01
-3.343629539012908936e-01
-3.320324718952178955e-01
-3.304080665111541748e-01
-3.289634287357330322e-01
-3.290354311466217041e-01
-3.291071951389312744e-01
-3.291791379451751709e-01
-3.292511999607086182e-01
-3.292228281497955322e-01
-3.283843100070953369e-01
-3.275457918643951416e-01
-3.267071843147277832e-01
-3.257690072059631348e-01
-3.242757618427276611e-01
-3.244184553623199463e-01
-3.305468261241912842e-01
-3.374186456203460693e-01
-3.466303944587707520e-01
-3.552780449390411377e-01
-3.634984791278839111e-01
-3.707472383975982666e-01
-3.771868348121643066e-01
-3.838674128055572510e-01
-3.904811441898345947e-01
-3.968928158283233643e-01
-4.031532704830169678e-01
-4.049541652202606201e-01
-3.957190811634063721e-01
-3.788168728351593018e-01
-3.591007888317108154e-01
-3.410344421863555908e-01
-3.235945403575897217e-01
-3.100375533103942871e-01
-2.968425452709197998e-01
-2.841798365116119385e-01
-2.717356383800506592e-01
-2.625174820423126221e-01
-2.560693919658660889e-01
-2.500976026058197021e-01
-2.435902953147888184e-01
-2.350314557552337646e-01
-2.257267534732818604e-01
-2.164218425750732422e-01
-2.071169912815093994e-01
-1.979010701179504395e-01
-1.953998357057571411e-01
-1.927866935729980469e-01
-1.919874846935272217e-01
-1.911448240280151367e-01
-1.904248595237731934e-01
-1.892508268356323242e-01
-1.924523860216140747e-01
-1.916964948177337646e-01
-1.886169612407684326e-01
-1.861920505762100220e-01
-1.837665736675262451e-01
-1.813414394855499268e-01
-1.846266984939575195e-01
-1.926973462104797363e-01
-2.006830275058746338e-01
-2.086685299873352051e-01
-2.170036137104034424e-01
-2.257719337940216064e-01
-2.346485555171966553e-01
-2.410260438919067383e-01
-2.448032200336456299e-01
-2.478344440460205078e-01
-2.460129857063293457e-01
-2.502665519714355469e-01
-2.542018890380859375e-01
-2.584907114505767822e-01
-2.614226937294006348e-01
-2.607354819774627686e-01
-2.619821131229400635e-01
-2.595704793930053711e-01
-2.534267604351043701e-01
-2.472830414772033691e-01
-2.418057322502136230e-01
-2.378352582454681396e-01
-2.382055819034576416e-01
-2.385756075382232666e-01
-2.395044565200805664e-01
-2.411644160747528076e-01
-2.450316846370697021e-01
-2.516700625419616699e-01
-2.638880610466003418e-01
-2.767118513584136963e-01
-1.940698325634002686e-01
-1.944725811481475830e-01
-1.942706406116485596e-01
-1.940692365169525146e-01
-1.938672959804534912e-01
-1.937455832958221436e-01
-1.936813592910766602e-01
-1.936169564723968506e-01
-1.935622394084930420e-01
-1.998208165168762207e-01
-2.055885195732116699e-01
-2.112529277801513672e-01
-2.145699262619018555e-01
-2.169953882694244385e-01
-2.184913754463195801e-01
-2.198759913444519043e-01
-2.209230661392211914e-01
-2.226937711238861084e-01
-2.253114879131317139e-01
-2.264099419116973877e-01
-2.282307446002960205e-01
-2.326725423336029053e-01
-2.387222647666931152e-01
-2.462270855903625488e-01
-2.540411055088043213e-01
-2.608655393123626709e-01
-2.667283415794372559e-01
-2.725324332714080811e-01
-2.787255048751831055e-01
-2.843900024890899658e-01
-2.887010276317596436e-01
-2.903020679950714111e-01
-2.920496165752410889e-01
-2.956876158714294434e-01
-2.979448735713958740e-01
-3.009261190891265869e-01
-3.040781021118164062e-01
-3.163411915302276611e-01
-3.261223733425140381e-01
-3.344460725784301758e-01
-3.415078222751617432e-01
-3.457057476043701172e-01
-3.440623581409454346e-01
-3.403273522853851318e-01
-3.334627449512481689e-01
-3.309403955936431885e-01
-3.309935629367828369e-01
-3.310655653476715088e-01
-3.307887017726898193e-01
-3.299502730369567871e-01
-3.291118443012237549e-01
-3.282731473445892334e-01
-3.274345695972442627e-01
-3.265958726406097412e-01
-3.257574737071990967e-01
-3.251737952232360840e-01
-3.293278813362121582e-01
-3.361202180385589600e-01
-3.453390896320343018e-01
-3.558142483234405518e-01
-3.662893474102020264e-01
-3.763073384761810303e-01
-3.850002586841583252e-01
-3.924913704395294189e-01
-4.002964198589324951e-01
-4.060616195201873779e-01
-4.114294946193695068e-01
-4.148521125316619873e-01
-4.167789220809936523e-01
-4.134134054183959961e-01
-3.981088101863861084e-01
-3.786140382289886475e-01
-3.608094155788421631e-01
-3.435791730880737305e-01
-3.283495604991912842e-01
-3.141845464706420898e-01
-3.009895384311676025e-01
-2.879854738712310791e-01
-2.766105234622955322e-01
-2.692105472087860107e-01
-2.629503905773162842e-01
-2.563007473945617676e-01
-2.480419576168060303e-01
-2.389465272426605225e-01
-2.298509776592254639e-01
-2.207552492618560791e-01
-2.144228518009185791e-01
-2.090553343296051025e-01
-2.056581974029541016e-01
-2.033752799034118652e-01
-2.015607953071594238e-01
-2.014263868331909180e-01
-2.008946537971496582e-01
-2.040568888187408447e-01
-2.024267911911010742e-01
-1.985248774290084839e-01
-1.946230232715606689e-01
-1.913751810789108276e-01
-1.889500319957733154e-01
-1.875668019056320190e-01
-1.932407021522521973e-01
-2.010546624660491943e-01
-2.090180814266204834e-01
-2.149838507175445557e-01
-2.212068140506744385e-01
-2.304078936576843262e-01
-2.369964420795440674e-01
-2.407734096050262451e-01
-2.445508837699890137e-01
-2.475047707557678223e-01
-2.520144581794738770e-01
-2.557193934917449951e-01
-2.577146589756011963e-01
-2.593382894992828369e-01
-2.564966678619384766e-01
-2.554215788841247559e-01
-2.541002631187438965e-01
-2.499214112758636475e-01
-2.437776029109954834e-01
-2.377942502498626709e-01
-2.327088117599487305e-01
-2.308171093463897705e-01
-2.311873137950897217e-01
-2.315571606159210205e-01
-2.319271266460418701e-01
-2.335936427116394043e-01
-2.358542680740356445e-01
-2.471000254154205322e-01
-2.587947249412536621e-01
-1.797958314418792725e-01
-1.799364089965820312e-01
-1.796852350234985352e-01
-1.794835925102233887e-01
-1.792821586132049561e-01
-1.790894567966461182e-01
-1.790254712104797363e-01
-1.789608895778656006e-01
-1.844746470451354980e-01
-1.907564997673034668e-01
-1.965240836143493652e-01
-2.021560966968536377e-01
-2.052364647388458252e-01
-2.076616883277893066e-01
-2.089516222476959229e-01
-2.090241909027099609e-01
-2.096865475177764893e-01
-2.119058370590209961e-01
-2.138524353504180908e-01
-2.150130569934844971e-01
-2.171745598316192627e-01
-2.226518988609313965e-01
-2.302058339118957520e-01
-2.380232810974121094e-01
-2.452815473079681396e-01
-2.503667473793029785e-01
-2.554514706134796143e-01
-2.605364322662353516e-01
-2.670872807502746582e-01
-2.734837532043457031e-01
-2.783563733100891113e-01
-2.829099595546722412e-01
-2.883881330490112305e-01
-2.935722470283508301e-01
-2.996944189071655273e-01
-3.071117103099822998e-01
-3.128873109817504883e-01
-3.257591128349304199e-01
-3.377186059951782227e-01
-3.469085097312927246e-01
-3.534252643585205078e-01
-3.548021614551544189e-01
-3.518856465816497803e-01
-3.487750887870788574e-01
-3.425917029380798340e-01
-3.356997966766357422e-01
-3.323547840118408203e-01
-3.315160572528839111e-01
-3.306775987148284912e-01
-3.298390507698059082e-01
-3.290004730224609375e-01
-3.281619846820831299e-01
-3.273232579231262207e-01
-3.264845311641693115e-01
-3.256461620330810547e-01
-3.274380266666412354e-01
-3.346817791461944580e-01
-3.430827558040618896e-01
-3.540053367614746094e-01
-3.644802868366241455e-01
-3.749553263187408447e-01
-3.849436044692993164e-01
-3.942138254642486572e-01
-4.034483134746551514e-01
-4.127169549465179443e-01
-4.202488064765930176e-01
-4.267025887966156006e-01
-4.262425303459167480e-01
-4.279563724994659424e-01
-4.266170859336853027e-01
-4.112849533557891846e-01
-3.921922147274017334e-01
-3.757580816745758057e-01
-3.597714006900787354e-01
-3.449698984622955322e-01
-3.314546048641204834e-01
-3.178021609783172607e-01
-3.036077618598937988e-01
-2.899080812931060791e-01
-2.799093425273895264e-01
-2.729035615921020508e-01
-2.658520340919494629e-01
-2.580671310424804688e-01
-2.486118376255035400e-01
-2.380667626857757568e-01
-2.274875044822692871e-01
-2.198639810085296631e-01
-2.125317156314849854e-01
-2.091667354106903076e-01
-2.059175670146942139e-01
-2.060000300407409668e-01
-2.077768146991729736e-01
-2.096273005008697510e-01
-2.129983007907867432e-01
-2.107036113739013672e-01
-2.070113718509674072e-01
-2.033186554908752441e-01
-1.996260881423950195e-01
-1.959336400032043457e-01
-1.923812329769134521e-01
-1.961541026830673218e-01
-2.015374302864074707e-01
-2.086175084114074707e-01
-2.146710157394409180e-01
-2.201402485370635986e-01
-2.260174453258514404e-01
-2.329668700695037842e-01
-2.367442548274993896e-01
-2.405213117599487305e-01
-2.485791742801666260e-01
-2.556657195091247559e-01
-2.601323127746582031e-01
-2.631815075874328613e-01
-2.654102742671966553e-01
-2.631350755691528320e-01
-2.597839832305908203e-01
-2.577065527439117432e-01
-2.542008161544799805e-01
-2.456872761249542236e-01
-2.365517616271972656e-01
-2.298884391784667969e-01
-2.238084971904754639e-01
-2.237991690635681152e-01
-2.241693437099456787e-01
-2.245390415191650391e-01
-2.249480187892913818e-01
-2.266279757022857666e-01
-2.330056130886077881e-01
-2.429238855838775635e-01
-1.657423079013824463e-01
-1.654612720012664795e-01
-1.651805937290191650e-01
-1.648995876312255859e-01
-1.646962761878967285e-01
-1.644946038722991943e-01
-1.643695235252380371e-01
-1.689519882202148438e-01
-1.756089031696319580e-01
-1.816921532154083252e-01
-1.874594986438751221e-01
-1.930591762065887451e-01
-1.959564983844757080e-01
-1.982672214508056641e-01
-1.984442174434661865e-01
-1.978926658630371094e-01
-1.985731422901153564e-01
-2.010117769241333008e-01
-2.022505700588226318e-01
-2.040684223175048828e-01
-2.067136764526367188e-01
-2.140859663486480713e-01
-2.211292386054992676e-01
-2.281894981861114502e-01
-2.332857549190521240e-01
-2.383709847927093506e-01
-2.434557974338531494e-01
-2.485408782958984375e-01
-2.551050782203674316e-01
-2.617254555225372314e-01
-2.672437429428100586e-01
-2.748996019363403320e-01
-2.835602164268493652e-01
-2.913276553153991699e-01
-2.991706430912017822e-01
-3.079083561897277832e-01
-3.145756423473358154e-01
-3.293584585189819336e-01
-3.448311984539031982e-01
-3.569944798946380615e-01
-3.623856604099273682e-01
-3.620229065418243408e-01
-3.595299720764160156e-01
-3.564191758632659912e-01
-3.509019315242767334e-01
-3.430995047092437744e-01
-3.365583717823028564e-01
-3.314049839973449707e-01
-3.305664360523223877e-01
-3.297277688980102539e-01
-3.288893699645996094e-01
-3.280508220195770264e-01
-3.272121250629425049e-01
-3.263736367225646973e-01
-3.258316218852996826e-01
-3.319295048713684082e-01
-3.401438593864440918e-01
-3.515867590904235840e-01
-3.626499176025390625e-01
-3.730412125587463379e-01
-3.834320604801177979e-01
-3.933065533638000488e-01
-4.025409519672393799e-01
-4.126276075839996338e-01
-4.220842421054840088e-01
-4.306348860263824463e-01
-4.312352836132049561e-01
-4.351761639118194580e-01
-4.378943741321563721e-01
-4.347700774669647217e-01
-4.243961274623870850e-01
-4.063025414943695068e-01
-3.890608251094818115e-01
-3.725757300853729248e-01
-3.568919003009796143e-01
-3.439274728298187256e-01
-3.307609260082244873e-01
-3.180370628833770752e-01
-3.048123419284820557e-01
-2.914839088916778564e-01
-2.810778021812438965e-01
-2.717063724994659424e-01
-2.625516355037689209e-01
-2.519722878932952881e-01
-2.413929402828216553e-01
-2.301774919033050537e-01
-2.228451669216156006e-01
-2.155128419399261475e-01
-2.121465504169464111e-01
-2.075814455747604370e-01
-2.097548544406890869e-01
-2.122461795806884766e-01
-2.172559201717376709e-01
-2.206274271011352539e-01
-2.174583971500396729e-01
-2.137659490108489990e-01
-2.100733220577239990e-01
-2.063808143138885498e-01
-2.026883065700531006e-01
-1.984338164329528809e-01
-1.979476511478424072e-01
-2.021724879741668701e-01
-2.074672579765319824e-01
-2.114420235157012939e-01
-2.167672812938690186e-01
-2.223033308982849121e-01
-2.256479561328887939e-01
-2.290076315402984619e-01
-2.329943180084228516e-01
-2.455213069915771484e-01
-2.555174529552459717e-01
-2.609140872955322266e-01
-2.658469676971435547e-01
-2.684266269207000732e-01
-2.689706087112426758e-01
-2.642818987369537354e-01
-2.617247700691223145e-01
-2.598280310630798340e-01
-2.558920681476593018e-01
-2.463598251342773438e-01
-2.368646860122680664e-01
-2.290731370449066162e-01
-2.237646877765655518e-01
-2.220154404640197754e-01
-2.202660143375396729e-01
-2.191490828990936279e-01
-2.188393771648406982e-01
-2.219438254833221436e-01
-2.313054203987121582e-01
-1.512674391269683838e-01
-1.509866118431091309e-01
-1.507058143615722656e-01
-1.504246592521667480e-01
-1.501437723636627197e-01
-1.499091386795043945e-01
-1.534296870231628418e-01
-1.600866019725799561e-01
-1.667430996894836426e-01
-1.726273596286773682e-01
-1.784310936927795410e-01
-1.840716600418090820e-01
-1.865668594837188721e-01
-1.878671646118164062e-01
-1.874023377895355225e-01
-1.868506669998168945e-01
-1.876059770584106445e-01
-1.896930336952209473e-01
-1.911581754684448242e-01
-1.925799250602722168e-01
-1.965346634387969971e-01
-2.035358548164367676e-01
-2.105984985828399658e-01
-2.162050008773803711e-01
-2.212901115417480469e-01
-2.263752520084381104e-01
-2.325188815593719482e-01
-2.410468161106109619e-01
-2.507972419261932373e-01
-2.601304054260253906e-01
-2.672126591205596924e-01
-2.746214866638183594e-01
-2.824524641036987305e-01
-2.902199029922485352e-01
-2.975130081176757812e-01
-3.040705025196075439e-01
-3.098749816417694092e-01
-3.228529393672943115e-01
-3.383732438087463379e-01
-3.513858616352081299e-01
-3.575506508350372314e-01
-3.598658442497253418e-01
-3.598116338253021240e-01
-3.594720959663391113e-01
-3.573192358016967773e-01
-3.498362004756927490e-01
-3.429571986198425293e-01
-3.377797603607177734e-01
-3.325713872909545898e-01
-3.296166658401489258e-01
-3.287782073020935059e-01
-3.279397189617156982e-01
-3.271010518074035645e-01
-3.262626826763153076e-01
-3.290657699108123779e-01
-3.365884423255920410e-01
-3.474159538745880127e-01
-3.595473170280456543e-01
-3.707223534584045410e-01
-3.813978731632232666e-01
-3.917889893054962158e-01
-4.024153053760528564e-01
-4.132314622402191162e-01
-4.237974584102630615e-01
-4.319508075714111328e-01
-4.347882866859436035e-01
-4.341371059417724609e-01
-4.385601580142974854e-01
-4.393920600414276123e-01
-4.382821619510650635e-01
-4.359860122203826904e-01
-4.194140136241912842e-01
-4.021067619323730469e-01
-3.853802382946014404e-01
-3.684850037097930908e-01
-3.534163236618041992e-01
-3.381348848342895508e-01
-3.234639167785644531e-01
-3.083467185497283936e-01
-2.939627468585968018e-01
-2.832784950733184814e-01
-2.753046154975891113e-01
-2.671672999858856201e-01
-2.562477290630340576e-01
-2.445753514766693115e-01
-2.331585884094238281e-01
-2.258262932300567627e-01
-2.184939384460449219e-01
-2.137066423892974854e-01
-2.110184729099273682e-01
-2.135094106197357178e-01
-2.176968753337860107e-01
-2.248529195785522461e-01
-2.279057800769805908e-01
-2.242133319377899170e-01
-2.205208837985992432e-01
-2.168282568454742432e-01
-2.131358981132507324e-01
-2.092821300029754639e-01
-2.049726843833923340e-01
-2.017037719488143921e-01
-2.056105136871337891e-01
-2.095865309238433838e-01
-2.118114829063415527e-01
-2.145363986492156982e-01
-2.190092504024505615e-01
-2.224853634834289551e-01
-2.225976884365081787e-01
-2.282068431377410889e-01
-2.408644855022430420e-01
-2.524443566799163818e-01
-2.605898380279541016e-01
-2.655582129955291748e-01
-2.699181735515594482e-01
-2.716498374938964844e-01
-2.672860026359558105e-01
-2.639345526695251465e-01
-2.613967955112457275e-01
-2.598383426666259766e-01
-2.541616261005401611e-01
-2.444603741168975830e-01
-2.355172336101531982e-01
-2.268741130828857422e-01
-2.231349945068359375e-01
-2.213857471942901611e-01
-2.196365296840667725e-01
-2.178874611854553223e-01
-2.168169617652893066e-01
-2.233896553516387939e-01
-1.367924213409423828e-01
-1.365118324756622314e-01
-1.362305879592895508e-01
-1.359497904777526855e-01
-1.356688737869262695e-01
-1.381737291812896729e-01
-1.446286439895629883e-01
-1.512207686901092529e-01
-1.577284336090087891e-01
-1.636542975902557373e-01
-1.694953143596649170e-01
-1.748668104410171509e-01
-1.761881709098815918e-01
-1.769108474254608154e-01
-1.763598024845123291e-01
-1.755628883838653564e-01
-1.757962703704833984e-01
-1.767908632755279541e-01
-1.782694607973098755e-01
-1.811910271644592285e-01
-1.860088557004928589e-01
-1.930052042007446289e-01
-2.000626921653747559e-01
-2.085902690887451172e-01
-2.171185314655303955e-01
-2.256463468074798584e-01
-2.341744005680084229e-01
-2.415571212768554688e-01
-2.496798932552337646e-01
-2.587214410305023193e-01
-2.657290697097778320e-01
-2.732920944690704346e-01
-2.813074886798858643e-01
-2.883933782577514648e-01
-2.928106188774108887e-01
-2.982122004032135010e-01
-3.037178516387939453e-01
-3.157891035079956055e-01
-3.309400081634521484e-01
-3.440091907978057861e-01
-3.477041423320770264e-01
-3.491262793540954590e-01
-3.490718007087707520e-01
-3.490175306797027588e-01
-3.485374450683593750e-01
-3.457091152667999268e-01
-3.414180278778076172e-01
-3.396681845188140869e-01
-3.379214704036712646e-01
-3.333991765975952148e-01
-3.285929858684539795e-01
-3.277761936187744141e-01
-3.268536031246185303e-01
-3.266405463218688965e-01
-3.334991931915283203e-01
-3.430645465850830078e-01
-3.551962077617645264e-01
-3.671665191650390625e-01
-3.783671557903289795e-01
-3.901486992835998535e-01
-4.024386703968048096e-01
-4.138353466987609863e-01
-4.246514737606048584e-01
-4.336638152599334717e-01
-4.398191869258880615e-01
-4.369281828403472900e-01
-4.375211000442504883e-01
-4.412638843059539795e-01
-4.398668706417083740e-01
-4.381228387355804443e-01
-4.355301260948181152e-01
-4.231133162975311279e-01
-4.079787731170654297e-01
-3.918279707431793213e-01
-3.741940557956695557e-01
-3.578921258449554443e-01
-3.420757949352264404e-01
-3.266226947307586670e-01
-3.111916482448577881e-01
-2.956798970699310303e-01
-2.833518683910369873e-01
-2.745756506919860840e-01
-2.667399942874908447e-01
-2.578768432140350342e-01
-2.447210848331451416e-01
-2.369807958602905273e-01
-2.295582890510559082e-01
-2.204614579677581787e-01
-2.152663171291351318e-01
-2.147729694843292236e-01
-2.172639966011047363e-01
-2.232503294944763184e-01
-2.319675683975219727e-01
-2.346605956554412842e-01
-2.309680283069610596e-01
-2.272754609584808350e-01
-2.235830128192901611e-01
-2.198905050754547119e-01
-2.158210873603820801e-01
-2.115115821361541748e-01
-2.072023153305053711e-01
-2.094702422618865967e-01
-2.136547863483428955e-01
-2.156484425067901611e-01
-2.168966233730316162e-01
-2.181446552276611328e-01
-2.195736765861511230e-01
-2.194351851940155029e-01
-2.261127233505249023e-01
-2.362079322338104248e-01
-2.488463521003723145e-01
-2.586329281330108643e-01
-2.652695775032043457e-01
-2.703637778759002686e-01
-2.738477587699890137e-01
-2.715137600898742676e-01
-2.665670216083526611e-01
-2.634449303150177002e-01
-2.615258097648620605e-01
-2.595630884170532227e-01
-2.522623240947723389e-01
-2.428128719329833984e-01
-2.341700792312622070e-01
-2.261254191398620605e-01
-2.229378521442413330e-01
-2.207562029361724854e-01
-2.190068662166595459e-01
-2.172580063343048096e-01
-2.208358943462371826e-01
-1.223176419734954834e-01
-1.220369338989257812e-01
-1.217561066150665283e-01
-1.214750409126281738e-01
-1.230489611625671387e-01
-1.294891834259033203e-01
-1.359294056892395020e-01
-1.424448788166046143e-01
-1.487864553928375244e-01
-1.547187864780426025e-01
-1.603824198246002197e-01
-1.645093858242034912e-01
-1.650743186473846436e-01
-1.649338006973266602e-01
-1.634919047355651855e-01
-1.622370481491088867e-01
-1.625313311815261841e-01
-1.639590263366699219e-01
-1.677349656820297241e-01
-1.743133068084716797e-01
-1.833034753799438477e-01
-1.931903064250946045e-01
-2.017182409763336182e-01
-2.102462947368621826e-01
-2.187741994857788086e-01
-2.262336909770965576e-01
-2.327126860618591309e-01
-2.393413186073303223e-01
-2.479181885719299316e-01
-2.571839094161987305e-01
-2.644387483596801758e-01
-2.718369960784912109e-01
-2.779682576656341553e-01
-2.824380993843078613e-01
-2.867438197135925293e-01
-2.920553982257843018e-01
-2.975611090660095215e-01
-3.078143894672393799e-01
-3.217721879482269287e-01
-3.328091800212860107e-01
-3.371086120605468750e-01
-3.383866250514984131e-01
-3.383321762084960938e-01
-3.382779359817504883e-01
-3.381125330924987793e-01
-3.367963433265686035e-01
-3.325052857398986816e-01
-3.300723731517791748e-01
-3.282913863658905029e-01
-3.265105187892913818e-01
-3.247296810150146484e-01
-3.229486942291259766e-01
-3.234493136405944824e-01
-3.294290602207183838e-01
-3.389193117618560791e-01
-3.508449792861938477e-01
-3.629764020442962646e-01
-3.753281831741333008e-01
-3.881105780601501465e-01
-4.008928835391998291e-01
-4.135393500328063965e-01
-4.252554476261138916e-01
-4.353770911693572998e-01
-4.435305893421173096e-01
-4.421430826187133789e-01
-4.388152062892913818e-01
-4.390082657337188721e-01
-4.386818408966064453e-01
-4.350558817386627197e-01
-4.316156804561614990e-01
-4.286720454692840576e-01
-4.208865165710449219e-01
-4.053093791007995605e-01
-3.905073106288909912e-01
-3.745288848876953125e-01
-3.594621121883392334e-01
-3.450267910957336426e-01
-3.295158445835113525e-01
-3.138457238674163818e-01
-2.981759607791900635e-01
-2.841093838214874268e-01
-2.738467752933502197e-01
-2.660110890865325928e-01
-2.553623020648956299e-01
-2.429648339748382568e-01
-2.364269793033599854e-01
-2.297882139682769775e-01
-2.206455171108245850e-01
-2.166049778461456299e-01
-2.190110385417938232e-01
-2.210184633731842041e-01
-2.288037836551666260e-01
-2.379534542560577393e-01
-2.414152622222900391e-01
-2.377228140830993652e-01
-2.340304553508758545e-01
-2.303377687931060791e-01
-2.266450822353363037e-01
-2.223598659038543701e-01
-2.180506885051727295e-01
-2.137567698955535889e-01
-2.135718166828155518e-01
-2.177231907844543457e-01
-2.196349203586578369e-01
-2.208833694458007812e-01
-2.221316099166870117e-01
-2.218206226825714111e-01
-2.188874483108520508e-01
-2.264170646667480469e-01
-2.350812256336212158e-01
-2.442114055156707764e-01
-2.556223273277282715e-01
-2.646960020065307617e-01
-2.700750529766082764e-01
-2.751698493957519531e-01
-2.756978571414947510e-01
-2.697087228298187256e-01
-2.661136686801910400e-01
-2.629346549510955811e-01
-2.620289027690887451e-01
-2.589652836322784424e-01
-2.503631711006164551e-01
-2.414661943912506104e-01
-2.328230142593383789e-01
-2.268570363521575928e-01
-2.236697077751159668e-01
-2.204824686050415039e-01
-2.183774113655090332e-01
-2.182819545269012451e-01
-1.078430116176605225e-01
-1.075619757175445557e-01
-1.072811484336853027e-01
-1.079242229461669922e-01
-1.143643856048583984e-01
-1.208597719669342041e-01
-1.273734569549560547e-01
-1.338871419429779053e-01
-1.398928463459014893e-01
-1.454317867755889893e-01
-1.493600010871887207e-01
-1.518200039863586426e-01
-1.517650783061981201e-01
-1.514581143856048584e-01
-1.506363153457641602e-01
-1.531722247600555420e-01
-1.576645821332931519e-01
-1.636699438095092773e-01
-1.701821982860565186e-01
-1.772865802049636841e-01
-1.865468770265579224e-01
-1.948459446430206299e-01
-2.033740580081939697e-01
-2.109097540378570557e-01
-2.173891663551330566e-01
-2.238685786724090576e-01
-2.305082976818084717e-01
-2.375660240650177002e-01
-2.461562156677246094e-01
-2.548644244670867920e-01
-2.616453170776367188e-01
-2.672211527824401855e-01
-2.717744112014770508e-01
-2.763279080390930176e-01
-2.806582152843475342e-01
-2.849692702293395996e-01
-2.894809246063232422e-01
-2.981686294078826904e-01
-3.121261298656463623e-01
-3.214111030101776123e-01
-3.265131413936614990e-01
-3.276466131210327148e-01
-3.275926113128662109e-01
-3.275383114814758301e-01
-3.274008631706237793e-01
-3.270108699798583984e-01
-3.233411908149719238e-01
-3.201930224895477295e-01
-3.184122145175933838e-01
-3.166311383247375488e-01
-3.148502707481384277e-01
-3.130693733692169189e-01
-3.127644956111907959e-01
-3.197354972362518311e-01
-3.345332443714141846e-01
-3.507458567619323730e-01
-3.679704666137695312e-01
-3.842336237430572510e-01
-3.978425562381744385e-01
-4.112925529479980469e-01
-4.242891669273376465e-01
-4.351164698600769043e-01
-4.425826072692871094e-01
-4.432132542133331299e-01
-4.388386905193328857e-01
-4.352604150772094727e-01
-4.353323876857757568e-01
-4.325726926326751709e-01
-4.284108579158782959e-01
-4.247576296329498291e-01
-4.213049113750457764e-01
-4.158366024494171143e-01
-4.020048677921295166e-01
-3.881815671920776367e-01
-3.714976012706756592e-01
-3.556005060672760010e-01
-3.421642780303955078e-01
-3.280053138732910156e-01
-3.141158819198608398e-01
-3.002733886241912842e-01
-2.855215370655059814e-01
-2.738218009471893311e-01
-2.640409171581268311e-01
-2.521218359470367432e-01
-2.424108088016510010e-01
-2.358728647232055664e-01
-2.275519073009490967e-01
-2.185212969779968262e-01
-2.159454226493835449e-01
-2.192306816577911377e-01
-2.229503691196441650e-01
-2.328945696353912354e-01
-2.428385317325592041e-01
-2.481124997138977051e-01
-2.444776296615600586e-01
-2.407850027084350586e-01
-2.370923757553100586e-01
-2.332082092761993408e-01
-2.288989126682281494e-01
-2.245895266532897949e-01
-2.206413745880126953e-01
-2.176738679409027100e-01
-2.217918336391448975e-01
-2.236219346523284912e-01
-2.248699665069580078e-01
-2.261182367801666260e-01
-2.260183990001678467e-01
-2.264328300952911377e-01
-2.309278249740600586e-01
-2.359113991260528564e-01
-2.440492510795593262e-01
-2.527531385421752930e-01
-2.621472179889678955e-01
-2.697868049144744873e-01
-2.748811841011047363e-01
-2.784618139266967773e-01
-2.739365696907043457e-01
-2.688526511192321777e-01
-2.652402222156524658e-01
-2.632232308387756348e-01
-2.625225186347961426e-01
-2.581501901149749756e-01
-2.487621307373046875e-01
-2.401190102100372314e-01
-2.314776182174682617e-01
-2.275891005992889404e-01
-2.244018614292144775e-01
-2.212142646312713623e-01
-2.180267572402954102e-01
-9.336796402931213379e-02
-9.308734536170959473e-02
-9.290233254432678223e-02
-9.927666187286376953e-02
-1.057904958724975586e-01
-1.123038530349731445e-01
-1.186201274394989014e-01
-1.242587566375732422e-01
-1.291393637657165527e-01
-1.331122815608978271e-01
-1.368973255157470703e-01
-1.425303816795349121e-01
-1.458703279495239258e-01
-1.488108336925506592e-01
-1.507424861192703247e-01
-1.549714505672454834e-01
-1.603588014841079712e-01
-1.661206185817718506e-01
-1.726386845111846924e-01
-1.804433166980743408e-01
-1.880821138620376587e-01
-1.952081620693206787e-01
-2.020653784275054932e-01
-2.085447013378143311e-01
-2.150239348411560059e-01
-2.216752469539642334e-01
-2.287327349185943604e-01
-2.350503504276275635e-01
-2.427565157413482666e-01
-2.506807446479797363e-01
-2.565066814422607422e-01
-2.610271871089935303e-01
-2.653133273124694824e-01
-2.689563333988189697e-01
-2.725216150283813477e-01
-2.767429053783416748e-01
-2.807415127754211426e-01
-2.885218858718872070e-01
-3.004584610462188721e-01
-3.095630705356597900e-01
-3.150095641613006592e-01
-3.167662918567657471e-01
-3.166278600692749023e-01
-3.164899945259094238e-01
-3.163515627384185791e-01
-3.162133693695068359e-01
-3.141191601753234863e-01
-3.103137016296386719e-01
-3.085328340530395508e-01
-3.067519962787628174e-01
-3.049709498882293701e-01
-3.035738468170166016e-01
-3.075657784938812256e-01
-3.176003992557525635e-01
-3.304553031921386719e-01
-3.456198871135711670e-01
-3.623607754707336426e-01
-3.771891891956329346e-01
-3.919992446899414062e-01
-4.068088829517364502e-01
-4.216187894344329834e-01
-4.346241652965545654e-01
-4.411883056163787842e-01
-4.379387199878692627e-01
-4.340716302394866943e-01
-4.323894679546356201e-01
-4.301065504550933838e-01
-4.259274005889892578e-01
-4.217655956745147705e-01
-4.176631867885589600e-01
-4.139290153980255127e-01
-4.087434709072113037e-01
-3.989755213260650635e-01
-3.847284615039825439e-01
-3.680191934108734131e-01
-3.510392606258392334e-01
-3.372500240802764893e-01
-3.234607875347137451e-01
-3.103701174259185791e-01
-2.975526452064514160e-01
-2.837102711200714111e-01
-2.718031108379364014e-01
-2.598437368869781494e-01
-2.483739554882049561e-01
-2.418570220470428467e-01
-2.344582378864288330e-01
-2.253156304359436035e-01
-2.164494693279266357e-01
-2.161649763584136963e-01
-2.194505333900451660e-01
-2.249689698219299316e-01
-2.349128723144531250e-01
-2.448569536209106445e-01
-2.507462799549102783e-01
-2.486175298690795898e-01
-2.457195222377777100e-01
-2.434072494506835938e-01
-2.397471368312835693e-01
-2.354379296302795410e-01
-2.314020693302154541e-01
-2.275257408618927002e-01
-2.236494719982147217e-01
-2.258598506450653076e-01
-2.276087105274200439e-01
-2.288567125797271729e-01
-2.301049232482910156e-01
-2.302159667015075684e-01
-2.339783608913421631e-01
-2.384734153747558594e-01
-2.429680526256561279e-01
-2.474630177021026611e-01
-2.537154853343963623e-01
-2.608270347118377686e-01
-2.683008015155792236e-01
-2.745923697948455811e-01
-2.796869277954101562e-01
-2.781639993190765381e-01
-2.721316516399383545e-01
-2.679089307785034180e-01
-2.644720971584320068e-01
-2.637261450290679932e-01
-2.623437941074371338e-01
-2.562665045261383057e-01
-2.474148571491241455e-01
-2.387716472148895264e-01
-2.315083146095275879e-01
-2.283205986022949219e-01
-2.251333296298980713e-01
-2.219461798667907715e-01
-7.889342308044433594e-02
-7.863101363182067871e-02
-8.420747518539428711e-02
-9.050372242927551270e-02
-9.623935818672180176e-02
-1.019753515720367432e-01
-1.081675887107849121e-01
-1.168781816959381104e-01
-1.242795884609222412e-01
-1.309686899185180664e-01
-1.376189291477203369e-01
-1.428883969783782959e-01
-1.460553109645843506e-01
-1.489739716053009033e-01
-1.520428657531738281e-01
-1.576580405235290527e-01
-1.631362885236740112e-01
-1.685774028301239014e-01
-1.744168102741241455e-01
-1.811513006687164307e-01
-1.872983872890472412e-01
-1.932210624217987061e-01
-1.997006237506866455e-01
-2.061796337366104126e-01
-2.127409279346466064e-01
-2.189007401466369629e-01
-2.250603735446929932e-01
-2.312202155590057373e-01
-2.385139763355255127e-01
-2.449780106544494629e-01
-2.496148049831390381e-01
-2.534073889255523682e-01
-2.570498883724212646e-01
-2.606930434703826904e-01
-2.643358409404754639e-01
-2.680667340755462646e-01
-2.719726264476776123e-01
-2.787434458732604980e-01
-2.885644137859344482e-01
-2.972774505615234375e-01
-3.030328750610351562e-01
-3.057173788547515869e-01
-3.055789768695831299e-01
-3.054408431053161621e-01
-3.053028881549835205e-01
-3.051643967628479004e-01
-3.048967421054840088e-01
-3.005217313766479492e-01
-2.986536026000976562e-01
-2.968727052211761475e-01
-2.950915396213531494e-01
-2.963353395462036133e-01
-3.050031661987304688e-01
-3.163097500801086426e-01
-3.276808857917785645e-01
-3.390521109104156494e-01
-3.502952158451080322e-01
-3.651049137115478516e-01
-3.799149096012115479e-01
-3.947245478630065918e-01
-4.094959497451782227e-01
-4.209565818309783936e-01
-4.218670129776000977e-01
-4.216589629650115967e-01
-4.212424755096435547e-01
-4.237479269504547119e-01
-4.222515821456909180e-01
-4.177283346652984619e-01
-4.140432775020599365e-01
-4.097176492214202881e-01
-4.064905941486358643e-01
-4.012662768363952637e-01
-3.937252163887023926e-01
-3.800171315670013428e-01
-3.645909130573272705e-01
-3.469753265380859375e-01
-3.323358595371246338e-01
-3.185465037822723389e-01
-3.050180971622467041e-01
-2.924119234085083008e-01
-2.798061668872833252e-01
-2.645631134510040283e-01
-2.511886060237884521e-01
-2.427917420864105225e-01
-2.391339838504791260e-01
-2.318803966045379639e-01
-2.230789959430694580e-01
-2.145394384860992432e-01
-2.163844108581542969e-01
-2.196696996688842773e-01
-2.269873321056365967e-01
-2.369313836097717285e-01
-2.468752861022949219e-01
-2.520979940891265869e-01
-2.518373429775238037e-01
-2.489392459392547607e-01
-2.460348904132843018e-01
-2.425195872783660889e-01
-2.392328381538391113e-01
-2.368929386138916016e-01
-2.344100475311279297e-01
-2.305342257022857666e-01
-2.299284636974334717e-01
-2.315956950187683105e-01
-2.328438460826873779e-01
-2.340916991233825684e-01
-2.370286583900451660e-01
-2.415237128734588623e-01
-2.460186481475830078e-01
-2.505136728286743164e-01
-2.550087273120880127e-01
-2.595561444759368896e-01
-2.648139297962188721e-01
-2.690292298793792725e-01
-2.742282450199127197e-01
-2.793985009193420410e-01
-2.821916937828063965e-01
-2.763592302799224854e-01
-2.711375057697296143e-01
-2.670352160930633545e-01
-2.649208605289459229e-01
-2.642289698123931885e-01
-2.619654834270477295e-01
-2.547108829021453857e-01
-2.460679411888122559e-01
-2.374246418476104736e-01
-2.322402894496917725e-01
-2.290526330471038818e-01
-2.258652746677398682e-01
-6.425529718399047852e-02
-6.812289357185363770e-02
-7.419511675834655762e-02
-8.337381482124328613e-02
-9.255251288414001465e-02
-1.017314493656158447e-01
-1.107476949691772461e-01
-1.183482110500335693e-01
-1.250659227371215820e-01
-1.316948831081390381e-01
-1.383329331874847412e-01
-1.431835591793060303e-01
-1.464238166809082031e-01
-1.499633491039276123e-01
-1.550616025924682617e-01
-1.603733301162719727e-01
-1.648797094821929932e-01
-1.693341583013534546e-01
-1.743822097778320312e-01
-1.797178089618682861e-01
-1.850565671920776367e-01
-1.908562034368515015e-01
-1.969740688800811768e-01
-2.027505934238433838e-01
-2.089106738567352295e-01
-2.150702178478240967e-01
-2.212299704551696777e-01
-2.272555530071258545e-01
-2.309187650680541992e-01
-2.367027997970581055e-01
-2.412859797477722168e-01
-2.451437711715698242e-01
-2.487833797931671143e-01
-2.523419559001922607e-01
-2.555978894233703613e-01
-2.590723335742950439e-01
-2.629238963127136230e-01
-2.667379975318908691e-01
-2.765592038631439209e-01
-2.849640548229217529e-01
-2.910564243793487549e-01
-2.946681976318359375e-01
-2.945302128791809082e-01
-2.943917512893676758e-01
-2.942534089088439941e-01
-2.941154241561889648e-01
-2.939769923686981201e-01
-2.907844483852386475e-01
-2.867889106273651123e-01
-2.838823497295379639e-01
-2.833039462566375732e-01
-2.888330519199371338e-01
-2.996544241905212402e-01
-3.110255897045135498e-01
-3.223968148231506348e-01
-3.337680101394653320e-01
-3.446128666400909424e-01
-3.550531566143035889e-01
-3.678305745124816895e-01
-3.826403319835662842e-01
-3.958673477172851562e-01
-4.007107019424438477e-01
-4.006568193435668945e-01
-4.006028175354003906e-01
-4.009246230125427246e-01
-4.027663767337799072e-01
-4.005994796752929688e-01
-3.985693752765655518e-01
-3.971936106681823730e-01
-3.957523703575134277e-01
-3.952800631523132324e-01
-3.908513486385345459e-01
-3.830402791500091553e-01
-3.738752305507659912e-01
-3.596401214599609375e-01
-3.427033722400665283e-01
-3.274216055870056152e-01
-3.136323988437652588e-01
-2.998432219028472900e-01
-2.870602309703826904e-01
-2.723236680030822754e-01
-2.556585669517517090e-01
-2.415646612644195557e-01
-2.362374961376190186e-01
-2.315846383571624756e-01
-2.242691516876220703e-01
-2.169536352157592773e-01
-2.112572491168975830e-01
-2.163699567317962646e-01
-2.198893725872039795e-01
-2.290059030055999756e-01
-2.389497458934783936e-01
-2.488937675952911377e-01
-2.532420158386230469e-01
-2.549736797809600830e-01
-2.521591484546661377e-01
-2.490384876728057861e-01
-2.456216812133789062e-01
-2.425397932529449463e-01
-2.394583821296691895e-01
-2.363764047622680664e-01
-2.335356175899505615e-01
-2.316497564315795898e-01
-2.347711026668548584e-01
-2.368303835391998291e-01
-2.380784451961517334e-01
-2.445743978023529053e-01
-2.490694522857666016e-01
-2.535645067691802979e-01
-2.580591738224029541e-01
-2.625539004802703857e-01
-2.671369612216949463e-01
-2.720499932765960693e-01
-2.753884494304656982e-01
-2.779666483402252197e-01
-2.800208628177642822e-01
-2.832959890365600586e-01
-2.805869281291961670e-01
-2.745543718338012695e-01
-2.697455286979675293e-01
-2.662681937217712402e-01
-2.654236257076263428e-01
-2.647323608398437500e-01
-2.613679766654968262e-01
-2.533637285232543945e-01
-2.447203993797302246e-01
-2.361594140529632568e-01
-2.329719662666320801e-01
-2.297845184803009033e-01
-5.857989192008972168e-02
-6.775847077369689941e-02
-7.693734765052795410e-02
-8.611595630645751953e-02
-9.529492259025573730e-02
-1.043145954608917236e-01
-1.124169528484344482e-01
-1.191344559192657471e-01
-1.258519589900970459e-01
-1.324873864650726318e-01
-1.388814151287078857e-01
-1.436566114425659180e-01
-1.475454568862915039e-01
-1.523775160312652588e-01
-1.563287377357482910e-01
-1.608654260635375977e-01
-1.653682887554168701e-01
-1.693355739116668701e-01
-1.722132116556167603e-01
-1.774758249521255493e-01
-1.821934878826141357e-01
-1.869724988937377930e-01
-1.927606165409088135e-01
-1.989202499389648438e-01
-2.050798535346984863e-01
-2.111371159553527832e-01
-2.160081267356872559e-01
-2.181815803050994873e-01
-2.222483158111572266e-01
-2.279716730117797852e-01
-2.328235208988189697e-01
-2.366515696048736572e-01
-2.402105629444122314e-01
-2.436126470565795898e-01
-2.465122044086456299e-01
-2.499679028987884521e-01
-2.538100779056549072e-01
-2.547325491905212402e-01
-2.645538151264190674e-01
-2.726508378982543945e-01
-2.787789106369018555e-01
-2.829855382442474365e-01
-2.834808230400085449e-01
-2.820772826671600342e-01
-2.804552912712097168e-01
-2.788332104682922363e-01
-2.772111892700195312e-01
-2.750670015811920166e-01
-2.720800042152404785e-01
-2.706874608993530273e-01
-2.727147936820983887e-01
-2.829989194869995117e-01
-2.943697571754455566e-01
-3.057409822940826416e-01
-3.171123862266540527e-01
-3.284834623336791992e-01
-3.390691280364990234e-01
-3.495092391967773438e-01
-3.599494397640228271e-01
-3.700784742832183838e-01
-3.791525065898895264e-01
-3.795003592967987061e-01
-3.794463574886322021e-01
-3.793925940990447998e-01
-3.808334767818450928e-01
-3.808328211307525635e-01
-3.784323036670684814e-01
-3.759295046329498291e-01
-3.740621209144592285e-01
-3.725896179676055908e-01
-3.708787858486175537e-01
-3.682972192764282227e-01
-3.632149696350097656e-01
-3.601300716400146484e-01
-3.493530452251434326e-01
-3.359737396240234375e-01
-3.200601935386657715e-01
-3.067784011363983154e-01
-2.934965491294860840e-01
-2.797171175479888916e-01
-2.635348141193389893e-01
-2.472630441188812256e-01
-2.318727672100067139e-01
-2.266900837421417236e-01
-2.223296463489532471e-01
-2.163944244384765625e-01
-2.093424797058105469e-01
-2.061016559600830078e-01
-2.112146317958831787e-01
-2.172986268997192383e-01
-2.290702760219573975e-01
-2.408414185047149658e-01
-2.509121000766754150e-01
-2.543863356113433838e-01
-2.572016119956970215e-01
-2.553785741329193115e-01
-2.520529329776763916e-01
-2.489711344242095947e-01
-2.458893358707427979e-01
-2.428075373172760010e-01
-2.397256791591644287e-01
-2.366440892219543457e-01
-2.332058846950531006e-01
-2.334987819194793701e-01
-2.359807789325714111e-01
-2.394052743911743164e-01
-2.503553628921508789e-01
-2.563859224319458008e-01
-2.611097991466522217e-01
-2.656045854091644287e-01
-2.700992524623870850e-01
-2.747182548046112061e-01
-2.796311974525451660e-01
-2.843434214591979980e-01
-2.858830392360687256e-01
-2.869045138359069824e-01
-2.871056199073791504e-01
-2.847395837306976318e-01
-2.787816524505615234e-01
-2.730201482772827148e-01
-2.688305974006652832e-01
-2.666182816028594971e-01
-2.659267187118530273e-01
-2.650279998779296875e-01
-2.606596350669860840e-01
-2.520165443420410156e-01
-2.433736920356750488e-01
-2.368913292884826660e-01
-2.337035238742828369e-01
-6.132221221923828125e-02
-7.050099968910217285e-02
-7.967963814735412598e-02
-8.885860443115234375e-02
-9.788212180137634277e-02
-1.060325205326080322e-01
-1.132031977176666260e-01
-1.199207603931427002e-01
-1.266382634639739990e-01
-1.331710815429687500e-01
-1.396557390689849854e-01
-1.440475285053253174e-01
-1.486091911792755127e-01
-1.530883610248565674e-01
-1.569318473339080811e-01
-1.613492369651794434e-01
-1.647208333015441895e-01
-1.667845398187637329e-01
-1.690271943807601929e-01
-1.734554171562194824e-01
-1.778957247734069824e-01
-1.827701926231384277e-01
-1.889300048351287842e-01
-1.947389841079711914e-01
-1.999882757663726807e-01
-2.045803964138031006e-01
-2.071159631013870239e-01
-2.082919627428054810e-01
-2.132922112941741943e-01
-2.189921438694000244e-01
-2.241967022418975830e-01
-2.280789613723754883e-01
-2.316275835037231445e-01
-2.345274686813354492e-01
-2.374267578125000000e-01
-2.407926917076110840e-01
-2.427115142345428467e-01
-2.427272498607635498e-01
-2.519948482513427734e-01
-2.582726180553436279e-01
-2.626833617687225342e-01
-2.660350799560546875e-01
-2.659513354301452637e-01
-2.643292546272277832e-01
-2.627072632312774658e-01
-2.613020837306976318e-01
-2.612618207931518555e-01
-2.612216770648956299e-01
-2.585948407649993896e-01
-2.587367892265319824e-01
-2.663432955741882324e-01
-2.777142822742462158e-01
-2.890855669975280762e-01
-3.004566431045532227e-01
-3.118278384208679199e-01
-3.230855166912078857e-01
-3.335253894329071045e-01
-3.439654707908630371e-01
-3.544059097766876221e-01
-3.628185391426086426e-01
-3.599765300750732422e-01
-3.582901060581207275e-01
-3.582362234592437744e-01
-3.581823706626892090e-01
-3.592593967914581299e-01
-3.580168485641479492e-01
-3.557209372520446777e-01
-3.529802560806274414e-01
-3.511130511760711670e-01
-3.485730290412902832e-01
-3.460766077041625977e-01
-3.435264825820922852e-01
-3.381109535694122314e-01
-3.342988193035125732e-01
-3.280508220195770264e-01
-3.167480528354644775e-01
-3.028846681118011475e-01
-2.926063537597656250e-01
-2.823276817798614502e-01
-2.680963575839996338e-01
-2.524492740631103516e-01
-2.362672090530395508e-01
-2.231658101081848145e-01
-2.151198387145996094e-01
-2.104643583297729492e-01
-2.055567204952239990e-01
-2.000254094600677490e-01
-2.005244195461273193e-01
-2.060597240924835205e-01
-2.139422297477722168e-01
-2.257136404514312744e-01
-2.374850809574127197e-01
-2.489767968654632568e-01
-2.536842226982116699e-01
-2.583916485309600830e-01
-2.585611939430236816e-01
-2.554022967815399170e-01
-2.523206174373626709e-01
-2.492389678955078125e-01
-2.461570203304290771e-01
-2.430751621723175049e-01
-2.399936318397521973e-01
-2.365220487117767334e-01
-2.339503169059753418e-01
-2.359928786754608154e-01
-2.420244514942169189e-01
-2.524432241916656494e-01
-2.583704292774200439e-01
-2.644010484218597412e-01
-2.704320847988128662e-01
-2.764625847339630127e-01
-2.822995781898498535e-01
-2.872124612331390381e-01
-2.921253442764282227e-01
-2.952980995178222656e-01
-2.960767149925231934e-01
-2.960304319858551025e-01
-2.921347618103027344e-01
-2.854379117488861084e-01
-2.781722843647003174e-01
-2.716187536716461182e-01
-2.682230770587921143e-01
-2.671215236186981201e-01
-2.664295732975006104e-01
-2.648497223854064941e-01
-2.593126296997070312e-01
-2.506695687770843506e-01
-2.420262396335601807e-01
-2.376230657100677490e-01
-6.406474113464355469e-02
-7.324373722076416016e-02
-8.242240548133850098e-02
-9.144961833953857422e-02
-9.962081909179687500e-02
-1.070237159729003906e-01
-1.139895021915435791e-01
-1.207071542739868164e-01
-1.271804571151733398e-01
-1.329616010189056396e-01
-1.390795111656188965e-01
-1.443249881267547607e-01
-1.493731141090393066e-01
-1.534141302108764648e-01
-1.568310558795928955e-01
-1.599808335304260254e-01
-1.616205573081970215e-01
-1.620818674564361572e-01
-1.648968458175659180e-01
-1.691582053899765015e-01
-1.738280057907104492e-01
-1.783326268196105957e-01
-1.834979206323623657e-01
-1.886629760265350342e-01
-1.929615885019302368e-01
-1.956272721290588379e-01
-1.971186995506286621e-01
-1.992136389017105103e-01
-2.043126225471496582e-01
-2.100128531455993652e-01
-2.155697941780090332e-01
-2.195065319538116455e-01
-2.225424051284790039e-01
-2.254417836666107178e-01
-2.270317375659942627e-01
-2.287119925022125244e-01
-2.272749245166778564e-01
-2.256515324115753174e-01
-2.332985997200012207e-01
-2.389913201332092285e-01
-2.434023618698120117e-01
-2.473596632480621338e-01
-2.482033371925354004e-01
-2.467275261878967285e-01
-2.466872334480285645e-01
-2.466471195220947266e-01
-2.466069757938385010e-01
-2.465665936470031738e-01
-2.459704577922821045e-01
-2.500280737876892090e-01
-2.610587775707244873e-01
-2.724300324916839600e-01
-2.838009893894195557e-01
-2.951720356941223145e-01
-3.065434992313385010e-01
-3.175416886806488037e-01
-3.279817104339599609e-01
-3.384220004081726074e-01
-3.479440510272979736e-01
-3.486035466194152832e-01
-3.453367948532104492e-01
-3.412552177906036377e-01
-3.370260894298553467e-01
-3.369420766830444336e-01
-3.370018005371093750e-01
-3.350138962268829346e-01
-3.324371278285980225e-01
-3.294551074504852295e-01
-3.276008963584899902e-01
-3.240531384944915771e-01
-3.210419714450836182e-01
-3.184596300125122070e-01
-3.128873407840728760e-01
-3.089097440242767334e-01
-3.067488670349121094e-01
-2.954461872577667236e-01
-2.827078998088836670e-01
-2.716929316520690918e-01
-2.583950757980346680e-01
-2.440332770347595215e-01
-2.305477559566497803e-01
-2.173694670200347900e-01
-2.082600891590118408e-01
-2.014358937740325928e-01
-1.969870030879974365e-01
-1.925994008779525757e-01
-1.872614324092864990e-01
-1.904427409172058105e-01
-1.972996890544891357e-01
-2.087250351905822754e-01
-2.215840518474578857e-01
-2.338630557060241699e-01
-2.447462081909179688e-01
-2.494535148143768311e-01
-2.541610300540924072e-01
-2.581157386302947998e-01
-2.570129334926605225e-01
-2.556700110435485840e-01
-2.525883018970489502e-01
-2.495065033435821533e-01
-2.464247345924377441e-01
-2.433429062366485596e-01
-2.398385703563690186e-01
-2.344508171081542969e-01
-2.364448010921478271e-01
-2.458238303661346436e-01
-2.564534842967987061e-01
-2.617433369159698486e-01
-2.670320868492126465e-01
-2.724162340164184570e-01
-2.784470617771148682e-01
-2.846733331680297852e-01
-2.911219894886016846e-01
-2.975711524486541748e-01
-3.037082850933074951e-01
-3.057303726673126221e-01
-3.062699735164642334e-01
-3.038662075996398926e-01
-2.939898073673248291e-01
-2.856270968914031982e-01
-2.777334153652191162e-01
-2.719894349575042725e-01
-2.683162093162536621e-01
-2.676241695880889893e-01
-2.669323980808258057e-01
-2.648029327392578125e-01
-2.579655051231384277e-01
-2.493223845958709717e-01
-2.415420413017272949e-01
-6.680700182914733887e-02
-7.598590850830078125e-02
-8.501648902893066406e-02
-9.320941567420959473e-02
-1.006121337413787842e-01
-1.080148220062255859e-01
-1.142525076866149902e-01
-1.199584305286407471e-01
-1.258657276630401611e-01
-1.322789490222930908e-01
-1.394213736057281494e-01
-1.451004445552825928e-01
-1.498661041259765625e-01
-1.518114805221557617e-01
-1.543051600456237793e-01
-1.565145850181579590e-01
-1.569706201553344727e-01
-1.578212380409240723e-01
-1.608869135379791260e-01
-1.641047596931457520e-01
-1.681290119886398315e-01
-1.721528470516204834e-01
-1.772885322570800781e-01
-1.813113987445831299e-01
-1.839125156402587891e-01
-1.859458088874816895e-01
-1.871215701103210449e-01
-1.902204751968383789e-01
-1.953327506780624390e-01
-2.005127668380737305e-01
-2.048695832490921021e-01
-2.070001661777496338e-01
-2.084158658981323242e-01
-2.098316550254821777e-01
-2.112476527690887451e-01
-2.107876539230346680e-01
-2.093504965305328369e-01
-2.078541964292526245e-01
-2.144868671894073486e-01
-2.197102606296539307e-01
-2.241210043430328369e-01
-2.286075353622436523e-01
-2.315817177295684814e-01
-2.320725917816162109e-01
-2.320322692394256592e-01
-2.319923043251037598e-01
-2.319518029689788818e-01
-2.321087419986724854e-01
-2.354364991188049316e-01
-2.442722320556640625e-01
-2.557743191719055176e-01
-2.671456634998321533e-01
-2.785164713859558105e-01
-2.898876965045928955e-01
-3.012588322162628174e-01
-3.119980692863464355e-01
-3.224380910396575928e-01
-3.328578770160675049e-01
-3.372307419776916504e-01
-3.339638113975524902e-01
-3.306967318058013916e-01
-3.265856802463531494e-01
-3.221620321273803711e-01
-3.172386288642883301e-01
-3.141345083713531494e-01
-3.118305802345275879e-01
-3.089164495468139648e-01
-3.057306408882141113e-01
-3.026915192604064941e-01
-2.994634211063385010e-01
-2.957513332366943359e-01
-2.930017709732055664e-01
-2.876635491847991943e-01
-2.835086286067962646e-01
-2.811461091041564941e-01
-2.741441130638122559e-01
-2.628412842750549316e-01
-2.488238811492919922e-01
-2.344620227813720703e-01
-2.201008200645446777e-01
-2.061772644519805908e-01
-1.933335661888122559e-01
-1.848810613155364990e-01
-1.768593788146972656e-01
-1.722211539745330811e-01
-1.705609858036041260e-01
-1.704214513301849365e-01
-1.768683195114135742e-01
-1.865527182817459106e-01
-2.000228911638259888e-01
-2.135381996631622314e-01
-2.270531356334686279e-01
-2.380426228046417236e-01
-2.432572543621063232e-01
-2.486529052257537842e-01
-2.538321614265441895e-01
-2.545442283153533936e-01
-2.537333667278289795e-01
-2.524791061878204346e-01
-2.512245774269104004e-01
-2.497740089893341064e-01
-2.466924488544464111e-01
-2.431544959545135498e-01
-2.369910478591918945e-01
-2.389101684093475342e-01
-2.496238052845001221e-01
-2.603369355201721191e-01
-2.657531499862670898e-01
-2.710426449775695801e-01
-2.763319611549377441e-01
-2.816212475299835205e-01
-2.871414124965667725e-01
-2.931419312953948975e-01
-2.995909154415130615e-01
-3.060399591922760010e-01
-3.105828762054443359e-01
-3.128346800804138184e-01
-3.149101138114929199e-01
-3.081447482109069824e-01
-2.966228425502777100e-01
-2.853737771511077881e-01
-2.779772281646728516e-01
-2.731859683990478516e-01
-2.703501880168914795e-01
-2.681820392608642578e-01
-2.674357593059539795e-01
-2.647572457790374756e-01
-2.566184103488922119e-01
-2.479750812053680420e-01
-6.954935193061828613e-02
-7.858407497406005859e-02
-8.679825067520141602e-02
-9.420076012611389160e-02
-1.007246971130371094e-01
-1.069976985454559326e-01
-1.127356886863708496e-01
-1.187000572681427002e-01
-1.252260506153106689e-01
-1.325767934322357178e-01
-1.404924392700195312e-01
-1.442533731460571289e-01
-1.468097567558288574e-01
-1.486299932003021240e-01
-1.510854363441467285e-01
-1.517457067966461182e-01
-1.519278585910797119e-01
-1.524842083454132080e-01
-1.549594104290008545e-01
-1.580795943737030029e-01
-1.620424091815948486e-01
-1.660670042037963867e-01
-1.695968210697174072e-01
-1.721980273723602295e-01
-1.747731268405914307e-01
-1.745957136154174805e-01
-1.749049127101898193e-01
-1.769068241119384766e-01
-1.805488616228103638e-01
-1.849655658006668091e-01
-1.893140077590942383e-01
-1.912156045436859131e-01
-1.926314234733581543e-01
-1.940474659204483032e-01
-1.953037232160568237e-01
-1.928634196519851685e-01
-1.914262473583221436e-01
-1.899893432855606079e-01
-1.954748630523681641e-01
-2.004340440034866333e-01
-2.064269036054611206e-01
-2.124193012714385986e-01
-2.160606086254119873e-01
-2.174176275730133057e-01
-2.173774540424346924e-01
-2.173372209072113037e-01
-2.172970473766326904e-01
-2.189882695674896240e-01
-2.269548773765563965e-01
-2.386731505393981934e-01
-2.504899203777313232e-01
-2.618612647056579590e-01
-2.732322514057159424e-01
-2.846035063266754150e-01
-2.959745526313781738e-01
-3.064542412757873535e-01
-3.168945312500000000e-01
-3.258577585220336914e-01
-3.225910067558288574e-01
-3.193241655826568604e-01
-3.160574138164520264e-01
-3.119162023067474365e-01
-3.072696030139923096e-01
-3.015216290950775146e-01
-2.952793836593627930e-01
-2.883101999759674072e-01
-2.852174639701843262e-01
-2.808963358402252197e-01
-2.774693965911865234e-01
-2.740062475204467773e-01
-2.702489197254180908e-01
-2.674955427646636963e-01
-2.624402046203613281e-01
-2.579858601093292236e-01
-2.548626959323883057e-01
-2.528419792652130127e-01
-2.406490147113800049e-01
-2.248914241790771484e-01
-2.105298042297363281e-01
-1.961680054664611816e-01
-1.818066835403442383e-01
-1.699548363685607910e-01
-1.615018844604492188e-01
-1.530494093894958496e-01
-1.467336714267730713e-01
-1.440604329109191895e-01
-1.463744342327117920e-01
-1.530823111534118652e-01
-1.644507646560668945e-01
-1.809701621532440186e-01
-1.974894404411315918e-01
-2.140085995197296143e-01
-2.274922728538513184e-01
-2.355085313320159912e-01
-2.419854700565338135e-01
-2.470167577266693115e-01
-2.498044669628143311e-01
-2.490575611591339111e-01
-2.483104765415191650e-01
-2.475636303424835205e-01
-2.468164861202239990e-01
-2.460697591304779053e-01
-2.447623610496520996e-01
-2.402257621288299561e-01
-2.427097856998443604e-01
-2.534231841564178467e-01
-2.641367018222808838e-01
-2.697637975215911865e-01
-2.750530838966369629e-01
-2.803426682949066162e-01
-2.856316566467285156e-01
-2.911877632141113281e-01
-2.968952059745788574e-01
-3.026024997234344482e-01
-3.083095848560333252e-01
-3.140312731266021729e-01
-3.169271647930145264e-01
-3.190027177333831787e-01
-3.172329068183898926e-01
-3.072300255298614502e-01
-2.971935868263244629e-01
-2.844685316085815430e-01
-2.786960899829864502e-01
-2.747888863086700439e-01
-2.724981009960174561e-01
-2.703297436237335205e-01
-2.682377994060516357e-01
-2.639144361019134521e-01
-2.552711367607116699e-01
-7.215145230293273926e-02
-8.012029528617858887e-02
-8.655509352684020996e-02
-9.298995137214660645e-02
-9.942498803138732910e-02
-1.054929494857788086e-01
-1.115339398384094238e-01
-1.181094348430633545e-01
-1.253857612609863281e-01
-1.320051252841949463e-01
-1.380643248558044434e-01
-1.412072181701660156e-01
-1.430375874042510986e-01
-1.451844871044158936e-01
-1.459228694438934326e-01
-1.454444527626037598e-01
-1.448985934257507324e-01
-1.464706957340240479e-01
-1.493068635463714600e-01
-1.521557867527008057e-01
-1.554152667522430420e-01
-1.560541391372680664e-01
-1.568824350833892822e-01
-1.579995751380920410e-01
-1.582072079181671143e-01
-1.578992903232574463e-01
-1.592129766941070557e-01
-1.612147241830825806e-01
-1.648704409599304199e-01
-1.693319678306579590e-01
-1.734476685523986816e-01
-1.753821969032287598e-01
-1.768470406532287598e-01
-1.782626509666442871e-01
-1.774694025516510010e-01
-1.749389767646789551e-01
-1.735020279884338379e-01
-1.720647215843200684e-01
-1.779788583517074585e-01
-1.842456758022308350e-01
-1.902385205030441284e-01
-1.962311118841171265e-01
-2.005393356084823608e-01
-2.027625739574432373e-01
-2.027224004268646240e-01
-2.026822566986083984e-01
-2.035596668720245361e-01
-2.087888419628143311e-01
-2.203709483146667480e-01
-2.330737113952636719e-01
-2.449002265930175781e-01
-2.565766274929046631e-01
-2.679479122161865234e-01
-2.793187201023101807e-01
-2.904705703258514404e-01
-3.009105622768402100e-01
-3.109749853610992432e-01
-3.112181127071380615e-01
-3.079511225223541260e-01
-3.046841323375701904e-01
-3.014174997806549072e-01
-2.972463667392730713e-01
-2.911997437477111816e-01
-2.853100895881652832e-01
-2.783915400505065918e-01
-2.709553241729736328e-01
-2.625674903392791748e-01
-2.557688355445861816e-01
-2.518654763698577881e-01
-2.482804656028747559e-01
-2.444987893104553223e-01
-2.419281005859375000e-01
-2.372162342071533203e-01
-2.327513098716735840e-01
-2.285787463188171387e-01
-2.284458577632904053e-01
-2.163279056549072266e-01
-2.009584307670593262e-01
-1.865969002246856689e-01
-1.722352206707000732e-01
-1.565780043601989746e-01
-1.465756297111511230e-01
-1.381227076053619385e-01
-1.296703815460205078e-01
-1.218541562557220459e-01
-1.179623603820800781e-01
-1.223266571760177612e-01
-1.292964965105056763e-01
-1.424637436866760254e-01
-1.589829176664352417e-01
-1.755023598670959473e-01
-1.920212656259536743e-01
-2.047695517539978027e-01
-2.146578133106231689e-01
-2.242624461650848389e-01
-2.335342764854431152e-01
-2.420967519283294678e-01
-2.443043291568756104e-01
-2.435706555843353271e-01
-2.428237497806549072e-01
-2.420764863491058350e-01
-2.413298189640045166e-01
-2.399070262908935547e-01
-2.361073791980743408e-01
-2.415890395641326904e-01
-2.545006573200225830e-01
-2.671372890472412109e-01
-2.734831273555755615e-01
-2.790636122226715088e-01
-2.843528389930725098e-01
-2.896423041820526123e-01
-2.952339649200439453e-01
-3.009411990642547607e-01
-3.066484630107879639e-01
-3.123558163642883301e-01
-3.180632293224334717e-01
-3.216991722583770752e-01
-3.231469392776489258e-01
-3.240600526332855225e-01
-3.163188397884368896e-01
-3.063156604766845703e-01
-2.949126958847045898e-01
-2.826075255870819092e-01
-2.767640650272369385e-01
-2.749033272266387939e-01
-2.742575407028198242e-01
-2.724775373935699463e-01
-2.702560722827911377e-01
-2.629581689834594727e-01
-7.238575816154479980e-02
-7.882034778594970703e-02
-8.525517582893371582e-02
-9.168976545333862305e-02
-9.812462329864501953e-02
-1.043685972690582275e-01
-1.106100976467132568e-01
-1.169773936271667480e-01
-1.227377057075500488e-01
-1.290872395038604736e-01
-1.350418627262115479e-01
-1.376568078994750977e-01
-1.386500298976898193e-01
-1.393761336803436279e-01
-1.388976275920867920e-01
-1.383992433547973633e-01
-1.368687450885772705e-01
-1.379257738590240479e-01
-1.392896771430969238e-01
-1.406165659427642822e-01
-1.405781209468841553e-01
-1.404751241207122803e-01
-1.411150991916656494e-01
-1.418192386627197266e-01
-1.415112018585205078e-01
-1.415195167064666748e-01
-1.435211002826690674e-01
-1.455229520797729492e-01
-1.491920202970504761e-01
-1.532694697380065918e-01
-1.573848873376846313e-01
-1.595438420772552490e-01
-1.610628962516784668e-01
-1.622721999883651733e-01
-1.596352010965347290e-01
-1.570148169994354248e-01
-1.570234000682830811e-01
-1.571684330701828003e-01
-1.618708670139312744e-01
-1.680577397346496582e-01
-1.740505099296569824e-01
-1.800430417060852051e-01
-1.850150078535079956e-01
-1.876795589923858643e-01
-1.880674064159393311e-01
-1.881583333015441895e-01
-1.916728913784027100e-01
-2.010769844055175781e-01
-2.139168083667755127e-01
-2.269306182861328125e-01
-2.393011152744293213e-01
-2.511276304721832275e-01
-2.626634538173675537e-01
-2.740346193313598633e-01
-2.849268317222595215e-01
-2.953670024871826172e-01
-2.998452484607696533e-01
-2.965782880783081055e-01
-2.933115959167480469e-01
-2.900446057319641113e-01
-2.867777049541473389e-01
-2.824362814426422119e-01
-2.749755084514617920e-01
-2.686953842639923096e-01
-2.612855732440948486e-01
-2.532002925872802734e-01
-2.439804971218109131e-01
-2.346002757549285889e-01
-2.259496748447418213e-01
-2.223645150661468506e-01
-2.187732458114624023e-01
-2.158092856407165527e-01
-2.118995487689971924e-01
-2.075170278549194336e-01
-2.031093239784240723e-01
-1.993176341056823730e-01
-1.920068264007568359e-01
-1.766202449798583984e-01
-1.626643538475036621e-01
-1.479291319847106934e-01
-1.325244307518005371e-01
-1.231965422630310059e-01
-1.147440373897552490e-01
-1.062912344932556152e-01
-9.793254733085632324e-02
-9.387400746345520020e-02
-9.827961027622222900e-02
-1.055102348327636719e-01
-1.204763650894165039e-01
-1.369957029819488525e-01
-1.535148918628692627e-01
-1.700341701507568359e-01
-1.822537332773208618e-01
-1.921421736478805542e-01
-2.015311270952224731e-01
-2.108029723167419434e-01
-2.200742661952972412e-01
-2.254752218723297119e-01
-2.289461791515350342e-01
-2.312030792236328125e-01
-2.334132194519042969e-01
-2.353508770465850830e-01
-2.350526154041290283e-01
-2.346002161502838135e-01
-2.394321858882904053e-01
-2.502106726169586182e-01
-2.632591128349304199e-01
-2.716429531574249268e-01
-2.792670428752899170e-01
-2.863722145557403564e-01
-2.921688258647918701e-01
-2.983038723468780518e-01
-3.045186102390289307e-01
-3.106946051120758057e-01
-3.164021670818328857e-01
-3.221094906330108643e-01
-3.271734416484832764e-01
-3.292657136917114258e-01
-3.305993676185607910e-01
-3.258937299251556396e-01
-3.154041171073913574e-01
-3.050723075866699219e-01
-2.925234735012054443e-01
-2.814726829528808594e-01
-2.745131254196166992e-01
-2.731972634792327881e-01
-2.723799049854278564e-01
-2.722741067409515381e-01
-2.705260515213012695e-01
-7.108569145202636719e-02
-7.752063870429992676e-02
-8.395531773567199707e-02
-9.035024046897888184e-02
-9.643307328224182129e-02
-1.021251976490020752e-01
-1.078211069107055664e-01
-1.133469641208648682e-01
-1.197415292263031006e-01
-1.260761916637420654e-01
-1.309091150760650635e-01
-1.311701834201812744e-01
-1.306676566600799561e-01
-1.287238597869873047e-01
-1.267437636852264404e-01
-1.250683069229125977e-01
-1.243143379688262939e-01
-1.255734562873840332e-01
-1.266556680202484131e-01
-1.258009076118469238e-01
-1.249994039535522461e-01
-1.248964965343475342e-01
-1.254131793975830078e-01
-1.251994967460632324e-01
-1.248149573802947998e-01
-1.258277297019958496e-01
-1.278292536735534668e-01
-1.298311054706573486e-01
-1.330908834934234619e-01
-1.372064948081970215e-01
-1.413219273090362549e-01
-1.437049955129623413e-01
-1.452780663967132568e-01
-1.444376707077026367e-01
-1.431760936975479126e-01
-1.421206295490264893e-01
-1.421922743320465088e-01
-1.423372030258178711e-01
-1.456192731857299805e-01
-1.518698483705520630e-01
-1.578625589609146118e-01
-1.638551205396652222e-01
-1.688882410526275635e-01
-1.721583753824234009e-01
-1.734125912189483643e-01
-1.754259467124938965e-01
-1.828785538673400879e-01
-1.944490075111389160e-01
-2.074626535177230835e-01
-2.204764187335968018e-01
-2.337018847465515137e-01
-2.455283403396606445e-01
-2.573547661304473877e-01
-2.687504291534423828e-01
-2.793832123279571533e-01
-2.884386479854583740e-01
-2.852056324481964111e-01
-2.819386124610900879e-01
-2.786717712879180908e-01
-2.754048705101013184e-01
-2.721379995346069336e-01
-2.665957212448120117e-01
-2.588791549205780029e-01
-2.516157031059265137e-01
-2.438186705112457275e-01
-2.346138060092926025e-01
-2.252522408962249756e-01
-2.154898047447204590e-01
-2.063241600990295410e-01
-1.983694136142730713e-01
-1.928633749485015869e-01
-1.898708343505859375e-01
-1.860308647155761719e-01
-1.821571588516235352e-01
-1.759408116340637207e-01
-1.700151562690734863e-01
-1.657985448837280273e-01
-1.522997617721557617e-01
-1.387316286563873291e-01
-1.223138272762298584e-01
-1.095830947160720825e-01
-9.994730353355407715e-02
-9.136494994163513184e-02
-8.291220664978027344e-02
-7.445967197418212891e-02
-7.118947803974151611e-02
-7.455563545227050781e-02
-8.197031915187835693e-02
-9.848940372467041016e-02
-1.150086671113967896e-01
-1.315279752016067505e-01
-1.483104526996612549e-01
-1.597382426261901855e-01
-1.695278286933898926e-01
-1.787997186183929443e-01
-1.880713850259780884e-01
-1.973429620265960693e-01
-2.048193514347076416e-01
-2.083127200603485107e-01
-2.118060886859893799e-01
-2.152996957302093506e-01
-2.176923453807830811e-01
-2.190437614917755127e-01
-2.249435484409332275e-01
-2.327756583690643311e-01
-2.434561550617218018e-01
-2.589694559574127197e-01
-2.675640881061553955e-01
-2.751882374286651611e-01
-2.828123867511749268e-01
-2.904362976551055908e-01
-2.984347939491271973e-01
-3.058500885963439941e-01
-3.120648264884948730e-01
-3.182795047760009766e-01
-3.244941830635070801e-01
-3.307089209556579590e-01
-3.346865773200988770e-01
-3.365794122219085693e-01
-3.349665403366088867e-01
-3.263723850250244141e-01
-3.156277835369110107e-01
-3.036445677280426025e-01
-2.911368310451507568e-01
-2.813591957092285156e-01
-2.733618915081024170e-01
-2.714911401271820068e-01
-2.705756127834320068e-01
-2.709484100341796875e-01
-6.968528032302856445e-02
-7.603174448013305664e-02
-8.154466748237609863e-02
-8.754143118858337402e-02
-9.335353970527648926e-02
-9.866407513618469238e-02
-1.041130721569061279e-01
-1.086398363113403320e-01
-1.126404106616973877e-01
-1.166078746318817139e-01
-1.195366680622100830e-01
-1.184630095958709717e-01
-1.170999407768249512e-01
-1.150702536106109619e-01
-1.133173406124114990e-01
-1.119337677955627441e-01
-1.118800938129425049e-01
-1.126952767372131348e-01
-1.117441356182098389e-01
-1.105453073978424072e-01
-1.094204485416412354e-01
-1.093176901340484619e-01
-1.090017259120941162e-01
-1.086144149303436279e-01
-1.082675158977508545e-01
-1.101644635200500488e-01
-1.121378242969512939e-01
-1.138363778591156006e-01
-1.170278787612915039e-01
-1.211438775062561035e-01
-1.252594292163848877e-01
-1.278668344020843506e-01
-1.305454969406127930e-01
-1.294901967048645020e-01
-1.284349560737609863e-01
-1.273795068264007568e-01
-1.273610591888427734e-01
-1.275061070919036865e-01
-1.293614655733108521e-01
-1.356019079685211182e-01
-1.416742801666259766e-01
-1.476671099662780762e-01
-1.527615785598754883e-01
-1.566373705863952637e-01
-1.595820784568786621e-01
-1.651118397712707520e-01
-1.751993149518966675e-01
-1.879948079586029053e-01
-2.010087072849273682e-01
-2.140222489833831787e-01
-2.281026542186737061e-01
-2.399290502071380615e-01
-2.517555654048919678e-01
-2.633997499942779541e-01
-2.738148868083953857e-01
-2.738327085971832275e-01
-2.705658376216888428e-01
-2.672988772392272949e-01
-2.640320956707000732e-01
-2.607651054859161377e-01
-2.574399411678314209e-01
-2.493410706520080566e-01
-2.419459521770477295e-01
-2.342160344123840332e-01
-2.252465784549713135e-01
-2.159036695957183838e-01
-2.061897814273834229e-01
-1.963786482810974121e-01
-1.869487166404724121e-01
-1.789940595626831055e-01
-1.710391640663146973e-01
-1.637538969516754150e-01
-1.601951420307159424e-01
-1.555622220039367676e-01
-1.473749279975891113e-01
-1.407123208045959473e-01
-1.364960372447967529e-01
-1.279788762331008911e-01
-1.127124726772308350e-01
-9.669888019561767578e-02
-8.664239943027496338e-02
-7.700625061988830566e-02
-6.798613071441650391e-02
-5.953325331211090088e-02
-5.117699503898620605e-02
-4.915726184844970703e-02
-5.090467631816864014e-02
-5.998325347900390625e-02
-7.650257647037506104e-02
-9.302179515361785889e-02
-1.097165346145629883e-01
-1.266690790653228760e-01
-1.372224986553192139e-01
-1.467964947223663330e-01
-1.560682952404022217e-01
-1.653397381305694580e-01
-1.746113747358322144e-01
-1.836064010858535767e-01
-1.876566112041473389e-01
-1.911502182483673096e-01
-1.946434974670410156e-01
-1.981369405984878540e-01
-2.020221352577209473e-01
-2.101514339447021484e-01
-2.179872393608093262e-01
-2.264293730258941650e-01
-2.422568202018737793e-01
-2.540661692619323730e-01
-2.646944224834442139e-01
-2.750424742698669434e-01
-2.853511273860931396e-01
-2.943916320800781250e-01
-3.024338483810424805e-01
-3.104759156703948975e-01
-3.185180425643920898e-01
-3.258261382579803467e-01
-3.320408165454864502e-01
-3.374464809894561768e-01
-3.399833738803863525e-01
-3.406132161617279053e-01
-3.348455131053924561e-01
-3.254109919071197510e-01
-3.144332468509674072e-01
-3.024164736270904541e-01
-2.909371554851531982e-01
-2.815298736095428467e-01
-2.733754515647888184e-01
-2.697849571704864502e-01
-2.694213390350341797e-01
-6.691411137580871582e-02
-7.248362898826599121e-02
-7.784047722816467285e-02
-8.181634545326232910e-02
-8.581861853599548340e-02
-8.932033181190490723e-02
-9.287461638450622559e-02
-9.687545895576477051e-02
-1.008757948875427246e-01
-1.048494279384613037e-01
-1.068006753921508789e-01
-1.047747433185577393e-01
-1.035154461860656738e-01
-1.017259061336517334e-01
-1.002044677734375000e-01
-9.881260991096496582e-02
-9.874701499938964844e-02
-9.768769145011901855e-02
-9.648832678794860840e-02
-9.528926014900207520e-02
-9.409037232398986816e-02
-9.357044100761413574e-02
-9.241598844528198242e-02
-9.202876687049865723e-02
-9.266084432601928711e-02
-9.458339214324951172e-02
-9.634938836097717285e-02
-9.763127565383911133e-02
-1.009648740291595459e-01
-1.050808131694793701e-01
-1.104303300380706787e-01
-1.148437261581420898e-01
-1.158041059970855713e-01
-1.147486567497253418e-01
-1.136934161186218262e-01
-1.126382648944854736e-01
-1.125300526618957520e-01
-1.126749515533447266e-01
-1.130463182926177979e-01
-1.192868351936340332e-01
-1.254861056804656982e-01
-1.314788758754730225e-01
-1.366349458694458008e-01
-1.412268280982971191e-01
-1.478610038757324219e-01
-1.570206731557846069e-01
-1.685270071029663086e-01
-1.815405488014221191e-01
-1.945542097091674805e-01
-2.075682878494262695e-01
-2.210493683815002441e-01
-2.343297600746154785e-01
-2.461561858654022217e-01
-2.576571702957153320e-01
-2.624522149562835693e-01
-2.591928243637084961e-01
-2.559260725975036621e-01
-2.526590526103973389e-01
-2.493924796581268311e-01
-2.461254298686981201e-01
-2.418726682662963867e-01
-2.323343157768249512e-01
-2.245563864707946777e-01
-2.158792018890380859e-01
-2.065553963184356689e-01
-1.968892812728881836e-01
-1.870785057544708252e-01
-1.772675514221191406e-01
-1.675734221935272217e-01
-1.596184372901916504e-01
-1.516637802124023438e-01
-1.438876986503601074e-01
-1.362599134445190430e-01
-1.266632378101348877e-01
-1.184231936931610107e-01
-1.112192571163177490e-01
-1.071932315826416016e-01
-1.027649939060211182e-01
-8.582690358161926270e-02
-7.333686947822570801e-02
-6.370070576667785645e-02
-5.406475067138671875e-02
-4.460662603378295898e-02
-3.615416586399078369e-02
-2.895890176296234131e-02
-2.767589688301086426e-02
-2.804605662822723389e-02
-3.808271884918212891e-02
-5.451497435569763184e-02
-7.112237811088562012e-02
-8.807508647441864014e-02
-1.048178523778915405e-01
-1.147064864635467529e-01
-1.240647733211517334e-01
-1.333361119031906128e-01
-1.426080614328384399e-01
-1.518797874450683594e-01
-1.611510515213012695e-01
-1.670005321502685547e-01
-1.704940944910049438e-01
-1.739870905876159668e-01
-1.774810552597045898e-01
-1.845985502004623413e-01
-1.936707645654678345e-01
-2.027431428432464600e-01
-2.110309898853302002e-01
-2.246824204921722412e-01
-2.367025017738342285e-01
-2.473306953907012939e-01
-2.579585015773773193e-01
-2.686139047145843506e-01
-2.796602249145507812e-01
-2.907062768936157227e-01
-3.015156686305999756e-01
-3.122424185276031494e-01
-3.225166499614715576e-01
-3.305591642856597900e-01
-3.386009037494659424e-01
-3.433879315853118896e-01
-3.451337814331054688e-01
-3.409855067729949951e-01
-3.338115513324737549e-01
-3.232825398445129395e-01
-3.117357194423675537e-01
-3.001073002815246582e-01
-2.901771366596221924e-01
-2.812770903110504150e-01
-2.736321985721588135e-01
-2.684390544891357422e-01
