-6.627653539180755615e-02
-5.694977566599845886e-02
-4.764000698924064636e-02
-4.876134917140007019e-02
-4.850439354777336121e-02
-4.718707129359245300e-02
-4.586927220225334167e-02
-4.455194994807243347e-02
-4.612730070948600769e-02
-5.176929756999015808e-02
-5.804685875773429871e-02
-6.675963103771209717e-02
-7.553277909755706787e-02
-8.430568873882293701e-02
-9.489624202251434326e-02
-1.055317372083663940e-01
-1.156663149595260620e-01
-1.246844977140426636e-01
-1.287202090024948120e-01
-1.289514154195785522e-01
-1.170924156904220581e-01
-1.048695296049118042e-01
-9.261165559291839600e-02
-8.035258948802947998e-02
-6.809382140636444092e-02
-5.674461647868156433e-02
-4.667596146464347839e-02
-4.396412894129753113e-02
-4.337648674845695496e-02
-4.350946471095085144e-02
-4.507009312510490417e-02
-5.030969902873039246e-02
-5.834345147013664246e-02
-6.657163798809051514e-02
-7.317058742046356201e-02
-7.948397099971771240e-02
-8.053033053874969482e-02
-7.776848971843719482e-02
-7.437692582607269287e-02
-7.098577916622161865e-02
-6.759421527385711670e-02
-6.420283019542694092e-02
-6.161735579371452332e-02
-5.865643545985221863e-02
-5.551103875041007996e-02
-5.176184698939323425e-02
-4.776648804545402527e-02
-4.390893504023551941e-02
-4.232333227992057800e-02
-4.734359309077262878e-02
-5.385265871882438660e-02
-5.727697536349296570e-02
-6.152845546603202820e-02
-6.522987782955169678e-02
-7.010515034198760986e-02
-7.619406282901763916e-02
-8.339996635913848877e-02
-9.115938842296600342e-02
-9.494353830814361572e-02
-9.519304335117340088e-02
-9.567900002002716064e-02
-9.658117592334747314e-02
-1.004457324743270874e-01
-1.050363034009933472e-01
-1.078798621892929077e-01
-1.103027313947677612e-01
-1.127253025770187378e-01
-1.163039058446884155e-01
-1.218284815549850464e-01
-1.259882301092147827e-01
-1.317245811223983765e-01
-1.377394646406173706e-01
-1.437547653913497925e-01
-1.498335450887680054e-01
-1.563810557126998901e-01
-1.609830111265182495e-01
-1.610471159219741821e-01
-1.611325889825820923e-01
-1.593840569257736206e-01
-1.501000374555587769e-01
-1.414351314306259155e-01
-1.327709406614303589e-01
-1.241063922643661499e-01
-1.171529144048690796e-01
-1.122037619352340698e-01
-1.072543114423751831e-01
-1.023049801588058472e-01
-9.398822486400604248e-02
-8.665828406810760498e-02
-8.526201546192169189e-02
-8.311270177364349365e-02
-8.200137317180633545e-02
-8.290533721446990967e-02
-8.380903303623199463e-02
-8.471123874187469482e-02
-8.897934854030609131e-02
-9.355778992176055908e-02
-9.813623130321502686e-02
-9.968979656696319580e-02
-9.658209979534149170e-02
-9.454207122325897217e-02
-9.168101847171783447e-02
-9.442745149135589600e-02
-9.745679795742034912e-02
-1.015053838491439819e-01
-1.055533438920974731e-01
-1.096018403768539429e-01
-1.076311320066452026e-01
-1.010141521692276001e-01
-9.383581578731536865e-02
-8.805643022060394287e-02
-8.237577974796295166e-02
-7.670043408870697021e-02
-7.182888686656951904e-02
-6.807439029216766357e-02
-7.155103981494903564e-02
-7.018356025218963623e-02
-6.807337701320648193e-02
-6.596301496028900146e-02
-6.519635021686553955e-02
-6.452809274196624756e-02
-6.262101233005523682e-02
-6.514976918697357178e-02
-7.118289172649383545e-02
-7.937203347682952881e-02
-8.890698850154876709e-02
-1.029168516397476196e-01
-1.169265359640121460e-01
-1.326543539762496948e-01
-6.721721589565277100e-02
-5.776230618357658386e-02
-4.830769822001457214e-02
-5.136052891612052917e-02
-5.178652331233024597e-02
-5.032358691096305847e-02
-4.886148497462272644e-02
-4.739890620112419128e-02
-4.649869725108146667e-02
-5.096296593546867371e-02
-5.723826214671134949e-02
-6.462256610393524170e-02
-7.339529693126678467e-02
-8.216790854930877686e-02
-9.167860448360443115e-02
-1.022716015577316284e-01
-1.126665323972702026e-01
-1.230303496122360229e-01
-1.291543692350387573e-01
-1.292425245046615601e-01
-1.217517703771591187e-01
-1.095060557126998901e-01
-9.724716842174530029e-02
-8.498834073543548584e-02
-7.272939383983612061e-02
-6.109098717570304871e-02
-5.078665539622306824e-02
-4.699925705790519714e-02
-4.640243574976921082e-02
-4.655198380351066589e-02
-4.684315249323844910e-02
-5.075172707438468933e-02
-5.843214318156242371e-02
-6.820212304592132568e-02
-7.750748097896575928e-02
-8.382050693035125732e-02
-8.909450471401214600e-02
-8.783851563930511475e-02
-8.444730937480926514e-02
-8.105604350566864014e-02
-7.766471803188323975e-02
-7.427321374416351318e-02
-7.059745490550994873e-02
-6.614892184734344482e-02
-6.300334632396697998e-02
-5.985800549387931824e-02
-5.700660869479179382e-02
-5.398480221629142761e-02
-5.155492946505546570e-02
-5.620224401354789734e-02
-6.259791553020477295e-02
-6.800998747348785400e-02
-7.302762567996978760e-02
-7.690380513668060303e-02
-7.905484735965728760e-02
-8.463035523891448975e-02
-9.122885763645172119e-02
-9.912835061550140381e-02
-1.044879704713821411e-01
-1.048154681921005249e-01
-1.053152233362197876e-01
-1.047177463769912720e-01
-1.052205413579940796e-01
-1.090380400419235229e-01
-1.118497699499130249e-01
-1.142724007368087769e-01
-1.166953295469284058e-01
-1.188582032918930054e-01
-1.227058023214340210e-01
-1.268655806779861450e-01
-1.324702054262161255e-01
-1.384852379560470581e-01
-1.447001546621322632e-01
-1.505693644285202026e-01
-1.522000283002853394e-01
-1.519602388143539429e-01
-1.511574834585189819e-01
-1.523146480321884155e-01
-1.493898481130599976e-01
-1.409869641065597534e-01
-1.323219984769821167e-01
-1.236580461263656616e-01
-1.182956546545028687e-01
-1.133462637662887573e-01
-1.083969324827194214e-01
-1.034449189901351929e-01
-9.595485031604766846e-02
-8.630551397800445557e-02
-7.665617763996124268e-02
-7.398413121700286865e-02
-7.398809492588043213e-02
-7.488934695720672607e-02
-7.579018175601959229e-02
-7.669140398502349854e-02
-7.821576297283172607e-02
-8.279414474964141846e-02
-8.737249672412872314e-02
-9.181235730648040771e-02
-9.315802156925201416e-02
-9.386403858661651611e-02
-9.370414912700653076e-02
-9.694401919841766357e-02
-1.009614914655685425e-01
-1.050101965665817261e-01
-1.090585738420486450e-01
-1.131072789430618286e-01
-1.158782690763473511e-01
-1.132315546274185181e-01
-1.072974354028701782e-01
-1.010966151952743530e-01
-9.553472697734832764e-02
-9.003986418247222900e-02
-8.521522581577301025e-02
-8.072085678577423096e-02
-7.632704079151153564e-02
-7.119287550449371338e-02
-6.863741576671600342e-02
-6.652741134166717529e-02
-6.542401015758514404e-02
-6.542660295963287354e-02
-6.230218335986137390e-02
-6.226749345660209656e-02
-6.420187652111053467e-02
-7.135613262653350830e-02
-8.004520833492279053e-02
-9.129972755908966064e-02
-1.052667647600173950e-01
-1.203629821538925171e-01
-1.362217217683792114e-01
-6.815843284130096436e-02
-5.870435759425163269e-02
-5.010877177119255066e-02
-5.437938496470451355e-02
-5.551920458674430847e-02
-5.417076870799064636e-02
-5.270836874842643738e-02
-5.124596878886222839e-02
-4.978780075907707214e-02
-5.268822237849235535e-02
-5.720512196421623230e-02
-6.333784759044647217e-02
-7.174496352672576904e-02
-8.025424182415008545e-02
-8.865796029567718506e-02
-9.906087815761566162e-02
-1.094035357236862183e-01
-1.197982281446456909e-01
-1.281252950429916382e-01
-1.292303651571273804e-01
-1.264005750417709351e-01
-1.141421645879745483e-01
-1.018832772970199585e-01
-8.940349519252777100e-02
-7.691292464733123779e-02
-6.504426896572113037e-02
-5.467287823557853699e-02
-5.002514645457267761e-02
-4.942874237895011902e-02
-4.959432408213615417e-02
-4.979262873530387878e-02
-5.157909914851188660e-02
-5.879334732890129089e-02
-6.908701360225677490e-02
-7.929162681102752686e-02
-8.815751969814300537e-02
-9.447090327739715576e-02
-9.684674441814422607e-02
-9.451751410961151123e-02
-9.112642705440521240e-02
-8.773528039455413818e-02
-8.434395492076873779e-02
-7.976059615612030029e-02
-7.439504563808441162e-02
-7.049576938152313232e-02
-6.735055148601531982e-02
-6.421689689159393311e-02
-6.215248629450798035e-02
-6.168983504176139832e-02
-6.507624685764312744e-02
-7.105334103107452393e-02
-7.926888763904571533e-02
-8.419258892536163330e-02
-8.820135891437530518e-02
-8.920939266681671143e-02
-9.313102066516876221e-02
-9.967698156833648682e-02
-1.070972830057144165e-01
-1.139105111360549927e-01
-1.134071201086044312e-01
-1.119839400053024292e-01
-1.105612367391586304e-01
-1.099142879247665405e-01
-1.130400151014328003e-01
-1.158193796873092651e-01
-1.182417720556259155e-01
-1.206644624471664429e-01
-1.224357038736343384e-01
-1.235832720994949341e-01
-1.277430802583694458e-01
-1.332158595323562622e-01
-1.386890858411788940e-01
-1.430377811193466187e-01
-1.433109790086746216e-01
-1.428739279508590698e-01
-1.419852226972579956e-01
-1.393057554960250854e-01
-1.385757178068161011e-01
-1.384530514478683472e-01
-1.318623870611190796e-01
-1.243733316659927368e-01
-1.194214075803756714e-01
-1.144693940877914429e-01
-1.095174998044967651e-01
-1.045656949281692505e-01
-9.790520370006561279e-02
-8.825583755970001221e-02
-7.860626280307769775e-02
-6.916646659374237061e-02
-6.596891582012176514e-02
-6.686975061893463135e-02
-6.777106225490570068e-02
-6.867189705371856689e-02
-7.007937133312225342e-02
-7.203064858913421631e-02
-7.660926878452301025e-02
-8.118753135204315186e-02
-8.418266475200653076e-02
-8.590786159038543701e-02
-8.840043842792510986e-02
-9.812308847904205322e-02
-1.043434888124465942e-01
-1.084541231393814087e-01
-1.125640720129013062e-01
-1.166124492883682251e-01
-1.198502928018569946e-01
-1.226628869771957397e-01
-1.195732802152633667e-01
-1.144459694623947144e-01
-1.088091582059860229e-01
-1.033786684274673462e-01
-9.860228002071380615e-02
-9.410770237445831299e-02
-8.890445530414581299e-02
-8.333875238895416260e-02
-7.820446789264678955e-02
-6.709198653697967529e-02
-6.568054854869842529e-02
-6.565426290035247803e-02
-6.493259966373443604e-02
-6.019486114382743835e-02
-6.094289943575859070e-02
-6.371657550334930420e-02
-7.296691834926605225e-02
-8.091090619564056396e-02
-9.391506016254425049e-02
-1.081074923276901245e-01
-1.242028027772903442e-01
-1.386522799730300903e-01
-6.826172769069671631e-02
-5.964539572596549988e-02
-5.191729590296745300e-02
-5.651567503809928894e-02
-5.853829905390739441e-02
-5.801735445857048035e-02
-5.655501410365104675e-02
-5.509249493479728699e-02
-5.362985655665397644e-02
-5.601678416132926941e-02
-5.945030972361564636e-02
-6.363366544246673584e-02
-7.071308791637420654e-02
-7.907263934612274170e-02
-8.654563128948211670e-02
-9.690324962139129639e-02
-1.071529239416122437e-01
-1.174026578664779663e-01
-1.262275427579879761e-01
-1.289521902799606323e-01
-1.276964992284774780e-01
-1.187371462583541870e-01
-1.061016172170639038e-01
-9.347198903560638428e-02
-8.097831904888153076e-02
-6.901954114437103271e-02
-5.855898186564445496e-02
-5.305109545588493347e-02
-5.245433375239372253e-02
-5.263672396540641785e-02
-5.283520743250846863e-02
-5.317286774516105652e-02
-5.897651240229606628e-02
-6.979422271251678467e-02
-8.017645776271820068e-02
-9.038142859935760498e-02
-9.880797564983367920e-02
-1.036161035299301147e-01
-1.040559262037277222e-01
-1.011965721845626831e-01
-9.780494868755340576e-02
-9.427408874034881592e-02
-8.907638490200042725e-02
-8.340130746364593506e-02
-7.819275557994842529e-02
-7.484246790409088135e-02
-7.186816632747650146e-02
-6.907330453395843506e-02
-6.900332868099212646e-02
-7.321147620677947998e-02
-7.994450628757476807e-02
-8.932442963123321533e-02
-9.579174220561981201e-02
-9.943513572216033936e-02
-1.011939793825149536e-01
-1.021669656038284302e-01
-1.082643419504165649e-01
-1.139693111181259155e-01
-1.195259839296340942e-01
-1.192503124475479126e-01
-1.178276687860488892e-01
-1.164047569036483765e-01
-1.152871698141098022e-01
-1.170418411493301392e-01
-1.197890490293502808e-01
-1.222117990255355835e-01
-1.246328204870223999e-01
-1.254047304391860962e-01
-1.251295655965805054e-01
-1.275329440832138062e-01
-1.322107166051864624e-01
-1.341741830110549927e-01
-1.343619078397750854e-01
-1.337668150663375854e-01
-1.328766494989395142e-01
-1.282006353139877319e-01
-1.265510767698287964e-01
-1.264284700155258179e-01
-1.263063400983810425e-01
-1.254940479993820190e-01
-1.205417960882186890e-01
-1.155899018049240112e-01
-1.106379181146621704e-01
-1.056859344244003296e-01
-9.984363615512847900e-02
-9.020583331584930420e-02
-8.055628836154937744e-02
-7.224585115909576416e-02
-6.525622308254241943e-02
-5.885029956698417664e-02
-5.975152179598808289e-02
-6.065271422266960144e-02
-6.200541183352470398e-02
-6.367324292659759521e-02
-6.584595143795013428e-02
-7.119207084178924561e-02
-7.675071060657501221e-02
-7.919181883335113525e-02
-8.115319907665252686e-02
-8.788855373859405518e-02
-9.993712604045867920e-02
-1.079393178224563599e-01
-1.159818619489669800e-01
-1.202398389577865601e-01
-1.240412443876266479e-01
-1.269767731428146362e-01
-1.301316171884536743e-01
-1.263814717531204224e-01
-1.220835596323013306e-01
-1.167176216840744019e-01
-1.119890660047531128e-01
-1.074945181608200073e-01
-1.020068675279617310e-01
-9.613250195980072021e-02
-9.035076200962066650e-02
-8.521632850170135498e-02
-7.396964728832244873e-02
-6.588260829448699951e-02
-6.588412821292877197e-02
-6.270678341388702393e-02
-5.878938362002372742e-02
-5.897764489054679871e-02
-6.534154713153839111e-02
-7.383333146572113037e-02
-8.259485661983489990e-02
-9.653036296367645264e-02
-1.121305674314498901e-01
-1.263492256402969360e-01
-1.405429989099502563e-01
-6.718914210796356201e-02
-6.058714911341667175e-02
-5.372623726725578308e-02
-5.832449719309806824e-02
-6.155709549784660339e-02
-6.186328455805778503e-02
-6.040094420313835144e-02
-5.893896147608757019e-02
-5.747668072581291199e-02
-5.934486910700798035e-02
-6.268142163753509521e-02
-6.631134450435638428e-02
-7.006244361400604248e-02
-7.789109647274017334e-02
-8.519230782985687256e-02
-9.474568068981170654e-02
-1.049950569868087769e-01
-1.152441352605819702e-01
-1.241714805364608765e-01
-1.270487755537033081e-01
-1.274897307157516479e-01
-1.237481087446212769e-01
-1.112720817327499390e-01
-9.863679111003875732e-02
-8.600132167339324951e-02
-7.380686700344085693e-02
-6.311289966106414795e-02
-5.659947916865348816e-02
-5.585865303874015808e-02
-5.591199919581413269e-02
-5.596546456217765808e-02
-5.607597157359123230e-02
-6.024126335978507996e-02
-6.987862288951873779e-02
-8.079503476619720459e-02
-9.126649796962738037e-02
-1.014711707830429077e-01
-1.080135554075241089e-01
-1.122559159994125366e-01
-1.112654656171798706e-01
-1.078754514455795288e-01
-1.040509194135665894e-01
-9.839187562465667725e-02
-9.271691739559173584e-02
-8.704207837581634521e-02
-8.245255053043365479e-02
-7.951967418193817139e-02
-7.706795632839202881e-02
-7.600899040699005127e-02
-7.886828482151031494e-02
-8.664555847644805908e-02
-9.830386936664581299e-02
-1.074430197477340698e-01
-1.106681972742080688e-01
-1.130313724279403687e-01
-1.126820296049118042e-01
-1.141006499528884888e-01
-1.185868233442306519e-01
-1.238038986921310425e-01
-1.250858157873153687e-01
-1.236602514982223511e-01
-1.222347170114517212e-01
-1.208093017339706421e-01
-1.210247427225112915e-01
-1.237372606992721558e-01
-1.261573582887649536e-01
-1.283099204301834106e-01
-1.270592957735061646e-01
-1.257637292146682739e-01
-1.257978826761245728e-01
-1.253011375665664673e-01
-1.253898292779922485e-01
-1.246580332517623901e-01
-1.218930035829544067e-01
-1.180361956357955933e-01
-1.151803880929946899e-01
-1.144034117460250854e-01
-1.149259060621261597e-01
-1.185185462236404419e-01
-1.212450712919235229e-01
-1.167105585336685181e-01
-1.117583960294723511e-01
-1.068066805601119995e-01
-1.017160266637802124e-01
-9.215570986270904541e-02
-8.250637352466583252e-02
-7.531444728374481201e-02
-6.871818006038665771e-02
-6.134585663676261902e-02
-5.334187671542167664e-02
-5.263281986117362976e-02
-5.393065139651298523e-02
-5.611519142985343933e-02
-5.903829261660575867e-02
-6.268696486949920654e-02
-6.852094829082489014e-02
-7.247535884380340576e-02
-7.443664968013763428e-02
-7.840289175510406494e-02
-8.948598802089691162e-02
-1.017418652772903442e-01
-1.101370602846145630e-01
-1.181799024343490601e-01
-1.261479407548904419e-01
-1.311177462339401245e-01
-1.343338638544082642e-01
-1.372956484556198120e-01
-1.336136311292648315e-01
-1.300569027662277222e-01
-1.253757923841476440e-01
-1.208816021680831909e-01
-1.151087731122970581e-01
-1.092342585325241089e-01
-1.033600419759750366e-01
-9.749351441860198975e-02
-9.317560493946075439e-02
-8.333869278430938721e-02
-6.942553818225860596e-02
-6.533692777156829834e-02
-5.958930775523185730e-02
-5.687652155756950378e-02
-5.811364576220512390e-02
-6.705726683139801025e-02
-7.469935715198516846e-02
-8.520983159542083740e-02
-9.960974752902984619e-02
-1.140458434820175171e-01
-1.276921182870864868e-01
-1.395782083272933960e-01
-6.611804664134979248e-02
-6.125424429774284363e-02
-5.553505942225456238e-02
-6.013325974345207214e-02
-6.457619369029998779e-02
-6.570999324321746826e-02
-6.424795091152191162e-02
-6.278549134731292725e-02
-6.132284924387931824e-02
-6.267337501049041748e-02
-6.591276824474334717e-02
-6.954292953014373779e-02
-7.317315042018890381e-02
-7.702206075191497803e-02
-8.401076495647430420e-02
-9.251062572002410889e-02
-1.025282591581344604e-01
-1.125458925962448120e-01
-1.215773671865463257e-01
-1.242233961820602417e-01
-1.263613551855087280e-01
-1.255078762769699097e-01
-1.160510629415512085e-01
-1.038076728582382202e-01
-9.117232263088226318e-02
-7.888685166835784912e-02
-6.810407340526580811e-02
-6.073097512125968933e-02
-6.000594422221183777e-02
-6.005946919322013855e-02
-6.011281535029411316e-02
-6.074367091059684753e-02
-6.315712630748748779e-02
-7.072143256664276123e-02
-8.149306476116180420e-02
-9.226451814174652100e-02
-1.026795357465744019e-01
-1.113557666540145874e-01
-1.168712228536605835e-01
-1.200144737958908081e-01
-1.179458945989608765e-01
-1.133826822042465210e-01
-1.077078431844711304e-01
-1.020326465368270874e-01
-9.642203152179718018e-02
-9.095989167690277100e-02
-8.717142045497894287e-02
-8.506168425083160400e-02
-8.354587852954864502e-02
-8.447860181331634521e-02
-9.219701588153839111e-02
-1.039656251668930054e-01
-1.165929585695266724e-01
-1.209271997213363647e-01
-1.214348524808883667e-01
-1.209804862737655640e-01
-1.196839362382888794e-01
-1.232949644327163696e-01
-1.281143575906753540e-01
-1.299214810132980347e-01
-1.294789165258407593e-01
-1.280535608530044556e-01
-1.266277879476547241e-01
-1.258811205625534058e-01
-1.272627264261245728e-01
-1.285874694585800171e-01
-1.288856714963912964e-01
-1.277262717485427856e-01
-1.238231807947158813e-01
-1.178020387887954712e-01
-1.164052933454513550e-01
-1.155496388673782349e-01
-1.110824495553970337e-01
-1.078724414110183716e-01
-1.046625226736068726e-01
-1.023849099874496460e-01
-1.044918745756149292e-01
-1.080848723649978638e-01
-1.116777509450912476e-01
-1.152702420949935913e-01
-1.128788143396377563e-01
-1.079268306493759155e-01
-1.029751151800155640e-01
-9.410630166530609131e-02
-8.497886359691619873e-02
-7.838271558284759521e-02
-7.178638875484466553e-02
-6.519009172916412354e-02
-5.743567273020744324e-02
-4.969636723399162292e-02
-4.737649485468864441e-02
-5.029980465769767761e-02
-5.322356149554252625e-02
-5.614716932177543640e-02
-6.005750223994255066e-02
-6.559891998767852783e-02
-6.799922883510589600e-02
-7.092659175395965576e-02
-7.915614545345306396e-02
-9.116478264331817627e-02
-1.036146432161331177e-01
-1.123155206441879272e-01
-1.203778535127639771e-01
-1.276897042989730835e-01
-1.347195953130722046e-01
-1.416848152875900269e-01
-1.439880877733230591e-01
-1.415305286645889282e-01
-1.387192457914352417e-01
-1.340852528810501099e-01
-1.282110959291458130e-01
-1.223366409540176392e-01
-1.164622157812118530e-01
-1.106878966093063354e-01
-1.057858914136886597e-01
-1.013147979974746704e-01
-9.319658577442169189e-02
-7.928408682346343994e-02
-6.226758286356925964e-02
-5.583761259913444519e-02
-5.563716217875480652e-02
-5.977852270007133484e-02
-6.807376444339752197e-02
-7.571615278720855713e-02
-8.689771592617034912e-02
-1.014741510152816772e-01
-1.134839504957199097e-01
-1.221044212579727173e-01
-1.295713633298873901e-01
-6.504629552364349365e-02
-6.018255278468132019e-02
-5.734400078654289246e-02
-6.194243952631950378e-02
-6.654034554958343506e-02
-6.873480975627899170e-02
-6.809453666210174561e-02
-6.663201749324798584e-02
-6.516961753368377686e-02
-6.600092351436614990e-02
-6.914387643337249756e-02
-7.277397811412811279e-02
-7.639925181865692139e-02
-7.913355529308319092e-02
-8.313046395778656006e-02
-8.978246152400970459e-02
-9.980027377605438232e-02
-1.098179072141647339e-01
-1.189095228910446167e-01
-1.213977187871932983e-01
-1.236730664968490601e-01
-1.252289861440658569e-01
-1.204820126295089722e-01
-1.083538979291915894e-01
-9.622566401958465576e-02
-8.396707475185394287e-02
-7.309584319591522217e-02
-6.486205756664276123e-02
-6.415353715419769287e-02
-6.420700252056121826e-02
-6.426052749156951904e-02
-6.568710505962371826e-02
-6.791196763515472412e-02
-7.293491065502166748e-02
-8.268235623836517334e-02
-9.345398843288421631e-02
-1.042257994413375854e-01
-1.134061664342880249e-01
-1.215777248144149780e-01
-1.266509145498275757e-01
-1.280870884656906128e-01
-1.233928054571151733e-01
-1.175701469182968140e-01
-1.117588132619857788e-01
-1.061489433050155640e-01
-1.005387157201766968e-01
-9.496693313121795654e-02
-9.303115308284759521e-02
-9.151621162891387939e-02
-9.066914021968841553e-02
-9.794057905673980713e-02
-1.087779551744461060e-01
-1.199818104505538940e-01
-1.260610967874526978e-01
-1.284612566232681274e-01
-1.292752176523208618e-01
-1.283573359251022339e-01
-1.281968802213668823e-01
-1.328288763761520386e-01
-1.347152143716812134e-01
-1.352975219488143921e-01
-1.338717788457870483e-01
-1.318271011114120483e-01
-1.294939965009689331e-01
-1.287546902894973755e-01
-1.300374418497085571e-01
-1.293478161096572876e-01
-1.234280616044998169e-01
-1.173241287469863892e-01
-1.110138744115829468e-01
-1.051437705755233765e-01
-1.009183973073959351e-01
-9.770832955837249756e-02
-9.449873864650726318e-02
-9.144400060176849365e-02
-9.405820071697235107e-02
-9.765084087848663330e-02
-1.012436598539352417e-01
-1.048365086317062378e-01
-1.084293276071548462e-01
-1.089995652437210083e-01
-1.040955036878585815e-01
-9.605611860752105713e-02
-8.804719150066375732e-02
-8.145092427730560303e-02
-7.485453784465789795e-02
-6.827132403850555420e-02
-6.279669702053070068e-02
-5.604843422770500183e-02
-4.958717152476310730e-02
-4.448519274592399597e-02
-4.752780124545097351e-02
-5.056996271014213562e-02
-5.361239239573478699e-02
-5.782208964228630066e-02
-6.159983202815055847e-02
-6.382845342159271240e-02
-7.144238054752349854e-02
-8.115236461162567139e-02
-9.269712865352630615e-02
-1.054873317480087280e-01
-1.144752055406570435e-01
-1.223280876874923706e-01
-1.293670386075973511e-01
-1.363968700170516968e-01
-1.434266120195388794e-01
-1.497589200735092163e-01
-1.502033025026321411e-01
-1.470262855291366577e-01
-1.412133723497390747e-01
-1.354008466005325317e-01
-1.295645982027053833e-01
-1.238837689161300659e-01
-1.190125197172164917e-01
-1.141410320997238159e-01
-1.097996383905410767e-01
-1.030550748109817505e-01
-8.751614391803741455e-02
-6.723551452159881592e-02
-5.377076193690299988e-02
-5.534730479121208191e-02
-6.144822761416435242e-02
-6.863804161548614502e-02
-7.520796358585357666e-02
-8.734135329723358154e-02
-9.706927835941314697e-02
-1.045361012220382690e-01
-1.120029240846633911e-01
-1.194700747728347778e-01
-6.397424638271331787e-02
-5.911038443446159363e-02
-5.915318056941032410e-02
-6.375102698802947998e-02
-6.834928691387176514e-02
-7.175360620021820068e-02
-7.194082438945770264e-02
-7.047878205776214600e-02
-6.901614367961883545e-02
-6.932942569255828857e-02
-7.231591641902923584e-02
-7.571397721767425537e-02
-7.911221683025360107e-02
-8.164493739604949951e-02
-8.426795899868011475e-02
-8.859400451183319092e-02
-9.707199037075042725e-02
-1.068389862775802612e-01
-1.160797327756881714e-01
-1.185718029737472534e-01
-1.208472102880477905e-01
-1.231222003698348999e-01
-1.232468336820602417e-01
-1.127846688032150269e-01
-1.006566733121871948e-01
-8.869837224483489990e-02
-7.808689773082733154e-02
-6.899325549602508545e-02
-6.830082833766937256e-02
-6.835173070430755615e-02
-6.847535073757171631e-02
-7.062302529811859131e-02
-7.284496724605560303e-02
-7.568083703517913818e-02
-8.385621011257171631e-02
-9.462504088878631592e-02
-1.053940504789352417e-01
-1.149003952741622925e-01
-1.236034482717514038e-01
-1.317738145589828491e-01
-1.359781473875045776e-01
-1.336842626333236694e-01
-1.279661804437637329e-01
-1.223141700029373169e-01
-1.167039424180984497e-01
-1.110939830541610718e-01
-1.055945008993148804e-01
-1.019405871629714966e-01
-1.002840846776962280e-01
-9.789054095745086670e-02
-1.013150662183761597e-01
-1.109928637742996216e-01
-1.220343559980392456e-01
-1.296391040086746216e-01
-1.326069980859756470e-01
-1.356374472379684448e-01
-1.365896314382553101e-01
-1.350818127393722534e-01
-1.376283913850784302e-01
-1.397491246461868286e-01
-1.394778937101364136e-01
-1.377348154783248901e-01
-1.351721435785293579e-01
-1.326092332601547241e-01
-1.302046328783035278e-01
-1.288042217493057251e-01
-1.229862421751022339e-01
-1.168460696935653687e-01
-1.103803068399429321e-01
-9.987477958202362061e-02
-9.107227623462677002e-02
-8.754445612430572510e-02
-8.433471620082855225e-02
-8.282710611820220947e-02
-8.395485579967498779e-02
-8.721692860126495361e-02
-9.080956876277923584e-02
-9.440286457538604736e-02
-9.799559414386749268e-02
-1.015883833169937134e-01
-1.045968979597091675e-01
-9.800644218921661377e-02
-9.111525118350982666e-02
-8.451910316944122314e-02
-7.893933355808258057e-02
-7.359854876995086670e-02
-6.825782358646392822e-02
-6.248028203845024109e-02
-5.608315393328666687e-02
-5.022032186388969421e-02
-4.435838386416435242e-02
-4.507131502032279968e-02
-4.811395332217216492e-02
-5.115638300776481628e-02
-5.503959581255912781e-02
-5.728037282824516296e-02
-6.396614015102386475e-02
-7.229064404964447021e-02
-8.268488943576812744e-02
-9.422959387302398682e-02
-1.073599010705947876e-01
-1.168447583913803101e-01
-1.240142434835433960e-01
-1.310442537069320679e-01
-1.380741149187088013e-01
-1.458726972341537476e-01
-1.528297513723373413e-01
-1.546055823564529419e-01
-1.541365832090377808e-01
-1.483238488435745239e-01
-1.425112932920455933e-01
-1.370166689157485962e-01
-1.322069615125656128e-01
-1.273673921823501587e-01
-1.224966496229171753e-01
-1.186192780733108521e-01
-1.122032254934310913e-01
-9.352128207683563232e-02
-7.381103932857513428e-02
-5.707816407084465027e-02
-5.567781254649162292e-02
-6.154895946383476257e-02
-6.623710691928863525e-02
-7.200424373149871826e-02
-7.965229451656341553e-02
-8.696742355823516846e-02
-9.443451464176177979e-02
-1.019012182950973511e-01
-1.093681603670120239e-01
-6.290285289287567139e-02
-5.803857371211051941e-02
-5.923817679286003113e-02
-6.556056439876556396e-02
-7.015816867351531982e-02
-7.475666701793670654e-02
-7.578800618648529053e-02
-7.431559264659881592e-02
-7.269643247127532959e-02
-7.225964963436126709e-02
-7.497642934322357178e-02
-7.837496697902679443e-02
-8.177326619625091553e-02
-8.415602147579193115e-02
-8.610932528972625732e-02
-8.973197638988494873e-02
-9.595499932765960693e-02
-1.038258522748947144e-01
-1.128431409597396851e-01
-1.157453507184982300e-01
-1.180178970098495483e-01
-1.202908009290695190e-01
-1.225213259458541870e-01
-1.172042340040206909e-01
-1.050736159086227417e-01
-9.302167594432830811e-02
-8.247725665569305420e-02
-7.302795350551605225e-02
-7.242403924465179443e-02
-7.247488200664520264e-02
-7.331971824169158936e-02
-7.554171979427337646e-02
-7.776378095149993896e-02
-8.002702891826629639e-02
-8.578984439373016357e-02
-9.578965604305267334e-02
-1.065586060285568237e-01
-1.161256879568099976e-01
-1.250080615282058716e-01
-1.337998956441879272e-01
-1.407336443662643433e-01
-1.423342078924179077e-01
-1.384794563055038452e-01
-1.328696757555007935e-01
-1.272592693567276001e-01
-1.216491311788558960e-01
-1.164724081754684448e-01
-1.115502864122390747e-01
-1.067080646753311157e-01
-1.032082587480545044e-01
-1.045797318220138550e-01
-1.136661320924758911e-01
-1.247302144765853882e-01
-1.339170187711715698e-01
-1.377563029527664185e-01
-1.407250016927719116e-01
-1.427095085382461548e-01
-1.437186747789382935e-01
-1.420524567365646362e-01
-1.431714743375778198e-01
-1.419378370046615601e-01
-1.410753279924392700e-01
-1.384957879781723022e-01
-1.359209865331649780e-01
-1.283035427331924438e-01
-1.225081533193588257e-01
-1.163681596517562866e-01
-1.090279072523117065e-01
-9.818632900714874268e-02
-8.872915804386138916e-02
-7.979495823383331299e-02
-7.417072355747222900e-02
-7.425399124622344971e-02
-7.475925981998443604e-02
-7.678295671939849854e-02
-8.037586510181427002e-02
-8.396874368190765381e-02
-8.756171166896820068e-02
-9.115420281887054443e-02
-9.474702179431915283e-02
-9.773515164852142334e-02
-9.494851529598236084e-02
-8.960767090320587158e-02
-8.430601656436920166e-02
-7.908411324024200439e-02
-7.386209070682525635e-02
-6.864015758037567139e-02
-6.269718706607818604e-02
-5.683485791087150574e-02
-5.097223445773124695e-02
-4.510987922549247742e-02
-4.261515662074089050e-02
-4.565737769007682800e-02
-4.869992658495903015e-02
-5.088074132800102234e-02
-5.648935958743095398e-02
-6.463988125324249268e-02
-7.273776829242706299e-02
-8.421723544597625732e-02
-9.576226770877838135e-02
-1.099000424146652222e-01
-1.185268610715866089e-01
-1.256904453039169312e-01
-1.327210813760757446e-01
-1.402762979269027710e-01
-1.494937986135482788e-01
-1.549816876649856567e-01
-1.560784131288528442e-01
-1.557311862707138062e-01
-1.537323743104934692e-01
-1.500640362501144409e-01
-1.452545076608657837e-01
-1.404447406530380249e-01
-1.356353312730789185e-01
-1.313583403825759888e-01
-1.270125955343246460e-01
-1.198073774576187134e-01
-9.996299445629119873e-02
-8.057720959186553955e-02
-6.657545268535614014e-02
-5.314759537577629089e-02
-5.605627223849296570e-02
-5.718464776873588562e-02
-6.253556907176971436e-02
-6.970097124576568604e-02
-7.686667144298553467e-02
-8.433328568935394287e-02
-9.180001914501190186e-02
-9.948398172855377197e-02
-6.183091923594474792e-02
-5.696729943156242371e-02
-5.903367325663566589e-02
-6.736938655376434326e-02
-7.196258008480072021e-02
-7.652412354946136475e-02
-7.865808904170989990e-02
-7.766674458980560303e-02
-7.597248256206512451e-02
-7.501755654811859131e-02
-7.768462598323822021e-02
-8.103130757808685303e-02
-8.442722260951995850e-02
-8.665798604488372803e-02
-8.856283128261566162e-02
-9.085498750209808350e-02
-9.602545201778411865e-02
-1.028206199407577515e-01
-1.095841974020004272e-01
-1.128951162099838257e-01
-1.151678413152694702e-01
-1.174403280019760132e-01
-1.197128146886825562e-01
-1.209498494863510132e-01
-1.094792932271957397e-01
-9.734897315502166748e-02
-8.670412003993988037e-02
-7.676397264003753662e-02
-7.623974978923797607e-02
-7.659743726253509521e-02
-7.823847234249114990e-02
-8.046053349971771240e-02
-8.268265426158905029e-02
-8.490459620952606201e-02
-8.816568553447723389e-02
-9.695450961589813232e-02
-1.077234894037246704e-01
-1.173509210348129272e-01
-1.262331753969192505e-01
-1.349831074476242065e-01
-1.420896798372268677e-01
-1.475155502557754517e-01
-1.482634395360946655e-01
-1.434247642755508423e-01
-1.378146559000015259e-01
-1.315250545740127563e-01
-1.247685700654983521e-01
-1.186559349298477173e-01
-1.125540882349014282e-01
-1.086426228284835815e-01
-1.092820912599563599e-01
-1.161469072103500366e-01
-1.274251192808151245e-01
-1.366132944822311401e-01
-1.425203233957290649e-01
-1.459379047155380249e-01
-1.474829465150833130e-01
-1.473862677812576294e-01
-1.468754261732101440e-01
-1.471321433782577515e-01
-1.457544118165969849e-01
-1.448478549718856812e-01
-1.407196670770645142e-01
-1.334394961595535278e-01
-1.245422810316085815e-01
-1.164305955171585083e-01
-1.063513010740280151e-01
-9.674893319606781006e-02
-8.714671432971954346e-02
-7.758311927318572998e-02
-6.968648731708526611e-02
-6.579969823360443115e-02
-6.618623435497283936e-02
-6.700433790683746338e-02
-6.994201242923736572e-02
-7.353471219539642334e-02
-7.712756097316741943e-02
-8.072046935558319092e-02
-8.482660353183746338e-02
-9.101770818233489990e-02
-9.433977305889129639e-02
-9.502480924129486084e-02
-8.994992077350616455e-02
-8.472801744937896729e-02
-7.950599491596221924e-02
-7.428388297557830811e-02
-6.918452680110931396e-02
-6.344889104366302490e-02
-5.758629366755485535e-02
-5.172387883067131042e-02
-4.586140438914299011e-02
-4.015873000025749207e-02
-4.320136830210685730e-02
-4.555959627032279968e-02
-4.901353642344474792e-02
-5.703554674983024597e-02
-6.549425423145294189e-02
-7.420502603054046631e-02
-8.574981987476348877e-02
-9.825898706912994385e-02
-1.113302856683731079e-01
-1.201656907796859741e-01
-1.273295134305953979e-01
-1.350358277559280396e-01
-1.434488147497177124e-01
-1.523274034261703491e-01
-1.565058678388595581e-01
-1.575507968664169312e-01
-1.571680158376693726e-01
-1.557359844446182251e-01
-1.547401994466781616e-01
-1.534925550222396851e-01
-1.486826986074447632e-01
-1.439447551965713501e-01
-1.397350579500198364e-01
-1.345762461423873901e-01
-1.260950118303298950e-01
-1.067311316728591919e-01
-8.585144579410552979e-02
-7.040260732173919678e-02
-5.475873872637748718e-02
-4.472843930125236511e-02
-4.587374255061149597e-02
-5.258433148264884949e-02
-5.975018069148063660e-02
-6.691549718379974365e-02
-7.423125207424163818e-02
-8.217929303646087646e-02
-9.041060507297515869e-02
-6.071684882044792175e-02
-5.589286610484123230e-02
-5.880991742014884949e-02
-6.786279380321502686e-02
-7.338647544384002686e-02
-7.774959504604339600e-02
-8.109091222286224365e-02
-8.092485368251800537e-02
-7.922779023647308350e-02
-7.775150239467620850e-02
-8.041773736476898193e-02
-8.366762101650238037e-02
-8.706311881542205811e-02
-8.914469182491302490e-02
-9.100459516048431396e-02
-9.283237159252166748e-02
-9.592305123805999756e-02
-1.027030795812606812e-01
-1.087999194860458374e-01
-1.100447028875350952e-01
-1.123171895742416382e-01
-1.145894974470138550e-01
-1.168621629476547241e-01
-1.191347688436508179e-01
-1.138858646154403687e-01
-1.017551869153976440e-01
-9.093098342418670654e-02
-8.099065721035003662e-02
-7.962314784526824951e-02
-8.039598166942596436e-02
-8.312539756298065186e-02
-8.537916839122772217e-02
-8.760116994380950928e-02
-8.982340991497039795e-02
-9.237496554851531982e-02
-9.866748750209808350e-02
-1.088878363370895386e-01
-1.185762137174606323e-01
-1.274583786725997925e-01
-1.359152644872665405e-01
-1.425723880529403687e-01
-1.493833512067794800e-01
-1.546059101819992065e-01
-1.531448513269424438e-01
-1.458201259374618530e-01
-1.383383721113204956e-01
-1.318740099668502808e-01
-1.257623583078384399e-01
-1.196806281805038452e-01
-1.148549765348434448e-01
-1.143483370542526245e-01
-1.197834759950637817e-01
-1.297253817319869995e-01
-1.389472335577011108e-01
-1.458050161600112915e-01
-1.488780528306961060e-01
-1.505530327558517456e-01
-1.509558111429214478e-01
-1.508594006299972534e-01
-1.488143056631088257e-01
-1.486342698335647583e-01
-1.439550966024398804e-01
-1.382718831300735474e-01
-1.307963281869888306e-01
-1.208343356847763062e-01
-1.059127599000930786e-01
-9.631071984767913818e-02
-8.670796453952789307e-02
-7.710601389408111572e-02
-7.026369869709014893e-02
-6.463648378849029541e-02
-6.060473248362541199e-02
-5.875007435679435730e-02
-6.000171229243278503e-02
-6.344263255596160889e-02
-6.715230643749237061e-02
-7.193382084369659424e-02
-7.685510814189910889e-02
-8.487518131732940674e-02
-8.842928707599639893e-02
-9.175185859203338623e-02
-9.464110434055328369e-02
-9.037183225154876709e-02
-8.514980971813201904e-02
-7.992781698703765869e-02
-7.477356493473052979e-02
-7.006300985813140869e-02
-6.420065462589263916e-02
-5.833802744746208191e-02
-5.247567221522331238e-02
-4.661307856440544128e-02
-4.075072333216667175e-02
-4.074500128626823425e-02
-4.281301423907279968e-02
-4.952923581004142761e-02
-5.811123177409172058e-02
-6.578429043292999268e-02
-7.573746144771575928e-02
-8.818395435810089111e-02
-9.998036921024322510e-02
-1.126819103956222534e-01
-1.218041628599166870e-01
-1.297179311513900757e-01
-1.376678198575973511e-01
-1.455345600843429565e-01
-1.548229008913040161e-01
-1.580306142568588257e-01
-1.590231508016586304e-01
-1.592960506677627563e-01
-1.583000868558883667e-01
-1.573040038347244263e-01
-1.563081592321395874e-01
-1.553122550249099731e-01
-1.524218767881393433e-01
-1.472748965024948120e-01
-1.412959247827529907e-01
-1.312005370855331421e-01
-1.082065552473068237e-01
-8.745525777339935303e-02
-6.866808235645294189e-02
-5.175579711794853210e-02
-3.812728449702262878e-02
-3.546826168894767761e-02
-4.263345524668693542e-02
-4.979960247874259949e-02
-5.696497485041618347e-02
-6.487564742565155029e-02
-7.310818135738372803e-02
-8.115576207637786865e-02
-5.949531123042106628e-02
-5.446813628077507019e-02
-5.810586735606193542e-02
-6.706307828426361084e-02
-7.459937036037445068e-02
-7.896362245082855225e-02
-8.332763612270355225e-02
-8.417640626430511475e-02
-8.247934281826019287e-02
-8.078263700008392334e-02
-8.315096795558929443e-02
-8.630387485027313232e-02
-8.956263959407806396e-02
-9.161828458309173584e-02
-9.344564378261566162e-02
-9.527342021465301514e-02
-9.670065343379974365e-02
-1.025858372449874878e-01
-1.084738224744796753e-01
-1.101034134626388550e-01
-1.098735779523849487e-01
-1.117393821477890015e-01
-1.140115708112716675e-01
-1.162845343351364136e-01
-1.182122677564620972e-01
-1.061611026525497437e-01
-9.515766799449920654e-02
-8.521734178066253662e-02
-8.300594985485076904e-02
-8.457474410533905029e-02
-8.730421960353851318e-02
-9.003369510173797607e-02
-9.252007305622100830e-02
-9.474213421344757080e-02
-9.704656898975372314e-02
-1.009794622659683228e-01
-1.100526601076126099e-01
-1.198016256093978882e-01
-1.286838203668594360e-01
-1.364341825246810913e-01
-1.432022899389266968e-01
-1.494378596544265747e-01
-1.543267816305160522e-01
-1.572759896516799927e-01
-1.525826007127761841e-01
-1.451915651559829712e-01
-1.389790922403335571e-01
-1.328709870576858521e-01
-1.268187314271926880e-01
-1.220594793558120728e-01
-1.196011751890182495e-01
-1.230977028608322144e-01
-1.304536610841751099e-01
-1.391431540250778198e-01
-1.475370973348617554e-01
-1.511164754629135132e-01
-1.533948630094528198e-01
-1.545251458883285522e-01
-1.544286757707595825e-01
-1.514966040849685669e-01
-1.427115350961685181e-01
-1.387013047933578491e-01
-1.349871307611465454e-01
-1.253942996263504028e-01
-1.113419681787490845e-01
-9.712679684162139893e-02
-8.626984059810638428e-02
-7.730336487293243408e-02
-7.141627371311187744e-02
-6.552924215793609619e-02
-5.977020785212516785e-02
-5.573837086558341980e-02
-5.183885619044303894e-02
-5.568082258105278015e-02
-6.050322577357292175e-02
-6.532527506351470947e-02
-7.127164304256439209e-02
-7.914705574512481689e-02
-8.338569104671478271e-02
-8.656357228755950928e-02
-8.974142372608184814e-02
-9.291918575763702393e-02
-9.108094871044158936e-02
-8.571399748325347900e-02
-8.036531507968902588e-02
-7.590763270854949951e-02
-7.081474363803863525e-02
-6.495238840579986572e-02
-5.908964201807975769e-02
-5.322707816958427429e-02
-4.736463353037834167e-02
-4.150224849581718445e-02
-3.848825022578239441e-02
-4.269037768244743347e-02
-5.046002194285392761e-02
-5.855010077357292175e-02
-6.607480347156524658e-02
-7.820446789264678955e-02
-9.002397954463958740e-02
-1.013321429491043091e-01
-1.140577644109725952e-01
-1.243054419755935669e-01
-1.320245414972305298e-01
-1.391758769750595093e-01
-1.480301171541213989e-01
-1.573187261819839478e-01
-1.595553606748580933e-01
-1.613118797540664673e-01
-1.618604212999343872e-01
-1.608646959066390991e-01
-1.598683446645736694e-01
-1.588725000619888306e-01
-1.578269451856613159e-01
-1.565054208040237427e-01
-1.541064530611038208e-01
-1.428465694189071655e-01
-1.289506107568740845e-01
-1.056896597146987915e-01
-8.391751348972320557e-02
-6.396083533763885498e-02
-4.849169775843620300e-02
-3.644512221217155457e-02
-2.665422484278678894e-02
-3.268287703394889832e-02
-4.008690640330314636e-02
-4.802278801798820496e-02
-5.595670267939567566e-02
-6.385301053524017334e-02
-7.190077006816864014e-02
-5.772702023386955261e-02
-5.269990488886833191e-02
-5.720464512705802917e-02
-6.623034179210662842e-02
-7.521842420101165771e-02
-8.017687499523162842e-02
-8.454082906246185303e-02
-8.684377372264862061e-02
-8.573083579540252686e-02
-8.403389155864715576e-02
-8.588407933712005615e-02
-8.893923461437225342e-02
-9.204934537410736084e-02
-9.405957162380218506e-02
-9.588710963726043701e-02
-9.744332730770111084e-02
-9.853838384151458740e-02
-1.024680584669113159e-01
-1.081480234861373901e-01
-1.101877540349960327e-01
-1.099582165479660034e-01
-1.097285002470016479e-01
-1.111617535352706909e-01
-1.134341806173324585e-01
-1.157066673040390015e-01
-1.105673760175704956e-01
-9.938447177410125732e-02
-8.944438397884368896e-02
-8.638910949230194092e-02
-8.875386416912078857e-02
-9.148316085338592529e-02
-9.421278536319732666e-02
-9.694223105907440186e-02
-9.966091811656951904e-02
-1.018829494714736938e-01
-1.047230213880538940e-01
-1.116950958967208862e-01
-1.210269480943679810e-01
-1.297808140516281128e-01
-1.364977210760116577e-01
-1.413860768079757690e-01
-1.462749987840652466e-01
-1.511636823415756226e-01
-1.560521274805068970e-01
-1.580456942319869995e-01
-1.521975547075271606e-01
-1.460848003625869751e-01
-1.399801522493362427e-01
-1.339624375104904175e-01
-1.289684623479843140e-01
-1.238497048616409302e-01
-1.245094686746597290e-01
-1.311626583337783813e-01
-1.388634592294692993e-01
-1.480216532945632935e-01
-1.534087210893630981e-01
-1.563694328069686890e-01
-1.580945998430252075e-01
-1.538224667310714722e-01
-1.491032689809799194e-01
-1.385046988725662231e-01
-1.322222799062728882e-01
-1.239010542631149292e-01
-1.158861964941024780e-01
-1.032852977514266968e-01
-8.845753967761993408e-02
-7.845591008663177490e-02
-7.256869971752166748e-02
-6.668163836002349854e-02
-6.091127917170524597e-02
-5.615673586726188660e-02
-5.349559709429740906e-02
-5.142013356089591980e-02
-5.389488860964775085e-02
-5.871705338358879089e-02
-6.578169763088226318e-02
-7.365663349628448486e-02
-7.872508466243743896e-02
-8.190296590328216553e-02
-8.508084714412689209e-02
-8.825854957103729248e-02
-9.143657982349395752e-02
-9.236125648021697998e-02
-8.724100887775421143e-02
-8.259923756122589111e-02
-7.799930870532989502e-02
-7.237918674945831299e-02
-6.637172400951385498e-02
-6.036425754427909851e-02
-5.435688421130180359e-02
-4.834951087832450867e-02
-4.290587827563285828e-02
-3.846232220530509949e-02
-4.322565719485282898e-02
-5.131564661860466003e-02
-5.884025618433952332e-02
-6.822501122951507568e-02
-8.047078549861907959e-02
-9.103606641292572021e-02
-1.027722805738449097e-01
-1.163607090711593628e-01
-1.263272315263748169e-01
-1.331822723150253296e-01
-1.412162333726882935e-01
-1.505257934331893921e-01
-1.597233861684799194e-01
-1.620207577943801880e-01
-1.639121323823928833e-01
-1.644244641065597534e-01
-1.634287387132644653e-01
-1.624476462602615356e-01
-1.612291485071182251e-01
-1.593057066202163696e-01
-1.548305004835128784e-01
-1.488214880228042603e-01
-1.380359381437301636e-01
-1.229573339223861694e-01
-1.000852137804031372e-01
-7.967700064182281494e-02
-5.993876978754997253e-02
-4.669226333498954773e-02
-3.443164750933647156e-02
-2.632920071482658386e-02
-2.323416993021965027e-02
-3.116993233561515808e-02
-3.910587355494499207e-02
-4.685251042246818542e-02
-5.494676157832145691e-02
-6.486843526363372803e-02
-5.595861002802848816e-02
-5.093155428767204285e-02
-5.630318447947502136e-02
-6.532894074916839600e-02
-7.435451447963714600e-02
-8.139114081859588623e-02
-8.575473725795745850e-02
-8.926783502101898193e-02
-8.898232877254486084e-02
-8.728544414043426514e-02
-8.861677348613739014e-02
-9.157560765743255615e-02
-9.453545510768890381e-02
-9.650073945522308350e-02
-9.832833707332611084e-02
-9.958468377590179443e-02
-1.006798595190048218e-01
-1.023503988981246948e-01
-1.078221648931503296e-01
-1.102723926305770874e-01
-1.100427955389022827e-01
-1.098132580518722534e-01
-1.095834821462631226e-01
-1.105834692716598511e-01
-1.128560155630111694e-01
-1.137784570455551147e-01
-1.036113351583480835e-01
-9.367118775844573975e-02
-9.020332992076873779e-02
-9.293277561664581299e-02
-9.566210210323333740e-02
-9.839175641536712646e-02
-1.011213809251785278e-01
-1.038507074117660522e-01
-1.065803319215774536e-01
-1.093944758176803589e-01
-1.138227432966232300e-01
-1.217811256647109985e-01
-1.283819824457168579e-01
-1.333347409963607788e-01
-1.382234841585159302e-01
-1.431118696928024292e-01
-1.480005830526351929e-01
-1.528892666101455688e-01
-1.577777713537216187e-01
-1.589922457933425903e-01
-1.531902700662612915e-01
-1.460848599672317505e-01
-1.392964869737625122e-01
-1.341663450002670288e-01
-1.290361434221267700e-01
-1.275074034929275513e-01
-1.318714767694473267e-01
-1.392616778612136841e-01
-1.482436209917068481e-01
-1.557080000638961792e-01
-1.571443229913711548e-01
-1.545801609754562378e-01
-1.504703909158706665e-01
-1.456056684255599976e-01
-1.339437514543533325e-01
-1.204546838998794556e-01
-1.130665689706802368e-01
-1.042614430189132690e-01
-9.257479012012481689e-02
-8.365739881992340088e-02
-7.398806512355804443e-02
-6.891076266765594482e-02
-6.439785659313201904e-02
-5.988488718867301941e-02
-5.537171289324760437e-02
-5.257929489016532898e-02
-5.139855667948722839e-02
-5.241603776812553406e-02
-6.029121205210685730e-02
-6.816653907299041748e-02
-7.406459748744964600e-02
-7.724238932132720947e-02
-8.042035996913909912e-02
-8.359797298908233643e-02
-8.677603304386138916e-02
-8.995358645915985107e-02
-9.284879267215728760e-02
-8.943824470043182373e-02
-8.483822643756866455e-02
-8.023817837238311768e-02
-7.423581182956695557e-02
-6.822846829891204834e-02
-6.222082301974296570e-02
-5.621380731463432312e-02
-5.020631477236747742e-02
-4.698104783892631531e-02
-4.309178516268730164e-02
-4.503030702471733093e-02
-5.236418172717094421e-02
-6.074435636401176453e-02
-7.126776874065399170e-02
-8.183924853801727295e-02
-9.237913787364959717e-02
-1.051570326089859009e-01
-1.178110688924789429e-01
-1.274815052747726440e-01
-1.346517652273178101e-01
-1.436734050512313843e-01
-1.531125158071517944e-01
-1.623133271932601929e-01
-1.646727770566940308e-01
-1.665116995573043823e-01
-1.669885665178298950e-01
-1.660597473382949829e-01
-1.647570878267288208e-01
-1.599161475896835327e-01
-1.545552462339401245e-01
-1.492247730493545532e-01
-1.377870291471481323e-01
-1.245556026697158813e-01
-1.130671948194503784e-01
-9.504066407680511475e-02
-7.478223741054534912e-02
-5.727530643343925476e-02
-4.489247128367424011e-02
-3.257666155695915222e-02
-2.665529772639274597e-02
-2.053580805659294128e-02
-2.180401608347892761e-02
-3.126977011561393738e-02
-4.073331877589225769e-02
-5.019716545939445496e-02
-6.001315638422966003e-02
-5.418984219431877136e-02
-4.916254803538322449e-02
-5.540154501795768738e-02
-6.442730128765106201e-02
-7.345299422740936279e-02
-8.247886598110198975e-02
-8.694420754909515381e-02
-9.133212268352508545e-02
-9.223364293575286865e-02
-9.053687751293182373e-02
-9.135012328624725342e-02
-9.421144425868988037e-02
-9.702228009700775146e-02
-9.894196689128875732e-02
-1.006307452917098999e-01
-1.017258018255233765e-01
-1.028207987546920776e-01
-1.039159148931503296e-01
-1.074964255094528198e-01
-1.103571504354476929e-01
-1.101273745298385620e-01
-1.098975986242294312e-01
-1.096680611371994019e-01
-1.094381362199783325e-01
-1.100054830312728882e-01
-1.122780591249465942e-01
-1.077026575803756714e-01
-9.789784252643585205e-02
-9.438230097293853760e-02
-9.711174666881561279e-02
-9.984113276004791260e-02
-1.025707274675369263e-01
-1.053001135587692261e-01
-1.080297678709030151e-01
-1.107592135667800903e-01
-1.131930500268936157e-01
-1.147295683622360229e-01
-1.196292489767074585e-01
-1.252833753824234009e-01
-1.301719099283218384e-01
-1.350607424974441528e-01
-1.399490684270858765e-01
-1.448377519845962524e-01
-1.497262865304946899e-01
-1.545878499746322632e-01
-1.593500524759292603e-01
-1.579354852437973022e-01
-1.507255882024765015e-01
-1.444944292306900024e-01
-1.393641978502273560e-01
-1.342341452836990356e-01
-1.311009377241134644e-01
-1.332496553659439087e-01
-1.401220709085464478e-01
-1.481861621141433716e-01
-1.530525237321853638e-01
-1.523502320051193237e-01
-1.501919776201248169e-01
-1.469675749540328979e-01
-1.383071690797805786e-01
-1.269228011369705200e-01
-1.130332201719284058e-01
-1.016182750463485718e-01
-9.402449429035186768e-02
-8.722065389156341553e-02
-7.960046827793121338e-02
-7.236845791339874268e-02
-6.812588870525360107e-02
-6.361316144466400146e-02
-5.910022184252738953e-02
-5.458707734942436218e-02
-5.193490907549858093e-02
-5.313424393534660339e-02
-5.661747977137565613e-02
-6.267638504505157471e-02
-6.940402090549468994e-02
-7.258193194866180420e-02
-7.575972378253936768e-02
-7.893763482570648193e-02
-8.211524784564971924e-02
-8.529327809810638428e-02
-8.847106993198394775e-02
-9.226442873477935791e-02
-9.167741239070892334e-02
-8.707736432552337646e-02
-8.209998905658721924e-02
-7.609264552593231201e-02
-7.008521258831024170e-02
-6.407780945301055908e-02
-5.807016417384147644e-02
-5.540988966822624207e-02
-5.158887431025505066e-02
-4.829354211688041687e-02
-4.637990519404411316e-02
-5.479280278086662292e-02
-6.320653855800628662e-02
-7.356919348239898682e-02
-8.417387306690216064e-02
-9.554295241832733154e-02
-1.074276119470596313e-01
-1.196723729372024536e-01
-1.294898837804794312e-01
-1.374126523733139038e-01
-1.468768268823623657e-01
-1.571214050054550171e-01
-1.652348786592483521e-01
-1.674492210149765015e-01
-1.691120415925979614e-01
-1.696724444627761841e-01
-1.659150570631027222e-01
-1.599424630403518677e-01
-1.541024297475814819e-01
-1.469552963972091675e-01
-1.375379413366317749e-01
-1.243065446615219116e-01
-1.121175140142440796e-01
-1.009341031312942505e-01
-8.540488779544830322e-02
-6.782220304012298584e-02
-5.486870929598808289e-02
-4.218358919024467468e-02
-3.211064264178276062e-02
-2.756283804774284363e-02
-2.336285635828971863e-02
-1.897738501429557800e-02
-2.631090208888053894e-02
-3.582684323191642761e-02
-4.561940953135490417e-02
-5.747507140040397644e-02
-5.242131277918815613e-02
-4.739419743418693542e-02
-5.450056120753288269e-02
-6.352613866329193115e-02
-7.255159318447113037e-02
-8.157704770565032959e-02
-8.805631101131439209e-02
-9.249125421047210693e-02
-9.502045810222625732e-02
-9.378831088542938232e-02
-9.408281743526458740e-02
-9.684763848781585693e-02
-9.950862824916839600e-02
-1.013835519552230835e-01
-1.027721017599105835e-01
-1.038671582937240601e-01
-1.049622148275375366e-01
-1.060575097799301147e-01
-1.071882694959640503e-01
-1.103771179914474487e-01
-1.102119535207748413e-01
-1.099822670221328735e-01
-1.097527593374252319e-01
-1.095230728387832642e-01
-1.092933267354965210e-01
-1.094275563955307007e-01
-1.098517030477523804e-01
-1.021248847246170044e-01
-9.856139123439788818e-02
-1.012908071279525757e-01
-1.040202826261520386e-01
-1.067495793104171753e-01
-1.094792634248733521e-01
-1.118419319391250610e-01
-1.126489192247390747e-01
-1.134557574987411499e-01
-1.149217039346694946e-01
-1.176971048116683960e-01
-1.221204251050949097e-01
-1.270089298486709595e-01
-1.318975538015365601e-01
-1.367863267660140991e-01
-1.413669735193252563e-01
-1.451184302568435669e-01
-1.490448266267776489e-01
-1.540353447198867798e-01
-1.591588705778121948e-01
-1.553701609373092651e-01
-1.496923118829727173e-01
-1.445623785257339478e-01
-1.394320279359817505e-01
-1.352212280035018921e-01
-1.347550898790359497e-01
-1.403352171182632446e-01
-1.428823620080947876e-01
-1.466594785451889038e-01
-1.475774496793746948e-01
-1.442714482545852661e-01
-1.385049968957901001e-01
-1.310945600271224976e-01
-1.197967976331710815e-01
-1.067307144403457642e-01
-9.616722166538238525e-02
-9.101791679859161377e-02
-8.474902808666229248e-02
-7.729245722293853760e-02
-6.967206299304962158e-02
-6.439639627933502197e-02
-6.201661750674247742e-02
-5.831525847315788269e-02
-5.380217358469963074e-02
-5.414066836237907410e-02
-5.761567875742912292e-02
-6.109885498881340027e-02
-6.474344432353973389e-02
-6.792120635509490967e-02
-7.109926640987396240e-02
-7.427696883678436279e-02
-7.745490968227386475e-02
-8.063255250453948975e-02
-8.381046354770660400e-02
-8.754892647266387939e-02
-9.149400889873504639e-02
-9.357030689716339111e-02
-8.931644260883331299e-02
-8.395679295063018799e-02
-7.794947922229766846e-02
-7.194210588932037354e-02
-6.593461334705352783e-02
-6.274972856044769287e-02
-6.016455218195915222e-02
-5.669448897242546082e-02
-5.327467247843742371e-02
-5.011970922350883484e-02
-5.725501105189323425e-02
-6.529907882213592529e-02
-7.596819102764129639e-02
-8.711378276348114014e-02
-9.718854725360870361e-02
-1.094001680612564087e-01
-1.216446310281753540e-01
-1.320645660161972046e-01
-1.412862390279769897e-01
-1.515665203332901001e-01
-1.618468314409255981e-01
-1.689920872449874878e-01
-1.712065190076828003e-01
-1.707106083631515503e-01
-1.673146635293960571e-01
-1.611701697111129761e-01
-1.537011116743087769e-01
-1.448088139295578003e-01
-1.361115127801895142e-01
-1.238464862108230591e-01
-1.104774028062820435e-01
-9.906338155269622803e-02
-8.763258159160614014e-02
-7.328100502490997314e-02
-5.732015892863273621e-02
-5.012212321162223816e-02
-4.291335865855216980e-02
-3.655458614230155945e-02
-3.235439583659172058e-02
-2.797095105051994324e-02
-2.358172461390495300e-02
-2.128623053431510925e-02
-3.154830262064933777e-02
-4.417208954691886902e-02
-6.133608147501945496e-02
-5.246571823954582214e-02
-4.562548920512199402e-02
-5.359921976923942566e-02
-6.262473762035369873e-02
-7.165060937404632568e-02
-8.067546784877777100e-02
-8.916853368282318115e-02
-9.360282123088836670e-02
-9.735827147960662842e-02
-9.702406823635101318e-02
-9.681610763072967529e-02
-9.948371350765228271e-02
-1.019955724477767944e-01
-1.038182824850082397e-01
-1.049131602048873901e-01
-1.060082763433456421e-01
-1.071036905050277710e-01
-1.081985086202621460e-01
-1.081907004117965698e-01
-1.102546006441116333e-01
-1.102965027093887329e-01
-1.100670248270034790e-01
-1.098371893167495728e-01
-1.096074730157852173e-01
-1.093779057264328003e-01
-1.091482490301132202e-01
-1.093344539403915405e-01
-1.061211973428726196e-01
-1.027401536703109741e-01
-1.054695695638656616e-01
-1.081988066434860229e-01
-1.106140464544296265e-01
-1.114211529493331909e-01
-1.122280806303024292e-01
-1.130350083112716675e-01
-1.138418167829513550e-01
-1.151758283376693726e-01
-1.161010116338729858e-01
-1.188820749521255493e-01
-1.238460391759872437e-01
-1.282062977552413940e-01
-1.319578438997268677e-01
-1.357092410326004028e-01
-1.394606977701187134e-01
-1.435493379831314087e-01
-1.487205773591995239e-01
-1.539000719785690308e-01
-1.580055803060531616e-01
-1.548904329538345337e-01
-1.497601717710494995e-01
-1.446299701929092407e-01
-1.393501311540603638e-01
-1.337750703096389771e-01
-1.346541196107864380e-01
-1.372791081666946411e-01
-1.402287930250167847e-01
-1.393714696168899536e-01
-1.355382651090621948e-01
-1.301110833883285522e-01
-1.247619241476058960e-01
-1.164309531450271606e-01
-1.080381721258163452e-01
-9.748615324497222900e-02
-8.836127817630767822e-02
-8.165149390697479248e-02
-7.498393952846527100e-02
-6.736378371715545654e-02
-6.050531193614006042e-02
-5.786655470728874207e-02
-5.609504505991935730e-02
-5.667872354388237000e-02
-5.861396715044975281e-02
-6.209711357951164246e-02
-6.558029353618621826e-02
-6.487770378589630127e-02
-6.643868982791900635e-02
-6.961636245250701904e-02
-7.279424369335174561e-02
-7.597194612026214600e-02
-7.914985716342926025e-02
-8.283375203609466553e-02
-8.677829802036285400e-02
-9.072332084178924561e-02
-9.453602135181427002e-02
-9.155543148517608643e-02
-8.581350743770599365e-02
-7.980625331401824951e-02
-7.379876077175140381e-02
-6.999932229518890381e-02
-6.829585134983062744e-02
-6.509540975093841553e-02
-6.197432801127433777e-02
-5.872375890612602234e-02
-5.578966066241264343e-02
-5.920762941241264343e-02
-6.777279078960418701e-02
-7.867132127285003662e-02
-8.874596655368804932e-02
-9.912790358066558838e-02
-1.113725155591964722e-01
-1.236238330602645874e-01
-1.356959193944931030e-01
-1.459762006998062134e-01
-1.562560647726058960e-01
-1.665364354848861694e-01
-1.708682030439376831e-01
-1.696864217519760132e-01
-1.673694700002670288e-01
-1.618912369012832642e-01
-1.516488641500473022e-01
-1.423747688531875610e-01
-1.336088329553604126e-01
-1.237458437681198120e-01
-1.101219505071640015e-01
-9.818722307682037354e-02
-8.661155402660369873e-02
-7.493866980075836182e-02
-6.577150523662567139e-02
-5.466891452670097351e-02
-4.789574071764945984e-02
-4.112006351351737976e-02
-4.017923399806022644e-02
-3.698105737566947937e-02
-3.257481381297111511e-02
-2.818540856242179871e-02
-2.551416680216789246e-02
-3.085712715983390808e-02
-4.639504477381706238e-02
-6.529484689235687256e-02
-5.508665367960929871e-02
-4.747764393687248230e-02
-5.382077023386955261e-02
-6.172339245676994324e-02
-7.074873149394989014e-02
-7.977442443370819092e-02
-8.880017697811126709e-02
-9.471486508846282959e-02
-9.914933145046234131e-02
-1.001738756895065308e-01
-9.950278699398040771e-02
-1.022153347730636597e-01
-1.044379919767379761e-01
-1.059593409299850464e-01
-1.070546954870223999e-01
-1.081496328115463257e-01
-1.092447191476821899e-01
-1.103399246931076050e-01
-1.092936843633651733e-01
-1.101075559854507446e-01
-1.103810817003250122e-01
-1.101516038179397583e-01
-1.099217385053634644e-01
-1.096920222043991089e-01
-1.094623953104019165e-01
-1.092325598001480103e-01
-1.093284934759140015e-01
-1.090989261865615845e-01
-1.066748052835464478e-01
-1.093862205743789673e-01
-1.101931780576705933e-01
-1.110003441572189331e-01
-1.118073612451553345e-01
-1.126141399145126343e-01
-1.134214550256729126e-01
-1.142901331186294556e-01
-1.154740005731582642e-01
-1.155281215906143188e-01
-1.149925440549850464e-01
-1.181536763906478882e-01
-1.224125474691390991e-01
-1.263000816106796265e-01
-1.300516873598098755e-01
-1.338301748037338257e-01
-1.382344514131546021e-01
-1.434055715799331665e-01
-1.485952585935592651e-01
-1.544504016637802124e-01
-1.587800830602645874e-01
-1.549581736326217651e-01
-1.490849107503890991e-01
-1.381744295358657837e-01
-1.306023150682449341e-01
-1.300911158323287964e-01
-1.313968151807785034e-01
-1.300382465124130249e-01
-1.308912783861160278e-01
-1.292123347520828247e-01
-1.252875775098800659e-01
-1.231835037469863892e-01
-1.182073205709457397e-01
-1.090536862611770630e-01
-9.898449480533599854e-02
-8.791278302669525146e-02
-7.926453649997711182e-02
-7.267569005489349365e-02
-6.505568325519561768e-02
-5.772675201296806335e-02
-5.544332787394523621e-02
-5.611653253436088562e-02
-5.733067914843559265e-02
-6.195292994379997253e-02
-6.657849252223968506e-02
-6.670565903186798096e-02
-6.549133360385894775e-02
-6.495578587055206299e-02
-6.813363730907440186e-02
-7.131154835224151611e-02
-7.448936998844146729e-02
-7.811816036701202393e-02
-8.206309378147125244e-02
-8.600799739360809326e-02
-8.995293080806732178e-02
-9.389771521091461182e-02
-9.364481270313262939e-02
-8.767037093639373779e-02
-8.166290819644927979e-02
-7.724948227405548096e-02
-7.534335553646087646e-02
-7.349638640880584717e-02
-7.040821015834808350e-02
-6.757397949695587158e-02
-6.417264044284820557e-02
-6.135962530970573425e-02
-6.055171415209770203e-02
-7.022882997989654541e-02
-8.030368387699127197e-02
-9.037847816944122314e-02
-1.011003702878952026e-01
-1.133450716733932495e-01
-1.264720410108566284e-01
-1.402308791875839233e-01
-1.502637714147567749e-01
-1.587929576635360718e-01
-1.652473658323287964e-01
-1.669794172048568726e-01
-1.653868108987808228e-01
-1.591402143239974976e-01
-1.495693176984786987e-01
-1.398721188306808472e-01
-1.311057358980178833e-01
-1.223395913839340210e-01
-1.100214272737503052e-01
-9.767593443393707275e-02
-8.834843337535858154e-02
-7.840271294116973877e-02
-6.816948950290679932e-02
-6.317131221294403076e-02
-5.332995578646659851e-02
-4.632414504885673523e-02
-4.093341156840324402e-02
-4.022265598177909851e-02
-3.950203582644462585e-02
-3.846291825175285339e-02
-3.657333180308341980e-02
-3.539053723216056824e-02
-3.527579829096794128e-02
-5.084649845957756042e-02
-6.966482102870941162e-02
-5.807987973093986511e-02
-5.078087374567985535e-02
-5.722491070628166199e-02
-6.366936862468719482e-02
-7.031910121440887451e-02
-7.887296378612518311e-02
-8.789883553981781006e-02
-9.582726657390594482e-02
-1.002616733312606812e-01
-1.029783338308334351e-01
-1.021340936422348022e-01
-1.048711389303207397e-01
-1.068675965070724487e-01
-1.081006973981857300e-01
-1.091959327459335327e-01
-1.102909594774246216e-01
-1.113863438367843628e-01
-1.124812811613082886e-01
-1.112269610166549683e-01
-1.111101061105728149e-01
-1.104656308889389038e-01
-1.102359145879745483e-01
-1.100062876939773560e-01
-1.097766011953353882e-01
-1.095468848943710327e-01
-1.093171685934066772e-01
-1.094001382589340210e-01
-1.129505187273025513e-01
-1.079061478376388550e-01
-1.097725480794906616e-01
-1.105794161558151245e-01
-1.113862544298171997e-01
-1.121932715177536011e-01
-1.130004078149795532e-01
-1.138157099485397339e-01
-1.148353666067123413e-01
-1.147656291723251343e-01
-1.130258589982986450e-01
-1.101366430521011353e-01
-1.120214015245437622e-01
-1.160148531198501587e-01
-1.202736049890518188e-01
-1.243937462568283081e-01
-1.282630413770675659e-01
-1.329198032617568970e-01
-1.380931288003921509e-01
-1.433129757642745972e-01
-1.498373895883560181e-01
-1.572474688291549683e-01
-1.560660153627395630e-01
-1.471781879663467407e-01
-1.363347917795181274e-01
-1.279625743627548218e-01
-1.236105710268020630e-01
-1.236997097730636597e-01
-1.249332576990127563e-01
-1.247051507234573364e-01
-1.244886964559555054e-01
-1.244691461324691772e-01
-1.233810633420944214e-01
-1.198156923055648804e-01
-1.100691109895706177e-01
-1.003224998712539673e-01
-8.905123174190521240e-02
-7.676233351230621338e-02
-6.966860592365264893e-02
-6.274728477001190186e-02
-5.797175690531730652e-02
-5.546472594141960144e-02
-5.613775178790092468e-02
-5.824602767825126648e-02
-6.306932866573333740e-02
-6.615902483463287354e-02
-6.707777082920074463e-02
-6.610493361949920654e-02
-6.489081680774688721e-02
-6.665106117725372314e-02
-6.982879340648651123e-02
-7.340286672115325928e-02
-7.734768092632293701e-02
-8.129267394542694092e-02
-8.523754775524139404e-02
-8.918233215808868408e-02
-9.312702715396881104e-02
-9.508909285068511963e-02
-8.952699601650238037e-02
-8.449928462505340576e-02
-8.259333670139312744e-02
-8.167462050914764404e-02
-7.884208858013153076e-02
-7.642473280429840088e-02
-7.302315533161163330e-02
-6.962154805660247803e-02
-6.607411801815032959e-02
-6.381578743457794189e-02
-7.184155285358428955e-02
-8.166913688182830811e-02
-9.149639308452606201e-02
-1.023111194372177124e-01
-1.150016337633132935e-01
-1.292852908372879028e-01
-1.424451023340225220e-01
-1.489000469446182251e-01
-1.553999036550521851e-01
-1.621389538049697876e-01
-1.619500368833541870e-01
-1.546934992074966431e-01
-1.463682800531387329e-01
-1.373688727617263794e-01
-1.286027580499649048e-01
-1.200627535581588745e-01
-1.121114939451217651e-01
-1.005061715841293335e-01
-9.112869203090667725e-02
-8.129535615444183350e-02
-7.096756994724273682e-02
-6.441463530063629150e-02
-6.057105585932731628e-02
-5.194599553942680359e-02
-4.475245997309684753e-02
-4.097894951701164246e-02
-4.025835916399955750e-02
-4.070697352290153503e-02
-4.309056326746940613e-02
-4.578517004847526550e-02
-4.590014740824699402e-02
-5.018321797251701355e-02
-5.612520501017570496e-02
-7.494442164897918701e-02
-6.230316683650016785e-02
-5.535016581416130066e-02
-6.089971587061882019e-02
-6.715707480907440186e-02
-7.360152900218963623e-02
-8.004538714885711670e-02
-8.700190484523773193e-02
-9.602282941341400146e-02
-1.013735383749008179e-01
-1.053007096052169800e-01
-1.048472970724105835e-01
-1.074970215559005737e-01
-1.090389937162399292e-01
-1.102046817541122437e-01
-1.113370507955551147e-01
-1.124324351549148560e-01
-1.135273426771163940e-01
-1.146226972341537476e-01
-1.131601184606552124e-01
-1.121122688055038452e-01
-1.108900159597396851e-01
-1.103204041719436646e-01
-1.100908368825912476e-01
-1.098612993955612183e-01
-1.096313446760177612e-01
-1.092439740896224976e-01
-1.081009060144424438e-01
-1.098588556051254272e-01
-1.086805015802383423e-01
-1.106448322534561157e-01
-1.109654456377029419e-01
-1.117724031209945679e-01
-1.125793904066085815e-01
-1.133169978857040405e-01
-1.131717115640640259e-01
-1.130538433790206909e-01
-1.125227659940719604e-01
-1.101350635290145874e-01
-1.066301316022872925e-01
-1.063855141401290894e-01
-1.096175163984298706e-01
-1.138760000467300415e-01
-1.181349009275436401e-01
-1.226762980222702026e-01
-1.277982741594314575e-01
-1.330936104059219360e-01
-1.384650915861129761e-01
-1.451476365327835083e-01
-1.474608629941940308e-01
-1.497345417737960815e-01
-1.449480205774307251e-01
-1.358602494001388550e-01
-1.239590495824813843e-01
-1.198883503675460815e-01
-1.195677667856216431e-01
-1.189820319414138794e-01
-1.214617341756820679e-01
-1.236227303743362427e-01
-1.244241446256637573e-01
-1.238632947206497192e-01
-1.204097718000411987e-01
-1.110845059156417847e-01
-1.013380140066146851e-01
-9.028236567974090576e-02
-7.728751003742218018e-02
-6.830109655857086182e-02
-6.440173089504241943e-02
-5.983464047312736511e-02
-5.593226477503776550e-02
-5.639029666781425476e-02
-5.949408933520317078e-02
-6.248895451426506042e-02
-6.340767443180084229e-02
-6.432665884494781494e-02
-6.524537503719329834e-02
-6.550462543964385986e-02
-6.516818702220916748e-02
-6.868745386600494385e-02
-7.263223826885223389e-02
-7.657711207866668701e-02
-8.052222430706024170e-02
-8.446694910526275635e-02
-8.841197192668914795e-02
-9.235663712024688721e-02
-9.541998803615570068e-02
-9.174908697605133057e-02
-8.984307944774627686e-02
-8.878906071186065674e-02
-8.727587759494781494e-02
-8.512325584888458252e-02
-8.174227178096771240e-02
-7.809321582317352295e-02
-7.392968237400054932e-02
-6.905244290828704834e-02
-6.750293076038360596e-02
-7.212506234645843506e-02
-8.195228874683380127e-02
-9.177969396114349365e-02
-1.037438660860061646e-01
-1.163187175989151001e-01
-1.280119866132736206e-01
-1.390075236558914185e-01
-1.455594450235366821e-01
-1.522988229990005493e-01
-1.555623263120651245e-01
-1.494956165552139282e-01
-1.419735997915267944e-01
-1.337109953165054321e-01
-1.279426664113998413e-01
-1.211412996053695679e-01
-1.143401116132736206e-01
-1.039334684610366821e-01
-9.366364777088165283e-02
-8.422626554965972900e-02
-7.474176585674285889e-02
-6.453667581081390381e-02
-6.073514744639396667e-02
-5.833623930811882019e-02
-5.059028789401054382e-02
-4.306520149111747742e-02
-4.142121598124504089e-02
-4.276395961642265320e-02
-4.524786397814750671e-02
-4.794244095683097839e-02
-5.063704773783683777e-02
-5.713091418147087097e-02
-6.522075831890106201e-02
-7.021711766719818115e-02
-8.084933459758758545e-02
-6.652681529521942139e-02
-6.044070050120353699e-02
-6.599055230617523193e-02
-7.154034078121185303e-02
-7.709006965160369873e-02
-8.353351056575775146e-02
-8.997772634029388428e-02
-9.644679725170135498e-02
-1.024852842092514038e-01
-1.069201678037643433e-01
-1.079970747232437134e-01
-1.099737733602523804e-01
-1.110786944627761841e-01
-1.122444123029708862e-01
-1.134099215269088745e-01
-1.145735830068588257e-01
-1.156685799360275269e-01
-1.167636364698410034e-01
-1.150934547185897827e-01
-1.131144911050796509e-01
-1.123023480176925659e-01
-1.104052811861038208e-01
-1.101757436990737915e-01
-1.098399311304092407e-01
-1.076877564191818237e-01
-1.055354923009872437e-01
-1.050981432199478149e-01
-1.067671924829483032e-01
-1.092392951250076294e-01
-1.117378324270248413e-01
-1.128117889165878296e-01
-1.118858009576797485e-01
-1.115555018186569214e-01
-1.113397628068923950e-01
-1.112221628427505493e-01
-1.111045032739639282e-01
-1.099153012037277222e-01
-1.072442084550857544e-01
-1.037388890981674194e-01
-1.012847274541854858e-01
-1.035669296979904175e-01
-1.077505499124526978e-01
-1.121281534433364868e-01
-1.168073564767837524e-01
-1.225927919149398804e-01
-1.282179206609725952e-01
-1.310879737138748169e-01
-1.336573511362075806e-01
-1.372517198324203491e-01
-1.411489695310592651e-01
-1.411205381155014038e-01
-1.314138919115066528e-01
-1.213133186101913452e-01
-1.161328703165054321e-01
-1.147246509790420532e-01
-1.171495169401168823e-01
-1.208279281854629517e-01
-1.233525425195693970e-01
-1.243007034063339233e-01
-1.243456453084945679e-01
-1.205456405878067017e-01
-1.120999604463577271e-01
-1.022153645753860474e-01
-9.133033454418182373e-02
-8.054004609584808350e-02
-7.114668190479278564e-02
-6.581999361515045166e-02
-6.169761344790458679e-02
-5.732507631182670593e-02
-5.699042603373527527e-02
-5.987511202692985535e-02
-5.973760411143302917e-02
-6.065611168742179871e-02
-6.157524511218070984e-02
-6.249402090907096863e-02
-6.341271102428436279e-02
-6.461818516254425049e-02
-6.791679561138153076e-02
-7.186181843280792236e-02
-7.580666244029998779e-02
-7.975147664546966553e-02
-8.369638025760650635e-02
-8.764134347438812256e-02
-9.158621728420257568e-02
-9.426723420619964600e-02
-9.671722352504730225e-02
-9.508539736270904541e-02
-9.484650194644927979e-02
-9.257166087627410889e-02
-8.949120342731475830e-02
-8.584250509738922119e-02
-8.196546137332916260e-02
-7.595749199390411377e-02
-7.130153477191925049e-02
-7.099412381649017334e-02
-7.240821421146392822e-02
-8.223579823970794678e-02
-9.262467920780181885e-02
-1.015548259019851685e-01
-1.122943013906478882e-01
-1.242876499891281128e-01
-1.357192546129226685e-01
-1.409197598695755005e-01
-1.432420462369918823e-01
-1.440640836954116821e-01
-1.382323354482650757e-01
-1.327136904001235962e-01
-1.278004199266433716e-01
-1.222202628850936890e-01
-1.154191642999649048e-01
-1.074146479368209839e-01
-9.617395699024200439e-02
-8.738039433956146240e-02
-7.789815962314605713e-02
-6.774954497814178467e-02
-5.932505056262016296e-02
-5.716307088732719421e-02
-5.676342174410820007e-02
-4.928706213831901550e-02
-4.321078583598136902e-02
-4.482106491923332214e-02
-4.740498587489128113e-02
-5.017451569437980652e-02
-5.296210572123527527e-02
-5.786998197436332703e-02
-6.667952239513397217e-02
-7.548944652080535889e-02
-8.464030921459197998e-02
-8.606152236461639404e-02
-7.208459079265594482e-02
-6.642030179500579834e-02
-7.152484357357025146e-02
-7.663123309612274170e-02
-8.218096196651458740e-02
-8.773086965084075928e-02
-9.346531331539154053e-02
-9.990940988063812256e-02
-1.063535660505294800e-01
-1.087058037519454956e-01
-1.109206527471542358e-01
-1.124191135168075562e-01
-1.131180971860885620e-01
-1.142836660146713257e-01
-1.154495924711227417e-01
-1.166156977415084839e-01
-1.177816241979598999e-01
-1.189048737287521362e-01
-1.170263141393661499e-01
-1.147511154413223267e-01
-1.137151569128036499e-01
-1.109364479780197144e-01
-1.082838922739028931e-01
-1.061315983533859253e-01
-1.039793044328689575e-01
-1.021124869585037231e-01
-1.021319180727005005e-01
-1.036757379770278931e-01
-1.061637848615646362e-01
-1.120190769433975220e-01
-1.131651252508163452e-01
-1.120096594095230103e-01
-1.095079928636550903e-01
-1.093902438879013062e-01
-1.092727631330490112e-01
-1.090386360883712769e-01
-1.073241680860519409e-01
-1.046270877122879028e-01
-1.011991649866104126e-01
-9.799845516681671143e-02
-9.836684167385101318e-02
-1.017884761095046997e-01
-1.062267571687698364e-01
-1.111761182546615601e-01
-1.168145686388015747e-01
-1.189449876546859741e-01
-1.218055039644241333e-01
-1.255047172307968140e-01
-1.294018775224685669e-01
-1.290746778249740601e-01
-1.306522935628890991e-01
-1.273901313543319702e-01
-1.176257878541946411e-01
-1.135473698377609253e-01
-1.150935739278793335e-01
-1.175182610750198364e-01
-1.201702505350112915e-01
-1.231970638036727905e-01
-1.250229924917221069e-01
-1.236019879579544067e-01
-1.209521144628524780e-01
-1.125219911336898804e-01
-1.030883044004440308e-01
-9.522430598735809326e-02
-8.594258129596710205e-02
-7.599486410617828369e-02
-6.775854527950286865e-02
-6.356061995029449463e-02
-5.899355933070182800e-02
-5.814654752612113953e-02
-5.725545808672904968e-02
-5.698628351092338562e-02
-5.790499970316886902e-02
-5.882380530238151550e-02
-5.974284932017326355e-02
-6.089324876666069031e-02
-6.257902085781097412e-02
-6.534211337566375732e-02
-7.109133899211883545e-02
-7.492832839488983154e-02
-7.862596213817596436e-02
-8.232317864894866943e-02
-8.602075278759002686e-02
-8.947925269603729248e-02
-9.500734508037567139e-02
-1.002994626760482788e-01
-1.008894592523574829e-01
-9.990383684635162354e-02
-9.724028408527374268e-02
-9.359119832515716553e-02
-9.000129997730255127e-02
-8.399333059787750244e-02
-7.798562943935394287e-02
-7.373453676700592041e-02
-7.448558509349822998e-02
-7.548998296260833740e-02
-8.000464737415313721e-02
-8.725725114345550537e-02
-9.684444963932037354e-02
-1.085699945688247681e-01
-1.203744262456893921e-01
-1.285513788461685181e-01
-1.320688277482986450e-01
-1.348789483308792114e-01
-1.364666968584060669e-01
-1.310206204652786255e-01
-1.264966577291488647e-01
-1.221139580011367798e-01
-1.164977401494979858e-01
-1.096965819597244263e-01
-9.923656284809112549e-02
-9.022693336009979248e-02
-8.112801611423492432e-02
-7.170765101909637451e-02
-6.239889189600944519e-02
-5.580047890543937683e-02
-5.337862297892570496e-02
-5.465189740061759949e-02
-5.020825192332267761e-02
-4.710982367396354675e-02
-4.976699873805046082e-02
-5.255435034632682800e-02
-5.534188076853752136e-02
-5.860869213938713074e-02
-6.741856038570404053e-02
-7.622818648815155029e-02
-8.540974557399749756e-02
-9.186463057994842529e-02
-9.142898023128509521e-02
-8.014784753322601318e-02
-7.513062655925750732e-02
-8.001510798931121826e-02
-8.489917218685150146e-02
-8.978335559368133545e-02
-9.466730058193206787e-02
-9.969477355480194092e-02
-1.047988981008529663e-01
-1.102734059095382690e-01
-1.140598803758621216e-01
-1.155724972486495972e-01
-1.147046834230422974e-01
-1.151576787233352661e-01
-1.163234561681747437e-01
-1.174894720315933228e-01
-1.186552792787551880e-01
-1.198212355375289917e-01
-1.209871321916580200e-01
-1.189594417810440063e-01
-1.166829317808151245e-01
-1.132038086652755737e-01
-1.085562258958816528e-01
-1.045754402875900269e-01
-1.024232357740402222e-01
-1.002712100744247437e-01
-9.920008480548858643e-02
-9.921936690807342529e-02
-9.987054765224456787e-02
-1.012380868196487427e-01
-1.102988272905349731e-01
-1.114445179700851440e-01
-1.118677109479904175e-01
-1.102970689535140991e-01
-1.077961474657058716e-01
-1.076338440179824829e-01
-1.072255522012710571e-01
-1.050556451082229614e-01
-1.024194210767745972e-01
-9.874378144741058350e-02
-9.535749256610870361e-02
-9.350930154323577881e-02
-9.594969451427459717e-02
-1.013634055852890015e-01
-1.054454296827316284e-01
-1.074046343564987183e-01
-1.093534082174301147e-01
-1.129669100046157837e-01
-1.150625199079513550e-01
-1.162725239992141724e-01
-1.178501695394515991e-01
-1.191669553518295288e-01
-1.182159334421157837e-01
-1.159900873899459839e-01
-1.139693707227706909e-01
-1.150216013193130493e-01
-1.178871542215347290e-01
-1.203120797872543335e-01
-1.230419725179672241e-01
-1.250878721475601196e-01
-1.231257170438766479e-01
-1.206734031438827515e-01
-1.136819571256637573e-01
-1.080401390790939331e-01
-1.001439243555068970e-01
-9.113891422748565674e-02
-8.139716088771820068e-02
-7.187007367610931396e-02
-6.523253023624420166e-02
-6.135134026408195496e-02
-5.620644614100456238e-02
-5.463574454188346863e-02
-5.423502251505851746e-02
-5.515373870730400085e-02
-5.607254430651664734e-02
-5.694837495684623718e-02
-5.838666483759880066e-02
-5.982525274157524109e-02
-6.126354262232780457e-02
-6.607507169246673584e-02
-7.190541923046112061e-02
-7.650618255138397217e-02
-8.020369708538055420e-02
-8.390106260776519775e-02
-8.960123360157012939e-02
-9.599255025386810303e-02
-1.040063053369522095e-01
-1.072360128164291382e-01
-1.048361510038375854e-01
-1.013850420713424683e-01
-9.783823788166046143e-02
-9.202934801578521729e-02
-8.602140843868255615e-02
-8.001340925693511963e-02
-7.705433666706085205e-02
-7.496117055416107178e-02
-7.330881059169769287e-02
-7.463712990283966064e-02
-8.207897841930389404e-02
-9.285221993923187256e-02
-1.034437865018844604e-01
-1.135461777448654175e-01
-1.233302801847457886e-01
-1.261525303125381470e-01
-1.286381632089614868e-01
-1.292546838521957397e-01
-1.245460659265518188e-01
-1.208576112985610962e-01
-1.164271980524063110e-01
-1.108233183622360229e-01
-1.028889268636703491e-01
-9.308896958827972412e-02
-8.445055782794952393e-02
-7.503010332584381104e-02
-6.574116647243499756e-02
-5.711455270648002625e-02
-5.229948088526725769e-02
-5.053998157382011414e-02
-5.560184642672538757e-02
-5.277095362544059753e-02
-5.245877429842948914e-02
-5.493412539362907410e-02
-5.772174522280693054e-02
-6.050897762179374695e-02
-6.815730035305023193e-02
-7.696689665317535400e-02
-8.617942035198211670e-02
-9.499435126781463623e-02
-9.455858170986175537e-02
-9.412299096584320068e-02
-8.849237859249114990e-02
-8.434252440929412842e-02
-8.922652900218963623e-02
-9.411107003688812256e-02
-9.899531304836273193e-02
-1.038794070482254028e-01
-1.087636798620223999e-01
-1.136480122804641724e-01
-1.185320764780044556e-01
-1.232042759656906128e-01
-1.240252107381820679e-01
-1.228237301111221313e-01
-1.200695782899856567e-01
-1.192296296358108521e-01
-1.199502199888229370e-01
-1.206948608160018921e-01
-1.218609064817428589e-01
-1.230066865682601929e-01
-1.189308613538742065e-01
-1.148038655519485474e-01
-1.108235865831375122e-01
-1.061763018369674683e-01
-1.015282720327377319e-01
-9.871508181095123291e-02
-9.655071794986724854e-02
-9.535370767116546631e-02
-9.423585236072540283e-02
-9.428413212299346924e-02
-9.570108354091644287e-02
-1.046814769506454468e-01
-1.099949330091476440e-01
-1.114265471696853638e-01
-1.112828105688095093e-01
-1.092169433832168579e-01
-1.067161709070205688e-01
-1.050695627927780151e-01
-1.027871817350387573e-01
-1.002113670110702515e-01
-9.628869593143463135e-02
-9.365890920162200928e-02
-9.207196533679962158e-02
-9.399496018886566162e-02
-9.427364170551300049e-02
-9.588672220706939697e-02
-9.770686924457550049e-02
-1.001011580228805542e-01
-1.003619581460952759e-01
-1.024470776319503784e-01
-1.045320481061935425e-01
-1.066135913133621216e-01
-1.080151945352554321e-01
-1.106819957494735718e-01
-1.138923019170761108e-01
-1.131369024515151978e-01
-1.145383268594741821e-01
-1.177266389131546021e-01
-1.206810027360916138e-01
-1.231056302785873413e-01
-1.244354099035263062e-01
-1.236257106065750122e-01
-1.227729469537734985e-01
-1.188507527112960815e-01
-1.122263520956039429e-01
-1.050637215375900269e-01
-9.605841338634490967e-02
-8.679954707622528076e-02
-7.685168087482452393e-02
-6.789509952068328857e-02
-6.095273420214653015e-02
-5.462635681033134460e-02
-5.143685266375541687e-02
-5.065707489848136902e-02
-5.132843181490898132e-02
-5.212168022990226746e-02
-5.356029793620109558e-02
-5.499852821230888367e-02
-5.643714591860771179e-02
-5.787558481097221375e-02
-6.059063598513603210e-02
-6.642089784145355225e-02
-7.225160300731658936e-02
-7.808201014995574951e-02
-8.379112184047698975e-02
-9.058637917041778564e-02
-9.808622300624847412e-02
-1.079847961664199829e-01
-1.119365245103836060e-01
-1.091987341642379761e-01
-1.054144352674484253e-01
-1.000650674104690552e-01
-9.405727684497833252e-02
-8.804930746555328369e-02
-7.922337949275970459e-02
-7.445390522480010986e-02
-7.280139625072479248e-02
-7.114918529987335205e-02
-6.994871795177459717e-02
-7.844673097133636475e-02
-8.898748457431793213e-02
-9.893412888050079346e-02
-1.088809520006179810e-01
-1.172763258218765259e-01
-1.199116855859756470e-01
-1.223973780870437622e-01
-1.226689070463180542e-01
-1.185830980539321899e-01
-1.153044849634170532e-01
-1.109546869993209839e-01
-1.056541055440902710e-01
-9.619264304637908936e-02
-8.760391175746917725e-02
-7.835350930690765381e-02
-6.902547180652618408e-02
-6.064258143305778503e-02
-5.233953520655632019e-02
-5.076346918940544128e-02
-5.155585333704948425e-02
-5.719421431422233582e-02
-5.635933205485343933e-02
-5.784181877970695496e-02
-6.010143086314201355e-02
-6.288875639438629150e-02
-6.889589130878448486e-02
-7.770596444606781006e-02
-8.694936335086822510e-02
-9.636522829532623291e-02
-9.768806397914886475e-02
-9.725241363048553467e-02
-9.681676328182220459e-02
-9.704886376857757568e-02
-9.355483949184417725e-02
-9.843851625919342041e-02
-1.033230870962142944e-01
-1.082071214914321899e-01
-1.130913943052291870e-01
-1.179757267236709595e-01
-1.228599101305007935e-01
-1.277441233396530151e-01
-1.326247006654739380e-01
-1.345133334398269653e-01
-1.335162967443466187e-01
-1.306601017713546753e-01
-1.285342425107955933e-01
-1.265413016080856323e-01
-1.261669546365737915e-01
-1.248475760221481323e-01
-1.231968551874160767e-01
-1.184046417474746704e-01
-1.136975139379501343e-01
-1.089756339788436890e-01
-1.037958115339279175e-01
-9.910540282726287842e-02
-9.385226666927337646e-02
-9.106476604938507080e-02
-9.005852043628692627e-02
-8.905909955501556396e-02
-8.904708921909332275e-02
-9.056623280048370361e-02
-9.868679940700531006e-02
-1.088234931230545044e-01
-1.103009134531021118e-01
-1.115267127752304077e-01
-1.106380671262741089e-01
-1.080248802900314331e-01
-1.038297265768051147e-01
-1.010232716798782349e-01
-9.976346790790557861e-02
-9.684957563877105713e-02
-9.471769630908966064e-02
-9.059266746044158936e-02
-8.549599349498748779e-02
-8.448745310306549072e-02
-8.623908460140228271e-02
-8.680211007595062256e-02
-8.631272614002227783e-02
-8.839760720729827881e-02
-9.048254787921905518e-02
-9.253321588039398193e-02
-9.642665088176727295e-02
-1.004369109869003296e-01
-1.035876721143722534e-01
-1.069681495428085327e-01
-1.108048111200332642e-01
-1.132894009351730347e-01
-1.172947734594345093e-01
-1.204314827919006348e-01
-1.234746277332305908e-01
-1.239127516746520996e-01
-1.272738426923751831e-01
-1.272034198045730591e-01
-1.232083588838577271e-01
-1.160504966974258423e-01
-1.097869426012039185e-01
-1.005341559648513794e-01
-9.128157794475555420e-02
-8.131553232669830322e-02
-6.935180723667144775e-02
-5.888865515589714050e-02
-5.240152403712272644e-02
-4.746816679835319519e-02
-4.655672237277030945e-02
-4.729528352618217468e-02
-4.873363301157951355e-02
-5.017210170626640320e-02
-5.161060020327568054e-02
-5.304897949099540710e-02
-5.448732897639274597e-02
-5.592573806643486023e-02
-6.093634292483329773e-02
-6.676708161830902100e-02
-7.399259507656097412e-02
-8.392451703548431396e-02
-9.225039184093475342e-02
-1.019745618104934692e-01
-1.110258251428604126e-01
-1.162973493337631226e-01
-1.129913777112960815e-01
-1.081010252237319946e-01
-1.020931452512741089e-01
-9.364448487758636475e-02
-8.405868709087371826e-02
-7.493199408054351807e-02
-7.239837944507598877e-02
-7.271076738834381104e-02
-7.271124422550201416e-02
-6.998734176158905029e-02
-7.437552511692047119e-02
-8.432255685329437256e-02
-9.426923096179962158e-02
-1.027245968580245972e-01
-1.108095496892929077e-01
-1.137956529855728149e-01
-1.168147176504135132e-01
-1.165781766176223755e-01
-1.131403893232345581e-01
-1.098095029592514038e-01
-1.060854643583297729e-01
-9.992386400699615479e-02
-9.070886671543121338e-02
-8.189852535724639893e-02
-7.257072627544403076e-02
-6.420700252056121826e-02
-5.661819502711296082e-02
-5.111728236079216003e-02
-5.053184553980827332e-02
-5.324838683009147644e-02
-5.971170589327812195e-02
-6.154737994074821472e-02
-6.322501599788665771e-02
-6.527267396450042725e-02
-6.963501870632171631e-02
-7.844473421573638916e-02
-8.771906793117523193e-02
-9.713487327098846436e-02
-1.008175164461135864e-01
-1.003817766904830933e-01
-9.994630515575408936e-02
-9.943746030330657959e-02
-1.062532514333724976e-01
-1.033697277307510376e-01
-1.077860742807388306e-01
-1.125348359346389771e-01
-1.174188405275344849e-01
-1.223033219575881958e-01
-1.271877735853195190e-01
-1.320716589689254761e-01
-1.369558721780776978e-01
-1.418129354715347290e-01
-1.454388946294784546e-01
-1.449387818574905396e-01
-1.421683281660079956e-01
-1.390838772058486938e-01
-1.352353543043136597e-01
-1.312318593263626099e-01
-1.274756938219070435e-01
-1.253565996885299683e-01
-1.205643266439437866e-01
-1.157717555761337280e-01
-1.107414811849594116e-01
-1.035907715559005737e-01
-9.733010828495025635e-02
-9.100885689258575439e-02
-8.764900267124176025e-02
-8.598403632640838623e-02
-8.448623120784759521e-02
-8.389590680599212646e-02
-8.543168008327484131e-02
-9.275208413600921631e-02
-1.046542376279830933e-01
-1.091750413179397583e-01
-1.106525212526321411e-01
-1.112407296895980835e-01
-1.106609553098678589e-01
-1.072603315114974976e-01
-1.037310808897018433e-01
-1.010696142911911011e-01
-9.815584123134613037e-02
-9.142474830150604248e-02
-8.419744670391082764e-02
-7.785715162754058838e-02
-7.559166848659515381e-02
-7.325573265552520752e-02
-7.325844466686248779e-02
-7.434816658496856689e-02
-7.643334567546844482e-02
-7.901079952716827393e-02
-8.381296694278717041e-02
-8.861552178859710693e-02
-9.238483011722564697e-02
-9.602002799510955811e-02
-9.987379610538482666e-02
-1.042891293764114380e-01
-1.111066341400146484e-01
-1.155453473329544067e-01
-1.199998110532760620e-01
-1.243059933185577393e-01
-1.275865882635116577e-01
-1.299729198217391968e-01
-1.310714632272720337e-01
-1.271633207798004150e-01
-1.195640414953231812e-01
-1.124200671911239624e-01
-1.041046977043151855e-01
-9.485225379467010498e-02
-8.395253121852874756e-02
-6.982891261577606201e-02
-5.878932401537895203e-02
-5.027444288134574890e-02
-4.432107135653495789e-02
-4.246876761317253113e-02
-4.390726611018180847e-02
-4.534564539790153503e-02
-4.678402468562126160e-02
-4.822246357798576355e-02
-4.966081306338310242e-02
-5.109931156039237976e-02
-5.253781005740165710e-02
-5.545203015208244324e-02
-6.206334754824638367e-02
-7.199515402317047119e-02
-8.192817866802215576e-02
-9.349806606769561768e-02
-1.056482940912246704e-01
-1.128907650709152222e-01
-1.176284998655319214e-01
-1.161368042230606079e-01
-1.080652326345443726e-01
-9.847967326641082764e-02
-8.889396488666534424e-02
-8.158273994922637939e-02
-7.592584192752838135e-02
-7.578517496585845947e-02
-7.374639809131622314e-02
-7.094787061214447021e-02
-6.759928166866302490e-02
-6.974564492702484131e-02
-7.975651323795318604e-02
-8.833606541156768799e-02
-9.642402827739715576e-02
-1.045120507478713989e-01
-1.081204563379287720e-01
-1.116948276758193970e-01
-1.109459251165390015e-01
-1.078526526689529419e-01
-1.053325682878494263e-01
-1.019229441881179810e-01
-9.390605986118316650e-02
-8.531247079372406006e-02
-7.611589133739471436e-02
-6.778599321842193604e-02
-6.131745502352714539e-02
-5.495597049593925476e-02
-5.080164596438407898e-02
-5.069075152277946472e-02
-5.576599761843681335e-02
-6.222901865839958191e-02
-6.688524782657623291e-02
-6.860832870006561279e-02
-7.077418267726898193e-02
-7.918392121791839600e-02
-8.848880231380462646e-02
-9.790448844432830811e-02
-1.039469689130783081e-01
-1.035113781690597534e-01
-1.035503000020980835e-01
-1.036630719900131226e-01
-1.030158847570419312e-01
-1.154583245515823364e-01
-1.134421676397323608e-01
-1.178582459688186646e-01
-1.222745627164840698e-01
-1.266907304525375366e-01
-1.315150111913681030e-01
-1.363994330167770386e-01
-1.412839144468307495e-01
-1.461647301912307739e-01
-1.509755402803421021e-01
-1.551273912191390991e-01
-1.553154438734054565e-01
-1.527023464441299438e-01
-1.475657373666763306e-01
-1.426679044961929321e-01
-1.379888504743576050e-01
-1.339855045080184937e-01
-1.293687671422958374e-01
-1.224159151315689087e-01
-1.166054159402847290e-01
-1.107945889234542847e-01
-1.031705290079116821e-01
-9.691007435321807861e-02
-9.064932167530059814e-02
-8.679826557636260986e-02
-8.513389527797698975e-02
-8.346919715404510498e-02
-8.243243396282196045e-02
-8.332590758800506592e-02
-8.927266299724578857e-02
-1.005110293626785278e-01
-1.103313118219375610e-01
-1.124264150857925415e-01
-1.147713810205459595e-01
-1.144396215677261353e-01
-1.114408820867538452e-01
-1.079116016626358032e-01
-1.026573032140731812e-01
-9.275235235691070557e-02
-8.502967655658721924e-02
-7.760928571224212646e-02
-6.973879039287567139e-02
-6.247718259692192078e-02
-6.070740148425102234e-02
-6.074086949229240417e-02
-6.238393113017082214e-02
-6.639711558818817139e-02
-7.119946181774139404e-02
-7.600180804729461670e-02
-8.080430328845977783e-02
-8.439926803112030029e-02
-8.818592131137847900e-02
-9.190107882022857666e-02
-9.547863900661468506e-02
-1.055750697851181030e-01
-1.118391454219818115e-01
-1.198088824748992920e-01
-1.259354501962661743e-01
-1.297233104705810547e-01
-1.319730132818222046e-01
-1.343934386968612671e-01
-1.310566067695617676e-01
-1.236756145954132080e-01
-1.148627698421478271e-01
-1.076752543449401855e-01
-9.783598780632019043e-02
-8.388607203960418701e-02
-7.123143970966339111e-02
-5.961899086833000183e-02
-4.846624657511711121e-02
-4.172370955348014832e-02
-3.908063098788261414e-02
-4.051886126399040222e-02
-4.195738956332206726e-02
-4.339561983942985535e-02
-4.483429715037345886e-02
-4.627273604273796082e-02
-4.771108552813529968e-02
-4.914961382746696472e-02
-5.075443908572196960e-02
-6.006593629717826843e-02
-7.039241492748260498e-02
-8.198945224285125732e-02
-9.413979947566986084e-02
-1.047985106706619263e-01
-1.120856553316116333e-01
-1.164647489786148071e-01
-1.125692874193191528e-01
-1.046882420778274536e-01
-9.706740081310272217e-02
-9.012423455715179443e-02
-8.350627124309539795e-02
-7.782496511936187744e-02
-7.476605474948883057e-02
-7.162009179592132568e-02
-6.799973547458648682e-02
-6.578241288661956787e-02
-6.625707447528839111e-02
-7.395063340663909912e-02
-8.203859627246856689e-02
-9.012646973133087158e-02
-9.843476116657257080e-02
-1.031120568513870239e-01
-1.067794710397720337e-01
-1.061443537473678589e-01
-1.037591546773910522e-01
-1.011871844530105591e-01
-9.644480049610137939e-02
-8.850942552089691162e-02
-7.966099679470062256e-02
-7.121102511882781982e-02
-6.601665914058685303e-02
-5.965713784098625183e-02
-5.303768441081047058e-02
-5.101458355784416199e-02
-5.182005092501640320e-02
-5.828319117426872253e-02
-6.474639475345611572e-02
-7.222248613834381104e-02
-7.399158179759979248e-02
-8.035840094089508057e-02
-8.929224312305450439e-02
-9.925647079944610596e-02
-1.082071512937545776e-01
-1.083199232816696167e-01
-1.084323972463607788e-01
-1.085450798273086548e-01
-1.085232943296432495e-01
-1.074442118406295776e-01
-1.250990480184555054e-01
-1.235141307115554810e-01
-1.279304176568984985e-01
-1.323464065790176392e-01
-1.367626339197158813e-01
-1.411785930395126343e-01
-1.456117182970046997e-01
-1.504956930875778198e-01
-1.553532928228378296e-01
-1.598872095346450806e-01
-1.623616367578506470e-01
-1.619420200586318970e-01
-1.611594408750534058e-01
-1.559257358312606812e-01
-1.511382907629013062e-01
-1.463434845209121704e-01
-1.409014910459518433e-01
-1.345373541116714478e-01
-1.261449605226516724e-01
-1.177824288606643677e-01
-1.108948141336441040e-01
-1.027506440877914429e-01
-9.648977220058441162e-02
-9.094800055027008057e-02
-8.685825765132904053e-02
-8.428184688091278076e-02
-8.261848986148834229e-02
-8.143548667430877686e-02
-8.347667753696441650e-02
-8.981861174106597900e-02
-1.023107916116714478e-01
-1.148029118776321411e-01
-1.189079135656356812e-01
-1.208665519952774048e-01
-1.205925196409225464e-01
-1.181054562330245972e-01
-1.099394112825393677e-01
-1.005970984697341919e-01
-8.934704959392547607e-02
-7.837791740894317627e-02
-6.788186728954315186e-02
-5.893869325518608093e-02
-5.204201862215995789e-02
-4.890264198184013367e-02
-4.841960594058036804e-02
-5.378336831927299500e-02
-5.854852125048637390e-02
-6.310327351093292236e-02
-6.765832006931304932e-02
-7.221342623233795166e-02
-7.543693482875823975e-02
-7.907743752002716064e-02
-8.271786570549011230e-02
-8.602571487426757812e-02
-9.589004516601562500e-02
-1.098442375659942627e-01
-1.201229840517044067e-01
-1.264298856258392334e-01
-1.317692250013351440e-01
-1.341047734022140503e-01
-1.367256790399551392e-01
-1.346949785947799683e-01
-1.277053058147430420e-01
-1.186446845531463623e-01
-1.100218892097473145e-01
-9.753881394863128662e-02
-8.404813706874847412e-02
-7.264368236064910889e-02
-6.083853170275688171e-02
-4.959287866950035095e-02
-4.026567563414573669e-02
-3.581483289599418640e-02
-3.713081404566764832e-02
-3.856946155428886414e-02
-4.000769183039665222e-02
-4.144598171114921570e-02
-4.288462921977043152e-02
-4.432297870516777039e-02
-4.576135799288749695e-02
-5.085335299372673035e-02
-5.849618837237358093e-02
-7.027672231197357178e-02
-8.263130486011505127e-02
-9.433741867542266846e-02
-1.013008207082748413e-01
-1.054652482271194458e-01
-1.089706569910049438e-01
-1.114526540040969849e-01
-1.054842323064804077e-01
-9.866599738597869873e-02
-9.185080230236053467e-02
-8.221070468425750732e-02
-7.595284283161163330e-02
-7.238478958606719971e-02
-6.874977052211761475e-02
-6.547679007053375244e-02
-6.421507894992828369e-02
-6.371940672397613525e-02
-6.770889461040496826e-02
-7.588972151279449463e-02
-8.413760364055633545e-02
-9.334327280521392822e-02
-9.830756485462188721e-02
-1.032284945249557495e-01
-1.020510643720626831e-01
-9.966568648815155029e-02
-9.704150259494781494e-02
-9.067349135875701904e-02
-8.329142630100250244e-02
-7.589103281497955322e-02
-7.057102024555206299e-02
-6.435836851596832275e-02
-5.797119066119194031e-02
-5.155343934893608093e-02
-5.189810320734977722e-02
-5.433739349246025085e-02
-6.080059334635734558e-02
-6.826131045818328857e-02
-7.825039327144622803e-02
-8.329178392887115479e-02
-9.246672689914703369e-02
-1.017789095640182495e-01
-1.117428392171859741e-01
-1.132017225027084351e-01
-1.133145242929458618e-01
-1.141705662012100220e-01
-1.151403933763504028e-01
-1.154807060956954956e-01
-1.142542809247970581e-01
-1.365114301443099976e-01
-1.344741433858871460e-01
-1.380020231008529663e-01
-1.424185484647750854e-01
-1.468346863985061646e-01
-1.512508839368820190e-01
-1.556671410799026489e-01
-1.600811332464218140e-01
-1.629304736852645874e-01
-1.652656048536300659e-01
-1.674821227788925171e-01
-1.682620793581008911e-01
-1.691025942564010620e-01
-1.646766811609268188e-01
-1.590345650911331177e-01
-1.531182676553726196e-01
-1.472019702196121216e-01
-1.402248889207839966e-01
-1.309380978345870972e-01
-1.222424358129501343e-01
-1.138502508401870728e-01
-1.035261005163192749e-01
-9.606973826885223389e-02
-9.132377803325653076e-02
-8.723436295986175537e-02
-8.408288657665252686e-02
-8.374442160129547119e-02
-8.387164771556854248e-02
-8.613686263561248779e-02
-9.161873161792755127e-02
-1.041107326745986938e-01
-1.166026741266250610e-01
-1.254176050424575806e-01
-1.270829588174819946e-01
-1.257788091897964478e-01
-1.189114302396774292e-01
-1.107870787382125854e-01
-1.013414710760116577e-01
-8.954881131649017334e-02
-7.462204992771148682e-02
-6.206558272242546082e-02
-5.210314318537712097e-02
-4.369194433093070984e-02
-3.950430080294609070e-02
-4.089261218905448914e-02
-4.486231133341789246e-02
-4.938806220889091492e-02
-5.394319817423820496e-02
-5.849821493029594421e-02
-6.310226023197174072e-02
-6.625373661518096924e-02
-6.989429891109466553e-02
-7.348629832267761230e-02
-7.859344780445098877e-02
-8.937257528305053711e-02
-1.039315164089202881e-01
-1.181447952985763550e-01
-1.263965219259262085e-01
-1.323552578687667847e-01
-1.362365335226058960e-01
-1.383030265569686890e-01
-1.380715370178222656e-01
-1.318708807229995728e-01
-1.229597181081771851e-01
-1.093353927135467529e-01
-9.708791971206665039e-02
-8.464342355728149414e-02
-7.378096878528594971e-02
-6.225090846419334412e-02
-5.116723105311393738e-02
-4.056410118937492371e-02
-3.356770798563957214e-02
-3.374294564127922058e-02
-3.518123552203178406e-02
-3.661952540278434753e-02
-3.805811330676078796e-02
-3.949640318751335144e-02
-4.093478247523307800e-02
-4.541261121630668640e-02
-5.141301080584526062e-02
-5.829722806811332703e-02
-7.112284004688262939e-02
-8.244450390338897705e-02
-9.111170470714569092e-02
-9.637074172496795654e-02
-1.003352552652359009e-01
-1.034148782491683960e-01
-1.065355688333511353e-01
-1.054439395666122437e-01
-9.855692088603973389e-02
-8.885367214679718018e-02
-7.948501408100128174e-02
-7.314945757389068604e-02
-6.951449811458587646e-02
-6.589578092098236084e-02
-6.380484998226165771e-02
-6.163234636187553406e-02
-6.090829893946647644e-02
-6.172664090991020203e-02
-6.990738213062286377e-02
-7.904620468616485596e-02
-8.835349977016448975e-02
-9.455953538417816162e-02
-1.001061946153640747e-01
-9.795747697353363037e-02
-9.557248651981353760e-02
-9.147383272647857666e-02
-8.608476817607879639e-02
-8.057053387165069580e-02
-7.432295382022857666e-02
-6.905935704708099365e-02
-6.267254054546356201e-02
-5.665112659335136414e-02
-5.257872864603996277e-02
-5.357934162020683289e-02
-5.820102617144584656e-02
-6.521250307559967041e-02
-7.482887804508209229e-02
-8.692662417888641357e-02
-9.594507515430450439e-02
-1.051691621541976929e-01
-1.148910373449325562e-01
-1.194390207529067993e-01
-1.204086691141128540e-01
-1.213782578706741333e-01
-1.223481744527816772e-01
-1.229140311479568481e-01
-1.215278059244155884e-01
-1.181139796972274780e-01
-1.488398760557174683e-01
-1.469654291868209839e-01
-1.494142562150955200e-01
-1.524903327226638794e-01
-1.569068878889083862e-01
-1.613227576017379761e-01
-1.642106026411056519e-01
-1.667971760034561157e-01
-1.691913455724716187e-01
-1.710717827081680298e-01
-1.728419810533523560e-01
-1.735649257898330688e-01
-1.748379617929458618e-01
-1.712513417005538940e-01
-1.653351932764053345e-01
-1.594189554452896118e-01
-1.535027176141738892e-01
-1.463171392679214478e-01
-1.370309442281723022e-01
-1.277441233396530151e-01
-1.184574812650680542e-01
-1.082746535539627075e-01
-9.837208688259124756e-02
-9.345673024654388428e-02
-9.062267839908599854e-02
-8.778844773769378662e-02
-8.636604249477386475e-02
-8.654092252254486084e-02
-8.879716694355010986e-02
-9.341846406459808350e-02
-1.059106737375259399e-01
-1.184027940034866333e-01
-1.308945268392562866e-01
-1.293924897909164429e-01
-1.240795403718948364e-01
-1.185347884893417358e-01
-1.105103343725204468e-01
-9.858189523220062256e-02
-8.495073020458221436e-02
-7.153399288654327393e-02
-5.857328698039054871e-02
-4.634897038340568542e-02
-4.021365568041801453e-02
-3.638620302081108093e-02
-3.652633354067802429e-02
-3.974295780062675476e-02
-4.363233968615531921e-02
-4.752169176936149597e-02
-5.141101405024528503e-02
-5.519121512770652771e-02
-5.781265720725059509e-02
-6.087912246584892273e-02
-6.717202067375183105e-02
-7.351940870285034180e-02
-8.285504579544067383e-02
-9.741391241550445557e-02
-1.122625917196273804e-01
-1.241859197616577148e-01
-1.326270997524261475e-01
-1.374160051345825195e-01
-1.401998698711395264e-01
-1.410151273012161255e-01
-1.351711601018905640e-01
-1.248757094144821167e-01
-1.093219667673110962e-01
-9.603652358055114746e-02
-8.557276427745819092e-02
-7.471024990081787109e-02
-6.422337889671325684e-02
-5.318541452288627625e-02
-4.249086603522300720e-02
-3.177864477038383484e-02
-3.035445138812065125e-02
-3.179296478629112244e-02
-3.323158249258995056e-02
-3.466988727450370789e-02
-3.610837087035179138e-02
-3.997169062495231628e-02
-4.600502178072929382e-02
-5.290889367461204529e-02
-6.268844008445739746e-02
-7.114495337009429932e-02
-8.119161427021026611e-02
-8.733709156513214111e-02
-9.182493388652801514e-02
-9.494580328464508057e-02
-9.813980758190155029e-02
-1.010759472846984863e-01
-9.950827062129974365e-02
-9.236879646778106689e-02
-8.405385911464691162e-02
-7.643033564090728760e-02
-7.040901482105255127e-02
-6.686668097972869873e-02
-6.369788944721221924e-02
-6.136257573962211609e-02
-5.885801836848258972e-02
-5.813382193446159363e-02
-5.740959569811820984e-02
-6.474922597408294678e-02
-7.432036101818084717e-02
-8.429621160030364990e-02
-9.143699705600738525e-02
-9.624935686588287354e-02
-9.386400878429412842e-02
-9.135739505290985107e-02
-8.793507516384124756e-02
-8.415468037128448486e-02
-7.825280725955963135e-02
-7.401971518993377686e-02
-6.827957928180694580e-02
-6.320317089557647705e-02
-5.769340321421623230e-02
-5.567942187190055847e-02
-5.676363036036491394e-02
-6.301946938037872314e-02
-7.003100216388702393e-02
-8.166138827800750732e-02
-1.006743758916854858e-01
-1.106139570474624634e-01
-1.206953078508377075e-01
-1.269906312227249146e-01
-1.276162117719650269e-01
-1.285861581563949585e-01
-1.295558959245681763e-01
-1.297826319932937622e-01
-1.274830549955368042e-01
-1.214986890554428101e-01
-1.141986697912216187e-01
-1.625957041978836060e-01
-1.602991074323654175e-01
-1.621172577142715454e-01
-1.644638627767562866e-01
-1.657708138227462769e-01
-1.683123260736465454e-01
-1.709237843751907349e-01
-1.734883338212966919e-01
-1.756058782339096069e-01
-1.772773116827011108e-01
-1.775534301996231079e-01
-1.767279654741287231e-01
-1.790895909070968628e-01
-1.775519102811813354e-01
-1.716357916593551636e-01
-1.657197326421737671e-01
-1.598034054040908813e-01
-1.524096876382827759e-01
-1.431233733892440796e-01
-1.340869218111038208e-01
-1.260556131601333618e-01
-1.167619377374649048e-01
-1.066515296697616577e-01
-1.012361496686935425e-01
-9.582050144672393799e-02
-9.168498218059539795e-02
-8.908741176128387451e-02
-8.917184174060821533e-02
-9.136311709880828857e-02
-9.519504010677337646e-02
-1.075845509767532349e-01
-1.189776808023452759e-01
-1.260213702917098999e-01
-1.268255859613418579e-01
-1.211489588022232056e-01
-1.153114289045333862e-01
-1.045298427343368530e-01
-9.471832215785980225e-02
-8.151741325855255127e-02
-6.810061633586883545e-02
-5.612609907984733582e-02
-4.785011336207389832e-02
-3.947211429476737976e-02
-3.326440975069999695e-02
-3.224922344088554382e-02
-3.470389172434806824e-02
-3.859321400523185730e-02
-4.248255118727684021e-02
-4.637209698557853699e-02
-4.997795447707176208e-02
-5.374671146273612976e-02
-5.977454409003257751e-02
-6.563004851341247559e-02
-7.131166756153106689e-02
-7.853856682777404785e-02
-9.182134270668029785e-02
-1.048972457647323608e-01
-1.205207258462905884e-01
-1.303135752677917480e-01
-1.380772143602371216e-01
-1.412356644868850708e-01
-1.434293538331985474e-01
-1.360432654619216919e-01
-1.247020363807678223e-01
-1.100475341081619263e-01
-9.598726034164428711e-02
-8.624394237995147705e-02
-7.614527642726898193e-02
-6.604982912540435791e-02
-5.531006678938865662e-02
-4.429183527827262878e-02
-3.353185579180717468e-02
-2.696647867560386658e-02
-2.840488776564598083e-02
-2.984343096613883972e-02
-3.128176555037498474e-02
-3.453082963824272156e-02
-4.254425689578056335e-02
-5.048632249236106873e-02
-5.691532418131828308e-02
-6.401650607585906982e-02
-7.045550644397735596e-02
-7.840885221958160400e-02
-8.335556089878082275e-02
-8.647654950618743896e-02
-8.959120512008666992e-02
-9.066662192344665527e-02
-9.164109826087951660e-02
-9.215201437473297119e-02
-8.495448529720306396e-02
-7.661502063274383545e-02
-7.142747938632965088e-02
-6.776036322116851807e-02
-6.432937085628509521e-02
-6.114221736788749695e-02
-5.824829265475273132e-02
-5.608377978205680847e-02
-5.535973235964775085e-02
-5.532540008425712585e-02
-6.028721854090690613e-02
-7.026310265064239502e-02
-8.061037957668304443e-02
-8.831475675106048584e-02
-9.215600788593292236e-02
-9.035064280033111572e-02
-8.963577449321746826e-02
-8.702112734317779541e-02
-8.346004784107208252e-02
-7.948137819766998291e-02
-7.473351061344146729e-02
-6.978686153888702393e-02
-6.454409658908843994e-02
-5.903423950076103210e-02
-5.884743854403495789e-02
-6.169034168124198914e-02
-6.955875456333160400e-02
-7.758207619190216064e-02
-9.582696855068206787e-02
-1.163154095411300659e-01
-1.264992207288742065e-01
-1.351546198129653931e-01
-1.353840380907058716e-01
-1.357938796281814575e-01
-1.365664154291152954e-01
-1.360807865858078003e-01
-1.312446445226669312e-01
-1.252606958150863647e-01
-1.186633855104446411e-01
-1.119941323995590210e-01
-1.711401790380477905e-01
-1.720418781042098999e-01
-1.728272289037704468e-01
-1.731066256761550903e-01
-1.740831881761550903e-01
-1.755497306585311890e-01
-1.775957494974136353e-01
-1.797171682119369507e-01
-1.804601401090621948e-01
-1.812030822038650513e-01
-1.812784224748611450e-01
-1.804531961679458618e-01
-1.820517331361770630e-01
-1.831261664628982544e-01
-1.779367476701736450e-01
-1.720201522111892700e-01
-1.661038547754287720e-01
-1.597560793161392212e-01
-1.517250984907150269e-01
-1.436936408281326294e-01
-1.356623321771621704e-01
-1.267793327569961548e-01
-1.168396621942520142e-01
-1.101562231779098511e-01
-1.041000932455062866e-01
-9.861187636852264404e-02
-9.325443208217620850e-02
-9.107016026973724365e-02
-9.294144809246063232e-02
-9.566555917263031006e-02
-1.047716289758682251e-01
-1.119740754365921021e-01
-1.187246888875961304e-01
-1.234840303659439087e-01
-1.153205484151840210e-01
-1.071158796548843384e-01
-9.956425428390502930e-02
-9.004706144332885742e-02
-7.808375358581542969e-02
-6.740078330039978027e-02
-5.794863030314445496e-02
-4.878021404147148132e-02
-4.029082879424095154e-02
-3.227616474032402039e-02
-2.921509370207786560e-02
-3.026657924056053162e-02
-3.355414792895317078e-02
-3.744347020983695984e-02
-4.140659794211387634e-02
-4.687867686152458191e-02
-5.285583063960075378e-02
-5.888396129012107849e-02
-6.467716395854949951e-02
-7.035896182060241699e-02
-7.638478279113769531e-02
-8.866390585899353027e-02
-1.008193492889404297e-01
-1.165386289358139038e-01
-1.309384405612945557e-01
-1.392619162797927856e-01
-1.437577456235885620e-01
-1.450833380222320557e-01
-1.365934759378433228e-01
-1.244486123323440552e-01
-1.109748780727386475e-01
-9.700837731361389160e-02
-8.729289472103118896e-02
-7.778675854206085205e-02
-6.769157946109771729e-02
-5.743439123034477234e-02
-4.639654979109764099e-02
-3.548594936728477478e-02
-2.519158646464347839e-02
-2.501669153571128845e-02
-2.805454656481742859e-02
-3.266433998942375183e-02
-4.029382392764091492e-02
-4.601676389575004578e-02
-5.117655918002128601e-02
-5.834625288844108582e-02
-6.565061211585998535e-02
-7.139289379119873047e-02
-7.460419833660125732e-02
-7.800713181495666504e-02
-7.930091023445129395e-02
-8.036816120147705078e-02
-8.143551647663116455e-02
-8.192558586597442627e-02
-8.200307190418243408e-02
-7.745350897312164307e-02
-6.974427402019500732e-02
-6.528626382350921631e-02
-6.184018775820732117e-02
-5.974663421511650085e-02
-5.802769586443901062e-02
-5.513356253504753113e-02
-5.330930277705192566e-02
-5.326424166560173035e-02
-5.433521792292594910e-02
-5.622984096407890320e-02
-6.623066961765289307e-02
-7.777439057826995850e-02
-8.644179999828338623e-02
-9.155900776386260986e-02
-9.159497916698455811e-02
-9.006099402904510498e-02
-8.739076554775238037e-02
-8.398930728435516357e-02
-8.105175197124481201e-02
-7.634083926677703857e-02
-7.201303541660308838e-02
-6.736044585704803467e-02
-6.341771781444549561e-02
-6.521464884281158447e-02
-6.969155371189117432e-02
-7.763399183750152588e-02
-9.010680019855499268e-02
-1.105953007936477661e-01
-1.314777284860610962e-01
-1.434084922075271606e-01
-1.452025920152664185e-01
-1.460622400045394897e-01
-1.452955752611160278e-01
-1.408440321683883667e-01
-1.356214433908462524e-01
-1.296374946832656860e-01
-1.235216408967971802e-01
-1.168524473905563354e-01
-1.101828068494796753e-01
-1.764573007822036743e-01
-1.763793081045150757e-01
-1.774976402521133423e-01
-1.788234263658523560e-01
-1.796925812959671021e-01
-1.799467951059341431e-01
-1.802119165658950806e-01
-1.812278777360916138e-01
-1.828493922948837280e-01
-1.844706386327743530e-01
-1.850035041570663452e-01
-1.841781586408615112e-01
-1.852582544088363647e-01
-1.883403807878494263e-01
-1.857790499925613403e-01
-1.806504875421524048e-01
-1.759174615144729614e-01
-1.693628579378128052e-01
-1.613318175077438354e-01
-1.531981974840164185e-01
-1.449194699525833130e-01
-1.365553289651870728e-01
-1.268084198236465454e-01
-1.189465373754501343e-01
-1.125013083219528198e-01
-1.061566919088363647e-01
-1.002512425184249878e-01
-9.483043849468231201e-02
-9.359242022037506104e-02
-9.119533002376556396e-02
-9.766639769077301025e-02
-1.048076599836349487e-01
-1.108313649892807007e-01
-1.114409118890762329e-01
-1.086264699697494507e-01
-1.010750383138656616e-01
-9.352351725101470947e-02
-8.598521351814270020e-02
-7.825380563735961914e-02
-6.912942230701446533e-02
-5.875910446047782898e-02
-4.959544166922569275e-02
-4.112286493182182312e-02
-3.363677486777305603e-02
-2.846337482333183289e-02
-2.598943933844566345e-02
-2.851502224802970886e-02
-3.258330747485160828e-02
-3.969108685851097107e-02
-4.593725129961967468e-02
-5.196521803736686707e-02
-5.799311026930809021e-02
-6.372427940368652344e-02
-6.940598785877227783e-02
-7.474535703659057617e-02
-8.550681173801422119e-02
-9.766188263893127441e-02
-1.124248653650283813e-01
-1.281803399324417114e-01
-1.406151056289672852e-01
-1.460172832012176514e-01
-1.452982574701309204e-01
-1.395242512226104736e-01
-1.274278014898300171e-01
-1.146020144224166870e-01
-1.022701412439346313e-01
-9.105955064296722412e-02
-8.142842352390289307e-02
-7.045796513557434082e-02
-5.982209369540214539e-02
-4.888499900698661804e-02
-3.887840732932090759e-02
-3.074173256754875183e-02
-2.692223712801933289e-02
-3.057127818465232849e-02
-3.613170608878135681e-02
-4.115616902709007263e-02
-4.550021514296531677e-02
-5.267627164721488953e-02
-5.998052284121513367e-02
-6.706248223781585693e-02
-7.018049061298370361e-02
-6.868267059326171875e-02
-6.911396980285644531e-02
-7.018125057220458984e-02
-7.124848663806915283e-02
-7.127498090267181396e-02
-7.140491902828216553e-02
-7.161024212837219238e-02
-6.965759396553039551e-02
-6.346464157104492188e-02
-5.914523825049400330e-02
-5.492998287081718445e-02
-5.311669036746025085e-02
-5.235564336180686951e-02
-5.159453675150871277e-02
-5.147666856646537781e-02
-5.309599265456199646e-02
-5.471546575427055359e-02
-5.633468553423881531e-02
-6.503282487392425537e-02
-7.734155654907226562e-02
-8.850429952144622803e-02
-9.270639717578887939e-02
-9.270583093166351318e-02
-9.048627316951751709e-02
-8.762119710445404053e-02
-8.690322935581207275e-02
-8.486063778400421143e-02
-8.101545274257659912e-02
-7.653637230396270752e-02
-7.188402116298675537e-02
-6.985829770565032959e-02
-7.236920297145843506e-02
-7.921515405178070068e-02
-8.881677687168121338e-02
-1.075539141893386841e-01
-1.286727339029312134e-01
-1.497915238142013550e-01
-1.562815457582473755e-01
-1.557574719190597534e-01
-1.510075181722640991e-01
-1.451253145933151245e-01
-1.397314220666885376e-01
-1.340149492025375366e-01
-1.280304342508316040e-01
-1.217105835676193237e-01
-1.150414198637008667e-01
-1.083718985319137573e-01
-1.804244071245193481e-01
-1.804301887750625610e-01
-1.809753626585006714e-01
-1.812247484922409058e-01
-1.811756938695907593e-01
-1.813395470380783081e-01
-1.817715913057327271e-01
-1.812798827886581421e-01
-1.814943403005599976e-01
-1.833214014768600464e-01
-1.841817647218704224e-01
-1.852359324693679810e-01
-1.879852861166000366e-01
-1.936567276716232300e-01
-1.955107897520065308e-01
-1.908637136220932007e-01
-1.854871958494186401e-01
-1.780132502317428589e-01
-1.697345227003097534e-01
-1.614560931921005249e-01
-1.531773060560226440e-01
-1.459544152021408081e-01
-1.362725347280502319e-01
-1.275384873151779175e-01
-1.211939305067062378e-01
-1.148490756750106812e-01
-1.085041612386703491e-01
-9.933100640773773193e-02
-9.158428013324737549e-02
-8.651836216449737549e-02
-9.040082991123199463e-02
-9.536735713481903076e-02
-9.770055115222930908e-02
-1.006449013948440552e-01
-1.025858670473098755e-01
-9.503427147865295410e-02
-8.968341350555419922e-02
-8.584691584110260010e-02
-7.857920229434967041e-02
-6.975921988487243652e-02
-5.957209691405296326e-02
-5.041163787245750427e-02
-4.197089001536369324e-02
-3.503904864192008972e-02
-2.906337007880210876e-02
-2.524052187800407410e-02
-2.530397102236747742e-02
-3.172225877642631531e-02
-3.891481086611747742e-02
-4.504647478461265564e-02
-5.107441172003746033e-02
-5.708986148238182068e-02
-6.277148425579071045e-02
-6.845314800739288330e-02
-7.297937572002410889e-02
-8.234934508800506592e-02
-9.450462460517883301e-02
-1.083110421895980835e-01
-1.240662634372711182e-01
-1.391033828258514404e-01
-1.439759880304336548e-01
-1.443445086479187012e-01
-1.401284039020538330e-01
-1.306232213973999023e-01
-1.194202750921249390e-01
-1.086522936820983887e-01
-9.610901772975921631e-02
-8.686031401157379150e-02
-7.769823074340820312e-02
-6.841555237770080566e-02
-5.954438075423240662e-02
-4.986945912241935730e-02
-4.074723646044731140e-02
-3.028729185461997986e-02
-3.252346441149711609e-02
-3.701838478446006775e-02
-4.069894179701805115e-02
-4.728892073035240173e-02
-5.446531996130943298e-02
-6.179982051253318787e-02
-6.776952743530273438e-02
-6.482723355293273926e-02
-6.104583665728569031e-02
-5.999417230486869812e-02
-6.070351228117942810e-02
-6.062447652220726013e-02
-6.080680713057518005e-02
-6.101196631789207458e-02
-6.121708080172538757e-02
-6.114887818694114685e-02
-5.732357129454612732e-02
-5.205486342310905457e-02
-4.776569828391075134e-02
-4.742595180869102478e-02
-4.721325263381004333e-02
-4.793913289904594421e-02
-5.127168819308280945e-02
-5.454754456877708435e-02
-5.616683885455131531e-02
-5.798585340380668640e-02
-6.573465466499328613e-02
-7.970429956912994385e-02
-9.081195294857025146e-02
-9.545530378818511963e-02
-9.497298300266265869e-02
-9.344126284122467041e-02
-9.235440194606781006e-02
-9.334664046764373779e-02
-9.091670811176300049e-02
-8.749829232692718506e-02
-8.350227773189544678e-02
-7.948000729084014893e-02
-7.968701422214508057e-02
-8.241723477840423584e-02
-9.139849245548248291e-02
-1.053816527128219604e-01
-1.258676797151565552e-01
-1.469866186380386353e-01
-1.623532027006149292e-01
-1.618470698595046997e-01
-1.559929102659225464e-01
-1.501107066869735718e-01
-1.442287415266036987e-01
-1.383918374776840210e-01
-1.324078291654586792e-01
-1.264237910509109497e-01
-1.202189773321151733e-01
-1.140469759702682495e-01
-1.068775504827499390e-01
-1.846962124109268188e-01
-1.845644861459732056e-01
-1.837946921586990356e-01
-1.830251067876815796e-01
-1.823457926511764526e-01
-1.821169406175613403e-01
-1.818060427904129028e-01
-1.818022280931472778e-01
-1.823127716779708862e-01
-1.829986423254013062e-01
-1.842753440141677856e-01
-1.855873614549636841e-01
-1.877679377794265747e-01
-1.934429556131362915e-01
-1.985422521829605103e-01
-1.952219456434249878e-01
-1.909748762845993042e-01
-1.844174712896347046e-01
-1.766961663961410522e-01
-1.689078062772750854e-01
-1.614349931478500366e-01
-1.551042944192886353e-01
-1.457419842481613159e-01
-1.362311393022537231e-01
-1.298866122961044312e-01
-1.230571120977401733e-01
-1.120105832815170288e-01
-1.005691438913345337e-01
-9.096474945545196533e-02
-8.450259268283843994e-02
-8.235926926136016846e-02
-8.455564081668853760e-02
-8.684819936752319336e-02
-8.979257941246032715e-02
-9.281311929225921631e-02
-9.277939796447753906e-02
-8.894862234592437744e-02
-8.458714187145233154e-02
-7.812163233757019043e-02
-6.939212977886199951e-02
-6.063094362616539001e-02
-5.135555192828178406e-02
-4.285762831568717957e-02
-3.644187375903129578e-02
-3.006508573889732361e-02
-2.784998342394828796e-02
-2.805263921618461609e-02
-3.129835054278373718e-02
-3.813829645514488220e-02
-4.415563866496086121e-02
-5.018359050154685974e-02
-5.613696202635765076e-02
-6.181870028376579285e-02
-6.732186675071716309e-02
-7.126574218273162842e-02
-7.919199764728546143e-02
-9.134741127490997314e-02
-1.041971743106842041e-01
-1.198839694261550903e-01
-1.316876113414764404e-01
-1.408483535051345825e-01
-1.423030495643615723e-01
-1.400739550590515137e-01
-1.330060511827468872e-01
-1.240860968828201294e-01
-1.154847741127014160e-01
-1.054875850677490234e-01
-9.617294371128082275e-02
-8.928236365318298340e-02
-8.034855127334594727e-02
-7.101845741271972656e-02
-5.964569374918937683e-02
-4.720456525683403015e-02
-3.967745229601860046e-02
-3.668181225657463074e-02
-4.000056907534599304e-02
-4.560036584734916687e-02
-5.233165249228477478e-02
-5.906313285231590271e-02
-6.375555694103240967e-02
-6.238369271159172058e-02
-5.820890888571739197e-02
-5.466396734118461609e-02
-5.047419294714927673e-02
-5.020446702837944031e-02
-5.020844563841819763e-02
-5.041354522109031677e-02
-5.061885342001914978e-02
-5.117255076766014099e-02
-5.228466913104057312e-02
-5.152131244540214539e-02
-4.606550559401512146e-02
-4.346003755927085876e-02
-4.339146241545677185e-02
-4.410293325781822205e-02
-4.568546637892723083e-02
-4.935825988650321960e-02
-5.311052128672599792e-02
-5.747107788920402527e-02
-6.366731226444244385e-02
-6.969372928142547607e-02
-8.447799086570739746e-02
-9.705802798271179199e-02
-1.015184670686721802e-01
-1.006399840116500854e-01
-1.002346724271774292e-01
-1.017247587442398071e-01
-1.018205136060714722e-01
-9.933657944202423096e-02
-9.552864730358123779e-02
-9.157113730907440186e-02
-8.754874765872955322e-02
-8.976520597934722900e-02
-9.447680413722991943e-02
-1.068189293146133423e-01
-1.230626255273818970e-01
-1.419784575700759888e-01
-1.570275574922561646e-01
-1.623776406049728394e-01
-1.609783917665481567e-01
-1.550962179899215698e-01
-1.493434756994247437e-01
-1.438770741224288940e-01
-1.378347128629684448e-01
-1.323558837175369263e-01
-1.268175691366195679e-01
-1.206536740064620972e-01
-1.129034012556076050e-01
-1.040825098752975464e-01
-1.833193749189376831e-01
-1.849312037229537964e-01
-1.858087629079818726e-01
-1.854917258024215698e-01
-1.845171600580215454e-01
-1.836994737386703491e-01
-1.834302395582199097e-01
-1.833923012018203735e-01
-1.838650554418563843e-01
-1.850109249353408813e-01
-1.854286044836044312e-01
-1.857485622167587280e-01
-1.870727986097335815e-01
-1.927476972341537476e-01
-1.987701505422592163e-01
-1.984808295965194702e-01
-1.942337304353713989e-01
-1.874686032533645630e-01
-1.798509806394577026e-01
-1.722335666418075562e-01
-1.651884764432907104e-01
-1.598985344171524048e-01
-1.522349268198013306e-01
-1.438297778367996216e-01
-1.352482289075851440e-01
-1.246854513883590698e-01
-1.132489293813705444e-01
-1.016852706670761108e-01
-9.038282930850982666e-02
-7.892830669879913330e-02
-7.735197246074676514e-02
-7.823517918586730957e-02
-7.859803736209869385e-02
-8.080317080020904541e-02
-8.726695179939270020e-02
-9.194305539131164551e-02
-8.749739825725555420e-02
-8.269941806793212891e-02
-7.642526924610137939e-02
-6.902533769607543945e-02
-6.087679788470268250e-02
-5.242161080241203308e-02
-4.422133788466453552e-02
-3.832444176077842712e-02
-3.500097617506980896e-02
-3.243685886263847351e-02
-3.185116872191429138e-02
-3.391719982028007507e-02
-3.814714774489402771e-02
-4.326492175459861755e-02
-4.929303750395774841e-02
-5.518428608775138855e-02
-6.086589023470878601e-02
-6.560806930065155029e-02
-6.955178081989288330e-02
-7.603476941585540771e-02
-8.819007873535156250e-02
-1.003453284502029419e-01
-1.133240014314651489e-01
-1.234710663557052612e-01
-1.336121261119842529e-01
-1.400362700223922729e-01
-1.391232162714004517e-01
-1.373555511236190796e-01
-1.323788017034530640e-01
-1.256463378667831421e-01
-1.172786802053451538e-01
-1.071317493915557861e-01
-9.958419203758239746e-02
-9.064495563507080078e-02
-7.755213975906372070e-02
-6.496328115463256836e-02
-5.601484701037406921e-02
-4.909318313002586365e-02
-4.293635115027427673e-02
-4.494960233569145203e-02
-5.167103931307792664e-02
-5.744789168238639832e-02
-6.102999672293663025e-02
-6.319136917591094971e-02
-5.914978310465812683e-02
-5.502047762274742126e-02
-4.988370463252067566e-02
-4.482879862189292908e-02
-4.290507361292839050e-02
-4.299285635352134705e-02
-4.308066889643669128e-02
-4.332725331187248230e-02
-4.386050626635551453e-02
-4.488828405737876892e-02
-4.574624821543693542e-02
-4.087015613913536072e-02
-3.968955203890800476e-02
-4.026706144213676453e-02
-4.184937104582786560e-02
-4.426471516489982605e-02
-4.958091303706169128e-02
-5.648669227957725525e-02
-6.434756517410278320e-02
-7.303325831890106201e-02
-8.132752776145935059e-02
-9.303744137287139893e-02
-1.072062402963638306e-01
-1.085274964570999146e-01
-1.079253107309341431e-01
-1.097364574670791626e-01
-1.111342757940292358e-01
-1.102762669324874878e-01
-1.074477583169937134e-01
-1.035590916872024536e-01
-9.964014589786529541e-02
-9.725849330425262451e-02
-1.003145724534988403e-01
-1.082565933465957642e-01
-1.205732673406600952e-01
-1.346798688173294067e-01
-1.507048457860946655e-01
-1.560395807027816772e-01
-1.611881703138351440e-01
-1.613646596670150757e-01
-1.559877544641494751e-01
-1.506108492612838745e-01
-1.448605805635452271e-01
-1.386417597532272339e-01
-1.330025047063827515e-01
-1.272602826356887817e-01
-1.189288049936294556e-01
-1.101083606481552124e-01
-1.012876480817794800e-01
-1.781416684389114380e-01
-1.819513291120529175e-01
-1.833155900239944458e-01
-1.856407970190048218e-01
-1.873008757829666138e-01
-1.882418543100357056e-01
-1.880193501710891724e-01
-1.875249594449996948e-01
-1.870305389165878296e-01
-1.866652816534042358e-01
-1.863142102956771851e-01
-1.863584369421005249e-01
-1.873193830251693726e-01
-1.924441605806350708e-01
-1.979868859052658081e-01
-2.017395943403244019e-01
-1.974926441907882690e-01
-1.905191689729690552e-01
-1.829018145799636841e-01
-1.752839535474777222e-01
-1.690351814031600952e-01
-1.637001484632492065e-01
-1.556839793920516968e-01
-1.425803750753402710e-01
-1.304300874471664429e-01
-1.201173812150955200e-01
-1.096014231443405151e-01
-9.526877105236053467e-02
-8.416594564914703369e-02
-7.484801113605499268e-02
-7.298602163791656494e-02
-7.327251136302947998e-02
-7.599943876266479492e-02
-7.947100698947906494e-02
-8.354541659355163574e-02
-8.754453063011169434e-02
-8.550772070884704590e-02
-8.074457943439483643e-02
-7.468889653682708740e-02
-6.829690933227539062e-02
-6.076208874583244324e-02
-5.323385819792747498e-02
-4.722196981310844421e-02
-4.389841482043266296e-02
-4.057468101382255554e-02
-3.725106641650199890e-02
-3.624833747744560242e-02
-3.683782741427421570e-02
-4.006699845194816589e-02
-4.359247907996177673e-02
-4.840236529707908630e-02
-5.423137173056602478e-02
-5.991297587752342224e-02
-6.389428675174713135e-02
-6.783790886402130127e-02
-7.292716205120086670e-02
-8.503282070159912109e-02
-9.551350772380828857e-02
-1.051881611347198486e-01
-1.153930276632308960e-01
-1.274232119321823120e-01
-1.384836882352828979e-01
-1.441217958927154541e-01
-1.435369849205017090e-01
-1.420824676752090454e-01
-1.358395069837570190e-01
-1.282471567392349243e-01
-1.175892502069473267e-01
-1.051393598318099976e-01
-9.476369619369506836e-02
-8.314624428749084473e-02
-7.318559288978576660e-02
-6.526333093643188477e-02
-5.818593129515647888e-02
-5.173438414931297302e-02
-5.179796740412712097e-02
-5.472226068377494812e-02
-5.830447003245353699e-02
-6.157481297850608826e-02
-6.025383993983268738e-02
-5.620930716395378113e-02
-5.162080749869346619e-02
-4.716650769114494324e-02
-4.286224767565727234e-02
-3.893413767218589783e-02
-3.902198001742362976e-02
-3.910977765917778015e-02
-3.919772431254386902e-02
-3.851705417037010193e-02
-3.924762830138206482e-02
-4.180502519011497498e-02
-4.057052358984947205e-02
-4.101819917559623718e-02
-4.347802326083183289e-02
-4.632787033915519714e-02
-5.031868442893028259e-02
-5.767485126852989197e-02
-6.503106653690338135e-02
-7.331992685794830322e-02
-8.183410763740539551e-02
-8.987574279308319092e-02
-1.008543670177459717e-01
-1.160147190093994141e-01
-1.159718632698059082e-01
-1.171440929174423218e-01
-1.192376762628555298e-01
-1.195899695158004761e-01
-1.187199801206588745e-01
-1.154782027006149292e-01
-1.115894764661788940e-01
-1.079288870096206665e-01
-1.074737459421157837e-01
-1.076580733060836792e-01
-1.180229932069778442e-01
-1.293491274118423462e-01
-1.433224529027938843e-01
-1.512350589036941528e-01
-1.562657207250595093e-01
-1.614744514226913452e-01
-1.627217978239059448e-01
-1.573449522256851196e-01
-1.519421786069869995e-01
-1.457230895757675171e-01
-1.395043879747390747e-01
-1.334562450647354126e-01
-1.249542981386184692e-01
-1.161337941884994507e-01
-1.063082665205001831e-01
-9.639130532741546631e-02
-1.674718409776687622e-01
-1.745595782995223999e-01
-1.811842769384384155e-01
-1.860757321119308472e-01
-1.887104958295822144e-01
-1.901318281888961792e-01
-1.911070495843887329e-01
-1.916373223066329956e-01
-1.916201263666152954e-01
-1.908580213785171509e-01
-1.887953728437423706e-01
-1.874387115240097046e-01
-1.872358769178390503e-01
-1.913708895444869995e-01
-1.980132311582565308e-01
-2.040355056524276733e-01
-2.008142322301864624e-01
-1.935698837041854858e-01
-1.859524101018905640e-01
-1.783383935689926147e-01
-1.729400008916854858e-01
-1.656393259763717651e-01
-1.532801240682601929e-01
-1.393105238676071167e-01
-1.256776899099349976e-01
-1.142089813947677612e-01
-9.961406886577606201e-02
-8.709706366062164307e-02
-7.618145644664764404e-02
-6.686373054981231689e-02
-6.365424394607543945e-02
-6.816013157367706299e-02
-7.247300446033477783e-02
-7.675099372863769531e-02
-8.010773360729217529e-02
-8.389689028263092041e-02
-8.439776301383972168e-02
-7.875515520572662354e-02
-7.285410165786743164e-02
-6.653304398059844971e-02
-6.064872071146965027e-02
-5.586987361311912537e-02
-5.287985131144523621e-02
-4.947231337428092957e-02
-4.614881798624992371e-02
-4.282517358660697937e-02
-4.074276611208915710e-02
-4.059114679694175720e-02
-4.250017926096916199e-02
-4.563657566905021667e-02
-4.916245862841606140e-02
-5.327839776873588562e-02
-5.823652073740959167e-02
-6.218039616942405701e-02
-6.617322564125061035e-02
-7.068586349487304688e-02
-8.119694888591766357e-02
-9.019607305526733398e-02
-1.006438881158828735e-01
-1.128136664628982544e-01
-1.251049190759658813e-01
-1.372866183519363403e-01
-1.471430510282516479e-01
-1.497303098440170288e-01
-1.497259885072708130e-01
-1.443113833665847778e-01
-1.339814960956573486e-01
-1.221937090158462524e-01
-1.092684119939804077e-01
-9.849058091640472412e-02
-9.058764576911926270e-02
-8.224615454673767090e-02
-7.416450977325439453e-02
-6.768257915973663330e-02
-6.097350642085075378e-02
-5.637059733271598816e-02
-5.625085160136222839e-02
-6.042664870619773865e-02
-6.241383776068687439e-02
-5.858677253127098083e-02
-5.399816855788230896e-02
-4.959614202380180359e-02
-4.529195651412010193e-02
-4.098777100443840027e-02
-3.691923245787620544e-02
-3.591693565249443054e-02
-3.663512691855430603e-02
-3.664806112647056580e-02
-3.650565072894096375e-02
-3.992595896124839783e-02
-4.478944465517997742e-02
-4.773790761828422546e-02
-4.949971660971641541e-02
-5.195471271872520447e-02
-5.598342046141624451e-02
-6.166512891650199890e-02
-6.857587397098541260e-02
-7.595810294151306152e-02
-8.395719528198242188e-02
-9.151422977447509766e-02
-9.933595359325408936e-02
-1.090034097433090210e-01
-1.222586780786514282e-01
-1.247639209032058716e-01
-1.268227249383926392e-01
-1.286530345678329468e-01
-1.280459016561508179e-01
-1.267862170934677124e-01
-1.237635165452957153e-01
-1.200647205114364624e-01
-1.138145476579666138e-01
-1.120496839284896851e-01
-1.167158037424087524e-01
-1.269100457429885864e-01
-1.361723989248275757e-01
-1.464446038007736206e-01
-1.514756232500076294e-01
-1.565058976411819458e-01
-1.617605239152908325e-01
-1.640790551900863647e-01
-1.587020307779312134e-01
-1.528048366308212280e-01
-1.465858668088912964e-01
-1.396936625242233276e-01
-1.305543035268783569e-01
-1.206509917974472046e-01
-1.107341498136520386e-01
-1.008173972368240356e-01
-9.083770215511322021e-02
-1.579649597406387329e-01
-1.652512699365615845e-01
-1.725380867719650269e-01
-1.797780245542526245e-01
-1.864223033189773560e-01
-1.901281028985977173e-01
-1.923295706510543823e-01
-1.933048516511917114e-01
-1.942495852708816528e-01
-1.945703774690628052e-01
-1.931512802839279175e-01
-1.911271363496780396e-01
-1.893062144517898560e-01
-1.913919001817703247e-01
-1.959723085165023804e-01
-2.027619332075119019e-01
-2.048913091421127319e-01
-1.971192806959152222e-01
-1.891193836927413940e-01
-1.819778531789779663e-01
-1.725209802389144897e-01
-1.621909588575363159e-01
-1.502421945333480835e-01
-1.361057013273239136e-01
-1.186109036207199097e-01
-1.045114547014236450e-01
-9.166263043880462646e-02
-7.927571237087249756e-02
-6.819707155227661133e-02
-6.160446628928184509e-02
-5.884550139307975769e-02
-6.253896653652191162e-02
-6.670357286930084229e-02
-7.001873850822448730e-02
-7.333368062973022461e-02
-7.664853334426879883e-02
-7.996368408203125000e-02
-7.523514330387115479e-02
-6.813046336174011230e-02
-6.351083517074584961e-02
-6.246728822588920593e-02
-5.965776368975639343e-02
-5.752035602927207947e-02
-5.502816662192344666e-02
-5.172270163893699646e-02
-4.839901253581047058e-02
-4.561918601393699646e-02
-4.504821822047233582e-02
-4.530651494860649109e-02
-4.768095538020133972e-02
-5.123041197657585144e-02
-5.449688062071800232e-02
-5.667413398623466492e-02
-6.068183109164237976e-02
-6.581941246986389160e-02
-7.160151004791259766e-02
-7.946120202541351318e-02
-8.894766867160797119e-02
-9.820419549942016602e-02
-1.104405522346496582e-01
-1.233772188425064087e-01
-1.361532807350158691e-01
-1.481027156114578247e-01
-1.541298180818557739e-01
-1.519192904233932495e-01
-1.461200118064880371e-01
-1.377492398023605347e-01
-1.256625503301620483e-01
-1.141208857297897339e-01
-1.038182526826858521e-01
-9.744764864444732666e-02
-9.113605320453643799e-02
-8.348296582698822021e-02
-7.601179182529449463e-02
-6.948044896125793457e-02
-6.375746428966522217e-02
-6.160945817828178406e-02
-6.301124393939971924e-02
-6.066561862826347351e-02
-5.700490996241569519e-02
-5.328572914004325867e-02
-4.961186274886131287e-02
-4.593784734606742859e-02
-4.226398095488548279e-02
-3.920469805598258972e-02
-3.696310147643089294e-02
-3.789026662707328796e-02
-3.754290565848350525e-02
-3.865420445799827576e-02
-4.312136396765708923e-02
-4.918349906802177429e-02
-5.545177683234214783e-02
-5.856850370764732361e-02
-6.330935657024383545e-02
-6.804995238780975342e-02
-7.407219707965850830e-02
-8.099336922168731689e-02
-8.901330828666687012e-02
-9.648080170154571533e-02
-1.038569062948226929e-01
-1.120319664478302002e-01
-1.209979653358459473e-01
-1.295783817768096924e-01
-1.331233680248260498e-01
-1.370867788791656494e-01
-1.395495384931564331e-01
-1.390698105096817017e-01
-1.369554847478866577e-01
-1.304389387369155884e-01
-1.235554665327072144e-01
-1.170898526906967163e-01
-1.187701076269149780e-01
-1.240025311708450317e-01
-1.328929215669631958e-01
-1.416543275117874146e-01
-1.466851681470870972e-01
-1.517159491777420044e-01
-1.567467302083969116e-01
-1.620467752218246460e-01
-1.654360145330429077e-01
-1.598866134881973267e-01
-1.536676734685897827e-01
-1.452786475419998169e-01
-1.353069096803665161e-01
-1.251445263624191284e-01
-1.151597052812576294e-01
-1.052433401346206665e-01
-9.532605111598968506e-02
-8.452443778514862061e-02
-1.484581381082534790e-01
-1.557448059320449829e-01
-1.630091518163681030e-01
-1.702475696802139282e-01
-1.772897392511367798e-01
-1.838437169790267944e-01
-1.892657727003097534e-01
-1.930769830942153931e-01
-1.954269558191299438e-01
-1.958205848932266235e-01
-1.952276080846786499e-01
-1.946345418691635132e-01
-1.932153552770614624e-01
-1.940369158983230591e-01
-1.971843093633651733e-01
-2.016749829053878784e-01
-2.066176980733871460e-01
-1.996260732412338257e-01
-1.912325173616409302e-01
-1.799548715353012085e-01
-1.692424863576889038e-01
-1.586969941854476929e-01
-1.467397660017013550e-01
-1.281184405088424683e-01
-1.116841584444046021e-01
-9.747241437435150146e-02
-8.470122516155242920e-02
-7.253111898899078369e-02
-6.453673541545867920e-02
-5.883364006876945496e-02
-5.455225333571434021e-02
-5.661421641707420349e-02
-5.992948636412620544e-02
-6.324431300163269043e-02
-6.655944883823394775e-02
-6.987471878528594971e-02
-7.318946719169616699e-02
-7.255761325359344482e-02
-6.646473705768585205e-02
-6.211791560053825378e-02
-5.899093672633171082e-02
-5.878835543990135193e-02
-5.760000273585319519e-02
-5.656377598643302917e-02
-5.474054440855979919e-02
-5.260233208537101746e-02
-5.009169504046440125e-02
-4.895443841814994812e-02
-4.857249185442924500e-02
-5.012218281626701355e-02
-5.346582457423210144e-02
-5.698346719145774841e-02
-6.045370921492576599e-02
-6.392395496368408203e-02
-6.970430910587310791e-02
-7.196091115474700928e-02
-7.821288704872131348e-02
-8.771923184394836426e-02
-9.639330208301544189e-02
-1.089346110820770264e-01
-1.219640076160430908e-01
-1.338667124509811401e-01
-1.448749601840972900e-01
-1.498691439628601074e-01
-1.515119969844818115e-01
-1.472660750150680542e-01
-1.399919539690017700e-01
-1.303873807191848755e-01
-1.194761246442794800e-01
-1.123751699924468994e-01
-1.063351482152938843e-01
-9.892319142818450928e-02
-9.027139842510223389e-02
-8.497987687587738037e-02
-7.908298075199127197e-02
-7.328434288501739502e-02
-7.037180662155151367e-02
-6.507605314254760742e-02
-6.230438873171806335e-02
-5.863052234053611755e-02
-5.532560870051383972e-02
-5.250887200236320496e-02
-4.969200119376182556e-02
-4.687513038516044617e-02
-4.405833408236503601e-02
-4.064172133803367615e-02
-3.878499194979667664e-02
-3.913062438368797302e-02
-4.182542487978935242e-02
-4.670035466551780701e-02
-5.419128760695457458e-02
-6.381274759769439697e-02
-7.063178718090057373e-02
-7.537616789340972900e-02
-8.011698722839355469e-02
-8.647933602333068848e-02
-9.404857456684112549e-02
-1.016282737255096436e-01
-1.090043038129806519e-01
-1.166092455387115479e-01
-1.275809854269027710e-01
-1.349323242902755737e-01
-1.414654701948165894e-01
-1.455317288637161255e-01
-1.494657844305038452e-01
-1.502364128828048706e-01
-1.471166163682937622e-01
-1.423628479242324829e-01
-1.355731636285781860e-01
-1.282443553209304810e-01
-1.222519725561141968e-01
-1.247775405645370483e-01
-1.313206106424331665e-01
-1.399906724691390991e-01
-1.427897959947586060e-01
-1.476000398397445679e-01
-1.524109393358230591e-01
-1.572212725877761841e-01
-1.623471826314926147e-01
-1.664709895849227905e-01
-1.593307703733444214e-01
-1.501795798540115356e-01
-1.402080208063125610e-01
-1.302364319562911987e-01
-1.198698729276657104e-01
-1.096688956022262573e-01
-9.975205361843109131e-02
-8.969239890575408936e-02
-7.921503484249114990e-02
-1.395104080438613892e-01
-1.462723463773727417e-01
-1.534787267446517944e-01
-1.607175022363662720e-01
-1.674831658601760864e-01
-1.740367561578750610e-01
-1.805910617113113403e-01
-1.871450394392013550e-01
-1.919087022542953491e-01
-1.947038024663925171e-01
-1.957282274961471558e-01
-1.956623047590255737e-01
-1.950695365667343140e-01
-1.965979784727096558e-01
-1.997648924589157104e-01
-2.036513537168502808e-01
-2.077222615480422974e-01
-1.978759020566940308e-01
-1.857105344533920288e-01
-1.760175377130508423e-01
-1.663110107183456421e-01
-1.528246849775314331e-01
-1.381355971097946167e-01
-1.216143220663070679e-01
-1.056534200906753540e-01
-9.051086008548736572e-02
-7.993178069591522217e-02
-7.087583839893341064e-02
-6.277656555175781250e-02
-5.626195296645164490e-02
-4.980069026350975037e-02
-5.062016472220420837e-02
-5.315519496798515320e-02
-5.647028610110282898e-02
-5.978537723422050476e-02
-6.310045719146728516e-02
-6.641547381877899170e-02
-7.288509607315063477e-02
-6.872296333312988281e-02
-6.378285586833953857e-02
-5.943838879466056824e-02
-5.725974962115287781e-02
-5.607515200972557068e-02
-5.492329224944114685e-02
-5.434782430529594421e-02
-5.236486718058586121e-02
-5.048440024256706238e-02
-4.929154738783836365e-02
-4.983536526560783386e-02
-5.269194766879081726e-02
-5.819420143961906433e-02
-6.277368962764739990e-02
-6.649465858936309814e-02
-7.011558115482330322e-02
-7.094594836235046387e-02
-7.211738824844360352e-02
-7.722300291061401367e-02
-8.655099570751190186e-02
-9.593737125396728516e-02
-1.064257472753524780e-01
-1.169910579919815063e-01
-1.270890980958938599e-01
-1.384131908416748047e-01
-1.443733721971511841e-01
-1.487396061420440674e-01
-1.493785828351974487e-01
-1.432298719882965088e-01
-1.363109499216079712e-01
-1.293146163225173950e-01
-1.214054673910140991e-01
-1.137272864580154419e-01
-1.062558144330978394e-01
-1.008915603160858154e-01
-9.623949229717254639e-02
-9.120942652225494385e-02
-8.519314229488372803e-02
-7.858146727085113525e-02
-7.092428207397460938e-02
-6.581299006938934326e-02
-6.299619376659393311e-02
-6.017927452921867371e-02
-5.736241862177848816e-02
-5.454565212130546570e-02
-5.172863230109214783e-02
-4.836041852831840515e-02
-4.383118078112602234e-02
-4.063665494322776794e-02
-4.111076518893241882e-02
-4.502212628722190857e-02
-5.189816281199455261e-02
-6.227352842688560486e-02
-7.264888286590576172e-02
-8.228628337383270264e-02
-8.744311332702636719e-02
-9.221628308296203613e-02
-9.951166808605194092e-02
-1.077089309692382812e-01
-1.155901104211807251e-01
-1.233368366956710815e-01
-1.335304975509643555e-01
-1.432839334011077881e-01
-1.504624485969543457e-01
-1.553105264902114868e-01
-1.560810506343841553e-01
-1.551354080438613892e-01
-1.531763523817062378e-01
-1.501646786928176880e-01
-1.473135799169540405e-01
-1.415957957506179810e-01
-1.314107328653335571e-01
-1.305998712778091431e-01
-1.330161243677139282e-01
-1.407757252454757690e-01
-1.416186541318893433e-01
-1.456118077039718628e-01
-1.499766856431961060e-01
-1.543419212102890015e-01
-1.580961495637893677e-01
-1.621709913015365601e-01
-1.660492569208145142e-01
-1.561138778924942017e-01
-1.456147879362106323e-01
-1.349358111619949341e-01
-1.238938122987747192e-01
-1.122106164693832397e-01
-1.011403352022171021e-01
-9.065593779087066650e-02
-7.929109036922454834e-02
-6.792609393596649170e-02
-1.314596384763717651e-01
-1.381996124982833862e-01
-1.449131518602371216e-01
-1.515627652406692505e-01
-1.576766818761825562e-01
-1.642302423715591431e-01
-1.707843393087387085e-01
-1.773382574319839478e-01
-1.837262660264968872e-01
-1.886364072561264038e-01
-1.917236894369125366e-01
-1.938175410032272339e-01
-1.948762387037277222e-01
-1.971074789762496948e-01
-2.008781880140304565e-01
-2.038374990224838257e-01
-2.027062624692916870e-01
-1.953573077917098999e-01
-1.822584122419357300e-01
-1.717177480459213257e-01
-1.568116396665573120e-01
-1.446136683225631714e-01
-1.323101371526718140e-01
-1.162429898977279663e-01
-9.996734559535980225e-02
-8.744473755359649658e-02
-7.827635109424591064e-02
-6.922037899494171143e-02
-6.104729697108268738e-02
-5.328493937849998474e-02
-4.514662548899650574e-02
-4.549818858504295349e-02
-4.638118669390678406e-02
-4.969618842005729675e-02
-5.301116034388542175e-02
-5.740834400057792664e-02
-6.377650797367095947e-02
-7.037268579006195068e-02
-7.098098099231719971e-02
-6.630603969097137451e-02
-6.192922219634056091e-02
-5.946513637900352478e-02
-5.744756385684013367e-02
-5.420912429690361023e-02
-5.299673601984977722e-02
-5.227025970816612244e-02
-5.236413702368736267e-02
-5.249844118952751160e-02
-5.388775095343589783e-02
-5.580451712012290955e-02
-5.985916778445243835e-02
-6.430391967296600342e-02
-6.897374987602233887e-02
-7.145392894744873047e-02
-7.144853472709655762e-02
-7.144328951835632324e-02
-7.489687204360961914e-02
-8.375273644924163818e-02
-9.125475585460662842e-02
-9.910416603088378906e-02
-1.093548238277435303e-01
-1.214662194252014160e-01
-1.346546262502670288e-01
-1.419119685888290405e-01
-1.473640948534011841e-01
-1.518302708864212036e-01
-1.498604267835617065e-01
-1.458159536123275757e-01
-1.389959305524826050e-01
-1.295758932828903198e-01
-1.213221549987792969e-01
-1.162274628877639771e-01
-1.116286665201187134e-01
-1.077447831630706787e-01
-1.036952286958694458e-01
-9.689684212207794189e-02
-8.837918937206268311e-02
-7.975625991821289062e-02
-7.194705307483673096e-02
-6.784977018833160400e-02
-6.503279507160186768e-02
-6.221603974699974060e-02
-5.939904972910881042e-02
-5.607880279421806335e-02
-5.182565376162528992e-02
-4.785659536719322205e-02
-4.388735815882682800e-02
-4.382961615920066833e-02
-5.039214715361595154e-02
-6.073434278368949890e-02
-7.130004465579986572e-02
-8.231967687606811523e-02
-9.509323537349700928e-02
-1.011812239885330200e-01
-1.065590977668762207e-01
-1.146047413349151611e-01
-1.224861592054367065e-01
-1.302347928285598755e-01
-1.394796967506408691e-01
-1.509687900543212891e-01
-1.582668870687484741e-01
-1.645091623067855835e-01
-1.645743101835250854e-01
-1.600345075130462646e-01
-1.582739353179931641e-01
-1.563069969415664673e-01
-1.534746140241622925e-01
-1.484067887067794800e-01
-1.408224254846572876e-01
-1.365663558244705200e-01
-1.389930099248886108e-01
-1.425886601209640503e-01
-1.458577364683151245e-01
-1.454818397760391235e-01
-1.491309851408004761e-01
-1.518503278493881226e-01
-1.542265266180038452e-01
-1.566026061773300171e-01
-1.589765697717666626e-01
-1.584330052137374878e-01
-1.479915231466293335e-01
-1.364616006612777710e-01
-1.249322146177291870e-01
-1.138677150011062622e-01
-1.026786416769027710e-01
-9.151421487331390381e-02
-7.998706400394439697e-02
-6.875587999820709229e-02
-5.773202702403068542e-02
-1.253038197755813599e-01
-1.301250308752059937e-01
-1.368390172719955444e-01
-1.432117074728012085e-01
-1.492406874895095825e-01
-1.552697271108627319e-01
-1.612987369298934937e-01
-1.675319522619247437e-01
-1.738743036985397339e-01
-1.793980449438095093e-01
-1.843843311071395874e-01
-1.878250688314437866e-01
-1.903803497552871704e-01
-1.938033550977706909e-01
-1.958088129758834839e-01
-1.964980810880661011e-01
-1.955976933240890503e-01
-1.907991021871566772e-01
-1.778304129838943481e-01
-1.628270000219345093e-01
-1.498519927263259888e-01
-1.374597996473312378e-01
-1.250900477170944214e-01
-1.113523691892623901e-01
-9.968177974224090576e-02
-8.743290603160858154e-02
-7.695136964321136475e-02
-6.756512820720672607e-02
-5.846060439944267273e-02
-4.955903813242912292e-02
-4.056086763739585876e-02
-4.091234132647514343e-02
-4.126385971903800964e-02
-4.316992685198783875e-02
-4.843724891543388367e-02
-5.480552837252616882e-02
-6.122302636504173279e-02
-6.797358393669128418e-02
-7.344093918800354004e-02
-6.905013322830200195e-02
-6.513334810733795166e-02
-6.279294192790985107e-02
-6.045266613364219666e-02
-5.935398861765861511e-02
-5.755295976996421814e-02
-5.707971379160881042e-02
-5.769851431250572205e-02
-5.807922407984733582e-02
-5.817554518580436707e-02
-6.005914136767387390e-02
-6.186708435416221619e-02
-6.554982066154479980e-02
-6.883735954761505127e-02
-6.883221864700317383e-02
-6.894136965274810791e-02
-6.858395040035247803e-02
-6.975823640823364258e-02
-7.583852112293243408e-02
-8.399781584739685059e-02
-9.239929914474487305e-02
-1.044954508543014526e-01
-1.186700612306594849e-01
-1.324406117200851440e-01
-1.404211968183517456e-01
-1.461240500211715698e-01
-1.516869068145751953e-01
-1.549750864505767822e-01
-1.513523608446121216e-01
-1.459584832191467285e-01
-1.387658864259719849e-01
-1.319507956504821777e-01
-1.280678212642669678e-01
-1.241243630647659302e-01
-1.212727129459381104e-01
-1.162582933902740479e-01
-1.085519492626190186e-01
-9.731520712375640869e-02
-8.919574320316314697e-02
-7.995665073394775391e-02
-7.270330190658569336e-02
-6.988647580146789551e-02
-6.706945598125457764e-02
-6.379757821559906006e-02
-5.982018634676933289e-02
-5.585097894072532654e-02
-5.188190564513206482e-02
-4.863994941115379333e-02
-5.059836432337760925e-02
-6.059425696730613708e-02
-7.147480547428131104e-02
-8.235542476177215576e-02
-9.363061189651489258e-02
-1.074214577674865723e-01
-1.153989285230636597e-01
-1.215009540319442749e-01
-1.293822079896926880e-01
-1.371983140707015991e-01
-1.459049433469772339e-01
-1.569182425737380981e-01
-1.634417027235031128e-01
-1.676131039857864380e-01
-1.725332587957382202e-01
-1.718531399965286255e-01
-1.631729304790496826e-01
-1.615333557128906250e-01
-1.586984992027282715e-01
-1.525626182556152344e-01
-1.463723629713058472e-01
-1.402521580457687378e-01
-1.384817510843276978e-01
-1.419939249753952026e-01
-1.457479447126388550e-01
-1.425978690385818481e-01
-1.421085447072982788e-01
-1.444848328828811646e-01
-1.468614190816879272e-01
-1.492376476526260376e-01
-1.506907790899276733e-01
-1.503966301679611206e-01
-1.497578173875808716e-01
-1.403874307870864868e-01
-1.291802376508712769e-01
-1.182314902544021606e-01
-1.069601625204086304e-01
-9.532622992992401123e-02
-8.337707817554473877e-02
-7.171620428562164307e-02
-6.024686619639396667e-02
-4.877803847193717957e-02
-1.235729902982711792e-01
-1.257434636354446411e-01
-1.292956024408340454e-01
-1.348605602979660034e-01
-1.408896893262863159e-01
-1.469186991453170776e-01
-1.529477983713150024e-01
-1.589614599943161011e-01
-1.647494286298751831e-01
-1.695992201566696167e-01
-1.743827909231185913e-01
-1.793687194585800171e-01
-1.826246827840805054e-01
-1.811941117048263550e-01
-1.828494518995285034e-01
-1.848056465387344360e-01
-1.857248991727828979e-01
-1.795653551816940308e-01
-1.702104061841964722e-01
-1.560719460248947144e-01
-1.432397812604904175e-01
-1.308361738920211792e-01
-1.221791952848434448e-01
-1.103599518537521362e-01
-9.810705482959747314e-02
-8.616201579570770264e-02
-7.561449706554412842e-02
-6.575189530849456787e-02
-5.566851422190666199e-02
-4.583486542105674744e-02
-3.648134693503379822e-02
-3.632640466094017029e-02
-3.696703538298606873e-02
-4.066207632422447205e-02
-4.662614688277244568e-02
-5.259017273783683777e-02
-5.893022939562797546e-02
-6.569139659404754639e-02
-7.182483375072479248e-02
-7.180503010749816895e-02
-6.981703639030456543e-02
-6.944148242473602295e-02
-6.906598806381225586e-02
-6.869059801101684570e-02
-6.722630560398101807e-02
-6.571432948112487793e-02
-6.482444703578948975e-02
-6.362119317054748535e-02
-6.296189129352569580e-02
-6.435111165046691895e-02
-6.468163430690765381e-02
-6.787584722042083740e-02
-6.887236237525939941e-02
-6.924360990524291992e-02
-6.879048049449920654e-02
-6.694562733173370361e-02
-6.623704731464385986e-02
-7.012909650802612305e-02
-7.654273509979248047e-02
-8.470182120800018311e-02
-9.697346389293670654e-02
-1.118204742670059204e-01
-1.266675144433975220e-01
-1.363496780395507812e-01
-1.408125907182693481e-01
-1.463623195886611938e-01
-1.548635363578796387e-01
-1.575471311807632446e-01
-1.537092179059982300e-01
-1.484732925891876221e-01
-1.439095586538314819e-01
-1.389572173357009888e-01
-1.354176700115203857e-01
-1.335832476615905762e-01
-1.273792982101440430e-01
-1.187984645366668701e-01
-1.070338487625122070e-01
-9.733942151069641113e-02
-8.823665976524353027e-02
-8.003796637058258057e-02
-7.473994791507720947e-02
-7.188183069229125977e-02
-6.843666732311248779e-02
-6.497263908386230469e-02
-6.150866672396659851e-02
-5.951754376292228699e-02
-5.839016661047935486e-02
-6.193588301539421082e-02
-7.168416678905487061e-02
-8.256474137306213379e-02
-9.344537556171417236e-02
-1.049415767192840576e-01
-1.187323331832885742e-01
-1.293070018291473389e-01
-1.362782269716262817e-01
-1.441965252161026001e-01
-1.526068449020385742e-01
-1.590831428766250610e-01
-1.664382666349411011e-01
-1.698123365640640259e-01
-1.745975166559219360e-01
-1.785835325717926025e-01
-1.758149415254592896e-01
-1.649507135152816772e-01
-1.576832085847854614e-01
-1.520322114229202271e-01
-1.454326659440994263e-01
-1.393472254276275635e-01
-1.368208825588226318e-01
-1.366675645112991333e-01
-1.388646513223648071e-01
-1.360211819410324097e-01
-1.346723884344100952e-01
-1.371199637651443481e-01
-1.394961923360824585e-01
-1.418727189302444458e-01
-1.427444368600845337e-01
-1.423607617616653442e-01
-1.417218595743179321e-01
-1.413702517747879028e-01
-1.336515992879867554e-01
-1.227028518915176392e-01
-1.117538958787918091e-01
-1.008234173059463501e-01
-8.930088579654693604e-02
-7.709194719791412354e-02
-6.521512567996978760e-02
-5.374623462557792664e-02
-4.227695986628532410e-02
-1.232205480337142944e-01
-1.253909915685653687e-01
-1.273518949747085571e-01
-1.288378983736038208e-01
-1.325388401746749878e-01
-1.385676711797714233e-01
-1.445969790220260620e-01
-1.505651623010635376e-01
-1.563534587621688843e-01
-1.610533744096755981e-01
-1.655141860246658325e-01
-1.666924804449081421e-01
-1.660569161176681519e-01
-1.659114211797714233e-01
-1.686894148588180542e-01
-1.688819974660873413e-01
-1.665417999029159546e-01
-1.644677966833114624e-01
-1.604608744382858276e-01
-1.486020535230636597e-01
-1.373647302389144897e-01
-1.281047612428665161e-01
-1.197270303964614868e-01
-1.092479079961776733e-01
-9.762130677700042725e-02
-8.528725802898406982e-02
-7.232147455215454102e-02
-6.242152675986289978e-02
-5.263889953494071960e-02
-4.298986122012138367e-02
-3.331927582621574402e-02
-3.336876258254051208e-02
-3.678233548998832703e-02
-4.025096818804740906e-02
-4.511339589953422546e-02
-5.107742175459861755e-02
-5.721230432391166687e-02
-6.451341509819030762e-02
-7.282830774784088135e-02
-7.951597869396209717e-02
-7.872733473777770996e-02
-7.844461500644683838e-02
-7.816183567047119141e-02
-7.789286971092224121e-02
-7.786023616790771484e-02
-7.658882439136505127e-02
-7.603959739208221436e-02
-7.510337233543395996e-02
-7.276944816112518311e-02
-7.289019227027893066e-02
-7.370094954967498779e-02
-7.115817070007324219e-02
-6.991241872310638428e-02
-6.764115393161773682e-02
-6.574137508869171143e-02
-6.410402059555053711e-02
-6.251998245716094971e-02
-6.560899317264556885e-02
-7.126580178737640381e-02
-7.727371156215667725e-02
-8.978866040706634521e-02
-1.046355217695236206e-01
-1.194449514150619507e-01
-1.274640411138534546e-01
-1.331247091293334961e-01
-1.422366648912429810e-01
-1.513486653566360474e-01
-1.583599895238876343e-01
-1.595576703548431396e-01
-1.566683650016784668e-01
-1.531910002231597900e-01
-1.494939625263214111e-01
-1.458683460950851440e-01
-1.414083689451217651e-01
-1.369896829128265381e-01
-1.266320794820785522e-01
-1.155769675970077515e-01
-1.048780828714370728e-01
-9.588846564292907715e-02
-8.824974298477172852e-02
-8.180339634418487549e-02
-7.810395956039428711e-02
-7.471571862697601318e-02
-7.153339684009552002e-02
-7.039527595043182373e-02
-6.926785409450531006e-02
-6.971971690654754639e-02
-7.511255145072937012e-02
-8.277420699596405029e-02
-9.365467727184295654e-02
-1.044680476188659668e-01
-1.157021373510360718e-01
-1.290098428726196289e-01
-1.415976583957672119e-01
-1.482147574424743652e-01
-1.522358208894729614e-01
-1.564701348543167114e-01
-1.630835533142089844e-01
-1.679523736238479614e-01
-1.721101850271224976e-01
-1.761000603437423706e-01
-1.799532026052474976e-01
-1.743657737970352173e-01
-1.608079820871353149e-01
-1.499582827091217041e-01
-1.442552357912063599e-01
-1.376556158065795898e-01
-1.353056430816650391e-01
-1.316471397876739502e-01
-1.322998851537704468e-01
-1.272283047437667847e-01
-1.258796304464340210e-01
-1.251637786626815796e-01
-1.297211796045303345e-01
-1.342306882143020630e-01
-1.347978860139846802e-01
-1.345181614160537720e-01
-1.339381784200668335e-01
-1.338798850774765015e-01
-1.338218897581100464e-01
-1.272527426481246948e-01
-1.168656200170516968e-01
-1.064327806234359741e-01
-9.522475302219390869e-02
-8.301599323749542236e-02
-7.080684602260589600e-02
-5.871452018618583679e-02
-4.753549024462699890e-02
-3.687063977122306824e-02
-1.228678375482559204e-01
-1.250381618738174438e-01
-1.267226189374923706e-01
-1.282082051038742065e-01
-1.296940296888351440e-01
-1.311799138784408569e-01
-1.362459510564804077e-01
-1.421689838171005249e-01
-1.479569524526596069e-01
-1.515600532293319702e-01
-1.513279527425765991e-01
-1.506925672292709351e-01
-1.500568240880966187e-01
-1.492867022752761841e-01
-1.483609527349472046e-01
-1.494015902280807495e-01
-1.486412733793258667e-01
-1.477082222700119019e-01
-1.462141424417495728e-01
-1.404495686292648315e-01
-1.329207271337509155e-01
-1.243667751550674438e-01
-1.163881868124008179e-01
-1.059352606534957886e-01
-9.491531550884246826e-02
-8.285389840602874756e-02
-7.031075656414031982e-02
-5.977141484618186951e-02
-4.886583611369132996e-02
-3.899654373526573181e-02
-3.276213631033897400e-02
-3.400230035185813904e-02
-3.708858415484428406e-02
-4.017479345202445984e-02
-4.426087066531181335e-02
-5.218977853655815125e-02
-6.037993356585502625e-02
-6.871062517166137695e-02
-7.706148922443389893e-02
-8.503927290439605713e-02
-8.878214657306671143e-02
-8.912965655326843262e-02
-8.991530537605285645e-02
-9.091660380363464355e-02
-9.206220507621765137e-02
-9.262052178382873535e-02
-9.228928387165069580e-02
-9.185406565666198730e-02
-8.920213580131530762e-02
-8.429728448390960693e-02
-7.774725556373596191e-02
-7.101324200630187988e-02
-6.659741699695587158e-02
-6.453725695610046387e-02
-6.289975345134735107e-02
-6.126227602362632751e-02
-5.911589786410331726e-02
-6.108887121081352234e-02
-6.735657155513763428e-02
-7.447613775730133057e-02
-8.503712713718414307e-02
-9.738910198211669922e-02
-1.095845401287078857e-01
-1.198869496583938599e-01
-1.289988905191421509e-01
-1.381109654903411865e-01
-1.472229808568954468e-01
-1.561997383832931519e-01
-1.614497750997543335e-01
-1.622400283813476562e-01
-1.588814705610275269e-01
-1.554213613271713257e-01
-1.517293304204940796e-01
-1.478407829999923706e-01
-1.429177671670913696e-01
-1.352437436580657959e-01
-1.259503960609436035e-01
-1.142342090606689453e-01
-1.051593273878097534e-01
-9.641896188259124756e-02
-8.877791464328765869e-02
-8.273737132549285889e-02
-8.097714185714721680e-02
-7.973103225231170654e-02
-7.837133109569549561e-02
-7.774065434932708740e-02
-7.949443161487579346e-02
-8.534127473831176758e-02
-9.110614657402038574e-02
-1.001711487770080566e-01
-1.101592183113098145e-01
-1.212051361799240112e-01
-1.326899379491806030e-01
-1.424091756343841553e-01
-1.487763524055480957e-01
-1.529069542884826660e-01
-1.587776839733123779e-01
-1.654883474111557007e-01
-1.692786216735839844e-01
-1.736164987087249756e-01
-1.772971302270889282e-01
-1.782212704420089722e-01
-1.698631793260574341e-01
-1.562912017107009888e-01
-1.421805471181869507e-01
-1.353291124105453491e-01
-1.308879405260086060e-01
-1.292143613100051880e-01
-1.256455332040786743e-01
-1.225662678480148315e-01
-1.170870214700698853e-01
-1.157382279634475708e-01
-1.167716830968856812e-01
-1.211720556020736694e-01
-1.232098489999771118e-01
-1.252804845571517944e-01
-1.268249303102493286e-01
-1.263897567987442017e-01
-1.265060454607009888e-01
-1.270095258951187134e-01
-1.219942718744277954e-01
-1.116069108247756958e-01
-1.009698957204818726e-01
-8.910737931728363037e-02
-7.718802988529205322e-02
-6.568799912929534912e-02
-5.496634170413017273e-02
-4.514641687273979187e-02
-3.581510111689567566e-02
-1.227966696023941040e-01
-1.246075481176376343e-01
-1.260935813188552856e-01
-1.275790780782699585e-01
-1.290649622678756714e-01
-1.305503100156784058e-01
-1.320363730192184448e-01
-1.343910843133926392e-01
-1.365987509489059448e-01
-1.359633654356002808e-01
-1.353277415037155151e-01
-1.346786469221115112e-01
-1.328299492597579956e-01
-1.279116719961166382e-01
-1.283401697874069214e-01
-1.297669261693954468e-01
-1.315998584032058716e-01
-1.322349756956100464e-01
-1.349873691797256470e-01
-1.331854909658432007e-01
-1.258419603109359741e-01
-1.183241754770278931e-01
-1.108590811491012573e-01
-1.010428816080093384e-01
-8.907370269298553467e-02
-7.839594781398773193e-02
-6.667888164520263672e-02
-5.610210821032524109e-02
-4.596107825636863708e-02
-3.934499248862266541e-02
-3.310332819819450378e-02
-3.379031643271446228e-02
-3.963741287589073181e-02
-4.506773874163627625e-02
-5.083995684981346130e-02
-5.787025019526481628e-02
-6.668893992900848389e-02
-7.567726075649261475e-02
-8.551333844661712646e-02
-9.501880407333374023e-02
-1.035719662904739380e-01
-1.040554493665695190e-01
-1.049512922763824463e-01
-1.060439944267272949e-01
-1.071897149085998535e-01
-1.083747595548629761e-01
-1.086396723985671997e-01
-1.074812263250350952e-01
-1.037525534629821777e-01
-9.315624833106994629e-02
-8.162647485733032227e-02
-7.136964797973632812e-02
-6.417831778526306152e-02
-6.169563159346580505e-02
-6.042320653796195984e-02
-5.964280292391777039e-02
-5.811844393610954285e-02
-5.977351590991020203e-02
-6.601910293102264404e-02
-7.272955775260925293e-02
-7.839678227901458740e-02
-8.810327947139739990e-02
-1.004842370748519897e-01
-1.157612502574920654e-01
-1.248731464147567749e-01
-1.339852064847946167e-01
-1.424450129270553589e-01
-1.521600186824798584e-01
-1.616666167974472046e-01
-1.675810366868972778e-01
-1.659077554941177368e-01
-1.623247861862182617e-01
-1.565928012132644653e-01
-1.536030769348144531e-01
-1.464385241270065308e-01
-1.397838294506072998e-01
-1.309611797332763672e-01
-1.197054535150527954e-01
-1.107202768325805664e-01
-1.003691554069519043e-01
-9.128372371196746826e-02
-8.642086386680603027e-02
-8.386866748332977295e-02
-8.237928152084350586e-02
-8.120532333850860596e-02
-8.049163222312927246e-02
-8.442796766757965088e-02
-9.027476608753204346e-02
-9.612147510051727295e-02
-1.033409535884857178e-01
-1.118589639663696289e-01
-1.191928088665008545e-01
-1.289143115282058716e-01
-1.394682675600051880e-01
-1.490235924720764160e-01
-1.544714868068695068e-01
-1.611821651458740234e-01
-1.664470434188842773e-01
-1.710343509912490845e-01
-1.733133792877197266e-01
-1.748464703559875488e-01
-1.738069802522659302e-01
-1.645032912492752075e-01
-1.501217782497406006e-01
-1.345314979553222656e-01
-1.264699995517730713e-01
-1.247964799404144287e-01
-1.231227219104766846e-01
-1.182035952806472778e-01
-1.107907444238662720e-01
-1.069455593824386597e-01
-1.055970042943954468e-01
-1.077541857957839966e-01
-1.099479645490646362e-01
-1.123817414045333862e-01
-1.148156672716140747e-01
-1.167605668306350708e-01
-1.190653890371322632e-01
-1.201763898134231567e-01
-1.207241564989089966e-01
-1.170696765184402466e-01
-1.069936603307723999e-01
-9.646840393543243408e-02
-8.609263598918914795e-02
-7.571722567081451416e-02
-6.534133851528167725e-02
-5.524901673197746277e-02
-4.566289111971855164e-02
-3.700826689600944519e-02
-1.228740960359573364e-01
-1.244138330221176147e-01
-1.256100982427597046e-01
-1.269498914480209351e-01
-1.284356266260147095e-01
-1.299213916063308716e-01
-1.306012719869613647e-01
-1.274362951517105103e-01
-1.233750134706497192e-01
-1.205806285142898560e-01
-1.192313581705093384e-01
-1.148539632558822632e-01
-1.114064306020736694e-01
-1.084095388650894165e-01
-1.084048897027969360e-01
-1.103541105985641479e-01
-1.149221509695053101e-01
-1.201169043779373169e-01
-1.249647587537765503e-01
-1.249834150075912476e-01
-1.191922873258590698e-01
-1.114758402109146118e-01
-1.034634858369827271e-01
-9.343571960926055908e-02
-8.158107101917266846e-02
-7.062499225139617920e-02
-5.975354835391044617e-02
-5.112897977232933044e-02
-4.500142857432365417e-02
-4.184205457568168640e-02
-3.902028128504753113e-02
-4.182074591517448425e-02
-4.797024652361869812e-02
-5.422544106841087341e-02
-6.115586683154106140e-02
-6.797054409980773926e-02
-7.702225446701049805e-02
-8.642886579036712646e-02
-9.613551199436187744e-02
-1.062051206827163696e-01
-1.170577853918075562e-01
-1.198958456516265869e-01
-1.203622967004776001e-01
-1.211717575788497925e-01
-1.223174035549163818e-01
-1.230531930923461914e-01
-1.231501698493957520e-01
-1.195733845233917236e-01
-1.112178415060043335e-01
-9.899953007698059082e-02
-8.652062714099884033e-02
-7.696452736854553223e-02
-6.815223395824432373e-02
-6.258858740329742432e-02
-6.076436862349510193e-02
-5.992205068469047546e-02
-5.822455510497093201e-02
-5.870113894343376160e-02
-6.129054352641105652e-02
-6.635162234306335449e-02
-7.245799899101257324e-02
-8.186587691307067871e-02
-9.631180763244628906e-02
-1.113697141408920288e-01
-1.212916523218154907e-01
-1.297929435968399048e-01
-1.395003497600555420e-01
-1.515582501888275146e-01
-1.624414324760437012e-01
-1.696157306432723999e-01
-1.722057610750198364e-01
-1.664072424173355103e-01
-1.597435027360916138e-01
-1.528690755367279053e-01
-1.460235118865966797e-01
-1.380579769611358643e-01
-1.303377449512481689e-01
-1.201629936695098877e-01
-1.077668666839599609e-01
-9.938131272792816162e-02
-9.084746241569519043e-02
-8.509290218353271484e-02
-8.053897321224212646e-02
-8.114144206047058105e-02
-8.178305625915527344e-02
-8.297136425971984863e-02
-8.931238949298858643e-02
-9.520825743675231934e-02
-9.872666001319885254e-02
-1.006875485181808472e-01
-1.061309576034545898e-01
-1.140834391117095947e-01
-1.246373802423477173e-01
-1.351943165063858032e-01
-1.474580615758895874e-01
-1.555173844099044800e-01
-1.624788492918014526e-01
-1.669288575649261475e-01
-1.686235964298248291e-01
-1.704382747411727905e-01
-1.709156781435012817e-01
-1.670554131269454956e-01
-1.570036709308624268e-01
-1.429088264703750610e-01
-1.274313479661941528e-01
-1.203785836696624756e-01
-1.187050193548202515e-01
-1.163167804479598999e-01
-1.063444763422012329e-01
-9.901553392410278320e-02
-9.680418670177459717e-02
-9.442980587482452393e-02
-9.688602387905120850e-02
-9.945346415042877197e-02
-1.022829264402389526e-01
-1.048668473958969116e-01
-1.073585897684097290e-01
-1.103448718786239624e-01
-1.136169284582138062e-01
-1.168239265680313110e-01
-1.157836467027664185e-01
-1.069007664918899536e-01
-9.655214846134185791e-02
-8.618499338626861572e-02
-7.606314122676849365e-02
-6.607402861118316650e-02
-5.707497522234916687e-02
-4.913745447993278503e-02
-4.178498312830924988e-02
-1.223405748605728149e-01
-1.242201179265975952e-01
-1.254240423440933228e-01
-1.266206055879592896e-01
-1.278166025876998901e-01
-1.267710179090499878e-01
-1.231593936681747437e-01
-1.193072646856307983e-01
-1.150970309972763062e-01
-1.093068867921829224e-01
-1.006825417280197144e-01
-9.551985561847686768e-02
-9.185366332530975342e-02
-8.912883698940277100e-02
-8.913616836071014404e-02
-9.492866694927215576e-02
-1.015191227197647095e-01
-1.067779511213302612e-01
-1.120368689298629761e-01
-1.164464503526687622e-01
-1.137993186712265015e-01
-1.051069647073745728e-01
-9.627462923526763916e-02
-8.676303923130035400e-02
-7.515813410282135010e-02
-6.368580460548400879e-02
-5.753820762038230896e-02
-5.165603384375572205e-02
-4.912447556853294373e-02
-4.774424061179161072e-02
-4.743516072630882263e-02
-5.079483613371849060e-02
-5.848608538508415222e-02
-6.582708656787872314e-02
-7.268525660037994385e-02
-7.958732545375823975e-02
-8.777238428592681885e-02
-9.788565337657928467e-02
-1.074203997850418091e-01
-1.176604479551315308e-01
-1.282441467046737671e-01
-1.357919871807098389e-01
-1.363498419523239136e-01
-1.367157995700836182e-01
-1.359126418828964233e-01
-1.344705224037170410e-01
-1.327692270278930664e-01
-1.281860619783401489e-01
-1.175343692302703857e-01
-1.066308319568634033e-01
-9.504319727420806885e-02
-8.549429476261138916e-02
-7.650445401668548584e-02
-6.903882324695587158e-02
-6.405635178089141846e-02
-6.034664437174797058e-02
-5.572783574461936951e-02
-5.294186994433403015e-02
-5.432262644171714783e-02
-6.073137745261192322e-02
-6.775656342506408691e-02
-7.971341907978057861e-02
-9.461081027984619141e-02
-1.079546213150024414e-01
-1.155939549207687378e-01
-1.240010410547256470e-01
-1.350903660058975220e-01
-1.462636739015579224e-01
-1.576253920793533325e-01
-1.658606529235839844e-01
-1.693399995565414429e-01
-1.657364666461944580e-01
-1.583060920238494873e-01
-1.484714150428771973e-01
-1.427812576293945312e-01
-1.360950767993927002e-01
-1.283884644508361816e-01
-1.175479441881179810e-01
-1.075443625450134277e-01
-1.001349538564682007e-01
-9.149931371212005615e-02
-8.384232223033905029e-02
-7.928158342838287354e-02
-7.770781219005584717e-02
-7.899484038352966309e-02
-8.281464874744415283e-02
-8.684110641479492188e-02
-8.968032896518707275e-02
-9.251958131790161133e-02
-9.528534114360809326e-02
-9.960091114044189453e-02
-1.096803247928619385e-01
-1.203604042530059814e-01
-1.312574744224548340e-01
-1.455597430467605591e-01
-1.560219973325729370e-01
-1.606481075286865234e-01
-1.621624976396560669e-01
-1.629734635353088379e-01
-1.637310981750488281e-01
-1.631782501935958862e-01
-1.581036746501922607e-01
-1.483026891946792603e-01
-1.347456723451614380e-01
-1.237607598304748535e-01
-1.141213327646255493e-01
-1.124156117439270020e-01
-1.027339100837707520e-01
-9.449249505996704102e-02
-8.812375366687774658e-02
-8.560171723365783691e-02
-8.404870331287384033e-02
-8.751146495342254639e-02
-9.127636253833770752e-02
-9.491141140460968018e-02
-9.770040214061737061e-02
-1.006220728158950806e-01
-1.048516184091567993e-01
-1.093214303255081177e-01
-1.137911230325698853e-01
-1.159401983022689819e-01
-1.070393472909927368e-01
-9.688456356525421143e-02
-8.693878352642059326e-02
-7.809211313724517822e-02
-7.020179927349090576e-02
-6.260205805301666260e-02
-5.469967052340507507e-02
-4.538057371973991394e-02
-1.203047484159469604e-01
-1.222812682390213013e-01
-1.239432245492935181e-01
-1.249304860830307007e-01
-1.223671585321426392e-01
-1.188514083623886108e-01
-1.150305122137069702e-01
-1.111205071210861206e-01
-1.035964637994766235e-01
-9.523646533489227295e-02
-8.753411471843719482e-02
-7.998292148113250732e-02
-7.545493543148040771e-02
-7.275091111660003662e-02
-7.532052695751190186e-02
-8.190853893756866455e-02
-8.819429576396942139e-02
-9.400250017642974854e-02
-9.989143908023834229e-02
-1.057573705911636353e-01
-1.059401780366897583e-01
-1.015400737524032593e-01
-9.327445924282073975e-02
-8.544231951236724854e-02
-7.636989653110504150e-02
-6.980422139167785645e-02
-6.309182941913604736e-02
-5.579128488898277283e-02
-5.204376205801963806e-02
-5.213211104273796082e-02
-5.310365185141563416e-02
-5.726937577128410339e-02
-6.705409288406372070e-02
-7.552529871463775635e-02
-8.343888819217681885e-02
-9.107474982738494873e-02
-9.846685826778411865e-02
-1.085006743669509888e-01
-1.189258545637130737e-01
-1.299239248037338257e-01
-1.401355415582656860e-01
-1.503920406103134155e-01
-1.506430059671401978e-01
-1.497581601142883301e-01
-1.477148383855819702e-01
-1.456718295812606812e-01
-1.438672244548797607e-01
-1.360130906105041504e-01
-1.254449933767318726e-01
-1.147101521492004395e-01
-1.044790744781494141e-01
-9.402407705783843994e-02
-8.490471541881561279e-02
-7.565589249134063721e-02
-6.773489713668823242e-02
-5.982957407832145691e-02
-5.132419988512992859e-02
-4.452992603182792664e-02
-4.697368666529655457e-02
-5.348139628767967224e-02
-6.271103024482727051e-02
-7.434590160846710205e-02
-8.793756365776062012e-02
-1.001265943050384521e-01
-1.079533100128173828e-01
-1.168628185987472534e-01
-1.280362010002136230e-01
-1.394557803869247437e-01
-1.507592350244522095e-01
-1.590455770492553711e-01
-1.633100062608718872e-01
-1.635880917310714722e-01
-1.554285585880279541e-01
-1.457124501466751099e-01
-1.389287859201431274e-01
-1.341171562671661377e-01
-1.254846006631851196e-01
-1.172793954610824585e-01
-1.084249317646026611e-01
-1.004115492105484009e-01
-9.277831017971038818e-02
-8.427630364894866943e-02
-7.881668210029602051e-02
-7.501979172229766846e-02
-7.244808971881866455e-02
-7.511042058467864990e-02
-7.845711708068847656e-02
-8.176578581333160400e-02
-8.460505306720733643e-02
-8.748961985111236572e-02
-9.099492430686950684e-02
-1.009345650672912598e-01
-1.123669743537902832e-01
-1.250119507312774658e-01
-1.406355798244476318e-01
-1.511480063199996948e-01
-1.541026234626770020e-01
-1.554717570543289185e-01
-1.562295407056808472e-01
-1.566240340471267700e-01
-1.551662832498550415e-01
-1.490056961774826050e-01
-1.392048150300979614e-01
-1.286480873823165894e-01
-1.193310469388961792e-01
-1.096398681402206421e-01
-9.921880066394805908e-02
-8.922769129276275635e-02
-8.311201632022857666e-02
-7.736156880855560303e-02
-7.538102567195892334e-02
-7.679153978824615479e-02
-8.080713450908660889e-02
-8.486019074916839600e-02
-8.927731215953826904e-02
-9.326384961605072021e-02
-9.725047647953033447e-02
-1.015259772539138794e-01
-1.059955507516860962e-01
-1.105124503374099731e-01
-1.131313294172286987e-01
-1.056947857141494751e-01
-9.915001690387725830e-02
-9.129725396633148193e-02
-8.386184275150299072e-02
-7.645832002162933350e-02
-6.856234371662139893e-02
-5.979396030306816101e-02
-4.723186418414115906e-02
-1.200420111417770386e-01
-1.206692010164260864e-01
-1.198743432760238647e-01
-1.164299100637435913e-01
-1.129845827817916870e-01
-1.095395237207412720e-01
-1.058625429868698120e-01
-9.733663499355316162e-02
-9.079466760158538818e-02
-8.346171677112579346e-02
-7.582558691501617432e-02
-6.920658051967620850e-02
-6.618459522724151611e-02
-6.503348052501678467e-02
-6.632594764232635498e-02
-7.233650982379913330e-02
-7.833375036716461182e-02
-8.422280848026275635e-02
-9.007741510868072510e-02
-9.498856961727142334e-02
-9.800402820110321045e-02
-9.837852418422698975e-02
-9.522415697574615479e-02
-9.222535789012908936e-02
-8.588673174381256104e-02
-7.954822480678558350e-02
-7.233896851539611816e-02
-6.371696293354034424e-02
-5.717873200774192810e-02
-5.474346503615379333e-02
-5.568466708064079285e-02
-6.030557677149772644e-02
-7.122804224491119385e-02
-8.130560815334320068e-02
-9.114690124988555908e-02
-1.006407886743545532e-01
-1.091061383485794067e-01
-1.187106221914291382e-01
-1.303507536649703979e-01
-1.413214653730392456e-01
-1.515437215566635132e-01
-1.616798192262649536e-01
-1.649516075849533081e-01
-1.625260263681411743e-01
-1.601067036390304565e-01
-1.573130041360855103e-01
-1.512427330017089844e-01
-1.417325437068939209e-01
-1.317289620637893677e-01
-1.209063678979873657e-01
-1.102330088615417480e-01
-9.973460435867309570e-02
-8.951722085475921631e-02
-7.702216506004333496e-02
-6.615686416625976562e-02
-5.636220797896385193e-02
-4.649439081549644470e-02
-3.899095579981803894e-02
-3.886961564421653748e-02
-4.616698250174522400e-02
-5.684132501482963562e-02
-6.658284366130828857e-02
-7.971478998661041260e-02
-9.253974258899688721e-02
-1.034104973077774048e-01
-1.120958924293518066e-01
-1.212806552648544312e-01
-1.326187103986740112e-01
-1.429267674684524536e-01
-1.514876335859298706e-01
-1.559197157621383667e-01
-1.573494821786880493e-01
-1.527514755725860596e-01
-1.437377035617828369e-01
-1.359762102365493774e-01
-1.310910433530807495e-01
-1.251713782548904419e-01
-1.171053200960159302e-01
-1.082507520914077759e-01
-9.975294768810272217e-02
-9.375473856925964355e-02
-8.551870286464691162e-02
-7.494603097438812256e-02
-6.659074127674102783e-02
-6.213041767477989197e-02
-6.566497683525085449e-02
-6.972366571426391602e-02
-7.314935326576232910e-02
-7.675582170486450195e-02
-7.999452948570251465e-02
-8.412453532218933105e-02
-9.218885004520416260e-02
-1.032445728778839111e-01
-1.145058870315551758e-01
-1.269381046295166016e-01
-1.392143517732620239e-01
-1.432734727859497070e-01
-1.449344605207443237e-01
-1.465704292058944702e-01
-1.468499451875686646e-01
-1.459804773330688477e-01
-1.400731950998306274e-01
-1.319705843925476074e-01
-1.253555864095687866e-01
-1.163843125104904175e-01
-1.036738306283950806e-01
-8.691735565662384033e-02
-7.915891706943511963e-02
-7.143712043762207031e-02
-6.759649515151977539e-02
-6.562031805515289307e-02
-6.991975009441375732e-02
-7.513280212879180908e-02
-8.013541996479034424e-02
-8.450661599636077881e-02
-8.875553309917449951e-02
-9.299297630786895752e-02
-9.763108193874359131e-02
-1.025728434324264526e-01
-1.073805838823318481e-01
-1.125143915414810181e-01
-1.069043427705764771e-01
-1.016336530447006226e-01
-9.636338055133819580e-02
-9.022940695285797119e-02
-8.231784403324127197e-02
-7.338525354862213135e-02
-6.189928576350212097e-02
-4.902799054980278015e-02
-1.195684820413589478e-01
-1.165700107812881470e-01
-1.121011823415756226e-01
-1.073279529809951782e-01
-1.036574989557266235e-01
-9.776706993579864502e-02
-9.132952988147735596e-02
-8.581410348415374756e-02
-7.949186861515045166e-02
-7.285515964031219482e-02
-6.811307370662689209e-02
-6.602026522159576416e-02
-6.392757594585418701e-02
-6.160623952746391296e-02
-6.034229323267936707e-02
-6.686823070049285889e-02
-7.118700444698333740e-02
-7.607023417949676514e-02
-8.295495808124542236e-02
-9.045229852199554443e-02
-9.698288142681121826e-02
-9.863953292369842529e-02
-9.960879385471343994e-02
-9.950752556324005127e-02
-9.563066065311431885e-02
-8.921594917774200439e-02
-8.132852613925933838e-02
-7.270668447017669678e-02
-6.500314176082611084e-02
-6.089233979582786560e-02
-5.957318469882011414e-02
-6.185286864638328552e-02
-7.270172238349914551e-02
-8.385072648525238037e-02
-9.514673054218292236e-02
-1.058169752359390259e-01
-1.169620901346206665e-01
-1.287931054830551147e-01
-1.404992938041687012e-01
-1.510632187128067017e-01
-1.593485623598098755e-01
-1.672772616147994995e-01
-1.751524358987808228e-01
-1.728724390268325806e-01
-1.687300354242324829e-01
-1.625001877546310425e-01
-1.541953682899475098e-01
-1.446075141429901123e-01
-1.360356658697128296e-01
-1.255117207765579224e-01
-1.144252270460128784e-01
-1.012759059667587280e-01
-8.846376836299896240e-02
-7.593713700771331787e-02
-6.273201107978820801e-02
-5.126331374049186707e-02
-4.245210811495780945e-02
-3.645264729857444763e-02
-3.700299188494682312e-02
-4.343103989958763123e-02
-5.012414976954460144e-02
-5.931663140654563904e-02
-7.227391004562377930e-02
-8.639773726463317871e-02
-9.894421696662902832e-02
-1.083133965730667114e-01
-1.171838790178298950e-01
-1.254144012928009033e-01
-1.343692839145660400e-01
-1.425313502550125122e-01
-1.482061892747879028e-01
-1.498489379882812500e-01
-1.469760388135910034e-01
-1.429441571235656738e-01
-1.354817152023315430e-01
-1.288489550352096558e-01
-1.227919310331344604e-01
-1.165239959955215454e-01
-1.080766171216964722e-01
-9.841914474964141846e-02
-8.985440433025360107e-02
-7.950571179389953613e-02
-6.781478226184844971e-02
-5.888753756880760193e-02
-5.439592525362968445e-02
-5.621009692549705505e-02
-6.026853248476982117e-02
-6.480126082897186279e-02
-6.849746406078338623e-02
-7.269719243049621582e-02
-7.637420296669006348e-02
-8.068695664405822754e-02
-8.905567228794097900e-02
-1.006817221641540527e-01
-1.144767999649047852e-01
-1.259979009628295898e-01
-1.322358846664428711e-01
-1.346190422773361206e-01
-1.361914873123168945e-01
-1.358649283647537231e-01
-1.352200210094451904e-01
-1.283503174781799316e-01
-1.255172193050384521e-01
-1.203645169734954834e-01
-1.120154708623886108e-01
-9.465003013610839844e-02
-7.628558576107025146e-02
-6.786726415157318115e-02
-6.108657643198966980e-02
-6.007778272032737732e-02
-6.019262596964836121e-02
-6.540590524673461914e-02
-7.061903178691864014e-02
-7.512710988521575928e-02
-7.949830591678619385e-02
-8.387134969234466553e-02
-8.832983672618865967e-02
-9.366472065448760986e-02
-1.001410931348800659e-01
-1.063373535871505737e-01
-1.132970601320266724e-01
-1.099735647439956665e-01
-1.057432144880294800e-01
-1.015829890966415405e-01
-9.688045084476470947e-02
-9.171535074710845947e-02
-8.409501612186431885e-02
-7.230778038501739502e-02
-6.026716157793998718e-02
-1.138053387403488159e-01
-1.105546802282333374e-01
-1.069548279047012329e-01
-1.029224842786788940e-01
-9.415532648563385010e-02
-8.753280341625213623e-02
-8.201543986797332764e-02
-7.650007307529449463e-02
-7.026301324367523193e-02
-6.676895916461944580e-02
-6.438665091991424561e-02
-6.224758550524711609e-02
-6.025124713778495789e-02
-5.876041576266288757e-02
-5.884037539362907410e-02
-6.588794291019439697e-02
-7.166580855846405029e-02
-7.730709016323089600e-02
-8.280043303966522217e-02
-8.829395473003387451e-02
-9.620936214923858643e-02
-1.020785123109817505e-01
-1.050615757703781128e-01
-1.049601286649703979e-01
-1.017062515020370483e-01
-9.759499132633209229e-02
-9.031794965267181396e-02
-8.169582486152648926e-02
-7.386068999767303467e-02
-6.872020661830902100e-02
-6.578770279884338379e-02
-6.492719054222106934e-02
-7.426665723323822021e-02
-8.526475727558135986e-02
-9.650024771690368652e-02
-1.081682890653610229e-01
-1.186512261629104614e-01
-1.292405575513839722e-01
-1.397583335638046265e-01
-1.500778049230575562e-01
-1.595483869314193726e-01
-1.682781577110290527e-01
-1.769092530012130737e-01
-1.797556728124618530e-01
-1.749784648418426514e-01
-1.681575626134872437e-01
-1.583788096904754639e-01
-1.488034576177597046e-01
-1.397871822118759155e-01
-1.291178315877914429e-01
-1.148821115493774414e-01
-1.006464809179306030e-01
-8.735756576061248779e-02
-7.370214164257049561e-02
-5.969374999403953552e-02
-4.792400822043418884e-02
-3.952151164412498474e-02
-3.495318815112113953e-02
-3.689927980303764343e-02
-4.205533489584922791e-02
-4.839183017611503601e-02
-5.563068017363548279e-02
-6.566083431243896484e-02
-8.134427666664123535e-02
-9.465947747230529785e-02
-1.044805943965911865e-01
-1.131357699632644653e-01
-1.200445443391799927e-01
-1.258684098720550537e-01
-1.336655020713806152e-01
-1.402834653854370117e-01
-1.417840570211410522e-01
-1.429615169763565063e-01
-1.401033699512481689e-01
-1.351157426834106445e-01
-1.269882172346115112e-01
-1.203729808330535889e-01
-1.130129247903823853e-01
-1.025107800960540771e-01
-9.061184525489807129e-02
-8.083285391330718994e-02
-7.279832661151885986e-02
-6.110328063368797302e-02
-5.215757712721824646e-02
-4.845670983195304871e-02
-4.709428176283836365e-02
-5.150222405791282654e-02
-5.545556172728538513e-02
-5.880972370505332947e-02
-6.260752677917480469e-02
-6.375479698181152344e-02
-6.765963137149810791e-02
-7.589446008205413818e-02
-8.867210149765014648e-02
-1.027361154556274414e-01
-1.139813512563705444e-01
-1.224460452795028687e-01
-1.252415776252746582e-01
-1.259244084358215332e-01
-1.255693435668945312e-01
-1.252142339944839478e-01
-1.214677840471267700e-01
-1.197563409805297852e-01
-1.157464534044265747e-01
-1.004674434661865234e-01
-8.295033872127532959e-02
-6.396901607513427734e-02
-5.585178360342979431e-02
-5.152427777647972107e-02
-5.162404105067253113e-02
-5.436656996607780457e-02
-6.083616241812705994e-02
-6.691502034664154053e-02
-7.218052446842193604e-02
-7.756204903125762939e-02
-8.352665603160858154e-02
-9.062682092189788818e-02
-9.912966191768646240e-02
-1.071757227182388306e-01
-1.151156872510910034e-01
-1.227474361658096313e-01
-1.210891455411911011e-01
-1.172454208135604858e-01
-1.123603135347366333e-01
-1.071952432394027710e-01
-1.019992679357528687e-01
-9.384708106517791748e-02
-8.365784585475921631e-02
-7.154689729213714600e-02
-1.101757735013961792e-01
-1.069255918264389038e-01
-1.016850024461746216e-01
-9.399171173572540283e-02
-8.737550675868988037e-02
-8.075271546840667725e-02
-7.390253245830535889e-02
-6.814078986644744873e-02
-6.602580845355987549e-02
-6.419201195240020752e-02
-6.244851276278495789e-02
-6.070740148425102234e-02
-6.086353585124015808e-02
-6.137634441256523132e-02
-6.376202404499053955e-02
-7.007499039173126221e-02
-7.329060137271881104e-02
-7.710845768451690674e-02
-8.305732905864715576e-02
-9.129275381565093994e-02
-1.002946346998214722e-01
-1.061282604932785034e-01
-1.096352785825729370e-01
-1.095571368932723999e-01
-1.062304228544235229e-01
-1.011550277471542358e-01
-9.464706480503082275e-02
-8.790521323680877686e-02
-7.985849678516387939e-02
-7.372368872165679932e-02
-7.115799188613891602e-02
-6.927022337913513184e-02
-7.674412429332733154e-02
-8.545996248722076416e-02
-9.493614733219146729e-02
-1.043730825185775757e-01
-1.129482835531234741e-01
-1.224528551101684570e-01
-1.336077600717544556e-01
-1.449057310819625854e-01
-1.563071012496948242e-01
-1.673816293478012085e-01
-1.782156378030776978e-01
-1.852277964353561401e-01
-1.787977814674377441e-01
-1.719369590282440186e-01
-1.635229736566543579e-01
-1.538541615009307861e-01
-1.409867256879806519e-01
-1.284193843603134155e-01
-1.148425489664077759e-01
-1.003975719213485718e-01
-8.489631116390228271e-02
-7.155098021030426025e-02
-5.804581567645072937e-02
-4.562076553702354431e-02
-3.692990168929100037e-02
-3.502648696303367615e-02
-3.632659837603569031e-02
-4.072630032896995544e-02
-4.804701730608940125e-02
-5.553747341036796570e-02
-6.573180854320526123e-02
-7.822276651859283447e-02
-9.035858511924743652e-02
-1.005495935678482056e-01
-1.077660024166107178e-01
-1.140066683292388916e-01
-1.202015280723571777e-01
-1.266317218542098999e-01
-1.323105841875076294e-01
-1.363148242235183716e-01
-1.372923702001571655e-01
-1.352282613515853882e-01
-1.337025612592697144e-01
-1.238291710615158081e-01
-1.125389635562896729e-01
-1.022260636091232300e-01
-9.313003718852996826e-02
-8.294908702373504639e-02
-7.172043621540069580e-02
-6.439340114593505859e-02
-5.547695979475975037e-02
-4.665799066424369812e-02
-4.317941889166831970e-02
-4.147848114371299744e-02
-4.131996259093284607e-02
-4.480965062975883484e-02
-4.770864173769950867e-02
-4.945139214396476746e-02
-5.082760378718376160e-02
-5.658356472849845886e-02
-6.345233321189880371e-02
-7.912679016590118408e-02
-9.078747034072875977e-02
-1.019361466169357300e-01
-1.124890744686126709e-01
-1.162417680025100708e-01
-1.161998510360717773e-01
-1.158447116613388062e-01
-1.179366856813430786e-01
-1.166310608386993408e-01
-1.166106611490249634e-01
-1.088949441909790039e-01
-9.236580133438110352e-02
-7.460138201713562012e-02
-5.800303444266319275e-02
-4.771719500422477722e-02
-4.577706381678581238e-02
-4.666629061102867126e-02
-5.208627507090568542e-02
-5.967594310641288757e-02
-6.653012335300445557e-02
-7.416076958179473877e-02
-8.296041190624237061e-02
-9.235666692256927490e-02
-1.018282622098922729e-01
-1.106875389814376831e-01
-1.186272650957107544e-01
-1.265676170587539673e-01
-1.339948326349258423e-01
-1.326339393854141235e-01
-1.278403550386428833e-01
-1.226752549409866333e-01
-1.175101250410079956e-01
-1.112137585878372192e-01
-1.016406267881393433e-01
-9.166286885738372803e-02
-7.797838747501373291e-02
-1.064822226762771606e-01
-9.877328574657440186e-02
-9.299923479557037354e-02
-8.705036342144012451e-02
-8.090753853321075439e-02
-7.480137050151824951e-02
-7.120285928249359131e-02
-6.922878324985504150e-02
-6.621064245700836182e-02
-6.493650376796722412e-02
-6.516008079051971436e-02
-6.538389623165130615e-02
-6.560723483562469482e-02
-6.632767617702484131e-02
-6.812034547328948975e-02
-7.291491329669952393e-02
-7.537858188152313232e-02
-7.861934602260589600e-02
-8.459834754467010498e-02
-9.235025942325592041e-02
-1.008690744638442993e-01
-1.080996245145797729e-01
-1.104899197816848755e-01
-1.104676276445388794e-01
-1.070212572813034058e-01
-1.017121523618698120e-01
-9.565176069736480713e-02
-8.961610496044158936e-02
-8.435066044330596924e-02
-7.823644578456878662e-02
-7.558168470859527588e-02
-7.309941947460174561e-02
-7.900603115558624268e-02
-8.534167706966400146e-02
-9.188139438629150391e-02
-9.913569688796997070e-02
-1.079315543174743652e-01
-1.180893033742904663e-01
-1.288421601057052612e-01
-1.386009454727172852e-01
-1.505009531974792480e-01
-1.628656834363937378e-01
-1.736401766538619995e-01
-1.802140325307846069e-01
-1.802701950073242188e-01
-1.749781072139739990e-01
-1.645794659852981567e-01
-1.528035849332809448e-01
-1.406203061342239380e-01
-1.286378353834152222e-01
-1.153445094823837280e-01
-9.912930428981781006e-02
-8.341462910175323486e-02
-7.024841010570526123e-02
-5.802797898650169373e-02
-4.391641542315483093e-02
-3.755329176783561707e-02
-3.509419783949851990e-02
-3.590625151991844177e-02
-4.045918211340904236e-02
-4.785818979144096375e-02
-5.703839287161827087e-02
-6.725437939167022705e-02
-7.932145893573760986e-02
-9.015591442584991455e-02
-9.629686176776885986e-02
-1.021732091903686523e-01
-1.086034476757049561e-01
-1.151866614818572998e-01
-1.222021877765655518e-01
-1.270965337753295898e-01
-1.294079273939132690e-01
-1.307928264141082764e-01
-1.270682513713836670e-01
-1.220880150794982910e-01
-1.145119965076446533e-01
-1.022989153861999512e-01
-9.234517812728881836e-02
-8.323393762111663818e-02
-7.465873658657073975e-02
-6.409402191638946533e-02
-5.627768859267234802e-02
-5.019731447100639343e-02
-4.249418899416923523e-02
-3.819134458899497986e-02
-3.551166877150535583e-02
-3.266785666346549988e-02
-3.223806247115135193e-02
-3.398090228438377380e-02
-3.572362288832664490e-02
-3.845327720046043396e-02
-4.600610956549644470e-02
-5.506963655352592468e-02
-6.777419149875640869e-02
-8.056771755218505859e-02
-9.228274226188659668e-02
-1.038885116577148438e-01
-1.096063703298568726e-01
-1.110244393348693848e-01
-1.138030439615249634e-01
-1.213849484920501709e-01
-1.222495734691619873e-01
-1.190174967050552368e-01
-1.056328862905502319e-01
-8.893974125385284424e-02
-7.171751558780670166e-02
-5.747319385409355164e-02
-4.637865349650382996e-02
-4.490983113646507263e-02
-4.668604955077171326e-02
-5.438227578997612000e-02
-6.249907240271568298e-02
-7.139174640178680420e-02
-8.087389171123504639e-02
-9.047929942607879639e-02
-1.000845283269882202e-01
-1.092197149991989136e-01
-1.180380731821060181e-01
-1.268564313650131226e-01
-1.353341192007064819e-01
-1.424367874860763550e-01
-1.427327245473861694e-01
-1.381554454565048218e-01
-1.329904347658157349e-01
-1.276318579912185669e-01
-1.190906912088394165e-01
-1.091127842664718628e-01
-9.652306139469146729e-02
-8.121587336063385010e-02
-9.767581522464752197e-02
-9.244994819164276123e-02
-8.722464740276336670e-02
-8.207137882709503174e-02
-7.675044238567352295e-02
-7.494394481182098389e-02
-7.407002151012420654e-02
-7.365883886814117432e-02
-7.205091416835784912e-02
-7.044239342212677002e-02
-6.883437931537628174e-02
-6.779025495052337646e-02
-6.753052771091461182e-02
-6.777293980121612549e-02
-6.837950646877288818e-02
-7.202817499637603760e-02
-7.534389197826385498e-02
-8.078031241893768311e-02
-8.635006844997406006e-02
-9.191961586475372314e-02
-9.808649122714996338e-02
-1.066652089357376099e-01
-1.111224442720413208e-01
-1.139707118272781372e-01
-1.099982410669326782e-01
-1.026793271303176880e-01
-9.646652638912200928e-02
-9.090279042720794678e-02
-8.639203011989593506e-02
-8.170205354690551758e-02
-8.020652830600738525e-02
-7.684005796909332275e-02
-8.097015321254730225e-02
-8.529917895793914795e-02
-8.977659046649932861e-02
-9.507219493389129639e-02
-1.030135303735733032e-01
-1.137258708477020264e-01
-1.245393753051757812e-01
-1.337288767099380493e-01
-1.449047178030014038e-01
-1.563906669616699219e-01
-1.640211790800094604e-01
-1.714132279157638550e-01
-1.757871061563491821e-01
-1.687662899494171143e-01
-1.597585678100585938e-01
-1.500418037176132202e-01
-1.383427679538726807e-01
-1.263789981603622437e-01
-1.133261471986770630e-01
-9.954006969928741455e-02
-8.452218770980834961e-02
-7.014605402946472168e-02
-5.671959742903709412e-02
-4.581158980727195740e-02
-3.904738649725914001e-02
-3.563518449664115906e-02
-3.646099194884300232e-02
-4.021097347140312195e-02
-4.886577650904655457e-02
-5.908172950148582458e-02
-6.929767131805419922e-02
-8.024597167968750000e-02
-9.091958403587341309e-02
-9.667056798934936523e-02
-1.002766042947769165e-01
-1.045879274606704712e-01
-1.131893694400787354e-01
-1.184214651584625244e-01
-1.217689216136932373e-01
-1.208784133195877075e-01
-1.168018579483032227e-01
-1.127473711967468262e-01
-1.086747944355010986e-01
-1.022917330265045166e-01
-9.404993057250976562e-02
-8.431683480739593506e-02
-7.501231133937835693e-02
-6.659778952598571777e-02
-5.689301714301109314e-02
-4.780065640807151794e-02
-4.265497252345085144e-02
-3.766370937228202820e-02
-3.324576839804649353e-02
-2.853060886263847351e-02
-2.388871833682060242e-02
-2.096385881304740906e-02
-2.378563210368156433e-02
-2.667498216032981873e-02
-3.257780894637107849e-02
-4.200049862265586853e-02
-5.422116443514823914e-02
-6.304404139518737793e-02
-7.545147836208343506e-02
-8.756463229656219482e-02
-1.001293510198593140e-01
-1.101952791213989258e-01
-1.144767403602600098e-01
-1.227584779262542725e-01
-1.299636960029602051e-01
-1.292559355497360229e-01
-1.183244138956069946e-01
-1.055276393890380859e-01
-8.894057571887969971e-02
-7.166641950607299805e-02
-5.918185040354728699e-02
-4.870058223605155945e-02
-4.547923430800437927e-02
-5.016399547457695007e-02
-5.982371792197227478e-02
-6.938423216342926025e-02
-7.898966968059539795e-02
-8.859495818614959717e-02
-9.820024669170379639e-02
-1.077178269624710083e-01
-1.162028759717941284e-01
-1.250210851430892944e-01
-1.329642981290817261e-01
-1.405165344476699829e-01
-1.476191431283950806e-01
-1.485791951417922974e-01
-1.442921906709671021e-01
-1.398505419492721558e-01
-1.341194659471511841e-01
-1.250197440385818481e-01
-1.144031137228012085e-01
-9.976054728031158447e-02
-8.445338904857635498e-02
-9.062452614307403564e-02
-8.607898652553558350e-02
-8.076630532741546631e-02
-7.780437171459197998e-02
-7.840053737163543701e-02
-7.819105684757232666e-02
-7.780162990093231201e-02
-7.688383758068084717e-02
-7.486651837825775146e-02
-7.284872233867645264e-02
-7.083128392696380615e-02
-6.879474222660064697e-02
-6.586627662181854248e-02
-6.569667160511016846e-02
-6.620140373706817627e-02
-7.169865071773529053e-02
-7.624964416027069092e-02
-8.198814094066619873e-02
-8.841510117053985596e-02
-9.484188258647918701e-02
-1.012686043977737427e-01
-1.076958030462265015e-01
-1.133536249399185181e-01
-1.163818389177322388e-01
-1.148096472024917603e-01
-1.077059954404830933e-01
-1.006027609109878540e-01
-9.355662763118743896e-02
-8.763717114925384521e-02
-8.185113966464996338e-02
-7.904902100563049316e-02
-7.654647529125213623e-02
-8.000896871089935303e-02
-8.442880213260650635e-02
-8.890600502490997314e-02
-9.373341500759124756e-02
-9.984861314296722412e-02
-1.093622595071792603e-01
-1.202365010976791382e-01
-1.295175552368164062e-01
-1.390149146318435669e-01
-1.473974138498306274e-01
-1.542813777923583984e-01
-1.590696871280670166e-01
-1.628265529870986938e-01
-1.593032777309417725e-01
-1.507633477449417114e-01
-1.419109553098678589e-01
-1.314716339111328125e-01
-1.211109757423400879e-01
-1.095630675554275513e-01
-9.842927753925323486e-02
-8.535061776638031006e-02
-7.034106552600860596e-02
-5.795773491263389587e-02
-4.972877725958824158e-02
-4.259174689650535583e-02
-3.820377215743064880e-02
-3.764837607741355896e-02
-4.146331176161766052e-02
-5.090908333659172058e-02
-6.112515553832054138e-02
-7.124547660350799561e-02
-8.087025582790374756e-02
-9.149420261383056641e-02
-9.718325734138488770e-02
-1.032549440860748291e-01
-1.085948646068572998e-01
-1.120163351297378540e-01
-1.096335053443908691e-01
-1.090652644634246826e-01
-1.084969341754913330e-01
-1.050548255443572998e-01
-1.001811176538467407e-01
-9.570944309234619141e-02
-9.076967835426330566e-02
-8.600096404552459717e-02
-7.813438773155212402e-02
-6.869688630104064941e-02
-5.925452336668968201e-02
-5.057897791266441345e-02
-4.360754415392875671e-02
-4.056131467223167419e-02
-3.801273927092552185e-02
-3.127489611506462097e-02
-2.582902833819389343e-02
-2.186657115817070007e-02
-1.862351223826408386e-02
-1.806856319308280945e-02
-2.266248688101768494e-02
-2.954539284110069275e-02
-4.134714975953102112e-02
-5.252992734313011169e-02
-6.266668438911437988e-02
-7.506603002548217773e-02
-9.011355042457580566e-02
-1.034083217382431030e-01
-1.157161742448806763e-01
-1.245943158864974976e-01
-1.341726183891296387e-01
-1.393153220415115356e-01
-1.290874034166336060e-01
-1.180385500192642212e-01
-1.055286377668380737e-01
-8.894169330596923828e-02
-7.236491143703460693e-02
-6.142378970980644226e-02
-5.391865596175193787e-02
-4.964120313525199890e-02
-5.770343169569969177e-02
-6.749992072582244873e-02
-7.710523903369903564e-02
-8.671052753925323486e-02
-9.631602466106414795e-02
-1.059212535619735718e-01
-1.146169155836105347e-01
-1.227751821279525757e-01
-1.305630058050155640e-01
-1.383510380983352661e-01
-1.456991285085678101e-01
-1.524503380060195923e-01
-1.544251590967178345e-01
-1.500216573476791382e-01
-1.454956978559494019e-01
-1.371228843927383423e-01
-1.276005059480667114e-01
-1.131718605756759644e-01
-9.874339401721954346e-02
-8.431445062160491943e-02
-7.925869524478912354e-02
-7.626898586750030518e-02
-7.689590752124786377e-02
-7.815377414226531982e-02
-7.940848171710968018e-02
-7.930703461170196533e-02
-7.861857116222381592e-02
-7.755111157894134521e-02
-7.553388178348541260e-02
-7.351650297641754150e-02
-7.139514386653900146e-02
-6.837992370128631592e-02
-6.607864797115325928e-02
-6.612350046634674072e-02
-6.918998062610626221e-02
-7.491578161716461182e-02
-8.032347261905670166e-02
-8.613343536853790283e-02
-9.232406318187713623e-02
-9.910021722316741943e-02
-1.060322374105453491e-01
-1.129640787839889526e-01
-1.186910122632980347e-01
-1.207916289567947388e-01
-1.209636777639389038e-01
-1.138600856065750122e-01
-1.058465391397476196e-01
-9.733627736568450928e-02
-8.911530673503875732e-02
-7.922868430614471436e-02
-7.332456111907958984e-02
-7.082198560237884521e-02
-7.520973682403564453e-02
-8.222497999668121338e-02
-8.737142384052276611e-02
-9.290988743305206299e-02
-9.956271946430206299e-02
-1.072507947683334351e-01
-1.161586493253707886e-01
-1.250334829092025757e-01
-1.316723078489303589e-01
-1.356997042894363403e-01
-1.403262466192245483e-01
-1.448584347963333130e-01
-1.483077257871627808e-01
-1.492876857519149780e-01
-1.407947540283203125e-01
-1.309895068407058716e-01
-1.206171959638595581e-01
-1.108988672494888306e-01
-1.026463508605957031e-01
-9.332589805126190186e-02
-8.300435543060302734e-02
-7.003347575664520264e-02
-6.023949012160301208e-02
-5.482445284724235535e-02
-4.887885972857475281e-02
-4.202861711382865906e-02
-4.009471461176872253e-02
-4.500674828886985779e-02
-5.346478149294853210e-02
-6.315179169178009033e-02
-7.317502796649932861e-02
-8.130688965320587158e-02
-9.354835748672485352e-02
-1.014547795057296753e-01
-1.080045253038406372e-01
-1.101287454366683960e-01
-1.076190024614334106e-01
-1.043731868267059326e-01
-1.011184304952621460e-01
-9.998703002929687500e-02
-9.875045716762542725e-02
-9.505864977836608887e-02
-8.923317492008209229e-02
-8.538986742496490479e-02
-8.035813271999359131e-02
-7.457612454891204834e-02
-6.546157598495483398e-02
-5.595740303397178650e-02
-4.814412817358970642e-02
-4.272733256220817566e-02
-3.876801952719688416e-02
-3.528299555182456970e-02
-3.004116937518119812e-02
-2.436096593737602234e-02
-2.173608168959617615e-02
-1.908731088042259216e-02
-1.722919568419456482e-02
-2.273261174559593201e-02
-3.199021145701408386e-02
-4.563726112246513367e-02
-5.648013576865196228e-02
-6.810367107391357422e-02
-7.973256707191467285e-02
-9.423220157623291016e-02
-1.066918820142745972e-01
-1.207437813282012939e-01
-1.352969557046890259e-01
-1.439140439033508301e-01
-1.398502439260482788e-01
-1.288013905286788940e-01
-1.177526712417602539e-01
-1.057309508323669434e-01
-8.959001302719116211e-02
-7.618248462677001953e-02
-6.748202443122863770e-02
-6.295554339885711670e-02
-5.850629135966300964e-02
-6.561565399169921875e-02
-7.522074878215789795e-02
-8.482615649700164795e-02
-9.443147480487823486e-02
-1.040367931127548218e-01
-1.130466312170028687e-01
-1.205392032861709595e-01
-1.281486004590988159e-01
-1.359496861696243286e-01
-1.437376290559768677e-01
-1.506215184926986694e-01
-1.572254747152328491e-01
-1.601928323507308960e-01
-1.556669324636459351e-01
-1.492254883050918579e-01
-1.401259154081344604e-01
-1.263691633939743042e-01
-1.119406670331954956e-01
-9.751190245151519775e-02
-8.308313786983489990e-02
-7.154269516468048096e-02
-7.292447984218597412e-02
-7.418210804462432861e-02
-7.544012367725372314e-02
-7.669807970523834229e-02
-7.795570790767669678e-02
-7.867352664470672607e-02
-7.821880280971527100e-02
-7.620154321193695068e-02
-7.392506301403045654e-02
-7.175786793231964111e-02
-6.959961354732513428e-02
-7.072173058986663818e-02
-7.378818094730377197e-02
-7.694442570209503174e-02
-8.145509660243988037e-02
-8.601956069469451904e-02
-9.207819402217864990e-02
-9.872065484523773193e-02
-1.053632646799087524e-01
-1.121947318315505981e-01
-1.191264837980270386e-01
-1.256811767816543579e-01
-1.279133707284927368e-01
-1.253051012754440308e-01
-1.177214235067367554e-01
-1.089848428964614868e-01
-9.839396178722381592e-02
-8.850751817226409912e-02
-7.862055301666259766e-02
-7.020816206932067871e-02
-6.570173799991607666e-02
-6.871573626995086670e-02
-7.624575495719909668e-02
-8.364139497280120850e-02
-9.057016670703887939e-02
-9.803597629070281982e-02
-1.061792820692062378e-01
-1.141132861375808716e-01
-1.182134002447128296e-01
-1.192379444837570190e-01
-1.215828210115432739e-01
-1.264171302318572998e-01
-1.301884055137634277e-01
-1.337891072034835815e-01
-1.370205432176589966e-01
-1.292411088943481445e-01
-1.191882044076919556e-01
-1.095149368047714233e-01
-1.007307618856430054e-01
-9.224966168403625488e-02
-8.304162323474884033e-02
-7.527282834053039551e-02
-6.819096207618713379e-02
-6.158920750021934509e-02
-5.731463059782981873e-02
-5.367377027869224548e-02
-4.859923943877220154e-02
-4.689512774348258972e-02
-5.161743983626365662e-02
-5.968021973967552185e-02
-7.031142711639404297e-02
-8.050067722797393799e-02
-9.077823162078857422e-02
-1.024119853973388672e-01
-1.077727824449539185e-01
-1.123387217521667480e-01
-1.114808619022369385e-01
-1.082969158887863159e-01
-1.051129400730133057e-01
-1.018978953361511230e-01
-9.864315390586853027e-02
-9.532943367958068848e-02
-9.003150463104248047e-02
-8.485820889472961426e-02
-7.832501828670501709e-02
-7.357956469058990479e-02
-6.853178143501281738e-02
-6.357589364051818848e-02
-5.578231438994407654e-02
-4.884291812777519226e-02
-4.131465777754783630e-02
-3.567297384142875671e-02
-3.578525409102439880e-02
-3.230207785964012146e-02
-2.683327719569206238e-02
-2.299479767680168152e-02
-2.193832024931907654e-02
-2.331240102648735046e-02
-2.679441496729850769e-02
-3.874691948294639587e-02
-5.132186040282249451e-02
-6.269855797290802002e-02
-7.406589388847351074e-02
-8.543325960636138916e-02
-9.747700393199920654e-02
-1.100851297378540039e-01
-1.284086555242538452e-01
-1.432849913835525513e-01
-1.472484916448593140e-01
-1.395403295755386353e-01
-1.287363469600677490e-01
-1.182815879583358765e-01
-1.081222295761108398e-01
-9.406943619251251221e-02
-8.357633650302886963e-02
-7.547695934772491455e-02
-7.262997329235076904e-02
-6.933464109897613525e-02
-7.333663105964660645e-02
-8.294196426868438721e-02
-9.254722297191619873e-02
-1.021526008844375610e-01
-1.109647601842880249e-01
-1.184031218290328979e-01
-1.258413940668106079e-01
-1.334967762231826782e-01
-1.413362473249435425e-01
-1.487926691770553589e-01
-1.553968042135238647e-01
-1.619608253240585327e-01
-1.658381670713424683e-01
-1.609842032194137573e-01
-1.522290259599685669e-01
-1.395667940378189087e-01
-1.251381486654281616e-01
-1.107094138860702515e-01
-9.628067910671234131e-02
-8.185170590877532959e-02
-6.787900626659393311e-02
-7.002358138561248779e-02
-7.146869599819183350e-02
-7.272635400295257568e-02
-7.412667572498321533e-02
-7.535590231418609619e-02
-7.718719542026519775e-02
-7.774864137172698975e-02
-7.724429666996002197e-02
-7.615701854228973389e-02
-7.476522028446197510e-02
-7.613582909107208252e-02
-7.970668375492095947e-02
-8.327816426753997803e-02
-8.684985339641571045e-02
-9.064652025699615479e-02
-9.521101415157318115e-02
-9.998361766338348389e-02
-1.053267568349838257e-01
-1.119693070650100708e-01
-1.186117976903915405e-01
-1.252890974283218384e-01
-1.315074115991592407e-01
-1.334704011678695679e-01
-1.302978247404098511e-01
-1.206083446741104126e-01
-1.083604544401168823e-01
-9.778572618961334229e-02
-8.789919316768646240e-02
-7.801263034343719482e-02
-6.940852105617523193e-02
-6.398354470729827881e-02
-6.482841074466705322e-02
-7.035450637340545654e-02
-7.729743421077728271e-02
-8.597753942012786865e-02
-9.592695534229278564e-02
-1.040229946374893188e-01
-1.080226153135299683e-01
-1.066829413175582886e-01
-1.061065942049026489e-01
-1.077717691659927368e-01
-1.119155138731002808e-01
-1.154674291610717773e-01
-1.188866198062896729e-01
-1.205711513757705688e-01
-1.175020784139633179e-01
-1.080136001110076904e-01
-9.862710535526275635e-02
-8.962406218051910400e-02
-8.188833296298980713e-02
-7.459819316864013672e-02
-7.089346647262573242e-02
-6.701962649822235107e-02
-6.344510614871978760e-02
-6.201052293181419373e-02
-6.204282864928245544e-02
-6.169284507632255554e-02
-6.086849793791770935e-02
-6.645381450653076172e-02
-7.430517673492431641e-02
-8.435997366905212402e-02
-9.342664480209350586e-02
-9.904113411903381348e-02
-1.063436269760131836e-01
-1.118949949741363525e-01
-1.148007661104202271e-01
-1.121588498353958130e-01
-1.089746803045272827e-01
-1.057907491922378540e-01
-1.021336168050765991e-01
-9.840384125709533691e-02
-9.464715421199798584e-02
-8.892682194709777832e-02
-8.261148631572723389e-02
-7.720251381397247314e-02
-7.155337929725646973e-02
-6.687547266483306885e-02
-6.269159913063049316e-02
-5.674594268202781677e-02
-4.860613867640495300e-02
-3.975100442767143250e-02
-3.475685045123100281e-02
-3.445572778582572937e-02
-3.417057916522026062e-02
-3.122092410922050476e-02
-2.792071923613548279e-02
-2.830862626433372498e-02
-3.205476328730583191e-02
-3.719438239932060242e-02
-4.749796912074089050e-02
-5.733003839850425720e-02
-6.866072118282318115e-02
-8.002807199954986572e-02
-9.074719250202178955e-02
-9.995979070663452148e-02
-1.170501708984375000e-01
-1.332382857799530029e-01
-1.470928192138671875e-01
-1.471468657255172729e-01
-1.394967436790466309e-01
-1.308656930923461914e-01
-1.226865798234939575e-01
-1.138647198677062988e-01
-1.002323180437088013e-01
-9.156876802444458008e-02
-8.458693325519561768e-02
-8.230386674404144287e-02
-8.030834794044494629e-02
-8.105760812759399414e-02
-9.066288173198699951e-02
-1.002208888530731201e-01
-1.087955981492996216e-01
-1.162672489881515503e-01
-1.237056106328964233e-01
-1.311439722776412964e-01
-1.388451009988784790e-01
-1.466457098722457886e-01
-1.535679250955581665e-01
-1.601703017950057983e-01
-1.665350347757339478e-01
-1.712388247251510620e-01
-1.643319576978683472e-01
-1.527641266584396362e-01
-1.383352428674697876e-01
-1.239067763090133667e-01
-1.094781011343002319e-01
-9.504909813404083252e-02
-8.112873136997222900e-02
-6.484504044055938721e-02
-6.682120263576507568e-02
-6.915478408336639404e-02
-7.144670188426971436e-02
-7.359834015369415283e-02
-7.574205100536346436e-02
-7.831399142742156982e-02
-7.917229831218719482e-02
-7.858969271183013916e-02
-7.896088063716888428e-02
-8.143164217472076416e-02
-8.483244478702545166e-02
-8.947442471981048584e-02
-9.319646656513214111e-02
-9.676818549633026123e-02
-9.983827173709869385e-02
-1.044026762247085571e-01
-1.090781539678573608e-01
-1.143720000982284546e-01
-1.196661740541458130e-01
-1.246016472578048706e-01
-1.297635287046432495e-01
-1.348605006933212280e-01
-1.356767863035202026e-01
-1.313713341951370239e-01
-1.228722184896469116e-01
-1.104782670736312866e-01
-9.738029539585113525e-02
-8.729116618633270264e-02
-7.740451395511627197e-02
-6.862135231494903564e-02
-6.226525828242301941e-02
-6.234033033251762390e-02
-6.786678731441497803e-02
-7.366205751895904541e-02
-8.080022037029266357e-02
-8.871339261531829834e-02
-9.546445310115814209e-02
-9.725891053676605225e-02
-9.637452661991119385e-02
-9.593316912651062012e-02
-9.614939987659454346e-02
-9.721322357654571533e-02
-1.009864956140518188e-01
-1.046541482210159302e-01
-1.073179244995117188e-01
-1.095588058233261108e-01
-1.025052070617675781e-01
-9.437622129917144775e-02
-8.624732494354248047e-02
-7.861021161079406738e-02
-7.515299320220947266e-02
-7.244323194026947021e-02
-6.976813077926635742e-02
-6.926184892654418945e-02
-6.737627089023590088e-02
-6.763088703155517578e-02
-7.035058736801147461e-02
-7.246041297912597656e-02
-7.902163267135620117e-02
-8.614994585514068604e-02
-9.484381973743438721e-02
-1.021546870470046997e-01
-1.062103509902954102e-01
-1.116815656423568726e-01
-1.166426092386245728e-01
-1.168455928564071655e-01
-1.149972379207611084e-01
-1.113834828138351440e-01
-1.077575832605361938e-01
-1.043613553047180176e-01
-1.009650975465774536e-01
-9.833692014217376709e-02
-9.391063451766967773e-02
-8.742427825927734375e-02
-7.926711440086364746e-02
-7.166823744773864746e-02
-6.564882397651672363e-02
-5.811270698904991150e-02
-5.428416654467582703e-02
-4.758938774466514587e-02
-3.949415311217308044e-02
-3.587494418025016785e-02
-3.521509096026420593e-02
-3.767554089426994324e-02
-3.798850998282432556e-02
-3.565226122736930847e-02
-3.727113828063011169e-02
-4.255705699324607849e-02
-4.938976094126701355e-02
-5.450476333498954773e-02
-6.338602304458618164e-02
-7.462303340435028076e-02
-8.599027991294860840e-02
-9.532628953456878662e-02
-1.059540361166000366e-01
-1.209501773118972778e-01
-1.376698166131973267e-01
-1.451589912176132202e-01
-1.496328562498092651e-01
-1.433743387460708618e-01
-1.356605887413024902e-01
-1.280334442853927612e-01
-1.201318353414535522e-01
-1.078183203935623169e-01
-9.963694214820861816e-02
-9.429708123207092285e-02
-9.187607467174530029e-02
-9.123717248439788818e-02
-9.193764626979827881e-02
-9.777049720287322998e-02
-1.063454002141952515e-01
-1.141311079263687134e-01
-1.215696781873703003e-01
-1.290080398321151733e-01
-1.364466100931167603e-01
-1.441930979490280151e-01
-1.516252905130386353e-01
-1.583431810140609741e-01
-1.647447496652603149e-01
-1.709479242563247681e-01
-1.763926297426223755e-01
-1.659615486860275269e-01
-1.515329331159591675e-01
-1.371042281389236450e-01
-1.226754337549209595e-01
-1.082466691732406616e-01
-9.348200261592864990e-02
-8.252497017383575439e-02
-6.388755142688751221e-02
-6.748573482036590576e-02
-7.087744772434234619e-02
-7.442851364612579346e-02
-7.727585732936859131e-02
-7.969926297664642334e-02
-8.139766752719879150e-02
-8.184565603733062744e-02
-8.334146440029144287e-02
-8.564396202564239502e-02
-8.794604241847991943e-02
-9.197475016117095947e-02
-9.648697078227996826e-02
-1.011291593313217163e-01
-1.057709306478500366e-01
-1.090677827596664429e-01
-1.135941594839096069e-01
-1.181727200746536255e-01
-1.229488700628280640e-01
-1.267621666193008423e-01
-1.305756419897079468e-01
-1.329766362905502319e-01
-1.348005086183547974e-01
-1.354067474603652954e-01
-1.320385783910751343e-01
-1.239499896764755249e-01
-1.135695427656173706e-01
-1.004879474639892578e-01
-8.806172013282775879e-02
-7.679647207260131836e-02
-6.783396005630493164e-02
-6.064484640955924988e-02
-6.064398214221000671e-02
-6.695969402790069580e-02
-7.269848883152008057e-02
-7.806082069873809814e-02
-8.397822082042694092e-02
-8.645363152027130127e-02
-9.012611210346221924e-02
-9.224307537078857422e-02
-9.291715919971466064e-02
-9.313330054283142090e-02
-9.101471304893493652e-02
-9.092037379741668701e-02
-9.462182223796844482e-02
-9.742699563503265381e-02
-1.003113538026809692e-01
-9.843607246875762939e-02
-9.076254069805145264e-02
-8.308883011341094971e-02
-7.897195219993591309e-02
-7.706224918365478516e-02
-7.424275577068328857e-02
-7.306250929832458496e-02
-7.327587902545928955e-02
-7.220102846622467041e-02
-7.395441830158233643e-02
-7.795126736164093018e-02
-7.969838380813598633e-02
-8.390156924724578857e-02
-9.075947105884552002e-02
-1.018322259187698364e-01
-1.104407608509063721e-01
-1.170853078365325928e-01
-1.218987554311752319e-01
-1.247135549783706665e-01
-1.212134212255477905e-01
-1.183843761682510376e-01
-1.143197864294052124e-01
-1.107150763273239136e-01
-1.073187738656997681e-01
-1.045565456151962280e-01
-1.021345257759094238e-01
-9.835553169250488281e-02
-9.228302538394927979e-02
-8.500681817531585693e-02
-7.437911629676818848e-02
-6.331963837146759033e-02
-5.550153180956840515e-02
-5.008962377905845642e-02
-4.850685223937034607e-02
-4.309672489762306213e-02
-3.905123844742774963e-02
-3.819535300135612488e-02
-4.130930826067924500e-02
-4.514871165156364441e-02
-4.666465148329734802e-02
-4.763544723391532898e-02
-5.339498445391654968e-02
-6.065806373953819275e-02
-6.436078250408172607e-02
-7.014498114585876465e-02
-8.058521151542663574e-02
-9.116481244564056396e-02
-9.971164166927337646e-02
-1.120392382144927979e-01
-1.258552223443984985e-01
-1.374480426311492920e-01
-1.468666493892669678e-01
-1.548331826925277710e-01
-1.484300792217254639e-01
-1.408607363700866699e-01
-1.332915127277374268e-01
-1.256952434778213501e-01
-1.156489402055740356e-01
-1.077130287885665894e-01
-1.040072143077850342e-01
-1.014657169580459595e-01
-1.020174771547317505e-01
-1.016874164342880249e-01
-1.038951426744461060e-01
-1.119951456785202026e-01
-1.194335371255874634e-01
-1.268721371889114380e-01
-1.343103200197219849e-01
-1.417491286993026733e-01
-1.491485685110092163e-01
-1.564811319112777710e-01
-1.629541963338851929e-01
-1.692407876253128052e-01
-1.750310510396957397e-01
-1.784333735704421997e-01
-1.647305339574813843e-01
-1.503015607595443726e-01
-1.358731538057327271e-01
-1.214443296194076538e-01
-1.067003458738327026e-01
-9.180991351604461670e-02
-8.392126858234405518e-02
-5.719656869769096375e-02
-6.425379216670989990e-02
-7.152332365512847900e-02
-7.709558308124542236e-02
-8.112914860248565674e-02
-8.301873505115509033e-02
-8.458070456981658936e-02
-8.793468773365020752e-02
-9.092040359973907471e-02
-9.322281181812286377e-02
-9.587614238262176514e-02
-1.003497987985610962e-01
-1.048234850168228149e-01
-1.092971116304397583e-01
-1.137709170579910278e-01
-1.168468147516250610e-01
-1.213372796773910522e-01
-1.253231614828109741e-01
-1.294949203729629517e-01
-1.320068091154098511e-01
-1.335768252611160278e-01
-1.352928131818771362e-01
-1.362190693616867065e-01
-1.363124996423721313e-01
-1.345836073160171509e-01
-1.274052709341049194e-01
-1.194279342889785767e-01
-1.074149310588836670e-01
-9.577800333499908447e-02
-8.414107561111450195e-02
-7.324892282485961914e-02
-6.648448109626770020e-02
-6.493148207664489746e-02
-6.828005611896514893e-02
-7.225351035594940186e-02
-7.779155671596527100e-02
-8.095203340053558350e-02
-8.340851962566375732e-02
-8.645063638687133789e-02
-8.778825402259826660e-02
-8.991052210330963135e-02
-8.996422588825225830e-02
-8.740836381912231445e-02
-8.521150052547454834e-02
-8.594800531864166260e-02
-8.848913013935089111e-02
-9.150455892086029053e-02
-9.415565431118011475e-02
-8.666536211967468262e-02
-8.179751038551330566e-02
-7.923007011413574219e-02
-7.804395258426666260e-02
-7.647547125816345215e-02
-7.739810645580291748e-02
-7.881797850131988525e-02
-8.130745589733123779e-02
-8.018742501735687256e-02
-8.275684714317321777e-02
-8.589410781860351562e-02
-8.927789330482482910e-02
-9.501309692859649658e-02
-1.043912470340728760e-01
-1.148134469985961914e-01
-1.220946460962295532e-01
-1.274086236953735352e-01
-1.294037252664566040e-01
-1.277248263359069824e-01
-1.244748383760452271e-01
-1.190487146377563477e-01
-1.145268827676773071e-01
-1.109086722135543823e-01
-1.084047555923461914e-01
-1.056003719568252563e-01
-1.018213927745819092e-01
-9.551371634006500244e-02
-8.766214549541473389e-02
-7.824614644050598145e-02
-6.833130121231079102e-02
-5.996182933449745178e-02
-5.188379809260368347e-02
-4.668230935931205750e-02
-4.689798876643180847e-02
-4.403522983193397522e-02
-4.325530305504798889e-02
-4.702993109822273254e-02
-5.180425569415092468e-02
-5.710887536406517029e-02
-6.039514765143394470e-02
-6.469753384590148926e-02
-6.917506456375122070e-02
-7.327979803085327148e-02
-7.801829278469085693e-02
-8.739461004734039307e-02
-9.411914646625518799e-02
-1.068610697984695435e-01
-1.213009655475616455e-01
-1.315119564533233643e-01
-1.395616829395294189e-01
-1.490426063537597656e-01
-1.576111465692520142e-01
-1.533016264438629150e-01
-1.461188495159149170e-01
-1.385495364665985107e-01
-1.309803426265716553e-01
-1.229122728109359741e-01
-1.153752356767654419e-01
-1.134684532880783081e-01
-1.116799563169479370e-01
-1.113500446081161499e-01
-1.110199242830276489e-01
-1.105292886495590210e-01
-1.172976046800613403e-01
-1.247360259294509888e-01
-1.321744769811630249e-01
-1.396128982305526733e-01
-1.467500776052474976e-01
-1.540895253419876099e-01
-1.610921472311019897e-01
-1.675284951925277710e-01
-1.733238250017166138e-01
-1.788538843393325806e-01
-1.761311441659927368e-01
-1.634992212057113647e-01
-1.490703076124191284e-01
-1.346415132284164429e-01
-1.199187785387039185e-01
-1.050281673669815063e-01
-9.231196343898773193e-02
-8.531771600246429443e-02
-5.231175944209098816e-02
-5.756915733218193054e-02
-6.304703652858734131e-02
-7.027988135814666748e-02
-7.635377347469329834e-02
-8.363930881023406982e-02
-9.101401269435882568e-02
-9.500317275524139404e-02
-9.814997017383575439e-02
-1.008019596338272095e-01
-1.042509227991104126e-01
-1.087249070405960083e-01
-1.131987124681472778e-01
-1.176721900701522827e-01
-1.223571747541427612e-01
-1.245332807302474976e-01
-1.282343119382858276e-01
-1.321556419134140015e-01
-1.353835314512252808e-01
-1.387912184000015259e-01
-1.421987563371658325e-01
-1.447785943746566772e-01
-1.456313878297805786e-01
-1.456846743822097778e-01
-1.442943364381790161e-01
-1.368656307458877563e-01
-1.281015723943710327e-01
-1.176607757806777954e-01
-1.058602333068847656e-01
-9.422321617603302002e-02
-8.315168321132659912e-02
-7.196408510208129883e-02
-6.482574343681335449e-02
-6.833837926387786865e-02
-7.273574173450469971e-02
-7.699091732501983643e-02
-7.924975454807281494e-02
-8.229212462902069092e-02
-8.533440530300140381e-02
-8.658953011035919189e-02
-8.636519312858581543e-02
-8.469091355800628662e-02
-8.271415531635284424e-02
-8.109652996063232422e-02
-8.156277239322662354e-02
-8.195707201957702637e-02
-8.419658243656158447e-02
-8.754222095012664795e-02
-8.757168054580688477e-02
-8.559694886207580566e-02
-8.374837040901184082e-02
-8.243826031684875488e-02
-8.167342841625213623e-02
-8.261179924011230469e-02
-8.114114403724670410e-02
-8.267942070960998535e-02
-8.463406562805175781e-02
-8.748511970043182373e-02
-9.004159271717071533e-02
-9.296585619449615479e-02
-9.849400818347930908e-02
-1.057447940111160278e-01
-1.146606653928756714e-01
-1.210307776927947998e-01
-1.264735609292984009e-01
-1.291506290435791016e-01
-1.298770010471343994e-01
-1.289195418357849121e-01
-1.261516958475112915e-01
-1.213335990905761719e-01
-1.169038861989974976e-01
-1.130849868059158325e-01
-1.084856688976287842e-01
-1.033557206392288208e-01
-9.921787679195404053e-02
-9.283155202865600586e-02
-8.426950871944427490e-02
-7.484036684036254883e-02
-6.680956482887268066e-02
-5.899068340659141541e-02
-5.159239843487739563e-02
-4.980137571692466736e-02
-5.142965540289878845e-02
-5.025094375014305115e-02
-5.311378464102745056e-02
-5.896082893013954163e-02
-6.656399369239807129e-02
-7.299423217773437500e-02
-7.667151093482971191e-02
-7.755753397941589355e-02
-8.159336447715759277e-02
-8.731091022491455078e-02
-9.240008890628814697e-02
-1.038042306900024414e-01
-1.181247383356094360e-01
-1.306955665349960327e-01
-1.357783079147338867e-01
-1.418420076370239258e-01
-1.514613628387451172e-01
-1.590588092803955078e-01
-1.576257348060607910e-01
-1.513767093420028687e-01
-1.438074111938476562e-01
-1.365137249231338501e-01
-1.301797926425933838e-01
-1.240954548120498657e-01
-1.207248419523239136e-01
-1.208412200212478638e-01
-1.206824928522109985e-01
-1.203524023294448853e-01
-1.190396696329116821e-01
-1.226000636816024780e-01
-1.300385743379592896e-01
-1.374771147966384888e-01
-1.447054892778396606e-01
-1.516452282667160034e-01
-1.589431613683700562e-01
-1.656280905008316040e-01
-1.716165691614151001e-01
-1.774069517850875854e-01
-1.773670464754104614e-01
-1.738288253545761108e-01
-1.622680276632308960e-01
-1.478392630815505981e-01
-1.331373304128646851e-01
-1.182467788457870483e-01
-1.033560186624526978e-01
-9.497307240962982178e-02
-9.165053069591522217e-02
-5.063850805163383484e-02
-5.576081201434135437e-02
-6.076438352465629578e-02
-6.507556140422821045e-02
-7.152031362056732178e-02
-8.086876571178436279e-02
-9.058313071727752686e-02
-9.862540662288665771e-02
-1.062220185995101929e-01
-1.129142791032791138e-01
-1.189895421266555786e-01
-1.241894811391830444e-01
-1.291658729314804077e-01
-1.328852027654647827e-01
-1.366046816110610962e-01
-1.379348188638687134e-01
-1.389571577310562134e-01
-1.415722221136093140e-01
-1.446398347616195679e-01
-1.479845494031906128e-01
-1.513289660215377808e-01
-1.543193906545639038e-01
-1.557181924581527710e-01
-1.567766815423965454e-01
-1.561510115861892700e-01
-1.502795070409774780e-01
-1.407687216997146606e-01
-1.312916725873947144e-01
-1.192225068807601929e-01
-1.065477877855300903e-01
-9.227119386196136475e-02
-8.011890947818756104e-02
-6.960920989513397217e-02
-7.048581540584564209e-02
-7.389172911643981934e-02
-7.586134970188140869e-02
-7.851694524288177490e-02
-8.157490193843841553e-02
-8.472053706645965576e-02
-8.533068001270294189e-02
-8.522205054759979248e-02
-8.285976946353912354e-02
-8.127970993518829346e-02
-8.098362386226654053e-02
-8.137388527393341064e-02
-8.148466050624847412e-02
-8.160263299942016602e-02
-8.450108766555786133e-02
-9.197033941745758057e-02
-9.023281931877136230e-02
-8.854234218597412109e-02
-8.575242757797241211e-02
-8.232843875885009766e-02
-8.081577718257904053e-02
-8.322244882583618164e-02
-8.644364774227142334e-02
-8.962638676166534424e-02
-9.134110808372497559e-02
-9.240654110908508301e-02
-9.411045908927917480e-02
-9.799252450466156006e-02
-1.032809615135192871e-01
-1.118599474430084229e-01
-1.191704124212265015e-01
-1.232774257659912109e-01
-1.257591247558593750e-01
-1.269406229257583618e-01
-1.280784904956817627e-01
-1.280564367771148682e-01
-1.268630921840667725e-01
-1.256468743085861206e-01
-1.209768503904342651e-01
-1.140608638525009155e-01
-1.077879369258880615e-01
-1.030419319868087769e-01
-9.755101799964904785e-02
-9.007976949214935303e-02
-8.191196620464324951e-02
-7.464668154716491699e-02
-6.777112185955047607e-02
-6.222672387957572937e-02
-6.000485643744468689e-02
-5.956849828362464905e-02
-5.808411166071891785e-02
-5.953925475478172302e-02
-6.694203615188598633e-02
-7.603600621223449707e-02
-8.382898569107055664e-02
-8.732651174068450928e-02
-8.670429885387420654e-02
-9.113918244838714600e-02
-9.723372757434844971e-02
-1.040361076593399048e-01
-1.163589358329772949e-01
-1.303359270095825195e-01
-1.350318789482116699e-01
-1.402591168880462646e-01
-1.454864889383316040e-01
-1.538800597190856934e-01
-1.605064570903778076e-01
-1.613858193159103394e-01
-1.559511572122573853e-01
-1.490655988454818726e-01
-1.435316056013107300e-01
-1.367002874612808228e-01
-1.310740560293197632e-01
-1.276044696569442749e-01
-1.294339150190353394e-01
-1.296112984418869019e-01
-1.290165632963180542e-01
-1.275501996278762817e-01
-1.279027312994003296e-01
-1.353411227464675903e-01
-1.426610797643661499e-01
-1.496007591485977173e-01
-1.564994007349014282e-01
-1.636656373739242554e-01
-1.697608679533004761e-01
-1.756848543882369995e-01
-1.786029785871505737e-01
-1.750648468732833862e-01
-1.715268343687057495e-01
-1.610365360975265503e-01
-1.463557630777359009e-01
-1.314650923013687134e-01
-1.165743023157119751e-01
-1.046621054410934448e-01
-1.013395339250564575e-01
-9.801696240901947021e-02
-5.211396142840385437e-02
-5.767835304141044617e-02
-6.303031742572784424e-02
-7.095052301883697510e-02
-7.867677509784698486e-02
-8.707292377948760986e-02
-9.474186599254608154e-02
-1.029221564531326294e-01
-1.110159307718276978e-01
-1.191733926534652710e-01
-1.284910589456558228e-01
-1.359292119741439819e-01
-1.430553048849105835e-01
-1.475614756345748901e-01
-1.492321640253067017e-01
-1.488318592309951782e-01
-1.493353992700576782e-01
-1.519504934549331665e-01
-1.549210995435714722e-01
-1.582656055688858032e-01
-1.616103798151016235e-01
-1.644890755414962769e-01
-1.658960431814193726e-01
-1.673028022050857544e-01
-1.687093228101730347e-01
-1.660860925912857056e-01
-1.574846357107162476e-01
-1.481921821832656860e-01
-1.338144391775131226e-01
-1.175046116113662720e-01
-1.028211265802383423e-01
-9.109328687191009521e-02
-7.938699424266815186e-02
-8.005999028682708740e-02
-7.923765480518341064e-02
-8.139070868492126465e-02
-8.473192155361175537e-02
-8.742447197437286377e-02
-8.945000171661376953e-02
-8.966374397277832031e-02
-8.756768703460693359e-02
-8.591060340404510498e-02
-8.541740477085113525e-02
-8.547940850257873535e-02
-8.487063646316528320e-02
-8.324415981769561768e-02
-8.467927575111389160e-02
-8.969895541667938232e-02
-9.547667205333709717e-02
-9.550750255584716797e-02
-8.986787497997283936e-02
-8.411085605621337891e-02
-8.340618014335632324e-02
-8.620242774486541748e-02
-8.950535953044891357e-02
-9.240569174289703369e-02
-9.424255788326263428e-02
-9.412600100040435791e-02
-9.445707499980926514e-02
-9.502628445625305176e-02
-9.741933643817901611e-02
-1.005924791097640991e-01
-1.083667278289794922e-01
-1.147342324256896973e-01
-1.184525042772293091e-01
-1.219068467617034912e-01
-1.241513788700103760e-01
-1.264740377664566040e-01
-1.294431835412979126e-01
-1.299225836992263794e-01
-1.283659338951110840e-01
-1.260192692279815674e-01
-1.217884421348571777e-01
-1.159286350011825562e-01
-1.098868548870086670e-01
-1.038701534271240234e-01
-9.717141091823577881e-02
-9.087410569190979004e-02
-8.399322628974914551e-02
-7.711237668991088867e-02
-7.312805950641632080e-02
-7.184237241744995117e-02
-7.134297490119934082e-02
-7.099302113056182861e-02
-6.839080154895782471e-02
-7.636393606662750244e-02
-8.552531898021697998e-02
-9.470163285732269287e-02
-9.796403348445892334e-02
-9.942507743835449219e-02
-1.020497679710388184e-01
-1.080713570117950439e-01
-1.183893531560897827e-01
-1.288096904754638672e-01
-1.355732977390289307e-01
-1.398469507694244385e-01
-1.447741985321044922e-01
-1.500015854835510254e-01
-1.562987715005874634e-01
-1.619541496038436890e-01
-1.636415421962738037e-01
-1.599960327148437500e-01
-1.532731205224990845e-01
-1.491676121950149536e-01
-1.423924714326858521e-01
-1.379533708095550537e-01
-1.358986943960189819e-01
-1.380266696214675903e-01
-1.378501504659652710e-01
-1.368909478187561035e-01
-1.359319835901260376e-01
-1.345943361520767212e-01
-1.406164020299911499e-01
-1.475562900304794312e-01
-1.544855386018753052e-01
-1.612395197153091431e-01
-1.678817421197891235e-01
-1.738055497407913208e-01
-1.784994751214981079e-01
-1.763006597757339478e-01
-1.727627366781234741e-01
-1.692245751619338989e-01
-1.595739871263504028e-01
-1.446834057569503784e-01
-1.299829632043838501e-01
-1.187640279531478882e-01
-1.110287755727767944e-01
-1.077062040567398071e-01
-1.043833941221237183e-01
-5.662984773516654968e-02
-6.310035288333892822e-02
-7.106758654117584229e-02
-7.894213497638702393e-02
-8.666880428791046143e-02
-9.439490735530853271e-02
-1.017263680696487427e-01
-1.081614345312118530e-01
-1.155929714441299438e-01
-1.232623308897018433e-01
-1.313795298337936401e-01
-1.391510218381881714e-01
-1.444920450448989868e-01
-1.498328894376754761e-01
-1.551739424467086792e-01
-1.582711488008499146e-01
-1.599312573671340942e-01
-1.630859822034835815e-01
-1.663055270910263062e-01
-1.699958294630050659e-01
-1.736292093992233276e-01
-1.758512109518051147e-01
-1.772580295801162720e-01
-1.786647886037826538e-01
-1.803140193223953247e-01
-1.797056645154953003e-01
-1.710561960935592651e-01
-1.604289859533309937e-01
-1.495094448328018188e-01
-1.342507004737854004e-01
-1.188618838787078857e-01
-1.056460291147232056e-01
-9.341733157634735107e-02
-8.920319378376007080e-02
-8.958126604557037354e-02
-9.022481739521026611e-02
-9.045426547527313232e-02
-9.247970581054687500e-02
-9.375284612178802490e-02
-9.310600161552429199e-02
-9.154662489891052246e-02
-9.090219438076019287e-02
-9.056045114994049072e-02
-9.062241017818450928e-02
-8.995689451694488525e-02
-8.899457752704620361e-02
-9.333924949169158936e-02
-9.586337208747863770e-02
-9.670934081077575684e-02
-9.637524187564849854e-02
-9.008036553859710693e-02
-8.819864690303802490e-02
-9.013231098651885986e-02
-9.263667464256286621e-02
-9.472656250000000000e-02
-9.674997627735137939e-02
-9.714791178703308105e-02
-9.730781614780426025e-02
-9.727652370929718018e-02
-9.600251913070678711e-02
-9.715080261230468750e-02
-9.927107393741607666e-02
-1.063009798526763916e-01
-1.104253083467483521e-01
-1.149543523788452148e-01
-1.198702454566955566e-01
-1.226432919502258301e-01
-1.270352452993392944e-01
-1.295983195304870605e-01
-1.291285306215286255e-01
-1.285102814435958862e-01
-1.275003403425216675e-01
-1.254626512527465820e-01
-1.227708011865615845e-01
-1.198887079954147339e-01
-1.166492402553558350e-01
-1.109766215085983276e-01
-1.035012155771255493e-01
-9.570376574993133545e-02
-8.968353271484375000e-02
-8.706919848918914795e-02
-8.592361211776733398e-02
-8.564816415309906006e-02
-8.732397854328155518e-02
-8.918373286724090576e-02
-9.141872823238372803e-02
-1.003626137971878052e-01
-1.088559925556182861e-01
-1.124358028173446655e-01
-1.127265840768814087e-01
-1.157034486532211304e-01
-1.243930906057357788e-01
-1.347818672657012939e-01
-1.400459110736846924e-01
-1.421938240528106689e-01
-1.468748897314071655e-01
-1.510854363441467285e-01
-1.561065465211868286e-01
-1.612706482410430908e-01
-1.648654043674468994e-01
-1.664898097515106201e-01
-1.644611060619354248e-01
-1.574082821607589722e-01
-1.550122350454330444e-01
-1.493746340274810791e-01
-1.459177583456039429e-01
-1.455491036176681519e-01
-1.475382894277572632e-01
-1.465162038803100586e-01
-1.454940587282180786e-01
-1.444718837738037109e-01
-1.434498280286788940e-01
-1.461548060178756714e-01
-1.530315726995468140e-01
-1.596966534852981567e-01
-1.661969870328903198e-01
-1.723170429468154907e-01
-1.780423074960708618e-01
-1.777092069387435913e-01
-1.741997748613357544e-01
-1.705986708402633667e-01
-1.667872816324234009e-01
-1.579137593507766724e-01
-1.444998532533645630e-01
-1.332809478044509888e-01
-1.220619529485702515e-01
-1.173957437276840210e-01
-1.140725463628768921e-01
-1.107499450445175171e-01
-6.316988170146942139e-02
-7.113726437091827393e-02
-7.910509407520294189e-02
-8.693440258502960205e-02
-9.466053545475006104e-02
-1.023866981267929077e-01
-1.095689088106155396e-01
-1.145581156015396118e-01
-1.195385903120040894e-01
-1.265552192926406860e-01
-1.318211108446121216e-01
-1.382151395082473755e-01
-1.446773558855056763e-01
-1.503640860319137573e-01
-1.560512334108352661e-01
-1.592990309000015259e-01
-1.628308743238449097e-01
-1.695352941751480103e-01
-1.769682615995407104e-01
-1.829845458269119263e-01
-1.872576922178268433e-01
-1.896127015352249146e-01
-1.916138678789138794e-01
-1.936149746179580688e-01
-1.947224885225296021e-01
-1.922025829553604126e-01
-1.835917979478836060e-01
-1.729811578989028931e-01
-1.629276424646377563e-01
-1.494302451610565186e-01
-1.351122707128524780e-01
-1.222980618476867676e-01
-1.056043654680252075e-01
-9.934665262699127197e-02
-9.992514550685882568e-02
-9.937800467014312744e-02
-9.879411756992340088e-02
-9.713344275951385498e-02
-9.738197922706604004e-02
-9.718258678913116455e-02
-9.653824567794799805e-02
-9.589374065399169922e-02
-9.570331871509552002e-02
-9.576529264450073242e-02
-9.567025303840637207e-02
-9.602901339530944824e-02
-9.645916521549224854e-02
-9.823141992092132568e-02
-9.945212304592132568e-02
-1.008526980876922607e-01
-9.717306494712829590e-02
-9.476409852504730225e-02
-9.632949531078338623e-02
-9.828588366508483887e-02
-1.001408398151397705e-01
-1.007950454950332642e-01
-1.007866859436035156e-01
-1.007782220840454102e-01
-9.942744672298431396e-02
-9.660294651985168457e-02
-9.694260358810424805e-02
-9.959134459495544434e-02
-1.045435220003128052e-01
-1.092272698879241943e-01
-1.141432374715805054e-01
-1.190591454505920410e-01
-1.211045533418655396e-01
-1.230476498603820801e-01
-1.248162835836410522e-01
-1.258050650358200073e-01
-1.266669481992721558e-01
-1.268713921308517456e-01
-1.258645206689834595e-01
-1.254101842641830444e-01
-1.244940310716629028e-01
-1.248992085456848145e-01
-1.240793615579605103e-01
-1.191966980695724487e-01
-1.113577783107757568e-01
-1.041114181280136108e-01
-1.013603657484054565e-01
-1.000757813453674316e-01
-1.007458567619323730e-01
-1.044248044490814209e-01
-1.114430427551269531e-01
-1.165275722742080688e-01
-1.231581419706344604e-01
-1.247270107269287109e-01
-1.256452053785324097e-01
-1.261513084173202515e-01
-1.318266987800598145e-01
-1.415180563926696777e-01
-1.491419672966003418e-01
-1.496901065111160278e-01
-1.502380967140197754e-01
-1.543413400650024414e-01
-1.589308977127075195e-01
-1.631552577018737793e-01
-1.683193743228912354e-01
-1.683940291404724121e-01
-1.689879149198532104e-01
-1.690259724855422974e-01
-1.636393219232559204e-01
-1.620100438594818115e-01
-1.579868644475936890e-01
-1.551661640405654907e-01
-1.567113250494003296e-01
-1.578425765037536621e-01
-1.568204015493392944e-01
-1.557985097169876099e-01
-1.547762006521224976e-01
-1.534112840890884399e-01
-1.529902368783950806e-01
-1.602012068033218384e-01
-1.667716354131698608e-01
-1.729791909456253052e-01
-1.788952499628067017e-01
-1.803859323263168335e-01
-1.779020577669143677e-01
-1.744313389062881470e-01
-1.706410497426986694e-01
-1.665778011083602905e-01
-1.615624278783798218e-01
-1.502803415060043335e-01
-1.389982551336288452e-01
-1.294406801462173462e-01
-1.260549575090408325e-01
-1.226690560579299927e-01
-1.192835122346878052e-01
-6.925882399082183838e-02
-7.917474210262298584e-02
-8.714233338832855225e-02
-9.492637217044830322e-02
-1.026526242494583130e-01
-1.093442589044570923e-01
-1.152419596910476685e-01
-1.205066293478012085e-01
-1.250004917383193970e-01
-1.303386837244033813e-01
-1.356775313615798950e-01
-1.410055309534072876e-01
-1.457271724939346313e-01
-1.511334329843521118e-01
-1.583582907915115356e-01
-1.629361361265182495e-01
-1.666297167539596558e-01
-1.739033907651901245e-01
-1.812422126531600952e-01
-1.892459839582443237e-01
-1.964987963438034058e-01
-2.022185772657394409e-01
-2.063650637865066528e-01
-2.059583812952041626e-01
-2.048101872205734253e-01
-2.034362405538558960e-01
-1.961279362440109253e-01
-1.855333000421524048e-01
-1.754797250032424927e-01
-1.640386730432510376e-01
-1.493090838193893433e-01
-1.339452564716339111e-01
-1.179531067609786987e-01
-1.111516058444976807e-01
-1.096650213003158569e-01
-1.076155155897140503e-01
-1.059547215700149536e-01
-1.045259088277816772e-01
-1.042466014623641968e-01
-1.021741032600402832e-01
-1.015297025442123413e-01
-1.011200547218322754e-01
-1.013705879449844360e-01
-9.918758273124694824e-02
-9.857705235481262207e-02
-9.845212101936340332e-02
-9.808954596519470215e-02
-9.968684613704681396e-02
-1.035942137241363525e-01
-1.068676561117172241e-01
-1.085641831159591675e-01
-1.042096912860870361e-01
-1.021707355976104736e-01
-1.039928048849105835e-01
-1.050718873739242554e-01
-1.050632745027542114e-01
-1.050548255443572998e-01
-1.036197096109390259e-01
-1.010598242282867432e-01
-1.001552790403366089e-01
-1.010522395372390747e-01
-1.040422469377517700e-01
-1.048941314220428467e-01
-1.092743575572967529e-01
-1.136156618595123291e-01
-1.169479489326477051e-01
-1.169102191925048828e-01
-1.185105741024017334e-01
-1.208821237087249756e-01
-1.233307719230651855e-01
-1.246414482593536377e-01
-1.250966638326644897e-01
-1.254706233739852905e-01
-1.254411488771438599e-01
-1.245180219411849976e-01
-1.273979097604751587e-01
-1.299276500940322876e-01
-1.298289149999618530e-01
-1.258703768253326416e-01
-1.217145770788192749e-01
-1.193563640117645264e-01
-1.173016279935836792e-01
-1.194030344486236572e-01
-1.273442506790161133e-01
-1.352550685405731201e-01
-1.426610201597213745e-01
-1.444302797317504883e-01
-1.429620236158370972e-01
-1.426088511943817139e-01
-1.426382213830947876e-01
-1.489865928888320923e-01
-1.579413712024688721e-01
-1.587861180305480957e-01
-1.593341380357742310e-01
-1.598822325468063354e-01
-1.608294695615768433e-01
-1.664887517690658569e-01
-1.709871292114257812e-01
-1.743495613336563110e-01
-1.716060936450958252e-01
-1.713728159666061401e-01
-1.719665825366973877e-01
-1.703812927007675171e-01
-1.687537878751754761e-01
-1.665994375944137573e-01
-1.644490957260131836e-01
-1.670725345611572266e-01
-1.681469976902008057e-01
-1.671247929334640503e-01
-1.661028116941452026e-01
-1.648293584585189819e-01
-1.633084267377853394e-01
-1.616530269384384155e-01
-1.666197329759597778e-01
-1.731897443532943726e-01
-1.796125620603561401e-01
-1.821980625391006470e-01
-1.815623492002487183e-01
-1.780952066183090210e-01
-1.744597107172012329e-01
-1.708454936742782593e-01
-1.704541295766830444e-01
-1.673941165208816528e-01
-1.561119407415390015e-01
-1.448299735784530640e-01
-1.383409053087234497e-01
-1.349551528692245483e-01
-1.315694004297256470e-01
-1.281838268041610718e-01
-7.400520145893096924e-02
-8.724249899387359619e-02
-9.599767625331878662e-02
-1.028814762830734253e-01
-1.096611768007278442e-01
-1.168601959943771362e-01
-1.219399720430374146e-01
-1.257145553827285767e-01
-1.310693174600601196e-01
-1.370153874158859253e-01
-1.429616659879684448e-01
-1.488962918519973755e-01
-1.543353348970413208e-01
-1.588949114084243774e-01
-1.631049662828445435e-01
-1.651417165994644165e-01
-1.685236543416976929e-01
-1.767543107271194458e-01
-1.849852353334426880e-01
-1.934313029050827026e-01
-1.999957710504531860e-01
-2.038545161485671997e-01
-2.064349800348281860e-01
-2.090056389570236206e-01
-2.115761786699295044e-01
-2.131207138299942017e-01
-2.074644118547439575e-01
-1.980855017900466919e-01
-1.880318969488143921e-01
-1.777756661176681519e-01
-1.618875414133071899e-01
-1.452227234840393066e-01
-1.290734559297561646e-01
-1.205147355794906616e-01
-1.175812333822250366e-01
-1.153528243303298950e-01
-1.134043484926223755e-01
-1.133249551057815552e-01
-1.133107990026473999e-01
-1.110227257013320923e-01
-1.078535020351409912e-01
-1.031918823719024658e-01
-1.006456166505813599e-01
-1.007319986820220947e-01
-1.010619550943374634e-01
-1.008030176162719727e-01
-1.000749915838241577e-01
-1.023550927639007568e-01
-1.064985096454620361e-01
-1.110821664333343506e-01
-1.183592379093170166e-01
-1.176926046609878540e-01
-1.143395751714706421e-01
-1.104615628719329834e-01
-1.093397885560989380e-01
-1.098561137914657593e-01
-1.100953817367553711e-01
-1.081132739782333374e-01
-1.061309576034545898e-01
-1.051954478025436401e-01
-1.057437807321548462e-01
-1.068520545959472656e-01
-1.063933968544006348e-01
-1.079645156860351562e-01
-1.110175102949142456e-01
-1.139339655637741089e-01
-1.140989065170288086e-01
-1.166198998689651489e-01
-1.197966188192367554e-01
-1.231174767017364502e-01
-1.244361996650695801e-01
-1.246419996023178101e-01
-1.245564222335815430e-01
-1.241185218095779419e-01
-1.245831102132797241e-01
-1.285186558961868286e-01
-1.326119303703308105e-01
-1.333394348621368408e-01
-1.327910572290420532e-01
-1.348930597305297852e-01
-1.379897594451904297e-01
-1.419946998357772827e-01
-1.461581587791442871e-01
-1.521542668342590332e-01
-1.584540754556655884e-01
-1.634360551834106445e-01
-1.655342727899551392e-01
-1.638111472129821777e-01
-1.617743074893951416e-01
-1.654271930456161499e-01
-1.698334962129592896e-01
-1.678312867879867554e-01
-1.677472442388534546e-01
-1.689782440662384033e-01
-1.695263087749481201e-01
-1.700744628906250000e-01
-1.724229007959365845e-01
-1.770516335964202881e-01
-1.804238855838775635e-01
-1.760873794555664062e-01
-1.737577021121978760e-01
-1.743515431880950928e-01
-1.767821907997131348e-01
-1.754975169897079468e-01
-1.752119511365890503e-01
-1.745773106813430786e-01
-1.766120642423629761e-01
-1.781089305877685547e-01
-1.774290353059768677e-01
-1.762471348047256470e-01
-1.747262328863143921e-01
-1.731091886758804321e-01
-1.713492125272750854e-01
-1.726168245077133179e-01
-1.791870146989822388e-01
-1.834590584039688110e-01
-1.844981461763381958e-01
-1.817554384469985962e-01
-1.781410723924636841e-01
-1.759242564439773560e-01
-1.756062060594558716e-01
-1.752146631479263306e-01
-1.732258051633834839e-01
-1.619435399770736694e-01
-1.506617814302444458e-01
-1.472411006689071655e-01
-1.438554078340530396e-01
-1.401652544736862183e-01
-1.357727795839309692e-01
-7.958234846591949463e-02
-9.230844676494598389e-02
-1.035469919443130493e-01
-1.107565909624099731e-01
-1.169695407152175903e-01
-1.220816224813461304e-01
-1.262011975049972534e-01
-1.301923841238021851e-01
-1.361480206251144409e-01
-1.421047896146774292e-01
-1.480615288019180298e-01
-1.540180295705795288e-01
-1.598002761602401733e-01
-1.653017252683639526e-01
-1.696972995996475220e-01
-1.708545237779617310e-01
-1.717052310705184937e-01
-1.770329624414443970e-01
-1.841424852609634399e-01
-1.913528293371200562e-01
-1.952611356973648071e-01
-1.987991183996200562e-01
-2.023368626832962036e-01
-2.049314230680465698e-01
-2.075256556272506714e-01
-2.101200670003890991e-01
-2.088152021169662476e-01
-2.044055610895156860e-01
-1.972907930612564087e-01
-1.868548244237899780e-01
-1.710758060216903687e-01
-1.535968929529190063e-01
-1.365484446287155151e-01
-1.265479773283004761e-01
-1.229267865419387817e-01
-1.213397532701492310e-01
-1.210015267133712769e-01
-1.211879104375839233e-01
-1.191929429769515991e-01
-1.138184517621994019e-01
-1.075044721364974976e-01
-1.019526124000549316e-01
-9.969832003116607666e-02
-1.010012924671173096e-01
-9.999309480190277100e-02
-1.008002460002899170e-01
-1.024722307920455933e-01
-1.041439771652221680e-01
-1.078804582357406616e-01
-1.140328347682952881e-01
-1.229819655418395996e-01
-1.276803463697433472e-01
-1.255176812410354614e-01
-1.227036118507385254e-01
-1.187098473310470581e-01
-1.159459054470062256e-01
-1.135682612657546997e-01
-1.116096079349517822e-01
-1.096510738134384155e-01
-1.079503446817398071e-01
-1.088952273130416870e-01
-1.071437299251556396e-01
-1.036750525236129761e-01
-1.031647473573684692e-01
-1.061477512121200562e-01
-1.104163080453872681e-01
-1.123360693454742432e-01
-1.147002875804901123e-01
-1.184058785438537598e-01
-1.219974458217620850e-01
-1.231425851583480835e-01
-1.231928616762161255e-01
-1.227679252624511719e-01
-1.223922520875930786e-01
-1.241863518953323364e-01
-1.285874247550964355e-01
-1.334156394004821777e-01
-1.376123875379562378e-01
-1.422103047370910645e-01
-1.466218233108520508e-01
-1.519890129566192627e-01
-1.594335585832595825e-01
-1.688284724950790405e-01
-1.755837947130203247e-01
-1.810752749443054199e-01
-1.830817013978958130e-01
-1.820720881223678589e-01
-1.839724481105804443e-01
-1.861086189746856689e-01
-1.877166777849197388e-01
-1.864138096570968628e-01
-1.820108145475387573e-01
-1.779603362083435059e-01
-1.778802126646041870e-01
-1.781362593173980713e-01
-1.776668578386306763e-01
-1.772380173206329346e-01
-1.810375750064849854e-01
-1.847921758890151978e-01
-1.801584064960479736e-01
-1.759036779403686523e-01
-1.758827269077301025e-01
-1.815379559993743896e-01
-1.824379414319992065e-01
-1.830095201730728149e-01
-1.833150237798690796e-01
-1.853627413511276245e-01
-1.868367940187454224e-01
-1.864711046218872070e-01
-1.853943914175033569e-01
-1.838286966085433960e-01
-1.820815652608871460e-01
-1.798567920923233032e-01
-1.779159754514694214e-01
-1.834126263856887817e-01
-1.843911260366439819e-01
-1.839739829301834106e-01
-1.809006780385971069e-01
-1.802713125944137573e-01
-1.800264865159988403e-01
-1.797599047422409058e-01
-1.793813854455947876e-01
-1.784764081239700317e-01
-1.672074645757675171e-01
-1.589720398187637329e-01
-1.553959101438522339e-01
-1.510166376829147339e-01
-1.466372460126876831e-01
-1.422576457262039185e-01
-8.522473275661468506e-02
-9.718005359172821045e-02
-1.083400398492813110e-01
-1.153879016637802124e-01
-1.205000728368759155e-01
-1.256126314401626587e-01
-1.295828372240066528e-01
-1.343687623739242554e-01
-1.403253227472305298e-01
-1.462820619344711304e-01
-1.522388309240341187e-01
-1.581953018903732300e-01
-1.641386896371841431e-01
-1.697710603475570679e-01
-1.753191202878952026e-01
-1.762729138135910034e-01
-1.771236211061477661e-01
-1.814785450696945190e-01
-1.838382333517074585e-01
-1.859021931886672974e-01
-1.883081644773483276e-01
-1.907141953706741333e-01
-1.939249485731124878e-01
-1.974628120660781860e-01
-2.010009139776229858e-01
-2.045388072729110718e-01
-2.049009650945663452e-01
-2.013766914606094360e-01
-1.945743411779403687e-01
-1.844387501478195190e-01
-1.736394613981246948e-01
-1.583706885576248169e-01
-1.426814645528793335e-01
-1.321409493684768677e-01
-1.280674189329147339e-01
-1.278266459703445435e-01
-1.266492456197738647e-01
-1.224214881658554077e-01
-1.169839948415756226e-01
-1.106503754854202271e-01
-1.045457124710083008e-01
-1.004837602376937866e-01
-9.979459643363952637e-02
-9.838029742240905762e-02
-9.985212981700897217e-02
-1.015750765800476074e-01
-1.032470613718032837e-01
-1.050815582275390625e-01
-1.083290129899978638e-01
-1.167792528867721558e-01
-1.267798393964767456e-01
-1.367243230342864990e-01
-1.356499195098876953e-01
-1.327620893716812134e-01
-1.297054290771484375e-01
-1.240312457084655762e-01
-1.177739799022674561e-01
-1.138116568326950073e-01
-1.112644523382186890e-01
-1.092805117368698120e-01
-1.057734936475753784e-01
-1.023832112550735474e-01
-9.897102415561676025e-02
-9.857134521007537842e-02
-1.004794538021087646e-01
-1.063324064016342163e-01
-1.097991615533828735e-01
-1.112099289894104004e-01
-1.148015558719635010e-01
-1.183932274580001831e-01
-1.195915788412094116e-01
-1.191772669553756714e-01
-1.187630146741867065e-01
-1.194096058607101440e-01
-1.224361658096313477e-01
-1.282312124967575073e-01
-1.354380697011947632e-01
-1.429256796836853027e-01
-1.495767980813980103e-01
-1.561784595251083374e-01
-1.641114056110382080e-01
-1.733732670545578003e-01
-1.816648691892623901e-01
-1.892180740833282471e-01
-1.971815377473831177e-01
-2.005120217800140381e-01
-2.000055313110351562e-01
-2.048542499542236328e-01
-2.085350006818771362e-01
-2.065819948911666870e-01
-2.007436752319335938e-01
-1.946941018104553223e-01
-1.901333481073379517e-01
-1.863006949424743652e-01
-1.847953051328659058e-01
-1.828779131174087524e-01
-1.820545196533203125e-01
-1.827494055032730103e-01
-1.855436265468597412e-01
-1.822643280029296875e-01
-1.775497198104858398e-01
-1.763859093189239502e-01
-1.825274527072906494e-01
-1.872873455286026001e-01
-1.877755969762802124e-01
-1.897600740194320679e-01
-1.918185204267501831e-01
-1.932672560214996338e-01
-1.925051957368850708e-01
-1.917003840208053589e-01
-1.904837936162948608e-01
-1.883529275655746460e-01
-1.860419958829879761e-01
-1.837311834096908569e-01
-1.821002811193466187e-01
-1.830075234174728394e-01
-1.809831112623214722e-01
-1.812564581632614136e-01
-1.815296858549118042e-01
-1.818031519651412964e-01
-1.815700680017471313e-01
-1.812186688184738159e-01
-1.808508187532424927e-01
-1.700346022844314575e-01
-1.638718098402023315e-01
-1.595031172037124634e-01
-1.551342159509658813e-01
-1.507652252912521362e-01
-1.463961750268936157e-01
-9.033744037151336670e-02
-1.001958996057510376e-01
-1.099307090044021606e-01
-1.195477098226547241e-01
-1.250357776880264282e-01
-1.297422796487808228e-01
-1.331569701433181763e-01
-1.385459154844284058e-01
-1.445027738809585571e-01
-1.504591852426528931e-01
-1.564161926507949829e-01
-1.623726040124893188e-01
-1.683293730020523071e-01
-1.741092950105667114e-01
-1.796319931745529175e-01
-1.816777139902114868e-01
-1.807720810174942017e-01
-1.814599484205245972e-01
-1.834754496812820435e-01
-1.845101565122604370e-01
-1.850204318761825562e-01
-1.855308264493942261e-01
-1.879357546567916870e-01
-1.903418153524398804e-01
-1.927620917558670044e-01
-1.961264461278915405e-01
-1.973704844713211060e-01
-1.955787390470504761e-01
-1.883524507284164429e-01
-1.781664937734603882e-01
-1.660171002149581909e-01
-1.524786502122879028e-01
-1.402734965085983276e-01
-1.330469101667404175e-01
-1.314530223608016968e-01
-1.289427429437637329e-01
-1.252819150686264038e-01
-1.202930361032485962e-01
-1.147579103708267212e-01
-1.081572175025939941e-01
-1.016425341367721558e-01
-9.917776286602020264e-02
-9.902261197566986084e-02
-1.009914278984069824e-01
-1.015293449163436890e-01
-1.023500412702560425e-01
-1.043313294649124146e-01
-1.080244630575180054e-01
-1.132573634386062622e-01
-1.225778907537460327e-01
-1.325221508741378784e-01
-1.415258198976516724e-01
-1.446633636951446533e-01
-1.417960673570632935e-01
-1.376566588878631592e-01
-1.320118010044097900e-01
-1.263670176267623901e-01
-1.195860505104064941e-01
-1.144635081291198730e-01
-1.078937947750091553e-01
-1.001626253128051758e-01
-9.823407232761383057e-02
-9.564188122749328613e-02
-9.490227699279785156e-02
-9.718008339405059814e-02
-1.021439433097839355e-01
-1.072673052549362183e-01
-1.076056361198425293e-01
-1.111972182989120483e-01
-1.147548556327819824e-01
-1.155757755041122437e-01
-1.152103394269943237e-01
-1.153507977724075317e-01
-1.194235384464263916e-01
-1.248540431261062622e-01
-1.318199932575225830e-01
-1.392654925584793091e-01
-1.477751880884170532e-01
-1.567058116197586060e-01
-1.660138517618179321e-01
-1.749734431505203247e-01
-1.837513595819473267e-01
-1.922007054090499878e-01
-2.000620067119598389e-01
-2.050957530736923218e-01
-2.096501439809799194e-01
-2.146181911230087280e-01
-2.236642092466354370e-01
-2.310089319944381714e-01
-2.234243303537368774e-01
-2.173502296209335327e-01
-2.090042680501937866e-01
-2.020581066608428955e-01
-1.970777809619903564e-01
-1.944487839937210083e-01
-1.924267858266830444e-01
-1.885344535112380981e-01
-1.870117932558059692e-01
-1.864855587482452393e-01
-1.830378919839859009e-01
-1.793725341558456421e-01
-1.771627515554428101e-01
-1.828037053346633911e-01
-1.913680136203765869e-01
-1.937836259603500366e-01
-1.958417743444442749e-01
-1.979002356529235840e-01
-1.989289075136184692e-01
-1.981437653303146362e-01
-1.971381157636642456e-01
-1.958022564649581909e-01
-1.941001564264297485e-01
-1.917892545461654663e-01
-1.852519065141677856e-01
-1.802009493112564087e-01
-1.812341958284378052e-01
-1.815077811479568481e-01
-1.817810684442520142e-01
-1.820542067289352417e-01
-1.823276430368423462e-01
-1.826010197401046753e-01
-1.825201660394668579e-01
-1.811458021402359009e-01
-1.717702299356460571e-01
-1.674013584852218628e-01
-1.630327552556991577e-01
-1.586639434099197388e-01
-1.542953401803970337e-01
-1.499264687299728394e-01
-9.197343885898590088e-02
-1.018316596746444702e-01
-1.115214079618453979e-01
-1.211383789777755737e-01
-1.300180405378341675e-01
-1.346101313829421997e-01
-1.384110897779464722e-01
-1.439617425203323364e-01
-1.495122760534286499e-01
-1.550629884004592896e-01
-1.606136411428451538e-01
-1.665495783090591431e-01
-1.725063174962997437e-01
-1.784477084875106812e-01
-1.830769330263137817e-01
-1.821895688772201538e-01
-1.809526532888412476e-01
-1.811460703611373901e-01
-1.828680783510208130e-01
-1.833446472883224487e-01
-1.838552206754684448e-01
-1.843654066324234009e-01
-1.848758906126022339e-01
-1.855848878622055054e-01
-1.880518645048141479e-01
-1.907229274511337280e-01
-1.911074072122573853e-01
-1.865081340074539185e-01
-1.782061904668807983e-01
-1.670007556676864624e-01
-1.557950526475906372e-01
-1.454075425863265991e-01
-1.324600428342819214e-01
-1.224128156900405884e-01
-1.192426532506942749e-01
-1.180704385042190552e-01
-1.167887002229690552e-01
-1.144859641790390015e-01
-1.109586507081985474e-01
-1.048867255449295044e-01
-1.022914797067642212e-01
-1.026718169450759888e-01
-1.034533232450485229e-01
-1.038596183061599731e-01
-1.044546961784362793e-01
-1.058550029993057251e-01
-1.077779531478881836e-01
-1.134743541479110718e-01
-1.203112453222274780e-01
-1.283199936151504517e-01
-1.377483308315277100e-01
-1.458293348550796509e-01
-1.530515551567077637e-01
-1.489469259977340698e-01
-1.440117657184600830e-01
-1.392790377140045166e-01
-1.334357112646102905e-01
-1.260973960161209106e-01
-1.177138537168502808e-01
-1.081417351961135864e-01
-9.807346761226654053e-02
-9.461294114589691162e-02
-9.342198073863983154e-02
-9.301230311393737793e-02
-9.502339363098144531e-02
-9.859406948089599609e-02
-1.037399321794509888e-01
-1.046110540628433228e-01
-1.075929850339889526e-01
-1.103503108024597168e-01
-1.121554821729660034e-01
-1.137209981679916382e-01
-1.176327764987945557e-01
-1.232229471206665039e-01
-1.288130283355712891e-01
-1.356473416090011597e-01
-1.436030715703964233e-01
-1.530404537916183472e-01
-1.642375588417053223e-01
-1.750740557909011841e-01
-1.842422485351562500e-01
-1.926914900541305542e-01
-2.011407464742660522e-01
-2.093145698308944702e-01
-2.129482477903366089e-01
-2.165399342775344849e-01
-2.264489978551864624e-01
-2.346291989088058472e-01
-2.376309186220169067e-01
-2.380143254995346069e-01
-2.335615307092666626e-01
-2.268242686986923218e-01
-2.167206257581710815e-01
-2.071991860866546631e-01
-2.031147330999374390e-01
-2.018706798553466797e-01
-1.999558657407760620e-01
-1.961658298969268799e-01
-1.893546581268310547e-01
-1.848643571138381958e-01
-1.807813495397567749e-01
-1.815853863954544067e-01
-1.844312101602554321e-01
-1.951690167188644409e-01
-2.003259211778640747e-01
-2.025875002145767212e-01
-2.041846662759780884e-01
-2.048948705196380615e-01
-2.037594616413116455e-01
-2.023479193449020386e-01
-2.007488757371902466e-01
-1.991499513387680054e-01
-1.944045871496200562e-01
-1.867647320032119751e-01
-1.818118840456008911e-01
-1.817591339349746704e-01
-1.820324808359146118e-01
-1.823057979345321655e-01
-1.825792044401168823e-01
-1.828524321317672729e-01
-1.822187751531600952e-01
-1.814450472593307495e-01
-1.805361956357955933e-01
-1.753003746271133423e-01
-1.709314733743667603e-01
-1.665627211332321167e-01
-1.621936708688735962e-01
-1.573021858930587769e-01
-1.520066410303115845e-01
-9.360922873020172119e-02
-1.034676283597946167e-01
-1.131118088960647583e-01
-1.227289885282516479e-01
-1.323460191488265991e-01
-1.394428163766860962e-01
-1.440396755933761597e-01
-1.495901197195053101e-01
-1.551408618688583374e-01
-1.606916636228561401e-01
-1.662424355745315552e-01
-1.717928797006607056e-01
-1.773436218500137329e-01
-1.801440864801406860e-01
-1.819930821657180786e-01
-1.811058074235916138e-01
-1.802185624837875366e-01
-1.807561665773391724e-01
-1.821859925985336304e-01
-1.822550147771835327e-01
-1.830550879240036011e-01
-1.838551312685012817e-01
-1.846552044153213501e-01
-1.854551881551742554e-01
-1.862553805112838745e-01
-1.866104155778884888e-01
-1.847291737794876099e-01
-1.776596158742904663e-01
-1.687092036008834839e-01
-1.567040532827377319e-01
-1.415320038795471191e-01
-1.283638030290603638e-01
-1.175276488065719604e-01
-1.071389764547348022e-01
-1.038160771131515503e-01
-1.015606373548507690e-01
-1.008187085390090942e-01
-9.914045035839080811e-02
-9.761308133602142334e-02
-1.001948565244674683e-01
-1.040504723787307739e-01
-1.084325164556503296e-01
-1.107406020164489746e-01
-1.117377132177352905e-01
-1.117555499076843262e-01
-1.121551841497421265e-01
-1.142295300960540771e-01
-1.181985735893249512e-01
-1.253243684768676758e-01
-1.337670087814331055e-01
-1.419004648923873901e-01
-1.497301012277603149e-01
-1.558882594108581543e-01
-1.554375290870666504e-01
-1.500831246376037598e-01
-1.442165076732635498e-01
-1.376862078905105591e-01
-1.302237659692764282e-01
-1.216658353805541992e-01
-1.102181971073150635e-01
-1.001965105533599854e-01
-9.551995992660522461e-02
-9.450450539588928223e-02
-9.170711040496826172e-02
-9.306544065475463867e-02
-9.520033001899719238e-02
-9.991495311260223389e-02
-1.017120629549026489e-01
-1.043776720762252808e-01
-1.084847748279571533e-01
-1.130373626947402954e-01
-1.163492649793624878e-01
-1.215917170047760010e-01
-1.271818727254867554e-01
-1.327720731496810913e-01
-1.395238488912582397e-01
-1.480784267187118530e-01
-1.583057641983032227e-01
-1.719054430723190308e-01
-1.832067817449569702e-01
-1.931822448968887329e-01
-2.016315758228302002e-01
-2.100807875394821167e-01
-2.158897370100021362e-01
-2.190466374158859253e-01
-2.257520407438278198e-01
-2.365961819887161255e-01
-2.392369061708450317e-01
-2.391183227300643921e-01
-2.413413971662521362e-01
-2.437421530485153198e-01
-2.402327507734298706e-01
-2.321665138006210327e-01
-2.246687263250350952e-01
-2.155261486768722534e-01
-2.106035798788070679e-01
-2.087735980749130249e-01
-2.065105736255645752e-01
-1.980916708707809448e-01
-1.881335973739624023e-01
-1.832973808050155640e-01
-1.848454028367996216e-01
-1.879070252180099487e-01
-1.978739351034164429e-01
-2.073579132556915283e-01
-2.098304182291030884e-01
-2.112218886613845825e-01
-2.117524594068527222e-01
-2.104149907827377319e-01
-2.086477428674697876e-01
-2.068803757429122925e-01
-2.030759602785110474e-01
-1.968416124582290649e-01
-1.933709532022476196e-01
-1.860874444246292114e-01
-1.826276630163192749e-01
-1.827326864004135132e-01
-1.828378289937973022e-01
-1.822978109121322632e-01
-1.815642863512039185e-01
-1.808310896158218384e-01
-1.800954490900039673e-01
-1.792283505201339722e-01
-1.786394864320755005e-01
-1.745554953813552856e-01
-1.697506755590438843e-01
-1.646503955125808716e-01
-1.595499068498611450e-01
-1.544496864080429077e-01
-9.524531662464141846e-02
-1.050854474306106567e-01
-1.147024780511856079e-01
-1.243196278810501099e-01
-1.339365094900131226e-01
-1.431687623262405396e-01
-1.496682018041610718e-01
-1.552189737558364868e-01
-1.607695966958999634e-01
-1.663203388452529907e-01
-1.718709021806716919e-01
-1.757556945085525513e-01
-1.781572848558425903e-01
-1.805587857961654663e-01
-1.822085529565811157e-01
-1.809154599905014038e-01
-1.798643916845321655e-01
-1.800722926855087280e-01
-1.818120330572128296e-01
-1.821253746747970581e-01
-1.829255968332290649e-01
-1.837256401777267456e-01
-1.845258027315139771e-01
-1.853259652853012085e-01
-1.857584565877914429e-01
-1.839144676923751831e-01
-1.772655993700027466e-01
-1.680662184953689575e-01
-1.556814759969711304e-01
-1.411893218755722046e-01
-1.253660917282104492e-01
-1.125254780054092407e-01
-1.017006635665893555e-01
-8.896420896053314209e-02
-8.564116060733795166e-02
-8.311937749385833740e-02
-8.243705332279205322e-02
-8.224736154079437256e-02
-8.820405602455139160e-02
-9.510928392410278320e-02
-1.006102710962295532e-01
-1.063084304332733154e-01
-1.120065301656723022e-01
-1.164568513631820679e-01
-1.194628477096557617e-01
-1.208373159170150757e-01
-1.232769191265106201e-01
-1.261095851659774780e-01
-1.321055293083190918e-01
-1.365551948547363281e-01
-1.429558545351028442e-01
-1.501846611499786377e-01
-1.571696549654006958e-01
-1.613724678754806519e-01
-1.546606272459030151e-01
-1.475473791360855103e-01
-1.405201256275177002e-01
-1.338219940662384033e-01
-1.246179193258285522e-01
-1.141940951347351074e-01
-1.043174117803573608e-01
-9.764023125171661377e-02
-9.605421125888824463e-02
-9.387864172458648682e-02
-9.357525408267974854e-02
-9.349970519542694092e-02
-9.732708334922790527e-02
-1.006371676921844482e-01
-1.054058223962783813e-01
-1.102169901132583618e-01
-1.151910424232482910e-01
-1.199605613946914673e-01
-1.255507022142410278e-01
-1.311409026384353638e-01
-1.367311328649520874e-01
-1.439992040395736694e-01
-1.526138633489608765e-01
-1.636561453342437744e-01
-1.773883849382400513e-01
-1.908919513225555420e-01
-2.021224200725555420e-01
-2.105716317892074585e-01
-2.186994403600692749e-01
-2.222877889871597290e-01
-2.273523062467575073e-01
-2.361188083887100220e-01
-2.410107702016830444e-01
-2.389654368162155151e-01
-2.382591515779495239e-01
-2.423047274351119995e-01
-2.472327798604965210e-01
-2.470632046461105347e-01
-2.433410733938217163e-01
-2.369671911001205444e-01
-2.298222631216049194e-01
-2.234669178724288940e-01
-2.207950204610824585e-01
-2.171641439199447632e-01
-2.073924988508224487e-01
-1.949708908796310425e-01
-1.888812333345413208e-01
-1.874032616615295410e-01
-1.916038542985916138e-01
-2.012843936681747437e-01
-2.140985280275344849e-01
-2.168092578649520874e-01
-2.181537896394729614e-01
-2.184912413358688354e-01
-2.167242616415023804e-01
-2.149568349123001099e-01
-2.122468203306198120e-01
-2.073110491037368774e-01
-2.038651257753372192e-01
-1.995450109243392944e-01
-1.910011321306228638e-01
-1.845150142908096313e-01
-1.839150339365005493e-01
-1.830132752656936646e-01
-1.821114569902420044e-01
-1.812773793935775757e-01
-1.805713325738906860e-01
-1.798647195100784302e-01
-1.816451698541641235e-01
-1.818994432687759399e-01
-1.771382242441177368e-01
-1.722929030656814575e-01
-1.671688705682754517e-01
-1.620681732892990112e-01
-1.569678932428359985e-01
-9.862296283245086670e-02
-1.072198897600173950e-01
-1.162931770086288452e-01
-1.259098798036575317e-01
-1.355272680521011353e-01
-1.452200859785079956e-01
-1.552972346544265747e-01
-1.608477085828781128e-01
-1.663984209299087524e-01
-1.713304370641708374e-01
-1.737693101167678833e-01
-1.761705428361892700e-01
-1.786913424730300903e-01
-1.813826709985733032e-01
-1.831312030553817749e-01
-1.822717636823654175e-01
-1.812681406736373901e-01
-1.808390468358993530e-01
-1.819676607847213745e-01
-1.825374513864517212e-01
-1.831106990575790405e-01
-1.835959106683731079e-01
-1.843959838151931763e-01
-1.849066168069839478e-01
-1.830114871263504028e-01
-1.767593175172805786e-01
-1.667148917913436890e-01
-1.540272980928421021e-01
-1.408067792654037476e-01
-1.248082667589187622e-01
-1.086591035127639771e-01
-9.633322060108184814e-02
-8.670924603939056396e-02
-7.367153465747833252e-02
-7.010246813297271729e-02
-6.708581745624542236e-02
-6.781543791294097900e-02
-7.346941530704498291e-02
-8.129179477691650391e-02
-8.825749158859252930e-02
-9.459659457206726074e-02
-1.012385338544845581e-01
-1.078803241252899170e-01
-1.128706634044647217e-01
-1.172963529825210571e-01
-1.230096369981765747e-01
-1.289452165365219116e-01
-1.359562128782272339e-01
-1.406819820404052734e-01
-1.431673914194107056e-01
-1.449077725410461426e-01
-1.500526666641235352e-01
-1.552220433950424194e-01
-1.593297272920608521e-01
-1.560611575841903687e-01
-1.500651985406875610e-01
-1.442290097475051880e-01
-1.368683129549026489e-01
-1.272224187850952148e-01
-1.183582097291946411e-01
-1.094920933246612549e-01
-1.019817143678665161e-01
-9.757660329341888428e-02
-9.583812952041625977e-02
-9.660114347934722900e-02
-9.880039095878601074e-02
-1.016563773155212402e-01
-1.028979867696762085e-01
-1.064215153455734253e-01
-1.123706102371215820e-01
-1.173988133668899536e-01
-1.239196509122848511e-01
-1.295098662376403809e-01
-1.350999325513839722e-01
-1.409458965063095093e-01
-1.486389935016632080e-01
-1.561323851346969604e-01
-1.681227833032608032e-01
-1.836573481559753418e-01
-1.985771059989929199e-01
-2.104233950376510620e-01
-2.195117622613906860e-01
-2.252674549818038940e-01
-2.289526015520095825e-01
-2.378322929143905640e-01
-2.445595711469650269e-01
-2.400797456502914429e-01
-2.378618866205215454e-01
-2.357819527387619019e-01
-2.410846203565597534e-01
-2.471673339605331421e-01
-2.526476085186004639e-01
-2.506085336208343506e-01
-2.447979003190994263e-01
-2.394634634256362915e-01
-2.343800216913223267e-01
-2.299142628908157349e-01
-2.282889336347579956e-01
-2.199658304452896118e-01
-2.060490250587463379e-01
-1.963912248611450195e-01
-1.939417719841003418e-01
-1.973096579313278198e-01
-2.047855705022811890e-01
-2.187002748250961304e-01
-2.219247072935104370e-01
-2.240032404661178589e-01
-2.242689579725265503e-01
-2.229571789503097534e-01
-2.212660759687423706e-01
-2.177805453538894653e-01
-2.143559008836746216e-01
-2.104691118001937866e-01
-2.037939876317977905e-01
-1.947329789400100708e-01
-1.858336180448532104e-01
-1.843218952417373657e-01
-1.836152821779251099e-01
-1.829088777303695679e-01
-1.822025030851364136e-01
-1.814964860677719116e-01
-1.799419671297073364e-01
-1.839026361703872681e-01
-1.850405186414718628e-01
-1.802793592214584351e-01
-1.755179613828659058e-01
-1.707570403814315796e-01
-1.656362563371658325e-01
-1.603675931692123413e-01
-1.030437201261520386e-01
-1.115951985120773315e-01
-1.200142949819564819e-01
-1.284329742193222046e-01
-1.371177285909652710e-01
-1.474569886922836304e-01
-1.579183787107467651e-01
-1.664761751890182495e-01
-1.693808287382125854e-01
-1.720685511827468872e-01
-1.747596114873886108e-01
-1.774506717920303345e-01
-1.801420897245407104e-01
-1.828331798315048218e-01
-1.843738704919815063e-01
-1.836753338575363159e-01
-1.826717704534530640e-01
-1.813721805810928345e-01
-1.824481636285781860e-01
-1.829994767904281616e-01
-1.842018216848373413e-01
-1.848264187574386597e-01
-1.848895996809005737e-01
-1.813755780458450317e-01
-1.715852469205856323e-01
-1.619006395339965820e-01
-1.513769477605819702e-01
-1.379849016666412354e-01
-1.251006871461868286e-01
-1.114449650049209595e-01
-9.507031738758087158e-02
-8.131541311740875244e-02
-7.158802449703216553e-02
-6.254167854785919189e-02
-6.025473400950431824e-02
-5.900267884135246277e-02
-6.144918128848075867e-02
-6.813965737819671631e-02
-7.483004033565521240e-02
-8.140580356121063232e-02
-8.789634704589843750e-02
-9.453827142715454102e-02
-1.012085229158401489e-01
-1.066476255655288696e-01
-1.130645275115966797e-01
-1.199785321950912476e-01
-1.268631964921951294e-01
-1.349880248308181763e-01
-1.411899179220199585e-01
-1.460546702146530151e-01
-1.501804739236831665e-01
-1.500945091247558594e-01
-1.511099189519882202e-01
-1.550546735525131226e-01
-1.570765674114227295e-01
-1.511200815439224243e-01
-1.457442045211791992e-01
-1.379087567329406738e-01
-1.302152574062347412e-01
-1.222404986619949341e-01
-1.139613837003707886e-01
-1.068317890167236328e-01
-1.022294610738754272e-01
-1.008496582508087158e-01
-1.041111350059509277e-01
-1.067268401384353638e-01
-1.087284833192825317e-01
-1.094277203083038330e-01
-1.108186691999435425e-01
-1.146714836359024048e-01
-1.205416172742843628e-01
-1.278786659240722656e-01
-1.334688365459442139e-01
-1.391828507184982300e-01
-1.453827023506164551e-01
-1.506909579038619995e-01
-1.600197106599807739e-01
-1.743466109037399292e-01
-1.899264156818389893e-01
-2.055063694715499878e-01
-2.181122750043869019e-01
-2.280844300985336304e-01
-2.316273301839828491e-01
-2.394324988126754761e-01
-2.471465319395065308e-01
-2.445684522390365601e-01
-2.399393767118453979e-01
-2.367583662271499634e-01
-2.345404475927352905e-01
-2.396133989095687866e-01
-2.462729662656784058e-01
-2.519831955432891846e-01
-2.557085752487182617e-01
-2.521140873432159424e-01
-2.464388459920883179e-01
-2.414947003126144409e-01
-2.373576015233993530e-01
-2.360242456197738647e-01
-2.255713790655136108e-01
-2.164355069398880005e-01
-2.096172422170639038e-01
-2.046837359666824341e-01
-2.064981311559677124e-01
-2.139808386564254761e-01
-2.236304432153701782e-01
-2.279698401689529419e-01
-2.287716716527938843e-01
-2.288356572389602661e-01
-2.286096960306167603e-01
-2.269011586904525757e-01
-2.241272181272506714e-01
-2.209123224020004272e-01
-2.166428118944168091e-01
-2.073293775320053101e-01
-1.980652958154678345e-01
-1.891660839319229126e-01
-1.849062293767929077e-01
-1.845403760671615601e-01
-1.838047951459884644e-01
-1.821716874837875366e-01
-1.805382817983627319e-01
-1.797297149896621704e-01
-1.859727650880813599e-01
-1.881815642118453979e-01
-1.834203749895095825e-01
-1.786588281393051147e-01
-1.738976687192916870e-01
-1.691365092992782593e-01
-1.642484515905380249e-01
-1.107039302587509155e-01
-1.159707456827163696e-01
-1.243898421525955200e-01
-1.328087896108627319e-01
-1.413600295782089233e-01
-1.511784642934799194e-01
-1.591698676347732544e-01
-1.666487902402877808e-01
-1.708279103040695190e-01
-1.735190004110336304e-01
-1.762102991342544556e-01
-1.789013594388961792e-01
-1.815924197435379028e-01
-1.842834502458572388e-01
-1.856164783239364624e-01
-1.849373430013656616e-01
-1.840345710515975952e-01
-1.816266328096389771e-01
-1.825787574052810669e-01
-1.834798008203506470e-01
-1.845850199460983276e-01
-1.831432729959487915e-01
-1.770846396684646606e-01
-1.678298711776733398e-01
-1.567849665880203247e-01
-1.457400918006896973e-01
-1.350279599428176880e-01
-1.219242513179779053e-01
-1.104952841997146606e-01
-9.826540946960449219e-02
-8.500666916370391846e-02
-7.267035543918609619e-02
-6.342168152332305908e-02
-5.590466782450675964e-02
-5.329684540629386902e-02
-5.373023077845573425e-02
-5.776457116007804871e-02
-6.445501744747161865e-02
-7.114550471305847168e-02
-7.710047066211700439e-02
-8.261026442050933838e-02
-8.812026679515838623e-02
-9.473583102226257324e-02
-1.009745448827743530e-01
-1.079229861497879028e-01
-1.147567331790924072e-01
-1.222685575485229492e-01
-1.306803077459335327e-01
-1.363357752561569214e-01
-1.404249817132949829e-01
-1.431188285350799561e-01
-1.443633586168289185e-01
-1.471207290887832642e-01
-1.512175351381301880e-01
-1.559128761291503906e-01
-1.522198915481567383e-01
-1.459936052560806274e-01
-1.384004354476928711e-01
-1.311918795108795166e-01
-1.241513043642044067e-01
-1.182971894741058350e-01
-1.144184172153472900e-01
-1.116098463535308838e-01
-1.099908202886581421e-01
-1.106835901737213135e-01
-1.135361492633819580e-01
-1.164698004722595215e-01
-1.165513843297958374e-01
-1.167578846216201782e-01
-1.197097897529602051e-01
-1.265820860862731934e-01
-1.322067528963088989e-01
-1.376559585332870483e-01
-1.429651230573654175e-01
-1.474041491746902466e-01
-1.528957337141036987e-01
-1.650357693433761597e-01
-1.806156635284423828e-01
-1.961956471204757690e-01
-2.117754667997360229e-01
-2.257974594831466675e-01
-2.345459312200546265e-01
-2.405380457639694214e-01
-2.483872026205062866e-01
-2.492062896490097046e-01
-2.445771843194961548e-01
-2.399482876062393188e-01
-2.356548160314559937e-01
-2.334370464086532593e-01
-2.372293919324874878e-01
-2.450529783964157104e-01
-2.512429654598236084e-01
-2.567990720272064209e-01
-2.576414942741394043e-01
-2.524953782558441162e-01
-2.475753277540206909e-01
-2.434593290090560913e-01
-2.397057265043258667e-01
-2.299183756113052368e-01
-2.213404625654220581e-01
-2.176672965288162231e-01
-2.142963856458663940e-01
-2.182042449712753296e-01
-2.272772043943405151e-01
-2.327753752470016479e-01
-2.375217825174331665e-01
-2.359155267477035522e-01
-2.372135967016220093e-01
-2.359275668859481812e-01
-2.331539243459701538e-01
-2.295577973127365112e-01
-2.253152281045913696e-01
-2.182587832212448120e-01
-2.093315869569778442e-01
-2.005685418844223022e-01
-1.921246200799942017e-01
-1.848930567502975464e-01
-1.839717179536819458e-01
-1.827678531408309937e-01
-1.811348646879196167e-01
-1.795014590024948120e-01
-1.817614287137985229e-01
-1.880243569612503052e-01
-1.913223415613174438e-01
-1.865615099668502808e-01
-1.818001121282577515e-01
-1.770388931035995483e-01
-1.722777336835861206e-01
-1.669492572546005249e-01
-1.221741884946823120e-01
-1.260972172021865845e-01
-1.290951520204544067e-01
-1.378037184476852417e-01
-1.468148380517959595e-01
-1.536100357770919800e-01
-1.600140482187271118e-01
-1.664177626371383667e-01
-1.727906316518783569e-01
-1.749698370695114136e-01
-1.776608079671859741e-01
-1.803519278764724731e-01
-1.830430477857589722e-01
-1.857343763113021851e-01
-1.868587583303451538e-01
-1.861795336008071899e-01
-1.851446777582168579e-01
-1.822757571935653687e-01
-1.827092319726943970e-01
-1.814476698637008667e-01
-1.770816594362258911e-01
-1.708530485630035400e-01
-1.623568534851074219e-01
-1.516463011503219604e-01
-1.406037956476211548e-01
-1.299370825290679932e-01
-1.204440444707870483e-01
-1.104710102081298828e-01
-1.002092212438583374e-01
-8.873492479324340820e-02
-7.737614214420318604e-02
-6.587617099285125732e-02
-5.889795348048210144e-02
-5.271865054965019226e-02
-5.096630379557609558e-02
-5.257124826312065125e-02
-5.447692796587944031e-02
-6.077046319842338562e-02
-6.746093928813934326e-02
-7.362772524356842041e-02
-7.913766801357269287e-02
-8.490754663944244385e-02
-9.114979207515716553e-02
-9.711338579654693604e-02
-1.029638499021530151e-01
-1.101544499397277832e-01
-1.179140806198120117e-01
-1.232634484767913818e-01
-1.270807236433029175e-01
-1.301934272050857544e-01
-1.326229125261306763e-01
-1.348784267902374268e-01
-1.372780948877334595e-01
-1.421463191509246826e-01
-1.463284790515899658e-01
-1.479326635599136353e-01
-1.444441825151443481e-01
-1.396335959434509277e-01
-1.340514123439788818e-01
-1.295199841260910034e-01
-1.249493360519409180e-01
-1.208358854055404663e-01
-1.188332140445709229e-01
-1.180772185325622559e-01
-1.185656040906906128e-01
-1.214848905801773071e-01
-1.233142167329788208e-01
-1.247646957635879517e-01
-1.231928467750549316e-01
-1.257583945989608765e-01
-1.331622749567031860e-01
-1.399184614419937134e-01
-1.431678384542465210e-01
-1.454137116670608521e-01
-1.490223556756973267e-01
-1.566912680864334106e-01
-1.713048666715621948e-01
-1.868845969438552856e-01
-2.024645209312438965e-01
-2.180444449186325073e-01
-2.330391854047775269e-01
-2.405729442834854126e-01
-2.494215220212936401e-01
-2.529592514038085938e-01
-2.492151707410812378e-01
-2.445861250162124634e-01
-2.399570494890213013e-01
-2.353280037641525269e-01
-2.323724478483200073e-01
-2.351189702749252319e-01
-2.429481595754623413e-01
-2.502413690090179443e-01
-2.560586929321289062e-01
-2.609464526176452637e-01
-2.585556805133819580e-01
-2.528767585754394531e-01
-2.482984513044357300e-01
-2.422919720411300659e-01
-2.325240224599838257e-01
-2.251249402761459351e-01
-2.209405153989791870e-01
-2.228565663099288940e-01
-2.264389842748641968e-01
-2.369422167539596558e-01
-2.456290572881698608e-01
-2.508536577224731445e-01
-2.530134320259094238e-01
-2.507091164588928223e-01
-2.440844625234603882e-01
-2.384854704141616821e-01
-2.334569841623306274e-01
-2.283842712640762329e-01
-2.198028415441513062e-01
-2.108758240938186646e-01
-2.019124776124954224e-01
-1.925417929887771606e-01
-1.831708401441574097e-01
-1.809283345937728882e-01
-1.804625242948532104e-01
-1.798027306795120239e-01
-1.784645467996597290e-01
-1.837929934263229370e-01
-1.900560706853866577e-01
-1.944636851549148560e-01
-1.897024959325790405e-01
-1.842020601034164429e-01
-1.779854744672775269e-01
-1.717693656682968140e-01
-1.655531078577041626e-01
-1.323752552270889282e-01
-1.365097016096115112e-01
-1.406439691781997681e-01
-1.422363370656967163e-01
-1.478835195302963257e-01
-1.544539779424667358e-01
-1.608576923608779907e-01
-1.672618240118026733e-01
-1.736656576395034790e-01
-1.785189956426620483e-01
-1.800122708082199097e-01
-1.818026453256607056e-01
-1.844937354326248169e-01
-1.871849447488784790e-01
-1.881010085344314575e-01
-1.874221116304397583e-01
-1.860712617635726929e-01
-1.799799650907516479e-01
-1.755192130804061890e-01
-1.696213036775588989e-01
-1.631372570991516113e-01
-1.553930044174194336e-01
-1.452350020408630371e-01
-1.358000487089157104e-01
-1.267168968915939331e-01
-1.176983863115310669e-01
-1.100956350564956665e-01
-1.005492955446243286e-01
-9.028755128383636475e-02
-8.003799617290496826e-02
-7.240034639835357666e-02
-6.383799016475677490e-02
-5.722407624125480652e-02
-5.052105709910392761e-02
-5.266819521784782410e-02
-5.386705324053764343e-02
-5.544165894389152527e-02
-5.890841409564018250e-02
-6.377628445625305176e-02
-7.015496492385864258e-02
-7.583333551883697510e-02
-8.223481476306915283e-02
-8.938550949096679688e-02
-9.583441913127899170e-02
-1.020978093147277832e-01
-1.069749742746353149e-01
-1.108298301696777344e-01
-1.136770546436309814e-01
-1.170468032360076904e-01
-1.198931187391281128e-01
-1.221485435962677002e-01
-1.244039684534072876e-01
-1.266594827175140381e-01
-1.299102753400802612e-01
-1.350778788328170776e-01
-1.408852487802505493e-01
-1.371379196643829346e-01
-1.351464688777923584e-01
-1.344282925128936768e-01
-1.335766613483428955e-01
-1.315995305776596069e-01
-1.272517442703247070e-01
-1.249846369028091431e-01
-1.230956763029098511e-01
-1.234411299228668213e-01
-1.283785849809646606e-01
-1.322519779205322266e-01
-1.315763443708419800e-01
-1.293323934078216553e-01
-1.323978751897811890e-01
-1.396965980529785156e-01
-1.453409343957901001e-01
-1.488544493913650513e-01
-1.510382294654846191e-01
-1.546248942613601685e-01
-1.629955023527145386e-01
-1.775738745927810669e-01
-1.931538432836532593e-01
-2.087336033582687378e-01
-2.237174361944198608e-01
-2.355711013078689575e-01
-2.482015341520309448e-01
-2.566498219966888428e-01
-2.538531422615051270e-01
-2.492239624261856079e-01
-2.445949167013168335e-01
-2.399659603834152222e-01
-2.353368848562240601e-01
-2.316734045743942261e-01
-2.345356494188308716e-01
-2.405643016099929810e-01
-2.486667782068252563e-01
-2.553186118602752686e-01
-2.608746886253356934e-01
-2.641931176185607910e-01
-2.590675652027130127e-01
-2.532016038894653320e-01
-2.455876320600509644e-01
-2.339336425065994263e-01
-2.290044873952865601e-01
-2.254485934972763062e-01
-2.272292524576187134e-01
-2.335508316755294800e-01
-2.437837570905685425e-01
-2.548416554927825928e-01
-2.622466385364532471e-01
-2.692332863807678223e-01
-2.653701901435852051e-01
-2.562502920627593994e-01
-2.467889040708541870e-01
-2.397811859846115112e-01
-2.311385124921798706e-01
-2.209989875555038452e-01
-2.111387401819229126e-01
-2.015403658151626587e-01
-1.921696215867996216e-01
-1.827988773584365845e-01
-1.773483902215957642e-01
-1.768822520971298218e-01
-1.764164716005325317e-01
-1.779794842004776001e-01
-1.846978813409805298e-01
-1.904871612787246704e-01
-1.950041502714157104e-01
-1.890039592981338501e-01
-1.827875524759292603e-01
-1.765715330839157104e-01
-1.703555136919021606e-01
-1.644070297479629517e-01
-1.427843123674392700e-01
-1.454614549875259399e-01
-1.464462727308273315e-01
-1.477076560258865356e-01
-1.508632153272628784e-01
-1.549063175916671753e-01
-1.617018133401870728e-01
-1.681056469678878784e-01
-1.745096594095230103e-01
-1.809134930372238159e-01
-1.842478066682815552e-01
-1.857408434152603149e-01
-1.872338503599166870e-01
-1.887271851301193237e-01
-1.890371590852737427e-01
-1.850748509168624878e-01
-1.784924715757369995e-01
-1.696962565183639526e-01
-1.618343591690063477e-01
-1.550134867429733276e-01
-1.486568748950958252e-01
-1.400459706783294678e-01
-1.311838626861572266e-01
-1.226016134023666382e-01
-1.145673096179962158e-01
-1.072591245174407959e-01
-9.974713623523712158e-02
-9.062759578227996826e-02
-8.106602728366851807e-02
-7.460857927799224854e-02
-6.939230859279632568e-02
-6.281028687953948975e-02
-5.606190487742424011e-02
-5.189019069075584412e-02
-5.359576269984245300e-02
-5.658404156565666199e-02
-5.778269097208976746e-02
-5.991281196475028992e-02
-6.430138647556304932e-02
-6.880973279476165771e-02
-7.328398525714874268e-02
-8.112862706184387207e-02
-8.867292106151580811e-02
-9.505893290042877197e-02
-9.909121692180633545e-02
-1.012075096368789673e-01
-1.044971048831939697e-01
-1.070736944675445557e-01
-1.092046648263931274e-01
-1.103282570838928223e-01
-1.117387712001800537e-01
-1.139295101165771484e-01
-1.161864846944808960e-01
-1.190127134323120117e-01
-1.273673921823501587e-01
-1.335213184356689453e-01
-1.353018581867218018e-01
-1.316371262073516846e-01
-1.283427625894546509e-01
-1.276751309633255005e-01
-1.277665346860885620e-01
-1.269147992134094238e-01
-1.275840550661087036e-01
-1.285949498414993286e-01
-1.285674870014190674e-01
-1.326240599155426025e-01
-1.378992944955825806e-01
-1.394667625427246094e-01
-1.363969594240188599e-01
-1.383064836263656616e-01
-1.438901126384735107e-01
-1.487867236137390137e-01
-1.544789671897888184e-01
-1.570167541503906250e-01
-1.627715677022933960e-01
-1.728470623493194580e-01
-1.864229887723922729e-01
-1.998676806688308716e-01
-2.138405591249465942e-01
-2.279308289289474487e-01
-2.418898195028305054e-01
-2.558302581310272217e-01
-2.573651373386383057e-01
-2.538618147373199463e-01
-2.492329329252243042e-01
-2.446037977933883667e-01
-2.399748414754867554e-01
-2.353457063436508179e-01
-2.317212969064712524e-01
-2.339933365583419800e-01
-2.382844537496566772e-01
-2.465823739767074585e-01
-2.547043263912200928e-01
-2.608243525028228760e-01
-2.660795450210571289e-01
-2.656989693641662598e-01
-2.593730986118316650e-01
-2.493220120668411255e-01
-2.364014238119125366e-01
-2.323474735021591187e-01
-2.300879210233688354e-01
-2.320961207151412964e-01
-2.392773479223251343e-01
-2.501512765884399414e-01
-2.642857730388641357e-01
-2.721455097198486328e-01
-2.758103311061859131e-01
-2.726841270923614502e-01
-2.666493654251098633e-01
-2.595757544040679932e-01
-2.499721199274063110e-01
-2.352107316255569458e-01
-2.232203930616378784e-01
-2.119470685720443726e-01
-2.015740126371383667e-01
-1.917974203824996948e-01
-1.824265271425247192e-01
-1.737680882215499878e-01
-1.732181161642074585e-01
-1.717166155576705933e-01
-1.749979108572006226e-01
-1.809573620557785034e-01
-1.862211972475051880e-01
-1.914844661951065063e-01
-1.860869973897933960e-01
-1.803259998559951782e-01
-1.745648831129074097e-01
-1.689741164445877075e-01
-1.633120030164718628e-01
-1.496711820363998413e-01
-1.506563872098922729e-01
-1.516413837671279907e-01
-1.536977738142013550e-01
-1.567218452692031860e-01
-1.585514694452285767e-01
-1.603811830282211304e-01
-1.683608740568161011e-01
-1.753536611795425415e-01
-1.817574352025985718e-01
-1.881614774465560913e-01
-1.899764090776443481e-01
-1.908583492040634155e-01
-1.887662559747695923e-01
-1.830856651067733765e-01
-1.757517009973526001e-01
-1.665793210268020630e-01
-1.565899252891540527e-01
-1.489739716053009033e-01
-1.436820477247238159e-01
-1.346827745437622070e-01
-1.263931244611740112e-01
-1.179854869842529297e-01
-1.100489944219589233e-01
-1.031901538372039795e-01
-9.633092582225799561e-02
-8.939883112907409668e-02
-8.266226947307586670e-02
-7.600824534893035889e-02
-7.094536721706390381e-02
-6.719930469989776611e-02
-6.182740256190299988e-02
-5.736766383051872253e-02
-5.345396324992179871e-02
-5.429924651980400085e-02
-5.930094048380851746e-02
-6.049985811114311218e-02
-6.169898435473442078e-02
-6.643278896808624268e-02
-7.200777530670166016e-02
-7.724295556545257568e-02
-8.349113166332244873e-02
-8.776907622814178467e-02
-9.159232676029205322e-02
-9.208256006240844727e-02
-9.502781927585601807e-02
-9.828668832778930664e-02
-1.006593555212020874e-01
-1.019579172134399414e-01
-1.030814051628112793e-01
-1.042256653308868408e-01
-1.060651391744613647e-01
-1.093985140323638916e-01
-1.156484782695770264e-01
-1.218035817146301270e-01
-1.275494098663330078e-01
-1.331933140754699707e-01
-1.296228617429733276e-01
-1.258266717195510864e-01
-1.220303624868392944e-01
-1.201000213623046875e-01
-1.195210665464401245e-01
-1.207145154476165771e-01
-1.233746558427810669e-01
-1.263646632432937622e-01
-1.330621987581253052e-01
-1.416888535022735596e-01
-1.460258215665817261e-01
-1.443896144628524780e-01
-1.411300897598266602e-01
-1.429477930068969727e-01
-1.509182900190353394e-01
-1.585882604122161865e-01
-1.643747240304946899e-01
-1.723576635122299194e-01
-1.831221431493759155e-01
-1.960010081529617310e-01
-2.085466235876083374e-01
-2.210923284292221069e-01
-2.335504740476608276e-01
-2.481021732091903687e-01
-2.562017738819122314e-01
-2.571364343166351318e-01
-2.538708746433258057e-01
-2.492418140172958374e-01
-2.446902841329574585e-01
-2.402566522359848022e-01
-2.358229309320449829e-01
-2.329550236463546753e-01
-2.343100756406784058e-01
-2.373677939176559448e-01
-2.451488226652145386e-01
-2.534467875957489014e-01
-2.610345780849456787e-01
-2.667545378208160400e-01
-2.697619795799255371e-01
-2.651959657669067383e-01
-2.531262338161468506e-01
-2.414105683565139771e-01
-2.353891581296920776e-01
-2.347255498170852661e-01
-2.379826754331588745e-01
-2.489550560712814331e-01
-2.588501274585723877e-01
-2.700126469135284424e-01
-2.750515937805175781e-01
-2.778694331645965576e-01
-2.775323987007141113e-01
-2.726599872112274170e-01
-2.659190893173217773e-01
-2.548848390579223633e-01
-2.429047673940658569e-01
-2.297504991292953491e-01
-2.150217443704605103e-01
-2.036613970994949341e-01
-1.927012652158737183e-01
-1.815559417009353638e-01
-1.702053099870681763e-01
-1.655021160840988159e-01
-1.639558523893356323e-01
-1.699316650629043579e-01
-1.759068518877029419e-01
-1.818822920322418213e-01
-1.872185319662094116e-01
-1.829301863908767700e-01
-1.771693676710128784e-01
-1.714806109666824341e-01
-1.661367863416671753e-01
-1.607928723096847534e-01
-1.548661440610885620e-01
-1.558515578508377075e-01
-1.568366736173629761e-01
-1.596887260675430298e-01
-1.625636667013168335e-01
-1.643926054239273071e-01
-1.662224084138870239e-01
-1.680517345666885376e-01
-1.735601574182510376e-01
-1.818150430917739868e-01
-1.880895644426345825e-01
-1.889044493436813354e-01
-1.854155212640762329e-01
-1.819264143705368042e-01
-1.758164018392562866e-01
-1.680386215448379517e-01
-1.575667709112167358e-01
-1.468518674373626709e-01
-1.385000050067901611e-01
-1.298049390316009521e-01
-1.209025681018829346e-01
-1.128446310758590698e-01
-1.055302917957305908e-01
-9.867136180400848389e-02
-9.181267023086547852e-02
-8.517010509967803955e-02
-8.176085352897644043e-02
-7.765991985797882080e-02
-7.176953554153442383e-02
-6.791712343692779541e-02
-6.500603258609771729e-02
-6.206090375781059265e-02
-5.893133208155632019e-02
-5.501772090792655945e-02
-5.500258132815361023e-02
-6.079275533556938171e-02
-6.365753710269927979e-02
-6.541784107685089111e-02
-6.982602179050445557e-02
-7.622647285461425781e-02
-8.233566582202911377e-02
-8.691969513893127441e-02
-9.003631770610809326e-02
-8.810617029666900635e-02
-8.689910173416137695e-02
-8.917267620563507080e-02
-9.187208116054534912e-02
-9.358756244182586670e-02
-9.475095570087432861e-02
-9.673842787742614746e-02
-1.002676486968994141e-01
-1.043356657028198242e-01
-1.100610047578811646e-01
-1.159311234951019287e-01
-1.181564182043075562e-01
-1.222267299890518188e-01
-1.272096484899520874e-01
-1.277901530265808105e-01
-1.238123476505279541e-01
-1.200162023305892944e-01
-1.162126213312149048e-01
-1.129260212182998657e-01
-1.125308275222778320e-01
-1.147599965333938599e-01
-1.178699731826782227e-01
-1.239729970693588257e-01
-1.339305788278579712e-01
-1.423182636499404907e-01
-1.443419158458709717e-01
-1.446417719125747681e-01
-1.448855996131896973e-01
-1.500003486871719360e-01
-1.590195745229721069e-01
-1.709787100553512573e-01
-1.814690232276916504e-01
-1.922063082456588745e-01
-2.046797424554824829e-01
-2.172255367040634155e-01
-2.303908020257949829e-01
-2.439162880182266235e-01
-2.525193095207214355e-01
-2.553536593914031982e-01
-2.563322484493255615e-01
-2.545169293880462646e-01
-2.500830590724945068e-01
-2.456495016813278198e-01
-2.412156909704208374e-01
-2.367819398641586304e-01
-2.344754785299301147e-01
-2.351220101118087769e-01
-2.377759665250778198e-01
-2.437153011560440063e-01
-2.520131766796112061e-01
-2.603110373020172119e-01
-2.664701640605926514e-01
-2.706761062145233154e-01
-2.696920037269592285e-01
-2.578490972518920898e-01
-2.465289086103439331e-01
-2.389203161001205444e-01
-2.407721728086471558e-01
-2.478201836347579956e-01
-2.577855885028839111e-01
-2.676261961460113525e-01
-2.737811505794525146e-01
-2.756360173225402832e-01
-2.777167260646820068e-01
-2.783140242099761963e-01
-2.743431031703948975e-01
-2.674401700496673584e-01
-2.576628029346466064e-01
-2.462076097726821899e-01
-2.335525900125503540e-01
-2.199105471372604370e-01
-2.060658782720565796e-01
-1.919294148683547974e-01
-1.789024919271469116e-01
-1.667338758707046509e-01
-1.585844308137893677e-01
-1.595819145441055298e-01
-1.650326400995254517e-01
-1.708401888608932495e-01
-1.768155843019485474e-01
-1.827910691499710083e-01
-1.797734349966049194e-01
-1.740127950906753540e-01
-1.686431020498275757e-01
-1.632992774248123169e-01
-1.579553335905075073e-01
-1.600613147020339966e-01
-1.610459536314010620e-01
-1.625232845544815063e-01
-1.656800359487533569e-01
-1.684050709009170532e-01
-1.702343672513961792e-01
-1.720640212297439575e-01
-1.738931089639663696e-01
-1.742337793111801147e-01
-1.723409742116928101e-01
-1.756142824888229370e-01
-1.791777461767196655e-01
-1.800644546747207642e-01
-1.767017096281051636e-01
-1.700183600187301636e-01
-1.604589521884918213e-01
-1.498216539621353149e-01
-1.394653022289276123e-01
-1.274143308401107788e-01
-1.174280643463134766e-01
-1.074424088001251221e-01
-1.001374721527099609e-01
-9.380319714546203613e-02
-8.729387819766998291e-02
-8.169373869895935059e-02
-7.831539213657379150e-02
-7.564988732337951660e-02
-7.309220731258392334e-02
-6.784284114837646484e-02
-6.489640474319458008e-02
-6.393902003765106201e-02
-6.335498392581939697e-02
-6.049482151865959167e-02
-5.658135935664176941e-02
-5.624253675341606140e-02
-6.259413063526153564e-02
-6.759302318096160889e-02
-6.957064568996429443e-02
-7.378636300563812256e-02
-8.026076853275299072e-02
-8.532987534999847412e-02
-8.935771882534027100e-02
-8.827036619186401367e-02
-8.617053925991058350e-02
-8.619002997875213623e-02
-8.717784285545349121e-02
-8.748389780521392822e-02
-8.837592601776123047e-02
-9.171140193939208984e-02
-9.525652229785919189e-02
-9.927274286746978760e-02
-1.048642247915267944e-01
-1.108551174402236938e-01
-1.147480458021163940e-01
-1.168182641267776489e-01
-1.194207817316055298e-01
-1.238450407981872559e-01
-1.275968700647354126e-01
-1.225385218858718872e-01
-1.180479079484939575e-01
-1.141609996557235718e-01
-1.104578524827957153e-01
-1.072010546922683716e-01
-1.077063530683517456e-01
-1.094678044319152832e-01
-1.137382537126541138e-01
-1.216216981410980225e-01
-1.299346983432769775e-01
-1.338741928339004517e-01
-1.357331722974777222e-01
-1.387999057769775391e-01
-1.474082618951797485e-01
-1.597648859024047852e-01
-1.726988404989242554e-01
-1.858181804418563843e-01
-1.985956430435180664e-01
-2.122034579515457153e-01
-2.260149866342544556e-01
-2.416606098413467407e-01
-2.528766691684722900e-01
-2.560075223445892334e-01
-2.584407627582550049e-01
-2.586131095886230469e-01
-2.555741667747497559e-01
-2.510422766208648682e-01
-2.466086596250534058e-01
-2.421749979257583618e-01
-2.377413660287857056e-01
-2.359958738088607788e-01
-2.366424947977066040e-01
-2.381838411092758179e-01
-2.422817200422286987e-01
-2.505795061588287354e-01
-2.586992681026458740e-01
-2.660174965858459473e-01
-2.698940336704254150e-01
-2.718777358531951904e-01
-2.619629800319671631e-01
-2.520996928215026855e-01
-2.461542338132858276e-01
-2.479845732450485229e-01
-2.566485106945037842e-01
-2.666140794754028320e-01
-2.746521234512329102e-01
-2.771967053413391113e-01
-2.759431600570678711e-01
-2.761822640895843506e-01
-2.768858969211578369e-01
-2.737485468387603760e-01
-2.654785811901092529e-01
-2.553256452083587646e-01
-2.438040822744369507e-01
-2.315886765718460083e-01
-2.185614854097366333e-01
-2.052427083253860474e-01
-1.918723732233047485e-01
-1.784793585538864136e-01
-1.656402200460433960e-01
-1.526171714067459106e-01
-1.559710055589675903e-01
-1.614218205213546753e-01
-1.668722480535507202e-01
-1.723230034112930298e-01
-1.777732223272323608e-01
-1.763669401407241821e-01
-1.711493879556655884e-01
-1.658058315515518188e-01
-1.604944914579391479e-01
-1.561590880155563354e-01
-1.652559787034988403e-01
-1.662411838769912720e-01
-1.685142070055007935e-01
-1.716706901788711548e-01
-1.742464751005172729e-01
-1.760759204626083374e-01
-1.753589957952499390e-01
-1.722059994935989380e-01
-1.692489832639694214e-01
-1.672939211130142212e-01
-1.653393656015396118e-01
-1.681557148694992065e-01
-1.714801639318466187e-01
-1.696788817644119263e-01
-1.629002392292022705e-01
-1.527917385101318359e-01
-1.423804014921188354e-01
-1.299521923065185547e-01
-1.164507567882537842e-01
-1.067617237567901611e-01
-9.771484136581420898e-02
-9.005710482597351074e-02
-8.260279893875122070e-02
-7.814635336399078369e-02
-7.493185997009277344e-02
-7.246838510036468506e-02
-7.033278048038482666e-02
-6.820158660411834717e-02
-6.363859772682189941e-02
-6.271104514598846436e-02
-6.440535187721252441e-02
-6.396444141864776611e-02
-6.269089877605438232e-02
-5.933858081698417664e-02
-5.816487595438957214e-02
-6.451614201068878174e-02
-7.099343836307525635e-02
-7.383620738983154297e-02
-7.709555327892303467e-02
-8.324460685253143311e-02
-8.714796602725982666e-02
-8.821411430835723877e-02
-8.633477985858917236e-02
-8.451381325721740723e-02
-8.555981516838073730e-02
-8.781497180461883545e-02
-8.971767127513885498e-02
-9.136688709259033203e-02
-9.301617741584777832e-02
-9.581346809864044189e-02
-1.008647829294204712e-01
-1.064497083425521851e-01
-1.117246598005294800e-01
-1.134116053581237793e-01
-1.153404116630554199e-01
-1.172693520784378052e-01
-1.210392117500305176e-01
-1.254635453224182129e-01
-1.241953223943710327e-01
-1.191662997007369995e-01
-1.140554696321487427e-01
-1.091033518314361572e-01
-1.051008999347686768e-01
-1.033196896314620972e-01
-1.034195572137832642e-01
-1.032146513462066650e-01
-1.085874736309051514e-01
-1.170696020126342773e-01
-1.215599924325942993e-01
-1.253114640712738037e-01
-1.278022676706314087e-01
-1.364861577749252319e-01
-1.515161097049713135e-01
-1.663733273744583130e-01
-1.830571740865707397e-01
-2.013509124517440796e-01
-2.186891883611679077e-01
-2.360526174306869507e-01
-2.507989406585693359e-01
-2.554847002029418945e-01
-2.592954933643341064e-01
-2.607350051403045654e-01
-2.614282071590423584e-01
-2.592867910861968994e-01
-2.545768320560455322e-01
-2.481394559144973755e-01
-2.431342154741287231e-01
-2.387004345655441284e-01
-2.375163882970809937e-01
-2.381628006696701050e-01
-2.388093024492263794e-01
-2.416495531797409058e-01
-2.491460889577865601e-01
-2.567713558673858643e-01
-2.633403539657592773e-01
-2.687875926494598389e-01
-2.722152173519134521e-01
-2.639205157756805420e-01
-2.603979110717773438e-01
-2.554375231266021729e-01
-2.560905218124389648e-01
-2.654769420623779297e-01
-2.738907039165496826e-01
-2.770984470844268799e-01
-2.793353497982025146e-01
-2.773529589176177979e-01
-2.765901982784271240e-01
-2.734882831573486328e-01
-2.676465511322021484e-01
-2.582878172397613525e-01
-2.479408830404281616e-01
-2.371026724576950073e-01
-2.262644618749618530e-01
-2.146136611700057983e-01
-2.028910368680953979e-01
-1.903466284275054932e-01
-1.772956401109695435e-01
-1.639252752065658569e-01
-1.523674279451370239e-01
-1.542305201292037964e-01
-1.584772914648056030e-01
-1.632611900568008423e-01
-1.687115579843521118e-01
-1.741622239351272583e-01
-1.742504388093948364e-01
-1.707454472780227661e-01
-1.669176667928695679e-01
-1.632052212953567505e-01
-1.602951437234878540e-01
-1.713462918996810913e-01
-1.721180826425552368e-01
-1.748348921537399292e-01
-1.776914149522781372e-01
-1.764308959245681763e-01
-1.733785420656204224e-01
-1.714235395193099976e-01
-1.694682985544204712e-01
-1.675128191709518433e-01
-1.655582040548324585e-01
-1.627507656812667847e-01
-1.596491485834121704e-01
-1.580625921487808228e-01
-1.591624468564987183e-01
-1.525316834449768066e-01
-1.439166665077209473e-01
-1.336192339658737183e-01
-1.195546388626098633e-01
-1.056663990020751953e-01
-9.699854254722595215e-02
-8.886981010437011719e-02
-8.230644464492797852e-02
-7.723572850227355957e-02
-7.323628664016723633e-02
-7.012474536895751953e-02
-6.715102493762969971e-02
-6.501553952693939209e-02
-6.331096589565277100e-02
-5.990028008818626404e-02
-6.264783442020416260e-02
-6.559944152832031250e-02
-6.571595370769500732e-02
-6.445431709289550781e-02
-6.212095543742179871e-02
-6.008691713213920593e-02
-6.647284328937530518e-02
-7.270722091197967529e-02
-7.745851576328277588e-02
-7.993187010288238525e-02
-8.493809401988983154e-02
-8.665274083614349365e-02
-8.634060621261596680e-02
-8.454406261444091797e-02
-8.543135225772857666e-02
-8.922089636325836182e-02
-9.232704341411590576e-02
-9.397636353969573975e-02
-9.562550485134124756e-02
-9.769251942634582520e-02
-1.007142364978790283e-01
-1.044030636548995972e-01
-1.086951047182083130e-01
-1.118419170379638672e-01
-1.133645921945571899e-01
-1.148874312639236450e-01
-1.164102405309677124e-01
-1.184460669755935669e-01
-1.227077692747116089e-01
-1.262349933385848999e-01
-1.211771965026855469e-01
-1.160663217306137085e-01
-1.109556257724761963e-01
-1.053972840309143066e-01
-1.017663031816482544e-01
-9.785388410091400146e-02
-9.432469308376312256e-02
-9.843342006206512451e-02
-1.056332737207412720e-01
-1.098657995462417603e-01
-1.147360056638717651e-01
-1.181526184082031250e-01
-1.264026165008544922e-01
-1.408587843179702759e-01
-1.574175506830215454e-01
-1.742520183324813843e-01
-1.916000097990036011e-01
-2.136078327894210815e-01
-2.368294745683670044e-01
-2.490631788969039917e-01
-2.558975219726562500e-01
-2.594317197799682617e-01
-2.611953616142272949e-01
-2.629591524600982666e-01
-2.629974484443664551e-01
-2.595422565937042236e-01
-2.531048059463500977e-01
-2.466674000024795532e-01
-2.404803186655044556e-01
-2.390367239713668823e-01
-2.396832555532455444e-01
-2.403297871351242065e-01
-2.420576065778732300e-01
-2.473876625299453735e-01
-2.542707026004791260e-01
-2.605901956558227539e-01
-2.662077248096466064e-01
-2.704446315765380859e-01
-2.694095671176910400e-01
-2.665693759918212891e-01
-2.654288113117218018e-01
-2.658432424068450928e-01
-2.723742425441741943e-01
-2.762705087661743164e-01
-2.786215841770172119e-01
-2.794034183025360107e-01
-2.762529253959655762e-01
-2.716097235679626465e-01
-2.701668143272399902e-01
-2.601729333400726318e-01
-2.508902847766876221e-01
-2.404388338327407837e-01
-2.296007722616195679e-01
-2.187626212835311890e-01
-2.081032991409301758e-01
-1.973454505205154419e-01
-1.863410919904708862e-01
-1.747213155031204224e-01
-1.621770411729812622e-01
-1.541007608175277710e-01
-1.511093527078628540e-01
-1.557271927595138550e-01
-1.628106683492660522e-01
-1.692948490381240845e-01
-1.758744567632675171e-01
-1.788318902254104614e-01
-1.773332208395004272e-01
-1.757767647504806519e-01
-1.739349812269210815e-01
-1.716661304235458374e-01
-1.824459880590438843e-01
-1.816978603601455688e-01
-1.790143102407455444e-01
-1.767378300428390503e-01
-1.749474853277206421e-01
-1.727092415094375610e-01
-1.704714745283126831e-01
-1.682338565587997437e-01
-1.658265739679336548e-01
-1.625064462423324585e-01
-1.593260020017623901e-01
-1.548445671796798706e-01
-1.503629386425018311e-01
-1.460698097944259644e-01
-1.410808265209197998e-01
-1.320152729749679565e-01
-1.198424994945526123e-01
-1.077775359153747559e-01
-9.635536372661590576e-02
-8.804139494895935059e-02
-8.235017955303192139e-02
-7.708507776260375977e-02
-7.339937984943389893e-02
-7.026159763336181641e-02
-6.724260747432708740e-02
-6.425908207893371582e-02
-6.092528626322746277e-02
-5.842135474085807800e-02
-6.025172397494316101e-02
-6.339435279369354248e-02
-6.599788367748260498e-02
-6.726349890232086182e-02
-6.602685153484344482e-02
-6.490342319011688232e-02
-6.200645491480827332e-02
-6.766916811466217041e-02
-7.351787388324737549e-02
-7.984922826290130615e-02
-8.249571919441223145e-02
-8.492775261402130127e-02
-8.532206714153289795e-02
-8.646805584430694580e-02
-8.729209005832672119e-02
-9.073171019554138184e-02
-9.430766105651855469e-02
-9.658589959144592285e-02
-9.823517501354217529e-02
-1.004022955894470215e-01
-1.032898426055908203e-01
-1.069789230823516846e-01
-1.106678992509841919e-01
-1.137091070413589478e-01
-1.133361607789993286e-01
-1.133383214473724365e-01
-1.148611456155776978e-01
-1.163938790559768677e-01
-1.180611550807952881e-01
-1.217931210994720459e-01
-1.259964108467102051e-01
-1.236341446638107300e-01
-1.181174665689468384e-01
-1.131071746349334717e-01
-1.064528077840805054e-01
-1.007191389799118042e-01
-9.607093036174774170e-02
-9.277932345867156982e-02
-9.193287789821624756e-02
-9.637291729450225830e-02
-1.009210497140884399e-01
-1.034122556447982788e-01
-1.094928532838821411e-01
-1.172524243593215942e-01
-1.304135620594024658e-01
-1.475500017404556274e-01
-1.657722443342208862e-01
-1.838699579238891602e-01
-2.072502523660659790e-01
-2.227200716733932495e-01
-2.334346324205398560e-01
-2.435009926557540894e-01
-2.509873807430267334e-01
-2.571555972099304199e-01
-2.619740664958953857e-01
-2.641091942787170410e-01
-2.621429860591888428e-01
-2.576124370098114014e-01
-2.516328990459442139e-01
-2.457859069108963013e-01
-2.431301921606063843e-01
-2.417729049921035767e-01
-2.418501228094100952e-01
-2.424966543912887573e-01
-2.452010959386825562e-01
-2.510213553905487061e-01
-2.563237845897674561e-01
-2.641944587230682373e-01
-2.708638608455657959e-01
-2.729441821575164795e-01
-2.704995870590209961e-01
-2.723487913608551025e-01
-2.743184864521026611e-01
-2.736222743988037109e-01
-2.747457325458526611e-01
-2.762051224708557129e-01
-2.769871652126312256e-01
-2.741233706474304199e-01
-2.693671882152557373e-01
-2.631579637527465820e-01
-2.558697760105133057e-01
-2.438492327928543091e-01
-2.328497916460037231e-01
-2.220823913812637329e-01
-2.112602442502975464e-01
-2.005141675472259521e-01
-1.904486268758773804e-01
-1.795997619628906250e-01
-1.690365225076675415e-01
-1.596752554178237915e-01
-1.576115339994430542e-01
-1.545957177877426147e-01
-1.601563543081283569e-01
-1.671871095895767212e-01
-1.757064312696456909e-01
-1.854804009199142456e-01
-1.905793398618698120e-01
-1.895357519388198853e-01
-1.887881308794021606e-01
-1.880414634943008423e-01
-1.870996505022048950e-01
-1.914448589086532593e-01
-1.883907169103622437e-01
-1.860033422708511353e-01
-1.836156696081161499e-01
-1.801994889974594116e-01
-1.764852255582809448e-01
-1.727707535028457642e-01
-1.684229224920272827e-01
-1.640659421682357788e-01
-1.603180319070816040e-01
-1.555537432432174683e-01
-1.507896631956100464e-01
-1.460252106189727783e-01
-1.409097164869308472e-01
-1.312261223793029785e-01
-1.178064197301864624e-01
-1.058064699172973633e-01
-9.469196200370788574e-02
-8.536678552627563477e-02
-8.067281544208526611e-02
-7.723288238048553467e-02
-7.356499135494232178e-02
-7.042689621448516846e-02
-6.728892028331756592e-02
-6.436066329479217529e-02
-6.190919503569602966e-02
-5.931193754076957703e-02
-6.029277667403221130e-02
-6.261403858661651611e-02
-6.455855071544647217e-02
-6.598354876041412354e-02
-6.738831102848052979e-02
-6.805421411991119385e-02
-6.724889576435089111e-02
-6.302894651889801025e-02
-6.766174733638763428e-02
-7.376286387443542480e-02
-8.034880459308624268e-02
-8.398665487766265869e-02
-8.570067584514617920e-02
-8.864538371562957764e-02
-9.062938392162322998e-02
-9.224225580692291260e-02
-9.605757892131805420e-02
-9.880150854587554932e-02
-1.008446365594863892e-01
-1.031119674444198608e-01
-1.058654934167861938e-01
-1.095547080039978027e-01
-1.132435947656631470e-01
-1.168924570083618164e-01
-1.177020519971847534e-01
-1.173289865255355835e-01
-1.169560551643371582e-01
-1.166970133781433105e-01
-1.166273951530456543e-01
-1.189250499010086060e-01
-1.211023777723312378e-01
-1.254228651523590088e-01
-1.277966499328613281e-01
-1.224752217531204224e-01
-1.158728450536727905e-01
-1.070685982704162598e-01
-1.002762764692306519e-01
-9.521627426147460938e-02
-9.238958358764648438e-02
-9.025667607784271240e-02
-9.180605411529541016e-02
-9.320344030857086182e-02
-9.581215679645538330e-02
-1.028145849704742432e-01
-1.099777966737747192e-01
-1.206319630146026611e-01
-1.378838568925857544e-01
-1.568593084812164307e-01
-1.793911457061767578e-01
-1.986147612333297729e-01
-2.077034860849380493e-01
-2.165250629186630249e-01
-2.259589880704879761e-01
-2.340701073408126831e-01
-2.417599111795425415e-01
-2.481861561536788940e-01
-2.546124756336212158e-01
-2.587226033210754395e-01
-2.590015828609466553e-01
-2.543054521083831787e-01
-2.498691529035568237e-01
-2.485049217939376831e-01
-2.472995966672897339e-01
-2.459422498941421509e-01
-2.437151521444320679e-01
-2.421320527791976929e-01
-2.470418363809585571e-01
-2.556088864803314209e-01
-2.637160122394561768e-01
-2.685385644435882568e-01
-2.716268301010131836e-01
-2.722974717617034912e-01
-2.729645669460296631e-01
-2.766285836696624756e-01
-2.733472287654876709e-01
-2.723814547061920166e-01
-2.737888097763061523e-01
-2.745707333087921143e-01
-2.719937562942504883e-01
-2.670466005802154541e-01
-2.570841610431671143e-01
-2.496967464685440063e-01
-2.388507574796676636e-01
-2.264499813318252563e-01
-2.144785970449447632e-01
-2.038135826587677002e-01
-1.943101137876510620e-01
-1.855867207050323486e-01
-1.772196292877197266e-01
-1.682894974946975708e-01
-1.640321463346481323e-01
-1.646781116724014282e-01
-1.657631248235702515e-01
-1.708704680204391479e-01
-1.792129427194595337e-01
-1.881988495588302612e-01
-1.966180354356765747e-01
-2.041074782609939575e-01
-2.039294689893722534e-01
-2.030846327543258667e-01
-2.022873610258102417e-01
-2.009208053350448608e-01
-1.978409737348556519e-01
-1.953795999288558960e-01
-1.929924935102462769e-01
-1.906049698591232300e-01
-1.870389133691787720e-01
-1.833245605230331421e-01
-1.785136610269546509e-01
-1.736526638269424438e-01
-1.681431680917739868e-01
-1.619025617837905884e-01
-1.556617170572280884e-01
-1.494209021329879761e-01
-1.432442367076873779e-01
-1.373784095048904419e-01
-1.241961419582366943e-01
-1.099715381860733032e-01
-9.390518069267272949e-02
-8.540779352188110352e-02
-7.701236009597778320e-02
-7.210054993629455566e-02
-7.012930512428283691e-02
-6.862153112888336182e-02
-6.733466684818267822e-02
-6.476958096027374268e-02
-6.249336525797843933e-02
-6.024583801627159119e-02
-6.047759577631950378e-02
-6.313610076904296875e-02
-6.614537537097930908e-02
-6.776696443557739258e-02
-6.839372217655181885e-02
-6.841848790645599365e-02
-6.744940578937530518e-02
-6.681282818317413330e-02
-6.306858360767364502e-02
-6.767667829990386963e-02
-7.470521330833435059e-02
-8.223764598369598389e-02
-8.869124948978424072e-02
-9.026379883289337158e-02
-9.307248890399932861e-02
-9.476293623447418213e-02
-9.756824374198913574e-02
-1.007287055253982544e-01
-1.032951921224594116e-01
-1.058216691017150879e-01
-1.084859669208526611e-01
-1.121301949024200439e-01
-1.158193498849868774e-01
-1.194699555635452271e-01
-1.220680922269821167e-01
-1.217825859785079956e-01
-1.216786056756973267e-01
-1.216456145048141479e-01
-1.216543614864349365e-01
-1.222273558378219604e-01
-1.221792250871658325e-01
-1.221085041761398315e-01
-1.253729313611984253e-01
-1.300602257251739502e-01
-1.251772046089172363e-01
-1.172319799661636353e-01
-1.082115471363067627e-01
-1.010112613439559937e-01
-9.667421877384185791e-02
-9.273733198642730713e-02
-8.815740048885345459e-02
-8.884005248546600342e-02
-9.063316881656646729e-02
-9.380480647087097168e-02
-9.939548373222351074e-02
-1.062717586755752563e-01
-1.146671772003173828e-01
-1.290770322084426880e-01
-1.512707024812698364e-01
-1.740997284650802612e-01
-1.836524754762649536e-01
-1.935745924711227417e-01
-2.017827779054641724e-01
-2.083434909582138062e-01
-2.158279865980148315e-01
-2.239393442869186401e-01
-2.320505231618881226e-01
-2.389587014913558960e-01
-2.444851845502853394e-01
-2.470044344663619995e-01
-2.464227825403213501e-01
-2.469892948865890503e-01
-2.501305341720581055e-01
-2.505416572093963623e-01
-2.491244524717330933e-01
-2.460686415433883667e-01
-2.438632696866989136e-01
-2.471565157175064087e-01
-2.529476583003997803e-01
-2.587674558162689209e-01
-2.624772489070892334e-01
-2.660941779613494873e-01
-2.710113227367401123e-01
-2.727806568145751953e-01
-2.736266553401947021e-01
-2.738120257854461670e-01
-2.709356844425201416e-01
-2.713725864887237549e-01
-2.721543014049530029e-01
-2.698643803596496582e-01
-2.627662420272827148e-01
-2.527551949024200439e-01
-2.422245591878890991e-01
-2.345517724752426147e-01
-2.241667956113815308e-01
-2.126720398664474487e-01
-2.020170092582702637e-01
-1.950328797101974487e-01
-1.883483827114105225e-01
-1.816001236438751221e-01
-1.752665042877197266e-01
-1.745381057262420654e-01
-1.759942620992660522e-01
-1.771355122327804565e-01
-1.799302548170089722e-01
-1.905082613229751587e-01
-2.006549090147018433e-01
-2.092673331499099731e-01
-2.159197479486465454e-01
-2.137032002210617065e-01
-2.130361050367355347e-01
-2.123791426420211792e-01
-2.116163223981857300e-01
-2.041755169630050659e-01
-2.025791853666305542e-01
-2.009826749563217163e-01
-1.993855088949203491e-01
-1.955026239156723022e-01
-1.897857636213302612e-01
-1.840688437223434448e-01
-1.779487580060958862e-01
-1.717080324888229370e-01
-1.654673069715499878e-01
-1.592267900705337524e-01
-1.530728489160537720e-01
-1.472272276878356934e-01
-1.371424198150634766e-01
-1.219969987869262695e-01
-1.087310165166854858e-01
-9.533348679542541504e-02
-7.903559505939483643e-02
-7.070538401603698730e-02
-6.674994528293609619e-02
-6.477531790733337402e-02
-6.346900761127471924e-02
-6.258982419967651367e-02
-6.164370104670524597e-02
-6.096465513110160828e-02
-6.061626598238945007e-02
-6.230125948786735535e-02
-6.620858609676361084e-02
-7.006190717220306396e-02
-7.145114243030548096e-02
-7.054822146892547607e-02
-6.954689323902130127e-02
-6.766657531261444092e-02
-6.586654484272003174e-02
-6.436713039875030518e-02
-7.121573388576507568e-02
-7.916657626628875732e-02
-8.620958030223846436e-02
-9.244267642498016357e-02
-9.562176465988159180e-02
-9.749956429004669189e-02
-9.910048544406890869e-02
-1.026561856269836426e-01
-1.052224487066268921e-01
-1.085315793752670288e-01
-1.111958175897598267e-01
-1.147670447826385498e-01
-1.186514794826507568e-01
-1.224994808435440063e-01
-1.261943876743316650e-01
-1.269368380308151245e-01
-1.269036829471588135e-01
-1.268707364797592163e-01
-1.269102692604064941e-01
-1.274832338094711304e-01
-1.275473088026046753e-01
-1.274765431880950928e-01
-1.274059563875198364e-01
-1.273188441991806030e-01
-1.278112083673477173e-01
-1.263846606016159058e-01
-1.184069961309432983e-01
-1.093546301126480103e-01
-1.018652468919754028e-01
-9.737685322761535645e-02
-9.256403148174285889e-02
-8.806617558002471924e-02
-8.769808709621429443e-02
-9.137445688247680664e-02
-9.520493447780609131e-02
-9.913550317287445068e-02
-1.032160967588424683e-01
-1.126450449228286743e-01
-1.273617893457412720e-01
-1.495217531919479370e-01
-1.604093313217163086e-01
-1.686562895774841309e-01
-1.781887710094451904e-01
-1.871645003557205200e-01
-1.930952221155166626e-01
-1.985142379999160767e-01
-2.057181298732757568e-01
-2.138083130121231079e-01
-2.219194620847702026e-01
-2.297312468290328979e-01
-2.329438775777816772e-01
-2.334401160478591919e-01
-2.341503947973251343e-01
-2.368839830160140991e-01
-2.402530163526535034e-01
-2.424340695142745972e-01
-2.453363984823226929e-01
-2.447914928197860718e-01
-2.442276328802108765e-01
-2.486994117498397827e-01
-2.520240247249603271e-01
-2.559570670127868652e-01
-2.597121000289916992e-01
-2.670387327671051025e-01
-2.699689269065856934e-01
-2.708596885204315186e-01
-2.720123827457427979e-01
-2.708258926868438721e-01
-2.689560353755950928e-01
-2.697382271289825439e-01
-2.677838206291198730e-01
-2.606600821018218994e-01
-2.522446215152740479e-01
-2.427760511636734009e-01
-2.368216067552566528e-01
-2.284419685602188110e-01
-2.200254350900650024e-01
-2.100618928670883179e-01
-2.010164558887481689e-01
-1.946706324815750122e-01
-1.883246302604675293e-01
-1.831802427768707275e-01
-1.851465851068496704e-01
-1.861308664083480835e-01
-1.871155649423599243e-01
-1.882228106260299683e-01
-1.970842927694320679e-01
-2.075135558843612671e-01
-2.182878106832504272e-01
-2.278917878866195679e-01
-2.256177514791488647e-01
-2.232808917760848999e-01
-2.218550294637680054e-01
-2.211766391992568970e-01
-2.100289911031723022e-01
-2.093759328126907349e-01
-2.077794522047042847e-01
-2.051554173231124878e-01
-2.010855227708816528e-01
-1.970152705907821655e-01
-1.917274743318557739e-01
-1.862774938344955444e-01
-1.797587424516677856e-01
-1.726622730493545532e-01
-1.656757444143295288e-01
-1.590470820665359497e-01
-1.503656357526779175e-01
-1.375878155231475830e-01
-1.252825856208801270e-01
-1.138959228992462158e-01
-1.025089919567108154e-01
-8.905696868896484375e-02
-7.490006089210510254e-02
-6.626704335212707520e-02
-6.337749958038330078e-02
-6.051018461585044861e-02
-5.852168425917625427e-02
-5.766623839735984802e-02
-5.823792144656181335e-02
-6.166007742285728455e-02
-6.551058590412139893e-02
-7.127398252487182617e-02
-7.448674738407135010e-02
-7.330113649368286133e-02
-7.139690220355987549e-02
-6.904557347297668457e-02
-6.830050051212310791e-02
-7.047764956951141357e-02
-7.299576699733734131e-02
-7.783292233943939209e-02
-8.379825949668884277e-02
-8.949355781078338623e-02
-9.572651982307434082e-02
-1.009276360273361206e-01
-1.019267886877059937e-01
-1.044396609067916870e-01
-1.073798686265945435e-01
-1.110604405403137207e-01
-1.145261079072952271e-01
-1.180976778268814087e-01
-1.219821721315383911e-01
-1.258321106433868408e-01
-1.295269876718521118e-01
-1.321620196104049683e-01
-1.321288347244262695e-01
-1.320957690477371216e-01
-1.321662217378616333e-01
-1.327392607927322388e-01
-1.329154521226882935e-01
-1.328448057174682617e-01
-1.327740699052810669e-01
-1.320657283067703247e-01
-1.297920942306518555e-01
-1.284238249063491821e-01
-1.288470476865768433e-01
-1.201176196336746216e-01
-1.098594367504119873e-01
-1.021018773317337036e-01
-9.732447564601898193e-02
-9.239076077938079834e-02
-8.854092657566070557e-02
-8.836454153060913086e-02
-9.410943090915679932e-02
-9.757013618946075439e-02
-1.012468636035919189e-01
-1.051773875951766968e-01
-1.119277775287628174e-01
-1.299391686916351318e-01
-1.444986313581466675e-01
-1.512609869241714478e-01
-1.574842780828475952e-01
-1.643188446760177612e-01
-1.711918264627456665e-01
-1.778931468725204468e-01
-1.835492104291915894e-01
-1.888489872217178345e-01
-1.958889365196228027e-01
-2.036772668361663818e-01
-2.117885798215866089e-01
-2.180069833993911743e-01
-2.193552702665328979e-01
-2.193910628557205200e-01
-2.209836691617965698e-01
-2.227780967950820923e-01
-2.254584282636642456e-01
-2.279958277940750122e-01
-2.301775962114334106e-01
-2.324920743703842163e-01
-2.402626127004623413e-01
-2.473184615373611450e-01
-2.517002224922180176e-01
-2.538814842700958252e-01
-2.579877376556396484e-01
-2.657816708087921143e-01
-2.680929303169250488e-01
-2.692956924438476562e-01
-2.723914086818695068e-01
-2.711597979068756104e-01
-2.724037468433380127e-01
-2.711465060710906982e-01
-2.655188739299774170e-01
-2.585636675357818604e-01
-2.505423724651336670e-01
-2.423747926950454712e-01
-2.344583719968795776e-01
-2.278063744306564331e-01
-2.188243716955184937e-01
-2.097678035497665405e-01
-2.009194493293762207e-01
-1.945734471082687378e-01
-1.925301551818847656e-01
-1.940786838531494141e-01
-1.961110979318618774e-01
-1.971202641725540161e-01
-1.985042244195938110e-01
-2.041367739439010620e-01
-2.144215553998947144e-01
-2.247067242860794067e-01
-2.351904958486557007e-01
-2.352343052625656128e-01
-2.350459247827529907e-01
-2.327202111482620239e-01
-2.302864044904708862e-01
-2.103376239538192749e-01
-2.097864300012588501e-01
-2.082834690809249878e-01
-2.064807265996932983e-01
-2.035272568464279175e-01
-1.993172913789749146e-01
-1.950999349355697632e-01
-1.896502226591110229e-01
-1.842003017663955688e-01
-1.788832992315292358e-01
-1.739493757486343384e-01
-1.679851561784744263e-01
-1.581995934247970581e-01
-1.479128301143646240e-01
-1.356699019670486450e-01
-1.234674155712127686e-01
-1.132689714431762695e-01
-1.035070866346359253e-01
-8.897274732589721680e-02
-7.578359544277191162e-02
-6.632229685783386230e-02
-6.334523856639862061e-02
-6.111076101660728455e-02
-5.963264033198356628e-02
-6.189319118857383728e-02
-6.441958248615264893e-02
-6.702177226543426514e-02
-7.218302786350250244e-02
-7.641433179378509521e-02
-7.477487623691558838e-02
-7.353369891643524170e-02
-7.430048286914825439e-02
-7.575587928295135498e-02
-7.924793660640716553e-02
-8.048020303249359131e-02
-8.479468524456024170e-02
-8.981187641620635986e-02
-9.495422244071960449e-02
-1.001844853162765503e-01
-1.058376729488372803e-01
-1.069906651973724365e-01
-1.100664585828781128e-01
-1.138431578874588013e-01
-1.176196485757827759e-01
-1.214283406734466553e-01
-1.253128200769424438e-01
-1.291648596525192261e-01
-1.329569369554519653e-01
-1.367963105440139771e-01
-1.373539716005325317e-01
-1.373209208250045776e-01
-1.374222040176391602e-01
-1.379951089620590210e-01
-1.382836550474166870e-01
-1.382129341363906860e-01
-1.381423324346542358e-01
-1.370042711496353149e-01
-1.345790177583694458e-01
-1.318520456552505493e-01
-1.291556507349014282e-01
-1.291580349206924438e-01
-1.241078525781631470e-01
-1.122810691595077515e-01
-1.033066064119338989e-01
-9.715129435062408447e-02
-9.284046292304992676e-02
-8.909694850444793701e-02
-9.129032492637634277e-02
-9.706664085388183594e-02
-1.001247316598892212e-01
-1.037657409906387329e-01
-1.081567555665969849e-01
-1.194308549165725708e-01
-1.333317309617996216e-01
-1.374296844005584717e-01
-1.433197557926177979e-01
-1.486158519983291626e-01
-1.546588391065597534e-01
-1.591576039791107178e-01
-1.642354279756546021e-01
-1.696705818176269531e-01
-1.743398457765579224e-01
-1.796590238809585571e-01
-1.860595792531967163e-01
-1.922436207532882690e-01
-1.975117474794387817e-01
-1.995521634817123413e-01
-1.996468007564544678e-01
-2.026465535163879395e-01
-2.055806815624237061e-01
-2.082094699144363403e-01
-2.103912085294723511e-01
-2.124022096395492554e-01
-2.139750272035598755e-01
-2.190116792917251587e-01
-2.288983315229415894e-01
-2.377109378576278687e-01
-2.432429045438766479e-01
-2.517497241497039795e-01
-2.619151771068572998e-01
-2.687913477420806885e-01
-2.724369466304779053e-01
-2.764106690883636475e-01
-2.804369926452636719e-01
-2.797581255435943604e-01
-2.778405547142028809e-01
-2.730233073234558105e-01
-2.668427228927612305e-01
-2.594276964664459229e-01
-2.515802979469299316e-01
-2.431536763906478882e-01
-2.346078306436538696e-01
-2.279614955186843872e-01
-2.189417332410812378e-01
-2.100722342729568481e-01
-2.012024223804473877e-01
-2.017732411623001099e-01
-2.033025473356246948e-01
-2.049514502286911011e-01
-2.072809487581253052e-01
-2.086610645055770874e-01
-2.110851258039474487e-01
-2.213705629110336304e-01
-2.316551357507705688e-01
-2.419402152299880981e-01
-2.425874024629592896e-01
-2.422087341547012329e-01
-2.418722957372665405e-01
-2.412834912538528442e-01
-2.099882811307907104e-01
-2.084851115942001343e-01
-2.069821208715438843e-01
-2.046216875314712524e-01
-2.004117816686630249e-01
-1.962016373872756958e-01
-1.919915825128555298e-01
-1.877818256616592407e-01
-1.836913377046585083e-01
-1.800810545682907104e-01
-1.761086732149124146e-01
-1.709445267915725708e-01
-1.644605845212936401e-01
-1.561238914728164673e-01
-1.461089104413986206e-01
-1.376459598541259766e-01
-1.280224770307540894e-01
-1.183989942073822021e-01
-1.071176826953887939e-01
-9.341020882129669189e-02
-8.323895931243896484e-02
-7.306809723377227783e-02
-6.844732165336608887e-02
-7.038433849811553955e-02
-7.205507159233093262e-02
-7.242389023303985596e-02
-7.348015904426574707e-02
-7.670615613460540771e-02
-7.955749332904815674e-02
-8.075805008411407471e-02
-8.183224499225616455e-02
-8.245332539081573486e-02
-8.433200418949127197e-02
-8.795516192913055420e-02
-8.870156109333038330e-02
-9.222127497196197510e-02
-9.750057756900787354e-02
-1.033218353986740112e-01
-1.084533035755157471e-01
-1.134008616209030151e-01
-1.152969598770141602e-01
-1.170270591974258423e-01
-1.205209344625473022e-01
-1.246226578950881958e-01
-1.286433041095733643e-01
-1.325542777776718140e-01
-1.363938301801681519e-01
-1.402330100536346436e-01
-1.425790637731552124e-01
-1.425460129976272583e-01
-1.426780968904495239e-01
-1.432510018348693848e-01
-1.436517089605331421e-01
-1.435811966657638550e-01
-1.435104310512542725e-01
-1.419426351785659790e-01
-1.393658667802810669e-01
-1.366388648748397827e-01
-1.339118033647537231e-01
-1.304453313350677490e-01
-1.280460506677627563e-01
-1.274334639310836792e-01
-1.169549375772476196e-01
-1.077674776315689087e-01
-1.000724583864212036e-01
-9.430593252182006836e-02
-9.176264703273773193e-02
-9.450212121009826660e-02
-1.000999361276626587e-01
-1.026794612407684326e-01
-1.063204258680343628e-01
-1.142844408750534058e-01
-1.269086897373199463e-01
-1.318833231925964355e-01
-1.339164227247238159e-01
-1.362558305263519287e-01
-1.403978914022445679e-01
-1.454472690820693970e-01
-1.499349325895309448e-01
-1.544227749109268188e-01
-1.589103490114212036e-01
-1.619509607553482056e-01
-1.638973951339721680e-01
-1.659596562385559082e-01
-1.687267273664474487e-01
-1.723668128252029419e-01
-1.748371571302413940e-01
-1.796955764293670654e-01
-1.849768310785293579e-01
-1.883832216262817383e-01
-1.906048655509948730e-01
-1.924259662628173828e-01
-1.936100423336029053e-01
-1.945060342550277710e-01
-1.972256451845169067e-01
-2.099267095327377319e-01
-2.160645872354507446e-01
-2.239956110715866089e-01
-2.373983711004257202e-01
-2.543354630470275879e-01
-2.704495787620544434e-01
-2.796492576599121094e-01
-2.854029536247253418e-01
-2.899200320243835449e-01
-2.899948954582214355e-01
-2.873671352863311768e-01
-2.825474143028259277e-01
-2.763094604015350342e-01
-2.686690092086791992e-01
-2.608001232147216797e-01
-2.526867091655731201e-01
-2.416615039110183716e-01
-2.348742634057998657e-01
-2.279833108186721802e-01
-2.191136926412582397e-01
-2.127872556447982788e-01
-2.118143588304519653e-01
-2.124774008989334106e-01
-2.142526656389236450e-01
-2.164755910634994507e-01
-2.187798470258712769e-01
-2.196963280439376831e-01
-2.272941917181015015e-01
-2.370288521051406860e-01
-2.467642575502395630e-01
-2.479323297739028931e-01
-2.467768341302871704e-01
-2.455474883317947388e-01
-2.446088045835494995e-01
-2.086868733167648315e-01
-2.071838229894638062e-01
-2.049881070852279663e-01
-2.015063017606735229e-01
-1.972963362932205200e-01
-1.930861622095108032e-01
-1.888761073350906372e-01
-1.847308427095413208e-01
-1.812463849782943726e-01
-1.786053329706192017e-01
-1.740819662809371948e-01
-1.695980280637741089e-01
-1.644811779260635376e-01
-1.584672778844833374e-01
-1.517303138971328735e-01
-1.449933052062988281e-01
-1.382561177015304565e-01
-1.308501660823822021e-01
-1.228734105825424194e-01
-1.110372543334960938e-01
-1.011109352111816406e-01
-9.152065217494964600e-02
-8.599637448787689209e-02
-8.316673338413238525e-02
-8.327120542526245117e-02
-8.323137462139129639e-02
-8.552801609039306641e-02
-9.080882370471954346e-02
-9.468933939933776855e-02
-9.553591907024383545e-02
-9.653021395206451416e-02
-9.803000092506408691e-02
-9.948091208934783936e-02
-1.009915620088577271e-01
-9.943468868732452393e-02
-1.009809225797653198e-01
-1.052584201097488403e-01
-1.110013723373413086e-01
-1.168319731950759888e-01
-1.222105324268341064e-01
-1.268023252487182617e-01
-1.279228776693344116e-01
-1.305285543203353882e-01
-1.337672919034957886e-01
-1.371300965547561646e-01
-1.406867951154708862e-01
-1.442434638738632202e-01
-1.477999389171600342e-01
-1.477789282798767090e-01
-1.479339450597763062e-01
-1.485068351030349731e-01
-1.490198820829391479e-01
-1.489493101835250854e-01
-1.488784998655319214e-01
-1.468799561262130737e-01
-1.441529989242553711e-01
-1.414258927106857300e-01
-1.384239941835403442e-01
-1.346664577722549438e-01
-1.309088319540023804e-01
-1.271512061357498169e-01
-1.266964226961135864e-01
-1.218236088752746582e-01
-1.122272759675979614e-01
-1.047989279031753540e-01
-9.943051636219024658e-02
-9.889169037342071533e-02
-9.893272817134857178e-02
-1.033119410276412964e-01
-1.056497693061828613e-01
-1.100174039602279663e-01
-1.220103949308395386e-01
-1.275954395532608032e-01
-1.290770918130874634e-01
-1.309174150228500366e-01
-1.321443468332290649e-01
-1.338331997394561768e-01
-1.362357884645462036e-01
-1.400415152311325073e-01
-1.430743336677551270e-01
-1.453078538179397583e-01
-1.471629589796066284e-01
-1.474541276693344116e-01
-1.474359780550003052e-01
-1.479587703943252563e-01
-1.495254188776016235e-01
-1.548814624547958374e-01
-1.593999266624450684e-01
-1.630963981151580811e-01
-1.666224151849746704e-01
-1.706216186285018921e-01
-1.735207289457321167e-01
-1.760484129190444946e-01
-1.798057258129119873e-01
-1.842176765203475952e-01
-1.961905807256698608e-01
-2.010346204042434692e-01
-2.114991396665573120e-01
-2.274615615606307983e-01
-2.452090829610824585e-01
-2.627279460430145264e-01
-2.772130072116851807e-01
-2.857958376407623291e-01
-2.924925684928894043e-01
-2.980802655220031738e-01
-2.968340814113616943e-01
-2.919318675994873047e-01
-2.856581807136535645e-01
-2.778132259845733643e-01
-2.699443399906158447e-01
-2.620756924152374268e-01
-2.502728104591369629e-01
-2.417757958173751831e-01
-2.349690645933151245e-01
-2.273833304643630981e-01
-2.236624211072921753e-01
-2.222261577844619751e-01
-2.209379523992538452e-01
-2.210489064455032349e-01
-2.224451452493667603e-01
-2.242749482393264771e-01
-2.259864062070846558e-01
-2.303702086210250854e-01
-2.401050180196762085e-01
-2.498403638601303101e-01
-2.520791888236999512e-01
-2.509237229824066162e-01
-2.497328668832778931e-01
-2.484438270330429077e-01
-2.073857337236404419e-01
-2.049049586057662964e-01
-2.020222395658493042e-01
-1.983903795480728149e-01
-1.941805928945541382e-01
-1.899706274271011353e-01
-1.857832521200180054e-01
-1.824117451906204224e-01
-1.809053570032119751e-01
-1.771983355283737183e-01
-1.735277324914932251e-01
-1.698402613401412964e-01
-1.655625849962234497e-01
-1.606685966253280640e-01
-1.539315730333328247e-01
-1.471945941448211670e-01
-1.404578238725662231e-01
-1.337206959724426270e-01
-1.271938830614089966e-01
-1.210375726222991943e-01
-1.143382489681243896e-01
-1.105298399925231934e-01
-1.066506654024124146e-01
-1.011266857385635376e-01
-9.623676538467407227e-02
-9.799851477146148682e-02
-1.024414449930191040e-01
-1.070224493741989136e-01
-1.113532930612564087e-01
-1.126143783330917358e-01
-1.144752055406570435e-01
-1.157218664884567261e-01
-1.163984984159469604e-01
-1.179840117692947388e-01
-1.180065721273422241e-01
-1.191403269767761230e-01
-1.239232867956161499e-01
-1.274253726005554199e-01
-1.312321573495864868e-01
-1.352936923503875732e-01
-1.384176760911941528e-01
-1.390285342931747437e-01
-1.424699872732162476e-01
-1.455750018358230591e-01
-1.479336917400360107e-01
-1.502923071384429932e-01
-1.531053781509399414e-01
-1.548726558685302734e-01
-1.547835618257522583e-01
-1.550737470388412476e-01
-1.553638577461242676e-01
-1.550626307725906372e-01
-1.542853564023971558e-01
-1.518466025590896606e-01
-1.489397138357162476e-01
-1.462127417325973511e-01
-1.426450610160827637e-01
-1.388873308897018433e-01
-1.351299881935119629e-01
-1.313722431659698486e-01
-1.276147514581680298e-01
-1.267025917768478394e-01
-1.265359371900558472e-01
-1.169301122426986694e-01
-1.095254272222518921e-01
-1.071294397115707397e-01
-1.069257408380508423e-01
-1.067222654819488525e-01
-1.098657697439193726e-01
-1.101704388856887817e-01
-1.175496876239776611e-01
-1.244502812623977661e-01
-1.275010555982589722e-01
-1.260187774896621704e-01
-1.274477988481521606e-01
-1.278357952833175659e-01
-1.260105520486831665e-01
-1.263182759284973145e-01
-1.256413608789443970e-01
-1.264741271734237671e-01
-1.279029846191406250e-01
-1.285302191972732544e-01
-1.284455358982086182e-01
-1.273545324802398682e-01
-1.286930739879608154e-01
-1.320829838514328003e-01
-1.375638544559478760e-01
-1.418859660625457764e-01
-1.456482410430908203e-01
-1.502628922462463379e-01
-1.562063246965408325e-01
-1.622599959373474121e-01
-1.676040440797805786e-01
-1.723341941833496094e-01
-1.767885982990264893e-01
-1.835197359323501587e-01
-1.900570243597030640e-01
-2.017914056777954102e-01
-2.194816619157791138e-01
-2.372080534696578979e-01
-2.549341619014739990e-01
-2.718623280525207520e-01
-2.827516794204711914e-01
-2.872456014156341553e-01
-2.907280921936035156e-01
-2.941254675388336182e-01
-2.925690412521362305e-01
-2.913313806056976318e-01
-2.851100862026214600e-01
-2.771198451519012451e-01
-2.687877118587493896e-01
-2.588045895099639893e-01
-2.453090697526931763e-01
-2.384028881788253784e-01
-2.322106808423995972e-01
-2.320867031812667847e-01
-2.306142300367355347e-01
-2.295081168413162231e-01
-2.284018546342849731e-01
-2.280670255422592163e-01
-2.294629365205764771e-01
-2.314495295286178589e-01
-2.333948761224746704e-01
-2.431810647249221802e-01
-2.529166638851165771e-01
-2.562266290187835693e-01
-2.550707161426544189e-01
-2.539151012897491455e-01
-2.526288032531738281e-01
-2.048218101263046265e-01
-2.019387036561965942e-01
-1.990558654069900513e-01
-1.952753216028213501e-01
-1.910650879144668579e-01
-1.869155019521713257e-01
-1.844312995672225952e-01
-1.832049638032913208e-01
-1.808762997388839722e-01
-1.773342341184616089e-01
-1.745016127824783325e-01
-1.713389903306961060e-01
-1.679721325635910034e-01
-1.628699451684951782e-01
-1.561332494020462036e-01
-1.493962258100509644e-01
-1.428344100713729858e-01
-1.367756128311157227e-01
-1.308148652315139771e-01
-1.248542368412017822e-01
-1.226432174444198608e-01
-1.189470589160919189e-01
-1.172615736722946167e-01
-1.158845275640487671e-01
-1.145315617322921753e-01
-1.136713176965713501e-01
-1.178143620491027832e-01
-1.232361346483230591e-01
-1.280021965503692627e-01
-1.300425380468368530e-01
-1.316130161285400391e-01
-1.326396018266677856e-01
-1.332502514123916626e-01
-1.332834511995315552e-01
-1.341335624456405640e-01
-1.349543482065200806e-01
-1.429501026868820190e-01
-1.483583748340606689e-01
-1.526391953229904175e-01
-1.573090851306915283e-01
-1.609228104352951050e-01
-1.636360585689544678e-01
-1.644720137119293213e-01
-1.648466438055038452e-01
-1.648728400468826294e-01
-1.648989468812942505e-01
-1.655473262071609497e-01
-1.635064333677291870e-01
-1.621980220079421997e-01
-1.624883562326431274e-01
-1.622993946075439453e-01
-1.610922366380691528e-01
-1.585020273923873901e-01
-1.554922014474868774e-01
-1.521060615777969360e-01
-1.480658948421478271e-01
-1.440256386995315552e-01
-1.399852186441421509e-01
-1.359449625015258789e-01
-1.319047361612319946e-01
-1.283447146415710449e-01
-1.271844953298568726e-01
-1.277179270982742310e-01
-1.220645159482955933e-01
-1.161107122898101807e-01
-1.151636540889739990e-01
-1.149600148200988770e-01
-1.147564500570297241e-01
-1.170969158411026001e-01
-1.218355447053909302e-01
-1.256126314401626587e-01
-1.261757165193557739e-01
-1.234546452760696411e-01
-1.197059005498886108e-01
-1.179235577583312988e-01
-1.166730970144271851e-01
-1.135015934705734253e-01
-1.115356236696243286e-01
-1.101624667644500732e-01
-1.082498282194137573e-01
-1.069798469543457031e-01
-1.076070964336395264e-01
-1.085325777530670166e-01
-1.130119264125823975e-01
-1.172241419553756714e-01
-1.223237067461013794e-01
-1.289290338754653931e-01
-1.346270591020584106e-01
-1.406776905059814453e-01
-1.452107727527618408e-01
-1.506263911724090576e-01
-1.560581773519515991e-01
-1.614480167627334595e-01
-1.672516912221908569e-01
-1.690821200609207153e-01
-1.725427955389022827e-01
-1.803018748760223389e-01
-1.937495321035385132e-01
-2.110895365476608276e-01
-2.283525317907333374e-01
-2.456156760454177856e-01
-2.627736628055572510e-01
-2.756150364875793457e-01
-2.792959809303283691e-01
-2.823152542114257812e-01
-2.847208082675933838e-01
-2.832080721855163574e-01
-2.795901894569396973e-01
-2.764329612255096436e-01
-2.738217711448669434e-01
-2.709827125072479248e-01
-2.650366723537445068e-01
-2.512557804584503174e-01
-2.414781898260116577e-01
-2.383540123701095581e-01
-2.392733544111251831e-01
-2.391707152128219604e-01
-2.380649894475936890e-01
-2.369584888219833374e-01
-2.358527630567550659e-01
-2.350849658250808716e-01
-2.364809364080429077e-01
-2.386243492364883423e-01
-2.461754828691482544e-01
-2.559812963008880615e-01
-2.603734135627746582e-01
-2.592178881168365479e-01
-2.581799328327178955e-01
-2.574340403079986572e-01
-2.018557935953140259e-01
-1.989728063344955444e-01
-1.960894316434860229e-01
-1.921596378087997437e-01
-1.880577057600021362e-01
-1.868270784616470337e-01
-1.862265914678573608e-01
-1.846502572298049927e-01
-1.811405867338180542e-01
-1.785889714956283569e-01
-1.766002327203750610e-01
-1.737487465143203735e-01
-1.704529672861099243e-01
-1.653382033109664917e-01
-1.589365750551223755e-01
-1.529756635427474976e-01
-1.470147222280502319e-01
-1.410540342330932617e-01
-1.349423974752426147e-01
-1.294913589954376221e-01
-1.314953714609146118e-01
-1.314091980457305908e-01
-1.294727474451065063e-01
-1.280956268310546875e-01
-1.268338710069656372e-01
-1.267223507165908813e-01
-1.270729154348373413e-01
-1.292975395917892456e-01
-1.372849792242050171e-01
-1.423286348581314087e-01
-1.455031782388687134e-01
-1.479442566633224487e-01
-1.485306769609451294e-01
-1.485827714204788208e-01
-1.495863199234008789e-01
-1.502716392278671265e-01
-1.595888435840606689e-01
-1.664517670869827271e-01
-1.717918366193771362e-01
-1.795312017202377319e-01
-1.838328391313552856e-01
-1.872308999300003052e-01
-1.892152577638626099e-01
-1.893551349639892578e-01
-1.893813163042068481e-01
-1.894074231386184692e-01
-1.876365244388580322e-01
-1.843962818384170532e-01
-1.811561137437820435e-01
-1.775489002466201782e-01
-1.723817288875579834e-01
-1.680719107389450073e-01
-1.642062515020370483e-01
-1.593982428312301636e-01
-1.545021981000900269e-01
-1.501150578260421753e-01
-1.460748761892318726e-01
-1.420345008373260498e-01
-1.379941850900650024e-01
-1.339538842439651489e-01
-1.313082873821258545e-01
-1.298388242721557617e-01
-1.292190849781036377e-01
-1.277972310781478882e-01
-1.240050643682479858e-01
-1.221125870943069458e-01
-1.214369386434555054e-01
-1.207613795995712280e-01
-1.240691095590591431e-01
-1.288325935602188110e-01
-1.242962330579757690e-01
-1.226103156805038452e-01
-1.172599792480468750e-01
-1.112259477376937866e-01
-1.060952693223953247e-01
-1.028388589620590210e-01
-9.913273155689239502e-02
-9.546487033367156982e-02
-9.331981837749481201e-02
-9.238074719905853271e-02
-9.206521511077880859e-02
-9.383474290370941162e-02
-1.011784821748733521e-01
-1.089802384376525879e-01
-1.151390820741653442e-01
-1.210290491580963135e-01
-1.278806179761886597e-01
-1.346943676471710205e-01
-1.401014924049377441e-01
-1.437773108482360840e-01
-1.482095718383789062e-01
-1.528390347957611084e-01
-1.573455929756164551e-01
-1.583434790372848511e-01
-1.608819514513015747e-01
-1.624194085597991943e-01
-1.675739586353302002e-01
-1.823074072599411011e-01
-1.995704472064971924e-01
-2.168332487344741821e-01
-2.340962439775466919e-01
-2.513593733310699463e-01
-2.642982304096221924e-01
-2.705357670783996582e-01
-2.735548913478851318e-01
-2.757719159126281738e-01
-2.741658985614776611e-01
-2.710812985897064209e-01
-2.663922607898712158e-01
-2.617027461528778076e-01
-2.584599554538726807e-01
-2.557743489742279053e-01
-2.494559139013290405e-01
-2.402649968862533569e-01
-2.431486994028091431e-01
-2.454325109720230103e-01
-2.470250576734542847e-01
-2.466215938329696655e-01
-2.455156892538070679e-01
-2.444097846746444702e-01
-2.433033436536788940e-01
-2.421972304582595825e-01
-2.434983402490615845e-01
-2.486131936311721802e-01
-2.591484189033508301e-01
-2.651725411415100098e-01
-2.645609080791473389e-01
-2.639070153236389160e-01
-2.631994187831878662e-01
-1.988896876573562622e-01
-1.960064321756362915e-01
-1.931236833333969116e-01
-1.901785582304000854e-01
-1.897840648889541626e-01
-1.892481595277786255e-01
-1.884237974882125854e-01
-1.850746423006057739e-01
-1.828992217779159546e-01
-1.815934330224990845e-01
-1.801018565893173218e-01
-1.769845336675643921e-01
-1.739179939031600952e-01
-1.691761165857315063e-01
-1.632149368524551392e-01
-1.572543233633041382e-01
-1.512936800718307495e-01
-1.448863893747329712e-01
-1.409534662961959839e-01
-1.398349404335021973e-01
-1.405450254678726196e-01
-1.431495547294616699e-01
-1.416837722063064575e-01
-1.403068006038665771e-01
-1.391366273164749146e-01
-1.394745409488677979e-01
-1.397954076528549194e-01
-1.412250846624374390e-01
-1.424250453710556030e-01
-1.463447362184524536e-01
-1.504325419664382935e-01
-1.534402817487716675e-01
-1.556644588708877563e-01
-1.582254916429519653e-01
-1.606794744729995728e-01
-1.633289903402328491e-01
-1.743953377008438110e-01
-1.832008808851242065e-01
-1.897192448377609253e-01
-1.988686472177505493e-01
-2.048257142305374146e-01
-2.099083513021469116e-01
-2.134080082178115845e-01
-2.138635069131851196e-01
-2.138897031545639038e-01
-2.139381915330886841e-01
-2.106979936361312866e-01
-2.074575424194335938e-01
-2.039625495672225952e-01
-1.983657330274581909e-01
-1.919420063495635986e-01
-1.849240511655807495e-01
-1.773532480001449585e-01
-1.702685207128524780e-01
-1.638958007097244263e-01
-1.575269252061843872e-01
-1.525111943483352661e-01
-1.471431404352188110e-01
-1.417750567197799683e-01
-1.366982907056808472e-01
-1.337363570928573608e-01
-1.310137659311294556e-01
-1.289891451597213745e-01
-1.316036731004714966e-01
-1.305753886699676514e-01
-1.283425241708755493e-01
-1.260074228048324585e-01
-1.241953223943710327e-01
-1.287425607442855835e-01
-1.265226006507873535e-01
-1.220279335975646973e-01
-1.169170886278152466e-01
-1.107371896505355835e-01
-1.034532636404037476e-01
-9.585998952388763428e-02
-9.026072919368743896e-02
-8.532810211181640625e-02
-8.399997651576995850e-02
-8.475612103939056396e-02
-8.613251149654388428e-02
-9.016239643096923828e-02
-9.555791318416595459e-02
-1.017049551010131836e-01
-1.082202196121215820e-01
-1.156174838542938232e-01
-1.206227988004684448e-01
-1.268142908811569214e-01
-1.339664608240127563e-01
-1.393175870180130005e-01
-1.415198445320129395e-01
-1.429485231637954712e-01
-1.469629555940628052e-01
-1.484355330467224121e-01
-1.476130336523056030e-01
-1.519112437963485718e-01
-1.532508283853530884e-01
-1.582954376935958862e-01
-1.732176691293716431e-01
-1.890663355588912964e-01
-2.054853588342666626e-01
-2.225770503282546997e-01
-2.380998879671096802e-01
-2.512768507003784180e-01
-2.604548633098602295e-01
-2.644971907138824463e-01
-2.669392526149749756e-01
-2.642258107662200928e-01
-2.610584795475006104e-01
-2.577218711376190186e-01
-2.530327141284942627e-01
-2.483432739973068237e-01
-2.436541765928268433e-01
-2.391249388456344604e-01
-2.319062799215316772e-01
-2.346666604280471802e-01
-2.417362779378890991e-01
-2.480408698320388794e-01
-2.528948187828063965e-01
-2.533868253231048584e-01
-2.529661953449249268e-01
-2.518600821495056152e-01
-2.510219514369964600e-01
-2.504171729087829590e-01
-2.518951296806335449e-01
-2.632573246955871582e-01
-2.707978487014770508e-01
-2.702145278453826904e-01
-2.696312367916107178e-01
-2.689646482467651367e-01
-1.950875371694564819e-01
-1.928954571485519409e-01
-1.930933147668838501e-01
-1.929500252008438110e-01
-1.926789730787277222e-01
-1.927578896284103394e-01
-1.898998469114303589e-01
-1.877460628747940063e-01
-1.865956634283065796e-01
-1.856947988271713257e-01
-1.835858076810836792e-01
-1.809951514005661011e-01
-1.784046739339828491e-01
-1.734541505575180054e-01
-1.674933284521102905e-01
-1.620150357484817505e-01
-1.571914106607437134e-01
-1.528057903051376343e-01
-1.510668545961380005e-01
-1.491791754961013794e-01
-1.493708938360214233e-01
-1.520659625530242920e-01
-1.539184600114822388e-01
-1.525662988424301147e-01
-1.515507549047470093e-01
-1.519443690776824951e-01
-1.528259068727493286e-01
-1.538905799388885498e-01
-1.548610180616378784e-01
-1.541010886430740356e-01
-1.537926793098449707e-01
-1.560169607400894165e-01
-1.582411527633666992e-01
-1.609729081392288208e-01
-1.655690371990203857e-01
-1.706588417291641235e-01
-1.831203550100326538e-01
-1.938727051019668579e-01
-2.030345946550369263e-01
-2.134897559881210327e-01
-2.203925102949142456e-01
-2.267147749662399292e-01
-2.328059822320938110e-01
-2.376488000154495239e-01
-2.387479692697525024e-01
-2.369991689920425415e-01
-2.337589412927627563e-01
-2.301660627126693726e-01
-2.243144661188125610e-01
-2.176633328199386597e-01
-2.096206098794937134e-01
-2.015778869390487671e-01
-1.935352534055709839e-01
-1.854925602674484253e-01
-1.774497926235198975e-01
-1.695041507482528687e-01
-1.626594811677932739e-01
-1.558147221803665161e-01
-1.489700824022293091e-01
-1.435550898313522339e-01
-1.396781355142593384e-01
-1.376038491725921631e-01
-1.355567723512649536e-01
-1.366269141435623169e-01
-1.375897675752639771e-01
-1.329119950532913208e-01
-1.296089738607406616e-01
-1.313011199235916138e-01
-1.280950903892517090e-01
-1.256677657365798950e-01
-1.204334050416946411e-01
-1.119976490736007690e-01
-1.051662415266036987e-01
-9.866571426391601562e-02
-9.224142134189605713e-02
-8.844390511512756348e-02
-8.473324775695800781e-02
-8.254179358482360840e-02
-8.181789517402648926e-02
-8.675198256969451904e-02
-9.214706718921661377e-02
-9.754218161106109619e-02
-1.029372811317443848e-01
-1.085853129625320435e-01
-1.132220625877380371e-01
-1.178893148899078369e-01
-1.239469796419143677e-01
-1.308992952108383179e-01
-1.375367790460586548e-01
-1.409937590360641479e-01
-1.417177170515060425e-01
-1.411009728908538818e-01
-1.386268138885498047e-01
-1.374717652797698975e-01
-1.429404616355895996e-01
-1.448458433151245117e-01
-1.495814174413681030e-01
-1.652346551418304443e-01
-1.819655448198318481e-01
-1.976037621498107910e-01
-2.132423967123031616e-01
-2.252494245767593384e-01
-2.376527041196823120e-01
-2.486368566751480103e-01
-2.549347877502441406e-01
-2.581065297126770020e-01
-2.551892995834350586e-01
-2.508058845996856689e-01
-2.485780864953994751e-01
-2.443624585866928101e-01
-2.396733611822128296e-01
-2.349839359521865845e-01
-2.304515689611434937e-01
-2.255725711584091187e-01
-2.236212044954299927e-01
-2.302508801221847534e-01
-2.373204976320266724e-01
-2.443899661302566528e-01
-2.518022060394287109e-01
-2.558664977550506592e-01
-2.592531442642211914e-01
-2.600445747375488281e-01
-2.603837251663208008e-01
-2.599496841430664062e-01
-2.664543688297271729e-01
-2.760693132877349854e-01
-2.758398652076721191e-01
-2.752566635608673096e-01
-2.746734917163848877e-01
-1.931350678205490112e-01
-1.940014809370040894e-01
-1.953293532133102417e-01
-1.956048756837844849e-01
-1.962291747331619263e-01
-1.946827024221420288e-01
-1.926237493753433228e-01
-1.915982216596603394e-01
-1.907452791929244995e-01
-1.901316493749618530e-01
-1.880724579095840454e-01
-1.854820698499679565e-01
-1.828914433717727661e-01
-1.790152937173843384e-01
-1.744816154241561890e-01
-1.696582287549972534e-01
-1.643709987401962280e-01
-1.622993499040603638e-01
-1.604115813970565796e-01
-1.585236936807632446e-01
-1.581968963146209717e-01
-1.609827578067779541e-01
-1.637870222330093384e-01
-1.648689955472946167e-01
-1.644372493028640747e-01
-1.647306978702545166e-01
-1.652544885873794556e-01
-1.660618931055068970e-01
-1.673636585474014282e-01
-1.667834967374801636e-01
-1.625822335481643677e-01
-1.585940271615982056e-01
-1.608181595802307129e-01
-1.644153445959091187e-01
-1.696399897336959839e-01
-1.751942187547683716e-01
-1.865181773900985718e-01
-1.988135129213333130e-01
-2.117027789354324341e-01
-2.233496755361557007e-01
-2.319164127111434937e-01
-2.390495091676712036e-01
-2.447044998407363892e-01
-2.511269748210906982e-01
-2.546722590923309326e-01
-2.545837461948394775e-01
-2.518809735774993896e-01
-2.466459125280380249e-01
-2.401197999715805054e-01
-2.320771664381027222e-01
-2.240345329046249390e-01
-2.159917801618576050e-01
-2.079489231109619141e-01
-1.999063938856124878e-01
-1.918635517358779907e-01
-1.838209480047225952e-01
-1.757782995700836182e-01
-1.677355021238327026e-01
-1.609154939651489258e-01
-1.561191529035568237e-01
-1.506370157003402710e-01
-1.460383236408233643e-01
-1.440568119287490845e-01
-1.429083794355392456e-01
-1.442302018404006958e-01
-1.406769305467605591e-01
-1.404630690813064575e-01
-1.397151648998260498e-01
-1.335141211748123169e-01
-1.313770562410354614e-01
-1.248451024293899536e-01
-1.160978227853775024e-01
-1.088135987520217896e-01
-1.021968424320220947e-01
-9.484045207500457764e-02
-8.985978364944458008e-02
-8.695960044860839844e-02
-8.665762841701507568e-02
-8.906449377536773682e-02
-9.173198044300079346e-02
-9.494839608669281006e-02
-9.937204420566558838e-02
-1.045763790607452393e-01
-1.092530786991119385e-01
-1.127837747335433960e-01
-1.165613532066345215e-01
-1.207419484853744507e-01
-1.277022063732147217e-01
-1.357557773590087891e-01
-1.399012655019760132e-01
-1.405254602432250977e-01
-1.358993798494338989e-01
-1.312731653451919556e-01
-1.301627606153488159e-01
-1.341359913349151611e-01
-1.363853812217712402e-01
-1.427837014198303223e-01
-1.554714739322662354e-01
-1.727701872587203979e-01
-1.900935769081115723e-01
-2.040380388498306274e-01
-2.156775146722793579e-01
-2.273169010877609253e-01
-2.379458695650100708e-01
-2.457381933927536011e-01
-2.498290985822677612e-01
-2.463846653699874878e-01
-2.412110418081283569e-01
-2.367288321256637573e-01
-2.356923669576644897e-01
-2.310031503438949585e-01
-2.263138145208358765e-01
-2.221616953611373901e-01
-2.229333072900772095e-01
-2.196335643529891968e-01
-2.197366207838058472e-01
-2.267540544271469116e-01
-2.343253940343856812e-01
-2.418965846300125122e-01
-2.491257637739181519e-01
-2.542541921138763428e-01
-2.590768039226531982e-01
-2.631348669528961182e-01
-2.669956684112548828e-01
-2.700339555740356445e-01
-2.797373235225677490e-01
-2.806232571601867676e-01
-2.795741856098175049e-01
-2.782625854015350342e-01
-1.948811560869216919e-01
-1.963220089673995972e-01
-1.977492719888687134e-01
-1.984775513410568237e-01
-1.978761106729507446e-01
-1.962309628725051880e-01
-1.957344561815261841e-01
-1.958319395780563354e-01
-1.959290951490402222e-01
-1.950797289609909058e-01
-1.926101595163345337e-01
-1.916311532258987427e-01
-1.911778301000595093e-01
-1.869481950998306274e-01
-1.821246892213821411e-01
-1.762103289365768433e-01
-1.735316962003707886e-01
-1.716437488794326782e-01
-1.697556823492050171e-01
-1.678678542375564575e-01
-1.670949310064315796e-01
-1.698988676071166992e-01
-1.727033108472824097e-01
-1.762509196996688843e-01
-1.768855303525924683e-01
-1.770125627517700195e-01
-1.769834905862808228e-01
-1.785643398761749268e-01
-1.798664182424545288e-01
-1.782577037811279297e-01
-1.740562766790390015e-01
-1.698783189058303833e-01
-1.667281240224838257e-01
-1.681765764951705933e-01
-1.737511307001113892e-01
-1.787516325712203979e-01
-1.897858232259750366e-01
-2.032925337553024292e-01
-2.167701572179794312e-01
-2.276172786951065063e-01
-2.357721179723739624e-01
-2.432693988084793091e-01
-2.503518462181091309e-01
-2.589911520481109619e-01
-2.628373801708221436e-01
-2.623209059238433838e-01
-2.593377828598022461e-01
-2.543860375881195068e-01
-2.482199221849441528e-01
-2.414170950651168823e-01
-2.346142083406448364e-01
-2.278112918138504028e-01
-2.210085541009902954e-01
-2.141976803541183472e-01
-2.062480598688125610e-01
-1.981840580701828003e-01
-1.895617395639419556e-01
-1.800426393747329712e-01
-1.719885915517807007e-01
-1.650403589010238647e-01
-1.591705530881881714e-01
-1.570417135953903198e-01
-1.547896414995193481e-01
-1.530575603246688843e-01
-1.535845845937728882e-01
-1.568524688482284546e-01
-1.593009978532791138e-01
-1.528345793485641479e-01
-1.458818465471267700e-01
-1.426361352205276489e-01
-1.348446160554885864e-01
-1.265182644128799438e-01
-1.191187649965286255e-01
-1.118569374084472656e-01
-1.045008748769760132e-01
-9.855251014232635498e-02
-9.767395257949829102e-02
-9.885908663272857666e-02
-9.924449026584625244e-02
-1.014129668474197388e-01
-1.037736535072326660e-01
-1.061344742774963379e-01
-1.082212179899215698e-01
-1.108929514884948730e-01
-1.134636402130126953e-01
-1.166778951883316040e-01
-1.203831881284713745e-01
-1.247422695159912109e-01
-1.324016004800796509e-01
-1.376033276319503784e-01
-1.351613551378250122e-01
-1.304484903812408447e-01
-1.257355958223342896e-01
-1.251173913478851318e-01
-1.273673176765441895e-01
-1.290569454431533813e-01
-1.359497308731079102e-01
-1.467960029840469360e-01
-1.629823446273803711e-01
-1.801493018865585327e-01
-1.934735924005508423e-01
-2.063274085521697998e-01
-2.179146856069564819e-01
-2.285435348749160767e-01
-2.382030338048934937e-01
-2.431234270334243774e-01
-2.397409230470657349e-01
-2.336439043283462524e-01
-2.274191826581954956e-01
-2.244590967893600464e-01
-2.223923653364181519e-01
-2.176440209150314331e-01
-2.173961848020553589e-01
-2.208581715822219849e-01
-2.184899598360061646e-01
-2.153775244951248169e-01
-2.194045037031173706e-01
-2.249721139669418335e-01
-2.319906800985336304e-01
-2.395621091127395630e-01
-2.464429587125778198e-01
-2.514292597770690918e-01
-2.558292448520660400e-01
-2.602297365665435791e-01
-2.640179693698883057e-01
-2.751394510269165039e-01
-2.777367234230041504e-01
-2.798512876033782959e-01
-2.796546518802642822e-01
-1.971670240163803101e-01
-1.990342885255813599e-01
-2.008860856294631958e-01
-2.010697871446609497e-01
-1.995881646871566772e-01
-1.996504515409469604e-01
-1.997481137514114380e-01
-1.998455971479415894e-01
-2.000972479581832886e-01
-2.007979601621627808e-01
-2.014392167329788208e-01
-2.004101723432540894e-01
-1.990287750959396362e-01
-1.940459758043289185e-01
-1.880565136671066284e-01
-1.847636550664901733e-01
-1.828756481409072876e-01
-1.809880882501602173e-01
-1.791003197431564331e-01
-1.772121042013168335e-01
-1.760115474462509155e-01
-1.788157075643539429e-01
-1.816931217908859253e-01
-1.853992193937301636e-01
-1.889810711145401001e-01
-1.885826289653778076e-01
-1.893249303102493286e-01
-1.909513771533966064e-01
-1.910914629697799683e-01
-1.892271339893341064e-01
-1.846815496683120728e-01
-1.811599135398864746e-01
-1.776459962129592896e-01
-1.742761582136154175e-01
-1.745150536298751831e-01
-1.791624277830123901e-01
-1.907793581485748291e-01
-2.053380459547042847e-01
-2.200256437063217163e-01
-2.305447906255722046e-01
-2.387604266405105591e-01
-2.465559393167495728e-01
-2.537424862384796143e-01
-2.605617940425872803e-01
-2.637263834476470947e-01
-2.620872855186462402e-01
-2.596686482429504395e-01
-2.569783926010131836e-01
-2.534167766571044922e-01
-2.484438866376876831e-01
-2.424539774656295776e-01
-2.356295138597488403e-01
-2.286494523286819458e-01
-2.206135839223861694e-01
-2.118711620569229126e-01
-2.031284421682357788e-01
-1.943859010934829712e-01
-1.859847158193588257e-01
-1.796688586473464966e-01
-1.731095761060714722e-01
-1.690158247947692871e-01
-1.695517748594284058e-01
-1.695527583360671997e-01
-1.710462719202041626e-01
-1.731381863355636597e-01
-1.846306473016738892e-01
-1.791951805353164673e-01
-1.726121455430984497e-01
-1.671077162027359009e-01
-1.616086810827255249e-01
-1.525618880987167358e-01
-1.427106112241744995e-01
-1.324293315410614014e-01
-1.228944361209869385e-01
-1.146655082702636719e-01
-1.114323586225509644e-01
-1.113479137420654297e-01
-1.124012321233749390e-01
-1.128402650356292725e-01
-1.146644204854965210e-01
-1.168892830610275269e-01
-1.191602051258087158e-01
-1.202500015497207642e-01
-1.202931255102157593e-01
-1.198237687349319458e-01
-1.209121495485305786e-01
-1.239610314369201660e-01
-1.276686340570449829e-01
-1.317370384931564331e-01
-1.327571868896484375e-01
-1.304180473089218140e-01
-1.254224032163619995e-01
-1.204267442226409912e-01
-1.213163584470748901e-01
-1.232874542474746704e-01
-1.234797686338424683e-01
-1.316341608762741089e-01
-1.392281353473663330e-01
-1.531944125890731812e-01
-1.682104319334030151e-01
-1.815347671508789062e-01
-1.948591917753219604e-01
-2.080793976783752441e-01
-2.191411703824996948e-01
-2.297698110342025757e-01
-2.368642836809158325e-01
-2.348370701074600220e-01
-2.288316637277603149e-01
-2.217243760824203491e-01
-2.157014459371566772e-01
-2.148562520742416382e-01
-2.118494361639022827e-01
-2.144383341073989868e-01
-2.186415046453475952e-01
-2.174304574728012085e-01
-2.144479006528854370e-01
-2.135048657655715942e-01
-2.186388820409774780e-01
-2.234777957201004028e-01
-2.283171266317367554e-01
-2.346085757017135620e-01
-2.404127866029739380e-01
-2.448130995035171509e-01
-2.492131739854812622e-01
-2.536134719848632812e-01
-2.625979185104370117e-01
-2.660836577415466309e-01
-2.685202062129974365e-01
-2.732173800468444824e-01
-2.001480907201766968e-01
-2.025942057371139526e-01
-2.042632550001144409e-01
-2.034696489572525024e-01
-2.035666257143020630e-01
-2.036640197038650513e-01
-2.040387243032455444e-01
-2.062808126211166382e-01
-2.089029997587203979e-01
-2.091320902109146118e-01
-2.080834060907363892e-01
-2.070342153310775757e-01
-2.048196047544479370e-01
-1.994120925664901733e-01
-1.959093064069747925e-01
-1.941082030534744263e-01
-1.922204345464706421e-01
-1.903326660394668579e-01
-1.884446293115615845e-01
-1.865566521883010864e-01
-1.849279552698135376e-01
-1.877213567495346069e-01
-1.903553158044815063e-01
-1.930816322565078735e-01
-1.961207687854766846e-01
-1.989028453826904297e-01
-1.992957442998886108e-01
-1.996298134326934814e-01
-1.989608556032180786e-01
-1.977436840534210205e-01
-1.942299455404281616e-01
-1.907160133123397827e-01
-1.872021704912185669e-01
-1.836881488561630249e-01
-1.816441565752029419e-01
-1.807922273874282837e-01
-1.918883770704269409e-01
-2.073834985494613647e-01
-2.224430292844772339e-01
-2.334727495908737183e-01
-2.422072738409042358e-01
-2.499103695154190063e-01
-2.570752799510955811e-01
-2.591223418712615967e-01
-2.612545788288116455e-01
-2.585626542568206787e-01
-2.556599676609039307e-01
-2.527571618556976318e-01
-2.496555894613265991e-01
-2.458658069372177124e-01
-2.411377578973770142e-01
-2.358932942152023315e-01
-2.290709763765335083e-01
-2.203285545110702515e-01
-2.115860432386398315e-01
-2.028434127569198608e-01
-1.949221938848495483e-01
-1.893113702535629272e-01
-1.864289790391921997e-01
-1.849537342786788940e-01
-1.880632787942886353e-01
-1.914950162172317505e-01
-1.935574263334274292e-01
-1.946943849325180054e-01
-1.995001286268234253e-01
-2.022963315248489380e-01
-2.002880722284317017e-01
-1.937051564455032349e-01
-1.880071908235549927e-01
-1.802543848752975464e-01
-1.714141815900802612e-01
-1.615627110004425049e-01
-1.501014083623886108e-01
-1.414462327957153320e-01
-1.361866593360900879e-01
-1.310255527496337891e-01
-1.289594471454620361e-01
-1.284043937921524048e-01
-1.278691589832305908e-01
-1.271969228982925415e-01
-1.299901902675628662e-01
-1.313093751668930054e-01
-1.316397786140441895e-01
-1.311813741922378540e-01
-1.301644742488861084e-01
-1.308412849903106689e-01
-1.316376477479934692e-01
-1.350913494825363159e-01
-1.367149949073791504e-01
-1.353815048933029175e-01
-1.306988596916198730e-01
-1.253580003976821899e-01
-1.208154112100601196e-01
-1.212691366672515869e-01
-1.228481531143188477e-01
-1.235594749450683594e-01
-1.286581158638000488e-01
-1.359574496746063232e-01
-1.459219604730606079e-01
-1.564922034740447998e-01
-1.695961803197860718e-01
-1.829206198453903198e-01
-1.960889101028442383e-01
-2.084024399518966675e-01
-2.203677147626876831e-01
-2.295868247747421265e-01
-2.299587577581405640e-01
-2.255673855543136597e-01
-2.189108580350875854e-01
-2.122385948896408081e-01
-2.080667167901992798e-01
-2.096244841814041138e-01
-2.128416746854782104e-01
-2.157989591360092163e-01
-2.162559777498245239e-01
-2.123235613107681274e-01
-2.079457193613052368e-01
-2.096542567014694214e-01
-2.143732160329818726e-01
-2.192124873399734497e-01
-2.240515500307083130e-01
-2.288906127214431763e-01
-2.337964922189712524e-01
-2.381163984537124634e-01
-2.424141317605972290e-01
-2.480880767107009888e-01
-2.525424957275390625e-01
-2.548543512821197510e-01
-2.580574452877044678e-01
-2.014633268117904663e-01
-2.063461989164352417e-01
-2.073855251073837280e-01
-2.074828594923019409e-01
-2.079733163118362427e-01
-2.104793339967727661e-01
-2.134042233228683472e-01
-2.160799354314804077e-01
-2.167183011770248413e-01
-2.157556265592575073e-01
-2.140866369009017944e-01
-2.118721455335617065e-01
-2.096264511346817017e-01
-2.055095881223678589e-01
-2.040261179208755493e-01
-2.020813077688217163e-01
-2.001255601644515991e-01
-1.981699317693710327e-01
-1.959115415811538696e-01
-1.935664564371109009e-01
-1.915355771780014038e-01
-1.934082359075546265e-01
-1.960014551877975464e-01
-1.973928362131118774e-01
-2.014017850160598755e-01
-2.066723108291625977e-01
-2.080065011978149414e-01
-2.074422240257263184e-01
-2.070702463388442993e-01
-2.072996199131011963e-01
-2.037860304117202759e-01
-2.002721726894378662e-01
-1.967581957578659058e-01
-1.925881803035736084e-01
-1.911935061216354370e-01
-1.901412904262542725e-01
-1.962828189134597778e-01
-2.091027945280075073e-01
-2.236775904893875122e-01
-2.356088012456893921e-01
-2.440669089555740356e-01
-2.506451904773712158e-01
-2.533792853355407715e-01
-2.522966861724853516e-01
-2.526455521583557129e-01
-2.519300282001495361e-01
-2.490275353193283081e-01
-2.449962049722671509e-01
-2.406384795904159546e-01
-2.361333221197128296e-01
-2.308887392282485962e-01
-2.256442755460739136e-01
-2.208657711744308472e-01
-2.172530144453048706e-01
-2.145045548677444458e-01
-2.110085636377334595e-01
-2.065974920988082886e-01
-2.039684206247329712e-01
-2.028427869081497192e-01
-2.047860771417617798e-01
-2.096503525972366333e-01
-2.124069780111312866e-01
-2.125357836484909058e-01
-2.154648452997207642e-01
-2.180622667074203491e-01
-2.169922441244125366e-01
-2.183090597391128540e-01
-2.127113789319992065e-01
-2.061812132596969604e-01
-1.985553950071334839e-01
-1.902660876512527466e-01
-1.797521710395812988e-01
-1.710615903139114380e-01
-1.634860038757324219e-01
-1.578069180250167847e-01
-1.526457369327545166e-01
-1.495953202247619629e-01
-1.488222479820251465e-01
-1.487026512622833252e-01
-1.469808071851730347e-01
-1.467558741569519043e-01
-1.463808715343475342e-01
-1.445517241954803467e-01
-1.421133577823638916e-01
-1.405053734779357910e-01
-1.411863416433334351e-01
-1.418776065111160278e-01
-1.438521295785903931e-01
-1.416988670825958252e-01
-1.385496109724044800e-01
-1.350253522396087646e-01
-1.283996999263763428e-01
-1.244719028472900391e-01
-1.249412000179290771e-01
-1.272514462471008301e-01
-1.297120302915573120e-01
-1.344417631626129150e-01
-1.391710788011550903e-01
-1.432319432497024536e-01
-1.520102769136428833e-01
-1.622587591409683228e-01
-1.730957180261611938e-01
-1.852778643369674683e-01
-1.974427551031112671e-01
-2.099752277135848999e-01
-2.221131175756454468e-01
-2.253713458776473999e-01
-2.215898782014846802e-01
-2.158084958791732788e-01
-2.084117382764816284e-01
-2.015724331140518188e-01
-2.040079981088638306e-01
-2.106589525938034058e-01
-2.130013555288314819e-01
-2.144496291875839233e-01
-2.100493758916854858e-01
-2.050988078117370605e-01
-2.028557509183883667e-01
-2.064141929149627686e-01
-2.107445746660232544e-01
-2.150755971670150757e-01
-2.194581478834152222e-01
-2.241950780153274536e-01
-2.271963804960250854e-01
-2.309455722570419312e-01
-2.352432161569595337e-01
-2.389365881681442261e-01
-2.412484437227249146e-01
-2.436549812555313110e-01
-2.002109736204147339e-01
-2.026583403348922729e-01
-2.050363272428512573e-01
-2.091090828180313110e-01
-2.134979218244552612e-01
-2.178861647844314575e-01
-2.210444360971450806e-01
-2.234523445367813110e-01
-2.229145616292953491e-01
-2.202278524637222290e-01
-2.175411432981491089e-01
-2.148543447256088257e-01
-2.127823680639266968e-01
-2.108269184827804565e-01
-2.088711410760879517e-01
-2.069156020879745483e-01
-2.049605697393417358e-01
-2.030047327280044556e-01
-2.010489255189895630e-01
-1.991990059614181519e-01
-1.975722163915634155e-01
-1.990311890840530396e-01
-2.000865191221237183e-01
-2.021563500165939331e-01
-2.070602923631668091e-01
-2.124730199575424194e-01
-2.158759981393814087e-01
-2.155831307172775269e-01
-2.160124629735946655e-01
-2.163511365652084351e-01
-2.127528041601181030e-01
-2.087543159723281860e-01
-2.045231908559799194e-01
-2.001537680625915527e-01
-1.980930715799331665e-01
-1.966934800148010254e-01
-2.026223391294479370e-01
-2.132127135992050171e-01
-2.226021438837051392e-01
-2.355175465345382690e-01
-2.428634017705917358e-01
-2.464497536420822144e-01
-2.460830062627792358e-01
-2.445816844701766968e-01
-2.426808923482894897e-01
-2.425242215394973755e-01
-2.381664067506790161e-01
-2.338084727525711060e-01
-2.296472936868667603e-01
-2.268359214067459106e-01
-2.253017276525497437e-01
-2.236847132444381714e-01
-2.220398932695388794e-01
-2.204463630914688110e-01
-2.196120172739028931e-01
-2.187778204679489136e-01
-2.190540283918380737e-01
-2.191140502691268921e-01
-2.207273393869400024e-01
-2.261052578687667847e-01
-2.290360778570175171e-01
-2.304131239652633667e-01
-2.317015081644058228e-01
-2.360867708921432495e-01
-2.327107340097427368e-01
-2.312328666448593140e-01
-2.314459532499313354e-01
-2.293058484792709351e-01
-2.200426608324050903e-01
-2.114035934209823608e-01
-2.048565298318862915e-01
-1.982604861259460449e-01
-1.913392692804336548e-01
-1.843718290328979492e-01
-1.791829615831375122e-01
-1.739658117294311523e-01
-1.699000447988510132e-01
-1.689951717853546143e-01
-1.692029088735580444e-01
-1.673478484153747559e-01
-1.647137105464935303e-01
-1.642923504114151001e-01
-1.619372367858886719e-01
-1.594439595937728882e-01
-1.568396687507629395e-01
-1.560543626546859741e-01
-1.551874279975891113e-01
-1.517534255981445312e-01
-1.485492885112762451e-01
-1.456570178270339966e-01
-1.415899246931076050e-01
-1.341027319431304932e-01
-1.304495185613632202e-01
-1.286814063787460327e-01
-1.316547393798828125e-01
-1.358644962310791016e-01
-1.405942291021347046e-01
-1.445627063512802124e-01
-1.452931910753250122e-01
-1.510600894689559937e-01
-1.615696549415588379e-01
-1.724075525999069214e-01
-1.834765225648880005e-01
-1.940011531114578247e-01
-2.049317806959152222e-01
-2.151947468519210815e-01
-2.201901227235794067e-01
-2.175746411085128784e-01
-2.107301801443099976e-01
-2.031625360250473022e-01
-1.957287937402725220e-01
-1.981958448886871338e-01
-2.056845873594284058e-01
-2.108187526464462280e-01
-2.130986303091049194e-01
-2.101969271898269653e-01
-2.049448937177658081e-01
-1.993039995431900024e-01
-1.987776458263397217e-01
-2.026394754648208618e-01
-2.069700211286544800e-01
-2.113005071878433228e-01
-2.156312912702560425e-01
-2.199618667364120483e-01
-2.222090214490890503e-01
-2.243217378854751587e-01
-2.253304868936538696e-01
-2.276422232389450073e-01
-2.299542278051376343e-01
-1.975585967302322388e-01
-2.027380317449569702e-01
-2.068002074956893921e-01
-2.105800062417984009e-01
-2.138597816228866577e-01
-2.160858064889907837e-01
-2.183117121458053589e-01
-2.195449322462081909e-01
-2.188848704099655151e-01
-2.176616340875625610e-01
-2.164388149976730347e-01
-2.154542058706283569e-01
-2.176169902086257935e-01
-2.156615108251571655e-01
-2.137061506509780884e-01
-2.117503434419631958e-01
-2.097948938608169556e-01
-2.078391164541244507e-01
-2.058836966753005981e-01
-2.041244059801101685e-01
-2.023633867502212524e-01
-2.025096565485000610e-01
-2.033544927835464478e-01
-2.066830247640609741e-01
-2.116234749555587769e-01
-2.151439338922500610e-01
-2.186863273382186890e-01
-2.217979878187179565e-01
-2.217635363340377808e-01
-2.217295318841934204e-01
-2.186533957719802856e-01
-2.146547287702560425e-01
-2.103372365236282349e-01
-2.059249430894851685e-01
-2.038368433713912964e-01
-2.036394774913787842e-01
-2.087322920560836792e-01
-2.205737084150314331e-01
-2.296444028615951538e-01
-2.340141087770462036e-01
-2.382817119359970093e-01
-2.383603900671005249e-01
-2.354040890932083130e-01
-2.324478179216384888e-01
-2.295032292604446411e-01
-2.311011403799057007e-01
-2.311425060033798218e-01
-2.303842753171920776e-01
-2.296262830495834351e-01
-2.288943380117416382e-01
-2.289468497037887573e-01
-2.288848608732223511e-01
-2.281207591295242310e-01
-2.272864729166030884e-01
-2.264519482851028442e-01
-2.260092347860336304e-01
-2.276213914155960083e-01
-2.291976064443588257e-01
-2.340414971113204956e-01
-2.386192232370376587e-01
-2.428299635648727417e-01
-2.458061724901199341e-01
-2.531226575374603271e-01
-2.509826123714447021e-01
-2.473594099283218384e-01
-2.454737275838851929e-01
-2.454531639814376831e-01
-2.445664852857589722e-01
-2.353903800249099731e-01
-2.285316735506057739e-01
-2.226826399564743042e-01
-2.145168930292129517e-01
-2.073207497596740723e-01
-2.003535330295562744e-01
-1.942897588014602661e-01
-1.899481117725372314e-01
-1.861651986837387085e-01
-1.863686740398406982e-01
-1.878164559602737427e-01
-1.866137683391571045e-01
-1.834037601947784424e-01
-1.807973235845565796e-01
-1.792678534984588623e-01
-1.764805763959884644e-01
-1.740693598985671997e-01
-1.732841432094573975e-01
-1.681825518608093262e-01
-1.649698019027709961e-01
-1.617656499147415161e-01
-1.585614383220672607e-01
-1.538495719432830811e-01
-1.462756544351577759e-01
-1.414023637771606445e-01
-1.371607184410095215e-01
-1.382445991039276123e-01
-1.420171111822128296e-01
-1.471135467290878296e-01
-1.494327932596206665e-01
-1.506647467613220215e-01
-1.542007476091384888e-01
-1.604836881160736084e-01
-1.708176285028457642e-01
-1.809952110052108765e-01
-1.902836710214614868e-01
-1.995126456022262573e-01
-2.088321894407272339e-01
-2.153611928224563599e-01
-2.146467417478561401e-01
-2.105524688959121704e-01
-2.047991901636123657e-01
-1.996459066867828369e-01
-1.993176192045211792e-01
-2.035256475210189819e-01
-2.103388160467147827e-01
-2.126779407262802124e-01
-2.112348228693008423e-01
-2.051214128732681274e-01
-1.990145891904830933e-01
-1.956696361303329468e-01
-1.968984752893447876e-01
-2.000969797372817993e-01
-2.035940736532211304e-01
-2.075255960226058960e-01
-2.118562608957290649e-01
-2.161868065595626831e-01
-2.180857211351394653e-01
-2.150953263044357300e-01
-2.149975448846817017e-01
-2.163569778203964233e-01
-1.954631656408309937e-01
-2.006417959928512573e-01
-2.046065777540206909e-01
-2.069592326879501343e-01
-2.091204375028610229e-01
-2.111631482839584351e-01
-2.122954279184341431e-01
-2.128360122442245483e-01
-2.117871195077896118e-01
-2.105961889028549194e-01
-2.094051688909530640e-01
-2.119403928518295288e-01
-2.141954749822616577e-01
-2.137292176485061646e-01
-2.131295353174209595e-01
-2.121850699186325073e-01
-2.112406939268112183e-01
-2.100434750318527222e-01
-2.076358944177627563e-01
-2.053626030683517456e-01
-2.020392566919326782e-01
-2.015470713376998901e-01
-2.031350284814834595e-01
-2.068126648664474487e-01
-2.111244350671768188e-01
-2.151211947202682495e-01
-2.197381705045700073e-01
-2.247924059629440308e-01
-2.264175266027450562e-01
-2.264155298471450806e-01
-2.239431589841842651e-01
-2.199428528547286987e-01
-2.155626267194747925e-01
-2.113342732191085815e-01
-2.090988606214523315e-01
-2.101603597402572632e-01
-2.150213569402694702e-01
-2.262731641530990601e-01
-2.320245355367660522e-01
-2.336540073156356812e-01
-2.325769513845443726e-01
-2.268673926591873169e-01
-2.265480309724807739e-01
-2.272233814001083374e-01
-2.278991788625717163e-01
-2.308227568864822388e-01
-2.345442622900009155e-01
-2.346287220716476440e-01
-2.347132414579391479e-01
-2.347955256700515747e-01
-2.348480373620986938e-01
-2.349005788564682007e-01
-2.348481267690658569e-01
-2.341264337301254272e-01
-2.332920283079147339e-01
-2.330375164747238159e-01
-2.332020848989486694e-01
-2.362964302301406860e-01
-2.427253574132919312e-01
-2.491539865732192993e-01
-2.548040151596069336e-01
-2.616481184959411621e-01
-2.625486552715301514e-01
-2.604951262474060059e-01
-2.583753466606140137e-01
-2.574716210365295410e-01
-2.579216957092285156e-01
-2.559747993946075439e-01
-2.537573575973510742e-01
-2.485434561967849731e-01
-2.414488047361373901e-01
-2.332835644483566284e-01
-2.251180559396743774e-01
-2.169529050588607788e-01
-2.094824463129043579e-01
-2.047213613986968994e-01
-2.007133811712265015e-01
-2.000536620616912842e-01
-2.005340903997421265e-01
-1.994982957839965820e-01
-1.962452381849288940e-01
-1.931922733783721924e-01
-1.928271651268005371e-01
-1.915215700864791870e-01
-1.906905770301818848e-01
-1.872924715280532837e-01
-1.813902109861373901e-01
-1.781861931085586548e-01
-1.749818623065948486e-01
-1.717777848243713379e-01
-1.682433485984802246e-01
-1.638450026512145996e-01
-1.602269858121871948e-01
-1.579051464796066284e-01
-1.567656397819519043e-01
-1.555418372154235840e-01
-1.549852639436721802e-01
-1.540123820304870605e-01
-1.536271572113037109e-01
-1.547360122203826904e-01
-1.604800522327423096e-01
-1.680568307638168335e-01
-1.773672997951507568e-01
-1.869717687368392944e-01
-1.956389695405960083e-01
-2.045083492994308472e-01
-2.098730653524398804e-01
-2.105403095483779907e-01
-2.082053273916244507e-01
-2.033599913120269775e-01
-2.040198743343353271e-01
-2.037313431501388550e-01
-2.048278898000717163e-01
-2.107132822275161743e-01
-2.174020856618881226e-01
-2.179596275091171265e-01
-2.123488932847976685e-01
-2.056453526020050049e-01
-1.990652531385421753e-01
-1.961678415536880493e-01
-1.980595737695693970e-01
-2.001394480466842651e-01
-2.024822086095809937e-01
-2.048253268003463745e-01
-2.084104269742965698e-01
-2.120747715234756470e-01
-2.094981223344802856e-01
-2.068492323160171509e-01
-2.067516893148422241e-01
-1.898782104253768921e-01
-1.942313760519027710e-01
-1.963928788900375366e-01
-1.985548287630081177e-01
-1.999476999044418335e-01
-2.009433954954147339e-01
-2.019772082567214966e-01
-2.014575451612472534e-01
-1.998215764760971069e-01
-1.981856673955917358e-01
-1.996619254350662231e-01
-2.021276503801345825e-01
-2.037299126386642456e-01
-2.028252631425857544e-01
-2.019207030534744263e-01
-2.009959667921066284e-01
-2.000516802072525024e-01
-1.991071552038192749e-01
-1.980274170637130737e-01
-1.960837393999099731e-01
-1.946603208780288696e-01
-1.951489299535751343e-01
-1.989618390798568726e-01
-2.023317664861679077e-01
-2.062615901231765747e-01
-2.107803374528884888e-01
-2.154133468866348267e-01
-2.207264155149459839e-01
-2.260394841432571411e-01
-2.265494912862777710e-01
-2.249503582715988159e-01
-2.206796556711196899e-01
-2.162997573614120483e-01
-2.122225612401962280e-01
-2.100784629583358765e-01
-2.108336836099624634e-01
-2.121926397085189819e-01
-2.203666120767593384e-01
-2.281596809625625610e-01
-2.335378974676132202e-01
-2.349000424146652222e-01
-2.291500419378280640e-01
-2.241849452257156372e-01
-2.253875583410263062e-01
-2.268734723329544067e-01
-2.296761721372604370e-01
-2.343521565198898315e-01
-2.354954332113265991e-01
-2.355802804231643677e-01
-2.356651574373245239e-01
-2.357496172189712524e-01
-2.358344346284866333e-01
-2.359191924333572388e-01
-2.349107116460800171e-01
-2.327464669942855835e-01
-2.324673086404800415e-01
-2.336659580469131470e-01
-2.399789839982986450e-01
-2.464400976896286011e-01
-2.529010474681854248e-01
-2.604113221168518066e-01
-2.666047811508178711e-01
-2.663480341434478760e-01
-2.644075453281402588e-01
-2.622996270656585693e-01
-2.607729434967041016e-01
-2.601751983165740967e-01
-2.626902461051940918e-01
-2.660889625549316406e-01
-2.618466913700103760e-01
-2.558606863021850586e-01
-2.477276474237442017e-01
-2.395943254232406616e-01
-2.314611226320266724e-01
-2.233281582593917847e-01
-2.164571732282638550e-01
-2.113253027200698853e-01
-2.090482562780380249e-01
-2.088579982519149780e-01
-2.077502906322479248e-01
-2.039846032857894897e-01
-2.000854313373565674e-01
-1.981578171253204346e-01
-1.979879736900329590e-01
-1.954019814729690552e-01
-1.905597150325775146e-01
-1.861507296562194824e-01
-1.842186897993087769e-01
-1.822865456342697144e-01
-1.803697198629379272e-01
-1.785973906517028809e-01
-1.780304461717605591e-01
-1.755086630582809448e-01
-1.742319613695144653e-01
-1.731747686862945557e-01
-1.715080589056015015e-01
-1.666545122861862183e-01
-1.612782031297683716e-01
-1.589544266462326050e-01
-1.580135375261306763e-01
-1.610769182443618774e-01
-1.660096794366836548e-01
-1.722013801336288452e-01
-1.795425862073898315e-01
-1.883913427591323853e-01
-1.969635635614395142e-01
-2.026693075895309448e-01
-2.044301629066467285e-01
-2.021206170320510864e-01
-1.990101784467697144e-01
-2.020933777093887329e-01
-2.043193727731704712e-01
-2.053059041500091553e-01
-2.088241428136825562e-01
-2.153160721063613892e-01
-2.205211967229843140e-01
-2.168975919485092163e-01
-2.106246501207351685e-01
-2.032275944948196411e-01
-1.989755779504776001e-01
-1.978974491357803345e-01
-1.999896615743637085e-01
-2.020819038152694702e-01
-2.041741460561752319e-01
-2.062665373086929321e-01
-2.083591073751449585e-01
-2.063718885183334351e-01
-1.989025920629501343e-01
-1.977218836545944214e-01
-1.819743961095809937e-01
-1.846895068883895874e-01
-1.861235946416854858e-01
-1.866348236799240112e-01
-1.871461719274520874e-01
-1.876574009656906128e-01
-1.878740042448043823e-01
-1.867300719022750854e-01
-1.850940734148025513e-01
-1.859562247991561890e-01
-1.884216219186782837e-01
-1.908872276544570923e-01
-1.922814697027206421e-01
-1.913768500089645386e-01
-1.904722303152084351e-01
-1.895676106214523315e-01
-1.886631101369857788e-01
-1.875439435243606567e-01
-1.854709535837173462e-01
-1.838020831346511841e-01
-1.831310838460922241e-01
-1.830554455518722534e-01
-1.875559240579605103e-01
-1.920322626829147339e-01
-1.977496594190597534e-01
-2.037315517663955688e-01
-2.098444253206253052e-01
-2.164019197225570679e-01
-2.217147797346115112e-01
-2.259649485349655151e-01
-2.245423346757888794e-01
-2.202126234769821167e-01
-2.147819846868515015e-01
-2.099510878324508667e-01
-2.101612538099288940e-01
-2.128436714410781860e-01
-2.150732129812240601e-01
-2.254456132650375366e-01
-2.354179173707962036e-01
-2.416469007730484009e-01
-2.415646463632583618e-01
-2.378066331148147583e-01
-2.328669577836990356e-01
-2.279274016618728638e-01
-2.266579121351242065e-01
-2.285296767950057983e-01
-2.332055121660232544e-01
-2.363627105951309204e-01
-2.364474684000015259e-01
-2.365319281816482544e-01
-2.366168349981307983e-01
-2.356964796781539917e-01
-2.338475435972213745e-01
-2.319986373186111450e-01
-2.316688746213912964e-01
-2.322449535131454468e-01
-2.368486374616622925e-01
-2.432228773832321167e-01
-2.495973855257034302e-01
-2.564840614795684814e-01
-2.652955651283264160e-01
-2.661434113979339600e-01
-2.658866643905639648e-01
-2.656294703483581543e-01
-2.653727233409881592e-01
-2.648546695709228516e-01
-2.655525505542755127e-01
-2.682220935821533203e-01
-2.726166844367980957e-01
-2.697665691375732422e-01
-2.636917233467102051e-01
-2.571221292018890381e-01
-2.506358623504638672e-01
-2.441494613885879517e-01
-2.370601445436477661e-01
-2.294003516435623169e-01
-2.234949320554733276e-01
-2.178649455308914185e-01
-2.161725908517837524e-01
-2.142575532197952271e-01
-2.104909271001815796e-01
-2.062633931636810303e-01
-2.029173225164413452e-01
-2.014340460300445557e-01
-1.968749314546585083e-01
-1.920325458049774170e-01
-1.876463145017623901e-01
-1.854874491691589355e-01
-1.833285540342330933e-01
-1.811699122190475464e-01
-1.790109127759933472e-01
-1.824143975973129272e-01
-1.829362362623214722e-01
-1.861733943223953247e-01
-1.866486817598342896e-01
-1.848035454750061035e-01
-1.791104823350906372e-01
-1.733418852090835571e-01
-1.677364557981491089e-01
-1.628528386354446411e-01
-1.631299406290054321e-01
-1.673269569873809814e-01
-1.730748265981674194e-01
-1.783745288848876953e-01
-1.836569160223007202e-01
-1.908521503210067749e-01
-1.956993788480758667e-01
-1.957667320966720581e-01
-1.953508108854293823e-01
-1.962641924619674683e-01
-1.979990005493164062e-01
-2.008944600820541382e-01
-2.029884308576583862e-01
-2.053623050451278687e-01
-2.107857316732406616e-01
-2.178522497415542603e-01
-2.192442864179611206e-01
-2.130096107721328735e-01
-2.060250788927078247e-01
-1.996769160032272339e-01
-1.967110335826873779e-01
-1.975346952676773071e-01
-1.996268481016159058e-01
-2.017194777727127075e-01
-2.038118094205856323e-01
-2.059042304754257202e-01
-2.056737393140792847e-01
-1.958418637514114380e-01
-1.934432834386825562e-01
-1.702230423688888550e-01
-1.719367653131484985e-01
-1.723463088274002075e-01
-1.727891713380813599e-01
-1.733003705739974976e-01
-1.738114804029464722e-01
-1.737347096204757690e-01
-1.720805615186691284e-01
-1.722502559423446655e-01
-1.747158318758010864e-01
-1.771814674139022827e-01
-1.796469837427139282e-01
-1.808329671621322632e-01
-1.799283474683761597e-01
-1.790237873792648315e-01
-1.781191676855087280e-01
-1.771176308393478394e-01
-1.747948080301284790e-01
-1.730443090200424194e-01
-1.719371229410171509e-01
-1.713942438364028931e-01
-1.709157079458236694e-01
-1.751853674650192261e-01
-1.802747100591659546e-01
-1.859354823827743530e-01
-1.919571310281753540e-01
-1.981265097856521606e-01
-2.049428969621658325e-01
-2.111396044492721558e-01
-2.167337089776992798e-01
-2.195005565881729126e-01
-2.194577902555465698e-01
-2.190220504999160767e-01
-2.174467891454696655e-01
-2.195227593183517456e-01
-2.218757122755050659e-01
-2.236244231462478638e-01
-2.348069697618484497e-01
-2.443069666624069214e-01
-2.487898617982864380e-01
-2.490362375974655151e-01
-2.464883476495742798e-01
-2.415488511323928833e-01
-2.366090863943099976e-01
-2.316699773073196411e-01
-2.279283851385116577e-01
-2.320594638586044312e-01
-2.367350906133651733e-01
-2.373144775629043579e-01
-2.363868206739425659e-01
-2.345379441976547241e-01
-2.326713055372238159e-01
-2.307355552911758423e-01
-2.292418628931045532e-01
-2.298607677221298218e-01
-2.332974225282669067e-01
-2.399115711450576782e-01
-2.462861090898513794e-01
-2.526603043079376221e-01
-2.635461390018463135e-01
-2.648662626743316650e-01
-2.656817138195037842e-01
-2.654250562191009521e-01
-2.651681005954742432e-01
-2.684607505798339844e-01
-2.678635418415069580e-01
-2.703020274639129639e-01
-2.737537920475006104e-01
-2.773471474647521973e-01
-2.776865959167480469e-01
-2.721034288406372070e-01
-2.647901177406311035e-01
-2.583039999008178711e-01
-2.518174648284912109e-01
-2.453311830759048462e-01
-2.388449758291244507e-01
-2.326287478208541870e-01
-2.273337990045547485e-01
-2.252858132123947144e-01
-2.220671921968460083e-01
-2.173734754323959351e-01
-2.125596851110458374e-01
-2.079167515039443970e-01
-2.002490758895874023e-01
-1.969780474901199341e-01
-1.919089853763580322e-01
-1.877154558897018433e-01
-1.855565011501312256e-01
-1.833974272012710571e-01
-1.812386214733123779e-01
-1.800965815782546997e-01
-1.842426508665084839e-01
-1.890059560537338257e-01
-1.950759589672088623e-01
-1.945464462041854858e-01
-1.905011683702468872e-01
-1.859725564718246460e-01
-1.814439445734024048e-01
-1.769157201051712036e-01
-1.723958551883697510e-01
-1.685617417097091675e-01
-1.704346686601638794e-01
-1.739483326673507690e-01
-1.790441721677780151e-01
-1.839562058448791504e-01
-1.891190856695175171e-01
-1.938509196043014526e-01
-1.940927207469940186e-01
-1.937610208988189697e-01
-1.972491294145584106e-01
-1.987377554178237915e-01
-1.991725414991378784e-01
-1.998951137065887451e-01
-2.016575485467910767e-01
-2.061320543289184570e-01
-2.131312936544418335e-01
-2.199110835790634155e-01
-2.153947204351425171e-01
-2.088231295347213745e-01
-2.014120817184448242e-01
-1.973591297864913940e-01
-1.950800865888595581e-01
-1.971721947193145752e-01
-1.992648094892501831e-01
-2.013570517301559448e-01
-2.034495621919631958e-01
-2.042900472879409790e-01
-1.954915076494216919e-01
-1.909459382295608521e-01
-1.570199877023696899e-01
-1.582613438367843628e-01
-1.586609035730361938e-01
-1.590609401464462280e-01
-1.594691127538681030e-01
-1.599653214216232300e-01
-1.592523306608200073e-01
-1.587490886449813843e-01
-1.610778421163558960e-01
-1.634754985570907593e-01
-1.659411638975143433e-01
-1.684065610170364380e-01
-1.693846136331558228e-01
-1.684801429510116577e-01
-1.676293164491653442e-01
-1.666900366544723511e-01
-1.643240898847579956e-01
-1.622951477766036987e-01
-1.609262675046920776e-01
-1.606785207986831665e-01
-1.595597118139266968e-01
-1.588946431875228882e-01
-1.631454974412918091e-01
-1.684380918741226196e-01
-1.740013808012008667e-01
-1.790181547403335571e-01
-1.852818280458450317e-01
-1.943234354257583618e-01
-2.038942724466323853e-01
-2.124419361352920532e-01
-2.209210842847824097e-01
-2.216814607381820679e-01
-2.220588773488998413e-01
-2.225981205701828003e-01
-2.248332947492599487e-01
-2.281801551580429077e-01
-2.315267175436019897e-01
-2.435180395841598511e-01
-2.523710429668426514e-01
-2.558512985706329346e-01
-2.561583220958709717e-01
-2.550270557403564453e-01
-2.502305209636688232e-01
-2.452911287546157837e-01
-2.403513342142105103e-01
-2.354119867086410522e-01
-2.321819812059402466e-01
-2.345385402441024780e-01
-2.351112812757492065e-01
-2.331757098436355591e-01
-2.312398999929428101e-01
-2.293043285608291626e-01
-2.273689657449722290e-01
-2.270741313695907593e-01
-2.287435084581375122e-01
-2.354987412691116333e-01
-2.426924556493759155e-01
-2.493488043546676636e-01
-2.590825855731964111e-01
-2.632987797260284424e-01
-2.644366323947906494e-01
-2.652201354503631592e-01
-2.661396861076354980e-01
-2.695544660091400146e-01
-2.717353105545043945e-01
-2.697578966617584229e-01
-2.718425691127777100e-01
-2.766798436641693115e-01
-2.811253070831298828e-01
-2.843389809131622314e-01
-2.801304757595062256e-01
-2.724580466747283936e-01
-2.659718096256256104e-01
-2.594853639602661133e-01
-2.529989182949066162e-01
-2.455332130193710327e-01
-2.380845397710800171e-01
-2.315908819437026978e-01
-2.283071726560592651e-01
-2.257546931505203247e-01
-2.227224558591842651e-01
-2.187145203351974487e-01
-2.088892608880996704e-01
-1.992244720458984375e-01
-1.954585164785385132e-01
-1.917566955089569092e-01
-1.877841800451278687e-01
-1.856154352426528931e-01
-1.833540350198745728e-01
-1.810925751924514771e-01
-1.816079169511795044e-01
-1.856517046689987183e-01
-1.933347433805465698e-01
-2.024483233690261841e-01
-2.005991637706756592e-01
-1.960708647966384888e-01
-1.915422528982162476e-01
-1.870136857032775879e-01
-1.824852377176284790e-01
-1.779566258192062378e-01
-1.734282225370407104e-01
-1.727640479803085327e-01
-1.739545315504074097e-01
-1.780059784650802612e-01
-1.830128878355026245e-01
-1.895820051431655884e-01
-1.931369155645370483e-01
-1.922084838151931763e-01
-1.946179717779159546e-01
-2.004354447126388550e-01
-2.038028091192245483e-01
-2.042839974164962769e-01
-2.050253003835678101e-01
-2.049276530742645264e-01
-2.043810337781906128e-01
-2.094601839780807495e-01
-2.163209766149520874e-01
-2.177799791097640991e-01
-2.115065902471542358e-01
-2.042094022035598755e-01
-1.980602443218231201e-01
-1.950411647558212280e-01
-1.947174817323684692e-01
-1.968099921941757202e-01
-1.989023238420486450e-01
-2.009944766759872437e-01
-2.029061764478683472e-01
-1.941076368093490601e-01
-1.877360790967941284e-01
-1.434942334890365601e-01
-1.445859223604202271e-01
-1.449856311082839966e-01
-1.453854888677597046e-01
-1.457850486040115356e-01
-1.458937376737594604e-01
-1.453064233064651489e-01
-1.476356238126754761e-01
-1.499643176794052124e-01
-1.522929519414901733e-01
-1.547006815671920776e-01
-1.571663469076156616e-01
-1.579495519399642944e-01
-1.571894437074661255e-01
-1.562622934579849243e-01
-1.538530439138412476e-01
-1.517683118581771851e-01
-1.499699205160140991e-01
-1.493110805749893188e-01
-1.491574794054031372e-01
-1.479942947626113892e-01
-1.471007615327835083e-01
-1.511198431253433228e-01
-1.585566252470016479e-01
-1.661682277917861938e-01
-1.743346303701400757e-01
-1.833646744489669800e-01
-1.939247995615005493e-01
-2.034691125154495239e-01
-2.126707583665847778e-01
-2.207760065793991089e-01
-2.250112444162368774e-01
-2.236640602350234985e-01
-2.245476394891738892e-01
-2.262855619192123413e-01
-2.296719104051589966e-01
-2.330583482980728149e-01
-2.438220828771591187e-01
-2.518288791179656982e-01
-2.575266361236572266e-01
-2.598795294761657715e-01
-2.608104646205902100e-01
-2.589125335216522217e-01
-2.539295256137847900e-01
-2.487909346818923950e-01
-2.428377121686935425e-01
-2.366733402013778687e-01
-2.329034656286239624e-01
-2.317444235086441040e-01
-2.298087328672409058e-01
-2.278733700513839722e-01
-2.259376794099807739e-01
-2.244688719511032104e-01
-2.252850979566574097e-01
-2.303621023893356323e-01
-2.376232594251632690e-01
-2.448845952749252319e-01
-2.538054585456848145e-01
-2.615773081779479980e-01
-2.628691494464874268e-01
-2.640070319175720215e-01
-2.672333419322967529e-01
-2.706481814384460449e-01
-2.740630507469177246e-01
-2.732812464237213135e-01
-2.718251347541809082e-01
-2.737070024013519287e-01
-2.776967883110046387e-01
-2.817637920379638672e-01
-2.860687971115112305e-01
-2.870931923389434814e-01
-2.801258265972137451e-01
-2.736395895481109619e-01
-2.667185068130493164e-01
-2.589300572872161865e-01
-2.499592155218124390e-01
-2.404855638742446899e-01
-2.325774282217025757e-01
-2.284338325262069702e-01
-2.263829559087753296e-01
-2.241145223379135132e-01
-2.170305997133255005e-01
-2.076959758996963501e-01
-1.989357024431228638e-01
-1.941485255956649780e-01
-1.910365968942642212e-01
-1.874930709600448608e-01
-1.852318495512008667e-01
-1.829704791307449341e-01
-1.807089298963546753e-01
-1.829838454723358154e-01
-1.870891302824020386e-01
-1.964284777641296387e-01
-2.085125297307968140e-01
-2.061687856912612915e-01
-2.016400694847106934e-01
-1.971118897199630737e-01
-1.925833374261856079e-01
-1.880549043416976929e-01
-1.835265010595321655e-01
-1.789978295564651489e-01
-1.763474196195602417e-01
-1.762090772390365601e-01
-1.766532510519027710e-01
-1.809339523315429688e-01
-1.856076419353485107e-01
-1.886387020349502563e-01
-1.875883489847183228e-01
-1.925813108682632446e-01
-2.013214677572250366e-01
-2.066035121679306030e-01
-2.093951553106307983e-01
-2.101364284753799438e-01
-2.108778208494186401e-01
-2.102500051259994507e-01
-2.113871127367019653e-01
-2.160320729017257690e-01
-2.215200513601303101e-01
-2.187221497297286987e-01
-2.103604525327682495e-01
-2.014728188514709473e-01
-1.961427927017211914e-01
-1.928449273109436035e-01
-1.943546980619430542e-01
-1.964472085237503052e-01
-1.985395699739456177e-01
-2.006320208311080933e-01
-1.927240043878555298e-01
-1.839251965284347534e-01
-1.299686878919601440e-01
-1.309110969305038452e-01
-1.313108652830123901e-01
-1.317103952169418335e-01
-1.321101337671279907e-01
-1.319837719202041626e-01
-1.343179792165756226e-01
-1.365350335836410522e-01
-1.388507932424545288e-01
-1.411799639463424683e-01
-1.435091048479080200e-01
-1.460437029600143433e-01
-1.467499881982803345e-01
-1.458349972963333130e-01
-1.433822065591812134e-01
-1.412142962217330933e-01
-1.391713172197341919e-01
-1.380906850099563599e-01
-1.387853771448135376e-01
-1.408125013113021851e-01
-1.406814306974411011e-01
-1.425140947103500366e-01
-1.492580324411392212e-01
-1.575054079294204712e-01
-1.658301502466201782e-01
-1.748071163892745972e-01
-1.846375614404678345e-01
-1.945984214544296265e-01
-2.032341808080673218e-01
-2.117367535829544067e-01
-2.202410846948623657e-01
-2.236461788415908813e-01
-2.247165888547897339e-01
-2.261789292097091675e-01
-2.277373820543289185e-01
-2.311238795518875122e-01
-2.340084463357925415e-01
-2.431196123361587524e-01
-2.494772225618362427e-01
-2.548837065696716309e-01
-2.580384314060211182e-01
-2.589027285575866699e-01
-2.586510479450225830e-01
-2.546059191226959229e-01
-2.496671527624130249e-01
-2.444450408220291138e-01
-2.389886230230331421e-01
-2.364206761121749878e-01
-2.326507121324539185e-01
-2.264422625303268433e-01
-2.245066910982131958e-01
-2.225710302591323853e-01
-2.223113030195236206e-01
-2.252255827188491821e-01
-2.324866503477096558e-01
-2.397478371858596802e-01
-2.471052557229995728e-01
-2.577802538871765137e-01
-2.609349787235260010e-01
-2.625416219234466553e-01
-2.673511505126953125e-01
-2.717419266700744629e-01
-2.751569151878356934e-01
-2.772461771965026855e-01
-2.745589017868041992e-01
-2.738923728466033936e-01
-2.756596803665161133e-01
-2.785677313804626465e-01
-2.824024260044097900e-01
-2.859812378883361816e-01
-2.894747853279113770e-01
-2.826053500175476074e-01
-2.772416770458221436e-01
-2.710134387016296387e-01
-2.624719738960266113e-01
-2.535398900508880615e-01
-2.440313249826431274e-01
-2.347559481859207153e-01
-2.293236404657363892e-01
-2.271779030561447144e-01
-2.230408638715744019e-01
-2.138885706663131714e-01
-2.044508904218673706e-01
-1.957695335149765015e-01
-1.896574050188064575e-01
-1.863086670637130737e-01
-1.849703937768936157e-01
-1.831578463315963745e-01
-1.819884032011032104e-01
-1.803255826234817505e-01
-1.843601912260055542e-01
-1.892629414796829224e-01
-2.010129541158676147e-01
-2.118307203054428101e-01
-2.117383629083633423e-01
-2.072101384401321411e-01
-2.026817649602890015e-01
-1.981532275676727295e-01
-1.936245709657669067e-01
-1.890960186719894409e-01
-1.845674812793731689e-01
-1.802567839622497559e-01
-1.796808838844299316e-01
-1.790705472230911255e-01
-1.810223013162612915e-01
-1.841273903846740723e-01
-1.870741993188858032e-01
-1.848364919424057007e-01
-1.896660178899765015e-01
-1.965323239564895630e-01
-2.031064927577972412e-01
-2.081673890352249146e-01
-2.104251831769943237e-01
-2.124064117670059204e-01
-2.141820639371871948e-01
-2.146344035863876343e-01
-2.188827842473983765e-01
-2.237455099821090698e-01
-2.240277379751205444e-01
-2.198860794305801392e-01
-2.112602740526199341e-01
-2.038338333368301392e-01
-1.993381083011627197e-01
-1.963371187448501587e-01
-1.969529688358306885e-01
-1.975689977407455444e-01
-1.981846243143081665e-01
-1.913398057222366333e-01
-1.825415939092636108e-01
-1.164426952600479126e-01
-1.172357648611068726e-01
-1.176351755857467651e-01
-1.180349737405776978e-01
-1.184347122907638550e-01
-1.211574524641036987e-01
-1.233750432729721069e-01
-1.255925744771957397e-01
-1.278095692396163940e-01
-1.301484555006027222e-01
-1.326170712709426880e-01
-1.350907236337661743e-01
-1.354073137044906616e-01
-1.329510658979415894e-01
-1.308391839265823364e-01
-1.320474296808242798e-01
-1.327385455369949341e-01
-1.348286718130111694e-01
-1.386159807443618774e-01
-1.394141167402267456e-01
-1.405304223299026489e-01
-1.433238834142684937e-01
-1.499545723199844360e-01
-1.582020670175552368e-01
-1.664494127035140991e-01
-1.759314686059951782e-01
-1.854696720838546753e-01
-1.937970668077468872e-01
-2.023303657770156860e-01
-2.104050666093826294e-01
-2.172701507806777954e-01
-2.203618735074996948e-01
-2.253727465867996216e-01
-2.277071624994277954e-01
-2.291891127824783325e-01
-2.321168631315231323e-01
-2.347731739282608032e-01
-2.405263930559158325e-01
-2.465844601392745972e-01
-2.519379258155822754e-01
-2.556516528129577637e-01
-2.555891275405883789e-01
-2.547342777252197266e-01
-2.503468990325927734e-01
-2.452944368124008179e-01
-2.402421683073043823e-01
-2.351902872323989868e-01
-2.322489470243453979e-01
-2.302315980195999146e-01
-2.273310869932174683e-01
-2.204732745885848999e-01
-2.182696908712387085e-01
-2.208988517522811890e-01
-2.273300737142562866e-01
-2.346112877130508423e-01
-2.418724149465560913e-01
-2.533622682094573975e-01
-2.567945420742034912e-01
-2.610165178775787354e-01
-2.666730880737304688e-01
-2.718916833400726318e-01
-2.762505412101745605e-01
-2.796652615070343018e-01
-2.786991894245147705e-01
-2.760100066661834717e-01
-2.749420702457427979e-01
-2.751317322254180908e-01
-2.769644260406494141e-01
-2.798379957675933838e-01
-2.834143936634063721e-01
-2.869910597801208496e-01
-2.838268876075744629e-01
-2.787376344203948975e-01
-2.724684774875640869e-01
-2.654364407062530518e-01
-2.573981583118438721e-01
-2.469777613878250122e-01
-2.368108779191970825e-01
-2.299951463937759399e-01
-2.267259210348129272e-01
-2.192434519529342651e-01
-2.105930596590042114e-01
-2.011558860540390015e-01
-1.928142756223678589e-01
-1.858053952455520630e-01
-1.811080425977706909e-01
-1.803521364927291870e-01
-1.794949620962142944e-01
-1.776827424764633179e-01
-1.776203364133834839e-01
-1.823671609163284302e-01
-1.906346976757049561e-01
-2.056588828563690186e-01
-2.140334695577621460e-01
-2.155586630105972290e-01
-2.127796560525894165e-01
-2.082510739564895630e-01
-2.037226408720016479e-01
-1.991943120956420898e-01
-1.946658492088317871e-01
-1.901374310255050659e-01
-1.856089085340499878e-01
-1.834280341863632202e-01
-1.828613132238388062e-01
-1.835742741823196411e-01
-1.854183822870254517e-01
-1.860854774713516235e-01
-1.866755336523056030e-01
-1.913622170686721802e-01
-1.960488706827163696e-01
-2.002597302198410034e-01
-2.052510082721710205e-01
-2.088658064603805542e-01
-2.108516842126846313e-01
-2.130107432603836060e-01
-2.142558544874191284e-01
-2.163823097944259644e-01
-2.214823216199874878e-01
-2.244067043066024780e-01
-2.242418974637985229e-01
-2.184899896383285522e-01
-2.120076864957809448e-01
-2.070292979478836060e-01
-2.025547474622726440e-01
-2.014880627393722534e-01
-2.021037489175796509e-01
-2.027193754911422729e-01
-1.954767853021621704e-01
-1.852017194032669067e-01
-1.029168218374252319e-01
-1.035605818033218384e-01
-1.039602011442184448e-01
-1.043598502874374390e-01
-1.073859184980392456e-01
-1.102151125669479370e-01
-1.124325245618820190e-01
-1.146865636110305786e-01
-1.170486956834793091e-01
-1.194108575582504272e-01
-1.217727810144424438e-01
-1.271290928125381470e-01
-1.289173215627670288e-01
-1.286340206861495972e-01
-1.293451040983200073e-01
-1.306111067533493042e-01
-1.331086009740829468e-01
-1.371470540761947632e-01
-1.391158849000930786e-01
-1.397894471883773804e-01
-1.414930671453475952e-01
-1.442871838808059692e-01
-1.506514400243759155e-01
-1.588987857103347778e-01
-1.675387173891067505e-01
-1.764109283685684204e-01
-1.843605488538742065e-01
-1.929244250059127808e-01
-2.005697339773178101e-01
-2.072829753160476685e-01
-2.135600000619888306e-01
-2.170148640871047974e-01
-2.232829779386520386e-01
-2.289224416017532349e-01
-2.300751954317092896e-01
-2.326780408620834351e-01
-2.344585508108139038e-01
-2.378151267766952515e-01
-2.432012110948562622e-01
-2.476273924112319946e-01
-2.509405016899108887e-01
-2.498711496591567993e-01
-2.488020509481430054e-01
-2.457989603281021118e-01
-2.409221082925796509e-01
-2.358699291944503784e-01
-2.308176904916763306e-01
-2.269455045461654663e-01
-2.250832766294479370e-01
-2.232208102941513062e-01
-2.181506305932998657e-01
-2.132645696401596069e-01
-2.146971076726913452e-01
-2.234619408845901489e-01
-2.322263568639755249e-01
-2.438089698553085327e-01
-2.508743107318878174e-01
-2.583878934383392334e-01
-2.645386755466461182e-01
-2.702749967575073242e-01
-2.754001915454864502e-01
-2.794499993324279785e-01
-2.807197868824005127e-01
-2.772108316421508789e-01
-2.748725712299346924e-01
-2.742459475994110107e-01
-2.730450928211212158e-01
-2.746693789958953857e-01
-2.778120040893554688e-01
-2.818902730941772461e-01
-2.858913838863372803e-01
-2.869066298007965088e-01
-2.796356379985809326e-01
-2.726187109947204590e-01
-2.651009261608123779e-01
-2.568792700767517090e-01
-2.481619268655776978e-01
-2.391426712274551392e-01
-2.314055413007736206e-01
-2.229285389184951782e-01
-2.154460400342941284e-01
-2.072979062795639038e-01
-1.978608816862106323e-01
-1.898593753576278687e-01
-1.825921684503555298e-01
-1.766170114278793335e-01
-1.753199249505996704e-01
-1.757673770189285278e-01
-1.740197688341140747e-01
-1.757173985242843628e-01
-1.802104562520980835e-01
-1.889972835779190063e-01
-2.024218291044235229e-01
-2.112622410058975220e-01
-2.158502191305160522e-01
-2.166536003351211548e-01
-2.138205915689468384e-01
-2.092925161123275757e-01
-2.047639042139053345e-01
-2.002350836992263794e-01
-1.957071274518966675e-01
-1.912039071321487427e-01
-1.872192025184631348e-01
-1.866523325443267822e-01
-1.862527579069137573e-01
-1.880971342325210571e-01
-1.887889057397842407e-01
-1.898951977491378784e-01
-1.932011991739273071e-01
-1.978878825902938843e-01
-2.025746256113052368e-01
-2.052367329597473145e-01
-2.073736637830734253e-01
-2.093916982412338257e-01
-2.113774865865707397e-01
-2.136154919862747192e-01
-2.144663184881210327e-01
-2.182963937520980835e-01
-2.223811298608779907e-01
-2.226348072290420532e-01
-2.209657579660415649e-01
-2.136543840169906616e-01
-2.089352458715438843e-01
-2.060637921094894409e-01
-2.031021267175674438e-01
-2.049573659896850586e-01
-2.068128436803817749e-01
-2.010828107595443726e-01
-1.908078640699386597e-01
-8.939136564731597900e-02
-8.988527953624725342e-02
-9.028516709804534912e-02
-9.298355877399444580e-02
-9.690438210964202881e-02
-9.927217662334442139e-02
-1.016311794519424438e-01
-1.064942330121994019e-01
-1.124557107686996460e-01
-1.179168671369552612e-01
-1.228860169649124146e-01
-1.266026049852371216e-01
-1.277102679014205933e-01
-1.284305900335311890e-01
-1.294723004102706909e-01
-1.317811161279678345e-01
-1.355925947427749634e-01
-1.388172060251235962e-01
-1.394907087087631226e-01
-1.401644200086593628e-01
-1.424559801816940308e-01
-1.454704254865646362e-01
-1.513481587171554565e-01
-1.594971567392349243e-01
-1.675495058298110962e-01
-1.754722446203231812e-01
-1.835104972124099731e-01
-1.906398087739944458e-01
-1.971148401498794556e-01
-2.033054083585739136e-01
-2.094961255788803101e-01
-2.146578282117843628e-01
-2.210023850202560425e-01
-2.271819859743118286e-01
-2.306575924158096313e-01
-2.332392781972885132e-01
-2.323897927999496460e-01
-2.336315959692001343e-01
-2.377027422189712524e-01
-2.411224991083145142e-01
-2.442219406366348267e-01
-2.439388781785964966e-01
-2.428696304559707642e-01
-2.410766631364822388e-01
-2.365487664937973022e-01
-2.314970940351486206e-01
-2.264447659254074097e-01
-2.216421216726303101e-01
-2.197795361280441284e-01
-2.179172486066818237e-01
-2.153737396001815796e-01
-2.131942361593246460e-01
-2.157516926527023315e-01
-2.184951752424240112e-01
-2.279349416494369507e-01
-2.375418692827224731e-01
-2.454208284616470337e-01
-2.532995641231536865e-01
-2.598028182983398438e-01
-2.662741839885711670e-01
-2.727452516555786133e-01
-2.786804437637329102e-01
-2.786951363086700439e-01
-2.751433849334716797e-01
-2.737492620944976807e-01
-2.731597721576690674e-01
-2.720865905284881592e-01
-2.737401425838470459e-01
-2.765005826950073242e-01
-2.804762721061706543e-01
-2.844518721103668213e-01
-2.861840426921844482e-01
-2.798008620738983154e-01
-2.723042070865631104e-01
-2.644288539886474609e-01
-2.557129263877868652e-01
-2.469954937696456909e-01
-2.382783442735671997e-01
-2.274426966905593872e-01
-2.191310971975326538e-01
-2.116485387086868286e-01
-2.040027529001235962e-01
-1.945655792951583862e-01
-1.869043260812759399e-01
-1.796371191740036011e-01
-1.726746112108230591e-01
-1.702874153852462769e-01
-1.707348376512527466e-01
-1.703564673662185669e-01
-1.738144010305404663e-01
-1.783910542726516724e-01
-1.891332715749740601e-01
-2.018347680568695068e-01
-2.086406201124191284e-01
-2.134095579385757446e-01
-2.149777561426162720e-01
-2.137739807367324829e-01
-2.108921855688095093e-01
-2.080107629299163818e-01
-2.051290422677993774e-01
-2.013564854860305786e-01
-1.968884617090225220e-01
-1.912880241870880127e-01
-1.904431283473968506e-01
-1.898760646581649780e-01
-1.907753795385360718e-01
-1.938071995973587036e-01
-1.957847625017166138e-01
-1.976422220468521118e-01
-1.997437030076980591e-01
-2.044139057397842407e-01
-2.088293284177780151e-01
-2.103372067213058472e-01
-2.105476707220077515e-01
-2.104577571153640747e-01
-2.119034379720687866e-01
-2.140882760286331177e-01
-2.159923166036605835e-01
-2.205313891172409058e-01
-2.209129482507705688e-01
-2.207625359296798706e-01
-2.168539017438888550e-01
-2.095420509576797485e-01
-2.061873525381088257e-01
-2.040107995271682739e-01
-2.030044645071029663e-01
-2.048599869012832642e-01
-2.009985297918319702e-01
-1.919635981321334839e-01
-7.581035792827606201e-02
-7.620994746685028076e-02
-7.829473912715911865e-02
-8.477060496807098389e-02
-9.178839623928070068e-02
-9.774960577487945557e-02
-1.035759598016738892e-01
-1.088930517435073853e-01
-1.142101138830184937e-01
-1.194208115339279175e-01
-1.231861561536788940e-01
-1.266811937093734741e-01
-1.278840452432632446e-01
-1.285073906183242798e-01
-1.305048316717147827e-01
-1.341825574636459351e-01
-1.376108974218368530e-01
-1.391926556825637817e-01
-1.398665457963943481e-01
-1.406276673078536987e-01
-1.434185951948165894e-01
-1.466855257749557495e-01
-1.512278765439987183e-01
-1.591935902833938599e-01
-1.669306010007858276e-01
-1.741494983434677124e-01
-1.805313080549240112e-01
-1.868549138307571411e-01
-1.930453628301620483e-01
-1.992362588644027710e-01
-2.054266184568405151e-01
-2.123771756887435913e-01
-2.186686843633651733e-01
-2.243698090314865112e-01
-2.294169217348098755e-01
-2.310480028390884399e-01
-2.283802777528762817e-01
-2.274625450372695923e-01
-2.308823019266128540e-01
-2.343021184206008911e-01
-2.374619990587234497e-01
-2.380066365003585815e-01
-2.369376569986343384e-01
-2.358681112527847290e-01
-2.318266481161117554e-01
-2.271246761083602905e-01
-2.220723181962966919e-01
-2.170200794935226440e-01
-2.144763320684432983e-01
-2.126407474279403687e-01
-2.128857523202896118e-01
-2.147745639085769653e-01
-2.167898267507553101e-01
-2.188045531511306763e-01
-2.250000983476638794e-01
-2.300306707620620728e-01
-2.383137792348861694e-01
-2.461360543966293335e-01
-2.526071369647979736e-01
-2.590785026550292969e-01
-2.655497789382934570e-01
-2.700850963592529297e-01
-2.692711353302001953e-01
-2.684279978275299072e-01
-2.692624032497406006e-01
-2.695094048976898193e-01
-2.698999345302581787e-01
-2.725411951541900635e-01
-2.748617827892303467e-01
-2.788773179054260254e-01
-2.826339602470397949e-01
-2.838066518306732178e-01
-2.800476551055908203e-01
-2.716321945190429688e-01
-2.632639408111572266e-01
-2.545467913150787354e-01
-2.458296567201614380e-01
-2.341777533292770386e-01
-2.211501747369766235e-01
-2.115381211042404175e-01
-2.059066742658615112e-01
-2.002754956483840942e-01
-1.912707239389419556e-01
-1.839496046304702759e-01
-1.766824275255203247e-01
-1.694149225950241089e-01
-1.659993082284927368e-01
-1.657028049230575562e-01
-1.668747514486312866e-01
-1.719114035367965698e-01
-1.779179424047470093e-01
-1.885470002889633179e-01
-2.012480646371841431e-01
-2.070827037096023560e-01
-2.118519395589828491e-01
-2.143445461988449097e-01
-2.130589336156845093e-01
-2.103980332612991333e-01
-2.075166106224060059e-01
-2.046347707509994507e-01
-2.021522223949432373e-01
-1.991265565156936646e-01
-1.950912922620773315e-01
-1.940811276435852051e-01
-1.936672776937484741e-01
-1.934544295072555542e-01
-1.998412758111953735e-01
-2.017827332019805908e-01
-2.036402672529220581e-01
-2.054978162050247192e-01
-2.074584364891052246e-01
-2.114364355802536011e-01
-2.139301747083663940e-01
-2.150651365518569946e-01
-2.134085148572921753e-01
-2.131072133779525757e-01
-2.131975144147872925e-01
-2.138911932706832886e-01
-2.179064899682998657e-01
-2.194759696722030640e-01
-2.191409021615982056e-01
-2.182389348745346069e-01
-2.127415984869003296e-01
-2.072903364896774292e-01
-2.043708115816116333e-01
-2.015416026115417480e-01
-2.029068320989608765e-01
-2.001165896654129028e-01
-1.910815089941024780e-01
-6.718395650386810303e-02
-7.225356996059417725e-02
-8.094485104084014893e-02
-8.883686363697052002e-02
-9.478174149990081787e-02
-1.000988930463790894e-01
-1.054163128137588501e-01
-1.107332855463027954e-01
-1.159555464982986450e-01
-1.197689920663833618e-01
-1.231727451086044312e-01
-1.270324140787124634e-01
-1.281117051839828491e-01
-1.299083381891250610e-01
-1.330931037664413452e-01
-1.365558952093124390e-01
-1.387131959199905396e-01
-1.395782381296157837e-01
-1.402089446783065796e-01
-1.414680629968643188e-01
-1.437145620584487915e-01
-1.461127251386642456e-01
-1.506721824407577515e-01
-1.586377769708633423e-01
-1.652269214391708374e-01
-1.709205359220504761e-01
-1.765952557325363159e-01
-1.827857941389083862e-01
-1.889763325452804565e-01
-1.951670199632644653e-01
-2.019580751657485962e-01
-2.100964635610580444e-01
-2.150943428277969360e-01
-2.198684662580490112e-01
-2.242544740438461304e-01
-2.260692864656448364e-01
-2.229205816984176636e-01
-2.206421345472335815e-01
-2.240619212388992310e-01
-2.274815887212753296e-01
-2.307020574808120728e-01
-2.320743352174758911e-01
-2.310051470994949341e-01
-2.299356311559677124e-01
-2.271043211221694946e-01
-2.225766032934188843e-01
-2.176998108625411987e-01
-2.119208425283432007e-01
-2.077176719903945923e-01
-2.056687325239181519e-01
-2.089271098375320435e-01
-2.137709707021713257e-01
-2.157859355211257935e-01
-2.239991277456283569e-01
-2.258564978837966919e-01
-2.277137786149978638e-01
-2.302728146314620972e-01
-2.377213388681411743e-01
-2.447586208581924438e-01
-2.520334124565124512e-01
-2.592120766639709473e-01
-2.607532739639282227e-01
-2.599511444568634033e-01
-2.602459490299224854e-01
-2.609748542308807373e-01
-2.613651156425476074e-01
-2.617552578449249268e-01
-2.640764117240905762e-01
-2.676051259040832520e-01
-2.726919651031494141e-01
-2.767988443374633789e-01
-2.793035507202148438e-01
-2.773853242397308350e-01
-2.705552279949188232e-01
-2.618780434131622314e-01
-2.532006800174713135e-01
-2.426834553480148315e-01
-2.286773175001144409e-01
-2.155577391386032104e-01
-2.045255154371261597e-01
-1.982097178697586060e-01
-1.925785392522811890e-01
-1.861202269792556763e-01
-1.807041913270950317e-01
-1.737271994352340698e-01
-1.664601415395736694e-01
-1.621880978345870972e-01
-1.606704145669937134e-01
-1.636022478342056274e-01
-1.700083166360855103e-01
-1.770064085721969604e-01
-1.879600137472152710e-01
-2.006608694791793823e-01
-2.055247426033020020e-01
-2.102936953306198120e-01
-2.142025977373123169e-01
-2.141719311475753784e-01
-2.118103951215744019e-01
-2.083231061697006226e-01
-2.045445740222930908e-01
-2.018972337245941162e-01
-1.987472921609878540e-01
-1.946598440408706665e-01
-1.918080598115921021e-01
-1.928879469633102417e-01
-1.942613571882247925e-01
-2.045986801385879517e-01
-2.077805995941162109e-01
-2.096380442380905151e-01
-2.114958018064498901e-01
-2.134119123220443726e-01
-2.157522886991500854e-01
-2.175223082304000854e-01
-2.190307825803756714e-01
-2.188949435949325562e-01
-2.165247648954391479e-01
-2.157568186521530151e-01
-2.158462852239608765e-01
-2.161105126142501831e-01
-2.183787077665328979e-01
-2.174189537763595581e-01
-2.169557064771652222e-01
-2.155065387487411499e-01
-2.086302787065505981e-01
-2.054742425680160522e-01
-2.025545388460159302e-01
-2.006837725639343262e-01
-1.992343664169311523e-01
-1.901995390653610229e-01
-6.891201436519622803e-02
-7.651273906230926514e-02
-8.411370217800140381e-02
-9.113799035549163818e-02
-9.662209451198577881e-02
-1.019391566514968872e-01
-1.072559505701065063e-01
-1.124909669160842896e-01
-1.163519769906997681e-01
-1.197467297315597534e-01
-1.234735101461410522e-01
-1.274996846914291382e-01
-1.294159740209579468e-01
-1.323354691267013550e-01
-1.357376426458358765e-01
-1.376779228448867798e-01
-1.390905529260635376e-01
-1.396679431200027466e-01
-1.402455121278762817e-01
-1.410568207502365112e-01
-1.425874084234237671e-01
-1.460758000612258911e-01
-1.501167863607406616e-01
-1.567236930131912231e-01
-1.619437783956527710e-01
-1.668350249528884888e-01
-1.725259274244308472e-01
-1.787166744470596313e-01
-1.849073618650436401e-01
-1.910976916551589966e-01
-1.982450932264328003e-01
-2.055460661649703979e-01
-2.100328058004379272e-01
-2.138004451990127563e-01
-2.160998731851577759e-01
-2.174717932939529419e-01
-2.174610346555709839e-01
-2.138218134641647339e-01
-2.172415703535079956e-01
-2.206610590219497681e-01
-2.239417284727096558e-01
-2.254751473665237427e-01
-2.247832864522933960e-01
-2.229853123426437378e-01
-2.206353396177291870e-01
-2.153794616460800171e-01
-2.101234346628189087e-01
-2.043430954217910767e-01
-1.992598623037338257e-01
-1.998538225889205933e-01
-2.059099823236465454e-01
-2.130657583475112915e-01
-2.212384194135665894e-01
-2.247109264135360718e-01
-2.264658957719802856e-01
-2.285603433847427368e-01
-2.308169454336166382e-01
-2.319583445787429810e-01
-2.374625951051712036e-01
-2.447374612092971802e-01
-2.503088414669036865e-01
-2.506943345069885254e-01
-2.502964138984680176e-01
-2.516682147979736328e-01
-2.522024214267730713e-01
-2.532206177711486816e-01
-2.536108195781707764e-01
-2.555241882801055908e-01
-2.587352693080902100e-01
-2.627317309379577637e-01
-2.658961117267608643e-01
-2.683774232864379883e-01
-2.661119997501373291e-01
-2.641778886318206787e-01
-2.561170458793640137e-01
-2.481575459241867065e-01
-2.356146723031997681e-01
-2.230171412229537964e-01
-2.097654789686203003e-01
-1.979447156190872192e-01
-1.902726143598556519e-01
-1.846814304590225220e-01
-1.791058331727981567e-01
-1.737297624349594116e-01
-1.683535724878311157e-01
-1.629775315523147583e-01
-1.591028422117233276e-01
-1.563113480806350708e-01
-1.603297442197799683e-01
-1.671059280633926392e-01
-1.746720224618911743e-01
-1.873729974031448364e-01
-1.991977542638778687e-01
-2.039670497179031372e-01
-2.087361663579940796e-01
-2.135054916143417358e-01
-2.151002436876296997e-01
-2.129237502813339233e-01
-2.107653468847274780e-01
-2.071543186902999878e-01
-2.032073736190795898e-01
-1.988595277070999146e-01
-1.942281872034072876e-01
-1.900678724050521851e-01
-1.906146258115768433e-01
-1.950572580099105835e-01
-2.045685499906539917e-01
-2.080850601196289062e-01
-2.115892022848129272e-01
-2.150935381650924683e-01
-2.187020927667617798e-01
-2.217960804700851440e-01
-2.241371721029281616e-01
-2.236279100179672241e-01
-2.238890677690505981e-01
-2.222075015306472778e-01
-2.198375314474105835e-01
-2.184820920228958130e-01
-2.185771316289901733e-01
-2.200693339109420776e-01
-2.173617631196975708e-01
-2.156464904546737671e-01
-2.144586294889450073e-01
-2.118296474218368530e-01
-2.065774649381637573e-01
-2.036577761173248291e-01
-2.007386684417724609e-01
-1.983191967010498047e-01
-1.896203309297561646e-01
-7.150648534297943115e-02
-7.910709083080291748e-02
-8.670820295810699463e-02
-9.314467012882232666e-02
-9.846191108226776123e-02
-1.037790626287460327e-01
-1.090255230665206909e-01
-1.129352897405624390e-01
-1.163294762372970581e-01
-1.199651211500167847e-01
-1.238835304975509644e-01
-1.287695318460464478e-01
-1.313463300466537476e-01
-1.347077637910842896e-01
-1.370147019624710083e-01
-1.386614292860031128e-01
-1.393879204988479614e-01
-1.391852647066116333e-01
-1.386900097131729126e-01
-1.399175375699996948e-01
-1.424580961465835571e-01
-1.460506469011306763e-01
-1.483029276132583618e-01
-1.532887965440750122e-01
-1.579547673463821411e-01
-1.627493351697921753e-01
-1.684568077325820923e-01
-1.745953112840652466e-01
-1.798589676618576050e-01
-1.851230114698410034e-01
-1.928944736719131470e-01
-1.995787769556045532e-01
-2.033465653657913208e-01
-2.071137279272079468e-01
-2.073290199041366577e-01
-2.085216194391250610e-01
-2.102658003568649292e-01
-2.070012837648391724e-01
-2.098399847745895386e-01
-2.125311046838760376e-01
-2.151442617177963257e-01
-2.159488648176193237e-01
-2.156459540128707886e-01
-2.138482183218002319e-01
-2.120505124330520630e-01
-2.074520140886306763e-01
-2.021961659193038940e-01
-1.967654675245285034e-01
-1.916193515062332153e-01
-1.961000412702560425e-01
-2.044516950845718384e-01
-2.152627557516098022e-01
-2.237744480371475220e-01
-2.260311394929885864e-01
-2.282876223325729370e-01
-2.305438071489334106e-01
-2.327106446027755737e-01
-2.335596829652786255e-01
-2.344086915254592896e-01
-2.374413162469863892e-01
-2.397816628217697144e-01
-2.401350289583206177e-01
-2.398929446935653687e-01
-2.409863919019699097e-01
-2.423773854970932007e-01
-2.440585941076278687e-01
-2.454661577939987183e-01
-2.469718605279922485e-01
-2.496077865362167358e-01
-2.519328594207763672e-01
-2.545015811920166016e-01
-2.570698261260986328e-01
-2.549765408039093018e-01
-2.545870542526245117e-01
-2.473575919866561890e-01
-2.351638227701187134e-01
-2.226209491491317749e-01
-2.100778967142105103e-01
-1.981587260961532593e-01
-1.874709874391555786e-01
-1.794949918985366821e-01
-1.752996295690536499e-01
-1.719916313886642456e-01
-1.666151434183120728e-01
-1.612395793199539185e-01
-1.560388058423995972e-01
-1.535729914903640747e-01
-1.515050083398818970e-01
-1.568775027990341187e-01
-1.630929261445999146e-01
-1.738531142473220825e-01
-1.867261379957199097e-01
-1.976198405027389526e-01
-2.024088501930236816e-01
-2.071782648563385010e-01
-2.119474858045578003e-01
-2.149585038423538208e-01
-2.141419202089309692e-01
-2.121975272893905640e-01
-2.097637802362442017e-01
-2.056130021810531616e-01
-2.012338489294052124e-01
-1.958752423524856567e-01
-1.905169039964675903e-01
-1.883413642644882202e-01
-1.958525180816650391e-01
-2.048048228025436401e-01
-2.080193012952804565e-01
-2.115233093500137329e-01
-2.150275856256484985e-01
-2.186816185712814331e-01
-2.226691693067550659e-01
-2.266566604375839233e-01
-2.294294685125350952e-01
-2.297556847333908081e-01
-2.278903275728225708e-01
-2.255205959081649780e-01
-2.231505364179611206e-01
-2.213427573442459106e-01
-2.217017859220504761e-01
-2.208103686571121216e-01
-2.167583554983139038e-01
-2.146000117063522339e-01
-2.119611948728561401e-01
-2.077192664146423340e-01
-2.047612667083740234e-01
-2.018419206142425537e-01
-1.976473331451416016e-01
-1.886383295059204102e-01
-7.410101592540740967e-02
-8.170209825038909912e-02
-8.902390301227569580e-02
-9.498478472232818604e-02
-1.003019064664840698e-01
-1.055605262517929077e-01
-1.094469279050827026e-01
-1.127546280622482300e-01
-1.162119954824447632e-01
-1.200539916753768921e-01
-1.248422712087631226e-01
-1.303546577692031860e-01
-1.336779445409774780e-01
-1.364097148180007935e-01
-1.379078477621078491e-01
-1.392659991979598999e-01
-1.385743170976638794e-01
-1.378824561834335327e-01
-1.373722702264785767e-01
-1.395473033189773560e-01
-1.424400359392166138e-01
-1.445212513208389282e-01
-1.452551931142807007e-01
-1.493137329816818237e-01
-1.539702862501144409e-01
-1.585037261247634888e-01
-1.633006781339645386e-01
-1.685643643140792847e-01
-1.737429946660995483e-01
-1.789452880620956421e-01
-1.857971996068954468e-01
-1.928921788930892944e-01
-1.966596394777297974e-01
-1.985192149877548218e-01
-1.976857930421829224e-01
-1.979703158140182495e-01
-1.986457258462905884e-01
-1.971226483583450317e-01
-1.998143643140792847e-01
-2.025055438280105591e-01
-2.051795274019241333e-01
-2.059839218854904175e-01
-2.065085321664810181e-01
-2.046865969896316528e-01
-2.027864009141921997e-01
-1.992955058813095093e-01
-1.939372867345809937e-01
-1.886525601148605347e-01
-1.873420327901840210e-01
-1.962667256593704224e-01
-2.069434970617294312e-01
-2.192234843969345093e-01
-2.257579714059829712e-01
-2.280145138502120972e-01
-2.302711755037307739e-01
-2.325274795293807983e-01
-2.343120723962783813e-01
-2.351609021425247192e-01
-2.360097616910934448e-01
-2.349715381860733032e-01
-2.295425981283187866e-01
-2.295757681131362915e-01
-2.300388067960739136e-01
-2.303853482007980347e-01
-2.320664972066879272e-01
-2.337479144334793091e-01
-2.354292720556259155e-01
-2.372142523527145386e-01
-2.390194386243820190e-01
-2.405387610197067261e-01
-2.431070357561111450e-01
-2.456751316785812378e-01
-2.436382621526718140e-01
-2.424459010362625122e-01
-2.357658594846725464e-01
-2.221700698137283325e-01
-2.096270769834518433e-01
-1.970842629671096802e-01
-1.850331872701644897e-01
-1.743455082178115845e-01
-1.646244376897811890e-01
-1.600092500448226929e-01
-1.571883112192153931e-01
-1.536693125963211060e-01
-1.497563868761062622e-01
-1.462407559156417847e-01
-1.452382057905197144e-01
-1.456721872091293335e-01
-1.512142866849899292e-01
-1.582451015710830688e-01
-1.716373413801193237e-01
-1.858796626329421997e-01
-1.958022862672805786e-01
-2.006116062402725220e-01
-2.054204195737838745e-01
-2.102296799421310425e-01
-2.147041410207748413e-01
-2.154947370290756226e-01
-2.135902196168899536e-01
-2.116785496473312378e-01
-2.080182582139968872e-01
-2.035872042179107666e-01
-1.982286423444747925e-01
-1.928702741861343384e-01
-1.901402771472930908e-01
-1.979174315929412842e-01
-2.056359797716140747e-01
-2.079529911279678345e-01
-2.114574760198593140e-01
-2.149616330862045288e-01
-2.186610549688339233e-01
-2.226484864950180054e-01
-2.266360968351364136e-01
-2.306235283613204956e-01
-2.314429730176925659e-01
-2.316561192274093628e-01
-2.290185540914535522e-01
-2.274791449308395386e-01
-2.264634519815444946e-01
-2.242575436830520630e-01
-2.244707792997360229e-01
-2.199591249227523804e-01
-2.165908664464950562e-01
-2.141198068857192993e-01
-2.110890597105026245e-01
-2.058639526367187500e-01
-2.029448151588439941e-01
-1.996635943651199341e-01
-1.876563429832458496e-01
-7.669560611248016357e-02
-8.429627120494842529e-02
-9.124039113521575928e-02
-9.665347635746002197e-02
-1.018378585577011108e-01
-1.057570725679397583e-01
-1.090649813413619995e-01
-1.124308556318283081e-01
-1.162240356206893921e-01
-1.211127489805221558e-01
-1.266267150640487671e-01
-1.326483935117721558e-01
-1.358043700456619263e-01
-1.373024433851242065e-01
-1.381380707025527954e-01
-1.379832476377487183e-01
-1.372916549444198608e-01
-1.364365071058273315e-01
-1.371138244867324829e-01
-1.389856189489364624e-01
-1.405497342348098755e-01
-1.415120512247085571e-01
-1.418057829141616821e-01
-1.450768560171127319e-01
-1.488068252801895142e-01
-1.525365859270095825e-01
-1.572747975587844849e-01
-1.615419834852218628e-01
-1.656634956598281860e-01
-1.712608188390731812e-01
-1.775360256433486938e-01
-1.842151135206222534e-01
-1.873519867658615112e-01
-1.865432709455490112e-01
-1.857096701860427856e-01
-1.858152598142623901e-01
-1.859278231859207153e-01
-1.841509491205215454e-01
-1.897888630628585815e-01
-1.924136430025100708e-01
-1.950021833181381226e-01
-1.957472711801528931e-01
-1.964494436979293823e-01
-1.950969845056533813e-01
-1.931970566511154175e-01
-1.909789294004440308e-01
-1.861220151185989380e-01
-1.837613731622695923e-01
-1.908156126737594604e-01
-1.993471533060073853e-01
-2.123458236455917358e-01
-2.191935628652572632e-01
-2.260413616895675659e-01
-2.299982160329818726e-01
-2.322547286748886108e-01
-2.345109432935714722e-01
-2.359131425619125366e-01
-2.367621213197708130e-01
-2.376109808683395386e-01
-2.333417981863021851e-01
-2.279127389192581177e-01
-2.217760831117630005e-01
-2.192755788564682007e-01
-2.200747579336166382e-01
-2.217559069395065308e-01
-2.234373539686203003e-01
-2.248183339834213257e-01
-2.252917438745498657e-01
-2.268141061067581177e-01
-2.279678732156753540e-01
-2.309405058622360229e-01
-2.334745675325393677e-01
-2.323002964258193970e-01
-2.275139838457107544e-01
-2.229005247354507446e-01
-2.091762274503707886e-01
-1.966332048177719116e-01
-1.840902715921401978e-01
-1.719076484441757202e-01
-1.612201780080795288e-01
-1.505326479673385620e-01
-1.447188407182693481e-01
-1.422378569841384888e-01
-1.392214149236679077e-01
-1.353089064359664917e-01
-1.320139616727828979e-01
-1.310115903615951538e-01
-1.332272440195083618e-01
-1.376442462205886841e-01
-1.459955424070358276e-01
-1.635686606168746948e-01
-1.818844228982925415e-01
-1.939846128225326538e-01
-1.987936496734619141e-01
-2.036029994487762451e-01
-2.084122151136398315e-01
-2.135478705167770386e-01
-2.161181122064590454e-01
-2.147627323865890503e-01
-2.126470953226089478e-01
-2.100572437047958374e-01
-2.057607322931289673e-01
-2.004419714212417603e-01
-1.951236575841903687e-01
-1.944770365953445435e-01
-2.014778554439544678e-01
-2.091801613569259644e-01
-2.099309116601943970e-01
-2.118514031171798706e-01
-2.148952633142471313e-01
-2.186408489942550659e-01
-2.226283699274063110e-01
-2.266155332326889038e-01
-2.306031733751296997e-01
-2.331298440694808960e-01
-2.334557920694351196e-01
-2.327415198087692261e-01
-2.291896194219589233e-01
-2.263746708631515503e-01
-2.256517857313156128e-01
-2.258072942495346069e-01
-2.233576029539108276e-01
-2.196575552225112915e-01
-2.161384075880050659e-01
-2.133654206991195679e-01
-2.105217725038528442e-01
-2.059537619352340698e-01
-2.011385560035705566e-01
-1.880847364664077759e-01
-7.901982963085174561e-02
-8.653382956981658936e-02
-9.290407598018646240e-02
-9.810031950473785400e-02
-1.020681709051132202e-01
-1.053761094808578491e-01
-1.086835116147994995e-01
-1.124416738748550415e-01
-1.173833161592483521e-01
-1.226998120546340942e-01
-1.288637369871139526e-01
-1.349799484014511108e-01
-1.364988535642623901e-01
-1.369663923978805542e-01
-1.373967379331588745e-01
-1.367006450891494751e-01
-1.358482688665390015e-01
-1.354883760213851929e-01
-1.362609416246414185e-01
-1.370220333337783813e-01
-1.379559189081192017e-01
-1.377704888582229614e-01
-1.370516270399093628e-01
-1.391468793153762817e-01
-1.428767889738082886e-01
-1.449897140264511108e-01
-1.479118615388870239e-01
-1.514074653387069702e-01
-1.548416763544082642e-01
-1.608074456453323364e-01
-1.672341078519821167e-01
-1.739128381013870239e-01
-1.754009872674942017e-01
-1.745675355195999146e-01
-1.737275570631027222e-01
-1.734891682863235474e-01
-1.729985624551773071e-01
-1.711190193891525269e-01
-1.774740666151046753e-01
-1.819355636835098267e-01
-1.845243722200393677e-01
-1.853298097848892212e-01
-1.861700862646102905e-01
-1.861471086740493774e-01
-1.847486346960067749e-01
-1.833498626947402954e-01
-1.815939396619796753e-01
-1.864657253026962280e-01
-1.944770961999893188e-01
-2.041627913713455200e-01
-2.123159617185592651e-01
-2.191637307405471802e-01
-2.260114699602127075e-01
-2.319817394018173218e-01
-2.342383414506912231e-01
-2.364948242902755737e-01
-2.375144809484481812e-01
-2.383636385202407837e-01
-2.371406406164169312e-01
-2.317115813493728638e-01
-2.262829095125198364e-01
-2.199852317571640015e-01
-2.137442380189895630e-01
-2.097640782594680786e-01
-2.114454060792922974e-01
-2.129177600145339966e-01
-2.135278731584548950e-01
-2.123618572950363159e-01
-2.139210850000381470e-01
-2.154319137334823608e-01
-2.182270735502243042e-01
-2.203577607870101929e-01
-2.180751413106918335e-01
-2.103521972894668579e-01
-2.061427980661392212e-01
-1.973921209573745728e-01
-1.836395114660263062e-01
-1.710966676473617554e-01
-1.587823480367660522e-01
-1.480948776006698608e-01
-1.374073475599288940e-01
-1.297316402196884155e-01
-1.272878199815750122e-01
-1.247739940881729126e-01
-1.208612173795700073e-01
-1.177874058485031128e-01
-1.167850345373153687e-01
-1.207604259252548218e-01
-1.226281374692916870e-01
-1.323357373476028442e-01
-1.501196771860122681e-01
-1.684354990720748901e-01
-1.817108839750289917e-01
-1.898345798254013062e-01
-1.973844915628433228e-01
-2.038857489824295044e-01
-2.105751484632492065e-01
-2.160249203443527222e-01
-2.159354239702224731e-01
-2.136153429746627808e-01
-2.110254913568496704e-01
-2.078544348478317261e-01
-2.025354653596878052e-01
-1.972173899412155151e-01
-1.996388286352157593e-01
-2.047983258962631226e-01
-2.124848812818527222e-01
-2.135624140501022339e-01
-2.144106775522232056e-01
-2.167564481496810913e-01
-2.193900793790817261e-01
-2.225684374570846558e-01
-2.265958040952682495e-01
-2.305832058191299438e-01
-2.345702499151229858e-01
-2.351430505514144897e-01
-2.354213148355484009e-01
-2.329672127962112427e-01
-2.294145077466964722e-01
-2.258986085653305054e-01
-2.245734184980392456e-01
-2.232388108968734741e-01
-2.182727009057998657e-01
-2.151634544134140015e-01
-2.137308865785598755e-01
-2.123035043478012085e-01
-2.110763043165206909e-01
-2.062610238790512085e-01
-1.923349201679229736e-01
-8.125524222850799561e-02
-8.849404752254486084e-02
-9.436325728893280029e-02
-9.837894141674041748e-02
-1.016864031553268433e-01
-1.049938946962356567e-01
-1.087596267461776733e-01
-1.136541217565536499e-01
-1.187727004289627075e-01
-1.246719807386398315e-01
-1.314038187265396118e-01
-1.353276818990707397e-01
-1.357953995466232300e-01
-1.362628191709518433e-01
-1.361101716756820679e-01
-1.352592557668685913e-01
-1.347657591104507446e-01
-1.336219757795333862e-01
-1.342166215181350708e-01
-1.340027302503585815e-01
-1.330312937498092651e-01
-1.314905732870101929e-01
-1.300270408391952515e-01
-1.299844235181808472e-01
-1.319470852613449097e-01
-1.339419037103652954e-01
-1.367835253477096558e-01
-1.397479027509689331e-01
-1.444089561700820923e-01
-1.503714472055435181e-01
-1.568910330533981323e-01
-1.631879061460494995e-01
-1.631710380315780640e-01
-1.622351557016372681e-01
-1.612991243600845337e-01
-1.608193069696426392e-01
-1.598279029130935669e-01
-1.579486280679702759e-01
-1.635127514600753784e-01
-1.713175028562545776e-01
-1.747613996267318726e-01
-1.761291772127151489e-01
-1.773326247930526733e-01
-1.781371980905532837e-01
-1.767383366823196411e-01
-1.787105947732925415e-01
-1.823784261941909790e-01
-1.901271194219589233e-01
-1.982335299253463745e-01
-2.060808986425399780e-01
-2.122862190008163452e-01
-2.191338688135147095e-01
-2.259816080331802368e-01
-2.328290790319442749e-01
-2.362222224473953247e-01
-2.382668405771255493e-01
-2.391157895326614380e-01
-2.399646490812301636e-01
-2.355106323957443237e-01
-2.300820499658584595e-01
-2.246529906988143921e-01
-2.181197255849838257e-01
-2.119011133909225464e-01
-2.071568518877029419e-01
-2.022948414087295532e-01
-2.020575851202011108e-01
-2.009180635213851929e-01
-1.996888965368270874e-01
-2.008398324251174927e-01
-2.025078982114791870e-01
-2.049422413110733032e-01
-2.066392749547958374e-01
-2.012748271226882935e-01
-1.931600123643875122e-01
-1.885397881269454956e-01
-1.841638833284378052e-01
-1.698907464742660522e-01
-1.577060669660568237e-01
-1.456437855958938599e-01
-1.349694877862930298e-01
-1.242818385362625122e-01
-1.150184720754623413e-01
-1.123374849557876587e-01
-1.103261262178421021e-01
-1.064133793115615845e-01
-1.035606116056442261e-01
-1.029909700155258179e-01
-1.066605895757675171e-01
-1.090704351663589478e-01
-1.198372691869735718e-01
-1.366705149412155151e-01
-1.549862772226333618e-01
-1.675703674554824829e-01
-1.767839342355728149e-01
-1.850384771823883057e-01
-1.935792714357376099e-01
-2.017433047294616699e-01
-2.084329575300216675e-01
-2.112216800451278687e-01
-2.101664394140243530e-01
-2.090400606393814087e-01
-2.076740115880966187e-01
-2.046020328998565674e-01
-2.022233903408050537e-01
-2.048013359308242798e-01
-2.082171291112899780e-01
-2.157697826623916626e-01
-2.171340435743331909e-01
-2.170691937208175659e-01
-2.192159146070480347e-01
-2.218950837850570679e-01
-2.247240990400314331e-01
-2.275536507368087769e-01
-2.303830236196517944e-01
-2.343703061342239380e-01
-2.366906255483627319e-01
-2.370565086603164673e-01
-2.366078644990921021e-01
-2.331723421812057495e-01
-2.296395152807235718e-01
-2.260877639055252075e-01
-2.232193499803543091e-01
-2.186341732740402222e-01
-2.130740135908126831e-01
-2.102936953306198120e-01
-2.088615149259567261e-01
-2.077905982732772827e-01
-2.079705297946929932e-01
-1.970968693494796753e-01
-8.349065482616424561e-02
-9.042607247829437256e-02
-9.468875825405120850e-02
-9.799723327159881592e-02
-1.013046056032180786e-01
-1.050788909196853638e-01
-1.099245995283126831e-01
-1.148461848497390747e-01
-1.205574721097946167e-01
-1.269117444753646851e-01
-1.318185478448867798e-01
-1.346243172883987427e-01
-1.350917369127273560e-01
-1.355590075254440308e-01
-1.346700340509414673e-01
-1.340427249670028687e-01
-1.318841725587844849e-01
-1.295079737901687622e-01
-1.280652135610580444e-01
-1.262920349836349487e-01
-1.246918290853500366e-01
-1.224036663770675659e-01
-1.198661476373672485e-01
-1.190867573022842407e-01
-1.209798008203506470e-01
-1.228942722082138062e-01
-1.251212209463119507e-01
-1.278939098119735718e-01
-1.336792558431625366e-01
-1.395898610353469849e-01
-1.461565941572189331e-01
-1.503683179616928101e-01
-1.507517844438552856e-01
-1.498066037893295288e-01
-1.488708406686782837e-01
-1.481048315763473511e-01
-1.469458192586898804e-01
-1.455679386854171753e-01
-1.507733911275863647e-01
-1.590277701616287231e-01
-1.658630520105361938e-01
-1.672918051481246948e-01
-1.684952229261398315e-01
-1.706963330507278442e-01
-1.733977645635604858e-01
-1.767726987600326538e-01
-1.857773214578628540e-01
-1.937883347272872925e-01
-2.024499922990798950e-01
-2.066322416067123413e-01
-2.122559100389480591e-01
-2.191039770841598511e-01
-2.259516566991806030e-01
-2.327994555234909058e-01
-2.382055968046188354e-01
-2.398680001497268677e-01
-2.407171577215194702e-01
-2.393099218606948853e-01
-2.338808327913284302e-01
-2.284520715475082397e-01
-2.228463739156723022e-01
-2.162540704011917114e-01
-2.104877084493637085e-01
-2.057172209024429321e-01
-2.003737539052963257e-01
-1.932240277528762817e-01
-1.882451027631759644e-01
-1.870158761739730835e-01
-1.877592056989669800e-01
-1.891889721155166626e-01
-1.910559982061386108e-01
-1.890773624181747437e-01
-1.844747215509414673e-01
-1.763601750135421753e-01
-1.709366589784622192e-01
-1.667273193597793579e-01
-1.569971889257431030e-01
-1.434841901063919067e-01
-1.313457936048507690e-01
-1.210281401872634888e-01
-1.107446700334548950e-01
-1.009951978921890259e-01
-9.750621020793914795e-02
-9.542979300022125244e-02
-9.196580946445465088e-02
-8.933375775814056396e-02
-9.052400290966033936e-02
-9.204281866550445557e-02
-9.617047011852264404e-02
-1.082160919904708862e-01
-1.236825138330459595e-01
-1.415372341871261597e-01
-1.531500369310379028e-01
-1.635670214891433716e-01
-1.723066717386245728e-01
-1.808476746082305908e-01
-1.893882751464843750e-01
-1.979290544986724854e-01
-2.040145993232727051e-01
-2.038013935089111328e-01
-2.026748806238174438e-01
-2.012569159269332886e-01
-1.991203129291534424e-01
-2.014882117509841919e-01
-2.055294066667556763e-01
-2.095711082220077515e-01
-2.175471633672714233e-01
-2.206615060567855835e-01
-2.206402271986007690e-01
-2.216749340295791626e-01
-2.243997901678085327e-01
-2.272290736436843872e-01
-2.300583869218826294e-01
-2.328877002000808716e-01
-2.357171326875686646e-01
-2.385466545820236206e-01
-2.384841889142990112e-01
-2.388255447149276733e-01
-2.366900891065597534e-01
-2.331778556108474731e-01
-2.296655625104904175e-01
-2.261527329683303833e-01
-2.200362235307693481e-01
-2.139496356248855591e-01
-2.078009098768234253e-01
-2.054238915443420410e-01
-2.039916366338729858e-01
-2.051366716623306274e-01
-1.965107768774032593e-01
-8.572570979595184326e-02
-9.099952876567840576e-02
-9.430734813213348389e-02
-9.761546552181243896e-02
-1.013986021280288696e-01
-1.061953157186508179e-01
-1.111165732145309448e-01
-1.166308373212814331e-01
-1.221539527177810669e-01
-1.274852305650711060e-01
-1.313231140375137329e-01
-1.337759941816329956e-01
-1.335148066282272339e-01
-1.324801594018936157e-01
-1.307727545499801636e-01
-1.275533884763717651e-01
-1.241775900125503540e-01
-1.217474192380905151e-01
-1.200801581144332886e-01
-1.173660904169082642e-01
-1.147587150335311890e-01
-1.121202558279037476e-01
-1.094104498624801636e-01
-1.079533547163009644e-01
-1.097435802221298218e-01
-1.112035363912582397e-01
-1.130356341600418091e-01
-1.169333308935165405e-01
-1.227935403585433960e-01
-1.288560777902603149e-01
-1.348556131124496460e-01
-1.375498324632644653e-01
-1.383440345525741577e-01
-1.377614587545394897e-01
-1.373178511857986450e-01
-1.365673989057540894e-01
-1.353553384542465210e-01
-1.339776664972305298e-01
-1.383228749036788940e-01
-1.466483324766159058e-01
-1.547393649816513062e-01
-1.584538370370864868e-01
-1.619536727666854858e-01
-1.668290644884109497e-01
-1.704113334417343140e-01
-1.769909113645553589e-01
-1.884378045797348022e-01
-1.988187283277511597e-01
-2.030013352632522583e-01
-2.071835845708847046e-01
-2.118763774633407593e-01
-2.190742343664169312e-01
-2.259220331907272339e-01
-2.327694445848464966e-01
-2.396171241998672485e-01
-2.414695471525192261e-01
-2.422318309545516968e-01
-2.376800328493118286e-01
-2.322512120008468628e-01
-2.268221527338027954e-01
-2.202227860689163208e-01
-2.143882364034652710e-01
-2.090746313333511353e-01
-2.038347274065017700e-01
-1.971033364534378052e-01
-1.894482821226119995e-01
-1.817934960126876831e-01
-1.743427962064743042e-01
-1.746782213449478149e-01
-1.756139248609542847e-01
-1.734298020601272583e-01
-1.709469407796859741e-01
-1.674214154481887817e-01
-1.595597118139266968e-01
-1.533334702253341675e-01
-1.491242498159408569e-01
-1.438498049974441528e-01
-1.294701844453811646e-01
-1.171244233846664429e-01
-1.066749244928359985e-01
-9.639190137386322021e-02
-8.694650232791900635e-02
-8.214519917964935303e-02
-8.005307614803314209e-02
-7.748569548130035400e-02
-7.510735094547271729e-02
-7.612161338329315186e-02
-7.742531597614288330e-02
-8.353303372859954834e-02
-9.704448282718658447e-02
-1.110934466123580933e-01
-1.280883699655532837e-01
-1.387304216623306274e-01
-1.494658440351486206e-01
-1.595752239227294922e-01
-1.681163012981414795e-01
-1.766569167375564575e-01
-1.851976364850997925e-01
-1.926745176315307617e-01
-1.955670118331909180e-01
-1.962919086217880249e-01
-1.948400586843490601e-01
-1.938563436269760132e-01
-1.993172317743301392e-01
-2.033584564924240112e-01
-2.074000388383865356e-01
-2.134984582662582397e-01
-2.168998271226882935e-01
-2.182983309030532837e-01
-2.196965068578720093e-01
-2.239176481962203979e-01
-2.282102853059768677e-01
-2.325029820203781128e-01
-2.353923767805099487e-01
-2.382217496633529663e-01
-2.410514801740646362e-01
-2.419271916151046753e-01
-2.410949319601058960e-01
-2.399590462446212769e-01
-2.366956919431686401e-01
-2.331830114126205444e-01
-2.296708077192306519e-01
-2.242466360330581665e-01
-2.167298048734664917e-01
-2.085980623960494995e-01
-2.029730826616287231e-01
-2.004135251045227051e-01
-1.995028108358383179e-01
-1.960493624210357666e-01
-8.663396537303924561e-02
-9.061776101589202881e-02
-9.392629563808441162e-02
-9.771792590618133545e-02
-1.024664491415023804e-01
-1.073871403932571411e-01
-1.123024076223373413e-01
-1.169600933790206909e-01
-1.219331473112106323e-01
-1.250967830419540405e-01
-1.282061487436294556e-01
-1.298674792051315308e-01
-1.294537037611007690e-01
-1.263474971055984497e-01
-1.228888481855392456e-01
-1.193924099206924438e-01
-1.158304959535598755e-01
-1.134283095598220825e-01
-1.098194867372512817e-01
-1.068348735570907593e-01
-1.041252166032791138e-01
-1.014157086610794067e-01
-9.870623052120208740e-02
-9.665106236934661865e-02
-9.817545115947723389e-02
-9.932200610637664795e-02
-1.010737568140029907e-01
-1.061226874589920044e-01
-1.119083017110824585e-01
-1.181219071149826050e-01
-1.224757283926010132e-01
-1.256714612245559692e-01
-1.273778229951858521e-01
-1.269340068101882935e-01
-1.264898627996444702e-01
-1.252229362726211548e-01
-1.237768381834030151e-01
-1.223892420530319214e-01
-1.258722096681594849e-01
-1.341973990201950073e-01
-1.424500495195388794e-01
-1.525048762559890747e-01
-1.580862849950790405e-01
-1.629620641469955444e-01
-1.693363040685653687e-01
-1.794194430112838745e-01
-1.920837908983230591e-01
-1.993702799081802368e-01
-2.035524696111679077e-01
-2.077351659536361694e-01
-2.119175642728805542e-01
-2.188690453767776489e-01
-2.258922606706619263e-01
-2.327397316694259644e-01
-2.395876497030258179e-01
-2.430705875158309937e-01
-2.414794117212295532e-01
-2.360500246286392212e-01
-2.306212633848190308e-01
-2.249691337347030640e-01
-2.182371765375137329e-01
-2.125229686498641968e-01
-2.072954922914505005e-01
-2.009825557470321655e-01
-1.933275908231735229e-01
-1.856725960969924927e-01
-1.780179589986801147e-01
-1.703629046678543091e-01
-1.634799689054489136e-01
-1.593909114599227905e-01
-1.553878039121627808e-01
-1.526573151350021362e-01
-1.498332172632217407e-01
-1.424637883901596069e-01
-1.357302218675613403e-01
-1.315210312604904175e-01
-1.273119300603866577e-01
-1.165765672922134399e-01
-1.029030233621597290e-01
-9.232200682163238525e-02
-8.203904330730438232e-02
-7.293359935283660889e-02
-6.655882298946380615e-02
-6.387527287006378174e-02
-6.182048842310905457e-02
-5.994821712374687195e-02
-6.106282398104667664e-02
-6.283493340015411377e-02
-7.238264381885528564e-02
-8.589382469654083252e-02
-9.947232902050018311e-02
-1.143159121274948120e-01
-1.245644092559814453e-01
-1.353651434183120728e-01
-1.461657732725143433e-01
-1.553846150636672974e-01
-1.639253050088882446e-01
-1.724660843610763550e-01
-1.804598718881607056e-01
-1.851208359003067017e-01
-1.860274821519851685e-01
-1.863562911748886108e-01
-1.902923136949539185e-01
-1.962674856185913086e-01
-2.011874467134475708e-01
-2.052287608385086060e-01
-2.096448391675949097e-01
-2.131379395723342896e-01
-2.145364135503768921e-01
-2.159349471330642700e-01
-2.190894335508346558e-01
-2.233818322420120239e-01
-2.276746183633804321e-01
-2.319670170545578003e-01
-2.362600415945053101e-01
-2.405530661344528198e-01
-2.446004599332809448e-01
-2.452310174703598022e-01
-2.444739490747451782e-01
-2.414198666810989380e-01
-2.367100566625595093e-01
-2.331887036561965942e-01
-2.289910763502120972e-01
-2.210776954889297485e-01
-2.131207436323165894e-01
-2.034440040588378906e-01
-1.985469609498977661e-01
-1.955358237028121948e-01
-1.918820887804031372e-01
-8.671395480632781982e-02
-9.023664891719818115e-02
-9.411393105983734131e-02
-9.804700314998626709e-02
-1.022017449140548706e-01
-1.056252568960189819e-01
-1.097261756658554077e-01
-1.146985739469528198e-01
-1.182874590158462524e-01
-1.213968247175216675e-01
-1.245061010122299194e-01
-1.248894184827804565e-01
-1.219637840986251831e-01
-1.180528551340103149e-01
-1.143883913755416870e-01
-1.103391200304031372e-01
-1.058589667081832886e-01
-1.026629060506820679e-01
-9.886346757411956787e-02
-9.613023698329925537e-02
-9.342090785503387451e-02
-9.071125090122222900e-02
-8.800183236598968506e-02
-8.532239496707916260e-02
-8.633203804492950439e-02
-8.744092285633087158e-02
-8.964101970195770264e-02
-9.590108692646026611e-02
-1.021610349416732788e-01
-1.080628484487533569e-01
-1.112372428178787231e-01
-1.144330054521560669e-01
-1.165498048067092896e-01
-1.161056309938430786e-01
-1.156355887651443481e-01
-1.137628108263015747e-01
-1.122067719697952271e-01
-1.108191162347793579e-01
-1.134345084428787231e-01
-1.229719370603561401e-01
-1.349658817052841187e-01
-1.452455967664718628e-01
-1.542193144559860229e-01
-1.600266844034194946e-01
-1.701046079397201538e-01
-1.818709522485733032e-01
-1.923185437917709351e-01
-1.999215036630630493e-01
-2.041041105985641479e-01
-2.082865089178085327e-01
-2.124689966440200806e-01
-2.184896320104598999e-01
-2.258621603250503540e-01
-2.327103167772293091e-01
-2.392242103815078735e-01
-2.444839328527450562e-01
-2.398491650819778442e-01
-2.344205826520919800e-01
-2.289913147687911987e-01
-2.223457545042037964e-01
-2.164040356874465942e-01
-2.107418924570083618e-01
-2.047357112169265747e-01
-1.972069293260574341e-01
-1.895520240068435669e-01
-1.818973273038864136e-01
-1.742421835660934448e-01
-1.665505915880203247e-01
-1.572491675615310669e-01
-1.463202685117721558e-01
-1.373452395200729370e-01
-1.343676298856735229e-01
-1.319767385721206665e-01
-1.248664706945419312e-01
-1.177893131971359253e-01
-1.139180511236190796e-01
-1.097091287374496460e-01
-1.035352498292922974e-01
-8.904965221881866455e-02
-7.796908915042877197e-02
-6.768570840358734131e-02
-5.892060324549674988e-02
-5.158952996134757996e-02
-4.805178567767143250e-02
-4.614387080073356628e-02
-4.350967332720756531e-02
-4.521761462092399597e-02
-4.868720099329948425e-02
-6.037145480513572693e-02
-7.428649067878723145e-02
-8.820246160030364990e-02
-1.008225679397583008e-01
-1.104634255170822144e-01
-1.212637722492218018e-01
-1.320648044347763062e-01
-1.426532417535781860e-01
-1.511940062046051025e-01
-1.596683561801910400e-01
-1.675240695476531982e-01
-1.737605631351470947e-01
-1.757623404264450073e-01
-1.760394722223281860e-01
-1.830443888902664185e-01
-1.906549483537673950e-01
-1.982656419277191162e-01
-2.030577808618545532e-01
-2.067877799272537231e-01
-2.093762010335922241e-01
-2.107749432325363159e-01
-2.122054547071456909e-01
-2.142608314752578735e-01
-2.185532301664352417e-01
-2.228460162878036499e-01
-2.271388024091720581e-01
-2.314316481351852417e-01
-2.357239574193954468e-01
-2.400168925523757935e-01
-2.421101778745651245e-01
-2.427415698766708374e-01
-2.428190559148788452e-01
-2.399931401014328003e-01
-2.367457002401351929e-01
-2.334984987974166870e-01
-2.254856675863265991e-01
-2.181135267019271851e-01
-2.089006155729293823e-01
-1.997733861207962036e-01
-1.941206902265548706e-01
-1.876610815525054932e-01
