-6.745366752147674561e-02
-5.556767061352729797e-02
-4.850183799862861633e-02
-4.985981062054634094e-02
-4.844944551587104797e-02
-4.703991487622261047e-02
-4.563038423657417297e-02
-4.422055557370185852e-02
-4.475973919034004211e-02
-5.039732530713081360e-02
-5.690800026059150696e-02
-6.613622605800628662e-02
-7.541964948177337646e-02
-8.470259606838226318e-02
-9.593556821346282959e-02
-1.080337017774581909e-01
-1.186052411794662476e-01
-1.257913559675216675e-01
-1.305584162473678589e-01
-1.286417692899703979e-01
-1.175736635923385620e-01
-1.064439862966537476e-01
-9.531442821025848389e-02
-8.418409526348114014e-02
-7.305411994457244873e-02
-6.271289288997650146e-02
-5.268912389874458313e-02
-4.859100654721260071e-02
-4.790632799267768860e-02
-4.668085649609565735e-02
-4.742651060223579407e-02
-5.278449133038520813e-02
-5.913840606808662415e-02
-6.736086308956146240e-02
-7.403843104839324951e-02
-8.013032376766204834e-02
-8.031122386455535889e-02
-7.883004844188690186e-02
-7.540778815746307373e-02
-7.211582362651824951e-02
-6.965045630931854248e-02
-6.718526780605316162e-02
-6.363479793071746826e-02
-6.019197776913642883e-02
-5.697195604443550110e-02
-5.182384327054023743e-02
-4.895298555493354797e-02
-4.749857261776924133e-02
-4.741840437054634094e-02
-5.128603056073188782e-02
-5.650686100125312805e-02
-6.073885038495063782e-02
-6.405459344387054443e-02
-6.595884263515472412e-02
-7.066629827022552490e-02
-7.513014972209930420e-02
-8.016578853130340576e-02
-8.567087352275848389e-02
-8.882097899913787842e-02
-8.848939836025238037e-02
-8.936826884746551514e-02
-9.054227173328399658e-02
-9.366391599178314209e-02
-9.879873692989349365e-02
-1.028963774442672729e-01
-1.066147536039352417e-01
-1.103333979845046997e-01
-1.127326637506484985e-01
-1.173844486474990845e-01
-1.212395876646041870e-01
-1.269733756780624390e-01
-1.328531950712203979e-01
-1.387331932783126831e-01
-1.449695676565170288e-01
-1.511672586202621460e-01
-1.564994603395462036e-01
-1.570355147123336792e-01
-1.577732414007186890e-01
-1.539221256971359253e-01
-1.459153145551681519e-01
-1.373391598463058472e-01
-1.287627667188644409e-01
-1.238337010145187378e-01
-1.189786046743392944e-01
-1.141239851713180542e-01
-1.092689484357833862e-01
-1.042805165052413940e-01
-9.538953006267547607e-02
-8.931462466716766357e-02
-8.801658451557159424e-02
-8.580993115901947021e-02
-8.559371531009674072e-02
-8.637337386608123779e-02
-8.715374767780303955e-02
-8.793096244335174561e-02
-9.198026359081268311e-02
-9.654657542705535889e-02
-1.011128872632980347e-01
-1.034435480833053589e-01
-1.027616411447525024e-01
-1.008958369493484497e-01
-9.708227217197418213e-02
-9.692956507205963135e-02
-9.752137959003448486e-02
-9.959433972835540771e-02
-1.016667336225509644e-01
-1.037392467260360718e-01
-1.043796986341476440e-01
-9.946469962596893311e-02
-9.211520850658416748e-02
-8.446814119815826416e-02
-7.682098448276519775e-02
-6.997878849506378174e-02
-6.532491743564605713e-02
-6.634776294231414795e-02
-7.495103776454925537e-02
-7.241390645503997803e-02
-6.960056722164154053e-02
-6.678752601146697998e-02
-6.532458961009979248e-02
-6.441564857959747314e-02
-6.479819118976593018e-02
-6.677658855915069580e-02
-7.148684561252593994e-02
-7.777909934520721436e-02
-8.613483607769012451e-02
-9.896837174892425537e-02
-1.118011325597763062e-01
-1.257499903440475464e-01
-6.871418654918670654e-02
-5.667154863476753235e-02
-4.997013881802558899e-02
-5.332647636532783508e-02
-5.176042392849922180e-02
-5.019353702664375305e-02
-4.862712696194648743e-02
-4.706399515271186829e-02
-4.618786647915840149e-02
-4.969118908047676086e-02
-5.608563497662544250e-02
-6.382231414318084717e-02
-7.310585677623748779e-02
-8.238910138607025146e-02
-9.264604747295379639e-02
-1.053122729063034058e-01
-1.161987036466598511e-01
-1.241912692785263062e-01
-1.293931454420089722e-01
-1.297530382871627808e-01
-1.214215606451034546e-01
-1.102915853261947632e-01
-9.916125237941741943e-02
-8.803151547908782959e-02
-7.690136134624481201e-02
-6.628583371639251709e-02
-5.603336170315742493e-02
-5.093269422650337219e-02
-5.023746564984321594e-02
-5.024128034710884094e-02
-4.904513433575630188e-02
-5.367671325802803040e-02
-6.041090562939643860e-02
-6.905071437358856201e-02
-7.770280539989471436e-02
-8.400826156139373779e-02
-8.857958018779754639e-02
-8.737383782863616943e-02
-8.485107123851776123e-02
-8.142916858196258545e-02
-7.826249301433563232e-02
-7.579742372035980225e-02
-7.146273553371429443e-02
-6.696175038814544678e-02
-6.374178826808929443e-02
-6.052141264081001282e-02
-5.716954544186592102e-02
-5.587391927838325500e-02
-5.556200817227363586e-02
-5.933182314038276672e-02
-6.501017510890960693e-02
-7.081650197505950928e-02
-7.413147389888763428e-02
-7.652853429317474365e-02
-7.816360890865325928e-02
-8.251635730266571045e-02
-8.737765252590179443e-02
-9.372670948505401611e-02
-9.809659421443939209e-02
-9.785516560077667236e-02
-9.823568165302276611e-02
-9.940956532955169678e-02
-1.011517494916915894e-01
-1.062865108251571655e-01
-1.102404147386550903e-01
-1.121766418218612671e-01
-1.141125112771987915e-01
-1.156725436449050903e-01
-1.178960651159286499e-01
-1.217511147260665894e-01
-1.273348778486251831e-01
-1.332149356603622437e-01
-1.395760029554367065e-01
-1.456727832555770874e-01
-1.485175937414169312e-01
-1.475104540586471558e-01
-1.470791250467300415e-01
-1.483393460512161255e-01
-1.448623985052108765e-01
-1.362861841917037964e-01
-1.291699260473251343e-01
-1.243149191141128540e-01
-1.194603294134140015e-01
-1.146052628755569458e-01
-1.097503155469894409e-01
-1.048919409513473511e-01
-9.670083224773406982e-02
-8.727101981639862061e-02
-7.801373302936553955e-02
-7.638593018054962158e-02
-7.716296613216400146e-02
-7.793958485126495361e-02
-7.871685922145843506e-02
-7.949365675449371338e-02
-8.096350729465484619e-02
-8.528117835521697998e-02
-8.984725177288055420e-02
-9.354238212108612061e-02
-9.478966891765594482e-02
-9.572391211986541748e-02
-9.937222301959991455e-02
-1.018247753381729126e-01
-1.032067090272903442e-01
-1.052603274583816528e-01
-1.073331981897354126e-01
-1.094058305025100708e-01
-1.104634255170822144e-01
-1.114523261785507202e-01
-1.067321151494979858e-01
-9.952531754970550537e-02
-9.200124442577362061e-02
-8.466269075870513916e-02
-7.921279966831207275e-02
-7.492108643054962158e-02
-6.993468105792999268e-02
-7.274474203586578369e-02
-7.129178941249847412e-02
-6.847886741161346436e-02
-6.666515767574310303e-02
-6.593529880046844482e-02
-6.408302485942840576e-02
-6.511943042278289795e-02
-6.589289009571075439e-02
-7.147003710269927979e-02
-7.857967913150787354e-02
-8.868528902530670166e-02
-1.015187054872512817e-01
-1.147266477346420288e-01
-1.296465247869491577e-01
-6.947343051433563232e-02
-5.805747583508491516e-02
-5.187665298581123352e-02
-5.660795047879219055e-02
-5.582355335354804993e-02
-5.425702407956123352e-02
-5.269031599164009094e-02
-5.112384632229804993e-02
-4.956005886197090149e-02
-5.246483162045478821e-02
-5.600993707776069641e-02
-6.236909702420234680e-02
-7.122461497783660889e-02
-8.035080134868621826e-02
-8.947764337062835693e-02
-1.020226329565048218e-01
-1.126196235418319702e-01
-1.225014775991439819e-01
-1.278228610754013062e-01
-1.295319646596908569e-01
-1.252691596746444702e-01
-1.141386479139328003e-01
-1.028968542814254761e-01
-9.153912961483001709e-02
-8.018063008785247803e-02
-6.942670047283172607e-02
-5.917416885495185852e-02
-5.326395109295845032e-02
-5.256884172558784485e-02
-5.258845165371894836e-02
-5.262802913784980774e-02
-5.446677282452583313e-02
-6.199174001812934875e-02
-7.074026763439178467e-02
-7.939235866069793701e-02
-8.788560330867767334e-02
-9.397767484188079834e-02
-9.570352733135223389e-02
-9.393070638179779053e-02
-9.087239205837249756e-02
-8.745019137859344482e-02
-8.413337171077728271e-02
-7.929049432277679443e-02
-7.444743812084197998e-02
-7.051132619380950928e-02
-6.729130446910858154e-02
-6.411699950695037842e-02
-6.325207650661468506e-02
-6.410540640354156494e-02
-6.738136708736419678e-02
-7.276611030101776123e-02
-8.089207112789154053e-02
-8.459036052227020264e-02
-8.699630200862884521e-02
-8.674184978008270264e-02
-8.990280330181121826e-02
-9.492014348506927490e-02
-1.015135496854782104e-01
-1.073053330183029175e-01
-1.072206050157546997e-01
-1.071026772260665894e-01
-1.082764714956283569e-01
-1.091945618391036987e-01
-1.117355972528457642e-01
-1.139981299638748169e-01
-1.159343570470809937e-01
-1.178702861070632935e-01
-1.191938370466232300e-01
-1.190521866083145142e-01
-1.222627609968185425e-01
-1.277634948492050171e-01
-1.341460794210433960e-01
-1.389400810003280640e-01
-1.391917616128921509e-01
-1.381018608808517456e-01
-1.369587630033493042e-01
-1.358724087476730347e-01
-1.353933364152908325e-01
-1.348834484815597534e-01
-1.296370774507522583e-01
-1.247792094945907593e-01
-1.199211925268173218e-01
-1.150633543729782104e-01
-1.102055460214614868e-01
-1.053473800420761108e-01
-9.799192845821380615e-02
-8.856223523616790771e-02
-7.913248240947723389e-02
-7.086591422557830811e-02
-6.872545182704925537e-02
-6.950239837169647217e-02
-7.027943432331085205e-02
-7.105617225170135498e-02
-7.247038185596466064e-02
-7.403291761875152588e-02
-7.858206331729888916e-02
-8.309413492679595947e-02
-8.532892167568206787e-02
-8.774305880069732666e-02
-9.015615284442901611e-02
-9.956599771976470947e-02
-1.060079187154769897e-01
-1.108070462942123413e-01
-1.129404455423355103e-01
-1.150720864534378052e-01
-1.165771037340164185e-01
-1.175897866487503052e-01
-1.191281527280807495e-01
-1.146202534437179565e-01
-1.073042601346969604e-01
-1.000276058912277222e-01
-9.328369796276092529e-02
-8.870594203472137451e-02
-8.300821483135223389e-02
-7.763721048831939697e-02
-7.269711792469024658e-02
-7.017005980014801025e-02
-6.805785000324249268e-02
-6.730262935161590576e-02
-6.634484231472015381e-02
-6.416015326976776123e-02
-6.458692252635955811e-02
-6.572394073009490967e-02
-7.280938327312469482e-02
-7.967491447925567627e-02
-9.145905077457427979e-02
-1.042159348726272583e-01
-1.183697134256362915e-01
-1.319667547941207886e-01
-6.887696683406829834e-02
-5.944382026791572571e-02
-5.378471687436103821e-02
-5.851535871624946594e-02
-5.988698080182075500e-02
-5.832051113247871399e-02
-5.675439909100532532e-02
-5.518751218914985657e-02
-5.362098291516304016e-02
-5.599736049771308899e-02
-5.942576006054878235e-02
-6.320975720882415771e-02
-7.013110816478729248e-02
-7.925777137279510498e-02
-8.838413655757904053e-02
-9.989427030086517334e-02
-1.097743958234786987e-01
-1.196900457143783569e-01
-1.264552921056747437e-01
-1.284207552671432495e-01
-1.271367520093917847e-01
-1.177306026220321655e-01
-1.062151640653610229e-01
-9.477214515209197998e-02
-8.341376483440399170e-02
-7.256816327571868896e-02
-6.231545284390449524e-02
-5.559473112225532532e-02
-5.489950254559516907e-02
-5.493604019284248352e-02
-5.497514083981513977e-02
-5.560057237744331360e-02
-6.283722817897796631e-02
-7.223854959011077881e-02
-8.108185231685638428e-02
-8.973412215709686279e-02
-9.785501658916473389e-02
-1.027327626943588257e-01
-1.022606343030929565e-01
-1.003159731626510620e-01
-9.689365327358245850e-02
-9.241126477718353271e-02
-8.711819350719451904e-02
-8.227525651454925537e-02
-7.743279635906219482e-02
-7.406114041805267334e-02
-7.106183469295501709e-02
-6.809790432453155518e-02
-7.037742435932159424e-02
-7.472880184650421143e-02
-8.094303309917449951e-02
-8.959503471851348877e-02
-9.466801583766937256e-02
-9.741817414760589600e-02
-9.730754792690277100e-02
-9.744466841220855713e-02
-1.029765158891677856e-01
-1.093507260084152222e-01
-1.160140484571456909e-01
-1.165861934423446655e-01
-1.160274296998977661e-01
-1.149666458368301392e-01
-1.143583208322525024e-01
-1.155199855566024780e-01
-1.177561134099960327e-01
-1.196923106908798218e-01
-1.216261237859725952e-01
-1.219116896390914917e-01
-1.211027055978775024e-01
-1.226988285779953003e-01
-1.272971481084823608e-01
-1.307816356420516968e-01
-1.298140734434127808e-01
-1.286695152521133423e-01
-1.275247186422348022e-01
-1.242230981588363647e-01
-1.230203658342361450e-01
-1.235752552747726440e-01
-1.270454376935958862e-01
-1.252347677946090698e-01
-1.203766018152236938e-01
-1.155184656381607056e-01
-1.106606572866439819e-01
-1.058026701211929321e-01
-9.928320348262786865e-02
-8.985383808612823486e-02
-8.042408525943756104e-02
-7.323773205280303955e-02
-6.647376716136932373e-02
-6.106494739651679993e-02
-6.184189394116401672e-02
-6.261901557445526123e-02
-6.397758424282073975e-02
-6.554000079631805420e-02
-6.731648743152618408e-02
-7.326097786426544189e-02
-7.830859720706939697e-02
-8.088345825672149658e-02
-8.329750597476959229e-02
-8.899743854999542236e-02
-1.003954857587814331e-01
-1.073646992444992065e-01
-1.135685294866561890e-01
-1.197338551282882690e-01
-1.228597909212112427e-01
-1.239876896142959595e-01
-1.253903061151504517e-01
-1.269484311342239380e-01
-1.225490719079971313e-01
-1.153927594423294067e-01
-1.086963266134262085e-01
-1.023253649473190308e-01
-9.662757813930511475e-02
-9.092997014522552490e-02
-8.533988893032073975e-02
-8.040465414524078369e-02
-6.987167894840240479e-02
-6.867046654224395752e-02
-6.794048845767974854e-02
-6.457461416721343994e-02
-6.386952102184295654e-02
-6.334547698497772217e-02
-6.633578240871429443e-02
-7.390515506267547607e-02
-8.151613175868988037e-02
-9.427328407764434814e-02
-1.073306947946548462e-01
-1.209544092416763306e-01
-1.345453411340713501e-01
-6.828068196773529053e-02
-6.071053817868232727e-02
-5.569248273968696594e-02
-6.042288616299629211e-02
-6.395070254802703857e-02
-6.238459423184394836e-02
-6.081782653927803040e-02
-5.925093963742256165e-02
-5.768488720059394836e-02
-5.953018739819526672e-02
-6.284157931804656982e-02
-6.662540137767791748e-02
-7.040958106517791748e-02
-7.816444337368011475e-02
-8.729092776775360107e-02
-9.724436700344085693e-02
-1.071239560842514038e-01
-1.169151514768600464e-01
-1.237886399030685425e-01
-1.264460533857345581e-01
-1.271885484457015991e-01
-1.221841424703598022e-01
-1.106691211462020874e-01
-9.915326535701751709e-02
-8.763788640499114990e-02
-7.654337584972381592e-02
-6.613396108150482178e-02
-5.844615772366523743e-02
-5.760728195309638977e-02
-5.749009922146797180e-02
-5.737232044339179993e-02
-5.801426246762275696e-02
-6.430856883525848389e-02
-7.308350503444671631e-02
-8.248494565486907959e-02
-9.142409265041351318e-02
-1.000758856534957886e-01
-1.066716760396957397e-01
-1.105902642011642456e-01
-1.088175624608993530e-01
-1.063372343778610229e-01
-1.010708063840866089e-01
-9.527079761028289795e-02
-9.010325372219085693e-02
-8.526049554347991943e-02
-8.100055158138275146e-02
-7.800768315792083740e-02
-7.535503804683685303e-02
-7.531271874904632568e-02
-7.910175621509552002e-02
-8.756335079669952393e-02
-9.789301455020904541e-02
-1.045728474855422974e-01
-1.078397184610366821e-01
-1.075358539819717407e-01
-1.073075979948043823e-01
-1.109823435544967651e-01
-1.173538714647293091e-01
-1.233902722597122192e-01
-1.236261576414108276e-01
-1.216769665479660034e-01
-1.201143711805343628e-01
-1.195029467344284058e-01
-1.192819327116012573e-01
-1.214892417192459106e-01
-1.234221607446670532e-01
-1.251929849386215210e-01
-1.240929812192916870e-01
-1.223783344030380249e-01
-1.216336041688919067e-01
-1.214301437139511108e-01
-1.203799992799758911e-01
-1.192353516817092896e-01
-1.170657128095626831e-01
-1.133639067411422729e-01
-1.109404414892196655e-01
-1.127363890409469604e-01
-1.162063926458358765e-01
-1.196763366460800171e-01
-1.207798570394515991e-01
-1.159742325544357300e-01
-1.111160963773727417e-01
-1.062580794095993042e-01
-1.005748063325881958e-01
-9.114505350589752197e-02
-8.205173909664154053e-02
-7.560880482196807861e-02
-6.916578114032745361e-02
-6.199236586689949036e-02
-5.403794720768928528e-02
-5.418156459927558899e-02
-5.548470094799995422e-02
-5.819635465741157532e-02
-6.123774126172065735e-02
-6.472490727901458740e-02
-7.058934867382049561e-02
-7.402454316616058350e-02
-7.643799483776092529e-02
-8.033536374568939209e-02
-9.043775498867034912e-02
-1.016412228345870972e-01
-1.092892140150070190e-01
-1.155311614274978638e-01
-1.216963082551956177e-01
-1.269920319318771362e-01
-1.315391510725021362e-01
-1.334750503301620483e-01
-1.349043399095535278e-01
-1.307575255632400513e-01
-1.241090446710586548e-01
-1.169778853654861450e-01
-1.102467626333236694e-01
-1.045487374067306519e-01
-9.885142743587493896e-02
-9.324882924556732178e-02
-8.904825150966644287e-02
-7.891033589839935303e-02
-6.930793821811676025e-02
-6.827379763126373291e-02
-6.305237114429473877e-02
-6.266821920871734619e-02
-6.225459650158882141e-02
-6.842617690563201904e-02
-7.500009238719940186e-02
-8.407585322856903076e-02
-9.602622687816619873e-02
-1.099469512701034546e-01
-1.235382705926895142e-01
-1.350710541009902954e-01
-6.768338382244110107e-02
-6.011359766125679016e-02
-5.759977176785469055e-02
-6.233035400509834290e-02
-6.706099212169647217e-02
-6.644801795482635498e-02
-6.488125026226043701e-02
-6.331489980220794678e-02
-6.174825504422187805e-02
-6.306229531764984131e-02
-6.625734269618988037e-02
-7.004140317440032959e-02
-7.382522523403167725e-02
-7.839851081371307373e-02
-8.607243001461029053e-02
-9.424035251140594482e-02
-1.038923114538192749e-01
-1.133457869291305542e-01
-1.204526871442794800e-01
-1.239036768674850464e-01
-1.254135817289352417e-01
-1.245722621679306030e-01
-1.151223629713058472e-01
-1.036069840192794800e-01
-9.209184348583221436e-02
-8.090464770793914795e-02
-7.049529254436492920e-02
-6.199728325009346008e-02
-6.117515638470649719e-02
-6.105749681591987610e-02
-6.093995645642280579e-02
-6.226747110486030579e-02
-6.567494571208953857e-02
-7.459728419780731201e-02
-8.397202193737030029e-02
-9.321688115596771240e-02
-1.020943969488143921e-01
-1.094979494810104370e-01
-1.148134917020797729e-01
-1.171476095914840698e-01
-1.151242107152938843e-01
-1.097301095724105835e-01
-1.039303988218307495e-01
-9.813027083873748779e-02
-9.320633113384246826e-02
-8.859036862850189209e-02
-8.495269715785980225e-02
-8.261220157146453857e-02
-8.092732727527618408e-02
-8.308841288089752197e-02
-9.173528850078582764e-02
-1.024711877107620239e-01
-1.127845495939254761e-01
-1.178260296583175659e-01
-1.183482259511947632e-01
-1.180068105459213257e-01
-1.186656504869461060e-01
-1.229094713926315308e-01
-1.277465373277664185e-01
-1.286331266164779663e-01
-1.273099333047866821e-01
-1.253607422113418579e-01
-1.246376186609268188e-01
-1.240261644124984741e-01
-1.252181977033615112e-01
-1.263810843229293823e-01
-1.261167675256729126e-01
-1.245266348123550415e-01
-1.222456544637680054e-01
-1.149272471666336060e-01
-1.109456866979598999e-01
-1.098008602857589722e-01
-1.062863320112228394e-01
-1.028915196657180786e-01
-9.971435368061065674e-02
-1.018969863653182983e-01
-1.053669303655624390e-01
-1.088371127843856812e-01
-1.123070567846298218e-01
-1.157480925321578979e-01
-1.115712374448776245e-01
-1.067135483026504517e-01
-1.015662997961044312e-01
-9.243629872798919678e-02
-8.442322909832000732e-02
-7.798020541667938232e-02
-7.153718173503875732e-02
-6.509403884410858154e-02
-5.751096084713935852e-02
-5.047692731022834778e-02
-4.939140751957893372e-02
-5.243279412388801575e-02
-5.547435954213142395e-02
-5.851601436734199524e-02
-6.227587535977363586e-02
-6.731952726840972900e-02
-6.986655294895172119e-02
-7.277558743953704834e-02
-8.092583715915679932e-02
-9.162421524524688721e-02
-1.032965928316116333e-01
-1.112139672040939331e-01
-1.174936741590499878e-01
-1.232507377862930298e-01
-1.284356862306594849e-01
-1.337243169546127319e-01
-1.405362337827682495e-01
-1.432291716337203979e-01
-1.394051164388656616e-01
-1.320589929819107056e-01
-1.242388635873794556e-01
-1.181680709123611450e-01
-1.124704629182815552e-01
-1.069576889276504517e-01
-1.021441072225570679e-01
-9.787414968013763428e-02
-8.945600688457489014e-02
-7.562379539012908936e-02
-6.637100875377655029e-02
-6.218465045094490051e-02
-6.152893975377082825e-02
-6.231756880879402161e-02
-6.967331469058990479e-02
-7.552428543567657471e-02
-8.526043593883514404e-02
-9.893946349620819092e-02
-1.107863038778305054e-01
-1.199336498975753784e-01
-1.269009560346603394e-01
-6.708614528179168701e-02
-5.951683595776557922e-02
-5.950729921460151672e-02
-6.423799693584442139e-02
-6.896845996379852295e-02
-7.051162421703338623e-02
-6.894521415233612061e-02
-6.737820804119110107e-02
-6.581173837184906006e-02
-6.659452617168426514e-02
-6.967328488826751709e-02
-7.340364158153533936e-02
-7.695887982845306396e-02
-8.051447570323944092e-02
-8.613477647304534912e-02
-9.149895608425140381e-02
-1.006276458501815796e-01
-1.097943037748336792e-01
-1.171144694089889526e-01
-1.203668564558029175e-01
-1.231273859739303589e-01
-1.237926930189132690e-01
-1.190552562475204468e-01
-1.080604046583175659e-01
-9.654508531093597412e-02
-8.526633679866790771e-02
-7.485692203044891357e-02
-6.554900109767913818e-02
-6.474272906780242920e-02
-6.462500989437103271e-02
-6.463997066020965576e-02
-6.666927039623260498e-02
-6.918947398662567139e-02
-7.597164809703826904e-02
-8.592896163463592529e-02
-9.528206288814544678e-02
-1.045269221067428589e-01
-1.124693006277084351e-01
-1.190581768751144409e-01
-1.239984482526779175e-01
-1.235832422971725464e-01
-1.191426962614059448e-01
-1.131830066442489624e-01
-1.072895973920822144e-01
-1.015565842390060425e-01
-9.670732915401458740e-02
-9.195102751255035400e-02
-8.984200656414031982e-02
-8.816431462764739990e-02
-8.783735334873199463e-02
-9.533248841762542725e-02
-1.063245087862014771e-01
-1.180077344179153442e-01
-1.250993758440017700e-01
-1.281295269727706909e-01
-1.263717263936996460e-01
-1.262398213148117065e-01
-1.272729486227035522e-01
-1.321100741624832153e-01
-1.334254890680313110e-01
-1.329431980848312378e-01
-1.309941858053207397e-01
-1.297725290060043335e-01
-1.281331032514572144e-01
-1.266975253820419312e-01
-1.274354606866836548e-01
-1.266749352216720581e-01
-1.220604628324508667e-01
-1.145522445440292358e-01
-1.067217141389846802e-01
-9.993042051792144775e-02
-9.581439197063446045e-02
-9.241957962512969971e-02
-9.071235358715057373e-02
-9.168721735477447510e-02
-9.452800452709197998e-02
-9.799782931804656982e-02
-1.014678627252578735e-01
-1.049378067255020142e-01
-1.084076613187789917e-01
-1.071686297655105591e-01
-1.022696644067764282e-01
-9.372757375240325928e-02
-8.679436147212982178e-02
-8.035130798816680908e-02
-7.390861213207244873e-02
-6.815643608570098877e-02
-6.315474212169647217e-02
-5.667959526181221008e-02
-5.061935260891914368e-02
-4.666917398571968079e-02
-4.983415082097053528e-02
-5.299871042370796204e-02
-5.616380646824836731e-02
-5.992900207638740540e-02
-6.333605945110321045e-02
-6.587262451648712158e-02
-7.336004078388214111e-02
-8.165188133716583252e-02
-9.327940642833709717e-02
-1.049515753984451294e-01
-1.131382435560226440e-01
-1.194844990968704224e-01
-1.246946305036544800e-01
-1.298796981573104858e-01
-1.356983631849288940e-01
-1.437206119298934937e-01
-1.483487039804458618e-01
-1.470147520303726196e-01
-1.391995400190353394e-01
-1.316716521978378296e-01
-1.260346621274948120e-01
-1.206669658422470093e-01
-1.158859580755233765e-01
-1.111888140439987183e-01
-1.070545166730880737e-01
-1.000016182661056519e-01
-8.565314114093780518e-02
-6.638284027576446533e-02
-6.101538613438606262e-02
-6.039010360836982727e-02
-6.435717642307281494e-02
-6.975011527538299561e-02
-7.515357434749603271e-02
-8.619900047779083252e-02
-9.661410748958587646e-02
-1.036797612905502319e-01
-1.106474250555038452e-01
-1.176148504018783569e-01
-6.648962199687957764e-02
-5.891995504498481750e-02
-5.981915071606636047e-02
-6.614558398723602295e-02
-7.087622582912445068e-02
-7.457552850246429443e-02
-7.300876080989837646e-02
-7.144211232662200928e-02
-6.987504661083221436e-02
-6.991706788539886475e-02
-7.265006005764007568e-02
-7.620547711849212646e-02
-7.976065576076507568e-02
-8.331613242626190186e-02
-8.744530379772186279e-02
-9.142218530178070068e-02
-9.729407727718353271e-02
-1.062157005071640015e-01
-1.137725561857223511e-01
-1.168297976255416870e-01
-1.198769658803939819e-01
-1.220887154340744019e-01
-1.210510581731796265e-01
-1.117176264524459839e-01
-1.007705777883529663e-01
-8.962778747081756592e-02
-7.921843230724334717e-02
-6.910030543804168701e-02
-6.831024587154388428e-02
-6.818960607051849365e-02
-6.888459622859954834e-02
-7.106231153011322021e-02
-7.332389056682586670e-02
-7.741586863994598389e-02
-8.654288947582244873e-02
-9.723918139934539795e-02
-1.065669506788253784e-01
-1.148396581411361694e-01
-1.220005601644515991e-01
-1.285881251096725464e-01
-1.313377469778060913e-01
-1.280103176832199097e-01
-1.230480521917343140e-01
-1.173155158758163452e-01
-1.115826219320297241e-01
-1.059019416570663452e-01
-1.011792570352554321e-01
-9.811542928218841553e-02
-9.630481898784637451e-02
-9.477861225605010986e-02
-9.922526776790618896e-02
-1.105943471193313599e-01
-1.217034906148910522e-01
-1.274280995130538940e-01
-1.311513334512710571e-01
-1.329532414674758911e-01
-1.336321383714675903e-01
-1.332032233476638794e-01
-1.364739090204238892e-01
-1.385113149881362915e-01
-1.379698961973190308e-01
-1.353418678045272827e-01
-1.324000209569931030e-01
-1.305665224790573120e-01
-1.278764456510543823e-01
-1.281262487173080444e-01
-1.218753904104232788e-01
-1.141652911901473999e-01
-1.063345223665237427e-01
-9.630911052227020264e-02
-8.705778419971466064e-02
-8.194749057292938232e-02
-8.177416026592254639e-02
-8.210091292858123779e-02
-8.368845283985137939e-02
-8.715863525867462158e-02
-9.062875807285308838e-02
-9.409879148006439209e-02
-9.756867587566375732e-02
-1.010387390851974487e-01
-1.025919765233993530e-01
-9.560863673686981201e-02
-8.916576206684112549e-02
-8.318509161472320557e-02
-7.822109758853912354e-02
-7.325746119022369385e-02
-6.829379498958587646e-02
-6.296409666538238525e-02
-5.697156861424446106e-02
-5.140488222241401672e-02
-4.583816602826118469e-02
-4.756416752934455872e-02
-5.072878673672676086e-02
-5.389355495572090149e-02
-5.680524185299873352e-02
-5.934228375554084778e-02
-6.579358875751495361e-02
-7.383997738361358643e-02
-8.326242864131927490e-02
-9.493453800678253174e-02
-1.066070050001144409e-01
-1.155321747064590454e-01
-1.209027916193008423e-01
-1.261387020349502563e-01
-1.314016431570053101e-01
-1.387876123189926147e-01
-1.474089175462722778e-01
-1.497615724802017212e-01
-1.481963843107223511e-01
-1.442903131246566772e-01
-1.394726186990737915e-01
-1.342007368803024292e-01
-1.295130103826522827e-01
-1.248769909143447876e-01
-1.202340275049209595e-01
-1.165276020765304565e-01
-1.102934926748275757e-01
-9.315286576747894287e-02
-7.377626001834869385e-02
-5.979441478848457336e-02
-6.031029298901557922e-02
-6.397642195224761963e-02
-6.810180842876434326e-02
-7.225234806537628174e-02
-8.060242235660552979e-02
-8.742584288120269775e-02
-9.439374506473541260e-02
-1.013614684343338013e-01
-1.083289831876754761e-01
-6.589321792125701904e-02
-5.832295492291450500e-02
-5.974351242184638977e-02
-6.805305182933807373e-02
-7.278339564800262451e-02
-7.751373946666717529e-02
-7.693336904048919678e-02
-7.513837516307830811e-02
-7.334350049495697021e-02
-7.283507287502288818e-02
-7.551132142543792725e-02
-7.900731265544891357e-02
-8.256249129772186279e-02
-8.611802756786346436e-02
-8.937625586986541748e-02
-9.215180575847625732e-02
-9.639655053615570068e-02
-1.027118414640426636e-01
-1.101735681295394897e-01
-1.132916659116744995e-01
-1.163359135389328003e-01
-1.193796247243881226e-01
-1.202608197927474976e-01
-1.153125017881393433e-01
-1.043627113103866577e-01
-9.346525371074676514e-02
-8.355705440044403076e-02
-7.314459979534149170e-02
-7.184903323650360107e-02
-7.172827422618865967e-02
-7.325766980648040771e-02
-7.543532550334930420e-02
-7.761274278163909912e-02
-8.071647584438323975e-02
-8.785115182399749756e-02
-9.784244000911712646e-02
-1.085390895605087280e-01
-1.169373244047164917e-01
-1.242747157812118530e-01
-1.313053220510482788e-01
-1.355157345533370972e-01
-1.367468684911727905e-01
-1.326267570257186890e-01
-1.273417025804519653e-01
-1.216090768575668335e-01
-1.158761829137802124e-01
-1.106035858392715454e-01
-1.071388572454452515e-01
-1.047784537076950073e-01
-1.033615618944168091e-01
-1.029269844293594360e-01
-1.118762940168380737e-01
-1.230736225843429565e-01
-1.299036294221878052e-01
-1.343013197183609009e-01
-1.381994634866714478e-01
-1.390365213155746460e-01
-1.410539001226425171e-01
-1.410553604364395142e-01
-1.422825902700424194e-01
-1.403468400239944458e-01
-1.383418589830398560e-01
-1.351024061441421509e-01
-1.332760006189346313e-01
-1.279707401990890503e-01
-1.215706616640090942e-01
-1.137780696153640747e-01
-1.054309755563735962e-01
-9.488393366336822510e-02
-8.480335772037506104e-02
-7.643674314022064209e-02
-7.301609218120574951e-02
-7.316301763057708740e-02
-7.381482422351837158e-02
-7.631956040859222412e-02
-7.978929579257965088e-02
-8.325959742069244385e-02
-8.672963082790374756e-02
-9.019963443279266357e-02
-9.366939961910247803e-02
-9.698916971683502197e-02
-9.324957430362701416e-02
-8.828596770763397217e-02
-8.336301147937774658e-02
-7.852248847484588623e-02
-7.368187606334686279e-02
-6.884135305881500244e-02
-6.344695389270782471e-02
-5.788024142384529114e-02
-5.231388285756111145e-02
-4.674692824482917786e-02
-4.529370740056037903e-02
-4.845841601490974426e-02
-5.118804052472114563e-02
-5.281134322285652161e-02
-5.822755768895149231e-02
-6.638486683368682861e-02
-7.411946356296539307e-02
-8.491773903369903564e-02
-9.658969938755035400e-02
-1.091468483209609985e-01
-1.169836968183517456e-01
-1.223084181547164917e-01
-1.275824159383773804e-01
-1.340089291334152222e-01
-1.422477811574935913e-01
-1.495804935693740845e-01
-1.509811729192733765e-01
-1.492296308279037476e-01
-1.453230828046798706e-01
-1.434796303510665894e-01
-1.427336782217025757e-01
-1.384375840425491333e-01
-1.338012665510177612e-01
-1.297098249197006226e-01
-1.258264929056167603e-01
-1.199234277009963989e-01
-1.005467027425765991e-01
-8.168829977512359619e-02
-6.740598380565643311e-02
-5.797697976231575012e-02
-5.931668356060981750e-02
-6.030540540814399719e-02
-6.467647850513458252e-02
-7.146833837032318115e-02
-7.813958823680877686e-02
-8.510734140872955322e-02
-9.207518398761749268e-02
-9.907205402851104736e-02
-6.529621779918670654e-02
-5.772601440548896790e-02
-5.966841056942939758e-02
-6.880430877208709717e-02
-7.439534366130828857e-02
-7.889764010906219482e-02
-8.038328588008880615e-02
-7.858781516551971436e-02
-7.679294049739837646e-02
-7.575391232967376709e-02
-7.842777669429779053e-02
-8.180360496044158936e-02
-8.535622060298919678e-02
-8.890841901302337646e-02
-9.158258140087127686e-02
-9.286396205425262451e-02
-9.588293731212615967e-02
-1.021240800619125366e-01
-1.070608943700790405e-01
-1.097262948751449585e-01
-1.127698272466659546e-01
-1.158137768507003784e-01
-1.186742037534713745e-01
-1.174868792295455933e-01
-1.079425662755966187e-01
-9.699259698390960693e-02
-8.710901439189910889e-02
-7.726536691188812256e-02
-7.538770139217376709e-02
-7.552067935466766357e-02
-7.763104140758514404e-02
-7.980857789516448975e-02
-8.198593556880950928e-02
-8.454535901546478271e-02
-8.923403918743133545e-02
-9.844677150249481201e-02
-1.091428846120834351e-01
-1.189926713705062866e-01
-1.263722628355026245e-01
-1.327004283666610718e-01
-1.376601010560989380e-01
-1.418186873197555542e-01
-1.415392011404037476e-01
-1.373680680990219116e-01
-1.316354125738143921e-01
-1.259026080369949341e-01
-1.207659989595413208e-01
-1.166468709707260132e-01
-1.120675355195999146e-01
-1.089345663785934448e-01
-1.058198958635330200e-01
-1.121420115232467651e-01
-1.244437843561172485e-01
-1.323782950639724731e-01
-1.374571174383163452e-01
-1.431719511747360229e-01
-1.440581530332565308e-01
-1.442203670740127563e-01
-1.447450667619705200e-01
-1.457332819700241089e-01
-1.441134065389633179e-01
-1.420764178037643433e-01
-1.390553563833236694e-01
-1.322508305311203003e-01
-1.240692585706710815e-01
-1.140518933534622192e-01
-1.040440052747726440e-01
-9.380660951137542725e-02
-8.356906473636627197e-02
-7.590000331401824951e-02
-7.003669440746307373e-02
-6.572987139225006104e-02
-6.455145776271820068e-02
-6.578762829303741455e-02
-6.895004212856292725e-02
-7.242004573345184326e-02
-7.589019834995269775e-02
-7.936455309391021729e-02
-8.431391417980194092e-02
-9.079574048519134521e-02
-9.428296983242034912e-02
-9.363292157649993896e-02
-8.879221975803375244e-02
-8.395184576511383057e-02
-7.911132276058197021e-02
-7.427044212818145752e-02
-6.967823207378387451e-02
-6.435598433017730713e-02
-5.878924205899238586e-02
-5.322258546948432922e-02
-4.765598848462104797e-02
-4.302336648106575012e-02
-4.618822410702705383e-02
-4.768200591206550598e-02
-5.070738866925239563e-02
-5.881829932332038879e-02
-6.677626073360443115e-02
-7.490076124668121338e-02
-8.657269179821014404e-02
-9.916575253009796143e-02
-1.103744059801101685e-01
-1.183894723653793335e-01
-1.237143725156784058e-01
-1.298193484544754028e-01
-1.370869725942611694e-01
-1.444194167852401733e-01
-1.517518609762191772e-01
-1.522005945444107056e-01
-1.502625793218612671e-01
-1.470059901475906372e-01
-1.462777704000473022e-01
-1.455504745244979858e-01
-1.448225229978561401e-01
-1.428242176771163940e-01
-1.388750225305557251e-01
-1.349492818117141724e-01
-1.272042840719223022e-01
-1.076819151639938354e-01
-8.821482956409454346e-02
-7.230906188488006592e-02
-5.653943493962287903e-02
-4.928492382168769836e-02
-4.930214956402778625e-02
-5.566804483532905579e-02
-6.233428791165351868e-02
-6.899993121623992920e-02
-7.582114636898040771e-02
-8.311738073825836182e-02
-9.020341932773590088e-02
-6.469081342220306396e-02
-5.690203979611396790e-02
-5.913369730114936829e-02
-6.810592114925384521e-02
-7.567660510540008545e-02
-8.017538487911224365e-02
-8.381430804729461670e-02
-8.201579749584197998e-02
-8.021770417690277100e-02
-7.864426076412200928e-02
-8.131740987300872803e-02
-8.457659184932708740e-02
-8.812873065471649170e-02
-9.168128669261932373e-02
-9.377412497997283936e-02
-9.446863830089569092e-02
-9.626631438732147217e-02
-1.015313714742660522e-01
-1.064926236867904663e-01
-1.071222871541976929e-01
-1.092038005590438843e-01
-1.122479885816574097e-01
-1.152919381856918335e-01
-1.166777461767196655e-01
-1.111699789762496948e-01
-1.005724519491195679e-01
-9.059695899486541748e-02
-8.075313270092010498e-02
-7.843832671642303467e-02
-7.982687652111053467e-02
-8.200423419475555420e-02
-8.418165147304534912e-02
-8.635912835597991943e-02
-8.866332471370697021e-02
-9.234575927257537842e-02
-9.971694648265838623e-02
-1.097464114427566528e-01
-1.196579188108444214e-01
-1.284499615430831909e-01
-1.340140551328659058e-01
-1.390601247549057007e-01
-1.442471295595169067e-01
-1.482176333665847778e-01
-1.463685780763626099e-01
-1.416612118482589722e-01
-1.359428018331527710e-01
-1.297392994165420532e-01
-1.235457211732864380e-01
-1.180045455694198608e-01
-1.138139218091964722e-01
-1.106905192136764526e-01
-1.135049909353256226e-01
-1.249253898859024048e-01
-1.340375989675521851e-01
-1.397765725851058960e-01
-1.450067609548568726e-01
-1.469756811857223511e-01
-1.465926617383956909e-01
-1.472222954034805298e-01
-1.464408785104751587e-01
-1.464458554983139038e-01
-1.435879915952682495e-01
-1.369517594575881958e-01
-1.287230998277664185e-01
-1.184392422437667847e-01
-1.039962917566299438e-01
-9.375877678394317627e-02
-8.390237390995025635e-02
-7.738642394542694092e-02
-7.087026536464691162e-02
-6.473408639430999756e-02
-6.024258211255073547e-02
-5.675040557980537415e-02
-5.873756483197212219e-02
-6.205089762806892395e-02
-6.661863625049591064e-02
-7.149292528629302979e-02
-7.725219428539276123e-02
-8.486671745777130127e-02
-8.841748535633087158e-02
-9.190498292446136475e-02
-9.392543137073516846e-02
-8.938105404376983643e-02
-8.454032242298126221e-02
-7.969976961612701416e-02
-7.505224645137786865e-02
-7.083146274089813232e-02
-6.526453793048858643e-02
-5.969821289181709290e-02
-5.413143709301948547e-02
-4.856466129422187805e-02
-4.299821332097053528e-02
-4.335578158497810364e-02
-4.478656128048896790e-02
-5.125241354107856750e-02
-5.943285301327705383e-02
-6.722398102283477783e-02
-7.655559480190277100e-02
-8.917064964771270752e-02
-1.008187383413314819e-01
-1.115108877420425415e-01
-1.198572665452957153e-01
-1.259705871343612671e-01
-1.320322304964065552e-01
-1.392581611871719360e-01
-1.465910524129867554e-01
-1.532745212316513062e-01
-1.534201949834823608e-01
-1.519776433706283569e-01
-1.498227566480636597e-01
-1.490950435400009155e-01
-1.483673006296157837e-01
-1.476393789052963257e-01
-1.472375839948654175e-01
-1.471798866987228394e-01
-1.433472186326980591e-01
-1.331304162740707397e-01
-1.093037575483322144e-01
-9.002880752086639404e-02
-7.222102582454681396e-02
-5.428754165768623352e-02
-4.018830135464668274e-02
-3.984402492642402649e-02
-4.653416946530342102e-02
-5.320029333233833313e-02
-5.986635759472846985e-02
-6.716315448284149170e-02
-7.425175607204437256e-02
-8.111171424388885498e-02
-6.324885785579681396e-02
-5.559878423810005188e-02
-5.841516330838203430e-02
-6.738756597042083740e-02
-7.635931670665740967e-02
-8.143953979015350342e-02
-8.593855798244476318e-02
-8.543680608272552490e-02
-8.363883197307586670e-02
-8.184026181697845459e-02
-8.420698344707489014e-02
-8.734957873821258545e-02
-9.090141952037811279e-02
-9.445391595363616943e-02
-9.596578776836395264e-02
-9.634827077388763428e-02
-9.664909541606903076e-02
-1.009384840726852417e-01
-1.060772389173507690e-01
-1.065741032361984253e-01
-1.070422977209091187e-01
-1.086821407079696655e-01
-1.117256730794906616e-01
-1.146498769521713257e-01
-1.133835762739181519e-01
-1.041521281003952026e-01
-9.408442676067352295e-02
-8.424036204814910889e-02
-8.113209903240203857e-02
-8.343575894832611084e-02
-8.618186414241790771e-02
-8.855472505092620850e-02
-9.073208272457122803e-02
-9.290985763072967529e-02
-9.576703608036041260e-02
-1.011000424623489380e-01
-1.103501766920089722e-01
-1.203229278326034546e-01
-1.289151757955551147e-01
-1.353620737791061401e-01
-1.405491381883621216e-01
-1.457360237836837769e-01
-1.509229391813278198e-01
-1.546166986227035522e-01
-1.496927887201309204e-01
-1.427449434995651245e-01
-1.363751143217086792e-01
-1.302055865526199341e-01
-1.243455857038497925e-01
-1.191960722208023071e-01
-1.155698746442794800e-01
-1.158295422792434692e-01
-1.238549798727035522e-01
-1.329611092805862427e-01
-1.402305811643600464e-01
-1.454767435789108276e-01
-1.496238857507705688e-01
-1.495103985071182251e-01
-1.494575589895248413e-01
-1.492206007242202759e-01
-1.421030312776565552e-01
-1.381967514753341675e-01
-1.331183761358261108e-01
-1.230386942625045776e-01
-1.092245429754257202e-01
-9.505464136600494385e-02
-8.538867533206939697e-02
-7.887272536754608154e-02
-7.235668599605560303e-02
-6.584043800830841064e-02
-5.955426767468452454e-02
-5.506299808621406555e-02
-5.233542993664741516e-02
-5.525760725140571594e-02
-6.017317250370979309e-02
-6.508852541446685791e-02
-7.192723453044891357e-02
-7.972352206707000732e-02
-8.361501991748809814e-02
-8.694548904895782471e-02
-9.027571976184844971e-02
-9.360642731189727783e-02
-9.040503203868865967e-02
-8.540715277194976807e-02
-8.054716885089874268e-02
-7.637043297290802002e-02
-7.173977792263031006e-02
-6.617344915866851807e-02
-6.060703471302986145e-02
-5.504022911190986633e-02
-4.947348311543464661e-02
-4.390709474682807922e-02
-4.046847298741340637e-02
-4.462464526295661926e-02
-5.186392739415168762e-02
-5.988027527928352356e-02
-6.767140328884124756e-02
-7.917489111423492432e-02
-9.126056730747222900e-02
-1.019552797079086304e-01
-1.127711981534957886e-01
-1.221615523099899292e-01
-1.273818463087081909e-01
-1.340344995260238647e-01
-1.414297968149185181e-01
-1.487622112035751343e-01
-1.545411199331283569e-01
-1.553579419851303101e-01
-1.541338413953781128e-01
-1.526398211717605591e-01
-1.519120484590530396e-01
-1.511844843626022339e-01
-1.504485458135604858e-01
-1.502238065004348755e-01
-1.496941298246383667e-01
-1.422818452119827271e-01
-1.315210014581680298e-01
-1.072358638048171997e-01
-8.802150189876556396e-02
-6.809113919734954834e-02
-5.178435519337654114e-02
-3.959356620907783508e-02
-3.073393180966377258e-02
-3.740017488598823547e-02
-4.431747272610664368e-02
-5.165963247418403625e-02
-5.844925716519355774e-02
-6.516025960445404053e-02
-7.201980054378509521e-02
-6.179415062069892883e-02
-5.414377525448799133e-02
-5.756925418972969055e-02
-6.666903197765350342e-02
-7.564090192317962646e-02
-8.270482718944549561e-02
-8.720360696315765381e-02
-8.885727822780609131e-02
-8.705894649028778076e-02
-8.526097238063812256e-02
-8.709625899791717529e-02
-9.012232720851898193e-02
-9.367440640926361084e-02
-9.722678363323211670e-02
-9.805797040462493896e-02
-9.822200238704681396e-02
-9.838031232357025146e-02
-1.003456562757492065e-01
-1.056620329618453979e-01
-1.060266941785812378e-01
-1.064944714307785034e-01
-1.069623678922653198e-01
-1.081597656011581421e-01
-1.112041324377059937e-01
-1.130492538213729858e-01
-1.069297641515731812e-01
-9.757201373577117920e-02
-8.772818744182586670e-02
-8.421795070171356201e-02
-8.696387708187103271e-02
-8.971010148525238037e-02
-9.245644509792327881e-02
-9.510539472103118896e-02
-9.728308022022247314e-02
-9.988488256931304932e-02
-1.039748936891555786e-01
-1.115831285715103149e-01
-1.209881156682968140e-01
-1.287961453199386597e-01
-1.354207843542098999e-01
-1.420383304357528687e-01
-1.472251266241073608e-01
-1.507679671049118042e-01
-1.541724950075149536e-01
-1.549019068479537964e-01
-1.492151767015457153e-01
-1.430110186338424683e-01
-1.368654817342758179e-01
-1.311145275831222534e-01
-1.252777427434921265e-01
-1.190982013940811157e-01
-1.164164990186691284e-01
-1.221606880426406860e-01
-1.314158886671066284e-01
-1.403889507055282593e-01
-1.459602862596511841e-01
-1.510021835565567017e-01
-1.524279564619064331e-01
-1.502350419759750366e-01
-1.461931318044662476e-01
-1.368337720632553101e-01
-1.304152160882949829e-01
-1.217897981405258179e-01
-1.129635125398635864e-01
-1.003473252058029175e-01
-8.959834277629852295e-02
-8.035890758037567139e-02
-7.384271919727325439e-02
-6.732670962810516357e-02
-6.173040345311164856e-02
-5.689655616879463196e-02
-5.400781705975532532e-02
-5.230449512600898743e-02
-5.376883223652839661e-02
-5.870043113827705383e-02
-6.660251319408416748e-02
-7.448373734951019287e-02
-7.912661135196685791e-02
-8.245722949504852295e-02
-8.578760921955108643e-02
-8.911813795566558838e-02
-9.244860708713531494e-02
-9.220494329929351807e-02
-8.729813992977142334e-02
-8.308596909046173096e-02
-7.887406647205352783e-02
-7.367698848247528076e-02
-6.795351207256317139e-02
-6.222986057400703430e-02
-5.650647357106208801e-02
-5.078299716114997864e-02
-4.458068683743476868e-02
-3.991814330220222473e-02
-4.498444870114326477e-02
-5.253722146153450012e-02
-6.032796576619148254e-02
-6.917990744113922119e-02
-8.167164027690887451e-02
-9.239961206912994385e-02
-1.032771021127700806e-01
-1.147990375757217407e-01
-1.232704073190689087e-01
-1.288161426782608032e-01
-1.361676603555679321e-01
-1.436010152101516724e-01
-1.510009914636611938e-01
-1.567346900701522827e-01
-1.575510352849960327e-01
-1.562904566526412964e-01
-1.554567068815231323e-01
-1.547288745641708374e-01
-1.538172215223312378e-01
-1.531968861818313599e-01
-1.496327370405197144e-01
-1.441485732793807983e-01
-1.343034654855728149e-01
-1.210900396108627319e-01
-1.024046391248703003e-01
-8.452267944812774658e-02
-6.404067575931549072e-02
-5.051081255078315735e-02
-3.884952142834663391e-02
-3.101580217480659485e-02
-2.872662618756294250e-02
-3.615914657711982727e-02
-4.295109584927558899e-02
-4.950987175107002258e-02
-5.749242380261421204e-02
-6.631980836391448975e-02
-6.033932045102119446e-02
-5.268924310803413391e-02
-5.663524940609931946e-02
-6.575886905193328857e-02
-7.488213479518890381e-02
-8.389489352703094482e-02
-8.846788108348846436e-02
-9.227810800075531006e-02
-9.047965705394744873e-02
-8.868156373500823975e-02
-8.998595178127288818e-02
-9.289495646953582764e-02
-9.644751250743865967e-02
-9.942685067653656006e-02
-9.993825852870941162e-02
-1.000965088605880737e-01
-1.002542227506637573e-01
-1.004121154546737671e-01
-1.048756092786788940e-01
-1.054785698652267456e-01
-1.059468835592269897e-01
-1.064144223928451538e-01
-1.068826764822006226e-01
-1.076381057500839233e-01
-1.105050295591354370e-01
-1.091433018445968628e-01
-1.010598391294479370e-01
-9.121613204479217529e-02
-8.774624764919281006e-02
-9.049226343631744385e-02
-9.323848783969879150e-02
-9.598471224308013916e-02
-9.873072803020477295e-02
-1.014768630266189575e-01
-1.040029376745223999e-01
-1.073423177003860474e-01
-1.129660159349441528e-01
-1.216533035039901733e-01
-1.288359910249710083e-01
-1.354769915342330933e-01
-1.403361409902572632e-01
-1.451488286256790161e-01
-1.485535055398941040e-01
-1.519578844308853149e-01
-1.553625911474227905e-01
-1.547839194536209106e-01
-1.496470123529434204e-01
-1.432005614042282104e-01
-1.362752169370651245e-01
-1.293499618768692017e-01
-1.224248558282852173e-01
-1.171466857194900513e-01
-1.210082024335861206e-01
-1.297997683286666870e-01
-1.398443728685379028e-01
-1.464438885450363159e-01
-1.514165848493576050e-01
-1.513269990682601929e-01
-1.464329510927200317e-01
-1.415434032678604126e-01
-1.310803443193435669e-01
-1.180597692728042603e-01
-1.106345802545547485e-01
-1.021668463945388794e-01
-9.334529936313629150e-02
-8.513157069683074951e-02
-7.624368369579315186e-02
-7.118819653987884521e-02
-6.627447903156280518e-02
-6.136070564389228821e-02
-5.644692853093147278e-02
-5.375154688954353333e-02
-5.302708223462104797e-02
-5.457155779004096985e-02
-6.127863004803657532e-02
-6.918086111545562744e-02
-7.463847100734710693e-02
-7.796882092952728271e-02
-8.129937946796417236e-02
-8.462987840175628662e-02
-8.796061575412750244e-02
-9.129096567630767822e-02
-9.363074600696563721e-02
-8.983679115772247314e-02
-8.562459051609039307e-02
-8.141274750232696533e-02
-7.580618560314178467e-02
-7.008258998394012451e-02
-6.435890495777130127e-02
-5.863564088940620422e-02
-5.291228368878364563e-02
-4.837294295430183411e-02
-4.454873874783515930e-02
-4.682006314396858215e-02
-5.397825315594673157e-02
-6.261993944644927979e-02
-7.256506383419036865e-02
-8.336700499057769775e-02
-9.414957463741302490e-02
-1.052866131067276001e-01
-1.154696792364120483e-01
-1.241588741540908813e-01
-1.308292001485824585e-01
-1.383014768362045288e-01
-1.459299176931381226e-01
-1.541548222303390503e-01
-1.591246575117111206e-01
-1.597439199686050415e-01
-1.590013056993484497e-01
-1.582953780889511108e-01
-1.574744135141372681e-01
-1.536142379045486450e-01
-1.490518897771835327e-01
-1.441782861948013306e-01
-1.342739313840866089e-01
-1.212234348058700562e-01
-1.084154695272445679e-01
-9.308840334415435791e-02
-7.687588036060333252e-02
-6.186281517148017883e-02
-4.983102157711982727e-02
-3.805257752537727356e-02
-3.243624046444892883e-02
-2.682017162442207336e-02
-2.835517004132270813e-02
-3.694181516766548157e-02
-4.528169706463813782e-02
-5.357335880398750305e-02
-6.228636577725410461e-02
-5.888389423489570618e-02
-5.123387649655342102e-02
-5.570213869214057922e-02
-6.482540071010589600e-02
-7.394866645336151123e-02
-8.307234942913055420e-02
-8.973263204097747803e-02
-9.423135221004486084e-02
-9.390018880367279053e-02
-9.210245311260223389e-02
-9.287540614604949951e-02
-9.566788375377655029e-02
-9.922008216381072998e-02
-1.016183346509933472e-01
-1.018124073743820190e-01
-1.019703000783920288e-01
-1.021284908056259155e-01
-1.022863239049911499e-01
-1.040840595960617065e-01
-1.049305051565170288e-01
-1.053988784551620483e-01
-1.058669537305831909e-01
-1.063348501920700073e-01
-1.068028062582015991e-01
-1.072708815336227417e-01
-1.087580770254135132e-01
-1.032952517271041870e-01
-9.473480284214019775e-02
-9.127451479434967041e-02
-9.402050077915191650e-02
-9.676681458950042725e-02
-9.951274096965789795e-02
-1.022589355707168579e-01
-1.050050705671310425e-01
-1.077513545751571655e-01
-1.111064702272415161e-01
-1.156493872404098511e-01
-1.227030307054519653e-01
-1.269707828760147095e-01
-1.318298429250717163e-01
-1.366892009973526001e-01
-1.415482908487319946e-01
-1.463391035795211792e-01
-1.497435718774795532e-01
-1.531868427991867065e-01
-1.567601412534713745e-01
-1.538995653390884399e-01
-1.472679525613784790e-01
-1.403429657220840454e-01
-1.334178000688552856e-01
-1.264924854040145874e-01
-1.195674389600753784e-01
-1.207758337259292603e-01
-1.287859827280044556e-01
-1.390145868062973022e-01
-1.452405601739883423e-01
-1.459163874387741089e-01
-1.460064798593521118e-01
-1.423646956682205200e-01
-1.338060349225997925e-01
-1.221173554658889771e-01
-1.093429177999496460e-01
-1.013537198305130005e-01
-9.563966095447540283e-02
-8.871598541736602783e-02
-8.152444660663604736e-02
-7.491718232631683350e-02
-7.074935734272003174e-02
-6.590493023395538330e-02
-6.099091842770576477e-02
-5.607743933796882629e-02
-5.381636694073677063e-02
-5.592592433094978333e-02
-5.916734412312507629e-02
-6.385646760463714600e-02
-7.015024125576019287e-02
-7.348079979419708252e-02
-7.681109011173248291e-02
-8.014164865016937256e-02
-8.347217738628387451e-02
-8.680279552936553955e-02
-9.013311564922332764e-02
-9.422002732753753662e-02
-9.237553179264068604e-02
-8.816353976726531982e-02
-8.365853130817413330e-02
-7.793526351451873779e-02
-7.221181690692901611e-02
-6.648840010166168213e-02
-6.076459959149360657e-02
-5.707668140530586243e-02
-5.304260924458503723e-02
-4.955904558300971985e-02
-4.825713112950325012e-02
-5.667527392506599426e-02
-6.533755362033843994e-02
-7.518856227397918701e-02
-8.603276312351226807e-02
-9.694214165210723877e-02
-1.071252375841140747e-01
-1.173085719347000122e-01
-1.267158836126327515e-01
-1.339214295148849487e-01
-1.414841264486312866e-01
-1.497246474027633667e-01
-1.579382270574569702e-01
-1.618458777666091919e-01
-1.621116250753402710e-01
-1.619106382131576538e-01
-1.587496548891067505e-01
-1.533452719449996948e-01
-1.484716385602951050e-01
-1.427621990442276001e-01
-1.340607255697250366e-01
-1.210752874612808228e-01
-1.076489537954330444e-01
-9.656582772731781006e-02
-8.338646590709686279e-02
-6.663842499256134033e-02
-5.543236806988716125e-02
-4.722191765904426575e-02
-3.986312821507453918e-02
-3.597931936383247375e-02
-3.151046112179756165e-02
-2.676056697964668274e-02
-3.197507932782173157e-02
-4.032723978161811829e-02
-4.904424026608467102e-02
-6.082801893353462219e-02
-5.742948129773139954e-02
-4.977952316403388977e-02
-5.476855114102363586e-02
-6.389205157756805420e-02
-7.301495969295501709e-02
-8.213834464550018311e-02
-9.082935750484466553e-02
-9.547941386699676514e-02
-9.732119739055633545e-02
-9.552310407161712646e-02
-9.576474130153656006e-02
-9.844069182872772217e-02
-1.019931286573410034e-01
-1.035281270742416382e-01
-1.036862581968307495e-01
-1.038443297147750854e-01
-1.040026396512985229e-01
-1.041604131460189819e-01
-1.035801023244857788e-01
-1.043845266103744507e-01
-1.048509329557418823e-01
-1.053190678358078003e-01
-1.057869642972946167e-01
-1.062551587820053101e-01
-1.067230850458145142e-01
-1.069575399160385132e-01
-1.052045971155166626e-01
-9.845294058322906494e-02
-9.480257332324981689e-02
-9.754867851734161377e-02
-1.002949625253677368e-01
-1.030414551496505737e-01
-1.057872921228408813e-01
-1.085333973169326782e-01
-1.112797409296035767e-01
-1.142148226499557495e-01
-1.168034225702285767e-01
-1.198357194662094116e-01
-1.233240216970443726e-01
-1.281829923391342163e-01
-1.330420225858688354e-01
-1.379014104604721069e-01
-1.427604407072067261e-01
-1.466272324323654175e-01
-1.489122062921524048e-01
-1.521576792001724243e-01
-1.556892842054367065e-01
-1.513356417417526245e-01
-1.444104760885238647e-01
-1.374854892492294312e-01
-1.305602341890335083e-01
-1.236352473497390747e-01
-1.209029108285903931e-01
-1.282844394445419312e-01
-1.342904716730117798e-01
-1.380847543478012085e-01
-1.395149677991867065e-01
-1.391298621892929077e-01
-1.337033063173294067e-01
-1.254714578390121460e-01
-1.146017462015151978e-01
-1.072615236043930054e-01
-9.860216081142425537e-02
-9.366638958454132080e-02
-8.641408383846282959e-02
-7.882876694202423096e-02
-7.222138345241546631e-02
-6.667427718639373779e-02
-6.402777135372161865e-02
-6.062136963009834290e-02
-5.597691610455513000e-02
-5.747388675808906555e-02
-6.071530655026435852e-02
-6.395663321018218994e-02
-6.670244038105010986e-02
-6.899257004261016846e-02
-7.232315838336944580e-02
-7.565371692180633545e-02
-7.898391783237457275e-02
-8.231444656848907471e-02
-8.564491569995880127e-02
-8.967615664005279541e-02
-9.379215538501739502e-02
-9.478355944156646729e-02
-9.070245921611785889e-02
-8.578772842884063721e-02
-8.006431162357330322e-02
-7.434077560901641846e-02
-6.861738860607147217e-02
-6.518523395061492920e-02
-6.153665855526924133e-02
-5.787049606442451477e-02
-5.449404194951057434e-02
-5.142109468579292297e-02
-5.939315631985664368e-02
-6.719334423542022705e-02
-7.791630923748016357e-02
-8.859746158123016357e-02
-9.878091514110565186e-02
-1.089640408754348755e-01
-1.191471666097640991e-01
-1.299598067998886108e-01
-1.376124471426010132e-01
-1.458857506513595581e-01
-1.542018502950668335e-01
-1.624532192945480347e-01
-1.654564589262008667e-01
-1.635867804288864136e-01
-1.604781299829483032e-01
-1.542600840330123901e-01
-1.488154083490371704e-01
-1.408701390027999878e-01
-1.326981931924819946e-01
-1.213162392377853394e-01
-1.078692525625228882e-01
-9.537823498249053955e-02
-8.422492444515228271e-02
-7.238803803920745850e-02
-5.666508153080940247e-02
-4.990141466259956360e-02
-4.378651455044746399e-02
-4.161872342228889465e-02
-4.110233858227729797e-02
-3.645049408078193665e-02
-3.170065954327583313e-02
-2.700685337185859680e-02
-3.592501953244209290e-02
-4.769789054989814758e-02
-6.310491263866424561e-02
-5.765764787793159485e-02
-4.832469299435615540e-02
-5.383472517132759094e-02
-6.295822560787200928e-02
-7.208149135112762451e-02
-8.120505511760711670e-02
-9.032861888408660889e-02
-9.652917087078094482e-02
-1.006620377302169800e-01
-9.894363582134246826e-02
-9.865455329418182373e-02
-1.013275831937789917e-01
-1.047658175230026245e-01
-1.054022759199142456e-01
-1.055604070425033569e-01
-1.057185381650924683e-01
-1.058764308691024780e-01
-1.060342043638229370e-01
-1.044117063283920288e-01
-1.040140837430953979e-01
-1.043029576539993286e-01
-1.047711521387100220e-01
-1.052390486001968384e-01
-1.057070046663284302e-01
-1.061751395463943481e-01
-1.066431850194931030e-01
-1.059278100728988647e-01
-1.014089137315750122e-01
-9.833101928234100342e-02
-1.010770052671432495e-01
-1.038231402635574341e-01
-1.065693348646163940e-01
-1.093154102563858032e-01
-1.116449981927871704e-01
-1.126086264848709106e-01
-1.137880831956863403e-01
-1.157970875501632690e-01
-1.177613586187362671e-01
-1.202305704355239868e-01
-1.245360225439071655e-01
-1.293945461511611938e-01
-1.330950111150741577e-01
-1.367322653532028198e-01
-1.403695791959762573e-01
-1.440622657537460327e-01
-1.475548595190048218e-01
-1.511103361845016479e-01
-1.536129564046859741e-01
-1.484783738851547241e-01
-1.415532082319259644e-01
-1.346279531717300415e-01
-1.277030855417251587e-01
-1.214006096124649048e-01
-1.225487142801284790e-01
-1.266279369592666626e-01
-1.307191997766494751e-01
-1.308063417673110962e-01
-1.281899958848953247e-01
-1.257561594247817993e-01
-1.223249882459640503e-01
-1.164531260728836060e-01
-1.084581166505813599e-01
-9.914870560169219971e-02
-9.077362716197967529e-02
-8.377100527286529541e-02
-7.637648284435272217e-02
-6.952576339244842529e-02
-6.291829049587249756e-02
-5.995254591107368469e-02
-5.865539982914924622e-02
-5.952011421322822571e-02
-6.226332858204841614e-02
-6.550465524196624756e-02
-6.857173144817352295e-02
-6.747911870479583740e-02
-6.783466041088104248e-02
-7.116542756557464600e-02
-7.449586689472198486e-02
-7.782624661922454834e-02
-8.115683495998382568e-02
-8.513240516185760498e-02
-8.924822509288787842e-02
-9.336434304714202881e-02
-9.691326320171356201e-02
-9.324125945568084717e-02
-8.791674673557281494e-02
-8.219330012798309326e-02
-7.647000253200531006e-02
-7.247789204120635986e-02
-6.991578638553619385e-02
-6.629554927349090576e-02
-6.323237717151641846e-02
-6.015958264470100403e-02
-5.730520561337471008e-02
-6.168823316693305969e-02
-6.982083618640899658e-02
-8.025304973125457764e-02
-9.043635427951812744e-02
-1.006194204092025757e-01
-1.108025163412094116e-01
-1.215212494134902954e-01
-1.337408572435379028e-01
-1.420466750860214233e-01
-1.503629535436630249e-01
-1.586789339780807495e-01
-1.652187854051589966e-01
-1.640139669179916382e-01
-1.608459502458572388e-01
-1.553454250097274780e-01
-1.473246663808822632e-01
-1.389184743165969849e-01
-1.305122226476669312e-01
-1.213422566652297974e-01
-1.079653650522232056e-01
-9.471006691455841064e-02
-8.335177600383758545e-02
-7.512228190898895264e-02
-6.607274711132049561e-02
-5.474438145756721497e-02
-4.864000156521797180e-02
-4.229899123311042786e-02
-4.119350388646125793e-02
-4.019774869084358215e-02
-3.919951990246772766e-02
-3.664057329297065735e-02
-3.350387886166572571e-02
-3.530721738934516907e-02
-4.996024444699287415e-02
-6.542901694774627686e-02
-6.033842638134956360e-02
-5.025624111294746399e-02
-5.396400764584541321e-02
-6.202470138669013977e-02
-7.114826142787933350e-02
-8.027164638042449951e-02
-8.939491212368011475e-02
-9.757880866527557373e-02
-1.022287458181381226e-01
-1.022205203771591187e-01
-1.015439480543136597e-01
-1.042172759771347046e-01
-1.071182936429977417e-01
-1.072766035795211792e-01
-1.074341982603073120e-01
-1.075922101736068726e-01
-1.077504605054855347e-01
-1.079085022211074829e-01
-1.060868948698043823e-01
-1.041017919778823853e-01
-1.037549525499343872e-01
-1.042230278253555298e-01
-1.046912223100662231e-01
-1.051594763994216919e-01
-1.056271940469741821e-01
-1.060951799154281616e-01
-1.067014783620834351e-01
-1.049255877733230591e-01
-1.010737866163253784e-01
-1.046055108308792114e-01
-1.073515266180038452e-01
-1.095421761274337769e-01
-1.105060428380966187e-01
-1.114696711301803589e-01
-1.124334484338760376e-01
-1.135762482881546021e-01
-1.153825074434280396e-01
-1.158183962106704712e-01
-1.164524108171463013e-01
-1.193252056837081909e-01
-1.231092065572738647e-01
-1.267465800046920776e-01
-1.303836256265640259e-01
-1.340209394693374634e-01
-1.381389051675796509e-01
-1.429523080587387085e-01
-1.466214507818222046e-01
-1.506159454584121704e-01
-1.511962264776229858e-01
-1.455938965082168579e-01
-1.387362629175186157e-01
-1.282544881105422974e-01
-1.175441592931747437e-01
-1.174581199884414673e-01
-1.191574782133102417e-01
-1.218649893999099731e-01
-1.224703937768936157e-01
-1.217163354158401489e-01
-1.238187998533248901e-01
-1.234115511178970337e-01
-1.183565109968185425e-01
-1.091046482324600220e-01
-9.981374442577362061e-02
-9.004263579845428467e-02
-8.155940473079681396e-02
-7.417871057987213135e-02
-6.682999432086944580e-02
-6.022264435887336731e-02
-5.830659344792366028e-02
-5.864699557423591614e-02
-6.009687855839729309e-02
-6.493593752384185791e-02
-7.020808756351470947e-02
-6.986351311206817627e-02
-6.853295862674713135e-02
-6.756250560283660889e-02
-7.000766694545745850e-02
-7.333816587924957275e-02
-7.666884362697601318e-02
-8.058859407901763916e-02
-8.470462262630462646e-02
-8.882056176662445068e-02
-9.293641149997711182e-02
-9.705238044261932373e-02
-9.576962888240814209e-02
-9.004594385623931885e-02
-8.432252705097198486e-02
-7.977046072483062744e-02
-7.768245041370391846e-02
-7.478938996791839600e-02
-7.167260348796844482e-02
-6.889791786670684814e-02
-6.582526862621307373e-02
-6.319348514080047607e-02
-6.337447464466094971e-02
-7.190854847431182861e-02
-8.209161460399627686e-02
-9.227482974529266357e-02
-1.024579554796218872e-01
-1.126412302255630493e-01
-1.250462681055068970e-01
-1.382076591253280640e-01
-1.463367789983749390e-01
-1.529844552278518677e-01
-1.575828939676284790e-01
-1.623837798833847046e-01
-1.596981734037399292e-01
-1.533491760492324829e-01
-1.451036483049392700e-01
-1.364731937646865845e-01
-1.280670017004013062e-01
-1.196604222059249878e-01
-1.079671233892440796e-01
-9.578998386859893799e-02
-8.597491681575775146e-02
-7.658387720584869385e-02
-6.953172385692596436e-02
-6.418235599994659424e-02
-5.425168946385383606e-02
-4.774798825383186340e-02
-4.224197939038276672e-02
-4.124926403164863586e-02
-4.025070741772651672e-02
-3.933881595730781555e-02
-4.113577678799629211e-02
-4.350196197628974915e-02
-4.450105503201484680e-02
-5.315517261624336243e-02
-6.846700608730316162e-02
-6.336103379726409912e-02
-5.293725803494453430e-02
-5.705760791897773743e-02
-6.374900043010711670e-02
-7.066492736339569092e-02
-7.933793962001800537e-02
-8.846150338649749756e-02
-9.758506715297698975e-02
-1.032785624265670776e-01
-1.054259985685348511e-01
-1.042260378599166870e-01
-1.070503443479537964e-01
-1.089923232793807983e-01
-1.091503947973251343e-01
-1.093085855245590210e-01
-1.094664186239242554e-01
-1.096244603395462036e-01
-1.097825616598129272e-01
-1.077623516321182251e-01
-1.051779538393020630e-01
-1.032072156667709351e-01
-1.036751717329025269e-01
-1.041433364152908325e-01
-1.046112924814224243e-01
-1.050797253847122192e-01
-1.055474728345870972e-01
-1.070553511381149292e-01
-1.091196686029434204e-01
-1.047809869050979614e-01
-1.074397414922714233e-01
-1.084032207727432251e-01
-1.093670278787612915e-01
-1.103309243917465210e-01
-1.112947911024093628e-01
-1.123854964971542358e-01
-1.135763674974441528e-01
-1.138910502195358276e-01
-1.124152392148971558e-01
-1.112040430307388306e-01
-1.126477569341659546e-01
-1.163378804922103882e-01
-1.203982084989547729e-01
-1.240353435277938843e-01
-1.277358978986740112e-01
-1.321038454771041870e-01
-1.370697170495986938e-01
-1.421519368886947632e-01
-1.462690383195877075e-01
-1.503867954015731812e-01
-1.480194181203842163e-01
-1.371384710073471069e-01
-1.260984987020492554e-01
-1.157056540250778198e-01
-1.132083982229232788e-01
-1.131672710180282593e-01
-1.144736856222152710e-01
-1.169279366731643677e-01
-1.205735057592391968e-01
-1.230636984109878540e-01
-1.236266940832138062e-01
-1.202150136232376099e-01
-1.102098673582077026e-01
-1.004785746335983276e-01
-9.037141501903533936e-02
-7.904385030269622803e-02
-7.161794602870941162e-02
-6.465668976306915283e-02
-6.103594973683357239e-02
-5.829812958836555481e-02
-5.883990600705146790e-02
-6.133054569363594055e-02
-6.601826846599578857e-02
-6.869272887706756592e-02
-6.962971389293670654e-02
-6.958679854869842529e-02
-6.825627386569976807e-02
-6.884999573230743408e-02
-7.218040525913238525e-02
-7.604493200778961182e-02
-8.016093075275421143e-02
-8.427684009075164795e-02
-8.839289844036102295e-02
-9.250862896442413330e-02
-9.662465751171112061e-02
-9.764592349529266357e-02
-9.217511117458343506e-02
-8.706314861774444580e-02
-8.510117232799530029e-02
-8.328340947628021240e-02
-8.000575006008148193e-02
-7.763640582561492920e-02
-7.456369698047637939e-02
-7.149066030979156494e-02
-6.791843473911285400e-02
-6.548903882503509521e-02
-7.374720275402069092e-02
-8.375518023967742920e-02
-9.370322525501251221e-02
-1.036517769098281860e-01
-1.147795170545578003e-01
-1.281393617391586304e-01
-1.402181833982467651e-01
-1.448161751031875610e-01
-1.494147032499313354e-01
-1.542980819940567017e-01
-1.573614627122879028e-01
-1.494433432817459106e-01
-1.416783481836318970e-01
-1.340278238058090210e-01
-1.256215423345565796e-01
-1.181256026029586792e-01
-1.108468025922775269e-01
-9.943740069866180420e-02
-8.882845938205718994e-02
-7.943750917911529541e-02
-7.006816565990447998e-02
-6.589590013027191162e-02
-6.229202821850776672e-02
-5.352335050702095032e-02
-4.643930867314338684e-02
-4.233305528759956360e-02
-4.139750078320503235e-02
-4.145361855626106262e-02
-4.357926920056343079e-02
-4.594587162137031555e-02
-4.922132566571235657e-02
-5.533974245190620422e-02
-6.041078642010688782e-02
-7.235126197338104248e-02
-6.750939786434173584e-02
-5.660753324627876282e-02
-6.043003872036933899e-02
-6.695096194744110107e-02
-7.364223897457122803e-02
-8.033351600170135498e-02
-8.754442632198333740e-02
-9.665118157863616943e-02
-1.043285578489303589e-01
-1.086319535970687866e-01
-1.069849580526351929e-01
-1.097018569707870483e-01
-1.107467263936996460e-01
-1.110244840383529663e-01
-1.111827343702316284e-01
-1.113406270742416382e-01
-1.114985495805740356e-01
-1.116567403078079224e-01
-1.094379276037216187e-01
-1.062537282705307007e-01
-1.033779829740524292e-01
-1.031275540590286255e-01
-1.035954207181930542e-01
-1.040634959936141968e-01
-1.045314818620681763e-01
-1.049997061491012573e-01
-1.072497814893722534e-01
-1.099423021078109741e-01
-1.060948222875595093e-01
-1.083946079015731812e-01
-1.082284003496170044e-01
-1.091917604207992554e-01
-1.101555973291397095e-01
-1.111948043107986450e-01
-1.116756349802017212e-01
-1.116444319486618042e-01
-1.101505607366561890e-01
-1.083177477121353149e-01
-1.063903421163558960e-01
-1.062339991331100464e-01
-1.091446429491043091e-01
-1.133504360914230347e-01
-1.175563782453536987e-01
-1.215329319238662720e-01
-1.262735873460769653e-01
-1.313865631818771362e-01
-1.368579715490341187e-01
-1.422510594129562378e-01
-1.430662423372268677e-01
-1.428269892930984497e-01
-1.360726505517959595e-01
-1.269071847200393677e-01
-1.141873449087142944e-01
-1.095933467149734497e-01
-1.083366423845291138e-01
-1.108128577470779419e-01
-1.155258268117904663e-01
-1.190352588891983032e-01
-1.219646781682968140e-01
-1.236469000577926636e-01
-1.209010928869247437e-01
-1.113151162862777710e-01
-1.012928634881973267e-01
-9.077323973178863525e-02
-7.915194332599639893e-02
-7.104833424091339111e-02
-6.642873585224151611e-02
-6.240709498524665833e-02
-5.878664925694465637e-02
-5.941574648022651672e-02
-6.256438791751861572e-02
-6.510357558727264404e-02
-6.604073941707611084e-02
-6.697775423526763916e-02
-6.791459023952484131e-02
-6.885169446468353271e-02
-6.842280924320220947e-02
-7.150106132030487061e-02
-7.561714947223663330e-02
-7.973296940326690674e-02
-8.384902775287628174e-02
-8.796505630016326904e-02
-9.208084642887115479e-02
-9.619684517383575439e-02
-9.926353394985198975e-02
-9.438432753086090088e-02
-9.239350259304046631e-02
-9.095378220081329346e-02
-8.833889663219451904e-02
-8.637516200542449951e-02
-8.313824236392974854e-02
-7.983066141605377197e-02
-7.561625540256500244e-02
-7.086043059825897217e-02
-6.896223127841949463e-02
-7.424809038639068604e-02
-8.419658243656158447e-02
-9.414486587047576904e-02
-1.048785299062728882e-01
-1.167000979185104370e-01
-1.266657859086990356e-01
-1.366311758756637573e-01
-1.412990540266036987e-01
-1.460909396409988403e-01
-1.479720026254653931e-01
-1.450803130865097046e-01
-1.371415406465530396e-01
-1.307241171598434448e-01
-1.256406158208847046e-01
-1.192020624876022339e-01
-1.127629131078720093e-01
-1.029605120420455933e-01
-9.168238937854766846e-02
-8.232890069484710693e-02
-7.369671761989593506e-02
-6.454153358936309814e-02
-6.289874017238616943e-02
-6.039654091000556946e-02
-5.261777713894844055e-02
-4.493795707821846008e-02
-4.268531873822212219e-02
-4.380463436245918274e-02
-4.602270200848579407e-02
-4.840173199772834778e-02
-5.086081102490425110e-02
-5.693535879254341125e-02
-6.314663589000701904e-02
-6.935773789882659912e-02
-7.685755193233489990e-02
-7.165722548961639404e-02
-6.075577810406684875e-02
-6.509916484355926514e-02
-7.097099721431732178e-02
-7.684408128261566162e-02
-8.353565633296966553e-02
-9.022681415081024170e-02
-9.697227180004119873e-02
-1.048410981893539429e-01
-1.100280731916427612e-01
-1.101906150579452515e-01
-1.120588630437850952e-01
-1.124056428670883179e-01
-1.127147823572158813e-01
-1.130242794752120972e-01
-1.132144778966903687e-01
-1.133726090192794800e-01
-1.135305315256118774e-01
-1.111128777265548706e-01
-1.079811900854110718e-01
-1.043210178613662720e-01
-1.025796085596084595e-01
-1.030475348234176636e-01
-1.035155504941940308e-01
-1.039836853742599487e-01
-1.037008911371231079e-01
-1.046902388334274292e-01
-1.067800372838973999e-01
-1.070048362016677856e-01
-1.087842136621475220e-01
-1.105415970087051392e-01
-1.092485636472702026e-01
-1.090366393327713013e-01
-1.090053468942642212e-01
-1.089743226766586304e-01
-1.088193804025650024e-01
-1.064107865095138550e-01
-1.046387702226638794e-01
-1.019602566957473755e-01
-1.009590476751327515e-01
-1.025932580232620239e-01
-1.064439266920089722e-01
-1.107730120420455933e-01
-1.152928024530410767e-01
-1.206901222467422485e-01
-1.258357614278793335e-01
-1.308570653200149536e-01
-1.332673579454421997e-01
-1.352474540472030640e-01
-1.361715942621231079e-01
-1.339068263769149780e-01
-1.240272670984268188e-01
-1.124505251646041870e-01
-1.058548539876937866e-01
-1.082594841718673706e-01
-1.106639653444290161e-01
-1.140579134225845337e-01
-1.180420666933059692e-01
-1.207589656114578247e-01
-1.232007890939712524e-01
-1.208863109350204468e-01
-1.124201565980911255e-01
-1.021613329648971558e-01
-9.121687710285186768e-02
-8.220775425434112549e-02
-7.382203638553619385e-02
-6.812043488025665283e-02
-6.377811729907989502e-02
-6.015749648213386536e-02
-6.031437590718269348e-02
-6.263415515422821045e-02
-6.245191767811775208e-02
-6.338872015476226807e-02
-6.432570517063140869e-02
-6.526271998882293701e-02
-6.619964540004730225e-02
-6.755958497524261475e-02
-7.107339799404144287e-02
-7.518924772739410400e-02
-7.930527627468109131e-02
-8.342112600803375244e-02
-8.753712475299835205e-02
-9.165300428867340088e-02
-9.576903283596038818e-02
-9.849320352077484131e-02
-9.929953515529632568e-02
-9.740205109119415283e-02
-9.583984315395355225e-02
-9.372220933437347412e-02
-9.071449935436248779e-02
-8.740691840648651123e-02
-8.346594870090484619e-02
-7.779796421527862549e-02
-7.327352464199066162e-02
-7.258279621601104736e-02
-7.468967139720916748e-02
-8.467806875705718994e-02
-9.500898420810699463e-02
-1.029732972383499146e-01
-1.128606349229812622e-01
-1.228262633085250854e-01
-1.328969448804855347e-01
-1.367682367563247681e-01
-1.373393684625625610e-01
-1.364215463399887085e-01
-1.346019953489303589e-01
-1.297556906938552856e-01
-1.253639310598373413e-01
-1.202780753374099731e-01
-1.138393133878707886e-01
-1.064838618040084839e-01
-9.507437050342559814e-02
-8.544375002384185791e-02
-7.687370479106903076e-02
-6.773574650287628174e-02
-6.167538836598396301e-02
-6.015845015645027161e-02
-5.943255499005317688e-02
-5.136742070317268372e-02
-4.489092901349067688e-02
-4.619689658284187317e-02
-4.860113933682441711e-02
-5.105977132916450500e-02
-5.351905897259712219e-02
-5.854900553822517395e-02
-6.476007401943206787e-02
-7.097117602825164795e-02
-7.790754735469818115e-02
-8.707074820995330811e-02
-7.655344903469085693e-02
-6.522355973720550537e-02
-6.976841390132904053e-02
-7.563988864421844482e-02
-8.151195943355560303e-02
-8.738355338573455811e-02
-9.342907369136810303e-02
-1.001205295324325562e-01
-1.068115085363388062e-01
-1.117120236158370972e-01
-1.133760362863540649e-01
-1.144155710935592651e-01
-1.140648871660232544e-01
-1.143739670515060425e-01
-1.146833151578903198e-01
-1.149923652410507202e-01
-1.152467578649520874e-01
-1.154047399759292603e-01
-1.127886027097702026e-01
-1.097694784402847290e-01
-1.054208129644393921e-01
-1.029652506113052368e-01
-1.024997383356094360e-01
-1.018574684858322144e-01
-1.005430668592453003e-01
-1.002365499734878540e-01
-1.012202352285385132e-01
-1.032713800668716431e-01
-1.051466912031173706e-01
-1.089984923601150513e-01
-1.102484017610549927e-01
-1.096442788839340210e-01
-1.070093065500259399e-01
-1.063041836023330688e-01
-1.062731593847274780e-01
-1.053342074155807495e-01
-1.030480116605758667e-01
-1.012056320905685425e-01
-9.789882600307464600e-02
-9.656520187854766846e-02
-9.663100540637969971e-02
-9.970222413539886475e-02
-1.040554791688919067e-01
-1.089989989995956421e-01
-1.161179095506668091e-01
-1.205004304647445679e-01
-1.226405352354049683e-01
-1.248860806226730347e-01
-1.270984560251235962e-01
-1.261533349752426147e-01
-1.255815178155899048e-01
-1.208631843328475952e-01
-1.117122918367385864e-01
-1.069004386663436890e-01
-1.088790446519851685e-01
-1.112837344408035278e-01
-1.136965900659561157e-01
-1.167455464601516724e-01
-1.196292191743850708e-01
-1.216355413198471069e-01
-1.207927018404006958e-01
-1.129353493452072144e-01
-1.038051396608352661e-01
-9.569032490253448486e-02
-8.667613565921783447e-02
-7.801313698291778564e-02
-7.005529105663299561e-02
-6.520907580852508545e-02
-6.199114397168159485e-02
-6.121842935681343079e-02
-6.013210490345954895e-02
-5.979986861348152161e-02
-6.073703244328498840e-02
-6.167386844754219055e-02
-6.261096894741058350e-02
-6.391517817974090576e-02
-6.563757359981536865e-02
-6.788589060306549072e-02
-7.355315983295440674e-02
-7.850210368633270264e-02
-8.238326013088226318e-02
-8.626456558704376221e-02
-9.014557301998138428e-02
-9.388895332813262939e-02
-9.895174205303192139e-02
-1.028578728437423706e-01
-1.024916619062423706e-01
-1.008931845426559448e-01
-9.829063713550567627e-02
-9.504480659961700439e-02
-9.131588041782379150e-02
-8.564774692058563232e-02
-7.997958362102508545e-02
-7.568661868572235107e-02
-7.620365917682647705e-02
-7.734362781047821045e-02
-8.245794475078582764e-02
-8.992420136928558350e-02
-9.905613958835601807e-02
-1.090216189622879028e-01
-1.191449910402297974e-01
-1.255595237016677856e-01
-1.283236593008041382e-01
-1.293614059686660767e-01
-1.301081925630569458e-01
-1.281385272741317749e-01
-1.239731758832931519e-01
-1.200376003980636597e-01
-1.149155944585800171e-01
-1.085276752710342407e-01
-9.871087968349456787e-02
-8.872689306735992432e-02
-8.015690743923187256e-02
-7.158719003200531006e-02
-6.265519559383392334e-02
-5.885295942425727844e-02
-5.693899467587471008e-02
-5.721550062298774719e-02
-5.232073739171028137e-02
-4.892342165112495422e-02
-5.125914886593818665e-02
-5.371798947453498840e-02
-5.617683008313179016e-02
-6.016232445836067200e-02
-6.637333333492279053e-02
-7.258428633213043213e-02
-7.897590100765228271e-02
-8.814589679241180420e-02
-9.549908339977264404e-02
-8.340255916118621826e-02
-7.207255065441131592e-02
-7.703022658824920654e-02
-8.247421681880950928e-02
-8.791731297969818115e-02
-9.336112439632415771e-02
-9.880457818508148193e-02
-1.042477935552597046e-01
-1.100368946790695190e-01
-1.167050451040267944e-01
-1.185664385557174683e-01
-1.163686364889144897e-01
-1.157240420579910278e-01
-1.160330623388290405e-01
-1.163424104452133179e-01
-1.166517585515975952e-01
-1.169611662626266479e-01
-1.172703653573989868e-01
-1.144642084836959839e-01
-1.114447563886642456e-01
-1.065656095743179321e-01
-1.026592105627059937e-01
-9.892044961452484131e-02
-9.760592877864837646e-02
-9.629158675670623779e-02
-9.681980311870574951e-02
-9.780363738536834717e-02
-9.950150549411773682e-02
-1.006764322519302368e-01
-1.065314263105392456e-01
-1.077729612588882446e-01
-1.091619580984115601e-01
-1.074075549840927124e-01
-1.049240678548812866e-01
-1.038997024297714233e-01
-1.022998541593551636e-01
-1.000144034624099731e-01
-9.797830879688262939e-02
-9.459660947322845459e-02
-9.244890511035919189e-02
-9.169970452785491943e-02
-9.486688673496246338e-02
-1.003222614526748657e-01
-1.059178858995437622e-01
-1.086419373750686646e-01
-1.110547333955764771e-01
-1.139111369848251343e-01
-1.153310984373092651e-01
-1.147549003362655640e-01
-1.148617714643478394e-01
-1.155835539102554321e-01
-1.169583946466445923e-01
-1.137803047895431519e-01
-1.076462715864181519e-01
-1.089956015348434448e-01
-1.119035929441452026e-01
-1.143082231283187866e-01
-1.161750704050064087e-01
-1.190825849771499634e-01
-1.195244342088699341e-01
-1.198778003454208374e-01
-1.147760301828384399e-01
-1.087402850389480591e-01
-1.005991846323013306e-01
-9.126530587673187256e-02
-8.248178660869598389e-02
-7.405145466327667236e-02
-6.708778440952301025e-02
-6.379570066928863525e-02
-5.939238145947456360e-02
-5.763022974133491516e-02
-5.714814737439155579e-02
-5.795605853199958801e-02
-5.865829065442085266e-02
-5.967228487133979797e-02
-6.115998700261116028e-02
-6.264771521091461182e-02
-6.413532793521881104e-02
-6.802301108837127686e-02
-7.417143881320953369e-02
-8.031992614269256592e-02
-8.443970978260040283e-02
-8.832089602947235107e-02
-9.378762543201446533e-02
-9.991867840290069580e-02
-1.074309796094894409e-01
-1.080642193555831909e-01
-1.058669835329055786e-01
-1.026831418275833130e-01
-9.895889461040496826e-02
-9.349776804447174072e-02
-8.782948553562164307e-02
-8.216120302677154541e-02
-7.847757637500762939e-02
-7.670767605304718018e-02
-7.537521421909332275e-02
-7.737307250499725342e-02
-8.531881868839263916e-02
-9.521673619747161865e-02
-1.045554131269454956e-01
-1.124612838029861450e-01
-1.203671246767044067e-01
-1.223010867834091187e-01
-1.229009181261062622e-01
-1.245494931936264038e-01
-1.217112392187118530e-01
-1.187549084424972534e-01
-1.148724704980850220e-01
-1.097758859395980835e-01
-1.024583727121353149e-01
-9.193037450313568115e-02
-8.344049751758575439e-02
-7.487048208713531494e-02
-6.599505245685577393e-02
-5.826475098729133606e-02
-5.597396567463874817e-02
-5.413221195340156555e-02
-5.831219628453254700e-02
-5.494992807507514954e-02
-5.421157553791999817e-02
-5.637632682919502258e-02
-5.883522704243659973e-02
-6.177558377385139465e-02
-6.798650324344635010e-02
-7.419730722904205322e-02
-8.045123517513275146e-02
-8.922104537487030029e-02
-9.839127957820892334e-02
-9.800861775875091553e-02
-9.101282060146331787e-02
-7.953648269176483154e-02
-8.479766547679901123e-02
-9.005902707576751709e-02
-9.532003104686737061e-02
-1.007315367460250854e-01
-1.061747521162033081e-01
-1.116180866956710815e-01
-1.170617789030075073e-01
-1.224858611822128296e-01
-1.254771500825881958e-01
-1.233231574296951294e-01
-1.198935657739639282e-01
-1.182755976915359497e-01
-1.181567758321762085e-01
-1.183107942342758179e-01
-1.186199337244033813e-01
-1.189295500516891479e-01
-1.160670369863510132e-01
-1.117320805788040161e-01
-1.047358959913253784e-01
-9.989903867244720459e-02
-9.581799805164337158e-02
-9.335450828075408936e-02
-9.241904318332672119e-02
-9.288467466831207275e-02
-9.264631569385528564e-02
-9.329123795032501221e-02
-9.452272951602935791e-02
-1.019827276468276978e-01
-1.056798249483108521e-01
-1.072718352079391479e-01
-1.081761866807937622e-01
-1.056923121213912964e-01
-1.031099706888198853e-01
-9.926618635654449463e-02
-9.698055684566497803e-02
-9.473718702793121338e-02
-9.260575473308563232e-02
-9.118591248989105225e-02
-9.150098264217376709e-02
-9.311307966709136963e-02
-9.526763856410980225e-02
-9.694842994213104248e-02
-9.906835854053497314e-02
-1.019131392240524292e-01
-1.017899364233016968e-01
-1.024655848741531372e-01
-1.031415015459060669e-01
-1.046165972948074341e-01
-1.088665574789047241e-01
-1.114119142293930054e-01
-1.130813509225845337e-01
-1.084538847208023071e-01
-1.087707430124282837e-01
-1.119247227907180786e-01
-1.149279922246932983e-01
-1.161389201879501343e-01
-1.181658059358596802e-01
-1.180049329996109009e-01
-1.214486211538314819e-01
-1.187880486249923706e-01
-1.129144579172134399e-01
-1.055081933736801147e-01
-9.614928066730499268e-02
-8.695025742053985596e-02
-7.817007601261138916e-02
-6.951008737087249756e-02
-6.273190677165985107e-02
-5.744828656315803528e-02
-5.407177284359931946e-02
-5.320515111088752747e-02
-5.390735343098640442e-02
-5.486582592129707336e-02
-5.635340884327888489e-02
-5.784090235829353333e-02
-5.932860448956489563e-02
-6.081621721386909485e-02
-6.291304528713226318e-02
-6.864108145236968994e-02
-7.478968799114227295e-02
-8.093802630901336670e-02
-8.806939423084259033e-02
-9.475444257259368896e-02
-1.018130928277969360e-01
-1.106307059526443481e-01
-1.130542308092117310e-01
-1.100466102361679077e-01
-1.063688844442367554e-01
-1.013473719358444214e-01
-9.567926824092864990e-02
-8.995826542377471924e-02
-8.132268488407135010e-02
-7.603459060192108154e-02
-7.473440468311309814e-02
-7.346941530704498291e-02
-7.309825718402862549e-02
-8.348311483860015869e-02
-9.178768098354339600e-02
-9.969337284564971924e-02
-1.075992435216903687e-01
-1.141679435968399048e-01
-1.159244328737258911e-01
-1.174572855234146118e-01
-1.191990524530410767e-01
-1.164516955614089966e-01
-1.136718243360519409e-01
-1.097804158926010132e-01
-1.049574762582778931e-01
-9.582279622554779053e-02
-8.676169812679290771e-02
-7.828442752361297607e-02
-6.980650126934051514e-02
-6.181060150265693665e-02
-5.506898835301399231e-02
-5.441202595829963684e-02
-5.441658571362495422e-02
-5.995045974850654602e-02
-5.851866677403450012e-02
-5.951972678303718567e-02
-6.149344518780708313e-02
-6.395243108272552490e-02
-6.960006058216094971e-02
-7.581086456775665283e-02
-8.208911120891571045e-02
-9.029598534107208252e-02
-9.946633875370025635e-02
-1.015297919511795044e-01
-1.005183309316635132e-01
-9.935115277767181396e-02
-8.839629590511322021e-02
-9.365694224834442139e-02
-9.891830384731292725e-02
-1.041793376207351685e-01
-1.094407290220260620e-01
-1.147020310163497925e-01
-1.199626475572586060e-01
-1.252238899469375610e-01
-1.304037123918533325e-01
-1.344224363565444946e-01
-1.323110610246658325e-01
-1.285685449838638306e-01
-1.257861107587814331e-01
-1.233435422182083130e-01
-1.223979145288467407e-01
-1.222792118787765503e-01
-1.204405575990676880e-01
-1.153622716665267944e-01
-1.102835386991500854e-01
-1.034400910139083862e-01
-9.713886678218841553e-02
-9.305749833583831787e-02
-8.832700550556182861e-02
-8.700431883335113525e-02
-8.688847720623016357e-02
-8.677358925342559814e-02
-8.744980394840240479e-02
-8.877994120121002197e-02
-9.618239104747772217e-02
-1.038314551115036011e-01
-1.054231971502304077e-01
-1.070147901773452759e-01
-1.064608246088027954e-01
-1.030944436788558960e-01
-9.924091398715972900e-02
-9.643395245075225830e-02
-9.562765061855316162e-02
-9.358699619770050049e-02
-9.168444573879241943e-02
-9.069679677486419678e-02
-8.740501105785369873e-02
-8.584226667881011963e-02
-8.738477528095245361e-02
-8.887200057506561279e-02
-8.875410258769989014e-02
-8.942992985248565674e-02
-9.010563790798187256e-02
-9.317047894001007080e-02
-9.728206694126129150e-02
-1.016460508108139038e-01
-1.047011762857437134e-01
-1.078254431486129761e-01
-1.077106744050979614e-01
-1.086896210908889771e-01
-1.116998344659805298e-01
-1.148538738489151001e-01
-1.172728389501571655e-01
-1.178256422281265259e-01
-1.213618665933609009e-01
-1.234253495931625366e-01
-1.222630590200424194e-01
-1.161548346281051636e-01
-1.096070259809494019e-01
-1.000133603811264038e-01
-9.038998186588287354e-02
-8.124177157878875732e-02
-7.086394727230072021e-02
-6.062569096684455872e-02
-5.492867901921272278e-02
-5.017279461026191711e-02
-4.915635660290718079e-02
-5.005918815732002258e-02
-5.154692009091377258e-02
-5.303444340825080872e-02
-5.452214553952217102e-02
-5.600960925221443176e-02
-5.749743059277534485e-02
-5.898516252636909485e-02
-6.311066448688507080e-02
-6.925906240940093994e-02
-7.642082870006561279e-02
-8.633051812648773193e-02
-9.534721076488494873e-02
-1.053369790315628052e-01
-1.132630854845046997e-01
-1.169421821832656860e-01
-1.137792617082595825e-01
-1.091973632574081421e-01
-1.035293489694595337e-01
-9.515656530857086182e-02
-8.600540459156036377e-02
-7.725422084331512451e-02
-7.449091970920562744e-02
-7.519306242465972900e-02
-7.589514553546905518e-02
-7.426567375659942627e-02
-7.902701199054718018e-02
-8.699484169483184814e-02
-9.496293962001800537e-02
-1.016430705785751343e-01
-1.076719313859939575e-01
-1.103903204202651978e-01
-1.121323853731155396e-01
-1.138743907213211060e-01
-1.115186661481857300e-01
-1.085887998342514038e-01
-1.053241044282913208e-01
-9.993608295917510986e-02
-9.012483060359954834e-02
-8.178199827671051025e-02
-7.330442965030670166e-02
-6.535635888576507568e-02
-5.824281647801399231e-02
-5.483992770314216614e-02
-5.420957878232002258e-02
-5.614774301648139954e-02
-6.243573501706123352e-02
-6.358219683170318604e-02
-6.485588848590850830e-02
-6.661085784435272217e-02
-7.121308147907257080e-02
-7.742400467395782471e-02
-8.372758328914642334e-02
-9.137152135372161865e-02
-1.005418151617050171e-01
-1.047386676073074341e-01
-1.042216569185256958e-01
-1.030278056859970093e-01
-1.076960116624832153e-01
-9.725527465343475342e-02
-1.025166660547256470e-01
-1.077776104211807251e-01
-1.130387634038925171e-01
-1.182998865842819214e-01
-1.235608905553817749e-01
-1.288222521543502808e-01
-1.340650767087936401e-01
-1.389450579881668091e-01
-1.434413641691207886e-01
-1.438253372907638550e-01
-1.394475847482681274e-01
-1.356512457132339478e-01
-1.329181641340255737e-01
-1.285191029310226440e-01
-1.242765337228775024e-01
-1.215387433767318726e-01
-1.162782758474349976e-01
-1.110172122716903687e-01
-1.044076532125473022e-01
-9.593795239925384521e-02
-9.037803113460540771e-02
-8.477021753787994385e-02
-8.261232078075408936e-02
-8.206899464130401611e-02
-8.152584731578826904e-02
-8.169041574001312256e-02
-8.303748071193695068e-02
-8.980502188205718994e-02
-1.004034131765365601e-01
-1.035747081041336060e-01
-1.059452146291732788e-01
-1.090161353349685669e-01
-1.068159490823745728e-01
-1.034338623285293579e-01
-1.000517159700393677e-01
-9.680263698101043701e-02
-9.456835687160491943e-02
-9.043951332569122314e-02
-8.440195024013519287e-02
-7.990919053554534912e-02
-7.693709433078765869e-02
-7.530568540096282959e-02
-7.571829855442047119e-02
-7.639421522617340088e-02
-7.813473045825958252e-02
-8.154936134815216064e-02
-8.484132587909698486e-02
-8.947695791721343994e-02
-9.386073052883148193e-02
-9.764073789119720459e-02
-1.011367291212081909e-01
-1.039349883794784546e-01
-1.078197509050369263e-01
-1.111461073160171509e-01
-1.140653938055038452e-01
-1.187495142221450806e-01
-1.208826750516891479e-01
-1.233853846788406372e-01
-1.253110915422439575e-01
-1.241448372602462769e-01
-1.185730248689651489e-01
-1.121874004602432251e-01
-1.035253256559371948e-01
-9.393168985843658447e-02
-8.275778591632843018e-02
-7.090510427951812744e-02
-6.061958149075508118e-02
-5.240930989384651184e-02
-4.712556675076484680e-02
-4.525260999798774719e-02
-4.674037173390388489e-02
-4.822795465588569641e-02
-4.971550777554512024e-02
-5.120318010449409485e-02
-5.269079282879829407e-02
-5.417855456471443176e-02
-5.566607788205146790e-02
-5.784599855542182922e-02
-6.418217718601226807e-02
-7.409183681011199951e-02
-8.397556841373443604e-02
-9.504182636737823486e-02
-1.064833551645278931e-01
-1.148138791322708130e-01
-1.195008605718612671e-01
-1.170473247766494751e-01
-1.089909523725509644e-01
-9.983967244625091553e-02
-9.068842232227325439e-02
-8.400861918926239014e-02
-7.812832295894622803e-02
-7.807396352291107178e-02
-7.710571587085723877e-02
-7.431797683238983154e-02
-7.270504534244537354e-02
-7.439886033535003662e-02
-8.236686885356903076e-02
-8.911798894405364990e-02
-9.514708817005157471e-02
-1.016903668642044067e-01
-1.050657778978347778e-01
-1.068125516176223755e-01
-1.088660806417465210e-01
-1.067676693201065063e-01
-1.045681983232498169e-01
-1.015202254056930542e-01
-9.360738098621368408e-02
-8.527986705303192139e-02
-7.680203020572662354e-02
-6.862004101276397705e-02
-6.295774877071380615e-02
-5.671285465359687805e-02
-5.456345155835151672e-02
-5.441685393452644348e-02
-5.863277986645698547e-02
-6.492088735103607178e-02
-6.887032091617584229e-02
-7.019229233264923096e-02
-7.299192249774932861e-02
-7.903747260570526123e-02
-8.536557853221893311e-02
-9.244669973850250244e-02
-1.016165465116500854e-01
-1.079478114843368530e-01
-1.078863292932510376e-01
-1.077371686697006226e-01
-1.067867726087570190e-01
-1.168921738862991333e-01
-1.065260320901870728e-01
-1.113756150007247925e-01
-1.166366487741470337e-01
-1.218980997800827026e-01
-1.271593421697616577e-01
-1.324203163385391235e-01
-1.376815289258956909e-01
-1.428939253091812134e-01
-1.474864929914474487e-01
-1.517443805932998657e-01
-1.532958298921585083e-01
-1.509940475225448608e-01
-1.452568322420120239e-01
-1.399215012788772583e-01
-1.347999721765518188e-01
-1.302844732999801636e-01
-1.252188831567764282e-01
-1.183194071054458618e-01
-1.119598597288131714e-01
-1.046275347471237183e-01
-9.492407739162445068e-02
-8.917482197284698486e-02
-8.408065140247344971e-02
-8.058862388134002686e-02
-7.977448403835296631e-02
-7.904897630214691162e-02
-7.893006503582000732e-02
-7.985086739063262939e-02
-8.581258356571197510e-02
-9.837366640567779541e-02
-1.062133163213729858e-01
-1.088560372591018677e-01
-1.114256531000137329e-01
-1.110088378190994263e-01
-1.076267808675765991e-01
-1.042447537183761597e-01
-1.002697199583053589e-01
-9.129898250102996826e-02
-8.406127989292144775e-02
-7.721488177776336670e-02
-7.173891365528106689e-02
-6.549556553363800049e-02
-6.320168077945709229e-02
-6.335856020450592041e-02
-6.660737097263336182e-02
-6.992818415164947510e-02
-7.321991026401519775e-02
-7.676817476749420166e-02
-8.135460317134857178e-02
-8.532886207103729248e-02
-8.903039991855621338e-02
-9.275771677494049072e-02
-9.595151245594024658e-02
-1.033205837011337280e-01
-1.085760444402694702e-01
-1.156319379806518555e-01
-1.205615252256393433e-01
-1.230430901050567627e-01
-1.246985197067260742e-01
-1.274677217006683350e-01
-1.262234300374984741e-01
-1.209913343191146851e-01
-1.145794689655303955e-01
-1.070373803377151489e-01
-9.672401845455169678e-02
-8.295916020870208740e-02
-7.148317992687225342e-02
-6.130017712712287903e-02
-5.027886107563972473e-02
-4.469566419720649719e-02
-4.193361476063728333e-02
-4.342119768261909485e-02
-4.490892961621284485e-02
-4.639666154980659485e-02
-4.788433387875556946e-02
-4.937182739377021790e-02
-5.085938051342964172e-02
-5.234717205166816711e-02
-5.383469536900520325e-02
-6.185304000973701477e-02
-7.202367484569549561e-02
-8.345074951648712158e-02
-9.534354507923126221e-02
-1.046540588140487671e-01
-1.118921786546707153e-01
-1.167015284299850464e-01
-1.134640723466873169e-01
-1.060597151517868042e-01
-9.887613356113433838e-02
-9.237594902515411377e-02
-8.625505864620208740e-02
-8.092714846134185791e-02
-7.807885110378265381e-02
-7.488606870174407959e-02
-7.206557691097259521e-02
-7.125602662563323975e-02
-7.049246132373809814e-02
-7.659323513507843018e-02
-8.262203633785247803e-02
-8.902148902416229248e-02
-9.622298181056976318e-02
-9.996037185192108154e-02
-1.018839925527572632e-01
-1.043318361043930054e-01
-1.030085533857345581e-01
-1.007616370916366577e-01
-9.656779468059539795e-02
-8.867205679416656494e-02
-8.029986917972564697e-02
-7.253657281398773193e-02
-6.767274439334869385e-02
-6.143008545041084290e-02
-5.506517365574836731e-02
-5.478953197598457336e-02
-5.528520420193672180e-02
-6.111754849553108215e-02
-6.740595400333404541e-02
-7.415826618671417236e-02
-7.558180391788482666e-02
-8.103521168231964111e-02
-8.702538907527923584e-02
-9.441240131855010986e-02
-1.037964075803756714e-01
-1.128029972314834595e-01
-1.128269881010055542e-01
-1.128510385751724243e-01
-1.125198155641555786e-01
-1.110590547323226929e-01
-1.262525171041488647e-01
-1.162434071302413940e-01
-1.210512667894363403e-01
-1.258588284254074097e-01
-1.307571679353713989e-01
-1.360182017087936401e-01
-1.412794739007949829e-01
-1.465234309434890747e-01
-1.515318900346755981e-01
-1.560284346342086792e-01
-1.595444828271865845e-01
-1.597665101289749146e-01
-1.588592976331710815e-01
-1.530051082372665405e-01
-1.477920860052108765e-01
-1.425802558660507202e-01
-1.370411068201065063e-01
-1.302043348550796509e-01
-1.214124709367752075e-01
-1.126752346754074097e-01
-1.047006994485855103e-01
-9.480665624141693115e-02
-8.813945949077606201e-02
-8.391906321048736572e-02
-8.057804405689239502e-02
-7.829774916172027588e-02
-7.789303362369537354e-02
-7.927708327770233154e-02
-8.175267279148101807e-02
-8.777628839015960693e-02
-1.001548618078231812e-01
-1.114193052053451538e-01
-1.148012727499008179e-01
-1.164048165082931519e-01
-1.164877563714981079e-01
-1.141248196363449097e-01
-1.082645207643508911e-01
-9.927330911159515381e-02
-8.879233896732330322e-02
-7.854922115802764893e-02
-6.819753348827362061e-02
-6.082545593380928040e-02
-5.527951195836067200e-02
-5.161781981587409973e-02
-5.446981266140937805e-02
-5.753185227513313293e-02
-6.058885529637336731e-02
-6.364606320858001709e-02
-6.756620109081268311e-02
-7.217864692211151123e-02
-7.606162130832672119e-02
-7.980976998805999756e-02
-8.347658812999725342e-02
-8.688099682331085205e-02
-9.509484469890594482e-02
-1.086701005697250366e-01
-1.172990500926971436e-01
-1.222081333398818970e-01
-1.252037137746810913e-01
-1.273116320371627808e-01
-1.293311268091201782e-01
-1.287118494510650635e-01
-1.235620379447937012e-01
-1.169714927673339844e-01
-1.092311888933181763e-01
-9.650011360645294189e-02
-8.331970870494842529e-02
-7.207213342189788818e-02
-6.173514202237129211e-02
-5.135970190167427063e-02
-4.290609434247016907e-02
-3.875820711255073547e-02
-4.010229185223579407e-02
-4.159011319279670715e-02
-4.307763651013374329e-02
-4.456536844372749329e-02
-4.605295136570930481e-02
-4.754047468304634094e-02
-4.902802780270576477e-02
-5.361055210232734680e-02
-5.991725996136665344e-02
-7.143299281597137451e-02
-8.357010781764984131e-02
-9.417246282100677490e-02
-1.002786904573440552e-01
-1.048550754785537720e-01
-1.086891144514083862e-01
-1.108379513025283813e-01
-1.066025048494338989e-01
-1.008747965097427368e-01
-9.475393593311309814e-02
-8.588962256908416748e-02
-7.905371487140655518e-02
-7.545416057109832764e-02
-7.219140231609344482e-02
-7.057042419910430908e-02
-6.980706751346588135e-02
-6.803320348262786865e-02
-7.025377452373504639e-02
-7.653276622295379639e-02
-8.373416960239410400e-02
-9.093587100505828857e-02
-9.494243562221527100e-02
-9.808485209941864014e-02
-1.007224768400192261e-01
-9.924899041652679443e-02
-9.695513546466827393e-02
-9.061454236507415771e-02
-8.379749953746795654e-02
-7.716189324855804443e-02
-7.215629518032073975e-02
-6.614796817302703857e-02
-5.987601354718208313e-02
-5.537616088986396790e-02
-5.565776303410530090e-02
-5.731459334492683411e-02
-6.360290944576263428e-02
-7.077942788600921631e-02
-8.011670410633087158e-02
-8.483730256557464600e-02
-9.099875390529632568e-02
-9.778214991092681885e-02
-1.066033989191055298e-01
-1.163151115179061890e-01
-1.177675276994705200e-01
-1.177916377782821655e-01
-1.178158670663833618e-01
-1.173370331525802612e-01
-1.159692257642745972e-01
-1.376860588788986206e-01
-1.265673488378524780e-01
-1.307687014341354370e-01
-1.355764716863632202e-01
-1.403843015432357788e-01
-1.451917737722396851e-01
-1.501390188932418823e-01
-1.553523987531661987e-01
-1.597740203142166138e-01
-1.624882370233535767e-01
-1.638827770948410034e-01
-1.640904694795608521e-01
-1.668845266103744507e-01
-1.612043231725692749e-01
-1.554078906774520874e-01
-1.489740759134292603e-01
-1.425398737192153931e-01
-1.351183205842971802e-01
-1.255073696374893188e-01
-1.164534240961074829e-01
-1.074418276548385620e-01
-9.534712135791778564e-02
-8.717040717601776123e-02
-8.381004631519317627e-02
-8.194844424724578857e-02
-8.008657395839691162e-02
-8.068926632404327393e-02
-8.209212124347686768e-02
-8.458410203456878662e-02
-8.979763090610504150e-02
-1.021762043237686157e-01
-1.145107597112655640e-01
-1.213514059782028198e-01
-1.221705824136734009e-01
-1.217947155237197876e-01
-1.179715245962142944e-01
-1.092287451028823853e-01
-9.996069967746734619e-02
-8.845718204975128174e-02
-7.481099665164947510e-02
-6.255273520946502686e-02
-5.244450643658638000e-02
-4.790424183011054993e-02
-4.605593159794807434e-02
-4.607646539807319641e-02
-4.819535091519355774e-02
-5.086259916424751282e-02
-5.391975119709968567e-02
-5.836411193013191223e-02
-6.306646764278411865e-02
-6.684093177318572998e-02
-7.058896124362945557e-02
-7.419507205486297607e-02
-7.996147871017456055e-02
-8.854094147682189941e-02
-1.030375659465789795e-01
-1.168013960123062134e-01
-1.234493255615234375e-01
-1.273644566535949707e-01
-1.294974833726882935e-01
-1.304491758346557617e-01
-1.308742314577102661e-01
-1.267251670360565186e-01
-1.194166839122772217e-01
-1.082194596529006958e-01
-9.620057046413421631e-02
-8.431100845336914062e-02
-7.328914105892181396e-02
-6.231332197785377502e-02
-5.284934118390083313e-02
-4.283528402447700500e-02
-3.661828115582466125e-02
-3.678335621953010559e-02
-3.827114775776863098e-02
-3.975884988903999329e-02
-4.124628379940986633e-02
-4.273392632603645325e-02
-4.422156885266304016e-02
-4.824404790997505188e-02
-5.379702523350715637e-02
-6.028710678219795227e-02
-7.153315842151641846e-02
-8.227445185184478760e-02
-9.000520408153533936e-02
-9.548760950565338135e-02
-9.979791939258575439e-02
-1.032718569040298462e-01
-1.067577749490737915e-01
-1.050403863191604614e-01
-9.950433671474456787e-02
-9.230892360210418701e-02
-8.252252638339996338e-02
-7.603128254413604736e-02
-7.276083528995513916e-02
-7.001413404941558838e-02
-6.930743157863616943e-02
-6.763307750225067139e-02
-6.502316892147064209e-02
-6.406475603580474854e-02
-7.124574482440948486e-02
-7.844717800617218018e-02
-8.573026955127716064e-02
-9.104456007480621338e-02
-9.471978247165679932e-02
-9.711267054080963135e-02
-9.548987448215484619e-02
-9.192614257335662842e-02
-8.665360510349273682e-02
-8.177737891674041748e-02
-7.591913640499114990e-02
-7.086576521396636963e-02
-6.459377706050872803e-02
-5.881478264927864075e-02
-5.639817193150520325e-02
-5.730359628796577454e-02
-6.111900880932807922e-02
-6.794880330562591553e-02
-7.725687325000762939e-02
-8.939389884471893311e-02
-9.534542262554168701e-02
-1.019748300313949585e-01
-1.094752699136734009e-01
-1.191218644380569458e-01
-1.229919940233230591e-01
-1.238722354173660278e-01
-1.247522085905075073e-01
-1.253807395696640015e-01
-1.224005073308944702e-01
-1.148253530263900757e-01
-1.499587744474411011e-01
-1.387199312448501587e-01
-1.415354460477828979e-01
-1.452942937612533569e-01
-1.501017063856124878e-01
-1.549092084169387817e-01
-1.593025177717208862e-01
-1.623268276453018188e-01
-1.648984700441360474e-01
-1.677356809377670288e-01
-1.685911864042282104e-01
-1.687989979982376099e-01
-1.717116385698318481e-01
-1.673406809568405151e-01
-1.609066873788833618e-01
-1.544726341962814331e-01
-1.480383723974227905e-01
-1.404183357954025269e-01
-1.308071166276931763e-01
-1.211957186460494995e-01
-1.115846484899520874e-01
-1.008038371801376343e-01
-9.161891043186187744e-02
-8.781810104846954346e-02
-8.595620095729827881e-02
-8.410741388797760010e-02
-8.344455063343048096e-02
-8.490656316280364990e-02
-8.741582930088043213e-02
-9.181882441043853760e-02
-1.041499525308609009e-01
-1.162938028573989868e-01
-1.270723789930343628e-01
-1.255717128515243530e-01
-1.204985827207565308e-01
-1.153209358453750610e-01
-1.087582558393478394e-01
-9.729804098606109619e-02
-8.427889645099639893e-02
-7.132966816425323486e-02
-5.913527682423591614e-02
-5.058201029896736145e-02
-4.564042761921882629e-02
-4.286690428853034973e-02
-4.131944850087165833e-02
-4.265876486897468567e-02
-4.510562494397163391e-02
-4.793461039662361145e-02
-5.191024020314216614e-02
-5.609228089451789856e-02
-5.914776399731636047e-02
-6.274053454399108887e-02
-6.866213679313659668e-02
-7.478116452693939209e-02
-8.217732608318328857e-02
-9.648337960243225098e-02
-1.116344779729843140e-01
-1.228586584329605103e-01
-1.294915676116943359e-01
-1.316579282283782959e-01
-1.329055577516555786e-01
-1.325935870409011841e-01
-1.288817375898361206e-01
-1.202532351016998291e-01
-1.069345623254776001e-01
-9.544101357460021973e-02
-8.532953262329101562e-02
-7.430753111839294434e-02
-6.368936598300933838e-02
-5.405921116471290588e-02
-4.431102052330970764e-02
-3.482860699295997620e-02
-3.346446529030799866e-02
-3.495206311345100403e-02
-3.643967583775520325e-02
-3.792743757367134094e-02
-3.941508010029792786e-02
-4.287763312458992004e-02
-4.845224693417549133e-02
-5.508475378155708313e-02
-6.340111792087554932e-02
-7.086162269115447998e-02
-8.030255138874053955e-02
-8.615683019161224365e-02
-9.090663492679595947e-02
-9.438069164752960205e-02
-9.795667231082916260e-02
-1.017182022333145142e-01
-9.961925446987152100e-02
-9.295640885829925537e-02
-8.484788239002227783e-02
-7.825823128223419189e-02
-7.354353368282318115e-02
-7.037331163883209229e-02
-6.883637607097625732e-02
-6.723313033580780029e-02
-6.462298333644866943e-02
-6.201292946934700012e-02
-6.028418615460395813e-02
-6.595818698406219482e-02
-7.349927723407745361e-02
-8.145974576473236084e-02
-8.767922222614288330e-02
-9.158553183078765869e-02
-9.350337088108062744e-02
-9.173040091991424561e-02
-8.845351636409759521e-02
-8.520103991031646729e-02
-8.021239936351776123e-02
-7.574574649333953857e-02
-7.019592821598052979e-02
-6.524731218814849854e-02
-5.989961698651313782e-02
-5.945755913853645325e-02
-6.044526770710945129e-02
-6.587724387645721436e-02
-7.270695269107818604e-02
-8.440504968166351318e-02
-9.987871348857879639e-02
-1.064102500677108765e-01
-1.142035573720932007e-01
-1.240132600069046021e-01
-1.303051561117172241e-01
-1.311850398778915405e-01
-1.320649236440658569e-01
-1.312864571809768677e-01
-1.244881600141525269e-01
-1.169127374887466431e-01
-1.093374341726303101e-01
-1.633652299642562866e-01
-1.518037170171737671e-01
-1.538852304220199585e-01
-1.566251963376998901e-01
-1.594875603914260864e-01
-1.626362055540084839e-01
-1.657377630472183228e-01
-1.684746593236923218e-01
-1.708584874868392944e-01
-1.732419878244400024e-01
-1.722004562616348267e-01
-1.711863130331039429e-01
-1.731874197721481323e-01
-1.728388816118240356e-01
-1.664051562547683716e-01
-1.599708944559097290e-01
-1.535369306802749634e-01
-1.457183510065078735e-01
-1.372199505567550659e-01
-1.290877908468246460e-01
-1.209558993577957153e-01
-1.100281327962875366e-01
-1.000232845544815063e-01
-9.546856582164764404e-02
-9.113873541355133057e-02
-8.802004158496856689e-02
-8.615045249462127686e-02
-8.676652610301971436e-02
-8.920751512050628662e-02
-9.263031184673309326e-02
-1.047743707895278931e-01
-1.165935546159744263e-01
-1.242871135473251343e-01
-1.226857751607894897e-01
-1.175082474946975708e-01
-1.118696182966232300e-01
-1.035277992486953735e-01
-9.368516504764556885e-02
-8.105276525020599365e-02
-6.926934421062469482e-02
-6.073166802525520325e-02
-5.219348147511482239e-02
-4.483555629849433899e-02
-3.967820480465888977e-02
-3.732456639409065247e-02
-3.741248324513435364e-02
-3.956894949078559875e-02
-4.292230680584907532e-02
-4.694576933979988098e-02
-5.112631991505622864e-02
-5.565211549401283264e-02
-6.177626922726631165e-02
-6.763768196105957031e-02
-7.341840863227844238e-02
-7.973000407218933105e-02
-9.206140041351318359e-02
-1.053658276796340942e-01
-1.210368275642395020e-01
-1.295228004455566406e-01
-1.342482715845108032e-01
-1.354262530803680420e-01
-1.351674646139144897e-01
-1.286248713731765747e-01
-1.195195764303207397e-01
-1.064225882291793823e-01
-9.497669339179992676e-02
-8.602373301982879639e-02
-7.597883045673370361e-02
-6.574214994907379150e-02
-5.536710098385810852e-02
-4.587990418076515198e-02
-3.608769550919532776e-02
-3.014557436108589172e-02
-3.163323178887367249e-02
-3.312088921666145325e-02
-3.465235605835914612e-02
-3.761707618832588196e-02
-4.512633755803108215e-02
-5.247910693287849426e-02
-5.777164176106452942e-02
-6.470881402492523193e-02
-7.101525366306304932e-02
-7.682590186595916748e-02
-8.201558887958526611e-02
-8.548940718173980713e-02
-8.915533125400543213e-02
-9.087000787258148193e-02
-9.226430952548980713e-02
-9.237481653690338135e-02
-8.510382473468780518e-02
-7.731564342975616455e-02
-7.193358242511749268e-02
-6.848038733005523682e-02
-6.798233091831207275e-02
-6.683303415775299072e-02
-6.422300636768341064e-02
-6.161301210522651672e-02
-5.970599129796028137e-02
-5.817608907818794250e-02
-6.126837804913520813e-02
-6.922872364521026611e-02
-7.765819132328033447e-02
-8.431412279605865479e-02
-8.888100087642669678e-02
-9.046874940395355225e-02
-9.014408290386199951e-02
-8.829258382320404053e-02
-8.520536124706268311e-02
-8.115713298320770264e-02
-7.664535939693450928e-02
-7.178936898708343506e-02
-6.673957407474517822e-02
-6.178371980786323547e-02
-6.254963576793670654e-02
-6.380562484264373779e-02
-7.063548266887664795e-02
-7.823924720287322998e-02
-9.543599188327789307e-02
-1.132676154375076294e-01
-1.206141859292984009e-01
-1.301691979169845581e-01
-1.381209045648574829e-01
-1.384975165128707886e-01
-1.381275802850723267e-01
-1.335430592298507690e-01
-1.279051154851913452e-01
-1.212486773729324341e-01
-1.143056601285934448e-01
-1.073625534772872925e-01
-1.730612069368362427e-01
-1.633162051439285278e-01
-1.647306829690933228e-01
-1.657011061906814575e-01
-1.673188060522079468e-01
-1.693347245454788208e-01
-1.721732169389724731e-01
-1.744877845048904419e-01
-1.756495982408523560e-01
-1.762969344854354858e-01
-1.748291701078414917e-01
-1.733616441488265991e-01
-1.746636480093002319e-01
-1.781056374311447144e-01
-1.719036251306533813e-01
-1.663537472486495972e-01
-1.613988131284713745e-01
-1.548603624105453491e-01
-1.467042118310928345e-01
-1.383372396230697632e-01
-1.299705058336257935e-01
-1.194411367177963257e-01
-1.096286624670028687e-01
-1.029798239469528198e-01
-9.802164137363433838e-02
-9.371997416019439697e-02
-8.952717483043670654e-02
-8.796970546245574951e-02
-9.042711555957794189e-02
-9.316511452198028564e-02
-1.039197593927383423e-01
-1.113668829202651978e-01
-1.168692857027053833e-01
-1.196409016847610474e-01
-1.126054078340530396e-01
-1.047195345163345337e-01
-9.762339293956756592e-02
-8.989648520946502686e-02
-8.065356314182281494e-02
-7.129888236522674561e-02
-6.197472289204597473e-02
-5.305613949894905090e-02
-4.497088864445686340e-02
-3.902487829327583313e-02
-3.413583710789680481e-02
-3.265546634793281555e-02
-3.403260186314582825e-02
-3.791000321507453918e-02
-4.202349856495857239e-02
-4.856378212571144104e-02
-5.468801036477088928e-02
-6.081243231892585754e-02
-6.661297380924224854e-02
-7.239364087581634521e-02
-7.831577956676483154e-02
-8.889876306056976318e-02
-1.012324690818786621e-01
-1.169034987688064575e-01
-1.313169598579406738e-01
-1.378562301397323608e-01
-1.408724337816238403e-01
-1.397190392017364502e-01
-1.296837627887725830e-01
-1.199080199003219604e-01
-1.075651198625564575e-01
-9.646546840667724609e-02
-8.716227114200592041e-02
-7.818768918514251709e-02
-6.776897609233856201e-02
-5.695757642388343811e-02
-4.713444784283638000e-02
-3.759807720780372620e-02
-2.855436876416206360e-02
-2.846788242459297180e-02
-3.145480528473854065e-02
-3.582723811268806458e-02
-4.259755089879035950e-02
-4.780653491616249084e-02
-5.220187082886695862e-02
-5.906637385487556458e-02
-6.624548137187957764e-02
-7.101501524448394775e-02
-7.293976843357086182e-02
-7.659821212291717529e-02
-7.880459725856781006e-02
-8.020435273647308350e-02
-8.163051307201385498e-02
-8.215861022472381592e-02
-8.252771198749542236e-02
-7.752723991870880127e-02
-6.982390582561492920e-02
-6.560890376567840576e-02
-6.238697841763496399e-02
-6.231953576207160950e-02
-6.197683885693550110e-02
-6.121303513646125793e-02
-5.912788584828376770e-02
-5.769415572285652161e-02
-5.692325904965400696e-02
-5.699791386723518372e-02
-6.499700248241424561e-02
-7.458107173442840576e-02
-8.204804360866546631e-02
-8.951924741268157959e-02
-9.249375760555267334e-02
-9.125833213329315186e-02
-8.908359706401824951e-02
-8.552528917789459229e-02
-8.284150063991546631e-02
-7.833190262317657471e-02
-7.357929646968841553e-02
-6.813003122806549072e-02
-6.539706885814666748e-02
-6.710071861743927002e-02
-7.082988321781158447e-02
-7.851548492908477783e-02
-9.054397046566009521e-02
-1.085929125547409058e-01
-1.271892637014389038e-01
-1.376745551824569702e-01
-1.481165736913681030e-01
-1.472368985414505005e-01
-1.430604010820388794e-01
-1.376675218343734741e-01
-1.322750598192214966e-01
-1.261267811059951782e-01
-1.192881911993026733e-01
-1.123452633619308472e-01
-1.054019182920455933e-01
-1.794039458036422729e-01
-1.690375357866287231e-01
-1.706823557615280151e-01
-1.720798760652542114e-01
-1.725750714540481567e-01
-1.736408621072769165e-01
-1.742662638425827026e-01
-1.755932122468948364e-01
-1.776109188795089722e-01
-1.785338073968887329e-01
-1.776947826147079468e-01
-1.762270182371139526e-01
-1.773549467325210571e-01
-1.816032081842422485e-01
-1.805333048105239868e-01
-1.753436475992202759e-01
-1.701543182134628296e-01
-1.631826907396316528e-01
-1.548156589269638062e-01
-1.464490145444869995e-01
-1.380824893712997437e-01
-1.288044005632400513e-01
-1.190198510885238647e-01
-1.112783998250961304e-01
-1.061573475599288940e-01
-1.010360568761825562e-01
-9.634084999561309814e-02
-9.209309518337249756e-02
-9.153084456920623779e-02
-9.090109169483184814e-02
-9.732167422771453857e-02
-1.045684069395065308e-01
-1.091860383749008179e-01
-1.102354675531387329e-01
-1.059116125106811523e-01
-9.881544113159179688e-02
-9.235860407352447510e-02
-8.898346126079559326e-02
-8.268295228481292725e-02
-7.264795899391174316e-02
-6.258782744407653809e-02
-5.391888692975044250e-02
-4.574655368924140930e-02
-3.926954045891761780e-02
-3.390932455658912659e-02
-2.897978201508522034e-02
-2.917428687214851379e-02
-3.360589221119880676e-02
-4.079600051045417786e-02
-4.759960249066352844e-02
-5.372390523552894592e-02
-5.980734899640083313e-02
-6.558826565742492676e-02
-7.136920094490051270e-02
-7.683853805065155029e-02
-8.573661744594573975e-02
-9.780471026897430420e-02
-1.127700060606002808e-01
-1.284409463405609131e-01
-1.399497091770172119e-01
-1.443241089582443237e-01
-1.424386352300643921e-01
-1.328796148300170898e-01
-1.219842135906219482e-01
-1.115348339080810547e-01
-1.013713032007217407e-01
-9.211753308773040771e-02
-8.271451294422149658e-02
-7.242469489574432373e-02
-6.163981929421424866e-02
-5.053158476948738098e-02
-4.147501662373542786e-02
-3.474864736199378967e-02
-3.119741752743721008e-02
-3.402726724743843079e-02
-3.865532949566841125e-02
-4.329714551568031311e-02
-4.685934260487556458e-02
-5.342400446534156799e-02
-6.060286238789558411e-02
-6.750161945819854736e-02
-6.949321925640106201e-02
-6.846658885478973389e-02
-6.814460456371307373e-02
-6.957076489925384521e-02
-7.081265747547149658e-02
-7.106719911098480225e-02
-7.148908078670501709e-02
-7.202877104282379150e-02
-6.958578526973724365e-02
-6.319110095500946045e-02
-5.928410962224006653e-02
-5.596112087368965149e-02
-5.560394003987312317e-02
-5.526124313473701477e-02
-5.526484921574592590e-02
-5.647962167859077454e-02
-5.726729705929756165e-02
-5.703767016530036926e-02
-5.680828168988227844e-02
-6.363578140735626221e-02
-7.372479140758514404e-02
-8.382029831409454346e-02
-9.254024922847747803e-02
-9.394292533397674561e-02
-9.242586791515350342e-02
-8.917210996150970459e-02
-8.732865750789642334e-02
-8.507095277309417725e-02
-8.131431043148040771e-02
-7.704018056392669678e-02
-7.244627177715301514e-02
-7.213513553142547607e-02
-7.455350458621978760e-02
-8.053140342235565186e-02
-9.042845666408538818e-02
-1.065957695245742798e-01
-1.251923292875289917e-01
-1.447325199842453003e-01
-1.547437161207199097e-01
-1.537023931741714478e-01
-1.481263786554336548e-01
-1.419761627912521362e-01
-1.363997012376785278e-01
-1.306065171957015991e-01
-1.242708116769790649e-01
-1.173277050256729126e-01
-1.103848069906234741e-01
-1.034416705369949341e-01
-1.836699098348617554e-01
-1.730787903070449829e-01
-1.741016954183578491e-01
-1.750983148813247681e-01
-1.754167228937149048e-01
-1.756532937288284302e-01
-1.750089973211288452e-01
-1.748179942369461060e-01
-1.757019907236099243e-01
-1.764699369668960571e-01
-1.773375421762466431e-01
-1.780448704957962036e-01
-1.800995022058486938e-01
-1.852039247751235962e-01
-1.886785179376602173e-01
-1.837245374917984009e-01
-1.784643977880477905e-01
-1.712942570447921753e-01
-1.629275232553482056e-01
-1.545606702566146851e-01
-1.461936384439468384e-01
-1.381956487894058228e-01
-1.284439414739608765e-01
-1.196677833795547485e-01
-1.145465821027755737e-01
-1.094256490468978882e-01
-1.043044775724411011e-01
-9.783835709095001221e-02
-9.093771874904632568e-02
-8.621795475482940674e-02
-9.035979211330413818e-02
-9.543536603450775146e-02
-9.703360497951507568e-02
-9.995990991592407227e-02
-1.000071465969085693e-01
-9.508451819419860840e-02
-9.170955419540405273e-02
-8.833470940589904785e-02
-8.266833424568176270e-02
-7.351627945899963379e-02
-6.328673660755157471e-02
-5.478890612721443176e-02
-4.674220457673072815e-02
-3.951430693268775940e-02
-3.373854234814643860e-02
-2.880898490548133850e-02
-2.755791321396827698e-02
-3.272956982254981995e-02
-3.994031623005867004e-02
-4.663566127419471741e-02
-5.275993421673774719e-02
-5.878273025155067444e-02
-6.456364691257476807e-02
-7.034452259540557861e-02
-7.501563429832458496e-02
-8.257390558719635010e-02
-9.464217722415924072e-02
-1.086366027593612671e-01
-1.243075281381607056e-01
-1.392236500978469849e-01
-1.427691131830215454e-01
-1.428903192281723022e-01
-1.363342553377151489e-01
-1.251123100519180298e-01
-1.162299662828445435e-01
-1.069431304931640625e-01
-9.715175628662109375e-02
-8.822833001613616943e-02
-7.920698821544647217e-02
-7.038977742195129395e-02
-6.121008470654487610e-02
-5.268718674778938293e-02
-4.501641169190406799e-02
-3.522679582238197327e-02
-3.698172047734260559e-02
-4.097657278180122375e-02
-4.399368539452552795e-02
-4.964298382401466370e-02
-5.654293671250343323e-02
-6.363220512866973877e-02
-6.832215189933776855e-02
-6.541356444358825684e-02
-6.149725988507270813e-02
-5.945904925465583801e-02
-6.006075814366340637e-02
-6.013326719403266907e-02
-6.045021489262580872e-02
-6.098990514874458313e-02
-6.152971461415290833e-02
-6.158312037587165833e-02
-5.686633661389350891e-02
-5.231152847409248352e-02
-4.946114495396614075e-02
-4.965992644429206848e-02
-5.002703145146369934e-02
-5.191801860928535461e-02
-5.395581200718879700e-02
-5.599354580044746399e-02
-5.803148820996284485e-02
-5.820276215672492981e-02
-6.390742957592010498e-02
-7.581610977649688721e-02
-8.684146404266357422e-02
-9.495900571346282959e-02
-9.527368843555450439e-02
-9.364198148250579834e-02
-9.249888360500335693e-02
-9.366790950298309326e-02
-9.149970114231109619e-02
-8.827383816242218018e-02
-8.437196910381317139e-02
-8.041064441204071045e-02
-8.194975554943084717e-02
-8.445020020008087158e-02
-9.260429441928863525e-02
-1.053087860345840454e-01
-1.231950968503952026e-01
-1.392349749803543091e-01
-1.562397629022598267e-01
-1.593781560659408569e-01
-1.532278507947921753e-01
-1.470773667097091675e-01
-1.409270018339157104e-01
-1.350862234830856323e-01
-1.288280040025711060e-01
-1.223105341196060181e-01
-1.153673976659774780e-01
-1.088361889123916626e-01
-1.014965325593948364e-01
-1.881513446569442749e-01
-1.769628971815109253e-01
-1.764403432607650757e-01
-1.759172528982162476e-01
-1.753500252962112427e-01
-1.752379089593887329e-01
-1.747412532567977905e-01
-1.759185642004013062e-01
-1.767702251672744751e-01
-1.762354522943496704e-01
-1.771031469106674194e-01
-1.779709607362747192e-01
-1.797293275594711304e-01
-1.850684136152267456e-01
-1.908304244279861450e-01
-1.882487684488296509e-01
-1.836963444948196411e-01
-1.769648939371109009e-01
-1.694336086511611938e-01
-1.619230359792709351e-01
-1.546714752912521362e-01
-1.475223749876022339e-01
-1.380106061697006226e-01
-1.288382858037948608e-01
-1.229356974363327026e-01
-1.177580803632736206e-01
-1.095691770315170288e-01
-9.942232072353363037e-02
-9.075386822223663330e-02
-8.416973054409027100e-02
-8.306592702865600586e-02
-8.419454097747802734e-02
-8.638548851013183594e-02
-8.935870230197906494e-02
-9.582199156284332275e-02
-9.443557262420654297e-02
-9.106096625328063965e-02
-8.673201501369476318e-02
-8.103691041469573975e-02
-7.371743023395538330e-02
-6.432609260082244873e-02
-5.567555502057075500e-02
-4.773818328976631165e-02
-3.989813104271888733e-02
-3.382920101284980774e-02
-3.150625899434089661e-02
-3.103760257363319397e-02
-3.335921838879585266e-02
-3.908488526940345764e-02
-4.567151144146919250e-02
-5.179590359330177307e-02
-5.775815621018409729e-02
-6.353898346424102783e-02
-6.923018395900726318e-02
-7.319283485412597656e-02
-7.948783040046691895e-02
-9.147949516773223877e-02
-1.045033186674118042e-01
-1.200625002384185791e-01
-1.318744570016860962e-01
-1.404032260179519653e-01
-1.414020359516143799e-01
-1.385259926319122314e-01
-1.287658363580703735e-01
-1.210184544324874878e-01
-1.127314865589141846e-01
-1.049718856811523438e-01
-9.739907085895538330e-02
-9.044319391250610352e-02
-8.205100893974304199e-02
-7.258735597133636475e-02
-6.088109686970710754e-02
-5.022219195961952209e-02
-4.387356713414192200e-02
-4.076932743191719055e-02
-4.398855939507484436e-02
-4.901953414082527161e-02
-5.567635968327522278e-02
-6.233722344040870667e-02
-6.697839498519897461e-02
-6.480610370635986328e-02
-6.058444455265998840e-02
-5.673922970890998840e-02
-5.193286016583442688e-02
-5.071302130818367004e-02
-5.105798318982124329e-02
-5.141523852944374084e-02
-5.177274718880653381e-02
-5.246764793992042542e-02
-5.336679890751838684e-02
-5.195403471589088440e-02
-4.700108245015144348e-02
-4.538929834961891174e-02
-4.551677778363227844e-02
-4.736231639981269836e-02
-4.939420893788337708e-02
-5.143189802765846252e-02
-5.346972122788429260e-02
-5.594315007328987122e-02
-6.115468218922615051e-02
-6.599853932857513428e-02
-7.928164303302764893e-02
-9.272494912147521973e-02
-1.014593094587326050e-01
-1.015368849039077759e-01
-1.004527658224105835e-01
-1.020461171865463257e-01
-1.022901386022567749e-01
-1.000068932771682739e-01
-9.638150036334991455e-02
-9.251777827739715576e-02
-8.954347670078277588e-02
-9.182201325893402100e-02
-9.558181464672088623e-02
-1.074844449758529663e-01
-1.177469640970230103e-01
-1.324209719896316528e-01
-1.488765925168991089e-01
-1.602768450975418091e-01
-1.583292335271835327e-01
-1.521788686513900757e-01
-1.460286229848861694e-01
-1.400178223848342896e-01
-1.339657753705978394e-01
-1.282448023557662964e-01
-1.220826059579849243e-01
-1.156771630048751831e-01
-1.077745705842971802e-01
-9.878246486186981201e-02
-1.831340938806533813e-01
-1.756135076284408569e-01
-1.768931299448013306e-01
-1.768218129873275757e-01
-1.776846200227737427e-01
-1.781992465257644653e-01
-1.783910244703292847e-01
-1.789117008447647095e-01
-1.795082837343215942e-01
-1.787251383066177368e-01
-1.774601191282272339e-01
-1.777366846799850464e-01
-1.789637655019760132e-01
-1.843028813600540161e-01
-1.899479776620864868e-01
-1.915054768323898315e-01
-1.869529634714126587e-01
-1.800231784582138062e-01
-1.722939759492874146e-01
-1.645912677049636841e-01
-1.585155874490737915e-01
-1.529907435178756714e-01
-1.446572393178939819e-01
-1.363743990659713745e-01
-1.293050199747085571e-01
-1.207461804151535034e-01
-1.105992943048477173e-01
-1.004523485898971558e-01
-9.060548245906829834e-02
-7.909120619297027588e-02
-7.778014242649078369e-02
-7.762761414051055908e-02
-7.968950271606445312e-02
-8.415038883686065674e-02
-9.064695239067077637e-02
-9.370619058609008789e-02
-8.933830261230468750e-02
-8.485819399356842041e-02
-7.922516763210296631e-02
-7.306568324565887451e-02
-6.531892716884613037e-02
-5.657449737191200256e-02
-4.873401299118995667e-02
-4.185508564114570618e-02
-3.802197054028511047e-02
-3.587152436375617981e-02
-3.545892611145973206e-02
-3.630115464329719543e-02
-3.994191065430641174e-02
-4.470740631222724915e-02
-5.083179846405982971e-02
-5.673341825604438782e-02
-6.251430511474609375e-02
-6.740714609622955322e-02
-7.136999070644378662e-02
-7.707415521144866943e-02
-8.835007250308990479e-02
-1.004531234502792358e-01
-1.137505620718002319e-01
-1.239877790212631226e-01
-1.333356946706771851e-01
-1.395487636327743530e-01
-1.384750157594680786e-01
-1.355673670768737793e-01
-1.292273104190826416e-01
-1.231962591409683228e-01
-1.160519868135452271e-01
-1.079440861940383911e-01
-1.004018187522888184e-01
-9.102098643779754639e-02
-7.872445881366729736e-02
-6.618434190750122070e-02
-5.757066980004310608e-02
-5.251169577240943909e-02
-4.676798358559608459e-02
-4.857428744435310364e-02
-5.504855886101722717e-02
-6.117371097207069397e-02
-6.469389796257019043e-02
-6.552603840827941895e-02
-6.162329390645027161e-02
-5.739225819706916809e-02
-5.237560346722602844e-02
-4.739879444241523743e-02
-4.472856596112251282e-02
-4.519944265484809875e-02
-4.567008092999458313e-02
-4.614109173417091370e-02
-4.661170020699501038e-02
-4.725888743996620178e-02
-4.713882878422737122e-02
-4.381242766976356506e-02
-4.280440881848335266e-02
-4.447171464562416077e-02
-4.632732644677162170e-02
-4.846665635704994202e-02
-5.095471814274787903e-02
-5.563436821103096008e-02
-6.170550361275672913e-02
-6.845615804195404053e-02
-7.520671188831329346e-02
-8.754967153072357178e-02
-1.030075699090957642e-01
-1.090087145566940308e-01
-1.086228936910629272e-01
-1.100467592477798462e-01
-1.115927547216415405e-01
-1.108338385820388794e-01
-1.083107441663742065e-01
-1.044891923666000366e-01
-1.006634086370468140e-01
-9.935818612575531006e-02
-1.019197553396224976e-01
-1.056957989931106567e-01
-1.144778281450271606e-01
-1.259875148534774780e-01
-1.405735164880752563e-01
-1.537131518125534058e-01
-1.585106104612350464e-01
-1.581842154264450073e-01
-1.525711268186569214e-01
-1.469584554433822632e-01
-1.411447376012802124e-01
-1.346662789583206177e-01
-1.288619786500930786e-01
-1.225181668996810913e-01
-1.140525788068771362e-01
-1.050604730844497681e-01
-9.606827795505523682e-02
-1.762519627809524536e-01
-1.711600571870803833e-01
-1.760132163763046265e-01
-1.795071810483932495e-01
-1.818648725748062134e-01
-1.830081194639205933e-01
-1.831998080015182495e-01
-1.833913773298263550e-01
-1.827926784753799438e-01
-1.805448383092880249e-01
-1.793411523103713989e-01
-1.789730638265609741e-01
-1.786883324384689331e-01
-1.835375279188156128e-01
-1.890656203031539917e-01
-1.938087791204452515e-01
-1.902102082967758179e-01
-1.830814331769943237e-01
-1.753522902727127075e-01
-1.676228791475296021e-01
-1.620332747697830200e-01
-1.565768271684646606e-01
-1.483122259378433228e-01
-1.370798796415328979e-01
-1.252736300230026245e-01
-1.162178367376327515e-01
-1.071101874113082886e-01
-9.480731189250946045e-02
-8.462060987949371338e-02
-7.548199594020843506e-02
-7.263578474521636963e-02
-7.551576197147369385e-02
-7.895833253860473633e-02
-8.269487321376800537e-02
-8.686938881874084473e-02
-9.033501148223876953e-02
-8.732007443904876709e-02
-8.298444747924804688e-02
-7.747124135494232178e-02
-7.131715118885040283e-02
-6.518623232841491699e-02
-5.761307850480079651e-02
-5.177092924714088440e-02
-4.691763594746589661e-02
-4.233336821198463440e-02
-4.038381949067115784e-02
-3.996904566884040833e-02
-3.980355337262153625e-02
-4.234695807099342346e-02
-4.589827731251716614e-02
-4.986778274178504944e-02
-5.570879951119422913e-02
-6.150801852345466614e-02
-6.566485762596130371e-02
-6.968975067138671875e-02
-7.486535608768463135e-02
-8.542162179946899414e-02
-9.604904055595397949e-02
-1.058787405490875244e-01
-1.161163151264190674e-01
-1.273151487112045288e-01
-1.378849595785140991e-01
-1.434691250324249268e-01
-1.430090665817260742e-01
-1.394063383340835571e-01
-1.338065713644027710e-01
-1.257954686880111694e-01
-1.167552918195724487e-01
-1.057669818401336670e-01
-9.542033076286315918e-02
-8.384151756763458252e-02
-7.412850856781005859e-02
-6.556268036365509033e-02
-6.031449511647224426e-02
-5.510047450661659241e-02
-5.527376011013984680e-02
-5.846645310521125793e-02
-6.198653951287269592e-02
-6.450580060482025146e-02
-6.267236173152923584e-02
-5.852496996521949768e-02
-5.405000224709510803e-02
-4.966748133301734924e-02
-4.547745361924171448e-02
-4.150897637009620667e-02
-4.116353765130043030e-02
-4.163439944386482239e-02
-4.210512712597846985e-02
-4.214132204651832581e-02
-4.257995262742042542e-02
-4.579745605587959290e-02
-4.483348503708839417e-02
-4.536487534642219543e-02
-4.785783961415290833e-02
-5.077328160405158997e-02
-5.405462160706520081e-02
-5.929519608616828918e-02
-6.480722129344940186e-02
-7.151448726654052734e-02
-7.826495170593261719e-02
-8.501569926738739014e-02
-9.467740356922149658e-02
-1.117542535066604614e-01
-1.180151551961898804e-01
-1.187391728162765503e-01
-1.206196099519729614e-01
-1.209608465433120728e-01
-1.199916750192642212e-01
-1.168502122163772583e-01
-1.128465086221694946e-01
-1.082870513200759888e-01
-1.050850898027420044e-01
-1.051003485918045044e-01
-1.123313754796981812e-01
-1.211728900671005249e-01
-1.330804079771041870e-01
-1.476338952779769897e-01
-1.537570804357528687e-01
-1.587737053632736206e-01
-1.595313102006912231e-01
-1.539186090230941772e-01
-1.483057588338851929e-01
-1.419811695814132690e-01
-1.355025917291641235e-01
-1.292883902788162231e-01
-1.203305572271347046e-01
-1.113386303186416626e-01
-1.023465245962142944e-01
-9.313173592090606689e-02
-1.699525564908981323e-01
-1.682135611772537231e-01
-1.741254776716232300e-01
-1.791940778493881226e-01
-1.832175403833389282e-01
-1.849863380193710327e-01
-1.866409927606582642e-01
-1.881931275129318237e-01
-1.870204657316207886e-01
-1.845827549695968628e-01
-1.821453124284744263e-01
-1.800476163625717163e-01
-1.794292777776718140e-01
-1.834205538034439087e-01
-1.885620802640914917e-01
-1.944030970335006714e-01
-1.934673935174942017e-01
-1.861398667097091675e-01
-1.784105151891708374e-01
-1.713057607412338257e-01
-1.661015003919601440e-01
-1.598208397626876831e-01
-1.471972018480300903e-01
-1.333756595849990845e-01
-1.207175403833389282e-01
-1.105304211378097534e-01
-9.786139428615570068e-02
-8.646802604198455811e-02
-7.674461603164672852e-02
-6.847804784774780273e-02
-6.626763939857482910e-02
-7.080154120922088623e-02
-7.533530890941619873e-02
-7.966172695159912109e-02
-8.309023082256317139e-02
-8.698432147502899170e-02
-8.595408499240875244e-02
-8.088569343090057373e-02
-7.566571235656738281e-02
-6.956858932971954346e-02
-6.447961926460266113e-02
-6.115138903260231018e-02
-5.683368816971778870e-02
-5.198030546307563782e-02
-4.712696745991706848e-02
-4.521951451897621155e-02
-4.447910562157630920e-02
-4.431379213929176331e-02
-4.536408558487892151e-02
-4.801823571324348450e-02
-5.162853375077247620e-02
-5.489558354020118713e-02
-6.005096808075904846e-02
-6.407597661018371582e-02
-6.810083985328674316e-02
-7.278896868228912354e-02
-8.182621002197265625e-02
-9.030857682228088379e-02
-1.008980572223663330e-01
-1.131030470132827759e-01
-1.255720406770706177e-01
-1.367460489273071289e-01
-1.474110037088394165e-01
-1.498100161552429199e-01
-1.472977548837661743e-01
-1.419995278120040894e-01
-1.316564232110977173e-01
-1.206479370594024658e-01
-1.098248958587646484e-01
-9.960551559925079346e-02
-9.090234339237213135e-02
-8.195511996746063232e-02
-7.428154349327087402e-02
-6.840083003044128418e-02
-6.418919563293457031e-02
-5.985112860798835754e-02
-5.993798747658729553e-02
-6.396321952342987061e-02
-6.444887816905975342e-02
-6.083807721734046936e-02
-5.636281147599220276e-02
-5.203307047486305237e-02
-4.784302785992622375e-02
-4.365297034382820129e-02
-3.984627500176429749e-02
-3.814338520169258118e-02
-3.924632444977760315e-02
-3.998594358563423157e-02
-3.914982452988624573e-02
-4.177481308579444885e-02
-4.803631082177162170e-02
-5.109049752354621887e-02
-5.336378887295722961e-02
-5.627909675240516663e-02
-6.068832054734230042e-02
-6.592863798141479492e-02
-7.116910815238952637e-02
-7.700195908546447754e-02
-8.332438766956329346e-02
-8.964680135250091553e-02
-9.596942365169525146e-02
-1.041931062936782837e-01
-1.185285001993179321e-01
-1.240309625864028931e-01
-1.284155994653701782e-01
-1.316789835691452026e-01
-1.309931129217147827e-01
-1.297190934419631958e-01
-1.253777593374252319e-01
-1.177726835012435913e-01
-1.107990294694900513e-01
-1.099709123373031616e-01
-1.131304949522018433e-01
-1.202401965856552124e-01
-1.271227449178695679e-01
-1.414939612150192261e-01
-1.495687514543533325e-01
-1.542524248361587524e-01
-1.591349095106124878e-01
-1.608785539865493774e-01
-1.552657037973403931e-01
-1.492964774370193481e-01
-1.428179293870925903e-01
-1.357390433549880981e-01
-1.266085058450698853e-01
-1.176163703203201294e-01
-1.078865379095077515e-01
-9.779368340969085693e-02
-8.734939992427825928e-02
-1.600997298955917358e-01
-1.592733114957809448e-01
-1.673233360052108765e-01
-1.753538697957992554e-01
-1.812085062265396118e-01
-1.855248659849166870e-01
-1.880723685026168823e-01
-1.897273808717727661e-01
-1.894297748804092407e-01
-1.884551495313644409e-01
-1.863726228475570679e-01
-1.839349120855331421e-01
-1.814971715211868286e-01
-1.832284182310104370e-01
-1.873990744352340698e-01
-1.941058486700057983e-01
-1.967162638902664185e-01
-1.892602890729904175e-01
-1.814706176519393921e-01
-1.753739565610885620e-01
-1.677630394697189331e-01
-1.575330048799514771e-01
-1.443513184785842896e-01
-1.303963512182235718e-01
-1.143534034490585327e-01
-1.009157150983810425e-01
-8.964724838733673096e-02
-7.867258787155151367e-02
-7.127456367015838623e-02
-6.586185097694396973e-02
-6.194740906357765198e-02
-6.510023772716522217e-02
-6.930679082870483398e-02
-7.273542881011962891e-02
-7.616402208805084229e-02
-7.959285378456115723e-02
-8.239725232124328613e-02
-7.720141112804412842e-02
-7.085701823234558105e-02
-6.689409911632537842e-02
-6.605352461338043213e-02
-6.457023322582244873e-02
-6.119130924344062805e-02
-5.686410143971443176e-02
-5.270257964730262756e-02
-5.012873187661170959e-02
-4.910280182957649231e-02
-4.899938777089118958e-02
-4.892497137188911438e-02
-5.044567957520484924e-02
-5.385582521557807922e-02
-5.712288990616798401e-02
-5.892560258507728577e-02
-6.248720362782478333e-02
-6.702212989330291748e-02
-7.302756607532501221e-02
-7.960724830627441406e-02
-8.913332223892211914e-02
-9.851530194282531738e-02
-1.109287291765213013e-01
-1.239390522241592407e-01
-1.357195675373077393e-01
-1.481410712003707886e-01
-1.543904393911361694e-01
-1.502026021480560303e-01
-1.432567089796066284e-01
-1.364237368106842041e-01
-1.245408207178115845e-01
-1.139594465494155884e-01
-1.039881706237792969e-01
-9.759354591369628906e-02
-9.081210196018218994e-02
-8.322869241237640381e-02
-7.582096755504608154e-02
-7.137851417064666748e-02
-6.693926453590393066e-02
-6.518496572971343994e-02
-6.533685326576232910e-02
-6.281328201293945312e-02
-5.942501500248908997e-02
-5.578013136982917786e-02
-5.222247913479804993e-02
-4.866475239396095276e-02
-4.510680213570594788e-02
-4.154919460415840149e-02
-3.833870962262153625e-02
-3.934380784630775452e-02
-3.936373069882392883e-02
-4.031803086400032043e-02
-4.519836977124214172e-02
-5.271482840180397034e-02
-5.887127295136451721e-02
-6.208147481083869934e-02
-6.732188165187835693e-02
-7.256212830543518066e-02
-7.780252397060394287e-02
-8.318942785263061523e-02
-8.951172232627868652e-02
-9.583447873592376709e-02
-1.021568328142166138e-01
-1.082725375890731812e-01
-1.173010617494583130e-01
-1.281680017709732056e-01
-1.341193169355392456e-01
-1.380143016576766968e-01
-1.411860138177871704e-01
-1.412396281957626343e-01
-1.363375037908554077e-01
-1.292153149843215942e-01
-1.218466609716415405e-01
-1.165729016065597534e-01
-1.179314702749252319e-01
-1.198622733354568481e-01
-1.260170191526412964e-01
-1.363802701234817505e-01
-1.465886086225509644e-01
-1.512728780508041382e-01
-1.559563428163528442e-01
-1.608871966600418091e-01
-1.636301726102828979e-01
-1.578342169523239136e-01
-1.511731296777725220e-01
-1.433490365743637085e-01
-1.339499503374099731e-01
-1.231350749731063843e-01
-1.128594130277633667e-01
-1.025839000940322876e-01
-9.234230220317840576e-02
-8.127282559871673584e-02
-1.502476781606674194e-01
-1.499312072992324829e-01
-1.579618304967880249e-01
-1.658691614866256714e-01
-1.731969565153121948e-01
-1.805242747068405151e-01
-1.871039122343063354e-01
-1.911584585905075073e-01
-1.902798861265182495e-01
-1.893054097890853882e-01
-1.883307844400405884e-01
-1.873560100793838501e-01
-1.857250779867172241e-01
-1.859932392835617065e-01
-1.886201649904251099e-01
-1.928169578313827515e-01
-1.975777000188827515e-01
-1.927831619977951050e-01
-1.842941492795944214e-01
-1.748241037130355835e-01
-1.644719690084457397e-01
-1.542422920465469360e-01
-1.409963816404342651e-01
-1.233576387166976929e-01
-1.073859184980392456e-01
-9.351147711277008057e-02
-8.229751884937286377e-02
-7.481239736080169678e-02
-6.865851581096649170e-02
-6.249000504612922668e-02
-5.773684754967689514e-02
-5.905720964074134827e-02
-6.238080933690071106e-02
-6.580941379070281982e-02
-6.923805177211761475e-02
-7.266665995121002197e-02
-7.609514892101287842e-02
-7.418653368949890137e-02
-6.931370496749877930e-02
-6.528446078300476074e-02
-6.258934736251831055e-02
-6.228223815560340881e-02
-6.076898053288459778e-02
-5.861017480492591858e-02
-5.594745650887489319e-02
-5.388877168297767639e-02
-5.314001813530921936e-02
-5.293351784348487854e-02
-5.298522487282752991e-02
-5.317275598645210266e-02
-5.597761645913124084e-02
-5.900244787335395813e-02
-6.241877749562263489e-02
-6.583550572395324707e-02
-7.074601948261260986e-02
-7.334823906421661377e-02
-7.843197882175445557e-02
-8.787614107131958008e-02
-9.672376513481140137e-02
-1.095102131366729736e-01
-1.223314106464385986e-01
-1.337240487337112427e-01
-1.443764120340347290e-01
-1.495935618877410889e-01
-1.506604701280593872e-01
-1.445702761411666870e-01
-1.383349746465682983e-01
-1.296857148408889771e-01
-1.189378350973129272e-01
-1.121468544006347656e-01
-1.063273549079895020e-01
-9.895601868629455566e-02
-8.961482346057891846e-02
-8.415134251117706299e-02
-7.975260913372039795e-02
-7.612843811511993408e-02
-7.302920520305633545e-02
-6.707525253295898438e-02
-6.458806991577148438e-02
-6.104082241654396057e-02
-5.748296156525611877e-02
-5.392521992325782776e-02
-5.107073858380317688e-02
-4.836878553032875061e-02
-4.566681757569313049e-02
-4.273224249482154846e-02
-4.019534960389137268e-02
-4.085664823651313782e-02
-4.326640442013740540e-02
-4.969865456223487854e-02
-5.793834105134010315e-02
-6.760177016258239746e-02
-7.395450770854949951e-02
-7.919581234455108643e-02
-8.443623781204223633e-02
-8.967651426792144775e-02
-9.569928050041198730e-02
-1.020216196775436401e-01
-1.083441823720932007e-01
-1.143204122781753540e-01
-1.229728162288665771e-01
-1.307345628738403320e-01
-1.399647593498229980e-01
-1.461728811264038086e-01
-1.482593119144439697e-01
-1.466381996870040894e-01
-1.439055353403091431e-01
-1.406932026147842407e-01
-1.360153704881668091e-01
-1.288328915834426880e-01
-1.239863187074661255e-01
-1.239203065633773804e-01
-1.270478516817092896e-01
-1.344266384840011597e-01
-1.441607624292373657e-01
-1.484162658452987671e-01
-1.529763489961624146e-01
-1.576602905988693237e-01
-1.626391559839248657e-01
-1.664664000272750854e-01
-1.601594835519790649e-01
-1.511052697896957397e-01
-1.407565027475357056e-01
-1.304084211587905884e-01
-1.193939298391342163e-01
-1.089167743921279907e-01
-9.880413115024566650e-02
-8.821363747119903564e-02
-7.730697095394134521e-02
-1.411945670843124390e-01
-1.408352106809616089e-01
-1.486000567674636841e-01
-1.562201231718063354e-01
-1.635479778051376343e-01
-1.708758622407913208e-01
-1.782031208276748657e-01
-1.850456148386001587e-01
-1.890050917863845825e-01
-1.898905485868453979e-01
-1.891809850931167603e-01
-1.882061511278152466e-01
-1.872321218252182007e-01
-1.884320825338363647e-01
-1.917093843221664429e-01
-1.946616023778915405e-01
-1.986276954412460327e-01
-1.933067888021469116e-01
-1.817287355661392212e-01
-1.720351725816726685e-01
-1.617404073476791382e-01
-1.489868611097335815e-01
-1.333377212285995483e-01
-1.169341057538986206e-01
-1.012551635503768921e-01
-8.832271397113800049e-02
-8.061566948890686035e-02
-7.290892302989959717e-02
-6.622581183910369873e-02
-5.908993259072303772e-02
-5.296047404408454895e-02
-5.362218990921974182e-02
-5.545442178845405579e-02
-5.888319388031959534e-02
-6.231168285012245178e-02
-6.574036180973052979e-02
-6.955642998218536377e-02
-7.524897158145904541e-02
-7.119223475456237793e-02
-6.666530668735504150e-02
-6.302429735660552979e-02
-6.031108275055885315e-02
-5.880916491150856018e-02
-5.702767148613929749e-02
-5.585658922791481018e-02
-5.388787761330604553e-02
-5.304973199963569641e-02
-5.328375473618507385e-02
-5.408329144120216370e-02
-5.565438047051429749e-02
-6.009954586625099182e-02
-6.447906792163848877e-02
-6.813041865825653076e-02
-7.168982923030853271e-02
-7.278183102607727051e-02
-7.318188250064849854e-02
-7.796455919742584229e-02
-8.683626353740692139e-02
-9.616410732269287109e-02
-1.065395474433898926e-01
-1.166330426931381226e-01
-1.273481249809265137e-01
-1.381366997957229614e-01
-1.443345099687576294e-01
-1.489649266004562378e-01
-1.474056094884872437e-01
-1.407731771469116211e-01
-1.350782066583633423e-01
-1.289250850677490234e-01
-1.219637244939804077e-01
-1.133520454168319702e-01
-1.059861183166503906e-01
-1.001690179109573364e-01
-9.545773267745971680e-02
-9.015648066997528076e-02
-8.677041530609130859e-02
-8.005605638027191162e-02
-7.185196876525878906e-02
-6.680920720100402832e-02
-6.410744786262512207e-02
-6.140540912747383118e-02
-5.870348587632179260e-02
-5.600151792168617249e-02
-5.329962447285652161e-02
-5.042466893792152405e-02
-4.594682529568672180e-02
-4.245248809456825256e-02
-4.272480681538581848e-02
-4.668245092034339905e-02
-5.514885857701301575e-02
-6.571328639984130859e-02
-7.627779245376586914e-02
-8.541911840438842773e-02
-9.106963872909545898e-02
-9.630997478961944580e-02
-1.019493341445922852e-01
-1.087309867143630981e-01
-1.155911087989807129e-01
-1.221487373113632202e-01
-1.298384815454483032e-01
-1.388306319713592529e-01
-1.458958387374877930e-01
-1.521864235401153564e-01
-1.521150171756744385e-01
-1.513718068599700928e-01
-1.496413797140121460e-01
-1.465712040662765503e-01
-1.438490003347396851e-01
-1.385999470949172974e-01
-1.311348825693130493e-01
-1.307271271944046021e-01
-1.307435184717178345e-01
-1.366148442029953003e-01
-1.446660608053207397e-01
-1.485655158758163452e-01
-1.528212279081344604e-01
-1.570769995450973511e-01
-1.613324731588363647e-01
-1.658505052328109741e-01
-1.690758913755416870e-01
-1.585958451032638550e-01
-1.474468261003494263e-01
-1.359594315290451050e-01
-1.245645135641098022e-01
-1.127712279558181763e-01
-1.017438918352127075e-01
-9.060074388980865479e-02
-7.881538569927215576e-02
-6.702975928783416748e-02
-1.327984482049942017e-01
-1.329403072595596313e-01
-1.404369026422500610e-01
-1.472360640764236450e-01
-1.540295630693435669e-01
-1.612267643213272095e-01
-1.685544699430465698e-01
-1.748159974813461304e-01
-1.795140653848648071e-01
-1.841388791799545288e-01
-1.875728219747543335e-01
-1.884555667638778687e-01
-1.880819946527481079e-01
-1.887511461973190308e-01
-1.922479718923568726e-01
-1.954209655523300171e-01
-1.959177106618881226e-01
-1.888614147901535034e-01
-1.785390526056289673e-01
-1.680714637041091919e-01
-1.540551930665969849e-01
-1.419405490159988403e-01
-1.276138275861740112e-01
-1.113723367452621460e-01
-9.857608377933502197e-02
-8.748637139797210693e-02
-7.893383502960205078e-02
-7.122710347175598145e-02
-6.446813046932220459e-02
-5.559181049466133118e-02
-4.765940085053443909e-02
-4.818690195679664612e-02
-4.884885624051094055e-02
-5.196422711014747620e-02
-5.545495823025703430e-02
-6.041342392563819885e-02
-6.689088046550750732e-02
-7.351551949977874756e-02
-7.322077453136444092e-02
-6.895735859870910645e-02
-6.527407467365264893e-02
-6.174098327755928040e-02
-5.854130163788795471e-02
-5.607167258858680725e-02
-5.534282699227333069e-02
-5.388702824711799622e-02
-5.353492870926856995e-02
-5.561139062047004700e-02
-5.797990038990974426e-02
-5.984852090477943420e-02
-6.247708573937416077e-02
-6.619574129581451416e-02
-7.078798115253448486e-02
-7.350125908851623535e-02
-7.352940738201141357e-02
-7.355743646621704102e-02
-7.620860636234283447e-02
-8.334274590015411377e-02
-9.031181037425994873e-02
-9.844966232776641846e-02
-1.090407073497772217e-01
-1.218336969614028931e-01
-1.342205256223678589e-01
-1.419303268194198608e-01
-1.475924849510192871e-01
-1.516494005918502808e-01
-1.470391005277633667e-01
-1.436358541250228882e-01
-1.382193714380264282e-01
-1.301700025796890259e-01
-1.220320016145706177e-01
-1.153625100851058960e-01
-1.107623279094696045e-01
-1.058235466480255127e-01
-1.010223776102066040e-01
-9.528365731239318848e-02
-8.787819743156433105e-02
-8.013103902339935303e-02
-7.301616668701171875e-02
-6.903831660747528076e-02
-6.633634865283966064e-02
-6.363454461097717285e-02
-6.093256548047065735e-02
-5.811715498566627502e-02
-5.390856042504310608e-02
-5.002639070153236389e-02
-4.614434018731117249e-02
-4.501295462250709534e-02
-5.326037481427192688e-02
-6.382484734058380127e-02
-7.438929378986358643e-02
-8.518432080745697021e-02
-9.765189886093139648e-02
-1.042491346597671509e-01
-1.100269854068756104e-01
-1.167770773172378540e-01
-1.236369013786315918e-01
-1.302389949560165405e-01
-1.371741145849227905e-01
-1.467176824808120728e-01
-1.507232487201690674e-01
-1.552887260913848877e-01
-1.593777835369110107e-01
-1.561051756143569946e-01
-1.544841378927230835e-01
-1.523541957139968872e-01
-1.497274786233901978e-01
-1.445711702108383179e-01
-1.372590512037277222e-01
-1.328062266111373901e-01
-1.348678618669509888e-01
-1.383619159460067749e-01
-1.468546241521835327e-01
-1.485922783613204956e-01
-1.522293835878372192e-01
-1.556016653776168823e-01
-1.583778113126754761e-01
-1.606489568948745728e-01
-1.630215495824813843e-01
-1.625585108995437622e-01
-1.517133265733718872e-01
-1.400535255670547485e-01
-1.284772306680679321e-01
-1.170248240232467651e-01
-1.052320152521133423e-01
-9.335170686244964600e-02
-8.113835752010345459e-02
-6.927342712879180908e-02
-5.762593820691108704e-02
-1.272762268781661987e-01
-1.254463046789169312e-01
-1.322596222162246704e-01
-1.390535980463027954e-01
-1.458474248647689819e-01
-1.526414602994918823e-01
-1.594351083040237427e-01
-1.645945757627487183e-01
-1.692845970392227173e-01
-1.739826649427413940e-01
-1.786807030439376831e-01
-1.827889531850814819e-01
-1.852194517850875854e-01
-1.877226084470748901e-01
-1.904071420431137085e-01
-1.897388547658920288e-01
-1.887247413396835327e-01
-1.841472238302230835e-01
-1.750245541334152222e-01
-1.601999849081039429e-01
-1.474268883466720581e-01
-1.349192112684249878e-01
-1.226525157690048218e-01
-1.109708994626998901e-01
-9.872256219387054443e-02
-8.708299696445465088e-02
-7.725204527378082275e-02
-6.954534351825714111e-02
-6.117415800690650940e-02
-5.182542279362678528e-02
-4.313771799206733704e-02
-4.340808466076850891e-02
-4.367848113179206848e-02
-4.527216032147407532e-02
-5.131028965115547180e-02
-5.778782442212104797e-02
-6.426516175270080566e-02
-7.095400989055633545e-02
-7.525604963302612305e-02
-7.125930488109588623e-02
-6.768511235713958740e-02
-6.415210664272308350e-02
-6.061904504895210266e-02
-5.903232470154762268e-02
-5.886292830109596252e-02
-5.858213081955909729e-02
-5.868967249989509583e-02
-6.055046990513801575e-02
-6.233124807476997375e-02
-6.429246068000793457e-02
-6.497704982757568359e-02
-6.757354736328125000e-02
-7.105085253715515137e-02
-7.107894122600555420e-02
-7.118792831897735596e-02
-7.031770050525665283e-02
-7.131721079349517822e-02
-7.522036135196685791e-02
-8.348217606544494629e-02
-9.213754534721374512e-02
-1.048014014959335327e-01
-1.192599385976791382e-01
-1.322107464075088501e-01
-1.404625624418258667e-01
-1.461652517318725586e-01
-1.511628478765487671e-01
-1.522797793149948120e-01
-1.478231400251388550e-01
-1.432723253965377808e-01
-1.377884298563003540e-01
-1.314843893051147461e-01
-1.265886723995208740e-01
-1.216520816087722778e-01
-1.186510771512985229e-01
-1.131746619939804077e-01
-1.047646403312683105e-01
-9.600041806697845459e-02
-8.931292593479156494e-02
-8.095382153987884521e-02
-7.396923005580902100e-02
-7.126718759536743164e-02
-6.856536865234375000e-02
-6.580972671508789062e-02
-6.187053397297859192e-02
-5.798834934830665588e-02
-5.410610511898994446e-02
-5.041852965950965881e-02
-5.219984427094459534e-02
-6.295041739940643311e-02
-7.405236363410949707e-02
-8.515425026416778564e-02
-9.648257493972778320e-02
-1.105883717536926270e-01
-1.183960586786270142e-01
-1.248230338096618652e-01
-1.316829621791839600e-01
-1.383633613586425781e-01
-1.453346461057662964e-01
-1.502473354339599609e-01
-1.543832123279571533e-01
-1.583911329507827759e-01
-1.633688956499099731e-01
-1.665530651807785034e-01
-1.592177599668502808e-01
-1.573853939771652222e-01
-1.543390452861785889e-01
-1.484082341194152832e-01
-1.421570181846618652e-01
-1.360197216272354126e-01
-1.329648643732070923e-01
-1.342252343893051147e-01
-1.402143687009811401e-01
-1.444559544324874878e-01
-1.466991454362869263e-01
-1.489703208208084106e-01
-1.512415558099746704e-01
-1.535127907991409302e-01
-1.549539119005203247e-01
-1.547665148973464966e-01
-1.540815085172653198e-01
-1.443642526865005493e-01
-1.332566887140274048e-01
-1.221487969160079956e-01
-1.105144768953323364e-01
-9.872190654277801514e-02
-8.631257712841033936e-02
-7.452325522899627686e-02
-6.283493340015411377e-02
-5.114667490124702454e-02
-1.240278631448745728e-01
-1.211870461702346802e-01
-1.256214529275894165e-01
-1.308711916208267212e-01
-1.376653164625167847e-01
-1.444588154554367065e-01
-1.512528508901596069e-01
-1.558182090520858765e-01
-1.599825471639633179e-01
-1.641470640897750854e-01
-1.684510856866836548e-01
-1.731492131948471069e-01
-1.769952923059463501e-01
-1.774374693632125854e-01
-1.788708716630935669e-01
-1.804500073194503784e-01
-1.810075491666793823e-01
-1.751591414213180542e-01
-1.661261767148971558e-01
-1.533284336328506470e-01
-1.404939442873001099e-01
-1.315737813711166382e-01
-1.223306506872177124e-01
-1.102468222379684448e-01
-9.807817637920379639e-02
-8.683983981609344482e-02
-7.635046541690826416e-02
-6.740354001522064209e-02
-5.757205560803413391e-02
-4.828524962067604065e-02
-3.899850323796272278e-02
-3.906543925404548645e-02
-3.997648134827613831e-02
-4.323374107480049133e-02
-4.872200265526771545e-02
-5.516234412789344788e-02
-6.168440356850624084e-02
-6.839227676391601562e-02
-7.469363510608673096e-02
-7.362946867942810059e-02
-7.050664722919464111e-02
-6.894086301326751709e-02
-6.745138764381408691e-02
-6.741510331630706787e-02
-6.805855035781860352e-02
-6.688831746578216553e-02
-6.576806306838989258e-02
-6.575053930282592773e-02
-6.685127317905426025e-02
-6.879055500030517578e-02
-6.885832548141479492e-02
-7.066094875335693359e-02
-7.124438881874084473e-02
-7.105259597301483154e-02
-6.998249888420104980e-02
-6.841787695884704590e-02
-6.803056597709655762e-02
-7.075859606266021729e-02
-7.644459605216979980e-02
-8.460794389247894287e-02
-9.786804020404815674e-02
-1.128760725259780884e-01
-1.271971166133880615e-01
-1.366841048002243042e-01
-1.409967988729476929e-01
-1.459474563598632812e-01
-1.522252410650253296e-01
-1.526572704315185547e-01
-1.489791125059127808e-01
-1.449160724878311157e-01
-1.424051523208618164e-01
-1.381070613861083984e-01
-1.328628808259963989e-01
-1.299860924482345581e-01
-1.236003339290618896e-01
-1.139760911464691162e-01
-1.039436906576156616e-01
-9.712381660938262939e-02
-8.899717032909393311e-02
-8.131930232048034668e-02
-7.619817554950714111e-02
-7.365117967128753662e-02
-7.003691792488098145e-02
-6.667284667491912842e-02
-6.332808732986450195e-02
-6.126816943287849426e-02
-6.079422309994697571e-02
-6.501236557960510254e-02
-7.402239739894866943e-02
-8.512412011623382568e-02
-9.622617065906524658e-02
-1.077857464551925659e-01
-1.218916922807693481e-01
-1.323370188474655151e-01
-1.397287696599960327e-01
-1.463031917810440063e-01
-1.493672877550125122e-01
-1.529782414436340332e-01
-1.585273444652557373e-01
-1.605612188577651978e-01
-1.649923473596572876e-01
-1.690869182348251343e-01
-1.703061610460281372e-01
-1.604761332273483276e-01
-1.527353972196578979e-01
-1.471860110759735107e-01
-1.407436430454254150e-01
-1.353500485420227051e-01
-1.308337152004241943e-01
-1.294475346803665161e-01
-1.325149685144424438e-01
-1.364507526159286499e-01
-1.352369636297225952e-01
-1.386001855134963989e-01
-1.431384533643722534e-01
-1.463762968778610229e-01
-1.472544819116592407e-01
-1.469392627477645874e-01
-1.462939232587814331e-01
-1.461610943078994751e-01
-1.380363255739212036e-01
-1.269284039735794067e-01
-1.157967001199722290e-01
-1.045294851064682007e-01
-9.253914654254913330e-02
-8.009348809719085693e-02
-6.808464229106903076e-02
-5.639650300145149231e-02
-4.470824077725410461e-02
-1.234297603368759155e-01
-1.204656511545181274e-01
-1.227431744337081909e-01
-1.253755539655685425e-01
-1.296764761209487915e-01
-1.362769752740859985e-01
-1.428769677877426147e-01
-1.470547169446945190e-01
-1.512192934751510620e-01
-1.553838402032852173e-01
-1.595482677221298218e-01
-1.618837863206863403e-01
-1.615207046270370483e-01
-1.609837263822555542e-01
-1.645796746015548706e-01
-1.654421538114547729e-01
-1.632559150457382202e-01
-1.619344502687454224e-01
-1.571081727743148804e-01
-1.479943245649337769e-01
-1.378810554742813110e-01
-1.287795752286911011e-01
-1.204354912042617798e-01
-1.098456233739852905e-01
-9.797503054141998291e-02
-8.634679019451141357e-02
-7.424876093864440918e-02
-6.519497931003570557e-02
-5.495427921414375305e-02
-4.517610743641853333e-02
-3.551254048943519592e-02
-3.644323721528053284e-02
-3.970046713948249817e-02
-4.295754805207252502e-02
-4.695475473999977112e-02
-5.297866836190223694e-02
-5.912275984883308411e-02
-6.583046913146972656e-02
-7.440720498561859131e-02
-7.997225224971771240e-02
-7.841928303241729736e-02
-7.694633305072784424e-02
-7.607325911521911621e-02
-7.619492709636688232e-02
-7.683885097503662109e-02
-7.723578810691833496e-02
-7.702377438545227051e-02
-7.635219395160675049e-02
-7.619614899158477783e-02
-7.734674215316772461e-02
-7.807897031307220459e-02
-7.409597933292388916e-02
-7.129926979541778564e-02
-6.899179518222808838e-02
-6.737166643142700195e-02
-6.587602198123931885e-02
-6.478533148765563965e-02
-6.664066016674041748e-02
-7.232655584812164307e-02
-7.848866283893585205e-02
-9.100332856178283691e-02
-1.060111671686172485e-01
-1.199564188718795776e-01
-1.268781423568725586e-01
-1.322344392538070679e-01
-1.409458070993423462e-01
-1.493140906095504761e-01
-1.543675959110260010e-01
-1.541752666234970093e-01
-1.519236713647842407e-01
-1.505376696586608887e-01
-1.487920433282852173e-01
-1.445439159870147705e-01
-1.385415792465209961e-01
-1.323105096817016602e-01
-1.220166981220245361e-01
-1.115739494562149048e-01
-1.022987961769104004e-01
-9.535227715969085693e-02
-8.851319551467895508e-02
-8.268959820270538330e-02
-7.915803790092468262e-02
-7.604829967021942139e-02
-7.305099070072174072e-02
-7.221606373786926270e-02
-7.156392931938171387e-02
-7.223668694496154785e-02
-7.829561829566955566e-02
-8.529059588909149170e-02
-9.619611501693725586e-02
-1.072352528572082520e-01
-1.185521185398101807e-01
-1.321837753057479858e-01
-1.442442685365676880e-01
-1.472951620817184448e-01
-1.494998335838317871e-01
-1.516652107238769531e-01
-1.561174839735031128e-01
-1.591891199350357056e-01
-1.624253839254379272e-01
-1.665198504924774170e-01
-1.706141680479049683e-01
-1.683455854654312134e-01
-1.560317724943161011e-01
-1.449256390333175659e-01
-1.393298953771591187e-01
-1.328915357589721680e-01
-1.302002370357513428e-01
-1.256471574306488037e-01
-1.260518282651901245e-01
-1.276519745588302612e-01
-1.261227577924728394e-01
-1.254326552152633667e-01
-1.300291866064071655e-01
-1.345675736665725708e-01
-1.371500045061111450e-01
-1.391019672155380249e-01
-1.390145868062973022e-01
-1.388816982507705688e-01
-1.387490481138229370e-01
-1.317958384752273560e-01
-1.212133616209030151e-01
-1.104250401258468628e-01
-9.876607358455657959e-02
-8.632005751132965088e-02
-7.387368381023406982e-02
-6.164624169468879700e-02
-5.025242641568183899e-02
-3.887193277478218079e-02
-1.228318065404891968e-01
-1.201013475656509399e-01
-1.223790496587753296e-01
-1.246565133333206177e-01
-1.269344538450241089e-01
-1.294311434030532837e-01
-1.341272443532943726e-01
-1.382917016744613647e-01
-1.424558907747268677e-01
-1.460800021886825562e-01
-1.471207886934280396e-01
-1.462592929601669312e-01
-1.453984528779983521e-01
-1.446305960416793823e-01
-1.444370001554489136e-01
-1.455525606870651245e-01
-1.456719487905502319e-01
-1.449149399995803833e-01
-1.456826478242874146e-01
-1.429104655981063843e-01
-1.359618753194808960e-01
-1.274540871381759644e-01
-1.183579713106155396e-01
-1.065490394830703735e-01
-9.584601223468780518e-02
-8.437417447566986084e-02
-7.280340790748596191e-02
-6.195737794041633606e-02
-5.148643627762794495e-02
-4.213680699467658997e-02
-3.586875274777412415e-02
-3.665067628026008606e-02
-3.953133895993232727e-02
-4.268148913979530334e-02
-4.593886807560920715e-02
-5.276218429207801819e-02
-6.092574074864387512e-02
-6.918960809707641602e-02
-7.779753208160400391e-02
-8.626931905746459961e-02
-8.740764856338500977e-02
-8.656696975231170654e-02
-8.728353679180145264e-02
-8.866892755031585693e-02
-9.023135900497436523e-02
-9.251725673675537109e-02
-9.277822077274322510e-02
-9.311641752719879150e-02
-9.147100150585174561e-02
-8.774058520793914795e-02
-8.175949752330780029e-02
-7.454466819763183594e-02
-6.880700588226318359e-02
-6.632539629936218262e-02
-6.482987105846405029e-02
-6.333424150943756104e-02
-6.161745265126228333e-02
-6.311930716037750244e-02
-6.820847094058990479e-02
-7.559543848037719727e-02
-8.636416494846343994e-02
-9.804384410381317139e-02
-1.100328415632247925e-01
-1.194551289081573486e-01
-1.281665414571762085e-01
-1.368778944015502930e-01
-1.455892920494079590e-01
-1.522285789251327515e-01
-1.566787809133529663e-01
-1.562767475843429565e-01
-1.550411880016326904e-01
-1.537048369646072388e-01
-1.506648659706115723e-01
-1.453916877508163452e-01
-1.388340890407562256e-01
-1.305047720670700073e-01
-1.211404651403427124e-01
-1.109311282634735107e-01
-1.034322828054428101e-01
-9.670141339302062988e-02
-8.980073034763336182e-02
-8.406303822994232178e-02
-8.216832578182220459e-02
-8.102408051490783691e-02
-7.995441555976867676e-02
-7.974994182586669922e-02
-8.184525370597839355e-02
-8.763770759105682373e-02
-9.343017637729644775e-02
-1.020295321941375732e-01
-1.124828606843948364e-01
-1.225037872791290283e-01
-1.320735663175582886e-01
-1.426066458225250244e-01
-1.473326534032821655e-01
-1.497429609298706055e-01
-1.531789153814315796e-01
-1.580854952335357666e-01
-1.597631424665451050e-01
-1.639527231454849243e-01
-1.678027659654617310e-01
-1.686875075101852417e-01
-1.639342159032821655e-01
-1.514010578393936157e-01
-1.371200233697891235e-01
-1.314731389284133911e-01
-1.272875070571899414e-01
-1.234950721263885498e-01
-1.192017197608947754e-01
-1.216278821229934692e-01
-1.170085221529006958e-01
-1.157948821783065796e-01
-1.168237775564193726e-01
-1.213704794645309448e-01
-1.234775930643081665e-01
-1.259074658155441284e-01
-1.282997578382492065e-01
-1.300268024206161499e-01
-1.316455751657485962e-01
-1.320381313562393188e-01
-1.266062110662460327e-01
-1.160238236188888550e-01
-1.049928218126296997e-01
-9.269769489765167236e-02
-8.055941760540008545e-02
-6.842114031314849854e-02
-5.731155350804328918e-02
-4.715653136372566223e-02
-3.751622512936592102e-02
-1.223173588514328003e-01
-1.197373718023300171e-01
-1.220148652791976929e-01
-1.242927163839340210e-01
-1.265701502561569214e-01
-1.288476437330245972e-01
-1.297834962606430054e-01
-1.295283287763595581e-01
-1.319985240697860718e-01
-1.318597048521041870e-01
-1.309981346130371094e-01
-1.301367729902267456e-01
-1.284642368555068970e-01
-1.240132302045822144e-01
-1.243811398744583130e-01
-1.258192509412765503e-01
-1.280072480440139771e-01
-1.326927393674850464e-01
-1.356957405805587769e-01
-1.341174691915512085e-01
-1.297645419836044312e-01
-1.225193887948989868e-01
-1.149222999811172485e-01
-1.037606745958328247e-01
-9.130655229091644287e-02
-7.955139875411987305e-02
-6.885591149330139160e-02
-5.771310999989509583e-02
-4.916261509060859680e-02
-4.273625090718269348e-02
-3.641078248620033264e-02
-3.700825944542884827e-02
-4.164092615246772766e-02
-4.605396464467048645e-02
-5.148852244019508362e-02
-5.780084803700447083e-02
-6.674736738204956055e-02
-7.569384574890136719e-02
-8.574852347373962402e-02
-9.490102529525756836e-02
-1.007652133703231812e-01
-1.005854159593582153e-01
-1.018153578042984009e-01
-1.032907217741012573e-01
-1.047687828540802002e-01
-1.068839579820632935e-01
-1.086672246456146240e-01
-1.075779348611831665e-01
-1.042268276214599609e-01
-9.554399549961090088e-02
-8.511693775653839111e-02
-7.530821859836578369e-02
-6.719590723514556885e-02
-6.378377974033355713e-02
-6.228821352124214172e-02
-6.098448112607002258e-02
-5.953823402523994446e-02
-6.165384128689765930e-02
-6.700281798839569092e-02
-7.452170550823211670e-02
-8.018866181373596191e-02
-8.962342143058776855e-02
-1.011314392089843750e-01
-1.153872907161712646e-01
-1.240985393524169922e-01
-1.328099668025970459e-01
-1.407867223024368286e-01
-1.490945070981979370e-01
-1.566999107599258423e-01
-1.616543084383010864e-01
-1.604498624801635742e-01
-1.587196737527847290e-01
-1.550839692354202271e-01
-1.511956155300140381e-01
-1.435984671115875244e-01
-1.362078934907913208e-01
-1.268336325883865356e-01
-1.165397316217422485e-01
-1.087214052677154541e-01
-1.000664979219436646e-01
-9.202875196933746338e-02
-8.735147118568420410e-02
-8.509482443332672119e-02
-8.363288640975952148e-02
-8.304473757743835449e-02
-8.277194201946258545e-02
-8.700522780418395996e-02
-9.279772639274597168e-02
-9.859021008014678955e-02
-1.032508164644241333e-01
-1.097402423620223999e-01
-1.174229085445404053e-01
-1.281103342771530151e-01
-1.389608979225158691e-01
-1.463982462882995605e-01
-1.497068554162979126e-01
-1.548479944467544556e-01
-1.583034247159957886e-01
-1.613857299089431763e-01
-1.635887026786804199e-01
-1.647052317857742310e-01
-1.652211248874664307e-01
-1.591269373893737793e-01
-1.467702686786651611e-01
-1.315197944641113281e-01
-1.232128888368606567e-01
-1.194203346967697144e-01
-1.156638413667678833e-01
-1.147284656763076782e-01
-1.107689142227172852e-01
-1.066807359457015991e-01
-1.054671555757522583e-01
-1.077069193124771118e-01
-1.102434545755386353e-01
-1.127476543188095093e-01
-1.152522414922714233e-01
-1.173980683088302612e-01
-1.196982711553573608e-01
-1.223581582307815552e-01
-1.250257939100265503e-01
-1.217323094606399536e-01
-1.114578396081924438e-01
-9.983198344707489014e-02
-8.899687230587005615e-02
-7.842956483364105225e-02
-6.786228716373443604e-02
-5.752037838101387024e-02
-4.785775020718574524e-02
-3.819834068417549133e-02
-1.217658966779708862e-01
-1.196272522211074829e-01
-1.216505616903305054e-01
-1.239284127950668335e-01
-1.262062638998031616e-01
-1.284841150045394897e-01
-1.284320503473281860e-01
-1.251811534166336060e-01
-1.198037415742874146e-01
-1.157899349927902222e-01
-1.148755997419357300e-01
-1.110852211713790894e-01
-1.076866835355758667e-01
-1.046569794416427612e-01
-1.045556515455245972e-01
-1.076096743345260620e-01
-1.144125014543533325e-01
-1.201142817735671997e-01
-1.254302710294723511e-01
-1.262463480234146118e-01
-1.229408532381057739e-01
-1.157096177339553833e-01
-1.081660240888595581e-01
-9.715272486209869385e-02
-8.503364026546478271e-02
-7.342280447483062744e-02
-6.363707780838012695e-02
-5.310421064496040344e-02
-4.736440256237983704e-02
-4.363614693284034729e-02
-4.116619005799293518e-02
-4.388934746384620667e-02
-4.981352761387825012e-02
-5.584344640374183655e-02
-6.252080202102661133e-02
-6.818038225173950195e-02
-7.632498443126678467e-02
-8.575932681560516357e-02
-9.607292711734771729e-02
-1.052384823560714722e-01
-1.143787801265716553e-01
-1.154130250215530396e-01
-1.164343804121017456e-01
-1.179125607013702393e-01
-1.193906217813491821e-01
-1.201648563146591187e-01
-1.213449090719223022e-01
-1.184804290533065796e-01
-1.110882461071014404e-01
-1.004234850406646729e-01
-8.958108723163604736e-02
-7.989335060119628906e-02
-7.134915888309478760e-02
-6.470270454883575439e-02
-6.231047585606575012e-02
-6.149374321103096008e-02
-5.993004515767097473e-02
-6.108075752854347229e-02
-6.319153308868408203e-02
-6.838764250278472900e-02
-7.424928247928619385e-02
-8.384321630001068115e-02
-9.784671664237976074e-02
-1.113194674253463745e-01
-1.201634258031845093e-01
-1.281818151473999023e-01
-1.371264755725860596e-01
-1.488824933767318726e-01
-1.575702428817749023e-01
-1.644340008497238159e-01
-1.654771417379379272e-01
-1.615083962678909302e-01
-1.567204594612121582e-01
-1.504071652889251709e-01
-1.438125669956207275e-01
-1.359273195266723633e-01
-1.271030902862548828e-01
-1.167742311954498291e-01
-1.055351346731185913e-01
-9.826357662677764893e-02
-9.126278758049011230e-02
-8.637216687202453613e-02
-8.217234909534454346e-02
-8.347919583320617676e-02
-8.421872556209564209e-02
-8.620561659336090088e-02
-9.216524660587310791e-02
-9.567523002624511719e-02
-9.754522144794464111e-02
-9.941506385803222656e-02
-1.043300330638885498e-01
-1.130463629961013794e-01
-1.239386051893234253e-01
-1.346668750047683716e-01
-1.446414142847061157e-01
-1.501039117574691772e-01
-1.552452147006988525e-01
-1.574193686246871948e-01
-1.579747051000595093e-01
-1.593510359525680542e-01
-1.610540151596069336e-01
-1.605791747570037842e-01
-1.522815525531768799e-01
-1.393281519412994385e-01
-1.247939467430114746e-01
-1.153456419706344604e-01
-1.115531474351882935e-01
-1.095584779977798462e-01
-1.059210449457168579e-01
-9.882417321205139160e-02
-9.635268151760101318e-02
-9.447865188121795654e-02
-9.691171348094940186e-02
-9.955598413944244385e-02
-1.024446338415145874e-01
-1.052069813013076782e-01
-1.075430959463119507e-01
-1.104548126459121704e-01
-1.137674003839492798e-01
-1.170799881219863892e-01
-1.176236122846603394e-01
-1.104597598314285278e-01
-1.001750081777572632e-01
-8.993066847324371338e-02
-7.988013327121734619e-02
-7.005132734775543213e-02
-6.053890660405158997e-02
-5.149890854954719543e-02
-4.283471778035163879e-02
-1.211044341325759888e-01
-1.196763962507247925e-01
-1.216858476400375366e-01
-1.236950010061264038e-01
-1.258418411016464233e-01
-1.265595406293869019e-01
-1.222542971372604370e-01
-1.169063001871109009e-01
-1.115906983613967896e-01
-1.057187169790267944e-01
-9.672777354717254639e-02
-9.161405265331268311e-02
-8.839596807956695557e-02
-8.536623418331146240e-02
-8.800487220287322998e-02
-9.426473081111907959e-02
-1.010287255048751831e-01
-1.067305356264114380e-01
-1.124325841665267944e-01
-1.173443645238876343e-01
-1.156143993139266968e-01
-1.098019033670425415e-01
-1.009180694818496704e-01
-9.042997658252716064e-02
-7.874296605587005615e-02
-6.737576425075531006e-02
-6.012206152081489563e-02
-5.394515767693519592e-02
-5.171142891049385071e-02
-5.049743130803108215e-02
-4.886864498257637024e-02
-5.254282429814338684e-02
-6.047155335545539856e-02
-6.741519272327423096e-02
-7.388105988502502441e-02
-8.047957718372344971e-02
-8.755707740783691406e-02
-9.663251042366027832e-02
-1.066976636648178101e-01
-1.155754178762435913e-01
-1.247409731149673462e-01
-1.308032274246215820e-01
-1.317564845085144043e-01
-1.317722052335739136e-01
-1.315635889768600464e-01
-1.300487965345382690e-01
-1.293418556451797485e-01
-1.263503581285476685e-01
-1.161859780550003052e-01
-1.065681427717208862e-01
-9.692822396755218506e-02
-8.831171691417694092e-02
-7.977125048637390137e-02
-7.136656343936920166e-02
-6.578554213047027588e-02
-6.225325539708137512e-02
-5.793510749936103821e-02
-5.565144494175910950e-02
-5.669929459691047668e-02
-6.263041496276855469e-02
-6.958331167697906494e-02
-8.126081526279449463e-02
-9.590876102447509766e-02
-1.091251820325851440e-01
-1.143638789653778076e-01
-1.220623105764389038e-01
-1.327821463346481323e-01
-1.436837315559387207e-01
-1.536058932542800903e-01
-1.605238169431686401e-01
-1.628197878599166870e-01
-1.598151475191116333e-01
-1.536507606506347656e-01
-1.462584882974624634e-01
-1.409756243228912354e-01
-1.343996524810791016e-01
-1.270417422056198120e-01
-1.150544732809066772e-01
-1.053761839866638184e-01
-9.854052960872650146e-02
-9.158530831336975098e-02
-8.515302836894989014e-02
-8.152355253696441650e-02
-8.026731014251708984e-02
-8.214397728443145752e-02
-8.361415565013885498e-02
-8.644533157348632812e-02
-8.917146921157836914e-02
-9.189748764038085938e-02
-9.462359547615051270e-02
-9.863482415676116943e-02
-1.089162826538085938e-01
-1.196445226669311523e-01
-1.303726434707641602e-01
-1.420635282993316650e-01
-1.501342505216598511e-01
-1.525710076093673706e-01
-1.522445231676101685e-01
-1.533563286066055298e-01
-1.544390916824340820e-01
-1.540378034114837646e-01
-1.521756798028945923e-01
-1.430934369564056396e-01
-1.304092258214950562e-01
-1.185914129018783569e-01
-1.069619059562683105e-01
-1.038287132978439331e-01
-1.003951281309127808e-01
-9.327186644077301025e-02
-8.721016347408294678e-02
-8.516129851341247559e-02
-8.361275494098663330e-02
-8.707086741924285889e-02
-9.089316427707672119e-02
-9.464572370052337646e-02
-9.755028784275054932e-02
-1.006759256124496460e-01
-1.048657149076461792e-01
-1.097274571657180786e-01
-1.145895272493362427e-01
-1.166312545537948608e-01
-1.090903133153915405e-01
-1.012793630361557007e-01
-9.283356368541717529e-02
-8.342827856540679932e-02
-7.466618716716766357e-02
-6.626431643962860107e-02
-5.730997398495674133e-02
-4.691352322697639465e-02
-1.204423457384109497e-01
-1.196165531873703003e-01
-1.217350810766220093e-01
-1.234868019819259644e-01
-1.228840798139572144e-01
-1.194739490747451782e-01
-1.141511946916580200e-01
-1.088358014822006226e-01
-1.011392921209335327e-01
-9.263198077678680420e-02
-8.497337996959686279e-02
-7.742772996425628662e-02
-7.212321460247039795e-02
-7.133023440837860107e-02
-7.410196959972381592e-02
-8.119647204875946045e-02
-8.764483034610748291e-02
-9.369473159313201904e-02
-1.000287681818008423e-01
-1.063633114099502563e-01
-1.072285622358322144e-01
-1.055646985769271851e-01
-9.785912930965423584e-02
-8.783440291881561279e-02
-7.894559204578399658e-02
-7.234431803226470947e-02
-6.502479314804077148e-02
-5.809985473752021790e-02
-5.496879294514656067e-02
-5.549492314457893372e-02
-5.599826946854591370e-02
-6.040838733315467834e-02
-6.866630911827087402e-02
-7.659472525119781494e-02
-8.452363312244415283e-02
-9.207974374294281006e-02
-9.881111979484558105e-02
-1.077857315540313721e-01
-1.184420138597488403e-01
-1.268634349107742310e-01
-1.355890631675720215e-01
-1.448887437582015991e-01
-1.448649317026138306e-01
-1.430087238550186157e-01
-1.410119831562042236e-01
-1.394095867872238159e-01
-1.390824019908905029e-01
-1.328191906213760376e-01
-1.238137930631637573e-01
-1.138078570365905762e-01
-1.057657599449157715e-01
-9.673376381397247314e-02
-8.807195723056793213e-02
-7.905720174312591553e-02
-7.013763487339019775e-02
-6.152929738163948059e-02
-5.328147485852241516e-02
-4.733792319893836975e-02
-4.898141697049140930e-02
-5.560884252190589905e-02
-6.454372406005859375e-02
-7.598234713077545166e-02
-8.928486704826354980e-02
-1.014443933963775635e-01
-1.077245771884918213e-01
-1.153745204210281372e-01
-1.261006891727447510e-01
-1.372096389532089233e-01
-1.479116976261138916e-01
-1.540264040231704712e-01
-1.577857881784439087e-01
-1.571033000946044922e-01
-1.500025689601898193e-01
-1.426448523998260498e-01
-1.372777074575424194e-01
-1.329517364501953125e-01
-1.250832825899124146e-01
-1.164563447237014771e-01
-1.068843752145767212e-01
-9.882463514804840088e-02
-9.229430556297302246e-02
-8.551961183547973633e-02
-8.120615780353546143e-02
-7.461269199848175049e-02
-7.285037636756896973e-02
-7.507716119289398193e-02
-7.845032215118408203e-02
-8.163192868232727051e-02
-8.435799181461334229e-02
-8.761748671531677246e-02
-9.135188162326812744e-02
-1.004005670547485352e-01
-1.119849234819412231e-01
-1.236534416675567627e-01
-1.369728147983551025e-01
-1.456903368234634399e-01
-1.473011225461959839e-01
-1.459477692842483521e-01
-1.468281149864196777e-01
-1.473790705204010010e-01
-1.460848003625869751e-01
-1.431371122598648071e-01
-1.339051425457000732e-01
-1.237748116254806519e-01
-1.123797446489334106e-01
-1.013748049736022949e-01
-9.625239670276641846e-02
-8.728799223899841309e-02
-8.147634565830230713e-02
-7.560186088085174561e-02
-7.409007847309112549e-02
-7.580530643463134766e-02
-8.018545806407928467e-02
-8.456580340862274170e-02
-8.923844993114471436e-02
-9.383918344974517822e-02
-9.844006597995758057e-02
-1.033215969800949097e-01
-1.082630902528762817e-01
-1.131248623132705688e-01
-1.155878156423568726e-01
-1.082866638898849487e-01
-1.012559384107589722e-01
-9.480659663677215576e-02
-8.925648033618927002e-02
-8.160330355167388916e-02
-7.221724092960357666e-02
-6.207986548542976379e-02
-4.935826733708381653e-02
-1.201506108045578003e-01
-1.190260499715805054e-01
-1.197338551282882690e-01
-1.184111088514328003e-01
-1.158084720373153687e-01
-1.118166595697402954e-01
-1.059330552816390991e-01
-9.652952849864959717e-02
-8.875678479671478271e-02
-8.104674518108367920e-02
-7.350100576877593994e-02
-6.836496293544769287e-02
-6.571207940578460693e-02
-6.348659098148345947e-02
-6.466121971607208252e-02
-7.119922339916229248e-02
-7.750408351421356201e-02
-8.383832871913909912e-02
-9.017254412174224854e-02
-9.584923088550567627e-02
-9.830836951732635498e-02
-9.921075403690338135e-02
-9.807084500789642334e-02
-9.464408457279205322e-02
-8.826424181461334229e-02
-8.188427984714508057e-02
-7.357938587665557861e-02
-6.590454280376434326e-02
-5.950905755162239075e-02
-5.795190110802650452e-02
-5.905625596642494202e-02
-6.393107771873474121e-02
-7.399153709411621094e-02
-8.382926881313323975e-02
-9.274831414222717285e-02
-1.009073406457901001e-01
-1.090662777423858643e-01
-1.179685890674591064e-01
-1.290308237075805664e-01
-1.373157203197479248e-01
-1.459695547819137573e-01
-1.542627662420272827e-01
-1.566834598779678345e-01
-1.547041088342666626e-01
-1.530702710151672363e-01
-1.509064882993698120e-01
-1.465523242950439453e-01
-1.379053443670272827e-01
-1.296903640031814575e-01
-1.197770088911056519e-01
-1.104697287082672119e-01
-1.013903766870498657e-01
-9.209121763706207275e-02
-8.015461266040802002e-02
-6.829245388507843018e-02
-5.772681906819343567e-02
-4.816942289471626282e-02
-4.213433340191841125e-02
-4.195407405495643616e-02
-4.861583188176155090e-02
-5.902946367859840393e-02
-6.849402189254760742e-02
-8.139316737651824951e-02
-9.411212801933288574e-02
-1.033854335546493530e-01
-1.117112636566162109e-01
-1.202969551086425781e-01
-1.307554990053176880e-01
-1.405116319656372070e-01
-1.468116343021392822e-01
-1.509180068969726562e-01
-1.502493768930435181e-01
-1.467966288328170776e-01
-1.398634463548660278e-01
-1.345440596342086792e-01
-1.303759366273880005e-01
-1.246712505817413330e-01
-1.173906773328781128e-01
-1.080297231674194336e-01
-9.895333647727966309e-02
-9.304162859916687012e-02
-8.320637047290802002e-02
-7.343851029872894287e-02
-6.623615324497222900e-02
-6.244039908051490784e-02
-6.584781408309936523e-02
-6.989212334156036377e-02
-7.336074113845825195e-02
-7.728455960750579834e-02
-8.077730238437652588e-02
-8.469681441783905029e-02
-9.176546335220336914e-02
-1.033498197793960571e-01
-1.140900105237960815e-01
-1.246053427457809448e-01
-1.343464106321334839e-01
-1.351219117641448975e-01
-1.357914060354232788e-01
-1.375278532505035400e-01
-1.379316747188568115e-01
-1.370939463376998901e-01
-1.343924254179000854e-01
-1.265959590673446655e-01
-1.185876280069351196e-01
-1.079695075750350952e-01
-9.956830739974975586e-02
-8.507451415061950684e-02
-7.842773199081420898e-02
-7.137572765350341797e-02
-6.766416132450103760e-02
-6.615243852138519287e-02
-7.026277482509613037e-02
-7.586915791034698486e-02
-8.140812814235687256e-02
-8.614857494831085205e-02
-9.075583517551422119e-02
-9.535662829875946045e-02
-1.002869755029678345e-01
-1.055878549814224243e-01
-1.103210300207138062e-01
-1.148870140314102173e-01
-1.088946014642715454e-01
-1.035794168710708618e-01
-9.826438128948211670e-02
-9.269304573535919189e-02
-8.521507680416107178e-02
-7.704259455204010010e-02
-6.592376530170440674e-02
-5.276875570416450500e-02
-1.198798269033432007e-01
-1.171339601278305054e-01
-1.136472374200820923e-01
-1.099502891302108765e-01
-1.070154458284378052e-01
-1.011128872632980347e-01
-9.286929666996002197e-02
-8.591921627521514893e-02
-7.886080443859100342e-02
-7.193498313426971436e-02
-6.899212300777435303e-02
-6.633903086185455322e-02
-6.368590891361236572e-02
-6.103222444653511047e-02
-5.994545295834541321e-02
-6.584037840366363525e-02
-7.026742398738861084e-02
-7.514815032482147217e-02
-8.177952468395233154e-02
-8.960987627506256104e-02
-9.682153165340423584e-02
-9.867493808269500732e-02
-1.025830060243606567e-01
-1.017107218503952026e-01
-9.748293459415435791e-02
-9.076990187168121338e-02
-8.213408291339874268e-02
-7.447554171085357666e-02
-6.750610470771789551e-02
-6.398105621337890625e-02
-6.246982887387275696e-02
-6.546950340270996094e-02
-7.597894966602325439e-02
-8.686971664428710938e-02
-9.714357554912567139e-02
-1.074342578649520874e-01
-1.172254085540771484e-01
-1.267577856779098511e-01
-1.366387158632278442e-01
-1.451244652271270752e-01
-1.528402715921401978e-01
-1.606067270040512085e-01
-1.677674651145935059e-01
-1.646089702844619751e-01
-1.610303372144699097e-01
-1.558608561754226685e-01
-1.486087888479232788e-01
-1.401653587818145752e-01
-1.321719139814376831e-01
-1.232995539903640747e-01
-1.136573404073715210e-01
-1.031619757413864136e-01
-9.122674167156219482e-02
-7.919931411743164062e-02
-6.600989401340484619e-02
-5.319787934422492981e-02
-4.404032602906227112e-02
-3.975944593548774719e-02
-4.047038033604621887e-02
-4.598455503582954407e-02
-5.261047556996345520e-02
-6.157312169671058655e-02
-7.420977950096130371e-02
-8.803279697895050049e-02
-9.974968433380126953e-02
-1.083605140447616577e-01
-1.168941110372543335e-01
-1.244807392358779907e-01
-1.321038603782653809e-01
-1.394026577472686768e-01
-1.431804895401000977e-01
-1.437094062566757202e-01
-1.407221704721450806e-01
-1.380881816148757935e-01
-1.337386518716812134e-01
-1.284201741218566895e-01
-1.225824207067489624e-01
-1.163981109857559204e-01
-1.083713620901107788e-01
-9.601446986198425293e-02
-8.631436526775360107e-02
-7.650344073772430420e-02
-6.628529727458953857e-02
-5.897568538784980774e-02
-5.489784851670265198e-02
-5.661848559975624084e-02
-6.066283956170082092e-02
-6.543175876140594482e-02
-6.943729519844055176e-02
-7.368306815624237061e-02
-7.804186642169952393e-02
-8.284857869148254395e-02
-8.986417949199676514e-02
-1.001061946153640747e-01
-1.114581376314163208e-01
-1.200213283300399780e-01
-1.234034001827239990e-01
-1.255544722080230713e-01
-1.275786459445953369e-01
-1.277068108320236206e-01
-1.274585127830505371e-01
-1.244200468063354492e-01
-1.203788965940475464e-01
-1.143274009227752686e-01
-1.071870774030685425e-01
-9.481765329837799072e-02
-7.734882831573486328e-02
-6.897178292274475098e-02
-6.242688372731208801e-02
-6.155829504132270813e-02
-6.204556301236152649e-02
-6.765195727348327637e-02
-7.325835525989532471e-02
-7.828696072101593018e-02
-8.302722871303558350e-02
-8.769230544567108154e-02
-9.249748289585113525e-02
-9.785591065883636475e-02
-1.036796420812606812e-01
-1.094246357679367065e-01
-1.156594306230545044e-01
-1.110951155424118042e-01
-1.065941900014877319e-01
-1.014564782381057739e-01
-9.528885781764984131e-02
-8.896248042583465576e-02
-8.292411267757415771e-02
-7.332299649715423584e-02
-6.237112358212471008e-02
-1.150677055120468140e-01
-1.111519485712051392e-01
-1.084285825490951538e-01
-1.055072396993637085e-01
-9.833131730556488037e-02
-9.047128260135650635e-02
-8.333738148212432861e-02
-7.638762891292572021e-02
-7.117502391338348389e-02
-6.854753196239471436e-02
-6.617929041385650635e-02
-6.398527324199676514e-02
-6.175919249653816223e-02
-5.964775756001472473e-02
-5.947043374180793762e-02
-6.484426558017730713e-02
-6.970001757144927979e-02
-7.571606338024139404e-02
-8.152313530445098877e-02
-8.733038604259490967e-02
-9.582863748073577881e-02
-1.018855422735214233e-01
-1.064058095216751099e-01
-1.072807461023330688e-01
-1.037163287401199341e-01
-9.842588007450103760e-02
-9.076853096485137939e-02
-8.304631710052490234e-02
-7.607710361480712891e-02
-7.142253220081329346e-02
-6.846830248832702637e-02
-6.805704534053802490e-02
-7.682542502880096436e-02
-8.743995428085327148e-02
-9.833607077598571777e-02
-1.087660491466522217e-01
-1.183104962110519409e-01
-1.278162449598312378e-01
-1.357986479997634888e-01
-1.438394784927368164e-01
-1.525017023086547852e-01
-1.613715738058090210e-01
-1.698257923126220703e-01
-1.717478781938552856e-01
-1.679852753877639771e-01
-1.611656397581100464e-01
-1.523626744747161865e-01
-1.440510004758834839e-01
-1.358452141284942627e-01
-1.263296157121658325e-01
-1.134001761674880981e-01
-1.014235615730285645e-01
-9.027148783206939697e-02
-7.700628042221069336e-02
-6.313593685626983643e-02
-5.004369094967842102e-02
-4.149321094155311584e-02
-3.798468783497810364e-02
-4.017775133252143860e-02
-4.456141963601112366e-02
-5.087952688336372375e-02
-5.792341008782386780e-02
-6.768767535686492920e-02
-8.336724340915679932e-02
-9.639440476894378662e-02
-1.049909591674804688e-01
-1.129841208457946777e-01
-1.194961667060852051e-01
-1.248845458030700684e-01
-1.315314173698425293e-01
-1.352450847625732422e-01
-1.364255845546722412e-01
-1.366699934005737305e-01
-1.356498003005981445e-01
-1.325417906045913696e-01
-1.268135905265808105e-01
-1.193929314613342285e-01
-1.098307520151138306e-01
-9.999075531959533691e-02
-8.912852406501770020e-02
-7.898636162281036377e-02
-6.968697905540466309e-02
-5.972779169678688049e-02
-5.237710848450660706e-02
-4.851811006665229797e-02
-4.769386723637580872e-02
-5.225383117794990540e-02
-5.678126588463783264e-02
-6.133057549595832825e-02
-6.542594730854034424e-02
-6.619213521480560303e-02
-6.957614421844482422e-02
-7.692001760005950928e-02
-8.803555369377136230e-02
-9.966145455837249756e-02
-1.086618602275848389e-01
-1.149992942810058594e-01
-1.183019429445266724e-01
-1.193703413009643555e-01
-1.194300353527069092e-01
-1.194895654916763306e-01
-1.187617778778076172e-01
-1.152166128158569336e-01
-1.113212406635284424e-01
-1.018073111772537231e-01
-8.478273451328277588e-02
-6.679627299308776855e-02
-5.882889404892921448e-02
-5.482389405369758606e-02
-5.539448931813240051e-02
-5.845703557133674622e-02
-6.491941213607788086e-02
-7.042528688907623291e-02
-7.576285302639007568e-02
-8.126507699489593506e-02
-8.702193200588226318e-02
-9.371437132358551025e-02
-1.014681905508041382e-01
-1.086656600236892700e-01
-1.160687059164047241e-01
-1.232632249593734741e-01
-1.208080202341079712e-01
-1.157578378915786743e-01
-1.104256361722946167e-01
-1.043868213891983032e-01
-9.834833443164825439e-02
-9.056843817234039307e-02
-8.054743707180023193e-02
-7.052637636661529541e-02
-1.110250502824783325e-01
-1.076315790414810181e-01
-1.040930002927780151e-01
-9.729884564876556396e-02
-9.163175523281097412e-02
-8.336509764194488525e-02
-7.507483661174774170e-02
-7.007573544979095459e-02
-6.777988374233245850e-02
-6.585939228534698486e-02
-6.393970549106597900e-02
-6.211109831929206848e-02
-6.071032956242561340e-02
-6.125189736485481262e-02
-6.395702064037322998e-02
-7.087485492229461670e-02
-7.411558926105499268e-02
-7.739348709583282471e-02
-8.269356191158294678e-02
-9.098072350025177002e-02
-9.977497160434722900e-02
-1.059647649526596069e-01
-1.092588454484939575e-01
-1.120192557573318481e-01
-1.080494672060012817e-01
-1.016833037137985229e-01
-9.516255557537078857e-02
-8.879259228706359863e-02
-8.124776184558868408e-02
-7.523967325687408447e-02
-7.273177802562713623e-02
-7.147577404975891113e-02
-7.859088480472564697e-02
-8.666832745075225830e-02
-9.577780961990356445e-02
-1.044129878282546997e-01
-1.121042668819427490e-01
-1.207733750343322754e-01
-1.300349831581115723e-01
-1.389149874448776245e-01
-1.503133922815322876e-01
-1.611367911100387573e-01
-1.707385778427124023e-01
-1.776331365108489990e-01
-1.721448898315429688e-01
-1.658527404069900513e-01
-1.583035737276077271e-01
-1.491375565528869629e-01
-1.368649452924728394e-01
-1.249946355819702148e-01
-1.132192313671112061e-01
-1.003841310739517212e-01
-8.728961646556854248e-02
-7.437248528003692627e-02
-6.140250340104103088e-02
-4.912747815251350403e-02
-3.986248746514320374e-02
-3.743546083569526672e-02
-3.939377143979072571e-02
-4.304799810051918030e-02
-5.034634843468666077e-02
-5.771111324429512024e-02
-6.770318746566772461e-02
-8.049885928630828857e-02
-9.254395961761474609e-02
-1.014373004436492920e-01
-1.080898195505142212e-01
-1.137930154800415039e-01
-1.196381151676177979e-01
-1.251355707645416260e-01
-1.280285567045211792e-01
-1.315868645906448364e-01
-1.321559995412826538e-01
-1.300622373819351196e-01
-1.295730173587799072e-01
-1.198431849479675293e-01
-1.094277650117874146e-01
-9.928126633167266846e-02
-9.057161211967468262e-02
-8.126385509967803955e-02
-7.113586366176605225e-02
-6.295585632324218750e-02
-5.431524291634559631e-02
-4.655164852738380432e-02
-4.321669414639472961e-02
-4.279624298214912415e-02
-4.459721222519874573e-02
-4.831989482045173645e-02
-5.158010497689247131e-02
-5.340257659554481506e-02
-5.493525043129920959e-02
-6.014298275113105774e-02
-6.696102023124694824e-02
-7.957464456558227539e-02
-8.915762603282928467e-02
-9.801730513572692871e-02
-1.075666844844818115e-01
-1.112669557332992554e-01
-1.118024885654449463e-01
-1.120233982801437378e-01
-1.144920587539672852e-01
-1.143653094768524170e-01
-1.124560534954071045e-01
-1.101121604442596436e-01
-9.412437677383422852e-02
-7.700334489345550537e-02
-6.124331429600715637e-02
-5.073644593358039856e-02
-4.886924102902412415e-02
-5.029118433594703674e-02
-5.592556670308113098e-02
-6.329973042011260986e-02
-7.020743191242218018e-02
-7.736544311046600342e-02
-8.539868891239166260e-02
-9.424500167369842529e-02
-1.032704263925552368e-01
-1.111442297697067261e-01
-1.186305433511734009e-01
-1.261165887117385864e-01
-1.328738182783126831e-01
-1.310220509767532349e-01
-1.257478445768356323e-01
-1.198110729455947876e-01
-1.137725561857223511e-01
-1.077340692281723022e-01
-9.779287874698638916e-02
-8.777193725109100342e-02
-7.582269608974456787e-02
-1.069831699132919312e-01
-1.003107875585556030e-01
-9.555809199810028076e-02
-9.058426320552825928e-02
-8.485554158687591553e-02
-7.801248133182525635e-02
-7.415275275707244873e-02
-7.092230021953582764e-02
-6.775300204753875732e-02
-6.491138041019439697e-02
-6.484691798686981201e-02
-6.498567759990692139e-02
-6.512476503849029541e-02
-6.630475819110870361e-02
-6.879989802837371826e-02
-7.360734045505523682e-02
-7.622964680194854736e-02
-7.994924485683441162e-02
-8.623518049716949463e-02
-9.336380660533905029e-02
-1.019869893789291382e-01
-1.095886081457138062e-01
-1.112025231122970581e-01
-1.128159314393997192e-01
-1.079458147287368774e-01
-1.013565510511398315e-01
-9.528209269046783447e-02
-8.987304568290710449e-02
-8.529983460903167725e-02
-7.941795885562896729e-02
-7.691013813018798828e-02
-7.429639995098114014e-02
-7.990616559982299805e-02
-8.556897938251495361e-02
-9.096409380435943604e-02
-9.826400876045227051e-02
-1.068098098039627075e-01
-1.160054057836532593e-01
-1.252013295888900757e-01
-1.337613165378570557e-01
-1.452555209398269653e-01
-1.568649113178253174e-01
-1.678497642278671265e-01
-1.748850792646408081e-01
-1.737395226955413818e-01
-1.686351448297500610e-01
-1.597125828266143799e-01
-1.485913097858428955e-01
-1.372500956058502197e-01
-1.254568397998809814e-01
-1.125235706567764282e-01
-9.804207086563110352e-02
-8.467532694339752197e-02
-7.328501343727111816e-02
-6.115065887570381165e-02
-4.793808236718177795e-02
-4.044823721051216125e-02
-3.709298744797706604e-02
-3.871944919228553772e-02
-4.257202520966529846e-02
-4.993676021695137024e-02
-5.893533304333686829e-02
-6.929236650466918945e-02
-8.169412612915039062e-02
-9.245234727859497070e-02
-9.734125435352325439e-02
-1.027013510465621948e-01
-1.088044494390487671e-01
-1.149562001228332520e-01
-1.206834763288497925e-01
-1.251848489046096802e-01
-1.257923990488052368e-01
-1.249118000268936157e-01
-1.191130429506301880e-01
-1.155988723039627075e-01
-1.098779290914535522e-01
-9.946267306804656982e-02
-8.979237079620361328e-02
-8.092424273490905762e-02
-7.284535467624664307e-02
-6.413210928440093994e-02
-5.708387866616249084e-02
-5.129233375191688538e-02
-4.472625628113746643e-02
-4.166752472519874573e-02
-4.001790657639503479e-02
-3.788574412465095520e-02
-3.788514807820320129e-02
-3.970766440033912659e-02
-4.153012111783027649e-02
-4.369934275746345520e-02
-5.116312578320503235e-02
-5.959205701947212219e-02
-6.938517093658447266e-02
-7.923285663127899170e-02
-8.864007890224456787e-02
-9.955506026744842529e-02
-1.052159965038299561e-01
-1.069961786270141602e-01
-1.098146885633468628e-01
-1.164875328540802002e-01
-1.174410730600357056e-01
-1.184912472963333130e-01
-1.074052453041076660e-01
-9.104928374290466309e-02
-7.421381771564483643e-02
-6.070699170231819153e-02
-5.010931566357612610e-02
-4.798467829823493958e-02
-4.981330409646034241e-02
-5.762182548642158508e-02
-6.529806554317474365e-02
-7.338707149028778076e-02
-8.240301907062530518e-02
-9.156824648380279541e-02
-1.007335335016250610e-01
-1.091835647821426392e-01
-1.175256222486495972e-01
-1.261614710092544556e-01
-1.340255290269851685e-01
-1.412343531847000122e-01
-1.408170610666275024e-01
-1.352352946996688843e-01
-1.291972547769546509e-01
-1.231584399938583374e-01
-1.150381416082382202e-01
-1.050171703100204468e-01
-9.404681622982025146e-02
-7.878611981868743896e-02
-9.844098985195159912e-02
-9.417377412319183350e-02
-8.996416628360748291e-02
-8.575360476970672607e-02
-8.232592046260833740e-02
-7.882897555828094482e-02
-7.565836608409881592e-02
-7.336552441120147705e-02
-7.168991863727569580e-02
-7.001431286334991455e-02
-6.833843886852264404e-02
-6.724525988101959229e-02
-6.690977513790130615e-02
-6.822760403156280518e-02
-6.874243915081024170e-02
-7.253675162792205811e-02
-7.620452344417572021e-02
-8.181159198284149170e-02
-8.768813312053680420e-02
-9.356482326984405518e-02
-9.944160282611846924e-02
-1.076573878526687622e-01
-1.122939139604568481e-01
-1.152223497629165649e-01
-1.121247559785842896e-01
-1.040268689393997192e-01
-9.681232273578643799e-02
-9.121806919574737549e-02
-8.698262274265289307e-02
-8.277256786823272705e-02
-8.016620576381683350e-02
-7.674938440322875977e-02
-8.048486709594726562e-02
-8.470727503299713135e-02
-8.904151618480682373e-02
-9.399782121181488037e-02
-1.021599769592285156e-01
-1.113558858633041382e-01
-1.208016425371170044e-01
-1.297590583562850952e-01
-1.397668719291687012e-01
-1.513164788484573364e-01
-1.595332473516464233e-01
-1.665056496858596802e-01
-1.702806353569030762e-01
-1.638111770153045654e-01
-1.554416567087173462e-01
-1.451648026704788208e-01
-1.352436244487762451e-01
-1.239048689603805542e-01
-1.112072467803955078e-01
-9.814684092998504639e-02
-8.471241593360900879e-02
-7.241117954254150391e-02
-5.997169390320777893e-02
-4.973365738987922668e-02
-4.273842647671699524e-02
-3.771689906716346741e-02
-3.902502730488777161e-02
-4.253086820244789124e-02
-5.055575445294380188e-02
-6.091277673840522766e-02
-7.126958668231964111e-02
-8.262339234352111816e-02
-9.301818907260894775e-02
-9.806561470031738281e-02
-1.009609103202819824e-01
-1.050585806369781494e-01
-1.126542985439300537e-01
-1.174944788217544556e-01
-1.188431233167648315e-01
-1.156614869832992554e-01
-1.107821762561798096e-01
-1.056753844022750854e-01
-1.019818186759948730e-01
-9.819929301738739014e-02
-9.214401245117187500e-02
-8.347690105438232422e-02
-7.469327747821807861e-02
-6.680783629417419434e-02
-5.948955193161964417e-02
-5.328800156712532043e-02
-4.829204455018043518e-02
-4.268941655755043030e-02
-3.893721476197242737e-02
-3.417350724339485168e-02
-2.956721559166908264e-02
-2.691358700394630432e-02
-2.954949811100959778e-02
-3.223707154393196106e-02
-3.722691908478736877e-02
-4.608317092061042786e-02
-5.775417760014533997e-02
-6.411679089069366455e-02
-7.339875400066375732e-02
-8.350495994091033936e-02
-9.618192911148071289e-02
-1.059572994709014893e-01
-1.101934611797332764e-01
-1.171701699495315552e-01
-1.244272738695144653e-01
-1.261472105979919434e-01
-1.186282932758331299e-01
-1.069102436304092407e-01
-9.084312617778778076e-02
-7.421210408210754395e-02
-6.237437203526496887e-02
-5.204813554883003235e-02
-4.843746498227119446e-02
-5.249494686722755432e-02
-6.137840822339057922e-02
-7.054133713245391846e-02
-7.970674335956573486e-02
-8.887191116809844971e-02
-9.803728759288787842e-02
-1.069449037313461304e-01
-1.153773516416549683e-01
-1.235968321561813354e-01
-1.314614266157150269e-01
-1.391727775335311890e-01
-1.459172815084457397e-01
-1.460766047239303589e-01
-1.408943682909011841e-01
-1.357118636369705200e-01
-1.302687972784042358e-01
-1.211038976907730103e-01
-1.119390577077865601e-01
-9.701003134250640869e-02
-8.174945414066314697e-02
-9.114466607570648193e-02
-8.759303390979766846e-02
-8.384554088115692139e-02
-8.297549188137054443e-02
-8.146815001964569092e-02
-8.012150228023529053e-02
-7.847703993320465088e-02
-7.639200985431671143e-02
-7.430712878704071045e-02
-7.222197949886322021e-02
-7.013715803623199463e-02
-6.805215775966644287e-02
-6.603659689426422119e-02
-6.598274409770965576e-02
-6.643138825893402100e-02
-7.203675806522369385e-02
-7.681705057621002197e-02
-8.230747282505035400e-02
-8.899031579494476318e-02
-9.572280943393707275e-02
-1.024554818868637085e-01
-1.091880351305007935e-01
-1.145380288362503052e-01
-1.174665540456771851e-01
-1.160422414541244507e-01
-1.092389076948165894e-01
-1.021379083395004272e-01
-9.493841230869293213e-02
-8.875215053558349609e-02
-8.361877501010894775e-02
-7.915799319744110107e-02
-7.602402567863464355e-02
-7.959905266761779785e-02
-8.388513326644897461e-02
-8.821924030780792236e-02
-9.281583130359649658e-02
-9.870962798595428467e-02
-1.067059636116027832e-01
-1.166763007640838623e-01
-1.257848143577575684e-01
-1.346521377563476562e-01
-1.430683284997940063e-01
-1.499578952789306641e-01
-1.549987047910690308e-01
-1.589093953371047974e-01
-1.547711640596389771e-01
-1.466420888900756836e-01
-1.383096724748611450e-01
-1.289666146039962769e-01
-1.183519959449768066e-01
-1.071316450834274292e-01
-9.675157070159912109e-02
-8.553901314735412598e-02
-7.266394793987274170e-02
-6.074267998337745667e-02
-5.313906446099281311e-02
-4.608825221657752991e-02
-4.033074155449867249e-02
-3.968088701367378235e-02
-4.352037981152534485e-02
-5.253297463059425354e-02
-6.288988888263702393e-02
-7.315966486930847168e-02
-8.281250298023223877e-02
-9.347555041313171387e-02
-9.879328310489654541e-02
-1.038719117641448975e-01
-1.092944145202636719e-01
-1.091281920671463013e-01
-1.076706051826477051e-01
-1.073172092437744141e-01
-1.063007563352584839e-01
-1.020991653203964233e-01
-9.647631645202636719e-02
-9.132637083530426025e-02
-8.805124461650848389e-02
-8.534432947635650635e-02
-7.850468158721923828e-02
-7.039491832256317139e-02
-6.175095215439796448e-02
-5.360468104481697083e-02
-4.910050705075263977e-02
-4.602679982781410217e-02
-4.347283020615577698e-02
-3.672787919640541077e-02
-3.065507486462593079e-02
-2.720652893185615540e-02
-2.406685426831245422e-02
-2.370980754494667053e-02
-2.765499427914619446e-02
-3.409390524029731750e-02
-4.545079544186592102e-02
-5.537964776158332825e-02
-6.271968781948089600e-02
-7.228969037532806396e-02
-8.580394089221954346e-02
-9.914574027061462402e-02
-1.115474700927734375e-01
-1.193620562553405762e-01
-1.269427537918090820e-01
-1.340685486793518066e-01
-1.291043758392333984e-01
-1.184043735265731812e-01
-1.069557070732116699e-01
-9.088848531246185303e-02
-7.493710517883300781e-02
-6.442855298519134521e-02
-5.636440590023994446e-02
-5.083446577191352844e-02
-5.834769085049629211e-02
-6.784527003765106201e-02
-7.701045274734497070e-02
-8.617587387561798096e-02
-9.547661244869232178e-02
-1.050970405340194702e-01
-1.134476512670516968e-01
-1.210328489542007446e-01
-1.288967877626419067e-01
-1.367611140012741089e-01
-1.439358443021774292e-01
-1.502057164907455444e-01
-1.511215716600418091e-01
-1.459392756223678589e-01
-1.407569795846939087e-01
-1.331524997949600220e-01
-1.239876598119735718e-01
-1.105904132127761841e-01
-9.618638455867767334e-02
-8.178187906742095947e-02
-7.969595491886138916e-02
-7.803957164287567139e-02
-7.976900041103363037e-02
-8.195762336254119873e-02
-8.190594613552093506e-02
-8.083926141262054443e-02
-7.898183166980743408e-02
-7.689674198627471924e-02
-7.481177151203155518e-02
-7.272692024707794189e-02
-7.064180076122283936e-02
-6.816725432872772217e-02
-6.615073978900909424e-02
-6.608502566814422607e-02
-6.879042088985443115e-02
-7.452927529811859131e-02
-8.011455833911895752e-02
-8.607555925846099854e-02
-9.271417558193206787e-02
-9.947182238101959229e-02
-1.065846532583236694e-01
-1.138545721769332886e-01
-1.208479255437850952e-01
-1.212170869112014771e-01
-1.202835887670516968e-01
-1.152061969041824341e-01
-1.066655367612838745e-01
-9.826807677745819092e-02
-8.991001546382904053e-02
-8.111397922039031982e-02
-7.445473968982696533e-02
-7.217103242874145508e-02
-7.727944850921630859e-02
-8.306291699409484863e-02
-8.739700913429260254e-02
-9.226699173450469971e-02
-9.814485907554626465e-02
-1.040608286857604980e-01
-1.125508993864059448e-01
-1.216932386159896851e-01
-1.286466866731643677e-01
-1.315512061119079590e-01
-1.363986879587173462e-01
-1.410392969846725464e-01
-1.445758491754531860e-01
-1.452059894800186157e-01
-1.373490542173385620e-01
-1.280428320169448853e-01
-1.178237497806549072e-01
-1.086778491735458374e-01
-1.009617447853088379e-01
-9.203369915485382080e-02
-8.171962201595306396e-02
-7.171849906444549561e-02
-6.362688541412353516e-02
-5.864853039383888245e-02
-5.205360427498817444e-02
-4.485455527901649475e-02
-4.193570092320442200e-02
-4.673527553677558899e-02
-5.477244034409523010e-02
-6.504243612289428711e-02
-7.530473172664642334e-02
-8.398504555225372314e-02
-9.625144302845001221e-02
-1.044708490371704102e-01
-1.076599657535552979e-01
-1.086665838956832886e-01
-1.063203513622283936e-01
-1.032726615667343140e-01
-1.002250611782073975e-01
-9.922783076763153076e-02
-9.643931686878204346e-02
-9.251625835895538330e-02
-8.586524426937103271e-02
-8.193622529506683350e-02
-8.034014701843261719e-02
-7.692055404186248779e-02
-6.786452233791351318e-02
-5.864449217915534973e-02
-5.169344320893287659e-02
-4.755844548344612122e-02
-4.442505910992622375e-02
-4.079985991120338440e-02
-3.559646382927894592e-02
-3.031519427895545959e-02
-2.682197466492652893e-02
-2.426655963063240051e-02
-2.187998965382575989e-02
-2.698511257767677307e-02
-3.559831157326698303e-02
-4.918171837925910950e-02
-5.867921188473701477e-02
-6.765551865100860596e-02
-7.678672671318054199e-02
-8.992727100849151611e-02
-1.023997366428375244e-01
-1.162303835153579712e-01
-1.283351182937622070e-01
-1.360145211219787598e-01
-1.391764432191848755e-01
-1.288803368806838989e-01
-1.181802898645401001e-01
-1.071375757455825806e-01
-9.133006632328033447e-02
-7.769215106964111328e-02
-6.863927841186523438e-02
-6.381228566169738770e-02
-5.922034755349159241e-02
-6.514894962310791016e-02
-7.431416213512420654e-02
-8.371935784816741943e-02
-9.334002435207366943e-02
-1.029608100652694702e-01
-1.111531704664230347e-01
-1.186613291501998901e-01
-1.263325363397598267e-01
-1.341966539621353149e-01
-1.417758315801620483e-01
-1.483740955591201782e-01
-1.541665941476821899e-01
-1.561662405729293823e-01
-1.509841233491897583e-01
-1.452008336782455444e-01
-1.360358744859695435e-01
-1.236169785261154175e-01
-1.092130690813064575e-01
-9.480883181095123291e-02
-8.040414750576019287e-02
-7.269366085529327393e-02
-7.493220269680023193e-02
-7.720099389553070068e-02
-7.914565503597259521e-02
-7.901240885257720947e-02
-7.887892425060272217e-02
-7.837878167629241943e-02
-7.740180194377899170e-02
-7.531665265560150146e-02
-7.323165237903594971e-02
-7.105283439159393311e-02
-6.871880590915679932e-02
-7.029898464679718018e-02
-7.324908673763275146e-02
-7.619954645633697510e-02
-8.030737936496734619e-02
-8.501972258090972900e-02
-9.140162169933319092e-02
-9.840326011180877686e-02
-1.054340153932571411e-01
-1.127042919397354126e-01
-1.199742108583450317e-01
-1.272442489862442017e-01
-1.284692734479904175e-01
-1.241408139467239380e-01
-1.186874359846115112e-01
-1.088141351938247681e-01
-9.839005768299102783e-02
-8.935910463333129883e-02
-8.056314289569854736e-02
-7.274416089057922363e-02
-6.791809201240539551e-02
-7.092376053333282471e-02
-7.842761278152465820e-02
-8.543615043163299561e-02
-9.153495728969573975e-02
-9.770545363426208496e-02
-1.039149463176727295e-01
-1.114102452993392944e-01
-1.155833154916763306e-01
-1.165409386157989502e-01
-1.185659915208816528e-01
-1.227070391178131104e-01
-1.265494972467422485e-01
-1.302423775196075439e-01
-1.337708532810211182e-01
-1.257940381765365601e-01
-1.162305772304534912e-01
-1.067266315221786499e-01
-9.913741052150726318e-02
-9.064319729804992676e-02
-8.189772069454193115e-02
-7.442919909954071045e-02
-6.928446888923645020e-02
-6.426131725311279297e-02
-6.143138185143470764e-02
-5.827637389302253723e-02
-5.312796309590339661e-02
-4.958185926079750061e-02
-5.342962220311164856e-02
-6.125618889927864075e-02
-7.230031490325927734e-02
-8.234539628028869629e-02
-9.302777051925659180e-02
-1.020488142967224121e-01
-1.074714064598083496e-01
-1.112185269594192505e-01
-1.101344376802444458e-01
-1.072381734848022461e-01
-1.042242497205734253e-01
-1.011767089366912842e-01
-9.812903404235839844e-02
-9.358333051204681396e-02
-8.949097990989685059e-02
-8.383274078369140625e-02
-7.714129984378814697e-02
-7.312625646591186523e-02
-7.035124301910400391e-02
-6.612001359462738037e-02
-5.863348022103309631e-02
-5.254598334431648254e-02
-4.548550024628639221e-02
-4.099491611123085022e-02
-4.084840789437294006e-02
-3.711590543389320374e-02
-3.280529752373695374e-02
-2.872145548462867737e-02
-2.625331655144691467e-02
-2.699046209454536438e-02
-3.040418401360511780e-02
-4.244324937462806702e-02
-5.473077669739723206e-02
-6.405369937419891357e-02
-7.301844656467437744e-02
-8.198332786560058594e-02
-9.306536614894866943e-02
-1.060378402471542358e-01
-1.221915781497955322e-01
-1.350267678499221802e-01
-1.434580534696578979e-01
-1.390043050050735474e-01
-1.288123130798339844e-01
-1.184027045965194702e-01
-1.084087044000625610e-01
-9.409375488758087158e-02
-8.354000747203826904e-02
-7.539388537406921387e-02
-7.225258648395538330e-02
-6.868241727352142334e-02
-7.196217775344848633e-02
-8.158297836780548096e-02
-9.120352566242218018e-02
-1.006465703248977661e-01
-1.088587790727615356e-01
-1.163669079542160034e-01
-1.238750368356704712e-01
-1.316018551588058472e-01
-1.392813473939895630e-01
-1.464883536100387573e-01
-1.523350030183792114e-01
-1.581275612115859985e-01
-1.612113267183303833e-01
-1.560289412736892700e-01
-1.480842381715774536e-01
-1.366439610719680786e-01
-1.222395449876785278e-01
-1.078353673219680786e-01
-9.343115985393524170e-02
-7.902674376964569092e-02
-6.872414052486419678e-02
-7.194136083126068115e-02
-7.476477324962615967e-02
-7.625268399715423584e-02
-7.611899077892303467e-02
-7.598508894443511963e-02
-7.607190310955047607e-02
-7.615928351879119873e-02
-7.597170770168304443e-02
-7.515530288219451904e-02
-7.356090843677520752e-02
-7.511781156063079834e-02
-7.860554754734039307e-02
-8.209334313869476318e-02
-8.558090031147003174e-02
-8.930371701717376709e-02
-9.408594667911529541e-02
-9.901027381420135498e-02
-1.049362868070602417e-01
-1.119382530450820923e-01
-1.189397722482681274e-01
-1.259311586618423462e-01
-1.317617446184158325e-01
-1.331583112478256226e-01
-1.281814724206924438e-01
-1.195777803659439087e-01
-1.084483712911605835e-01
-9.804038703441619873e-02
-8.880789577960968018e-02
-8.001217246055603027e-02
-7.210114598274230957e-02
-6.629924476146697998e-02
-6.808331608772277832e-02
-7.356406748294830322e-02
-7.938383519649505615e-02
-8.806768059730529785e-02
-9.564600884914398193e-02
-1.024837344884872437e-01
-1.067263185977935791e-01
-1.058763265609741211e-01
-1.050650626420974731e-01
-1.063655018806457520e-01
-1.089693307876586914e-01
-1.120933890342712402e-01
-1.155536770820617676e-01
-1.174906343221664429e-01
-1.140424311161041260e-01
-1.046264916658401489e-01
-9.585569798946380615e-02
-8.793830871582031250e-02
-8.039210736751556396e-02
-7.353194057941436768e-02
-6.976139545440673828e-02
-6.621253490447998047e-02
-6.609250605106353760e-02
-6.604118645191192627e-02
-6.610758602619171143e-02
-6.538179516792297363e-02
-6.503164768218994141e-02
-6.919606029987335205e-02
-7.555511593818664551e-02
-8.471328020095825195e-02
-9.211957454681396484e-02
-9.813795983791351318e-02
-1.056909263134002686e-01
-1.115170717239379883e-01
-1.137675642967224121e-01
-1.108711063861846924e-01
-1.079747527837753296e-01
-1.051888912916183472e-01
-1.025341153144836426e-01
-9.978196024894714355e-02
-9.582702815532684326e-02
-8.909180760383605957e-02
-8.228375017642974854e-02
-7.648421823978424072e-02
-7.082754373550415039e-02
-6.760819256305694580e-02
-6.588613986968994141e-02
-6.031240895390510559e-02
-5.224697664380073547e-02
-4.348728433251380920e-02
-3.884779289364814758e-02
-3.947222605347633362e-02
-3.876983001828193665e-02
-3.584869578480720520e-02
-3.369588032364845276e-02
-3.281103447079658508e-02
-3.569217398762702942e-02
-4.080056026577949524e-02
-5.082871392369270325e-02
-6.045177951455116272e-02
-6.941664218902587891e-02
-7.838140428066253662e-02
-8.717200160026550293e-02
-9.591172635555267334e-02
-1.113940477371215820e-01
-1.255081593990325928e-01
-1.410913467407226562e-01
-1.432100683450698853e-01
-1.385817229747772217e-01
-1.295779794454574585e-01
-1.211540400981903076e-01
-1.127007752656936646e-01
-9.909273684024810791e-02
-9.031693637371063232e-02
-8.301940560340881348e-02
-8.114077150821685791e-02
-7.941156625747680664e-02
-8.030073344707489014e-02
-8.906702697277069092e-02
-9.802103042602539062e-02
-1.065640896558761597e-01
-1.140721589326858521e-01
-1.215806454420089722e-01
-1.290885657072067261e-01
-1.367178708314895630e-01
-1.440546363592147827e-01
-1.505035609006881714e-01
-1.562958210706710815e-01
-1.620884388685226440e-01
-1.662559956312179565e-01
-1.601327210664749146e-01
-1.496707051992416382e-01
-1.352664083242416382e-01
-1.208618432283401489e-01
-1.064578741788864136e-01
-9.205378592014312744e-02
-7.733951508998870850e-02
-6.541012227535247803e-02
-6.846635043621063232e-02
-7.193581759929656982e-02
-7.424031198024749756e-02
-7.496209442615509033e-02
-7.568408548831939697e-02
-7.657383382320404053e-02
-7.757605612277984619e-02
-7.727490365505218506e-02
-7.759930193424224854e-02
-7.983075082302093506e-02
-8.344148099422454834e-02
-8.797155320644378662e-02
-9.189842641353607178e-02
-9.538622200489044189e-02
-9.837888181209564209e-02
-1.031609624624252319e-01
-1.079689115285873413e-01
-1.136301308870315552e-01
-1.192052215337753296e-01
-1.239473670721054077e-01
-1.295088380575180054e-01
-1.336456388235092163e-01
-1.348377615213394165e-01
-1.294117420911788940e-01
-1.208643764257431030e-01
-1.116036623716354370e-01
-9.871922433376312256e-02
-8.825695514678955078e-02
-7.946099340915679932e-02
-7.145780324935913086e-02
-6.467999517917633057e-02
-6.571786105632781982e-02
-7.119870185852050781e-02
-7.686267793178558350e-02
-8.380597829818725586e-02
-8.879798650741577148e-02
-9.513959288597106934e-02
-9.641489386558532715e-02
-9.588925540447235107e-02
-9.521043300628662109e-02
-9.458543360233306885e-02
-9.531587362289428711e-02
-9.830936789512634277e-02
-1.018298268318176270e-01
-1.043827831745147705e-01
-1.059828549623489380e-01
-9.851023554801940918e-02
-9.098286926746368408e-02
-8.375273644924163818e-02
-7.703329622745513916e-02
-7.373733818531036377e-02
-7.110892236232757568e-02
-6.931401789188385010e-02
-7.110679149627685547e-02
-7.063694298267364502e-02
-7.139447331428527832e-02
-7.448133826255798340e-02
-7.700999081134796143e-02
-8.063712716102600098e-02
-8.517256379127502441e-02
-9.366197884082794189e-02
-1.003889888525009155e-01
-1.051555573940277100e-01
-1.108555644750595093e-01
-1.162279844284057617e-01
-1.159487068653106689e-01
-1.137529462575912476e-01
-1.114407777786254883e-01
-1.086551845073699951e-01
-1.053966432809829712e-01
-1.022910773754119873e-01
-9.979999065399169922e-02
-9.427906572818756104e-02
-8.765825629234313965e-02
-7.898177206516265869e-02
-7.144299149513244629e-02
-6.664152443408966064e-02
-6.063431873917579651e-02
-5.847089365124702454e-02
-5.109727755188941956e-02
-4.254454746842384338e-02
-3.927524760365486145e-02
-3.961752727627754211e-02
-4.234952107071876526e-02
-4.199831560254096985e-02
-4.005369916558265686e-02
-4.237841442227363586e-02
-4.684301093220710754e-02
-5.267011001706123352e-02
-5.752899125218391418e-02
-6.581468880176544189e-02
-7.477951049804687500e-02
-8.374430239200592041e-02
-9.179258346557617188e-02
-1.015862077474594116e-01
-1.136256307363510132e-01
-1.295900195837020874e-01
-1.405528336763381958e-01
-1.442882865667343140e-01
-1.408497840166091919e-01
-1.329652518033981323e-01
-1.251821368932723999e-01
-1.174777001142501831e-01
-1.054486930370330811e-01
-9.771274030208587646e-02
-9.250409901142120361e-02
-9.059546887874603271e-02
-9.007477760314941406e-02
-9.074193239212036133e-02
-9.539569914340972900e-02
-1.040827631950378418e-01
-1.117777675390243530e-01
-1.192860454320907593e-01
-1.267942339181900024e-01
-1.342265456914901733e-01
-1.415009349584579468e-01
-1.483644694089889526e-01
-1.544643789529800415e-01
-1.602569967508316040e-01
-1.660495251417160034e-01
-1.713009327650070190e-01
-1.626971513032913208e-01
-1.482929438352584839e-01
-1.338886767625808716e-01
-1.194846183061599731e-01
-1.050802022218704224e-01
-9.033130109310150146e-02
-7.847531139850616455e-02
-6.449849903583526611e-02
-6.893552839756011963e-02
-7.340945303440093994e-02
-7.589589059352874756e-02
-7.757498323917388916e-02
-7.867337763309478760e-02
-7.977245748043060303e-02
-8.000288903713226318e-02
-8.175887167453765869e-02
-8.382947742938995361e-02
-8.597673475742340088e-02
-9.042184054851531982e-02
-9.495170414447784424e-02
-9.948112070560455322e-02
-1.040109544992446899e-01
-1.073522716760635376e-01
-1.122361868619918823e-01
-1.170095950365066528e-01
-1.211398988962173462e-01
-1.253612190485000610e-01
-1.289674192667007446e-01
-1.311454921960830688e-01
-1.327372342348098755e-01
-1.338784545660018921e-01
-1.306294053792953491e-01
-1.221511214971542358e-01
-1.135476082563400269e-01
-1.020052731037139893e-01
-8.987711369991302490e-02
-7.890976965427398682e-02
-7.081450521945953369e-02
-6.316484510898590088e-02
-6.338512897491455078e-02
-6.930492818355560303e-02
-7.458765804767608643e-02
-7.905696332454681396e-02
-8.362056314945220947e-02
-8.686274290084838867e-02
-8.925227820873260498e-02
-9.087519347667694092e-02
-9.107683598995208740e-02
-9.129971265792846680e-02
-8.925405144691467285e-02
-8.809016644954681396e-02
-9.214287996292114258e-02
-9.496761858463287354e-02
-9.788501262664794922e-02
-9.582865238189697266e-02
-8.852018415927886963e-02
-8.103461563587188721e-02
-7.717864215373992920e-02
-7.515542209148406982e-02
-7.247893512248992920e-02
-7.219526171684265137e-02
-7.333429157733917236e-02
-7.522056996822357178e-02
-7.816545665264129639e-02
-8.036020398139953613e-02
-8.115589618682861328e-02
-8.524975180625915527e-02
-9.059718251228332520e-02
-1.005299538373947144e-01
-1.094096899032592773e-01
-1.164508610963821411e-01
-1.212134510278701782e-01
-1.235089153051376343e-01
-1.213154196739196777e-01
-1.182171404361724854e-01
-1.146581023931503296e-01
-1.114852875471115112e-01
-1.083796620368957520e-01
-1.058516353368759155e-01
-1.038262993097305298e-01
-9.947602450847625732e-02
-9.276527166366577148e-02
-8.517205715179443359e-02
-7.437509298324584961e-02
-6.326289474964141846e-02
-5.839831009507179260e-02
-5.442814901471138000e-02
-5.220432952046394348e-02
-4.597618058323860168e-02
-4.182038083672523499e-02
-4.192221537232398987e-02
-4.559949412941932678e-02
-4.894426837563514709e-02
-4.985773935914039612e-02
-5.218796804547309875e-02
-5.836730077862739563e-02
-6.453958153724670410e-02
-6.696736812591552734e-02
-7.200676202774047852e-02
-8.014243841171264648e-02
-8.833894133567810059e-02
-9.624028205871582031e-02
-1.061003804206848145e-01
-1.173612773418426514e-01
-1.314333379268646240e-01
-1.405892968177795410e-01
-1.484710872173309326e-01
-1.444735825061798096e-01
-1.369275152683258057e-01
-1.294250637292861938e-01
-1.221760362386703491e-01
-1.129301637411117554e-01
-1.055872291326522827e-01
-1.019953340291976929e-01
-9.984882175922393799e-02
-1.000268608331680298e-01
-9.998247027397155762e-02
-1.014572829008102417e-01
-1.094831526279449463e-01
-1.169914454221725464e-01
-1.244995743036270142e-01
-1.320017427206039429e-01
-1.389924734830856323e-01
-1.458855718374252319e-01
-1.525026112794876099e-01
-1.584253758192062378e-01
-1.642178446054458618e-01
-1.700105816125869751e-01
-1.745215207338333130e-01
-1.613198071718215942e-01
-1.469156295061111450e-01
-1.325112134218215942e-01
-1.181069463491439819e-01
-1.033794134855270386e-01
-8.851258456707000732e-02
-7.961158454418182373e-02
-5.850436165928840637e-02
-6.683282554149627686e-02
-7.452689111232757568e-02
-7.850079238414764404e-02
-8.105801045894622803e-02
-8.277519047260284424e-02
-8.313907682895660400e-02
-8.611921966075897217e-02
-8.909957110881805420e-02
-9.134624898433685303e-02
-9.416760504245758057e-02
-9.853599965572357178e-02
-1.029050797224044800e-01
-1.072738319635391235e-01
-1.116425842046737671e-01
-1.146243959665298462e-01
-1.183479279279708862e-01
-1.225715428590774536e-01
-1.269276589155197144e-01
-1.290976852178573608e-01
-1.312759965658187866e-01
-1.334540694952011108e-01
-1.334856599569320679e-01
-1.332976967096328735e-01
-1.324286013841629028e-01
-1.244100779294967651e-01
-1.163494437932968140e-01
-1.073638647794723511e-01
-9.559185802936553955e-02
-8.486036956310272217e-02
-7.477861642837524414e-02
-6.725189089775085449e-02
-6.619857251644134521e-02
-6.960391998291015625e-02
-7.365418970584869385e-02
-7.827417552471160889e-02
-8.160147070884704590e-02
-8.434721827507019043e-02
-8.748541772365570068e-02
-8.922393620014190674e-02
-8.972881734371185303e-02
-8.840146660804748535e-02
-8.572362363338470459e-02
-8.354786038398742676e-02
-8.288533985614776611e-02
-8.601722121238708496e-02
-8.906912803649902344e-02
-9.138782322406768799e-02
-8.447323739528656006e-02
-7.980936765670776367e-02
-7.836793363094329834e-02
-7.716970145702362061e-02
-7.585647702217102051e-02
-7.686363160610198975e-02
-7.803267240524291992e-02
-8.033484220504760742e-02
-8.112485706806182861e-02
-8.414934575557708740e-02
-8.749625086784362793e-02
-9.144759178161621094e-02
-9.503065049648284912e-02
-1.029738932847976685e-01
-1.136974394321441650e-01
-1.228145807981491089e-01
-1.284925043582916260e-01
-1.299629509449005127e-01
-1.278196871280670166e-01
-1.241741329431533813e-01
-1.191180795431137085e-01
-1.149408668279647827e-01
-1.117805838584899902e-01
-1.097366362810134888e-01
-1.074018031358718872e-01
-1.038549989461898804e-01
-9.640820324420928955e-02
-8.823324739933013916e-02
-7.811631262302398682e-02
-6.838002800941467285e-02
-6.154311075806617737e-02
-5.563053861260414124e-02
-5.139568820595741272e-02
-4.955335333943367004e-02
-4.695281758904457092e-02
-4.630349949002265930e-02
-5.010068789124488831e-02
-5.501453951001167297e-02
-6.015697494149208069e-02
-6.374138593673706055e-02
-6.899335980415344238e-02
-7.356236875057220459e-02
-7.616856694221496582e-02
-7.930620014667510986e-02
-8.623856306076049805e-02
-9.102973341941833496e-02
-1.010983586311340332e-01
-1.124884039163589478e-01
-1.253248006105422974e-01
-1.323640048503875732e-01
-1.415643244981765747e-01
-1.509440541267395020e-01
-1.484119147062301636e-01
-1.417302787303924561e-01
-1.344812214374542236e-01
-1.272321492433547974e-01
-1.199246197938919067e-01
-1.128278374671936035e-01
-1.110209077596664429e-01
-1.093119531869888306e-01
-1.092674732208251953e-01
-1.092233657836914062e-01
-1.088487654924392700e-01
-1.146968305110931396e-01
-1.222050637006759644e-01
-1.297132819890975952e-01
-1.367677301168441772e-01
-1.434577554464340210e-01
-1.499903053045272827e-01
-1.565509587526321411e-01
-1.623861938714981079e-01
-1.681789010763168335e-01
-1.739714592695236206e-01
-1.727199107408523560e-01
-1.599420458078384399e-01
-1.455381065607070923e-01
-1.311337202787399292e-01
-1.164274960756301880e-01
-1.015603393316268921e-01
-8.806024491786956787e-02
-8.074761927127838135e-02
-5.474852398037910461e-02
-6.111203506588935852e-02
-6.678669154644012451e-02
-7.226581871509552002e-02
-7.795099914073944092e-02
-8.368955552577972412e-02
-8.941216766834259033e-02
-9.306301176548004150e-02
-9.604303538799285889e-02
-9.886358678340911865e-02
-1.025186628103256226e-01
-1.068876534700393677e-01
-1.112564355134963989e-01
-1.156253367662429810e-01
-1.186992377042770386e-01
-1.203717142343521118e-01
-1.239160448312759399e-01
-1.266534477472305298e-01
-1.299459189176559448e-01
-1.335621625185012817e-01
-1.371788829565048218e-01
-1.397797912359237671e-01
-1.399769932031631470e-01
-1.401742249727249146e-01
-1.402764767408370972e-01
-1.317535191774368286e-01
-1.235482096672058105e-01
-1.158141493797302246e-01
-1.051714867353439331e-01
-9.457468986511230469e-02
-8.468310534954071045e-02
-7.355202734470367432e-02
-6.628830730915069580e-02
-6.985379755496978760e-02
-7.453367114067077637e-02
-7.798999547958374023e-02
-8.037839829921722412e-02
-8.351671695709228516e-02
-8.665494620800018311e-02
-8.840332925319671631e-02
-8.823095262050628662e-02
-8.634568750858306885e-02
-8.210815489292144775e-02
-7.930493354797363281e-02
-7.857397198677062988e-02
-7.929365336894989014e-02
-8.175830543041229248e-02
-8.519251644611358643e-02
-8.478248119354248047e-02
-8.306047320365905762e-02
-8.176748454570770264e-02
-8.087006211280822754e-02
-8.098672330379486084e-02
-7.992278039455413818e-02
-7.856281101703643799e-02
-8.125336468219757080e-02
-8.604601025581359863e-02
-8.919206261634826660e-02
-9.117601811885833740e-02
-9.501619637012481689e-02
-9.998558461666107178e-02
-1.063809096813201904e-01
-1.155374795198440552e-01
-1.222170293331146240e-01
-1.268409043550491333e-01
-1.298374980688095093e-01
-1.307969540357589722e-01
-1.298872828483581543e-01
-1.261268556118011475e-01
-1.214417964220046997e-01
-1.174198836088180542e-01
-1.141056716442108154e-01
-1.104723215103149414e-01
-1.053051054477691650e-01
-9.984429180622100830e-02
-9.358181059360504150e-02
-8.428767323493957520e-02
-7.529251277446746826e-02
-6.709584593772888184e-02
-6.158373132348060608e-02
-5.603665485978126526e-02
-5.391560867428779602e-02
-5.358162894845008850e-02
-5.246737971901893616e-02
-5.562851205468177795e-02
-6.189057603478431702e-02
-6.925469636917114258e-02
-7.564815878868103027e-02
-8.034941554069519043e-02
-8.139899373054504395e-02
-8.511780202388763428e-02
-8.863945305347442627e-02
-9.001909196376800537e-02
-9.791332483291625977e-02
-1.092375963926315308e-01
-1.232286542654037476e-01
-1.285111457109451294e-01
-1.335944384336471558e-01
-1.432586163282394409e-01
-1.530945152044296265e-01
-1.523954719305038452e-01
-1.467863172292709351e-01
-1.395371109247207642e-01
-1.322880238294601440e-01
-1.268807053565979004e-01
-1.205428391695022583e-01
-1.177341789007186890e-01
-1.182110458612442017e-01
-1.185082942247390747e-01
-1.184640526771545410e-01
-1.172415763139724731e-01
-1.199105232954025269e-01
-1.274185925722122192e-01
-1.345430761575698853e-01
-1.413867920637130737e-01
-1.475143581628799438e-01
-1.540951281785964966e-01
-1.604741364717483521e-01
-1.663472801446914673e-01
-1.721396893262863159e-01
-1.736878007650375366e-01
-1.702585965394973755e-01
-1.585649400949478149e-01
-1.441603749990463257e-01
-1.294760555028915405e-01
-1.146088689565658569e-01
-9.974159300327301025e-02
-9.018810093402862549e-02
-8.668582141399383545e-02
-5.376421287655830383e-02
-5.982713773846626282e-02
-6.485579907894134521e-02
-6.841658055782318115e-02
-7.340659201145172119e-02
-8.045358955860137939e-02
-8.822618424892425537e-02
-9.604619443416595459e-02
-1.031704694032669067e-01
-1.090068370103836060e-01
-1.152273863554000854e-01
-1.200886219739913940e-01
-1.237323433160781860e-01
-1.271535605192184448e-01
-1.305749565362930298e-01
-1.302708536386489868e-01
-1.313129812479019165e-01
-1.339856535196304321e-01
-1.371912211179733276e-01
-1.410658806562423706e-01
-1.449406296014785767e-01
-1.474783271551132202e-01
-1.489755958318710327e-01
-1.504725664854049683e-01
-1.512070149183273315e-01
-1.450976282358169556e-01
-1.358610689640045166e-01
-1.271082609891891479e-01
-1.182994693517684937e-01
-1.064147502183914185e-01
-9.341292083263397217e-02
-8.131659030914306641e-02
-7.151179015636444092e-02
-7.244931161403656006e-02
-7.552306354045867920e-02
-7.679231464862823486e-02
-7.978329062461853027e-02
-8.315180242061614990e-02
-8.625376224517822266e-02
-8.724400401115417480e-02
-8.725474774837493896e-02
-8.514852821826934814e-02
-8.309008181095123291e-02
-8.226132392883300781e-02
-7.978038489818572998e-02
-7.854001224040985107e-02
-7.877488434314727783e-02
-8.173850178718566895e-02
-8.864548802375793457e-02
-8.711640536785125732e-02
-8.576412498950958252e-02
-8.169011771678924561e-02
-7.889804244041442871e-02
-7.740908861160278320e-02
-7.995654642581939697e-02
-8.366391062736511230e-02
-8.905582129955291748e-02
-9.257748723030090332e-02
-9.496358036994934082e-02
-9.853106737136840820e-02
-1.025715470314025879e-01
-1.057800650596618652e-01
-1.133190542459487915e-01
-1.203352808952331543e-01
-1.236539632081985474e-01
-1.263356059789657593e-01
-1.277669817209243774e-01
-1.291871517896652222e-01
-1.288044452667236328e-01
-1.277192980051040649e-01
-1.262197941541671753e-01
-1.219757944345474243e-01
-1.152700036764144897e-01
-1.093249917030334473e-01
-1.044533848762512207e-01
-9.822399914264678955e-02
-9.031876921653747559e-02
-8.240009844303131104e-02
-7.500708103179931641e-02
-6.908945739269256592e-02
-6.553293764591217041e-02
-6.346586346626281738e-02
-6.262703239917755127e-02
-5.965859070420265198e-02
-6.144129857420921326e-02
-6.873068213462829590e-02
-7.848818600177764893e-02
-8.611027896404266357e-02
-8.949227631092071533e-02
-8.948028087615966797e-02
-9.330126643180847168e-02
-9.726797044277191162e-02
-9.963905811309814453e-02
-1.077235937118530273e-01
-1.201945245265960693e-01
-1.272950023412704468e-01
-1.324701309204101562e-01
-1.376451551914215088e-01
-1.455580741167068481e-01
-1.545511484146118164e-01
-1.560715138912200928e-01
-1.508035361766815186e-01
-1.445840448141098022e-01
-1.386294364929199219e-01
-1.326656788587570190e-01
-1.274775862693786621e-01
-1.244474947452545166e-01
-1.266070157289505005e-01
-1.271314322948455811e-01
-1.268083602190017700e-01
-1.256343275308609009e-01
-1.251241713762283325e-01
-1.323183923959732056e-01
-1.392093747854232788e-01
-1.454497724771499634e-01
-1.515828520059585571e-01
-1.581998616456985474e-01
-1.643970161676406860e-01
-1.703081876039505005e-01
-1.744564324617385864e-01
-1.712262481451034546e-01
-1.677971631288528442e-01
-1.571873873472213745e-01
-1.425245553255081177e-01
-1.276571899652481079e-01
-1.127897650003433228e-01
-1.002773791551589966e-01
-9.649775922298431396e-02
-9.299556910991668701e-02
-5.468295887112617493e-02
-6.134005263447761536e-02
-6.639645993709564209e-02
-7.230524718761444092e-02
-7.852227985858917236e-02
-8.464343845844268799e-02
-9.076531231403350830e-02
-9.812058508396148682e-02
-1.059793084859848022e-01
-1.140592247247695923e-01
-1.223375350236892700e-01
-1.294914335012435913e-01
-1.355572789907455444e-01
-1.388932019472122192e-01
-1.405998617410659790e-01
-1.403184682130813599e-01
-1.411528140306472778e-01
-1.441486924886703491e-01
-1.474656313657760620e-01
-1.513402909040451050e-01
-1.553603559732437134e-01
-1.574588865041732788e-01
-1.593009978532791138e-01
-1.611428409814834595e-01
-1.629848033189773560e-01
-1.608225852251052856e-01
-1.526297181844711304e-01
-1.433743387460708618e-01
-1.319633722305297852e-01
-1.171030551195144653e-01
-1.041115969419479370e-01
-9.231314063072204590e-02
-8.186694979667663574e-02
-8.244891464710235596e-02
-8.171395957469940186e-02
-8.258144557476043701e-02
-8.604618906974792480e-02
-8.893989026546478271e-02
-9.103015065193176270e-02
-9.184567630290985107e-02
-8.978171646595001221e-02
-8.749108016490936279e-02
-8.701601624488830566e-02
-8.701983094215393066e-02
-8.643911778926849365e-02
-8.261017501354217529e-02
-8.160659670829772949e-02
-8.598127961158752441e-02
-9.154604375362396240e-02
-8.952692151069641113e-02
-8.410270512104034424e-02
-7.958443462848663330e-02
-7.855306565761566162e-02
-8.160126209259033203e-02
-8.530279994010925293e-02
-8.886371552944183350e-02
-9.314206242561340332e-02
-9.589850902557373047e-02
-9.715099632740020752e-02
-9.867069125175476074e-02
-1.024249345064163208e-01
-1.047322303056716919e-01
-1.109876334667205811e-01
-1.162169873714447021e-01
-1.200593709945678711e-01
-1.234244853258132935e-01
-1.249127984046936035e-01
-1.271234303712844849e-01
-1.295531839132308960e-01
-1.306323111057281494e-01
-1.293203085660934448e-01
-1.274934560060501099e-01
-1.228469610214233398e-01
-1.168434768915176392e-01
-1.106567382812500000e-01
-1.035802066326141357e-01
-9.794139862060546875e-02
-9.100611507892608643e-02
-8.401855826377868652e-02
-7.692579925060272217e-02
-7.421001791954040527e-02
-7.464052736759185791e-02
-7.398442924022674561e-02
-7.288557291030883789e-02
-6.974209845066070557e-02
-7.782880961894989014e-02
-8.722037076950073242e-02
-9.623809158802032471e-02
-9.826231002807617188e-02
-9.979881346225738525e-02
-1.024353951215744019e-01
-1.061874032020568848e-01
-1.115865409374237061e-01
-1.191399246454238892e-01
-1.279150843620300293e-01
-1.321330070495605469e-01
-1.369809210300445557e-01
-1.421559602022171021e-01
-1.478573083877563477e-01
-1.559456884860992432e-01
-1.580338925123214722e-01
-1.546055227518081665e-01
-1.479953676462173462e-01
-1.438276469707489014e-01
-1.382728070020675659e-01
-1.341910958290100098e-01
-1.324327886104583740e-01
-1.350029557943344116e-01
-1.350108534097671509e-01
-1.343562304973602295e-01
-1.337017565965652466e-01
-1.325594633817672729e-01
-1.370318979024887085e-01
-1.433851569890975952e-01
-1.495063751935958862e-01
-1.556877046823501587e-01
-1.623051017522811890e-01
-1.683198660612106323e-01
-1.735862642526626587e-01
-1.721944063901901245e-01
-1.687649339437484741e-01
-1.653357297182083130e-01
-1.555726975202560425e-01
-1.407053917646408081e-01
-1.258382052183151245e-01
-1.146887689828872681e-01
-1.063096374273300171e-01
-1.028072685003280640e-01
-9.930534660816192627e-02
-5.852412059903144836e-02
-6.640599668025970459e-02
-7.249833643436431885e-02
-7.840730249881744385e-02
-8.431626856327056885e-02
-9.022529423236846924e-02
-9.632237255573272705e-02
-1.033319979906082153e-01
-1.087129861116409302e-01
-1.163176447153091431e-01
-1.246237009763717651e-01
-1.312081664800643921e-01
-1.365614384412765503e-01
-1.419145017862319946e-01
-1.472806483507156372e-01
-1.498626619577407837e-01
-1.520216315984725952e-01
-1.555023640394210815e-01
-1.590478569269180298e-01
-1.632672995328903198e-01
-1.669592708349227905e-01
-1.688014119863510132e-01
-1.706435233354568481e-01
-1.725788563489913940e-01
-1.747163981199264526e-01
-1.752863973379135132e-01
-1.658568233251571655e-01
-1.554193049669265747e-01
-1.454262286424636841e-01
-1.331931501626968384e-01
-1.191071420907974243e-01
-1.067024469375610352e-01
-9.508055448532104492e-02
-9.243382513523101807e-02
-9.166003763675689697e-02
-9.237357974052429199e-02
-9.249860048294067383e-02
-9.418217837810516357e-02
-9.575562179088592529e-02
-9.550939500331878662e-02
-9.330220520496368408e-02
-9.258136153221130371e-02
-9.226247668266296387e-02
-9.226630628108978271e-02
-9.175722301006317139e-02
-9.052026271820068359e-02
-9.260848164558410645e-02
-9.160058200359344482e-02
-9.063045680522918701e-02
-8.939228951930999756e-02
-8.333510160446166992e-02
-8.228310942649841309e-02
-8.468104898929595947e-02
-8.835768699645996094e-02
-9.169133007526397705e-02
-9.386728703975677490e-02
-9.511534869670867920e-02
-9.761758148670196533e-02
-9.933263063430786133e-02
-9.990133345127105713e-02
-1.018271595239639282e-01
-1.041401028633117676e-01
-1.087291538715362549e-01
-1.117921322584152222e-01
-1.166969239711761475e-01
-1.220541745424270630e-01
-1.249055415391921997e-01
-1.295537948608398438e-01
-1.314670145511627197e-01
-1.302024871110916138e-01
-1.292473971843719482e-01
-1.285239011049270630e-01
-1.265608817338943481e-01
-1.244718581438064575e-01
-1.205525100231170654e-01
-1.164606511592864990e-01
-1.110227555036544800e-01
-1.030475050210952759e-01
-9.530316293239593506e-02
-8.841446042060852051e-02
-8.662757277488708496e-02
-8.755651116371154785e-02
-8.754368126392364502e-02
-8.867895603179931641e-02
-8.989833295345306396e-02
-9.150499105453491211e-02
-9.956261515617370605e-02
-1.079202294349670410e-01
-1.106339544057846069e-01
-1.104400306940078735e-01
-1.138512492179870605e-01
-1.187965422868728638e-01
-1.258009523153305054e-01
-1.336826831102371216e-01
-1.346788555383682251e-01
-1.388317793607711792e-01
-1.429846137762069702e-01
-1.478929370641708374e-01
-1.530030667781829834e-01
-1.584362089633941650e-01
-1.599540561437606812e-01
-1.580844968557357788e-01
-1.516849398612976074e-01
-1.491214185953140259e-01
-1.445056796073913574e-01
-1.416101306676864624e-01
-1.415061652660369873e-01
-1.437890976667404175e-01
-1.430695205926895142e-01
-1.423497945070266724e-01
-1.414557248353958130e-01
-1.402138024568557739e-01
-1.415385156869888306e-01
-1.476276665925979614e-01
-1.536837965250015259e-01
-1.598481982946395874e-01
-1.663104146718978882e-01
-1.722429841756820679e-01
-1.731076687574386597e-01
-1.697330921888351440e-01
-1.663037389516830444e-01
-1.626587659120559692e-01
-1.537537723779678345e-01
-1.401567906141281128e-01
-1.291001886129379272e-01
-1.180434376001358032e-01
-1.126192957162857056e-01
-1.091171950101852417e-01
-1.056152135133743286e-01
-6.472645699977874756e-02
-7.318042218685150146e-02
-7.942335307598114014e-02
-8.565543591976165771e-02
-9.188766777515411377e-02
-9.811992943286895752e-02
-1.033650487661361694e-01
-1.081571429967880249e-01
-1.132762283086776733e-01
-1.192804425954818726e-01
-1.255590170621871948e-01
-1.311724632978439331e-01
-1.371855884790420532e-01
-1.428838223218917847e-01
-1.485821157693862915e-01
-1.519001275300979614e-01
-1.556686609983444214e-01
-1.629206985235214233e-01
-1.698224991559982300e-01
-1.763295978307723999e-01
-1.801220327615737915e-01
-1.825485974550247192e-01
-1.849748343229293823e-01
-1.874011904001235962e-01
-1.887007802724838257e-01
-1.867912858724594116e-01
-1.784565597772598267e-01
-1.680353730916976929e-01
-1.580420434474945068e-01
-1.479132324457168579e-01
-1.348406076431274414e-01
-1.225170195102691650e-01
-1.072166711091995239e-01
-1.023798435926437378e-01
-1.020303964614868164e-01
-1.017794609069824219e-01
-1.013768166303634644e-01
-9.999956190586090088e-02
-9.958519041538238525e-02
-9.911349415779113770e-02
-9.839257597923278809e-02
-9.767146408557891846e-02
-9.750892221927642822e-02
-9.751270711421966553e-02
-9.662263095378875732e-02
-9.514649212360382080e-02
-9.442794322967529297e-02
-9.562247991561889648e-02
-9.526339173316955566e-02
-9.532274305820465088e-02
-9.047132730484008789e-02
-8.933766186237335205e-02
-9.203287959098815918e-02
-9.439857304096221924e-02
-9.664162993431091309e-02
-9.725125133991241455e-02
-9.768229722976684570e-02
-9.984545409679412842e-02
-1.008036285638809204e-01
-9.977510571479797363e-02
-1.013389676809310913e-01
-1.042456924915313721e-01
-1.075351089239120483e-01
-1.109141409397125244e-01
-1.158798635005950928e-01
-1.212368905544281006e-01
-1.234012842178344727e-01
-1.255611926317214966e-01
-1.274617314338684082e-01
-1.278890967369079590e-01
-1.289046257734298706e-01
-1.287851929664611816e-01
-1.275766342878341675e-01
-1.263602674007415771e-01
-1.247733235359191895e-01
-1.262671202421188354e-01
-1.241975873708724976e-01
-1.184556633234024048e-01
-1.097011268138885498e-01
-1.021857261657714844e-01
-9.939999878406524658e-02
-1.003046929836273193e-01
-1.022026091814041138e-01
-1.048350036144256592e-01
-1.106241047382354736e-01
-1.151175796985626221e-01
-1.206395179033279419e-01
-1.211453527212142944e-01
-1.221220046281814575e-01
-1.223905831575393677e-01
-1.275021880865097046e-01
-1.333265453577041626e-01
-1.423691809177398682e-01
-1.431066393852233887e-01
-1.438440382480621338e-01
-1.466814130544662476e-01
-1.508343368768692017e-01
-1.549873054027557373e-01
-1.600210964679718018e-01
-1.614536792039871216e-01
-1.622834950685501099e-01
-1.626986563205718994e-01
-1.569996178150177002e-01
-1.560297906398773193e-01
-1.528815180063247681e-01
-1.505359560251235962e-01
-1.524458676576614380e-01
-1.538442522287368774e-01
-1.531246453523635864e-01
-1.523004621267318726e-01
-1.510631889104843140e-01
-1.494570225477218628e-01
-1.473503857851028442e-01
-1.538824588060379028e-01
-1.602477878332138062e-01
-1.664602309465408325e-01
-1.727311164140701294e-01
-1.746498793363571167e-01
-1.729758232831954956e-01
-1.695742756128311157e-01
-1.658857613801956177e-01
-1.619284301996231079e-01
-1.566756516695022583e-01
-1.455540210008621216e-01
-1.344325095415115356e-01
-1.243432313203811646e-01
-1.207763105630874634e-01
-1.172093898057937622e-01
-1.136422902345657349e-01
-7.165901362895965576e-02
-8.125995099544525146e-02
-8.749173581600189209e-02
-9.372405707836151123e-02
-9.923057258129119873e-02
-1.043679267168045044e-01
-1.095053702592849731e-01
-1.136575788259506226e-01
-1.179123669862747192e-01
-1.233048290014266968e-01
-1.288277357816696167e-01
-1.344285756349563599e-01
-1.394398659467697144e-01
-1.452236920595169067e-01
-1.521588116884231567e-01
-1.558626443147659302e-01
-1.596840769052505493e-01
-1.672607213258743286e-01
-1.748373657464981079e-01
-1.832643300294876099e-01
-1.896243840456008911e-01
-1.954112499952316284e-01
-1.994354873895645142e-01
-1.994139999151229858e-01
-1.986993402242660522e-01
-1.972266584634780884e-01
-1.910559982061386108e-01
-1.806511431932449341e-01
-1.706580072641372681e-01
-1.606906652450561523e-01
-1.490470170974731445e-01
-1.350660771131515503e-01
-1.192289739847183228e-01
-1.130743175745010376e-01
-1.111475825309753418e-01
-1.103969961404800415e-01
-1.088225692510604858e-01
-1.075126975774765015e-01
-1.067020893096923828e-01
-1.044030189514160156e-01
-1.034828275442123413e-01
-1.027618199586868286e-01
-1.016940325498580933e-01
-9.887582063674926758e-02
-9.799630939960479736e-02
-9.745924174785614014e-02
-9.674069285392761230e-02
-9.694440662860870361e-02
-1.010118126869201660e-01
-1.043248921632766724e-01
-1.044490188360214233e-01
-1.004371941089630127e-01
-9.828719496726989746e-02
-9.966596961021423340e-02
-1.006618887186050415e-01
-1.010928601026535034e-01
-1.015240848064422607e-01
-1.019361615180969238e-01
-1.018488556146621704e-01
-1.026706099510192871e-01
-1.051972657442092896e-01
-1.077816039323806763e-01
-1.090002954006195068e-01
-1.117140799760818481e-01
-1.157926023006439209e-01
-1.191667020320892334e-01
-1.191499233245849609e-01
-1.209687143564224243e-01
-1.233839392662048340e-01
-1.251860558986663818e-01
-1.266996860504150391e-01
-1.272824108600616455e-01
-1.273970305919647217e-01
-1.266628205776214600e-01
-1.259225755929946899e-01
-1.289442777633666992e-01
-1.301524937152862549e-01
-1.290857791900634766e-01
-1.246592998504638672e-01
-1.195173561573028564e-01
-1.167218089103698730e-01
-1.146874278783798218e-01
-1.181801706552505493e-01
-1.257535964250564575e-01
-1.327232867479324341e-01
-1.399203687906265259e-01
-1.404894441366195679e-01
-1.386241465806961060e-01
-1.379330009222030640e-01
-1.376786828041076660e-01
-1.412127465009689331e-01
-1.490371078252792358e-01
-1.517931371927261353e-01
-1.525305509567260742e-01
-1.532678604125976562e-01
-1.543408334255218506e-01
-1.586840450763702393e-01
-1.624368280172348022e-01
-1.657055914402008057e-01
-1.652300059795379639e-01
-1.646128296852111816e-01
-1.654427647590637207e-01
-1.635555177927017212e-01
-1.625663340091705322e-01
-1.612572371959686279e-01
-1.594489067792892456e-01
-1.622925549745559692e-01
-1.638993471860885620e-01
-1.631448119878768921e-01
-1.619076281785964966e-01
-1.604614108800888062e-01
-1.583549529314041138e-01
-1.562482267618179321e-01
-1.596015542745590210e-01
-1.662261933088302612e-01
-1.730558127164840698e-01
-1.761910170316696167e-01
-1.763379722833633423e-01
-1.729834526777267456e-01
-1.694475561380386353e-01
-1.656761914491653442e-01
-1.655294448137283325e-01
-1.625375598669052124e-01
-1.514161080121994019e-01
-1.402945071458816528e-01
-1.331603378057479858e-01
-1.295932382345199585e-01
-1.260263472795486450e-01
-1.223308593034744263e-01
-7.644550502300262451e-02
-8.982203900814056396e-02
-9.560303390026092529e-02
-1.007790714502334595e-01
-1.062484830617904663e-01
-1.111889630556106567e-01
-1.149046868085861206e-01
-1.186198443174362183e-01
-1.243308335542678833e-01
-1.303441971540451050e-01
-1.363576203584671021e-01
-1.423710137605667114e-01
-1.483241766691207886e-01
-1.530092209577560425e-01
-1.571371108293533325e-01
-1.588814407587051392e-01
-1.630707532167434692e-01
-1.715683788061141968e-01
-1.793275326490402222e-01
-1.871443837881088257e-01
-1.932316571474075317e-01
-1.971736699342727661e-01
-2.001199871301651001e-01
-2.030634731054306030e-01
-2.059849947690963745e-01
-2.069802731275558472e-01
-2.031937986612319946e-01
-1.932670027017593384e-01
-1.832739859819412231e-01
-1.732918620109558105e-01
-1.622157245874404907e-01
-1.464293152093887329e-01
-1.306125372648239136e-01
-1.223281323909759521e-01
-1.193111687898635864e-01
-1.171696335077285767e-01
-1.155241876840591431e-01
-1.156563311815261841e-01
-1.155040562152862549e-01
-1.135324090719223022e-01
-1.088124066591262817e-01
-1.032803803682327271e-01
-1.005849391222000122e-01
-1.002400666475296021e-01
-1.003698110580444336e-01
-9.977202117443084717e-02
-9.946238994598388672e-02
-1.011224389076232910e-01
-1.045845597982406616e-01
-1.091784685850143433e-01
-1.165195703506469727e-01
-1.144877970218658447e-01
-1.110645681619644165e-01
-1.074847131967544556e-01
-1.055242121219635010e-01
-1.054966747760772705e-01
-1.064873486757278442e-01
-1.054560840129852295e-01
-1.058700829744338989e-01
-1.064869463443756104e-01
-1.095787584781646729e-01
-1.102079898118972778e-01
-1.106610298156738281e-01
-1.117437779903411865e-01
-1.130530238151550293e-01
-1.159933060407638550e-01
-1.163647621870040894e-01
-1.186953336000442505e-01
-1.220979243516921997e-01
-1.248678863048553467e-01
-1.263914853334426880e-01
-1.263868510723114014e-01
-1.259285509586334229e-01
-1.254703253507614136e-01
-1.264844983816146851e-01
-1.300100535154342651e-01
-1.328891664743423462e-01
-1.328432261943817139e-01
-1.314828693866729736e-01
-1.324695646762847900e-01
-1.348299980163574219e-01
-1.364241391420364380e-01
-1.419087052345275879e-01
-1.488100588321685791e-01
-1.543242931365966797e-01
-1.591486632823944092e-01
-1.608425825834274292e-01
-1.586662083864212036e-01
-1.565312296152114868e-01
-1.578227132558822632e-01
-1.602082997560501099e-01
-1.594411730766296387e-01
-1.607098728418350220e-01
-1.619544178247451782e-01
-1.626917719841003418e-01
-1.634291261434555054e-01
-1.654765158891677856e-01
-1.688640862703323364e-01
-1.720833927392959595e-01
-1.697709113359451294e-01
-1.669422239065170288e-01
-1.677720695734024048e-01
-1.698666363954544067e-01
-1.689880490303039551e-01
-1.696332246065139771e-01
-1.691719740629196167e-01
-1.715395152568817139e-01
-1.734687834978103638e-01
-1.727522760629653931e-01
-1.713947504758834839e-01
-1.693596094846725464e-01
-1.672530621290206909e-01
-1.651465743780136108e-01
-1.653207093477249146e-01
-1.719455271959304810e-01
-1.768311113119125366e-01
-1.780675798654556274e-01
-1.763459295034408569e-01
-1.728406101465225220e-01
-1.705722659826278687e-01
-1.704543083906173706e-01
-1.703074723482131958e-01
-1.683995276689529419e-01
-1.572778970003128052e-01
-1.461561769247055054e-01
-1.419772952795028687e-01
-1.384088546037673950e-01
-1.338278502225875854e-01
-1.292468160390853882e-01
-8.034481108188629150e-02
-9.228916466236114502e-02
-1.020180135965347290e-01
-1.072697788476943970e-01
-1.109852641820907593e-01
-1.147006303071975708e-01
-1.184158772230148315e-01
-1.226629465818405151e-01
-1.286763995885848999e-01
-1.346899420022964478e-01
-1.407036632299423218e-01
-1.467168182134628296e-01
-1.527303904294967651e-01
-1.586094647645950317e-01
-1.630940586328506470e-01
-1.642735153436660767e-01
-1.652519553899765015e-01
-1.703559309244155884e-01
-1.779567748308181763e-01
-1.847293227910995483e-01
-1.886151582002639771e-01
-1.921950727701187134e-01
-1.951695829629898071e-01
-1.981439441442489624e-01
-2.011182755231857300e-01
-2.040868550539016724e-01
-2.034903913736343384e-01
-1.993711739778518677e-01
-1.918451339006423950e-01
-1.819808930158615112e-01
-1.694311648607254028e-01
-1.541830152273178101e-01
-1.376742124557495117e-01
-1.279131323099136353e-01
-1.236503273248672485e-01
-1.221655458211898804e-01
-1.212993711233139038e-01
-1.215852648019790649e-01
-1.185527294874191284e-01
-1.137987226247787476e-01
-1.076202839612960815e-01
-1.021141409873962402e-01
-9.881415963172912598e-02
-1.002873629331588745e-01
-1.000699847936630249e-01
-1.001420766115188599e-01
-1.014431416988372803e-01
-1.027441769838333130e-01
-1.049663275480270386e-01
-1.114259064197540283e-01
-1.204201728105545044e-01
-1.252511888742446899e-01
-1.225035339593887329e-01
-1.188945025205612183e-01
-1.154091209173202515e-01
-1.137288510799407959e-01
-1.104580610990524292e-01
-1.078423708677291870e-01
-1.078553944826126099e-01
-1.083065420389175415e-01
-1.107734441757202148e-01
-1.103679537773132324e-01
-1.077983677387237549e-01
-1.070697158575057983e-01
-1.082530319690704346e-01
-1.118452399969100952e-01
-1.138804554939270020e-01
-1.162189841270446777e-01
-1.200345009565353394e-01
-1.232126057147979736e-01
-1.242338418960571289e-01
-1.238124072551727295e-01
-1.233647018671035767e-01
-1.233205050230026245e-01
-1.251843124628067017e-01
-1.287454664707183838e-01
-1.336065232753753662e-01
-1.360705494880676270e-01
-1.389795690774917603e-01
-1.421507000923156738e-01
-1.463841050863265991e-01
-1.529722064733505249e-01
-1.631585955619812012e-01
-1.718491315841674805e-01
-1.769013702869415283e-01
-1.775390952825546265e-01
-1.764765381813049316e-01
-1.777073144912719727e-01
-1.781077235937118530e-01
-1.778018772602081299e-01
-1.770756840705871582e-01
-1.720400601625442505e-01
-1.695892363786697388e-01
-1.703074276447296143e-01
-1.703253239393234253e-01
-1.701382100582122803e-01
-1.699969917535781860e-01
-1.738265752792358398e-01
-1.772008985280990601e-01
-1.736679673194885254e-01
-1.691890060901641846e-01
-1.688189655542373657e-01
-1.742187738418579102e-01
-1.750247925519943237e-01
-1.767126470804214478e-01
-1.771724075078964233e-01
-1.795488595962524414e-01
-1.810380667448043823e-01
-1.804864555597305298e-01
-1.791539639234542847e-01
-1.770565360784530640e-01
-1.749591380357742310e-01
-1.728615909814834595e-01
-1.707642227411270142e-01
-1.754858046770095825e-01
-1.770389527082443237e-01
-1.774236112833023071e-01
-1.745176166296005249e-01
-1.741897016763687134e-01
-1.741923242807388306e-01
-1.741213053464889526e-01
-1.739841550588607788e-01
-1.731688231229782104e-01
-1.620561629533767700e-01
-1.532865613698959351e-01
-1.488399952650070190e-01
-1.442680209875106812e-01
-1.396961361169815063e-01
-1.351241916418075562e-01
-8.554898202419281006e-02
-9.637890756130218506e-02
-1.053894907236099243e-01
-1.109512895345687866e-01
-1.144966930150985718e-01
-1.182118803262710571e-01
-1.219272762537002563e-01
-1.270085424184799194e-01
-1.330221444368362427e-01
-1.390355080366134644e-01
-1.450492292642593384e-01
-1.510625928640365601e-01
-1.570761352777481079e-01
-1.630896180868148804e-01
-1.688379496335983276e-01
-1.699809879064559937e-01
-1.709594279527664185e-01
-1.752541810274124146e-01
-1.778185814619064331e-01
-1.785571724176406860e-01
-1.810608655214309692e-01
-1.841084808111190796e-01
-1.879946142435073853e-01
-1.918808072805404663e-01
-1.957668513059616089e-01
-1.988671869039535522e-01
-1.987103074789047241e-01
-1.967636495828628540e-01
-1.899937242269515991e-01
-1.808598190546035767e-01
-1.704554408788681030e-01
-1.586305499076843262e-01
-1.428970247507095337e-01
-1.332029849290847778e-01
-1.287246197462081909e-01
-1.279419213533401489e-01
-1.253871023654937744e-01
-1.212162524461746216e-01
-1.157614439725875854e-01
-1.096422523260116577e-01
-1.042037606239318848e-01
-1.011637300252914429e-01
-1.005514860153198242e-01
-9.897635877132415771e-02
-9.926955401897430420e-02
-1.005705893039703369e-01
-1.018717885017395020e-01
-1.032564193010330200e-01
-1.056715399026870728e-01
-1.138388365507125854e-01
-1.239420920610427856e-01
-1.337232738733291626e-01
-1.329398453235626221e-01
-1.311004459857940674e-01
-1.273349970579147339e-01
-1.211669296026229858e-01
-1.157766729593276978e-01
-1.122943758964538574e-01
-1.095331013202667236e-01
-1.086604595184326172e-01
-1.068631410598754883e-01
-1.052010953426361084e-01
-1.022982895374298096e-01
-1.022477895021438599e-01
-1.030983477830886841e-01
-1.074919402599334717e-01
-1.109139472246170044e-01
-1.121883243322372437e-01
-1.158582568168640137e-01
-1.194399595260620117e-01
-1.195784360170364380e-01
-1.191570907831192017e-01
-1.187358945608139038e-01
-1.197791695594787598e-01
-1.220615357160568237e-01
-1.267266422510147095e-01
-1.332766711711883545e-01
-1.396337598562240601e-01
-1.454000920057296753e-01
-1.505145579576492310e-01
-1.571802645921707153e-01
-1.660504639148712158e-01
-1.740358471870422363e-01
-1.833370327949523926e-01
-1.926917284727096558e-01
-1.951614171266555786e-01
-1.944509148597717285e-01
-1.984438896179199219e-01
-1.985123902559280396e-01
-1.979193985462188721e-01
-1.912460178136825562e-01
-1.846221834421157837e-01
-1.808723062276840210e-01
-1.782959252595901489e-01
-1.770470589399337769e-01
-1.754199862480163574e-01
-1.750137209892272949e-01
-1.759103983640670776e-01
-1.803973317146301270e-01
-1.761854887008666992e-01
-1.714342534542083740e-01
-1.688635498285293579e-01
-1.751045435667037964e-01
-1.800258904695510864e-01
-1.815253049135208130e-01
-1.837320178747177124e-01
-1.857935935258865356e-01
-1.871434897184371948e-01
-1.861206740140914917e-01
-1.848005652427673340e-01
-1.834072619676589966e-01
-1.813377588987350464e-01
-1.792681664228439331e-01
-1.771634966135025024e-01
-1.745082288980484009e-01
-1.759557574987411499e-01
-1.745636314153671265e-01
-1.751622110605239868e-01
-1.757613271474838257e-01
-1.763601452112197876e-01
-1.766315549612045288e-01
-1.765220016241073608e-01
-1.764121800661087036e-01
-1.649722903966903687e-01
-1.581718772649765015e-01
-1.536276191473007202e-01
-1.490837484598159790e-01
-1.445395499467849731e-01
-1.399954408407211304e-01
-8.834148943424224854e-02
-9.735231101512908936e-02
-1.063630431890487671e-01
-1.153736263513565063e-01
-1.192132681608200073e-01
-1.225268691778182983e-01
-1.258403211832046509e-01
-1.313550919294357300e-01
-1.373680680990219116e-01
-1.433815211057662964e-01
-1.493949145078659058e-01
-1.554085165262222290e-01
-1.614221781492233276e-01
-1.674355119466781616e-01
-1.731783300638198853e-01
-1.756329685449600220e-01
-1.745642572641372681e-01
-1.754651814699172974e-01
-1.772971302270889282e-01
-1.776120811700820923e-01
-1.784227341413497925e-01
-1.792329996824264526e-01
-1.814880222082138062e-01
-1.842496544122695923e-01
-1.873737424612045288e-01
-1.912600845098495483e-01
-1.924599260091781616e-01
-1.927063316106796265e-01
-1.854511052370071411e-01
-1.747718900442123413e-01
-1.629983782768249512e-01
-1.527323275804519653e-01
-1.406198889017105103e-01
-1.347216814756393433e-01
-1.302743405103683472e-01
-1.275029778480529785e-01
-1.239570528268814087e-01
-1.189878433942794800e-01
-1.138161867856979370e-01
-1.085283309221267700e-01
-1.018127799034118652e-01
-9.915976226329803467e-02
-9.912849962711334229e-02
-1.008438020944595337e-01
-1.009763777256011963e-01
-1.009991914033889771e-01
-1.026507169008255005e-01
-1.059886068105697632e-01
-1.112723797559738159e-01
-1.193546056747436523e-01
-1.293988674879074097e-01
-1.379689723253250122e-01
-1.414996534585952759e-01
-1.401153057813644409e-01
-1.368263214826583862e-01
-1.306958198547363281e-01
-1.239335685968399048e-01
-1.177580803632736206e-01
-1.135556697845458984e-01
-1.082151383161544800e-01
-1.018083691596984863e-01
-9.973837435245513916e-02
-9.834830462932586670e-02
-9.818808734416961670e-02
-1.004568487405776978e-01
-1.034857481718063354e-01
-1.078567355871200562e-01
-1.080119311809539795e-01
-1.116353273391723633e-01
-1.146802604198455811e-01
-1.149230897426605225e-01
-1.145213991403579712e-01
-1.147270351648330688e-01
-1.173472702503204346e-01
-1.220222860574722290e-01
-1.281928271055221558e-01
-1.353051811456680298e-01
-1.433658301830291748e-01
-1.509957611560821533e-01
-1.592151075601577759e-01
-1.678737252950668335e-01
-1.762911081314086914e-01
-1.841181665658950806e-01
-1.922236680984497070e-01
-1.990547776222229004e-01
-2.032514959573745728e-01
-2.072010040283203125e-01
-2.147517949342727661e-01
-2.219663411378860474e-01
-2.139167338609695435e-01
-2.063466310501098633e-01
-1.994523853063583374e-01
-1.918666511774063110e-01
-1.880479007959365845e-01
-1.864359229803085327e-01
-1.848147660493850708e-01
-1.814498454332351685e-01
-1.803101450204849243e-01
-1.817052364349365234e-01
-1.785135716199874878e-01
-1.736583262681961060e-01
-1.704638898372650146e-01
-1.752493977546691895e-01
-1.836261600255966187e-01
-1.867012977600097656e-01
-1.890695542097091675e-01
-1.909566521644592285e-01
-1.918579787015914917e-01
-1.905377954244613647e-01
-1.892177164554595947e-01
-1.878976970911026001e-01
-1.865775734186172485e-01
-1.845301240682601929e-01
-1.781645268201828003e-01
-1.723301559686660767e-01
-1.742236763238906860e-01
-1.748224943876266479e-01
-1.754212528467178345e-01
-1.760203093290328979e-01
-1.766190975904464722e-01
-1.772178858518600464e-01
-1.770285815000534058e-01
-1.759049147367477417e-01
-1.659953147172927856e-01
-1.614513844251632690e-01
-1.569071859121322632e-01
-1.523631960153579712e-01
-1.478189975023269653e-01
-1.432749480009078979e-01
-8.931462466716766357e-02
-9.832523763179779053e-02
-1.073358505964279175e-01
-1.163468807935714722e-01
-1.241609901189804077e-01
-1.274747103452682495e-01
-1.315254420042037964e-01
-1.371374279260635376e-01
-1.427492052316665649e-01
-1.483609825372695923e-01
-1.539729386568069458e-01
-1.597543209791183472e-01
-1.657677441835403442e-01
-1.717813462018966675e-01
-1.763586550951004028e-01
-1.758199185132980347e-01
-1.749577671289443970e-01
-1.754211634397506714e-01
-1.764688640832901001e-01
-1.766671687364578247e-01
-1.774778515100479126e-01
-1.782882958650588989e-01
-1.790990382432937622e-01
-1.799094229936599731e-01
-1.820526272058486938e-01
-1.851219385862350464e-01
-1.857227236032485962e-01
-1.841956526041030884e-01
-1.765657812356948853e-01
-1.653470993041992188e-01
-1.541284471750259399e-01
-1.449753493070602417e-01
-1.319840103387832642e-01
-1.222631633281707764e-01
-1.188952326774597168e-01
-1.172863095998764038e-01
-1.169888526201248169e-01
-1.146450787782669067e-01
-1.108413338661193848e-01
-1.050982326269149780e-01
-1.018834263086318970e-01
-1.018155366182327271e-01
-1.022119075059890747e-01
-1.026018708944320679e-01
-1.037218719720840454e-01
-1.047978848218917847e-01
-1.063888818025588989e-01
-1.109968125820159912e-01
-1.183971762657165527e-01
-1.258108168840408325e-01
-1.337880343198776245e-01
-1.419998556375503540e-01
-1.492817550897598267e-01
-1.468021571636199951e-01
-1.427505761384963989e-01
-1.386988312005996704e-01
-1.334625184535980225e-01
-1.250882893800735474e-01
-1.159528046846389771e-01
-1.072650104761123657e-01
-1.005405336618423462e-01
-9.833250939846038818e-02
-9.711490571498870850e-02
-9.563978016376495361e-02
-9.801894426345825195e-02
-1.003198027610778809e-01
-1.038946956396102905e-01
-1.047134250402450562e-01
-1.068755686283111572e-01
-1.096779257059097290e-01
-1.105109900236129761e-01
-1.109657138586044312e-01
-1.141540408134460449e-01
-1.191133409738540649e-01
-1.240725666284561157e-01
-1.301821023225784302e-01
-1.383857131004333496e-01
-1.475617736577987671e-01
-1.575308740139007568e-01
-1.680748909711837769e-01
-1.765014082193374634e-01
-1.845541298389434814e-01
-1.926069259643554688e-01
-2.002005279064178467e-01
-2.051599472761154175e-01
-2.092386633157730103e-01
-2.167062610387802124e-01
-2.236244529485702515e-01
-2.277588695287704468e-01
-2.276507765054702759e-01
-2.220141738653182983e-01
-2.154918164014816284e-01
-2.063583880662918091e-01
-1.977833658456802368e-01
-1.950548589229583740e-01
-1.945021599531173706e-01
-1.925827562808990479e-01
-1.890109181404113770e-01
-1.844551563262939453e-01
-1.801885813474655151e-01
-1.761758774518966675e-01
-1.747300028800964355e-01
-1.768396049737930298e-01
-1.874998807907104492e-01
-1.929599642753601074e-01
-1.953324526548385620e-01
-1.967806220054626465e-01
-1.970532089471817017e-01
-1.955723911523818970e-01
-1.940913498401641846e-01
-1.926105469465255737e-01
-1.911296695470809937e-01
-1.863572448492050171e-01
-1.791655570268630981e-01
-1.749793440103530884e-01
-1.744828671216964722e-01
-1.750818938016891479e-01
-1.756804436445236206e-01
-1.762793511152267456e-01
-1.763700097799301147e-01
-1.759550720453262329e-01
-1.754406839609146118e-01
-1.748856753110885620e-01
-1.692751795053482056e-01
-1.647312194108963013e-01
-1.601870208978652954e-01
-1.556429415941238403e-01
-1.510991603136062622e-01
-1.459491103887557983e-01
-9.028784930706024170e-02
-9.929864108562469482e-02
-1.083091944456100464e-01
-1.173198074102401733e-01
-1.263307482004165649e-01
-1.324230283498764038e-01
-1.373081356287002563e-01
-1.429197639226913452e-01
-1.485316902399063110e-01
-1.541435271501541138e-01
-1.597556322813034058e-01
-1.653673201799392700e-01
-1.707202345132827759e-01
-1.734700351953506470e-01
-1.753476113080978394e-01
-1.749360412359237671e-01
-1.742819398641586304e-01
-1.752447336912155151e-01
-1.756405383348464966e-01
-1.757223159074783325e-01
-1.765328198671340942e-01
-1.776448637247085571e-01
-1.787632256746292114e-01
-1.798815280199050903e-01
-1.809998899698257446e-01
-1.819750517606735229e-01
-1.809227615594863892e-01
-1.748621016740798950e-01
-1.673580706119537354e-01
-1.545559614896774292e-01
-1.389829665422439575e-01
-1.262583583593368530e-01
-1.171914637088775635e-01
-1.087980866432189941e-01
-1.063422113656997681e-01
-1.031904369592666626e-01
-1.015215367078781128e-01
-9.971664845943450928e-02
-9.809863567352294922e-02
-1.002925187349319458e-01
-1.037239134311676025e-01
-1.072436124086380005e-01
-1.092766076326370239e-01
-1.100799590349197388e-01
-1.098322272300720215e-01
-1.099777072668075562e-01
-1.125448197126388550e-01
-1.164149045944213867e-01
-1.229993999004364014e-01
-1.306574344635009766e-01
-1.374206244945526123e-01
-1.459085494279861450e-01
-1.526315808296203613e-01
-1.524730771780014038e-01
-1.483780443668365479e-01
-1.436216682195663452e-01
-1.376293748617172241e-01
-1.307197958230972290e-01
-1.202790439128875732e-01
-1.082849800586700439e-01
-1.006803810596466064e-01
-9.849056601524353027e-02
-9.853868186473846436e-02
-9.692545235157012939e-02
-9.719623625278472900e-02
-9.763365983963012695e-02
-1.002179980278015137e-01
-1.004901826381683350e-01
-1.023908704519271851e-01
-1.057617962360382080e-01
-1.091513186693191528e-01
-1.114827692508697510e-01
-1.162042766809463501e-01
-1.213568747043609619e-01
-1.267714649438858032e-01
-1.334156394004821777e-01
-1.419374197721481323e-01
-1.518858075141906738e-01
-1.646034866571426392e-01
-1.756496280431747437e-01
-1.847643703222274780e-01
-1.928172111511230469e-01
-2.008699625730514526e-01
-2.059397697448730469e-01
-2.092259675264358521e-01
-2.165258377790451050e-01
-2.252248376607894897e-01
-2.281747311353683472e-01
-2.279607504606246948e-01
-2.297211736440658569e-01
-2.311036735773086548e-01
-2.278553992509841919e-01
-2.215605825185775757e-01
-2.141527682542800903e-01
-2.064067870378494263e-01
-2.019256502389907837e-01
-2.012769728899002075e-01
-1.993706524372100830e-01
-1.932851374149322510e-01
-1.837408393621444702e-01
-1.778914332389831543e-01
-1.789387166500091553e-01
-1.804783344268798828e-01
-1.895952820777893066e-01
-1.990851908922195435e-01
-2.017253488302230835e-01
-2.026057988405227661e-01
-2.028418928384780884e-01
-2.013607472181320190e-01
-1.998799294233322144e-01
-1.983989030122756958e-01
-1.945789009332656860e-01
-1.886017471551895142e-01
-1.856490820646286011e-01
-1.800525039434432983e-01
-1.756046861410140991e-01
-1.760426610708236694e-01
-1.760990768671035767e-01
-1.755232363939285278e-01
-1.749471276998519897e-01
-1.743712574243545532e-01
-1.738365739583969116e-01
-1.732817739248275757e-01
-1.720184534788131714e-01
-1.680107861757278442e-01
-1.635612696409225464e-01
-1.585410088300704956e-01
-1.533203274011611938e-01
-1.480991989374160767e-01
-9.126110374927520752e-02
-1.002718061208724976e-01
-1.092822700738906860e-01
-1.182930916547775269e-01
-1.273036450147628784e-01
-1.364222615957260132e-01
-1.430908292531967163e-01
-1.487026661634445190e-01
-1.543144732713699341e-01
-1.599262505769729614e-01
-1.655380278825759888e-01
-1.690901964902877808e-01
-1.715611964464187622e-01
-1.740321069955825806e-01
-1.757111698389053345e-01
-1.750049442052841187e-01
-1.740939468145370483e-01
-1.742141991853713989e-01
-1.751078814268112183e-01
-1.755507439374923706e-01
-1.766691654920578003e-01
-1.777875572443008423e-01
-1.789058297872543335e-01
-1.800241321325302124e-01
-1.810837537050247192e-01
-1.809599548578262329e-01
-1.747762113809585571e-01
-1.652899384498596191e-01
-1.540681868791580200e-01
-1.387781351804733276e-01
-1.228861957788467407e-01
-1.101315021514892578e-01
-1.008490622043609619e-01
-9.199447929859161377e-02
-8.843766152858734131e-02
-8.544020354747772217e-02
-8.440732955932617188e-02
-8.402094244956970215e-02
-8.946092426776885986e-02
-9.534440934658050537e-02
-1.002513915300369263e-01
-1.055248081684112549e-01
-1.107984930276870728e-01
-1.149890720844268799e-01
-1.169784814119338989e-01
-1.181722581386566162e-01
-1.204483658075332642e-01
-1.239226609468460083e-01
-1.300810426473617554e-01
-1.340749859809875488e-01
-1.397307664155960083e-01
-1.463405042886734009e-01
-1.531705707311630249e-01
-1.579655706882476807e-01
-1.527836471796035767e-01
-1.462749391794204712e-01
-1.397662758827209473e-01
-1.333680599927902222e-01
-1.241134852170944214e-01
-1.132532656192779541e-01
-1.038968265056610107e-01
-1.000650823116302490e-01
-9.966592490673065186e-02
-9.845151007175445557e-02
-9.870186448097229004e-02
-9.889440238475799561e-02
-9.874816238880157471e-02
-9.723292291164398193e-02
-1.012026220560073853e-01
-1.053929477930068970e-01
-1.092636138200759888e-01
-1.135931164026260376e-01
-1.190077811479568481e-01
-1.244222521781921387e-01
-1.298370212316513062e-01
-1.369671523571014404e-01
-1.455424875020980835e-01
-1.561916172504425049e-01
-1.700481027364730835e-01
-1.825983077287673950e-01
-1.930272430181503296e-01
-2.010800838470458984e-01
-2.085972279310226440e-01
-2.114264219999313354e-01
-2.151663154363632202e-01
-2.231503874063491821e-01
-2.295906990766525269e-01
-2.272678762674331665e-01
-2.267182022333145142e-01
-2.297410517930984497e-01
-2.346943467855453491e-01
-2.341009527444839478e-01
-2.306533008813858032e-01
-2.255610376596450806e-01
-2.194490879774093628e-01
-2.144959717988967896e-01
-2.117621749639511108e-01
-2.088243216276168823e-01
-2.017457634210586548e-01
-1.899378597736358643e-01
-1.829760819673538208e-01
-1.814412772655487061e-01
-1.853669881820678711e-01
-1.927901953458786011e-01
-2.051457315683364868e-01
-2.072152048349380493e-01
-2.084309011697769165e-01
-2.086303085088729858e-01
-2.071494311094284058e-01
-2.056684941053390503e-01
-2.028266936540603638e-01
-1.982125490903854370e-01
-1.952814608812332153e-01
-1.919087618589401245e-01
-1.845517605543136597e-01
-1.769802719354629517e-01
-1.764042824506759644e-01
-1.758283227682113647e-01
-1.752525418996810913e-01
-1.746762245893478394e-01
-1.741717904806137085e-01
-1.738045066595077515e-01
-1.753290146589279175e-01
-1.761664897203445435e-01
-1.714515537023544312e-01
-1.666384786367416382e-01
-1.615008264780044556e-01
-1.561191827058792114e-01
-1.507375389337539673e-01
-9.435318410396575928e-02
-1.020777076482772827e-01
-1.102555841207504272e-01
-1.192666143178939819e-01
-1.282768696546554565e-01
-1.382299214601516724e-01
-1.488734930753707886e-01
-1.544851511716842651e-01
-1.600967794656753540e-01
-1.647104173898696899e-01
-1.671812087297439575e-01
-1.696524471044540405e-01
-1.721232086420059204e-01
-1.746091097593307495e-01
-1.763973087072372437e-01
-1.759986728429794312e-01
-1.755850464105606079e-01
-1.745397597551345825e-01
-1.757095605134963989e-01
-1.764952093362808228e-01
-1.773377209901809692e-01
-1.780541390180587769e-01
-1.790484338998794556e-01
-1.801667064428329468e-01
-1.797399967908859253e-01
-1.737127602100372314e-01
-1.636382341384887695e-01
-1.512820273637771606e-01
-1.396350413560867310e-01
-1.247605532407760620e-01
-1.073757857084274292e-01
-9.484715759754180908e-02
-8.504585921764373779e-02
-7.677270472049713135e-02
-7.293300330638885498e-02
-6.979259848594665527e-02
-6.998594105243682861e-02
-7.513423264026641846e-02
-8.249916136264801025e-02
-8.932414650917053223e-02
-9.529910981655120850e-02
-1.014845669269561768e-01
-1.072223782539367676e-01
-1.112065017223358154e-01
-1.152312904596328735e-01
-1.206409633159637451e-01
-1.263396143913269043e-01
-1.331186294555664062e-01
-1.371656507253646851e-01
-1.403087079524993896e-01
-1.429332047700881958e-01
-1.458798199892044067e-01
-1.514626294374465942e-01
-1.555445641279220581e-01
-1.530398279428482056e-01
-1.479289084672927856e-01
-1.428113877773284912e-01
-1.349487602710723877e-01
-1.254242211580276489e-01
-1.171773374080657959e-01
-1.099274307489395142e-01
-1.047816127538681030e-01
-1.011351346969604492e-01
-9.934850037097930908e-02
-1.005827337503433228e-01
-1.017239838838577271e-01
-1.034602224826812744e-01
-1.017687022686004639e-01
-1.022070050239562988e-01
-1.055415719747543335e-01
-1.108695119619369507e-01
-1.166584938764572144e-01
-1.220730543136596680e-01
-1.274877637624740601e-01
-1.334127634763717651e-01
-1.407014578580856323e-01
-1.481619775295257568e-01
-1.600492447614669800e-01
-1.754901260137557983e-01
-1.895473003387451172e-01
-2.011082917451858521e-01
-2.093431800603866577e-01
-2.143365591764450073e-01
-2.171253412961959839e-01
-2.232368439435958862e-01
-2.300566583871841431e-01
-2.277464419603347778e-01
-2.254234403371810913e-01
-2.238119095563888550e-01
-2.282996624708175659e-01
-2.345571964979171753e-01
-2.399744242429733276e-01
-2.371474355459213257e-01
-2.324591726064682007e-01
-2.279510945081710815e-01
-2.237223237752914429e-01
-2.210895270109176636e-01
-2.191104143857955933e-01
-2.131685465574264526e-01
-1.994932442903518677e-01
-1.893840581178665161e-01
-1.872272342443466187e-01
-1.899900138378143311e-01
-1.966328769922256470e-01
-2.091148942708969116e-01
-2.116755694150924683e-01
-2.137595266103744507e-01
-2.143812924623489380e-01
-2.129378765821456909e-01
-2.110743969678878784e-01
-2.078236192464828491e-01
-2.049136608839035034e-01
-2.015411406755447388e-01
-1.961985975503921509e-01
-1.873743683099746704e-01
-1.788648217916488647e-01
-1.764133721590042114e-01
-1.760687679052352905e-01
-1.757245808839797974e-01
-1.753800064325332642e-01
-1.750355213880538940e-01
-1.746868938207626343e-01
-1.782730966806411743e-01
-1.792861670255661011e-01
-1.744730621576309204e-01
-1.696601361036300659e-01
-1.648470610380172729e-01
-1.599856168031692505e-01
-1.546037644147872925e-01
-9.829007089138031006e-02
-1.060139387845993042e-01
-1.137380152940750122e-01
-1.214621812105178833e-01
-1.292502135038375854e-01
-1.400378197431564331e-01
-1.513468176126480103e-01
-1.600279957056045532e-01
-1.628012210130691528e-01
-1.652724593877792358e-01
-1.679226309061050415e-01
-1.707015484571456909e-01
-1.734801977872848511e-01
-1.762588471174240112e-01
-1.778480559587478638e-01
-1.774497777223587036e-01
-1.770514696836471558e-01
-1.748652905225753784e-01
-1.762112230062484741e-01
-1.772045642137527466e-01
-1.786695271730422974e-01
-1.796337515115737915e-01
-1.803502887487411499e-01
-1.771254092454910278e-01
-1.687039136886596680e-01
-1.591797173023223877e-01
-1.495216637849807739e-01
-1.371728926897048950e-01
-1.246493309736251831e-01
-1.117856502532958984e-01
-9.479393064975738525e-02
-8.075912296772003174e-02
-7.046683132648468018e-02
-6.374563276767730713e-02
-6.340606510639190674e-02
-6.185908988118171692e-02
-6.343652307987213135e-02
-6.967692077159881592e-02
-7.591730356216430664e-02
-8.242391049861907959e-02
-8.855502307415008545e-02
-9.474045038223266602e-02
-1.009259670972824097e-01
-1.061123460531234741e-01
-1.120662689208984375e-01
-1.186948865652084351e-01
-1.247103661298751831e-01
-1.320634633302688599e-01
-1.381257027387619019e-01
-1.434466242790222168e-01
-1.473053246736526489e-01
-1.477324366569519043e-01
-1.474526524543762207e-01
-1.508993357419967651e-01
-1.529811769723892212e-01
-1.483060866594314575e-01
-1.429796367883682251e-01
-1.346157193183898926e-01
-1.273890435695648193e-01
-1.203970462083816528e-01
-1.129011362791061401e-01
-1.096398085355758667e-01
-1.063779592514038086e-01
-1.034459918737411499e-01
-1.051248461008071899e-01
-1.074466854333877563e-01
-1.092340797185897827e-01
-1.078502237796783447e-01
-1.070467084646224976e-01
-1.103195697069168091e-01
-1.152659803628921509e-01
-1.198090314865112305e-01
-1.251385957002639771e-01
-1.307464390993118286e-01
-1.370676010847091675e-01
-1.421263068914413452e-01
-1.511784046888351440e-01
-1.654915064573287964e-01
-1.809323579072952271e-01
-1.963696777820587158e-01
-2.080790847539901733e-01
-2.169939130544662476e-01
-2.197937816381454468e-01
-2.250623852014541626e-01
-2.311706990003585815e-01
-2.287983149290084839e-01
-2.259019464254379272e-01
-2.235791236162185669e-01
-2.213766425848007202e-01
-2.265832871198654175e-01
-2.330912500619888306e-01
-2.389822155237197876e-01
-2.422110587358474731e-01
-2.388809472322463989e-01
-2.342651933431625366e-01
-2.297860831022262573e-01
-2.270957678556442261e-01
-2.262736409902572632e-01
-2.177262753248214722e-01
-2.091343253850936890e-01
-2.011524438858032227e-01
-1.960226148366928101e-01
-1.976133584976196289e-01
-2.042646259069442749e-01
-2.134623974561691284e-01
-2.168578356504440308e-01
-2.177238017320632935e-01
-2.183456271886825562e-01
-2.183456569910049438e-01
-2.164907604455947876e-01
-2.140653282403945923e-01
-2.114036828279495239e-01
-2.072528153657913208e-01
-1.990691870450973511e-01
-1.903890222311019897e-01
-1.820627301931381226e-01
-1.767784506082534790e-01
-1.769324392080307007e-01
-1.765878051519393921e-01
-1.761368960142135620e-01
-1.748842149972915649e-01
-1.739957183599472046e-01
-1.802105754613876343e-01
-1.823075860738754272e-01
-1.774948388338088989e-01
-1.726814657449722290e-01
-1.678685098886489868e-01
-1.630556732416152954e-01
-1.582422703504562378e-01
-1.062720268964767456e-01
-1.099508553743362427e-01
-1.176748424768447876e-01
-1.253990083932876587e-01
-1.334363669157028198e-01
-1.434585899114608765e-01
-1.514999419450759888e-01
-1.596492975950241089e-01
-1.640151590108871460e-01
-1.667939275503158569e-01
-1.695723980665206909e-01
-1.723509579896926880e-01
-1.751298755407333374e-01
-1.779087036848068237e-01
-1.792994886636734009e-01
-1.789008527994155884e-01
-1.780760139226913452e-01
-1.753001064062118530e-01
-1.765365153551101685e-01
-1.778825968503952026e-01
-1.792624443769454956e-01
-1.782620996236801147e-01
-1.728474944829940796e-01
-1.651777327060699463e-01
-1.556075364351272583e-01
-1.451006382703781128e-01
-1.346853822469711304e-01
-1.216423660516738892e-01
-1.096326708793640137e-01
-9.966193139553070068e-02
-8.527494966983795166e-02
-7.278878986835479736e-02
-6.326492130756378174e-02
-5.540046468377113342e-02
-5.673660710453987122e-02
-5.665178969502449036e-02
-5.977182462811470032e-02
-6.601229310035705566e-02
-7.225273549556732178e-02
-7.817800343036651611e-02
-8.323875069618225098e-02
-8.829981088638305664e-02
-9.456725418567657471e-02
-1.003082543611526489e-01
-1.069852709770202637e-01
-1.135468184947967529e-01
-1.206827908754348755e-01
-1.288124024868011475e-01
-1.350361853837966919e-01
-1.387995481491088867e-01
-1.403979957103729248e-01
-1.413697898387908936e-01
-1.426170766353607178e-01
-1.471016108989715576e-01
-1.511575579643249512e-01
-1.486832648515701294e-01
-1.415844112634658813e-01
-1.342724114656448364e-01
-1.277838796377182007e-01
-1.214317232370376587e-01
-1.153366565704345703e-01
-1.135657280683517456e-01
-1.141554266214370728e-01
-1.127606034278869629e-01
-1.114968508481979370e-01
-1.138988882303237915e-01
-1.159719973802566528e-01
-1.152536571025848389e-01
-1.130341738462448120e-01
-1.150323301553726196e-01
-1.218826323747634888e-01
-1.271368116140365601e-01
-1.307085454463958740e-01
-1.342021375894546509e-01
-1.384350210428237915e-01
-1.434621661901473999e-01
-1.554928123950958252e-01
-1.709337830543518066e-01
-1.863745898008346558e-01
-2.018153071403503418e-01
-2.150278538465499878e-01
-2.227332442998886108e-01
-2.265325337648391724e-01
-2.323283404111862183e-01
-2.330891042947769165e-01
-2.282512038946151733e-01
-2.240577191114425659e-01
-2.217347472906112671e-01
-2.194119542837142944e-01
-2.239909917116165161e-01
-2.313748747110366821e-01
-2.377396970987319946e-01
-2.434074729681015015e-01
-2.436243146657943726e-01
-2.392135709524154663e-01
-2.355649024248123169e-01
-2.321313768625259399e-01
-2.303253859281539917e-01
-2.217214554548263550e-01
-2.114509791135787964e-01
-2.075407654047012329e-01
-2.042083442211151123e-01
-2.073258906602859497e-01
-2.155561298131942749e-01
-2.209302037954330444e-01
-2.258560210466384888e-01
-2.239119857549667358e-01
-2.258424907922744751e-01
-2.245146483182907104e-01
-2.222955673933029175e-01
-2.187683135271072388e-01
-2.150722295045852661e-01
-2.091939598321914673e-01
-2.012876719236373901e-01
-1.931144744157791138e-01
-1.852472573518753052e-01
-1.769341379404067993e-01
-1.769932061433792114e-01
-1.763345748186111450e-01
-1.750815659761428833e-01
-1.738287359476089478e-01
-1.758950203657150269e-01
-1.821482330560684204e-01
-1.853290945291519165e-01
-1.805161088705062866e-01
-1.757030934095382690e-01
-1.708901673555374146e-01
-1.660771220922470093e-01
-1.612639278173446655e-01
-1.172663718461990356e-01
-1.200293749570846558e-01
-1.216114908456802368e-01
-1.295359879732131958e-01
-1.377599090337753296e-01
-1.449489444494247437e-01
-1.521383374929428101e-01
-1.593274027109146118e-01
-1.663814038038253784e-01
-1.684438139200210571e-01
-1.712222844362258911e-01
-1.740010529756546021e-01
-1.767798513174057007e-01
-1.795584410429000854e-01
-1.807502359151840210e-01
-1.803520470857620239e-01
-1.787432581186294556e-01
-1.759670525789260864e-01
-1.768620163202285767e-01
-1.751809269189834595e-01
-1.720524877309799194e-01
-1.672969311475753784e-01
-1.609764099121093750e-01
-1.506293565034866333e-01
-1.400008052587509155e-01
-1.297033280134201050e-01
-1.207721382379531860e-01
-1.102069318294525146e-01
-1.000930517911911011e-01
-8.997936546802520752e-02
-7.839460670948028564e-02
-6.660740077495574951e-02
-5.905384197831153870e-02
-5.248941853642463684e-02
-5.406855419278144836e-02
-5.621101334691047668e-02
-5.711727216839790344e-02
-6.234781816601753235e-02
-6.858809292316436768e-02
-7.473088800907135010e-02
-7.979182898998260498e-02
-8.512145280838012695e-02
-9.100703895092010498e-02
-9.661190211772918701e-02
-1.020683348178863525e-01
-1.085099130868911743e-01
-1.163409948348999023e-01
-1.226767599582672119e-01
-1.261600553989410400e-01
-1.288718730211257935e-01
-1.307626217603683472e-01
-1.326534748077392578e-01
-1.346854716539382935e-01
-1.370541900396347046e-01
-1.410834044218063354e-01
-1.432781964540481567e-01
-1.392459571361541748e-01
-1.346213817596435547e-01
-1.289406418800354004e-01
-1.244475394487380981e-01
-1.199640333652496338e-01
-1.173817366361618042e-01
-1.184272468090057373e-01
-1.185641884803771973e-01
-1.203434765338897705e-01
-1.222729235887527466e-01
-1.233087182044982910e-01
-1.232193112373352051e-01
-1.198362261056900024e-01
-1.204209178686141968e-01
-1.275746673345565796e-01
-1.344690173864364624e-01
-1.373211443424224854e-01
-1.396089047193527222e-01
-1.416762173175811768e-01
-1.467632055282592773e-01
-1.609349101781845093e-01
-1.763758510351181030e-01
-1.918167918920516968e-01
-2.072575539350509644e-01
-2.211099117994308472e-01
-2.274301797151565552e-01
-2.332354038953781128e-01
-2.365184873342514038e-01
-2.325420230627059937e-01
-2.277040332555770874e-01
-2.228661328554153442e-01
-2.198904007673263550e-01
-2.181491702795028687e-01
-2.212455123662948608e-01
-2.293185442686080933e-01
-2.361665815114974976e-01
-2.421648055315017700e-01
-2.471693605184555054e-01
-2.443688362836837769e-01
-2.399288266897201538e-01
-2.361244708299636841e-01
-2.326628118753433228e-01
-2.238328307867050171e-01
-2.148440927267074585e-01
-2.100174278020858765e-01
-2.108822911977767944e-01
-2.132255882024765015e-01
-2.234799116849899292e-01
-2.321965843439102173e-01
-2.372772544622421265e-01
-2.406230419874191284e-01
-2.382408231496810913e-01
-2.314328402280807495e-01
-2.266440242528915405e-01
-2.224368304014205933e-01
-2.183796614408493042e-01
-2.107008248567581177e-01
-2.026128619909286499e-01
-1.944878846406936646e-01
-1.863097101449966431e-01
-1.775339692831039429e-01
-1.741738766431808472e-01
-1.741296499967575073e-01
-1.740249544382095337e-01
-1.727731972932815552e-01
-1.777950376272201538e-01
-1.840859204530715942e-01
-1.883505433797836304e-01
-1.835377663373947144e-01
-1.787246316671371460e-01
-1.726707071065902710e-01
-1.664378792047500610e-01
-1.602046638727188110e-01
-1.270191222429275513e-01
-1.300896853208541870e-01
-1.329398006200790405e-01
-1.331959813833236694e-01
-1.383982747793197632e-01
-1.455872803926467896e-01
-1.527767032384872437e-01
-1.599656790494918823e-01
-1.671547442674636841e-01
-1.724871248006820679e-01
-1.739789694547653198e-01
-1.756505519151687622e-01
-1.784292608499526978e-01
-1.812079697847366333e-01
-1.822015196084976196e-01
-1.818031519651412964e-01
-1.794100254774093628e-01
-1.730936914682388306e-01
-1.696800440549850464e-01
-1.655614227056503296e-01
-1.599787324666976929e-01
-1.536260992288589478e-01
-1.441759020090103149e-01
-1.355554908514022827e-01
-1.268469244241714478e-01
-1.180848330259323120e-01
-1.101959347724914551e-01
-1.007400602102279663e-01
-9.062616527080535889e-02
-8.082149922847747803e-02
-7.447831332683563232e-02
-6.509396433830261230e-02
-5.794941261410713196e-02
-5.098052695393562317e-02
-5.419712141156196594e-02
-5.792101100087165833e-02
-5.857940390706062317e-02
-6.117989495396614075e-02
-6.546913087368011475e-02
-7.128390669822692871e-02
-7.647462189197540283e-02
-8.244237303733825684e-02
-8.926928043365478516e-02
-9.537863731384277344e-02
-1.011975705623626709e-01
-1.061456799507141113e-01
-1.107777208089828491e-01
-1.130131930112838745e-01
-1.159677505493164062e-01
-1.181857138872146606e-01
-1.200765520334243774e-01
-1.219674646854400635e-01
-1.238581985235214233e-01
-1.258076578378677368e-01
-1.303638368844985962e-01
-1.341079920530319214e-01
-1.306170374155044556e-01
-1.285490840673446655e-01
-1.278894245624542236e-01
-1.270579546689987183e-01
-1.249230504035949707e-01
-1.219870895147323608e-01
-1.224476844072341919e-01
-1.225349605083465576e-01
-1.234596371650695801e-01
-1.286210715770721436e-01
-1.332203894853591919e-01
-1.317790597677230835e-01
-1.279457956552505493e-01
-1.274661123752593994e-01
-1.333669275045394897e-01
-1.390703022480010986e-01
-1.425847560167312622e-01
-1.446521729230880737e-01
-1.480527073144912720e-01
-1.559523493051528931e-01
-1.688933223485946655e-01
-1.823110729455947876e-01
-1.972589045763015747e-01
-2.120329588651657104e-01
-2.233278900384902954e-01
-2.327639013528823853e-01
-2.398571223020553589e-01
-2.368328124284744263e-01
-2.319949418306350708e-01
-2.271571010351181030e-01
-2.223192006349563599e-01
-2.180460542440414429e-01
-2.169726938009262085e-01
-2.198318690061569214e-01
-2.264882773160934448e-01
-2.344501763582229614e-01
-2.409221976995468140e-01
-2.465899437665939331e-01
-2.496428936719894409e-01
-2.444665879011154175e-01
-2.401643544435501099e-01
-2.344774454832077026e-01
-2.240517586469650269e-01
-2.177191525697708130e-01
-2.139957994222640991e-01
-2.147708088159561157e-01
-2.193319648504257202e-01
-2.289817184209823608e-01
-2.395099252462387085e-01
-2.479906827211380005e-01
-2.544000148773193359e-01
-2.514406442642211914e-01
-2.429457455873489380e-01
-2.343109101057052612e-01
-2.280010133981704712e-01
-2.204287499189376831e-01
-2.122082859277725220e-01
-2.035248130559921265e-01
-1.945397704839706421e-01
-1.857643276453018188e-01
-1.769887655973434448e-01
-1.704493314027786255e-01
-1.704053431749343872e-01
-1.703609377145767212e-01
-1.719916313886642456e-01
-1.787873059511184692e-01
-1.855482310056686401e-01
-1.899678260087966919e-01
-1.837349385023117065e-01
-1.775016933679580688e-01
-1.712686270475387573e-01
-1.650355905294418335e-01
-1.589554995298385620e-01
-1.374942511320114136e-01
-1.385912448167800903e-01
-1.385208815336227417e-01
-1.389694660902023315e-01
-1.411977857351303101e-01
-1.455018073320388794e-01
-1.534149795770645142e-01
-1.606040149927139282e-01
-1.677934080362319946e-01
-1.749824732542037964e-01
-1.785923093557357788e-01
-1.800845414400100708e-01
-1.815766543149948120e-01
-1.830687671899795532e-01
-1.835208684206008911e-01
-1.787988394498825073e-01
-1.721005588769912720e-01
-1.647686809301376343e-01
-1.577564626932144165e-01
-1.518720835447311401e-01
-1.465259045362472534e-01
-1.392029672861099243e-01
-1.309074908494949341e-01
-1.227843314409255981e-01
-1.150326877832412720e-01
-1.074667870998382568e-01
-1.002675741910934448e-01
-9.127311408519744873e-02
-8.157615363597869873e-02
-7.521195709705352783e-02
-7.207334041595458984e-02
-6.448416411876678467e-02
-5.727230384945869446e-02
-5.245395377278327942e-02
-5.511303618550300598e-02
-6.009072437882423401e-02
-6.132440641522407532e-02
-6.254746019840240479e-02
-6.643493473529815674e-02
-7.069253921508789062e-02
-7.463945448398590088e-02
-8.131150901317596436e-02
-8.860820531845092773e-02
-9.465110301971435547e-02
-9.834487736225128174e-02
-1.014577001333236694e-01
-1.043621003627777100e-01
-1.064330488443374634e-01
-1.079318672418594360e-01
-1.086983084678649902e-01
-1.094790846109390259e-01
-1.112814396619796753e-01
-1.131723076105117798e-01
-1.152574717998504639e-01
-1.192498058080673218e-01
-1.247620880603790283e-01
-1.272334456443786621e-01
-1.237947791814804077e-01
-1.210234612226486206e-01
-1.213510930538177490e-01
-1.206775009632110596e-01
-1.203559786081314087e-01
-1.234898567199707031e-01
-1.260332763195037842e-01
-1.271012723445892334e-01
-1.321364045143127441e-01
-1.378240585327148438e-01
-1.405798196792602539e-01
-1.367760747671127319e-01
-1.353583186864852905e-01
-1.371851116418838501e-01
-1.422315090894699097e-01
-1.473448723554611206e-01
-1.500265449285507202e-01
-1.558310240507125854e-01
-1.652794033288955688e-01
-1.785178184509277344e-01
-1.917131692171096802e-01
-2.041972875595092773e-01
-2.159162610769271851e-01
-2.270980030298233032e-01
-2.393512874841690063e-01
-2.403133362531661987e-01
-2.362857908010482788e-01
-2.314479798078536987e-01
-2.266100496053695679e-01
-2.217721790075302124e-01
-2.169342190027236938e-01
-2.160201221704483032e-01
-2.188794463872909546e-01
-2.236579805612564087e-01
-2.319794744253158569e-01
-2.396368235349655151e-01
-2.459740489721298218e-01
-2.513808310031890869e-01
-2.506349384784698486e-01
-2.451518923044204712e-01
-2.372414022684097290e-01
-2.244919389486312866e-01
-2.197443097829818726e-01
-2.172084897756576538e-01
-2.187024205923080444e-01
-2.252670675516128540e-01
-2.347461432218551636e-01
-2.484586685895919800e-01
-2.561872005462646484e-01
-2.594292759895324707e-01
-2.575989961624145508e-01
-2.529317736625671387e-01
-2.457744330167770386e-01
-2.378023415803909302e-01
-2.248862236738204956e-01
-2.143249958753585815e-01
-2.037001699209213257e-01
-1.940621584653854370e-01
-1.852187663316726685e-01
-1.764432936906814575e-01
-1.676674336194992065e-01
-1.666806489229202271e-01
-1.664889305830001831e-01
-1.696543842554092407e-01
-1.757447570562362671e-01
-1.812157183885574341e-01
-1.864822357892990112e-01
-1.809788197278976440e-01
-1.752046793699264526e-01
-1.694309264421463013e-01
-1.636943668127059937e-01
-1.578692048788070679e-01
-1.439160555601119995e-01
-1.438462585210800171e-01
-1.437759846448898315e-01
-1.450591534376144409e-01
-1.472872942686080933e-01
-1.495153754949569702e-01
-1.517435461282730103e-01
-1.603302508592605591e-01
-1.684314757585525513e-01
-1.756208389997482300e-01
-1.828100532293319702e-01
-1.846977025270462036e-01
-1.855446845293045044e-01
-1.831141859292984009e-01
-1.785012334585189819e-01
-1.709134429693222046e-01
-1.617016643285751343e-01
-1.525311321020126343e-01
-1.457233130931854248e-01
-1.412541121244430542e-01
-1.335631310939788818e-01
-1.258124858140945435e-01
-1.181363612413406372e-01
-1.104463487863540649e-01
-1.034493148326873779e-01
-9.703944623470306396e-02
-9.033946692943572998e-02
-8.340467512607574463e-02
-7.685086131095886230e-02
-7.191875576972961426e-02
-6.953372061252593994e-02
-6.410045921802520752e-02
-5.875951424241065979e-02
-5.417989566922187805e-02
-5.602911487221717834e-02
-6.100668385624885559e-02
-6.422345340251922607e-02
-6.472797691822052002e-02
-6.864351034164428711e-02
-7.417942583560943604e-02
-7.881711423397064209e-02
-8.465363085269927979e-02
-8.929391205310821533e-02
-9.119258821010589600e-02
-9.238971769809722900e-02
-9.511445462703704834e-02
-9.787276387214660645e-02
-9.977667033672332764e-02
-1.005431562662124634e-01
-1.013091355562210083e-01
-1.020851880311965942e-01
-1.030558794736862183e-01
-1.051127910614013672e-01
-1.090723574161529541e-01
-1.124762594699859619e-01
-1.173389554023742676e-01
-1.230327934026718140e-01
-1.210724264383316040e-01
-1.177745312452316284e-01
-1.142210215330123901e-01
-1.123320013284683228e-01
-1.125326305627822876e-01
-1.155997961759567261e-01
-1.199262738227844238e-01
-1.243553161621093750e-01
-1.322769671678543091e-01
-1.408434808254241943e-01
-1.461723893880844116e-01
-1.452157050371170044e-01
-1.412022858858108521e-01
-1.388417482376098633e-01
-1.443911939859390259e-01
-1.510602086782455444e-01
-1.568862199783325195e-01
-1.646589487791061401e-01
-1.750123202800750732e-01
-1.874310076236724854e-01
-1.999151855707168579e-01
-2.123993188142776489e-01
-2.231646627187728882e-01
-2.344039231538772583e-01
-2.399016469717025757e-01
-2.395920604467391968e-01
-2.357387095689773560e-01
-2.309007495641708374e-01
-2.260629683732986450e-01
-2.213653773069381714e-01
-2.171436995267868042e-01
-2.156709283590316772e-01
-2.187618464231491089e-01
-2.221563607454299927e-01
-2.302834838628768921e-01
-2.386728376150131226e-01
-2.457942813634872437e-01
-2.517648935317993164e-01
-2.548059821128845215e-01
-2.498437613248825073e-01
-2.398785799741744995e-01
-2.266729325056076050e-01
-2.213789373636245728e-01
-2.202913314104080200e-01
-2.230502516031265259e-01
-2.338786572217941284e-01
-2.439271062612533569e-01
-2.540679574012756348e-01
-2.585220336914062500e-01
-2.610655725002288818e-01
-2.617762088775634766e-01
-2.579853832721710205e-01
-2.525116205215454102e-01
-2.423495501279830933e-01
-2.312915176153182983e-01
-2.194474786520004272e-01
-2.060942500829696655e-01
-1.957982629537582397e-01
-1.856735795736312866e-01
-1.760532408952713013e-01
-1.653909534215927124e-01
-1.598051041364669800e-01
-1.583710461854934692e-01
-1.644612699747085571e-01
-1.705520600080490112e-01
-1.766420453786849976e-01
-1.821718364953994751e-01
-1.777522712945938110e-01
-1.719782799482345581e-01
-1.662046164274215698e-01
-1.608070582151412964e-01
-1.554411798715591431e-01
-1.491715759038925171e-01
-1.491012424230575562e-01
-1.490310579538345337e-01
-1.511486023664474487e-01
-1.533768028020858765e-01
-1.556050032377243042e-01
-1.578329652547836304e-01
-1.600609868764877319e-01
-1.662045568227767944e-01
-1.751585453748703003e-01
-1.822896748781204224e-01
-1.842298954725265503e-01
-1.815903633832931519e-01
-1.780586093664169312e-01
-1.728491634130477905e-01
-1.642260402441024780e-01
-1.538479775190353394e-01
-1.434752792119979858e-01
-1.354528814554214478e-01
-1.285597980022430420e-01
-1.202409118413925171e-01
-1.126569658517837524e-01
-1.055891662836074829e-01
-9.888480603694915771e-02
-9.247057139873504639e-02
-8.612604439258575439e-02
-8.278410136699676514e-02
-7.880078256130218506e-02
-7.290512323379516602e-02
-6.937931478023529053e-02
-6.699393689632415771e-02
-6.554572284221649170e-02
-6.048845127224922180e-02
-5.590600147843360901e-02
-5.694462731480598450e-02
-6.192256882786750793e-02
-6.727232038974761963e-02
-6.852413713932037354e-02
-7.224906980991363525e-02
-7.842595875263214111e-02
-8.407492935657501221e-02
-8.893872797489166260e-02
-9.093128144741058350e-02
-8.932696282863616943e-02
-8.810147643089294434e-02
-8.931250870227813721e-02
-9.143231809139251709e-02
-9.238764643669128418e-02
-9.318311512470245361e-02
-9.415982663631439209e-02
-9.649850428104400635e-02
-9.951145946979522705e-02
-1.034360378980636597e-01
-1.075615286827087402e-01
-1.094558984041213989e-01
-1.119792312383651733e-01
-1.165755540132522583e-01
-1.183883249759674072e-01
-1.148380637168884277e-01
-1.109152436256408691e-01
-1.069925278425216675e-01
-1.032340973615646362e-01
-1.058102250099182129e-01
-1.106238961219787598e-01
-1.160895973443984985e-01
-1.237588971853256226e-01
-1.339272856712341309e-01
-1.421727687120437622e-01
-1.449141055345535278e-01
-1.448009908199310303e-01
-1.433588713407516479e-01
-1.456210166215896606e-01
-1.527270525693893433e-01
-1.626012176275253296e-01
-1.729128509759902954e-01
-1.835864335298538208e-01
-1.956329345703125000e-01
-2.081172317266464233e-01
-2.202846854925155640e-01
-2.313075810670852661e-01
-2.391552776098251343e-01
-2.418963164091110229e-01
-2.410032600164413452e-01
-2.366725057363510132e-01
-2.311653643846511841e-01
-2.265590578317642212e-01
-2.219525724649429321e-01
-2.183914035558700562e-01
-2.166647762060165405e-01
-2.189437299966812134e-01
-2.220344692468643188e-01
-2.285872548818588257e-01
-2.369767874479293823e-01
-2.452121526002883911e-01
-2.511900663375854492e-01
-2.554240226745605469e-01
-2.540573477745056152e-01
-2.425156384706497192e-01
-2.305080145597457886e-01
-2.229433506727218628e-01
-2.246987670660018921e-01
-2.317574769258499146e-01
-2.419529706239700317e-01
-2.520550489425659180e-01
-2.573758959770202637e-01
-2.587371766567230225e-01
-2.617038786411285400e-01
-2.631121575832366943e-01
-2.595883905887603760e-01
-2.540859878063201904e-01
-2.444215267896652222e-01
-2.333571463823318481e-01
-2.227799743413925171e-01
-2.107076197862625122e-01
-1.978414207696914673e-01
-1.848998069763183594e-01
-1.731942743062973022e-01
-1.618213802576065063e-01
-1.525228172540664673e-01
-1.535095423460006714e-01
-1.592683941125869751e-01
-1.653591543436050415e-01
-1.714491695165634155e-01
-1.775395125150680542e-01
-1.745261400938034058e-01
-1.687520295381546021e-01
-1.632620543241500854e-01
-1.578965634107589722e-01
-1.525308042764663696e-01
-1.544265002012252808e-01
-1.543567031621932983e-01
-1.550101488828659058e-01
-1.572384387254714966e-01
-1.594667881727218628e-01
-1.616946011781692505e-01
-1.639224737882614136e-01
-1.661509126424789429e-01
-1.667066961526870728e-01
-1.664843112230300903e-01
-1.707910448312759399e-01
-1.754514425992965698e-01
-1.770836859941482544e-01
-1.742231100797653198e-01
-1.675750166177749634e-01
-1.571369320154190063e-01
-1.467087119817733765e-01
-1.367838829755783081e-01
-1.260448396205902100e-01
-1.165737658739089966e-01
-1.071944683790206909e-01
-1.000592559576034546e-01
-9.366537630558013916e-02
-8.781097829341888428e-02
-8.251161873340606689e-02
-7.935597002506256104e-02
-7.688520848751068115e-02
-7.459264993667602539e-02
-6.960372626781463623e-02
-6.683982908725738525e-02
-6.572319567203521729e-02
-6.709657609462738037e-02
-6.241596117615699768e-02
-5.763195827603340149e-02
-5.832066014409065247e-02
-6.382377445697784424e-02
-6.932683289051055908e-02
-7.276663184165954590e-02
-7.622952759265899658e-02
-8.332125842571258545e-02
-8.787389099597930908e-02
-9.106503427028656006e-02
-8.992080390453338623e-02
-8.732907474040985107e-02
-8.734588325023651123e-02
-8.789759874343872070e-02
-8.739782869815826416e-02
-8.646313846111297607e-02
-8.865749835968017578e-02
-9.126876294612884521e-02
-9.393706917762756348e-02
-9.825433790683746338e-02
-1.034981906414031982e-01
-1.060058921575546265e-01
-1.078414320945739746e-01
-1.094941347837448120e-01
-1.131132692098617554e-01
-1.169358491897583008e-01
-1.127546280622482300e-01
-1.076096147298812866e-01
-1.036868244409561157e-01
-1.002112925052642822e-01
-9.921681880950927734e-02
-1.009047031402587891e-01
-1.063232123851776123e-01
-1.128551214933395386e-01
-1.220128387212753296e-01
-1.305827945470809937e-01
-1.345658302307128906e-01
-1.371358186006546021e-01
-1.389477998018264771e-01
-1.445548981428146362e-01
-1.554781198501586914e-01
-1.664066761732101440e-01
-1.775552481412887573e-01
-1.893367469310760498e-01
-2.023691385984420776e-01
-2.161266654729843140e-01
-2.292032688856124878e-01
-2.389812916517257690e-01
-2.421341389417648315e-01
-2.446043938398361206e-01
-2.444586008787155151e-01
-2.413562983274459839e-01
-2.348126024007797241e-01
-2.281829565763473511e-01
-2.225397676229476929e-01
-2.196391671895980835e-01
-2.181438058614730835e-01
-2.191254943609237671e-01
-2.222162932157516479e-01
-2.268912643194198608e-01
-2.352807968854904175e-01
-2.435588091611862183e-01
-2.502684891223907471e-01
-2.538309693336486816e-01
-2.552535533905029297e-01
-2.458830326795578003e-01
-2.339773625135421753e-01
-2.280842810869216919e-01
-2.310542315244674683e-01
-2.398317903280258179e-01
-2.500273585319519043e-01
-2.570481002330780029e-01
-2.608196735382080078e-01
-2.605876028537750244e-01
-2.601419389247894287e-01
-2.610965073108673096e-01
-2.586346268653869629e-01
-2.522104382514953613e-01
-2.432213872671127319e-01
-2.328783124685287476e-01
-2.201602905988693237e-01
-2.079314142465591431e-01
-1.961815506219863892e-01
-1.838955134153366089e-01
-1.713370233774185181e-01
-1.594985574483871460e-01
-1.480609625577926636e-01
-1.497831195592880249e-01
-1.553399413824081421e-01
-1.608962863683700562e-01
-1.664527505636215210e-01
-1.723466962575912476e-01
-1.708837598562240601e-01
-1.657172888517379761e-01
-1.604898422956466675e-01
-1.562179774045944214e-01
-1.524951308965682983e-01
-1.596814841032028198e-01
-1.596115976572036743e-01
-1.610998362302780151e-01
-1.633277982473373413e-01
-1.655558794736862183e-01
-1.677842587232589722e-01
-1.678262799978256226e-01
-1.659936755895614624e-01
-1.638576537370681763e-01
-1.622881144285202026e-01
-1.607188135385513306e-01
-1.649038046598434448e-01
-1.690474003553390503e-01
-1.677695959806442261e-01
-1.604259163141250610e-01
-1.499880701303482056e-01
-1.401018202304840088e-01
-1.287721097469329834e-01
-1.156884282827377319e-01
-1.063090413808822632e-01
-9.754890203475952148e-02
-8.992892503738403320e-02
-8.278810977935791016e-02
-7.859598100185394287e-02
-7.596994936466217041e-02
-7.371513545513153076e-02
-7.190090417861938477e-02
-7.006920874118804932e-02
-6.619860231876373291e-02
-6.500895321369171143e-02
-6.638506054878234863e-02
-6.698289513587951660e-02
-6.489174067974090576e-02
-6.043158844113349915e-02
-6.037512794137001038e-02
-6.587836146354675293e-02
-7.148569822311401367e-02
-7.747001945972442627e-02
-8.033926784992218018e-02
-8.627469837665557861e-02
-8.956250548362731934e-02
-9.033338725566864014e-02
-8.792312443256378174e-02
-8.603881299495697021e-02
-8.665838837623596191e-02
-8.747112751007080078e-02
-8.797484636306762695e-02
-8.863471448421478271e-02
-8.929479122161865234e-02
-9.066776931285858154e-02
-9.471207857131958008e-02
-9.937626123428344727e-02
-1.031592488288879395e-01
-1.045955568552017212e-01
-1.060467809438705444e-01
-1.076997071504592896e-01
-1.096966415643692017e-01
-1.138734668493270874e-01
-1.131462156772613525e-01
-1.079255640506744385e-01
-1.031291931867599487e-01
-9.876684844493865967e-02
-9.631021320819854736e-02
-9.598487615585327148e-02
-9.768885374069213867e-02
-1.005053073167800903e-01
-1.086116880178451538e-01
-1.173383593559265137e-01
-1.218896061182022095e-01
-1.263594180345535278e-01
-1.289097517728805542e-01
-1.350092589855194092e-01
-1.483057588338851929e-01
-1.626659631729125977e-01
-1.773037314414978027e-01
-1.939969658851623535e-01
-2.087285667657852173e-01
-2.239070683717727661e-01
-2.366204410791397095e-01
-2.410736829042434692e-01
-2.448688298463821411e-01
-2.465530484914779663e-01
-2.473117560148239136e-01
-2.448146492242813110e-01
-2.395820468664169312e-01
-2.329525202512741089e-01
-2.265107482671737671e-01
-2.220594137907028198e-01
-2.196230739355087280e-01
-2.201988548040390015e-01
-2.223979681730270386e-01
-2.256350368261337280e-01
-2.335846275091171265e-01
-2.413523048162460327e-01
-2.475031763315200806e-01
-2.519164085388183594e-01
-2.549659609794616699e-01
-2.455164045095443726e-01
-2.403521686792373657e-01
-2.366527169942855835e-01
-2.378912419080734253e-01
-2.479062229394912720e-01
-2.560298740863800049e-01
-2.596208751201629639e-01
-2.623118758201599121e-01
-2.613331377506256104e-01
-2.611228823661804199e-01
-2.588724493980407715e-01
-2.533946037292480469e-01
-2.451513856649398804e-01
-2.358314543962478638e-01
-2.263511866331100464e-01
-2.159689813852310181e-01
-2.039506584405899048e-01
-1.926641613245010376e-01
-1.809312254190444946e-01
-1.691979914903640747e-01
-1.571481823921203613e-01
-1.460548788309097290e-01
-1.465926319360733032e-01
-1.517025977373123169e-01
-1.571698933839797974e-01
-1.627263873815536499e-01
-1.691459864377975464e-01
-1.700129956007003784e-01
-1.665059179067611694e-01
-1.632327586412429810e-01
-1.595101207494735718e-01
-1.557871550321578979e-01
-1.657606214284896851e-01
-1.655415743589401245e-01
-1.674639433622360229e-01
-1.694176346063613892e-01
-1.689462214708328247e-01
-1.671873182058334351e-01
-1.656179279088973999e-01
-1.640482991933822632e-01
-1.624787598848342896e-01
-1.609094887971878052e-01
-1.590409427881240845e-01
-1.563001722097396851e-01
-1.561036258935928345e-01
-1.578855365514755249e-01
-1.498460024595260620e-01
-1.417529284954071045e-01
-1.325038373470306396e-01
-1.191764920949935913e-01
-1.054242402315139771e-01
-9.672552347183227539e-02
-8.855877816677093506e-02
-8.234673738479614258e-02
-7.766391336917877197e-02
-7.400812208652496338e-02
-7.111819088459014893e-02
-6.873075664043426514e-02
-6.691627204418182373e-02
-6.549729406833648682e-02
-6.275279819965362549e-02
-6.518791615962982178e-02
-6.768298149108886719e-02
-6.798507273197174072e-02
-6.795762479305267334e-02
-6.329639256000518799e-02
-6.242981925606727600e-02
-6.793963909149169922e-02
-7.418818771839141846e-02
-7.984061539173126221e-02
-8.337350189685821533e-02
-8.783443272113800049e-02
-8.920432627201080322e-02
-8.839611709117889404e-02
-8.601285517215728760e-02
-8.584482967853546143e-02
-8.856883645057678223e-02
-9.031379222869873047e-02
-9.105385839939117432e-02
-9.216934442520141602e-02
-9.349785745143890381e-02
-9.559091925621032715e-02
-9.812554717063903809e-02
-1.011963635683059692e-01
-1.029866784811019897e-01
-1.042379587888717651e-01
-1.054890900850296021e-01
-1.066506803035736084e-01
-1.072770208120346069e-01
-1.098116487264633179e-01
-1.128437221050262451e-01
-1.090033799409866333e-01
-1.045025736093521118e-01
-1.000016182661056519e-01
-9.662914276123046875e-02
-9.459935128688812256e-02
-9.215234220027923584e-02
-9.092776477336883545e-02
-9.629109501838684082e-02
-1.043727695941925049e-01
-1.100989133119583130e-01
-1.150610893964767456e-01
-1.191262304782867432e-01
-1.264146715402603149e-01
-1.383276134729385376e-01
-1.539047807455062866e-01
-1.705952435731887817e-01
-1.874537914991378784e-01
-2.065154761075973511e-01
-2.251739352941513062e-01
-2.346604317426681519e-01
-2.409276217222213745e-01
-2.447012513875961304e-01
-2.465016692876815796e-01
-2.483019679784774780e-01
-2.482698708772659302e-01
-2.443515211343765259e-01
-2.377219051122665405e-01
-2.319408506155014038e-01
-2.274894565343856812e-01
-2.244338542222976685e-01
-2.229865342378616333e-01
-2.225797623395919800e-01
-2.256706804037094116e-01
-2.316218167543411255e-01
-2.381735891103744507e-01
-2.440008074045181274e-01
-2.487390786409378052e-01
-2.524905204772949219e-01
-2.494801729917526245e-01
-2.465197294950485229e-01
-2.452207058668136597e-01
-2.473423331975936890e-01
-2.538764774799346924e-01
-2.576769590377807617e-01
-2.610269486904144287e-01
-2.627536058425903320e-01
-2.606240808963775635e-01
-2.566653490066528320e-01
-2.553294599056243896e-01
-2.462498992681503296e-01
-2.369296103715896606e-01
-2.280189245939254761e-01
-2.183566242456436157e-01
-2.083232849836349487e-01
-1.981612890958786011e-01
-1.875629276037216187e-01
-1.767957061529159546e-01
-1.656806468963623047e-01
-1.539474576711654663e-01
-1.465099006891250610e-01
-1.434568613767623901e-01
-1.494195312261581421e-01
-1.570108085870742798e-01
-1.637894958257675171e-01
-1.716286689043045044e-01
-1.739267855882644653e-01
-1.710901707410812378e-01
-1.695293337106704712e-01
-1.678254753351211548e-01
-1.655888408422470093e-01
-1.759475916624069214e-01
-1.750825196504592896e-01
-1.728235632181167603e-01
-1.705089658498764038e-01
-1.686646193265914917e-01
-1.668206602334976196e-01
-1.649766415357589722e-01
-1.631322652101516724e-01
-1.612883657217025757e-01
-1.587740629911422729e-01
-1.560330241918563843e-01
-1.522493809461593628e-01
-1.481023877859115601e-01
-1.444727629423141479e-01
-1.395886838436126709e-01
-1.308959573507308960e-01
-1.196743696928024292e-01
-1.076504439115524292e-01
-9.624479711055755615e-02
-8.775718510150909424e-02
-8.216458559036254883e-02
-7.733230292797088623e-02
-7.417036592960357666e-02
-7.139915227890014648e-02
-6.871321797370910645e-02
-6.617210805416107178e-02
-6.319789588451385498e-02
-6.116097047924995422e-02
-6.315189599990844727e-02
-6.600184738636016846e-02
-6.827192008495330811e-02
-6.898732483386993408e-02
-6.958855688571929932e-02
-6.616096198558807373e-02
-6.495736539363861084e-02
-7.007117569446563721e-02
-7.490678131580352783e-02
-8.037245273590087891e-02
-8.590933680534362793e-02
-8.783309161663055420e-02
-8.763878047466278076e-02
-8.725370466709136963e-02
-8.721101284027099609e-02
-8.981563150882720947e-02
-9.231917560100555420e-02
-9.395278990268707275e-02
-9.506830573081970215e-02
-9.648974239826202393e-02
-9.858317673206329346e-02
-1.009392887353897095e-01
-1.041124761104583740e-01
-1.056154519319534302e-01
-1.049154400825500488e-01
-1.042156219482421875e-01
-1.050834357738494873e-01
-1.057098358869552612e-01
-1.064953655004501343e-01
-1.075616627931594849e-01
-1.122035831212997437e-01
-1.110419481992721558e-01
-1.061394214630126953e-01
-1.013992875814437866e-01
-9.704986214637756348e-02
-9.305876493453979492e-02
-8.931325376033782959e-02
-8.886621892452239990e-02
-9.071345627307891846e-02
-9.496369957923889160e-02
-9.945808351039886475e-02
-1.028742790222167969e-01
-1.103268712759017944e-01
-1.180692613124847412e-01
-1.290118843317031860e-01
-1.440212577581405640e-01
-1.616573333740234375e-01
-1.792744249105453491e-01
-2.005313187837600708e-01
-2.130888849496841431e-01
-2.219643443822860718e-01
-2.302840799093246460e-01
-2.370545417070388794e-01
-2.425066977739334106e-01
-2.469373792409896851e-01
-2.489827722311019897e-01
-2.469262927770614624e-01
-2.418335527181625366e-01
-2.373708039522171021e-01
-2.329195588827133179e-01
-2.300953119993209839e-01
-2.286479622125625610e-01
-2.272006124258041382e-01
-2.272971719503402710e-01
-2.288437336683273315e-01
-2.339098900556564331e-01
-2.386816591024398804e-01
-2.461133748292922974e-01
-2.523422539234161377e-01
-2.526141703128814697e-01
-2.509442567825317383e-01
-2.528116703033447266e-01
-2.556118071079254150e-01
-2.546804249286651611e-01
-2.565823197364807129e-01
-2.584650516510009766e-01
-2.597360610961914062e-01
-2.578760385513305664e-01
-2.537799477577209473e-01
-2.485154122114181519e-01
-2.418221384286880493e-01
-2.301635593175888062e-01
-2.202058285474777222e-01
-2.103618234395980835e-01
-2.003285735845565796e-01
-1.904233247041702271e-01
-1.806553155183792114e-01
-1.705790311098098755e-01
-1.619161963462829590e-01
-1.530517488718032837e-01
-1.510018557310104370e-01
-1.484658122062683105e-01
-1.521072536706924438e-01
-1.588776558637619019e-01
-1.677574068307876587e-01
-1.776909679174423218e-01
-1.830809563398361206e-01
-1.825125366449356079e-01
-1.819366961717605591e-01
-1.811808496713638306e-01
-1.803768426179885864e-01
-1.870225816965103149e-01
-1.831942945718765259e-01
-1.798998266458511353e-01
-1.766060739755630493e-01
-1.733119934797286987e-01
-1.700179427862167358e-01
-1.667238324880599976e-01
-1.633870750665664673e-01
-1.602568477392196655e-01
-1.572410017251968384e-01
-1.529071778059005737e-01
-1.484849303960800171e-01
-1.440631598234176636e-01
-1.388826370239257812e-01
-1.293688267469406128e-01
-1.183093935251235962e-01
-1.063475757837295532e-01
-9.494198858737945557e-02
-8.499236404895782471e-02
-8.044721186161041260e-02
-7.711045444011688232e-02
-7.396061718463897705e-02
-7.153883576393127441e-02
-6.893043220043182373e-02
-6.630815565586090088e-02
-6.405429542064666748e-02
-6.198914721608161926e-02
-6.374153494834899902e-02
-6.562210619449615479e-02
-6.718514859676361084e-02
-6.828741729259490967e-02
-6.931899487972259521e-02
-7.093203067779541016e-02
-6.932912766933441162e-02
-6.592465937137603760e-02
-6.993691623210906982e-02
-7.510688900947570801e-02
-8.092509210109710693e-02
-8.629654347896575928e-02
-8.720128238201141357e-02
-8.920787274837493896e-02
-9.011712670326232910e-02
-9.135131537914276123e-02
-9.453098475933074951e-02
-9.657035768032073975e-02
-9.796731173992156982e-02
-9.948155283927917480e-02
-1.015748381614685059e-01
-1.037528514862060547e-01
-1.069263666868209839e-01
-1.098218411207199097e-01
-1.094087511301040649e-01
-1.087087988853454590e-01
-1.080024540424346924e-01
-1.067857295274734497e-01
-1.056410670280456543e-01
-1.058644205331802368e-01
-1.073162108659744263e-01
-1.109487861394882202e-01
-1.138195097446441650e-01
-1.098764091730117798e-01
-1.039929538965225220e-01
-9.737321734428405762e-02
-9.229499101638793945e-02
-8.843092620372772217e-02
-8.733513951301574707e-02
-8.837702870368957520e-02
-9.140877425670623779e-02
-9.308698773384094238e-02
-9.554278850555419922e-02
-1.025503724813461304e-01
-1.106304377317428589e-01
-1.203878372907638550e-01
-1.349546164274215698e-01
-1.526214182376861572e-01
-1.729458719491958618e-01
-1.893782168626785278e-01
-1.995383054018020630e-01
-2.077050656080245972e-01
-2.153098732233047485e-01
-2.216738909482955933e-01
-2.280378788709640503e-01
-2.344017475843429565e-01
-2.407658547163009644e-01
-2.438057810068130493e-01
-2.430199235677719116e-01
-2.403599470853805542e-01
-2.369504123926162720e-01
-2.353994101285934448e-01
-2.343092709779739380e-01
-2.328618913888931274e-01
-2.304131835699081421e-01
-2.279255241155624390e-01
-2.308604568243026733e-01
-2.374198287725448608e-01
-2.451741546392440796e-01
-2.508817017078399658e-01
-2.526459097862243652e-01
-2.535839676856994629e-01
-2.542784214019775391e-01
-2.555491030216217041e-01
-2.534648478031158447e-01
-2.536120414733886719e-01
-2.554479241371154785e-01
-2.567186355590820312e-01
-2.551280558109283447e-01
-2.510319650173187256e-01
-2.419653385877609253e-01
-2.350167185068130493e-01
-2.247446626424789429e-01
-2.140773385763168335e-01
-2.025788277387619019e-01
-1.937338411808013916e-01
-1.855194568634033203e-01
-1.776247173547744751e-01
-1.694776862859725952e-01
-1.607730835676193237e-01
-1.555107831954956055e-01
-1.566197574138641357e-01
-1.575167626142501831e-01
-1.608861237764358521e-01
-1.690282076597213745e-01
-1.782049089670181274e-01
-1.875616759061813354e-01
-1.955004781484603882e-01
-1.953935772180557251e-01
-1.951188892126083374e-01
-1.947994977235794067e-01
-1.942630559206008911e-01
-1.931754797697067261e-01
-1.902705878019332886e-01
-1.869764477014541626e-01
-1.836822479963302612e-01
-1.803880780935287476e-01
-1.770941466093063354e-01
-1.732994765043258667e-01
-1.688345521688461304e-01
-1.641809195280075073e-01
-1.583088487386703491e-01
-1.524369269609451294e-01
-1.465650349855422974e-01
-1.414522528648376465e-01
-1.353108137845993042e-01
-1.239198595285415649e-01
-1.104509085416793823e-01
-9.475259482860565186e-02
-8.567756414413452148e-02
-7.735081017017364502e-02
-7.240019738674163818e-02
-7.046358287334442139e-02
-6.907033920288085938e-02
-6.841324269771575928e-02
-6.683723628520965576e-02
-6.480361521244049072e-02
-6.278805434703826904e-02
-6.300324201583862305e-02
-6.682424247264862061e-02
-6.939928233623504639e-02
-7.060469686985015869e-02
-7.074342668056488037e-02
-7.104074954986572266e-02
-7.051713764667510986e-02
-7.010440528392791748e-02
-6.508065760135650635e-02
-6.989932060241699219e-02
-7.564933598041534424e-02
-8.217950165271759033e-02
-8.708493411540985107e-02
-9.059010446071624756e-02
-9.272900223731994629e-02
-9.376849234104156494e-02
-9.641145169734954834e-02
-9.878213703632354736e-02
-1.008217483758926392e-01
-1.024736315011978149e-01
-1.045668870210647583e-01
-1.066601574420928955e-01
-1.097401231527328491e-01
-1.128679215908050537e-01
-1.139021962881088257e-01
-1.132020205259323120e-01
-1.127681434154510498e-01
-1.118902117013931274e-01
-1.109771728515625000e-01
-1.100639551877975464e-01
-1.095892935991287231e-01
-1.093107908964157104e-01
-1.103644967079162598e-01
-1.156117171049118042e-01
-1.121882200241088867e-01
-1.051288694143295288e-01
-9.775196015834808350e-02
-9.247295558452606201e-02
-8.943746984004974365e-02
-8.688952028751373291e-02
-8.572590351104736328e-02
-8.829940855503082275e-02
-9.052629768848419189e-02
-9.422264993190765381e-02
-9.946793317794799805e-02
-1.064756065607070923e-01
-1.145705282688140869e-01
-1.273953169584274292e-01
-1.453453749418258667e-01
-1.650400757789611816e-01
-1.742078363895416260e-01
-1.842838972806930542e-01
-1.933582872152328491e-01
-2.003376632928848267e-01
-2.060423344373703003e-01
-2.124063223600387573e-01
-2.187702506780624390e-01
-2.251342982053756714e-01
-2.304112166166305542e-01
-2.331622987985610962e-01
-2.343165427446365356e-01
-2.351727932691574097e-01
-2.371249943971633911e-01
-2.373227924108505249e-01
-2.357145100831985474e-01
-2.320846766233444214e-01
-2.307187765836715698e-01
-2.344890683889389038e-01
-2.397609204053878784e-01
-2.431636899709701538e-01
-2.441378086805343628e-01
-2.476848810911178589e-01
-2.519924044609069824e-01
-2.519189119338989258e-01
-2.526937723159790039e-01
-2.527073621749877930e-01
-2.509868144989013672e-01
-2.524304687976837158e-01
-2.537012696266174316e-01
-2.523799836635589600e-01
-2.462211102247238159e-01
-2.370000630617141724e-01
-2.280950099229812622e-01
-2.225340157747268677e-01
-2.128002494573593140e-01
-2.025446742773056030e-01
-1.918985992670059204e-01
-1.841582208871841431e-01
-1.782100200653076172e-01
-1.722617298364639282e-01
-1.660388857126235962e-01
-1.650119572877883911e-01
-1.669256389141082764e-01
-1.688379496335983276e-01
-1.702606528997421265e-01
-1.803713887929916382e-01
-1.904163807630538940e-01
-1.992806047201156616e-01
-2.061114162206649780e-01
-2.044370919466018677e-01
-2.043676823377609253e-01
-2.037235945463180542e-01
-2.032348662614822388e-01
-1.973289400339126587e-01
-1.948530524969100952e-01
-1.923769563436508179e-01
-1.899010390043258667e-01
-1.874649077653884888e-01
-1.832123845815658569e-01
-1.787470430135726929e-01
-1.738178580999374390e-01
-1.679458469152450562e-01
-1.620738953351974487e-01
-1.562021821737289429e-01
-1.507921665906906128e-01
-1.453225463628768921e-01
-1.357247382402420044e-01
-1.212246865034103394e-01
-1.078764051198959351e-01
-9.467366337776184082e-02
-7.903324067592620850e-02
-7.141418755054473877e-02
-6.757681071758270264e-02
-6.576599180698394775e-02
-6.445960700511932373e-02
-6.405316293239593506e-02
-6.369279325008392334e-02
-6.335930526256561279e-02
-6.339585781097412109e-02
-6.518654525279998779e-02
-6.984762847423553467e-02
-7.353086769580841064e-02
-7.449032366275787354e-02
-7.387155294418334961e-02
-7.229749858379364014e-02
-6.993262469768524170e-02
-6.908147037029266357e-02
-6.493540108203887939e-02
-7.201270759105682373e-02
-7.938979566097259521e-02
-8.438239991664886475e-02
-8.964185416698455811e-02
-9.490102529525756836e-02
-9.687231481075286865e-02
-9.821800887584686279e-02
-1.009939163923263550e-01
-1.030333787202835083e-01
-1.054655909538269043e-01
-1.075588613748550415e-01
-1.096520274877548218e-01
-1.127397865056991577e-01
-1.161016672849655151e-01
-1.189086288213729858e-01
-1.185812652111053467e-01
-1.182931363582611084e-01
-1.174566745758056641e-01
-1.165435612201690674e-01
-1.156304329633712769e-01
-1.151807010173797607e-01
-1.149022132158279419e-01
-1.146235316991806030e-01
-1.141743808984756470e-01
-1.140561848878860474e-01
-1.126562505960464478e-01
-1.059235632419586182e-01
-9.821414947509765625e-02
-9.323169291019439697e-02
-8.997176587581634521e-02
-8.590941131114959717e-02
-8.445321023464202881e-02
-8.693160116672515869e-02
-9.167176485061645508e-02
-9.573487937450408936e-02
-9.984774887561798096e-02
-1.039607375860214233e-01
-1.125700175762176514e-01
-1.251560896635055542e-01
-1.433540135622024536e-01
-1.519187390804290771e-01
-1.595477610826492310e-01
-1.687138825654983521e-01
-1.778603047132492065e-01
-1.844366043806076050e-01
-1.909713745117187500e-01
-1.968402415513992310e-01
-2.031386196613311768e-01
-2.095027416944503784e-01
-2.158667296171188354e-01
-2.201046794652938843e-01
-2.221662849187850952e-01
-2.229396849870681763e-01
-2.254009693861007690e-01
-2.284931987524032593e-01
-2.300462573766708374e-01
-2.330522984266281128e-01
-2.323866337537765503e-01
-2.324608117341995239e-01
-2.366615086793899536e-01
-2.400643676519393921e-01
-2.413460761308670044e-01
-2.430225163698196411e-01
-2.461120933294296265e-01
-2.487552314996719360e-01
-2.496298998594284058e-01
-2.506928741931915283e-01
-2.500308752059936523e-01
-2.494127899408340454e-01
-2.513458728790283203e-01
-2.516955137252807617e-01
-2.452596575021743774e-01
-2.376180440187454224e-01
-2.288445979356765747e-01
-2.227286547422409058e-01
-2.152632325887680054e-01
-2.077353596687316895e-01
-1.988654881715774536e-01
-1.897783726453781128e-01
-1.839776486158370972e-01
-1.783434301614761353e-01
-1.737155914306640625e-01
-1.753386408090591431e-01
-1.767002046108245850e-01
-1.781230717897415161e-01
-1.795911937952041626e-01
-1.867936998605728149e-01
-1.973560899496078491e-01
-2.079187780618667603e-01
-2.174458950757980347e-01
-2.153226584196090698e-01
-2.130510956048965454e-01
-2.119386643171310425e-01
-2.120967060327529907e-01
-2.028561979532241821e-01
-2.016547769308090210e-01
-1.991784125566482544e-01
-1.964585036039352417e-01
-1.928107589483261108e-01
-1.891634315252304077e-01
-1.847763210535049438e-01
-1.797224134206771851e-01
-1.739992648363113403e-01
-1.673151999711990356e-01
-1.610376089811325073e-01
-1.553610116243362427e-01
-1.480368524789810181e-01
-1.363237649202346802e-01
-1.241034716367721558e-01
-1.129099428653717041e-01
-1.021045297384262085e-01
-8.873046934604644775e-02
-7.429857552051544189e-02
-6.682668626308441162e-02
-6.409128010272979736e-02
-6.135611608624458313e-02
-6.037746742367744446e-02
-6.008087471127510071e-02
-6.101519241929054260e-02
-6.428323686122894287e-02
-6.868873536586761475e-02
-7.487826049327850342e-02
-7.902692258358001709e-02
-7.728576660156250000e-02
-7.478858530521392822e-02
-7.182915508747100830e-02
-6.998564302921295166e-02
-7.138408720493316650e-02
-7.226347923278808594e-02
-7.843576371669769287e-02
-8.249382674694061279e-02
-8.745686709880828857e-02
-9.271636605262756348e-02
-9.797532856464385986e-02
-1.010154932737350464e-01
-1.032058149576187134e-01
-1.054078787565231323e-01
-1.083565056324005127e-01
-1.111766844987869263e-01
-1.135012209415435791e-01
-1.164562106132507324e-01
-1.198206990957260132e-01
-1.229842603206634521e-01
-1.241062283515930176e-01
-1.238180994987487793e-01
-1.230232119560241699e-01
-1.221101880073547363e-01
-1.211968511343002319e-01
-1.207721382379531860e-01
-1.204934567213058472e-01
-1.202149093151092529e-01
-1.193456351757049561e-01
-1.170967817306518555e-01
-1.146989017724990845e-01
-1.152260005474090576e-01
-1.080485284328460693e-01
-9.842179715633392334e-02
-9.283418953418731689e-02
-8.987362682819366455e-02
-8.580939471721649170e-02
-8.349798619747161865e-02
-8.685277402400970459e-02
-9.407529234886169434e-02
-9.791992604732513428e-02
-1.018379181623458862e-01
-1.059507429599761963e-01
-1.123918443918228149e-01
-1.274456232786178589e-01
-1.371296495199203491e-01
-1.411339789628982544e-01
-1.474081426858901978e-01
-1.558268517255783081e-01
-1.628453731536865234e-01
-1.693084985017776489e-01
-1.749086529016494751e-01
-1.811097413301467896e-01
-1.878630220890045166e-01
-1.938712745904922485e-01
-2.002351135015487671e-01
-2.063861191272735596e-01
-2.087480276823043823e-01
-2.088883370161056519e-01
-2.112197726964950562e-01
-2.131088227033615112e-01
-2.154518514871597290e-01
-2.174062877893447876e-01
-2.187072783708572388e-01
-2.212866991758346558e-01
-2.289860695600509644e-01
-2.353234738111495972e-01
-2.383638769388198853e-01
-2.394267767667770386e-01
-2.413992732763290405e-01
-2.461024969816207886e-01
-2.470361143350601196e-01
-2.492774873971939087e-01
-2.525094747543334961e-01
-2.521493136882781982e-01
-2.545310258865356445e-01
-2.531792819499969482e-01
-2.481987625360488892e-01
-2.419762462377548218e-01
-2.346586138010025024e-01
-2.274553030729293823e-01
-2.207572311162948608e-01
-2.148276418447494507e-01
-2.065452486276626587e-01
-1.983107775449752808e-01
-1.902519613504409790e-01
-1.840535253286361694e-01
-1.823998242616653442e-01
-1.843201369047164917e-01
-1.859855055809020996e-01
-1.873983293771743774e-01
-1.891590505838394165e-01
-1.931592673063278198e-01
-2.036981135606765747e-01
-2.142378240823745728e-01
-2.247771173715591431e-01
-2.245095223188400269e-01
-2.241519242525100708e-01
-2.219978421926498413e-01
-2.197239845991134644e-01
-2.029055207967758179e-01
-2.017156332731246948e-01
-1.998237818479537964e-01
-1.974630206823348999e-01
-1.951013654470443726e-01
-1.917256265878677368e-01
-1.879580765962600708e-01
-1.832132190465927124e-01
-1.781593412160873413e-01
-1.734564155340194702e-01
-1.693942397832870483e-01
-1.644070893526077271e-01
-1.547353714704513550e-01
-1.442742794752120972e-01
-1.322903931140899658e-01
-1.206727474927902222e-01
-1.107437759637832642e-01
-1.016960591077804565e-01
-8.733333647251129150e-02
-7.478323578834533691e-02
-6.742601096630096436e-02
-6.469036638736724854e-02
-6.264190375804901123e-02
-6.150997057557106018e-02
-6.392009556293487549e-02
-6.648014485836029053e-02
-7.041744887828826904e-02
-7.650589942932128906e-02
-8.028522133827209473e-02
-7.872481644153594971e-02
-7.596908509731292725e-02
-7.557852566242218018e-02
-7.585622370243072510e-02
-7.851603627204895020e-02
-8.119301497936248779e-02
-8.488263189792633057e-02
-8.879460394382476807e-02
-9.263202548027038574e-02
-9.680603444576263428e-02
-1.016525775194168091e-01
-1.058479994535446167e-01
-1.085222959518432617e-01
-1.115638613700866699e-01
-1.148126274347305298e-01
-1.173959821462631226e-01
-1.201725751161575317e-01
-1.235397905111312866e-01
-1.267865300178527832e-01
-1.296312958002090454e-01
-1.293431073427200317e-01
-1.285897195339202881e-01
-1.276765912771224976e-01
-1.267634481191635132e-01
-1.263635456562042236e-01
-1.260848790407180786e-01
-1.258064061403274536e-01
-1.245169639587402344e-01
-1.221251040697097778e-01
-1.192600280046463013e-01
-1.166069060564041138e-01
-1.156544536352157593e-01
-1.116878837347030640e-01
-1.018964499235153198e-01
-9.448231756687164307e-02
-8.946506679058074951e-02
-8.603672683238983154e-02
-8.320552110671997070e-02
-8.910338580608367920e-02
-9.682856500148773193e-02
-1.003234237432479858e-01
-1.041680872440338135e-01
-1.086531728506088257e-01
-1.179664283990859985e-01
-1.288429349660873413e-01
-1.312694102525711060e-01
-1.339775323867797852e-01
-1.381795257329940796e-01
-1.444083899259567261e-01
-1.497865021228790283e-01
-1.560322642326354980e-01
-1.621927022933959961e-01
-1.668627560138702393e-01
-1.715753823518753052e-01
-1.785946041345596313e-01
-1.839170753955841064e-01
-1.904930919408798218e-01
-1.927244067192077637e-01
-1.914722174406051636e-01
-1.942299306392669678e-01
-1.965925842523574829e-01
-1.985942721366882324e-01
-2.000083178281784058e-01
-2.012029290199279785e-01
-2.024849504232406616e-01
-2.086519151926040649e-01
-2.176602333784103394e-01
-2.254962772130966187e-01
-2.305109351873397827e-01
-2.381696552038192749e-01
-2.482302933931350708e-01
-2.530740499496459961e-01
-2.531631886959075928e-01
-2.550134360790252686e-01
-2.590378522872924805e-01
-2.601236999034881592e-01
-2.587268352508544922e-01
-2.545515000820159912e-01
-2.490969747304916382e-01
-2.425837367773056030e-01
-2.360348254442214966e-01
-2.288120537996292114e-01
-2.207151502370834351e-01
-2.150291055440902710e-01
-2.068209648132324219e-01
-1.987387984991073608e-01
-1.906566768884658813e-01
-1.909093707799911499e-01
-1.928893774747848511e-01
-1.947861611843109131e-01
-1.968005150556564331e-01
-1.986085623502731323e-01
-2.004165202379226685e-01
-2.099687904119491577e-01
-2.205083817243576050e-01
-2.310475260019302368e-01
-2.318301945924758911e-01
-2.312413305044174194e-01
-2.306160479784011841e-01
-2.298955768346786499e-01
-2.029549330472946167e-01
-2.006057053804397583e-01
-1.982446163892745972e-01
-1.958832293748855591e-01
-1.922315210103988647e-01
-1.884638816118240356e-01
-1.846962124109268188e-01
-1.809288114309310913e-01
-1.774567216634750366e-01
-1.748124808073043823e-01
-1.715226024389266968e-01
-1.674600094556808472e-01
-1.602509170770645142e-01
-1.519055366516113281e-01
-1.422673612833023071e-01
-1.345681101083755493e-01
-1.255203187465667725e-01
-1.164726167917251587e-01
-1.059679687023162842e-01
-9.207470715045928955e-02
-8.180128037929534912e-02
-7.152821123600006104e-02
-6.846353411674499512e-02
-7.032014429569244385e-02
-7.219527661800384521e-02
-7.406695187091827393e-02
-7.675348222255706787e-02
-8.037009835243225098e-02
-8.168666064739227295e-02
-8.184795081615447998e-02
-8.189909160137176514e-02
-8.237604796886444092e-02
-8.389386534690856934e-02
-8.703117072582244873e-02
-8.870248496532440186e-02
-9.214998781681060791e-02
-9.657292068004608154e-02
-1.013657301664352417e-01
-1.052950471639633179e-01
-1.092246323823928833e-01
-1.120804399251937866e-01
-1.152642071247100830e-01
-1.182382851839065552e-01
-1.212687194347381592e-01
-1.238890439271926880e-01
-1.272908598184585571e-01
-1.306346058845520020e-01
-1.339781731367111206e-01
-1.348679810762405396e-01
-1.341563612222671509e-01
-1.332432478666305542e-01
-1.323300153017044067e-01
-1.319547891616821289e-01
-1.316761821508407593e-01
-1.313976198434829712e-01
-1.296881288290023804e-01
-1.271531581878662109e-01
-1.242881566286087036e-01
-1.214230656623840332e-01
-1.180689483880996704e-01
-1.150352060794830322e-01
-1.137559711933135986e-01
-1.061707288026809692e-01
-9.883542358875274658e-02
-9.333366155624389648e-02
-8.809173107147216797e-02
-8.576999604701995850e-02
-9.135396778583526611e-02
-9.927637875080108643e-02
-1.027268469333648682e-01
-1.065715104341506958e-01
-1.131609529256820679e-01
-1.225026696920394897e-01
-1.267604678869247437e-01
-1.288777738809585571e-01
-1.284240037202835083e-01
-1.297689825296401978e-01
-1.349943876266479492e-01
-1.397152096033096313e-01
-1.444359123706817627e-01
-1.500698179006576538e-01
-1.552859246730804443e-01
-1.578523516654968262e-01
-1.600411534309387207e-01
-1.649151295423507690e-01
-1.699587702751159668e-01
-1.721235364675521851e-01
-1.746845543384552002e-01
-1.777335852384567261e-01
-1.797824800014495850e-01
-1.813092231750488281e-01
-1.825038641691207886e-01
-1.833079010248184204e-01
-1.851106733083724976e-01
-1.893417537212371826e-01
-1.999423652887344360e-01
-2.041581869125366211e-01
-2.107007354497909546e-01
-2.236458510160446167e-01
-2.402140349149703979e-01
-2.553958296775817871e-01
-2.633449435234069824e-01
-2.673940062522888184e-01
-2.698431611061096191e-01
-2.688843607902526855e-01
-2.674932777881622314e-01
-2.633062899112701416e-01
-2.577920556068420410e-01
-2.512556910514831543e-01
-2.445016950368881226e-01
-2.373038381338119507e-01
-2.272769659757614136e-01
-2.215472608804702759e-01
-2.152016609907150269e-01
-2.071197181940078735e-01
-2.013542801141738892e-01
-2.008266150951385498e-01
-2.012753635644912720e-01
-2.034957557916641235e-01
-2.058010548353195190e-01
-2.078406065702438354e-01
-2.091454118490219116e-01
-2.149258106946945190e-01
-2.248673290014266968e-01
-2.348089665174484253e-01
-2.360772341489791870e-01
-2.350056320428848267e-01
-2.338324636220932007e-01
-2.326592355966567993e-01
-2.013874500989913940e-01
-1.990258544683456421e-01
-1.965050250291824341e-01
-1.927370876073837280e-01
-1.889697164297103882e-01
-1.852025538682937622e-01
-1.814347356557846069e-01
-1.779189258813858032e-01
-1.753104776144027710e-01
-1.729719489812850952e-01
-1.702833622694015503e-01
-1.650248616933822632e-01
-1.594683080911636353e-01
-1.535043865442276001e-01
-1.473458856344223022e-01
-1.412143558263778687e-01
-1.350831538438796997e-01
-1.286163330078125000e-01
-1.211988180875778198e-01
-1.102948933839797974e-01
-1.002175509929656982e-01
-9.049676358699798584e-02
-8.449245989322662354e-02
-8.358518779277801514e-02
-8.407653868198394775e-02
-8.487355709075927734e-02
-8.654275536537170410e-02
-9.080635011196136475e-02
-9.377913177013397217e-02
-9.396590292453765869e-02
-9.477663040161132812e-02
-9.554603695869445801e-02
-9.711714088916778564e-02
-9.878106415271759033e-02
-9.738722443580627441e-02
-1.006187796592712402e-01
-1.043198257684707642e-01
-1.091976612806320190e-01
-1.140287369489669800e-01
-1.178872734308242798e-01
-1.219805628061294556e-01
-1.259935051202774048e-01
-1.276809573173522949e-01
-1.292490810155868530e-01
-1.323691904544830322e-01
-1.354383826255798340e-01
-1.385072916746139526e-01
-1.407993882894515991e-01
-1.398544609546661377e-01
-1.388096511363983154e-01
-1.378965079784393311e-01
-1.375461816787719727e-01
-1.372677534818649292e-01
-1.369890123605728149e-01
-1.348594874143600464e-01
-1.321814209222793579e-01
-1.293163746595382690e-01
-1.264066249132156372e-01
-1.226082146167755127e-01
-1.188097000122070312e-01
-1.155207306146621704e-01
-1.140356361865997314e-01
-1.105973273515701294e-01
-1.032411307096481323e-01
-9.771190583705902100e-02
-9.334616363048553467e-02
-9.354822337627410889e-02
-9.568084776401519775e-02
-1.016522198915481567e-01
-1.053106337785720825e-01
-1.092621535062789917e-01
-1.190293580293655396e-01
-1.230287551879882812e-01
-1.235696822404861450e-01
-1.255236715078353882e-01
-1.257285773754119873e-01
-1.240932494401931763e-01
-1.255804449319839478e-01
-1.303011775016784668e-01
-1.341709196567535400e-01
-1.365839391946792603e-01
-1.388707309961318970e-01
-1.409391015768051147e-01
-1.427454501390457153e-01
-1.454473584890365601e-01
-1.502745747566223145e-01
-1.570814549922943115e-01
-1.587315797805786133e-01
-1.591805666685104370e-01
-1.609868854284286499e-01
-1.633336842060089111e-01
-1.656803637742996216e-01
-1.680274009704589844e-01
-1.703740060329437256e-01
-1.745034158229827881e-01
-1.831472665071487427e-01
-1.879828423261642456e-01
-1.980888545513153076e-01
-2.135583609342575073e-01
-2.309306114912033081e-01
-2.481552809476852417e-01
-2.616624236106872559e-01
-2.699900269508361816e-01
-2.766936123371124268e-01
-2.807507514953613281e-01
-2.785161733627319336e-01
-2.722941040992736816e-01
-2.663703560829162598e-01
-2.598338127136230469e-01
-2.528981566429138184e-01
-2.456770092248916626e-01
-2.353233546018600464e-01
-2.272978574037551880e-01
-2.217426449060440063e-01
-2.146004885435104370e-01
-2.112866491079330444e-01
-2.102556079626083374e-01
-2.093013375997543335e-01
-2.091184109449386597e-01
-2.109773308038711548e-01
-2.127436846494674683e-01
-2.145064920186996460e-01
-2.171027213335037231e-01
-2.270442694425582886e-01
-2.369857579469680786e-01
-2.393382638692855835e-01
-2.383045703172683716e-01
-2.371313422918319702e-01
-2.359581738710403442e-01
-1.998078674077987671e-01
-1.970110386610031128e-01
-1.932433694601058960e-01
-1.894758790731430054e-01
-1.857080906629562378e-01
-1.819411069154739380e-01
-1.784172207117080688e-01
-1.758087128400802612e-01
-1.746818870306015015e-01
-1.728065758943557739e-01
-1.690106838941574097e-01
-1.642206460237503052e-01
-1.600515395402908325e-01
-1.555096954107284546e-01
-1.493785530328750610e-01
-1.432476490736007690e-01
-1.371162235736846924e-01
-1.309853643178939819e-01
-1.250105947256088257e-01
-1.194316744804382324e-01
-1.132120937108993530e-01
-1.090398728847503662e-01
-1.059039086103439331e-01
-1.000527292490005493e-01
-9.520757198333740234e-02
-9.814155101776123047e-02
-1.021940261125564575e-01
-1.063453704118728638e-01
-1.101507395505905151e-01
-1.109934151172637939e-01
-1.121374964714050293e-01
-1.137928217649459839e-01
-1.141582876443862915e-01
-1.138259172439575195e-01
-1.131673902273178101e-01
-1.180478632450103760e-01
-1.208033412694931030e-01
-1.234188526868820190e-01
-1.261061280965805054e-01
-1.293892860412597656e-01
-1.324765533208847046e-01
-1.353213340044021606e-01
-1.387715190649032593e-01
-1.411552876234054565e-01
-1.429377496242523193e-01
-1.447200030088424683e-01
-1.472604274749755859e-01
-1.472570896148681641e-01
-1.460694074630737305e-01
-1.448814570903778076e-01
-1.442813128232955933e-01
-1.437282115221023560e-01
-1.427860409021377563e-01
-1.403507143259048462e-01
-1.372549086809158325e-01
-1.343445330858230591e-01
-1.309458315372467041e-01
-1.271473616361618042e-01
-1.233487576246261597e-01
-1.195503771305084229e-01
-1.160063147544860840e-01
-1.143835484981536865e-01
-1.140312552452087402e-01
-1.080037355422973633e-01
-1.021604984998703003e-01
-1.012479811906814575e-01
-1.014499813318252563e-01
-1.021977812051773071e-01
-1.080538481473922729e-01
-1.104546785354614258e-01
-1.156018525362014771e-01
-1.194397658109664917e-01
-1.222539246082305908e-01
-1.208514720201492310e-01
-1.217796653509140015e-01
-1.231068223714828491e-01
-1.187403798103332520e-01
-1.173656135797500610e-01
-1.169222742319107056e-01
-1.175777167081832886e-01
-1.193737536668777466e-01
-1.210396736860275269e-01
-1.217907816171646118e-01
-1.212276518344879150e-01
-1.265349239110946655e-01
-1.332821249961853027e-01
-1.408790647983551025e-01
-1.459560692310333252e-01
-1.479161977767944336e-01
-1.487366259098052979e-01
-1.516037732362747192e-01
-1.547724753618240356e-01
-1.589371860027313232e-01
-1.631642580032348633e-01
-1.650252193212509155e-01
-1.705202162265777588e-01
-1.771326810121536255e-01
-1.885904073715209961e-01
-2.057554870843887329e-01
-2.231054157018661499e-01
-2.404551655054092407e-01
-2.570106685161590576e-01
-2.670524120330810547e-01
-2.715476751327514648e-01
-2.749081850051879883e-01
-2.792756259441375732e-01
-2.772287726402282715e-01
-2.745280861854553223e-01
-2.673382759094238281e-01
-2.592083513736724854e-01
-2.514837682247161865e-01
-2.428104430437088013e-01
-2.300186902284622192e-01
-2.242127209901809692e-01
-2.187648862600326538e-01
-2.187104672193527222e-01
-2.175855189561843872e-01
-2.168596237897872925e-01
-2.161429375410079956e-01
-2.155175060033798218e-01
-2.173763066530227661e-01
-2.192067354917526245e-01
-2.210728377103805542e-01
-2.292213588953018188e-01
-2.391627281904220581e-01
-2.425992339849472046e-01
-2.415658682584762573e-01
-2.404299229383468628e-01
-2.392567247152328491e-01
-1.975169032812118530e-01
-1.937492936849594116e-01
-1.899814456701278687e-01
-1.862139552831649780e-01
-1.824468225240707397e-01
-1.789154261350631714e-01
-1.769088059663772583e-01
-1.763921231031417847e-01
-1.754555553197860718e-01
-1.721480637788772583e-01
-1.691345125436782837e-01
-1.652368754148483276e-01
-1.622829288244247437e-01
-1.575425416231155396e-01
-1.514114886522293091e-01
-1.452803462743759155e-01
-1.392661780118942261e-01
-1.337339133024215698e-01
-1.283867657184600830e-01
-1.230396777391433716e-01
-1.225672066211700439e-01
-1.182172447443008423e-01
-1.149538904428482056e-01
-1.125158965587615967e-01
-1.106522828340530396e-01
-1.106187850236892700e-01
-1.167105287313461304e-01
-1.220304220914840698e-01
-1.266483068466186523e-01
-1.281740218400955200e-01
-1.297408193349838257e-01
-1.307262629270553589e-01
-1.301345825195312500e-01
-1.291652172803878784e-01
-1.285068392753601074e-01
-1.330443471670150757e-01
-1.393735855817794800e-01
-1.439183801412582397e-01
-1.470595747232437134e-01
-1.512367576360702515e-01
-1.542548537254333496e-01
-1.549805849790573120e-01
-1.586278676986694336e-01
-1.583838611841201782e-01
-1.579041630029678345e-01
-1.574245244264602661e-01
-1.568744927644729614e-01
-1.543910056352615356e-01
-1.522840112447738647e-01
-1.517087370157241821e-01
-1.511556059122085571e-01
-1.497933864593505859e-01
-1.472586244344711304e-01
-1.441188901662826538e-01
-1.408902555704116821e-01
-1.368169933557510376e-01
-1.327438354492187500e-01
-1.286706328392028809e-01
-1.245976239442825317e-01
-1.205243766307830811e-01
-1.171261519193649292e-01
-1.161146610975265503e-01
-1.158144325017929077e-01
-1.123240739107131958e-01
-1.089475005865097046e-01
-1.091495603322982788e-01
-1.093517094850540161e-01
-1.095537245273590088e-01
-1.144555062055587769e-01
-1.193738430738449097e-01
-1.210647076368331909e-01
-1.220498234033584595e-01
-1.196984797716140747e-01
-1.156567037105560303e-01
-1.134757250547409058e-01
-1.123423427343368530e-01
-1.075109094381332397e-01
-1.028405129909515381e-01
-1.013847738504409790e-01
-1.004554331302642822e-01
-9.905964136123657227e-02
-1.003057658672332764e-01
-1.028166562318801880e-01
-1.093977093696594238e-01
-1.159735769033432007e-01
-1.225220561027526855e-01
-1.306812316179275513e-01
-1.365699470043182373e-01
-1.425333321094512939e-01
-1.461986899375915527e-01
-1.497080177068710327e-01
-1.532564759254455566e-01
-1.567729711532592773e-01
-1.581467539072036743e-01
-1.563944518566131592e-01
-1.593484282493591309e-01
-1.675883084535598755e-01
-1.805805116891860962e-01
-1.976783275604248047e-01
-2.145244926214218140e-01
-2.313708215951919556e-01
-2.481992989778518677e-01
-2.604661285877227783e-01
-2.636327445507049561e-01
-2.664896845817565918e-01
-2.690706551074981689e-01
-2.687424421310424805e-01
-2.661975622177124023e-01
-2.626614570617675781e-01
-2.584869265556335449e-01
-2.542502880096435547e-01
-2.482254952192306519e-01
-2.351461797952651978e-01
-2.262049764394760132e-01
-2.238194495439529419e-01
-2.252539247274398804e-01
-2.251346558332443237e-01
-2.244179695844650269e-01
-2.237011343240737915e-01
-2.229841500520706177e-01
-2.222669571638107300e-01
-2.237752825021743774e-01
-2.256339937448501587e-01
-2.313980907201766968e-01
-2.413399070501327515e-01
-2.458600550889968872e-01
-2.448267489671707153e-01
-2.437290400266647339e-01
-2.430763393640518188e-01
-1.942553669214248657e-01
-1.904876083135604858e-01
-1.867197602987289429e-01
-1.829525977373123169e-01
-1.794138997793197632e-01
-1.785642355680465698e-01
-1.786573082208633423e-01
-1.782513111829757690e-01
-1.752849668264389038e-01
-1.728254705667495728e-01
-1.704223006963729858e-01
-1.674683541059494019e-01
-1.645377725362777710e-01
-1.598305255174636841e-01
-1.540081053972244263e-01
-1.486607342958450317e-01
-1.433135718107223511e-01
-1.379663199186325073e-01
-1.326192170381546021e-01
-1.280286908149719238e-01
-1.294012218713760376e-01
-1.291630417108535767e-01
-1.262670457363128662e-01
-1.242844611406326294e-01
-1.232771724462509155e-01
-1.233765333890914917e-01
-1.232098191976547241e-01
-1.272195875644683838e-01
-1.348575949668884277e-01
-1.399968117475509644e-01
-1.433730572462081909e-01
-1.448128670454025269e-01
-1.448947638273239136e-01
-1.445043981075286865e-01
-1.438460499048233032e-01
-1.475284546613693237e-01
-1.562709659337997437e-01
-1.615593284368515015e-01
-1.658285409212112427e-01
-1.730746924877166748e-01
-1.761616021394729614e-01
-1.784218549728393555e-01
-1.820446550846099854e-01
-1.827111989259719849e-01
-1.822315007448196411e-01
-1.814944595098495483e-01
-1.773798316717147827e-01
-1.726460456848144531e-01
-1.685439497232437134e-01
-1.644419431686401367e-01
-1.593006700277328491e-01
-1.557881385087966919e-01
-1.518360674381256104e-01
-1.473060250282287598e-01
-1.431922465562820435e-01
-1.391191482543945312e-01
-1.350461244583129883e-01
-1.309727579355239868e-01
-1.268994808197021484e-01
-1.228318512439727783e-01
-1.201128810644149780e-01
-1.190913468599319458e-01
-1.184519827365875244e-01
-1.170062869787216187e-01
-1.167813390493392944e-01
-1.162180155515670776e-01
-1.157826334238052368e-01
-1.154939085245132446e-01
-1.193090230226516724e-01
-1.234425753355026245e-01
-1.209469884634017944e-01
-1.191533356904983521e-01
-1.138598769903182983e-01
-1.078478246927261353e-01
-1.022375971078872681e-01
-9.821565449237823486e-02
-9.436576068401336670e-02
-8.880701661109924316e-02
-8.623073995113372803e-02
-8.600829541683197021e-02
-8.603149652481079102e-02
-8.765521645545959473e-02
-9.460203349590301514e-02
-1.043643653392791748e-01
-1.130687147378921509e-01
-1.206636279821395874e-01
-1.276497542858123779e-01
-1.347630470991134644e-01
-1.407932341098785400e-01
-1.451307982206344604e-01
-1.502988636493682861e-01
-1.535682529211044312e-01
-1.553563177585601807e-01
-1.526990979909896851e-01
-1.510718613862991333e-01
-1.514535993337631226e-01
-1.563662737607955933e-01
-1.693082451820373535e-01
-1.861497759819030762e-01
-2.029960304498672485e-01
-2.198424786329269409e-01
-2.366885691881179810e-01
-2.493454068899154663e-01
-2.547834813594818115e-01
-2.576406598091125488e-01
-2.600163221359252930e-01
-2.588671743869781494e-01
-2.574410140514373779e-01
-2.536286413669586182e-01
-2.493920177221298218e-01
-2.451553791761398315e-01
-2.409188002347946167e-01
-2.339297384023666382e-01
-2.247483879327774048e-01
-2.283712774515151978e-01
-2.305235117673873901e-01
-2.323664277791976929e-01
-2.319761663675308228e-01
-2.312593013048171997e-01
-2.305421680212020874e-01
-2.298250347375869751e-01
-2.291084080934524536e-01
-2.301741391420364380e-01
-2.326135784387588501e-01
-2.435296028852462769e-01
-2.497119754552841187e-01
-2.492574304342269897e-01
-2.487761229276657104e-01
-2.481812387704849243e-01
-1.909933239221572876e-01
-1.872258633375167847e-01
-1.834583431482315063e-01
-1.805622130632400513e-01
-1.808031052350997925e-01
-1.810428351163864136e-01
-1.810471862554550171e-01
-1.784221976995468140e-01
-1.764735132455825806e-01
-1.755359321832656860e-01
-1.733478754758834839e-01
-1.706259399652481079e-01
-1.679414361715316772e-01
-1.635874360799789429e-01
-1.582402139902114868e-01
-1.528929322957992554e-01
-1.475460380315780640e-01
-1.422277837991714478e-01
-1.378812342882156372e-01
-1.363590806722640991e-01
-1.371258050203323364e-01
-1.398264467716217041e-01
-1.382911950349807739e-01
-1.362951546907424927e-01
-1.359021216630935669e-01
-1.358655244112014771e-01
-1.356576085090637207e-01
-1.367717534303665161e-01
-1.387713998556137085e-01
-1.441431939601898193e-01
-1.475050300359725952e-01
-1.493315994739532471e-01
-1.510440856218338013e-01
-1.532364636659622192e-01
-1.543801873922348022e-01
-1.588436514139175415e-01
-1.713505536317825317e-01
-1.776510328054428101e-01
-1.840602904558181763e-01
-1.915276795625686646e-01
-1.963448971509933472e-01
-2.005922645330429077e-01
-2.042817473411560059e-01
-2.070384621620178223e-01
-2.063432484865188599e-01
-2.039053440093994141e-01
-1.991963833570480347e-01
-1.950943917036056519e-01
-1.909924596548080444e-01
-1.852412521839141846e-01
-1.788716167211532593e-01
-1.720495223999023438e-01
-1.644277423620223999e-01
-1.576792150735855103e-01
-1.513439118862152100e-01
-1.455543488264083862e-01
-1.406688392162322998e-01
-1.352942883968353271e-01
-1.299182623624801636e-01
-1.251933276653289795e-01
-1.217714995145797729e-01
-1.203642636537551880e-01
-1.194116324186325073e-01
-1.209299117326736450e-01
-1.226071268320083618e-01
-1.222463399171829224e-01
-1.215985119342803955e-01
-1.196151524782180786e-01
-1.223066002130508423e-01
-1.205359548330307007e-01
-1.182732433080673218e-01
-1.132797747850418091e-01
-1.071245819330215454e-01
-9.996961057186126709e-02
-9.325547516345977783e-02
-8.893357217311859131e-02
-8.414058387279510498e-02
-7.940758764743804932e-02
-7.734313607215881348e-02
-7.842938601970672607e-02
-8.309422433376312256e-02
-8.872920274734497070e-02
-9.535522758960723877e-02
-1.039012372493743896e-01
-1.139208823442459106e-01
-1.208357810974121094e-01
-1.266393363475799561e-01
-1.333269327878952026e-01
-1.388911902904510498e-01
-1.417070478200912476e-01
-1.449010372161865234e-01
-1.493208110332489014e-01
-1.477044075727462769e-01
-1.450471580028533936e-01
-1.450891047716140747e-01
-1.446022838354110718e-01
-1.480038762092590332e-01
-1.622535735368728638e-01
-1.775734871625900269e-01
-1.928936541080474854e-01
-2.083148211240768433e-01
-2.235006242990493774e-01
-2.362698167562484741e-01
-2.454817146062850952e-01
-2.484510689973831177e-01
-2.510462999343872070e-01
-2.484420090913772583e-01
-2.473550289869308472e-01
-2.445337623357772827e-01
-2.402970045804977417e-01
-2.360605448484420776e-01
-2.318234294652938843e-01
-2.271028608083724976e-01
-2.184597104787826538e-01
-2.197841256856918335e-01
-2.263158708810806274e-01
-2.331996113061904907e-01
-2.384634166955947876e-01
-2.388176470994949341e-01
-2.381005138158798218e-01
-2.373834401369094849e-01
-2.367493063211441040e-01
-2.366106957197189331e-01
-2.378138154745101929e-01
-2.463839799165725708e-01
-2.547676861286163330e-01
-2.543243467807769775e-01
-2.538696229457855225e-01
-2.532865107059478760e-01
-1.869611889123916626e-01
-1.838078945875167847e-01
-1.828383356332778931e-01
-1.832512170076370239e-01
-1.838485151529312134e-01
-1.845142990350723267e-01
-1.826385110616683960e-01
-1.807933300733566284e-01
-1.800305098295211792e-01
-1.794366687536239624e-01
-1.767141669988632202e-01
-1.745427399873733521e-01
-1.723723858594894409e-01
-1.678201705217361450e-01
-1.624727398157119751e-01
-1.572614163160324097e-01
-1.529284268617630005e-01
-1.485272198915481567e-01
-1.468117684125900269e-01
-1.449455469846725464e-01
-1.452146470546722412e-01
-1.479790061712265015e-01
-1.504183560609817505e-01
-1.487322598695755005e-01
-1.485968381166458130e-01
-1.481336653232574463e-01
-1.485221534967422485e-01
-1.495042890310287476e-01
-1.505535691976547241e-01
-1.494198590517044067e-01
-1.499235332012176514e-01
-1.516354829072952271e-01
-1.533478647470474243e-01
-1.555785685777664185e-01
-1.585334688425064087e-01
-1.645493954420089722e-01
-1.787623167037963867e-01
-1.881095319986343384e-01
-1.961012631654739380e-01
-2.049314826726913452e-01
-2.113577574491500854e-01
-2.168915122747421265e-01
-2.220197170972824097e-01
-2.298189252614974976e-01
-2.300397008657455444e-01
-2.257468551397323608e-01
-2.216448038816452026e-01
-2.173557132482528687e-01
-2.113717049360275269e-01
-2.048588246107101440e-01
-1.970587223768234253e-01
-1.889462620019912720e-01
-1.808336526155471802e-01
-1.727210283279418945e-01
-1.646082848310470581e-01
-1.569788455963134766e-01
-1.501527726650238037e-01
-1.433268934488296509e-01
-1.365130543708801270e-01
-1.310413330793380737e-01
-1.276015192270278931e-01
-1.258350163698196411e-01
-1.258510202169418335e-01
-1.271327286958694458e-01
-1.285807490348815918e-01
-1.269149482250213623e-01
-1.241192668676376343e-01
-1.242930591106414795e-01
-1.200385838747024536e-01
-1.188340038061141968e-01
-1.159048229455947876e-01
-1.099125891923904419e-01
-1.038727164268493652e-01
-9.752684831619262695e-02
-9.057834744453430176e-02
-8.654968440532684326e-02
-8.314104378223419189e-02
-7.953365147113800049e-02
-7.665927708148956299e-02
-7.927486300468444824e-02
-8.507885038852691650e-02
-9.088315069675445557e-02
-9.695015847682952881e-02
-1.046703457832336426e-01
-1.113488525152206421e-01
-1.178530305624008179e-01
-1.233721822500228882e-01
-1.302907466888427734e-01
-1.373621821403503418e-01
-1.406413912773132324e-01
-1.413461118936538696e-01
-1.391291916370391846e-01
-1.382956951856613159e-01
-1.371536701917648315e-01
-1.391061693429946899e-01
-1.392636299133300781e-01
-1.417303234338760376e-01
-1.553891748189926147e-01
-1.706149727106094360e-01
-1.858405619859695435e-01
-2.010662704706192017e-01
-2.125282734632492065e-01
-2.237711995840072632e-01
-2.335545569658279419e-01
-2.392116039991378784e-01
-2.419744580984115601e-01
-2.394718676805496216e-01
-2.358859330415725708e-01
-2.352897971868515015e-01
-2.312018722295761108e-01
-2.269652932882308960e-01
-2.227285057306289673e-01
-2.187018841505050659e-01
-2.149553745985031128e-01
-2.121716588735580444e-01
-2.171822339296340942e-01
-2.226074188947677612e-01
-2.290030270814895630e-01
-2.361876517534255981e-01
-2.407891005277633667e-01
-2.445382326841354370e-01
-2.457357496023178101e-01
-2.459751516580581665e-01
-2.458367794752120972e-01
-2.495512217283248901e-01
-2.586610317230224609e-01
-2.593160271644592285e-01
-2.589364051818847656e-01
-2.583916485309600830e-01
-1.843847483396530151e-01
-1.844021230936050415e-01
-1.851905435323715210e-01
-1.862587183713912964e-01
-1.874388307332992554e-01
-1.869360655546188354e-01
-1.851546615362167358e-01
-1.845253258943557739e-01
-1.841800063848495483e-01
-1.833135932683944702e-01
-1.811431795358657837e-01
-1.789732426404953003e-01
-1.768031567335128784e-01
-1.723864227533340454e-01
-1.689272969961166382e-01
-1.642381995916366577e-01
-1.593318730592727661e-01
-1.572978347539901733e-01
-1.554317325353622437e-01
-1.535654366016387939e-01
-1.533087342977523804e-01
-1.561316400766372681e-01
-1.589670032262802124e-01
-1.613570153713226318e-01
-1.613343358039855957e-01
-1.608968824148178101e-01
-1.610952168703079224e-01
-1.619328111410140991e-01
-1.628171652555465698e-01
-1.612311899662017822e-01
-1.562174707651138306e-01
-1.539393514394760132e-01
-1.556515991687774658e-01
-1.583598107099533081e-01
-1.623363047838211060e-01
-1.678023636341094971e-01
-1.810732930898666382e-01
-1.930702626705169678e-01
-2.035436183214187622e-01
-2.142729908227920532e-01
-2.223704606294631958e-01
-2.289916425943374634e-01
-2.336815446615219116e-01
-2.396541684865951538e-01
-2.431464046239852905e-01
-2.417884916067123413e-01
-2.386514991521835327e-01
-2.334628850221633911e-01
-2.274246066808700562e-01
-2.196134477853775024e-01
-2.115005999803543091e-01
-2.033879458904266357e-01
-1.952753067016601562e-01
-1.871627420186996460e-01
-1.790498048067092896e-01
-1.709372252225875854e-01
-1.628246158361434937e-01
-1.548048853874206543e-01
-1.486475616693496704e-01
-1.437500864267349243e-01
-1.396292448043823242e-01
-1.352809220552444458e-01
-1.349386870861053467e-01
-1.335750371217727661e-01
-1.343111544847488403e-01
-1.339699476957321167e-01
-1.332504302263259888e-01
-1.303391009569168091e-01
-1.260849833488464355e-01
-1.248707771301269531e-01
-1.197565346956253052e-01
-1.132601648569107056e-01
-1.065037101507186890e-01
-9.976842999458312988e-02
-9.253336489200592041e-02
-8.769972622394561768e-02
-8.487948775291442871e-02
-8.430220186710357666e-02
-8.536274731159210205e-02
-8.578397333621978760e-02
-8.879393339157104492e-02
-9.231705963611602783e-02
-9.871141612529754639e-02
-1.052908599376678467e-01
-1.108972430229187012e-01
-1.157163977622985840e-01
-1.201050728559494019e-01
-1.272552907466888428e-01
-1.355012804269790649e-01
-1.399825066328048706e-01
-1.375916600227355957e-01
-1.330242305994033813e-01
-1.284783035516738892e-01
-1.270041167736053467e-01
-1.321242600679397583e-01
-1.336542814970016479e-01
-1.376932412385940552e-01
-1.484351009130477905e-01
-1.634299606084823608e-01
-1.786557734012603760e-01
-1.919385939836502075e-01
-2.031819075345993042e-01
-2.144249528646469116e-01
-2.247742563486099243e-01
-2.323244661092758179e-01
-2.344718724489212036e-01
-2.309667617082595825e-01
-2.262679487466812134e-01
-2.225833088159561157e-01
-2.221070379018783569e-01
-2.178701013326644897e-01
-2.136335521936416626e-01
-2.099927812814712524e-01
-2.117368429899215698e-01
-2.087366729974746704e-01
-2.093785256147384644e-01
-2.153825014829635620e-01
-2.213862985372543335e-01
-2.273904532194137573e-01
-2.334385663270950317e-01
-2.389054745435714722e-01
-2.442486137151718140e-01
-2.486736923456192017e-01
-2.527984380722045898e-01
-2.542526125907897949e-01
-2.628017663955688477e-01
-2.630015611648559570e-01
-2.629221081733703613e-01
-2.618423998355865479e-01
-1.859420686960220337e-01
-1.866748780012130737e-01
-1.878047734498977661e-01
-1.890694648027420044e-01
-1.893490701913833618e-01
-1.883018463850021362e-01
-1.882038861513137817e-01
-1.887393444776535034e-01
-1.893540173768997192e-01
-1.877446025609970093e-01
-1.855743974447250366e-01
-1.840151995420455933e-01
-1.840854138135910034e-01
-1.803418844938278198e-01
-1.759325712919235229e-01
-1.703780442476272583e-01
-1.677842289209365845e-01
-1.659178882837295532e-01
-1.640517860651016235e-01
-1.621853560209274292e-01
-1.614487320184707642e-01
-1.642840653657913208e-01
-1.671194285154342651e-01
-1.721250116825103760e-01
-1.737634688615798950e-01
-1.734239012002944946e-01
-1.733121126890182495e-01
-1.741969138383865356e-01
-1.743999719619750977e-01
-1.725229173898696899e-01
-1.676902621984481812e-01
-1.626767665147781372e-01
-1.587469726800918579e-01
-1.619518250226974487e-01
-1.659981459379196167e-01
-1.703148037195205688e-01
-1.828961670398712158e-01
-1.972717493772506714e-01
-2.084461897611618042e-01
-2.183597534894943237e-01
-2.260280698537826538e-01
-2.325863689184188843e-01
-2.377105206251144409e-01
-2.442632168531417847e-01
-2.500130534172058105e-01
-2.490824908018112183e-01
-2.457707673311233521e-01
-2.409754246473312378e-01
-2.351141422986984253e-01
-2.282877713441848755e-01
-2.214613705873489380e-01
-2.146350890398025513e-01
-2.078085988759994507e-01
-2.009824067354202271e-01
-1.934742480516433716e-01
-1.853383034467697144e-01
-1.772023886442184448e-01
-1.685112863779067993e-01
-1.603201180696487427e-01
-1.533991545438766479e-01
-1.484139412641525269e-01
-1.473473310470581055e-01
-1.461566239595413208e-01
-1.455769091844558716e-01
-1.468194872140884399e-01
-1.490470618009567261e-01
-1.481184065341949463e-01
-1.423104554414749146e-01
-1.367498785257339478e-01
-1.349546313285827637e-01
-1.285801231861114502e-01
-1.223003715276718140e-01
-1.160208135843276978e-01
-1.089986264705657959e-01
-1.017633825540542603e-01
-9.528200328350067139e-02
-9.490087628364562988e-02
-9.579797089099884033e-02
-9.604628384113311768e-02
-9.584972262382507324e-02
-9.655231237411499023e-02
-9.880127012729644775e-02
-1.033451408147811890e-01
-1.072054356336593628e-01
-1.114925742149353027e-01
-1.157687753438949585e-01
-1.202782392501831055e-01
-1.250884085893630981e-01
-1.324307471513748169e-01
-1.359049975872039795e-01
-1.324855536222457886e-01
-1.278237551450729370e-01
-1.231619119644165039e-01
-1.200237721204757690e-01
-1.231063455343246460e-01
-1.261944472789764404e-01
-1.336411982774734497e-01
-1.425477117300033569e-01
-1.562450975179672241e-01
-1.713493019342422485e-01
-1.825925558805465698e-01
-1.938357204198837280e-01
-2.050317227840423584e-01
-2.153811007738113403e-01
-2.248633354902267456e-01
-2.298687547445297241e-01
-2.264765948057174683e-01
-2.204350680112838745e-01
-2.132898122072219849e-01
-2.112619131803512573e-01
-2.090701609849929810e-01
-2.045385986566543579e-01
-2.044490575790405273e-01
-2.089070826768875122e-01
-2.069696038961410522e-01
-2.047087103128433228e-01
-2.091608792543411255e-01
-2.151648551225662231e-01
-2.211690992116928101e-01
-2.271726280450820923e-01
-2.320147901773452759e-01
-2.361570149660110474e-01
-2.411331981420516968e-01
-2.458881884813308716e-01
-2.502183914184570312e-01
-2.592565715312957764e-01
-2.607363760471343994e-01
-2.623462677001953125e-01
-2.629805505275726318e-01
-1.881587952375411987e-01
-1.893507689237594604e-01
-1.908907443284988403e-01
-1.916476935148239136e-01
-1.910326033830642700e-01
-1.914726644754409790e-01
-1.920887082815170288e-01
-1.927052885293960571e-01
-1.930975168943405151e-01
-1.922485977411270142e-01
-1.927342265844345093e-01
-1.930482834577560425e-01
-1.918374150991439819e-01
-1.870515793561935425e-01
-1.814242154359817505e-01
-1.782705634832382202e-01
-1.764041036367416382e-01
-1.745379120111465454e-01
-1.726718395948410034e-01
-1.708052605390548706e-01
-1.696011275053024292e-01
-1.724365502595901489e-01
-1.757633388042449951e-01
-1.810890287160873413e-01
-1.859187036752700806e-01
-1.854212731122970581e-01
-1.855757981538772583e-01
-1.861740052700042725e-01
-1.852379888296127319e-01
-1.833180338144302368e-01
-1.782744526863098145e-01
-1.736936420202255249e-01
-1.693474352359771729e-01
-1.652437597513198853e-01
-1.663320213556289673e-01
-1.693283468484878540e-01
-1.818175315856933594e-01
-1.983606070280075073e-01
-2.113841027021408081e-01
-2.209724336862564087e-01
-2.286527603864669800e-01
-2.344404011964797974e-01
-2.396913915872573853e-01
-2.440855354070663452e-01
-2.481484860181808472e-01
-2.489423006772994995e-01
-2.464586049318313599e-01
-2.432817667722702026e-01
-2.398269325494766235e-01
-2.347706109285354614e-01
-2.290747016668319702e-01
-2.222252637147903442e-01
-2.153755277395248413e-01
-2.085261195898056030e-01
-2.006163746118545532e-01
-1.918433308601379395e-01
-1.830704063177108765e-01
-1.749837547540664673e-01
-1.681757122278213501e-01
-1.634740084409713745e-01
-1.604818701744079590e-01
-1.610196977853775024e-01
-1.610002666711807251e-01
-1.627221554517745972e-01
-1.655214279890060425e-01
-1.706718057394027710e-01
-1.681008487939834595e-01
-1.623407751321792603e-01
-1.574488133192062378e-01
-1.531647145748138428e-01
-1.445090919733047485e-01
-1.367794424295425415e-01
-1.283469945192337036e-01
-1.191591024398803711e-01
-1.117973923683166504e-01
-1.083728224039077759e-01
-1.083339303731918335e-01
-1.092764139175415039e-01
-1.098436564207077026e-01
-1.098423749208450317e-01
-1.094511449337005615e-01
-1.116318851709365845e-01
-1.147756427526473999e-01
-1.166341751813888550e-01
-1.181345880031585693e-01
-1.195532083511352539e-01
-1.227591335773468018e-01
-1.275987178087234497e-01
-1.308433711528778076e-01
-1.306378245353698730e-01
-1.282650381326675415e-01
-1.233287453651428223e-01
-1.183922588825225830e-01
-1.166485846042633057e-01
-1.183817684650421143e-01
-1.186115592718124390e-01
-1.270422935485839844e-01
-1.362776309251785278e-01
-1.493706554174423218e-01
-1.620028018951416016e-01
-1.732461303472518921e-01
-1.844893544912338257e-01
-1.956382542848587036e-01
-2.059877365827560425e-01
-2.163368910551071167e-01
-2.237709015607833862e-01
-2.222404628992080688e-01
-2.159800976514816284e-01
-2.088273018598556519e-01
-2.030150145292282104e-01
-2.032696455717086792e-01
-1.991740912199020386e-01
-2.014072835445404053e-01
-2.058066725730895996e-01
-2.056822180747985840e-01
-2.031355053186416626e-01
-2.029397934675216675e-01
-2.089043110609054565e-01
-2.141963094472885132e-01
-2.194881588220596313e-01
-2.247799485921859741e-01
-2.285380214452743530e-01
-2.312697321176528931e-01
-2.345639616250991821e-01
-2.392218261957168579e-01
-2.459623366594314575e-01
-2.493934184312820435e-01
-2.510178387165069580e-01
-2.549604177474975586e-01
-1.908967345952987671e-01
-1.927787810564041138e-01
-1.939461380243301392e-01
-1.942060738801956177e-01
-1.948222070932388306e-01
-1.954385787248611450e-01
-1.960642188787460327e-01
-1.978903561830520630e-01
-1.997788399457931519e-01
-2.007196694612503052e-01
-2.001061886548995972e-01
-1.992779225111007690e-01
-1.972364932298660278e-01
-1.920176297426223755e-01
-1.887130290269851685e-01
-1.868907958269119263e-01
-1.850242465734481812e-01
-1.831579655408859253e-01
-1.812916249036788940e-01
-1.794253736734390259e-01
-1.777537316083908081e-01
-1.805890947580337524e-01
-1.842390447854995728e-01
-1.885791867971420288e-01
-1.922116130590438843e-01
-1.955707073211669922e-01
-1.952909529209136963e-01
-1.940825432538986206e-01
-1.927040964365005493e-01
-1.913861930370330811e-01
-1.872473806142807007e-01
-1.831112802028656006e-01
-1.787653118371963501e-01
-1.745022386312484741e-01
-1.704306006431579590e-01
-1.688236147165298462e-01
-1.820043176412582397e-01
-1.991424113512039185e-01
-2.143216580152511597e-01
-2.235768884420394897e-01
-2.307433933019638062e-01
-2.364272624254226685e-01
-2.418618053197860718e-01
-2.421867996454238892e-01
-2.442322224378585815e-01
-2.458238452672958374e-01
-2.433175295591354370e-01
-2.403093129396438599e-01
-2.366506904363632202e-01
-2.326925247907638550e-01
-2.287343591451644897e-01
-2.238746136426925659e-01
-2.175736278295516968e-01
-2.088007181882858276e-01
-2.000274807214736938e-01
-1.920513063669204712e-01
-1.849473565816879272e-01
-1.791926175355911255e-01
-1.758485287427902222e-01
-1.744140088558197021e-01
-1.780103892087936401e-01
-1.813715547323226929e-01
-1.835968345403671265e-01
-1.851921230554580688e-01
-1.890729218721389771e-01
-1.894195824861526489e-01
-1.880065053701400757e-01
-1.829068213701248169e-01
-1.771802455186843872e-01
-1.711098402738571167e-01
-1.624457687139511108e-01
-1.543222218751907349e-01
-1.448864638805389404e-01
-1.374498307704925537e-01
-1.325752586126327515e-01
-1.277006864547729492e-01
-1.252406686544418335e-01
-1.245833784341812134e-01
-1.240352094173431396e-01
-1.231922507286071777e-01
-1.229323893785476685e-01
-1.236361712217330933e-01
-1.258683055639266968e-01
-1.272867918014526367e-01
-1.287052482366561890e-01
-1.301237195730209351e-01
-1.311979889869689941e-01
-1.343155801296234131e-01
-1.336859017610549927e-01
-1.327755898237228394e-01
-1.287808567285537720e-01
-1.230610013008117676e-01
-1.173124760389328003e-01
-1.164254099130630493e-01
-1.179798096418380737e-01
-1.182871758937835693e-01
-1.232865005731582642e-01
-1.308226585388183594e-01
-1.417675167322158813e-01
-1.528333574533462524e-01
-1.638998389244079590e-01
-1.751430779695510864e-01
-1.862449049949645996e-01
-1.965943127870559692e-01
-2.069435417652130127e-01
-2.163499444723129272e-01
-2.177642732858657837e-01
-2.125398069620132446e-01
-2.059655338525772095e-01
-1.993911415338516235e-01
-1.964434534311294556e-01
-1.985315531492233276e-01
-2.017647475004196167e-01
-2.047397345304489136e-01
-2.053359597921371460e-01
-2.011596858501434326e-01
-1.976671367883682251e-01
-1.999313980340957642e-01
-2.048666328191757202e-01
-2.101583331823348999e-01
-2.154503911733627319e-01
-2.207091301679611206e-01
-2.239330261945724487e-01
-2.265028208494186401e-01
-2.290727049112319946e-01
-2.320687025785446167e-01
-2.355526834726333618e-01
-2.379023879766464233e-01
-2.402514070272445679e-01
-1.943322569131851196e-01
-1.965977698564529419e-01
-1.975558251142501831e-01
-1.981718093156814575e-01
-1.988172680139541626e-01
-2.009313553571701050e-01
-2.039314955472946167e-01
-2.072503119707107544e-01
-2.079873830080032349e-01
-2.071643024682998657e-01
-2.056880146265029907e-01
-2.036462277173995972e-01
-2.014063149690628052e-01
-1.975413113832473755e-01
-1.960838586091995239e-01
-1.941390186548233032e-01
-1.921909302473068237e-01
-1.902426332235336304e-01
-1.879525333642959595e-01
-1.856124252080917358e-01
-1.834855526685714722e-01
-1.854093223810195923e-01
-1.898589283227920532e-01
-1.926932185888290405e-01
-1.966401189565658569e-01
-2.019962072372436523e-01
-2.029326409101486206e-01
-2.016745656728744507e-01
-2.004164606332778931e-01
-2.000664323568344116e-01
-1.964757442474365234e-01
-1.924787908792495728e-01
-1.881831139326095581e-01
-1.830189377069473267e-01
-1.790892034769058228e-01
-1.755680590867996216e-01
-1.826785355806350708e-01
-1.998464912176132202e-01
-2.165268212556838989e-01
-2.253046482801437378e-01
-2.321825176477432251e-01
-2.371992319822311401e-01
-2.381149977445602417e-01
-2.363597601652145386e-01
-2.363964766263961792e-01
-2.378596216440200806e-01
-2.364581972360610962e-01
-2.334481924772262573e-01
-2.293734401464462280e-01
-2.243332713842391968e-01
-2.189551442861557007e-01
-2.140822857618331909e-01
-2.102695256471633911e-01
-2.065339386463165283e-01
-2.034556418657302856e-01
-1.999018043279647827e-01
-1.960220783948898315e-01
-1.927164644002914429e-01
-1.918384432792663574e-01
-1.944867521524429321e-01
-1.991330236196517944e-01
-2.022548764944076538e-01
-2.032977193593978882e-01
-2.045697420835494995e-01
-2.028285712003707886e-01
-2.029736191034317017e-01
-2.032789438962936401e-01
-2.006869465112686157e-01
-1.940940767526626587e-01
-1.885380893945693970e-01
-1.807398349046707153e-01
-1.711113303899765015e-01
-1.649557352066040039e-01
-1.590810567140579224e-01
-1.538729816675186157e-01
-1.489985138177871704e-01
-1.455304473638534546e-01
-1.445188820362091064e-01
-1.440524309873580933e-01
-1.422389894723892212e-01
-1.398362666368484497e-01
-1.385646164417266846e-01
-1.381067186594009399e-01
-1.380751132965087891e-01
-1.392755955457687378e-01
-1.403715163469314575e-01
-1.413269937038421631e-01
-1.404151767492294312e-01
-1.391350924968719482e-01
-1.364243179559707642e-01
-1.330731213092803955e-01
-1.264862269163131714e-01
-1.196312606334686279e-01
-1.200979053974151611e-01
-1.222637742757797241e-01
-1.242902129888534546e-01
-1.287054270505905151e-01
-1.331207156181335449e-01
-1.377001553773880005e-01
-1.458275020122528076e-01
-1.573071628808975220e-01
-1.680593043565750122e-01
-1.780273169279098511e-01
-1.883465498685836792e-01
-1.989996135234832764e-01
-2.096529752016067505e-01
-2.133768647909164429e-01
-2.097521871328353882e-01
-2.033172398805618286e-01
-1.961826682090759277e-01
-1.893834620714187622e-01
-1.936170756816864014e-01
-1.998328864574432373e-01
-2.023955732583999634e-01
-2.049180418252944946e-01
-2.008897215127944946e-01
-1.962297260761260986e-01
-1.935032159090042114e-01
-1.969288438558578491e-01
-2.016892731189727783e-01
-2.064171284437179565e-01
-2.111449092626571655e-01
-2.160880118608474731e-01
-2.189395278692245483e-01
-2.215092927217483521e-01
-2.240784913301467896e-01
-2.234446257352828979e-01
-2.240613847970962524e-01
-2.264106720685958862e-01
-1.925805956125259399e-01
-1.952610164880752563e-01
-1.969820410013198853e-01
-2.006222456693649292e-01
-2.050273567438125610e-01
-2.096457928419113159e-01
-2.136893421411514282e-01
-2.150453478097915649e-01
-2.136525660753250122e-01
-2.111202031373977661e-01
-2.085875719785690308e-01
-2.060553878545761108e-01
-2.039202600717544556e-01
-2.019720524549484253e-01
-2.000235468149185181e-01
-1.980756670236587524e-01
-1.961271017789840698e-01
-1.941790729761123657e-01
-1.922307759523391724e-01
-1.903633922338485718e-01
-1.886470764875411987e-01
-1.908977776765823364e-01
-1.943762153387069702e-01
-1.966012269258499146e-01
-2.014775723218917847e-01
-2.060840576887130737e-01
-2.099802345037460327e-01
-2.094106525182723999e-01
-2.091099470853805542e-01
-2.088059037923812866e-01
-2.056369930505752563e-01
-2.016171365976333618e-01
-1.966599524021148682e-01
-1.905699819326400757e-01
-1.863027662038803101e-01
-1.832894831895828247e-01
-1.899242252111434937e-01
-2.000408768653869629e-01
-2.135553210973739624e-01
-2.236807197332382202e-01
-2.302058190107345581e-01
-2.323094159364700317e-01
-2.304110378026962280e-01
-2.284912616014480591e-01
-2.275520414113998413e-01
-2.277870923280715942e-01
-2.269487828016281128e-01
-2.228391021490097046e-01
-2.197908610105514526e-01
-2.170035988092422485e-01
-2.144399136304855347e-01
-2.126506417989730835e-01
-2.108614891767501831e-01
-2.090732604265213013e-01
-2.080888301134109497e-01
-2.071375399827957153e-01
-2.074936628341674805e-01
-2.077082246541976929e-01
-2.100659459829330444e-01
-2.158354073762893677e-01
-2.192942351102828979e-01
-2.207178622484207153e-01
-2.210173755884170532e-01
-2.198676913976669312e-01
-2.169456928968429565e-01
-2.167135328054428101e-01
-2.179532200098037720e-01
-2.148718386888504028e-01
-2.064442187547683716e-01
-1.995117217302322388e-01
-1.943528354167938232e-01
-1.880666166543960571e-01
-1.834286600351333618e-01
-1.787457019090652466e-01
-1.743142157793045044e-01
-1.699631959199905396e-01
-1.654270738363265991e-01
-1.638580113649368286e-01
-1.639055758714675903e-01
-1.618436872959136963e-01
-1.588097363710403442e-01
-1.571596413850784302e-01
-1.555707007646560669e-01
-1.555391103029251099e-01
-1.552067399024963379e-01
-1.547123044729232788e-01
-1.507722288370132446e-01
-1.478262096643447876e-01
-1.452345103025436401e-01
-1.437745541334152222e-01
-1.402397751808166504e-01
-1.330813467502593994e-01
-1.258684396743774414e-01
-1.239241063594818115e-01
-1.265478730201721191e-01
-1.302934736013412476e-01
-1.347084790468215942e-01
-1.383216977119445801e-01
-1.387543529272079468e-01
-1.447553634643554688e-01
-1.542869657278060913e-01
-1.655084937810897827e-01
-1.776458919048309326e-01
-1.874868422746658325e-01
-1.972194314002990723e-01
-2.063485532999038696e-01
-2.104183286428451538e-01
-2.067647129297256470e-01
-1.996452659368515015e-01
-1.915642619132995605e-01
-1.841225177049636841e-01
-1.868567913770675659e-01
-1.953600943088531494e-01
-2.000509947538375854e-01
-2.026136666536331177e-01
-2.011026442050933838e-01
-1.963777989149093628e-01
-1.915494650602340698e-01
-1.913836747407913208e-01
-1.949875056743621826e-01
-1.985908597707748413e-01
-2.028306871652603149e-01
-2.075585275888442993e-01
-2.121960669755935669e-01
-2.143641859292984009e-01
-2.165323942899703979e-01
-2.137861996889114380e-01
-2.141124457120895386e-01
-2.144382745027542114e-01
-1.911967843770980835e-01
-1.945201903581619263e-01
-1.982901245355606079e-01
-2.021730989217758179e-01
-2.061885446310043335e-01
-2.092816680669784546e-01
-2.116452604532241821e-01
-2.122955769300460815e-01
-2.110635489225387573e-01
-2.098316699266433716e-01
-2.085993438959121704e-01
-2.072231620550155640e-01
-2.078561931848526001e-01
-2.059081047773361206e-01
-2.039598673582077026e-01
-2.020114511251449585e-01
-2.000635713338851929e-01
-1.981150954961776733e-01
-1.961669176816940308e-01
-1.943634003400802612e-01
-1.927879303693771362e-01
-1.949719041585922241e-01
-1.974840909242630005e-01
-2.011760622262954712e-01
-2.059888988733291626e-01
-2.091669589281082153e-01
-2.126687914133071899e-01
-2.165019363164901733e-01
-2.156948894262313843e-01
-2.148877233266830444e-01
-2.116601616144180298e-01
-2.070715427398681641e-01
-2.013335376977920532e-01
-1.953272819519042969e-01
-1.917838305234909058e-01
-1.900130063295364380e-01
-1.958374679088592529e-01
-2.052447050809860229e-01
-2.148929685354232788e-01
-2.209575921297073364e-01
-2.251953631639480591e-01
-2.244621962308883667e-01
-2.211510390043258667e-01
-2.179467231035232544e-01
-2.158094495534896851e-01
-2.174955457448959351e-01
-2.198808342218399048e-01
-2.201411575078964233e-01
-2.193001359701156616e-01
-2.184603065252304077e-01
-2.184243649244308472e-01
-2.178549319505691528e-01
-2.168701738119125366e-01
-2.158856838941574097e-01
-2.149012833833694458e-01
-2.146381586790084839e-01
-2.156152576208114624e-01
-2.178583592176437378e-01
-2.241170257329940796e-01
-2.286142855882644653e-01
-2.327698320150375366e-01
-2.356127649545669556e-01
-2.369691580533981323e-01
-2.343263477087020874e-01
-2.311913222074508667e-01
-2.305631488561630249e-01
-2.316929548978805542e-01
-2.284478098154067993e-01
-2.210679799318313599e-01
-2.150231450796127319e-01
-2.109748572111129761e-01
-2.034194320440292358e-01
-1.979994624853134155e-01
-1.933165341615676880e-01
-1.886335760354995728e-01
-1.847868561744689941e-01
-1.806165426969528198e-01
-1.796859353780746460e-01
-1.811136901378631592e-01
-1.797003895044326782e-01
-1.776771247386932373e-01
-1.751276105642318726e-01
-1.734903305768966675e-01
-1.727238893508911133e-01
-1.722292900085449219e-01
-1.692677587270736694e-01
-1.635492742061614990e-01
-1.608192920684814453e-01
-1.580894887447357178e-01
-1.553595066070556641e-01
-1.519073098897933960e-01
-1.449051797389984131e-01
-1.374329477548599243e-01
-1.338941901922225952e-01
-1.331284046173095703e-01
-1.362964510917663574e-01
-1.407798826694488525e-01
-1.428101211786270142e-01
-1.438215672969818115e-01
-1.474929153919219971e-01
-1.538244038820266724e-01
-1.638637036085128784e-01
-1.740905493497848511e-01
-1.843024045228958130e-01
-1.938021928071975708e-01
-2.029314041137695312e-01
-2.081312686204910278e-01
-2.062922716140747070e-01
-2.006490975618362427e-01
-1.934015899896621704e-01
-1.883952468633651733e-01
-1.880362778902053833e-01
-1.934887319803237915e-01
-2.008478045463562012e-01
-2.027971297502517700e-01
-2.025914937257766724e-01
-1.966855973005294800e-01
-1.911238878965377808e-01
-1.883179247379302979e-01
-1.899697035551071167e-01
-1.935731917619705200e-01
-1.971767395734786987e-01
-2.007804661989212036e-01
-2.043834775686264038e-01
-2.082375138998031616e-01
-2.104055732488632202e-01
-2.070161849260330200e-01
-2.051035910844802856e-01
-2.050281316041946411e-01
-1.900295764207839966e-01
-1.939323693513870239e-01
-1.978343874216079712e-01
-2.014781981706619263e-01
-2.036193758249282837e-01
-2.057332247495651245e-01
-2.068293839693069458e-01
-2.062183171510696411e-01
-2.049943357706069946e-01
-2.037702649831771851e-01
-2.025461345911026001e-01
-2.047575563192367554e-01
-2.065008133649826050e-01
-2.058605700731277466e-01
-2.052205950021743774e-01
-2.045591324567794800e-01
-2.036897093057632446e-01
-2.015138119459152222e-01
-1.990509480237960815e-01
-1.967782825231552124e-01
-1.944678872823715210e-01
-1.952288895845413208e-01
-1.978806704282760620e-01
-2.011649459600448608e-01
-2.047028094530105591e-01
-2.085063606500625610e-01
-2.133031338453292847e-01
-2.183356732130050659e-01
-2.204544097185134888e-01
-2.196552008390426636e-01
-2.168810516595840454e-01
-2.114911228418350220e-01
-2.055221647024154663e-01
-2.007716745138168335e-01
-1.971442252397537231e-01
-1.966236531734466553e-01
-2.011796087026596069e-01
-2.105280011892318726e-01
-2.176662832498550415e-01
-2.210595160722732544e-01
-2.173463553190231323e-01
-2.147415727376937866e-01
-2.136558741331100464e-01
-2.139132469892501831e-01
-2.141705602407455444e-01
-2.168407291173934937e-01
-2.212860733270645142e-01
-2.243423908948898315e-01
-2.243140786886215210e-01
-2.242857664823532104e-01
-2.242498844861984253e-01
-2.242138236761093140e-01
-2.236827164888381958e-01
-2.226981669664382935e-01
-2.217539399862289429e-01
-2.219129055738449097e-01
-2.225928455591201782e-01
-2.263956516981124878e-01
-2.325144559144973755e-01
-2.386331707239151001e-01
-2.441435903310775757e-01
-2.473459690809249878e-01
-2.455631643533706665e-01
-2.433787137269973755e-01
-2.415441423654556274e-01
-2.420620173215866089e-01
-2.427666932344436646e-01
-2.409109920263290405e-01
-2.386671155691146851e-01
-2.344673722982406616e-01
-2.292604893445968628e-01
-2.213805168867111206e-01
-2.139227837324142456e-01
-2.079533189535140991e-01
-2.032043784856796265e-01
-1.985243111848831177e-01
-1.943242996931076050e-01
-1.922726631164550781e-01
-1.928095072507858276e-01
-1.912440806627273560e-01
-1.897182613611221313e-01
-1.884550601243972778e-01
-1.874411106109619141e-01
-1.872010380029678345e-01
-1.865040808916091919e-01
-1.820295006036758423e-01
-1.765423119068145752e-01
-1.738125532865524292e-01
-1.710825711488723755e-01
-1.683525890111923218e-01
-1.656227856874465942e-01
-1.606460362672805786e-01
-1.561665385961532593e-01
-1.539264470338821411e-01
-1.518928706645965576e-01
-1.508926153182983398e-01
-1.488674432039260864e-01
-1.477166116237640381e-01
-1.474163085222244263e-01
-1.486149132251739502e-01
-1.540955752134323120e-01
-1.604414135217666626e-01
-1.703717261552810669e-01
-1.799868196249008179e-01
-1.899058669805526733e-01
-1.994887292385101318e-01
-2.048231065273284912e-01
-2.049328535795211792e-01
-2.013724893331527710e-01
-1.950576752424240112e-01
-1.931878775358200073e-01
-1.927797049283981323e-01
-1.939642876386642456e-01
-2.010465413331985474e-01
-2.073094844818115234e-01
-2.086231261491775513e-01
-2.037555426359176636e-01
-1.978465765714645386e-01
-1.918821185827255249e-01
-1.897345930337905884e-01
-1.920028477907180786e-01
-1.945195943117141724e-01
-1.970363408327102661e-01
-1.997220963239669800e-01
-2.029699832201004028e-01
-2.057387679815292358e-01
-2.023088186979293823e-01
-1.968818455934524536e-01
-1.968063861131668091e-01
-1.848240345716476440e-01
-1.887261718511581421e-01
-1.913717240095138550e-01
-1.935097426176071167e-01
-1.948385983705520630e-01
-1.957602351903915405e-01
-1.966439932584762573e-01
-1.953233927488327026e-01
-1.940805763006210327e-01
-1.928489953279495239e-01
-1.941007226705551147e-01
-1.961271017789840698e-01
-1.971602588891983032e-01
-1.960040777921676636e-01
-1.948375850915908813e-01
-1.936710625886917114e-01
-1.925045996904373169e-01
-1.913379281759262085e-01
-1.901168674230575562e-01
-1.890599280595779419e-01
-1.877603679895401001e-01
-1.894684284925460815e-01
-1.926871687173843384e-01
-1.949358135461807251e-01
-1.985320001840591431e-01
-2.031045705080032349e-01
-2.079172879457473755e-01
-2.132243067026138306e-01
-2.185307294130325317e-01
-2.193365544080734253e-01
-2.166947871446609497e-01
-2.107284516096115112e-01
-2.055976539850234985e-01
-2.011453658342361450e-01
-1.985224783420562744e-01
-1.975337415933609009e-01
-2.000132203102111816e-01
-2.069505900144577026e-01
-2.138714045286178589e-01
-2.207203358411788940e-01
-2.197351306676864624e-01
-2.132679075002670288e-01
-2.109712511301040649e-01
-2.120332866907119751e-01
-2.130952328443527222e-01
-2.155930250883102417e-01
-2.200381904840469360e-01
-2.244832962751388550e-01
-2.250497788190841675e-01
-2.250213176012039185e-01
-2.249932736158370972e-01
-2.249651402235031128e-01
-2.249367386102676392e-01
-2.243255823850631714e-01
-2.225228399038314819e-01
-2.217498272657394409e-01
-2.237081080675125122e-01
-2.297667413949966431e-01
-2.358937114477157593e-01
-2.420204430818557739e-01
-2.475958317518234253e-01
-2.485058456659317017e-01
-2.483752816915512085e-01
-2.466242164373397827e-01
-2.445225566625595093e-01
-2.446591705083847046e-01
-2.443031817674636841e-01
-2.472006827592849731e-01
-2.490360885858535767e-01
-2.464074045419692993e-01
-2.425104826688766479e-01
-2.347520142793655396e-01
-2.268802374601364136e-01
-2.205895036458969116e-01
-2.142802327871322632e-01
-2.078064233064651489e-01
-2.031580060720443726e-01
-1.996160000562667847e-01
-1.990570425987243652e-01
-1.978249400854110718e-01
-1.965697258710861206e-01
-1.950784027576446533e-01
-1.933896094560623169e-01
-1.925613135099411011e-01
-1.877037286758422852e-01
-1.832642853260040283e-01
-1.793031543493270874e-01
-1.778674125671386719e-01
-1.764317601919174194e-01
-1.749961525201797485e-01
-1.737697869539260864e-01
-1.724435240030288696e-01
-1.706342697143554688e-01
-1.698261648416519165e-01
-1.677528172731399536e-01
-1.658799648284912109e-01
-1.607268005609512329e-01
-1.551400870084762573e-01
-1.513019055128097534e-01
-1.501593887805938721e-01
-1.532194614410400391e-01
-1.573754698038101196e-01
-1.631207019090652466e-01
-1.716106683015823364e-01
-1.812335103750228882e-01
-1.906636953353881836e-01
-1.973441094160079956e-01
-1.984040588140487671e-01
-1.963648349046707153e-01
-1.922909617424011230e-01
-1.930220723152160645e-01
-1.926054805517196655e-01
-1.925373226404190063e-01
-1.965911239385604858e-01
-2.038728445768356323e-01
-2.085740715265274048e-01
-2.062721103429794312e-01
-2.003711462020874023e-01
-1.939598619937896729e-01
-1.902668178081512451e-01
-1.897425353527069092e-01
-1.922674030065536499e-01
-1.947921365499496460e-01
-1.973168104887008667e-01
-1.998414248228073120e-01
-2.023659199476242065e-01
-2.002942413091659546e-01
-1.898201555013656616e-01
-1.875415593385696411e-01
-1.791263371706008911e-01
-1.812647432088851929e-01
-1.830728501081466675e-01
-1.834663301706314087e-01
-1.838592141866683960e-01
-1.842526048421859741e-01
-1.836888045072555542e-01
-1.818412393331527710e-01
-1.799939423799514771e-01
-1.804898232221603394e-01
-1.825157850980758667e-01
-1.845415979623794556e-01
-1.853768080472946167e-01
-1.842254847288131714e-01
-1.830744296312332153e-01
-1.819233745336532593e-01
-1.807725280523300171e-01
-1.794390827417373657e-01
-1.783604174852371216e-01
-1.764415353536605835e-01
-1.763847321271896362e-01
-1.775157004594802856e-01
-1.810873597860336304e-01
-1.849360913038253784e-01
-1.903909295797348022e-01
-1.962634176015853882e-01
-2.023931890726089478e-01
-2.078384608030319214e-01
-2.131452411413192749e-01
-2.178613394498825073e-01
-2.149372547864913940e-01
-2.100368887186050415e-01
-2.054878473281860352e-01
-2.014269828796386719e-01
-2.003950923681259155e-01
-2.005057483911514282e-01
-2.032708674669265747e-01
-2.114030569791793823e-01
-2.199455946683883667e-01
-2.264832109212875366e-01
-2.276563197374343872e-01
-2.221648544073104858e-01
-2.165015190839767456e-01
-2.117612808942794800e-01
-2.128232270479202271e-01
-2.143454700708389282e-01
-2.187906354665756226e-01
-2.232357412576675415e-01
-2.257849723100662231e-01
-2.257567197084426880e-01
-2.257285565137863159e-01
-2.257004827260971069e-01
-2.240049093961715698e-01
-2.221016436815261841e-01
-2.211406677961349487e-01
-2.215451747179031372e-01
-2.268477529287338257e-01
-2.328802198171615601e-01
-2.389125078916549683e-01
-2.449449449777603149e-01
-2.470183223485946655e-01
-2.479281574487686157e-01
-2.477711588144302368e-01
-2.472647577524185181e-01
-2.467580884695053101e-01
-2.479859441518783569e-01
-2.492180913686752319e-01
-2.525507211685180664e-01
-2.566090524196624756e-01
-2.533433735370635986e-01
-2.497142702341079712e-01
-2.434726208448410034e-01
-2.372312694787979126e-01
-2.315411418676376343e-01
-2.262764424085617065e-01
-2.197977453470230103e-01
-2.137742787599563599e-01
-2.067408114671707153e-01
-2.049965411424636841e-01
-2.044207453727722168e-01
-2.029583156108856201e-01
-2.012405246496200562e-01
-1.995224803686141968e-01
-1.935690194368362427e-01
-1.886232644319534302e-01
-1.841834932565689087e-01
-1.804536879062652588e-01
-1.788597255945205688e-01
-1.772907972335815430e-01
-1.757216304540634155e-01
-1.741526424884796143e-01
-1.750939190387725830e-01
-1.779857277870178223e-01
-1.809889823198318481e-01
-1.805572956800460815e-01
-1.784880757331848145e-01
-1.732470840215682983e-01
-1.673920452594757080e-01
-1.616835147142410278e-01
-1.564067751169204712e-01
-1.556846648454666138e-01
-1.598408669233322144e-01
-1.642415821552276611e-01
-1.700185686349868774e-01
-1.766622215509414673e-01
-1.844461560249328613e-01
-1.895648390054702759e-01
-1.907518059015274048e-01
-1.899937242269515991e-01
-1.904580146074295044e-01
-1.915436536073684692e-01
-1.919343918561935425e-01
-1.918659806251525879e-01
-1.927212029695510864e-01
-1.989042609930038452e-01
-2.061862200498580933e-01
-2.081021517515182495e-01
-2.023508399724960327e-01
-1.963486224412918091e-01
-1.904444545507431030e-01
-1.882135272026062012e-01
-1.894381195306777954e-01
-1.919625848531723022e-01
-1.944873780012130737e-01
-1.970120519399642944e-01
-1.995365470647811890e-01
-1.997558921575546265e-01
-1.897266656160354614e-01
-1.848051398992538452e-01
-1.682649701833724976e-01
-1.689896434545516968e-01
-1.693828254938125610e-01
-1.697760969400405884e-01
-1.701694279909133911e-01
-1.705626994371414185e-01
-1.692149490118026733e-01
-1.672303527593612671e-01
-1.671374589204788208e-01
-1.690513044595718384e-01
-1.709647923707962036e-01
-1.729568690061569214e-01
-1.735928803682327271e-01
-1.724416762590408325e-01
-1.712905913591384888e-01
-1.701396852731704712e-01
-1.688060611486434937e-01
-1.676397174596786499e-01
-1.656929999589920044e-01
-1.642246097326278687e-01
-1.648813635110855103e-01
-1.647999435663223267e-01
-1.682388037443161011e-01
-1.729348450899124146e-01
-1.782885640859603882e-01
-1.841767579317092896e-01
-1.903337389230728149e-01
-1.969407945871353149e-01
-2.037568539381027222e-01
-2.099262624979019165e-01
-2.132104784250259399e-01
-2.121979147195816040e-01
-2.102217525243759155e-01
-2.082214504480361938e-01
-2.089164406061172485e-01
-2.093665152788162231e-01
-2.116345316171646118e-01
-2.203891128301620483e-01
-2.284329682588577271e-01
-2.327783554792404175e-01
-2.353038936853408813e-01
-2.310619503259658813e-01
-2.253982275724411011e-01
-2.197348326444625854e-01
-2.140712887048721313e-01
-2.136137336492538452e-01
-2.175431698560714722e-01
-2.219883948564529419e-01
-2.264332622289657593e-01
-2.264923006296157837e-01
-2.248213738203048706e-01
-2.228533476591110229e-01
-2.208084017038345337e-01
-2.195202559232711792e-01
-2.197649031877517700e-01
-2.237324565649032593e-01
-2.297648042440414429e-01
-2.357972711324691772e-01
-2.418297976255416870e-01
-2.455306500196456909e-01
-2.464405447244644165e-01
-2.473502308130264282e-01
-2.471670061349868774e-01
-2.469371110200881958e-01
-2.502412497997283936e-01
-2.498792856931686401e-01
-2.532356977462768555e-01
-2.579007148742675781e-01
-2.610785663127899170e-01
-2.603006064891815186e-01
-2.569178938865661621e-01
-2.506763935089111328e-01
-2.442265599966049194e-01
-2.375460118055343628e-01
-2.326974719762802124e-01
-2.278488725423812866e-01
-2.217848151922225952e-01
-2.158877998590469360e-01
-2.130598872900009155e-01
-2.115538567304611206e-01
-2.091201692819595337e-01
-2.074021846055984497e-01
-2.018911093473434448e-01
-1.942937821149826050e-01
-1.888434290885925293e-01
-1.839093714952468872e-01
-1.802773326635360718e-01
-1.787082105875015259e-01
-1.771393567323684692e-01
-1.755702048540115356e-01
-1.740010678768157959e-01
-1.766114979982376099e-01
-1.829285621643066406e-01
-1.890958100557327271e-01
-1.885095983743667603e-01
-1.842791587114334106e-01
-1.797104328870773315e-01
-1.751415878534317017e-01
-1.705728024244308472e-01
-1.660054773092269897e-01
-1.624268889427185059e-01
-1.644592136144638062e-01
-1.661934554576873779e-01
-1.710746139287948608e-01
-1.766894757747650146e-01
-1.821985095739364624e-01
-1.876312643289566040e-01
-1.880618184804916382e-01
-1.882289052009582520e-01
-1.926677376031875610e-01
-1.922449767589569092e-01
-1.920216530561447144e-01
-1.911947429180145264e-01
-1.911267489194869995e-01
-1.939360648393630981e-01
-2.012179940938949585e-01
-2.083516567945480347e-01
-2.043304592370986938e-01
-1.984295845031738281e-01
-1.917311996221542358e-01
-1.882761865854263306e-01
-1.866086870431900024e-01
-1.891333311796188354e-01
-1.916580349206924438e-01
-1.941827386617660522e-01
-1.967074424028396606e-01
-1.980102509260177612e-01
-1.895599216222763062e-01
-1.820679754018783569e-01
-1.549258679151535034e-01
-1.553094834089279175e-01
-1.556930691003799438e-01
-1.560860127210617065e-01
-1.564794033765792847e-01
-1.567253321409225464e-01
-1.547410339117050171e-01
-1.539525538682937622e-01
-1.557295173406600952e-01
-1.576405912637710571e-01
-1.595544666051864624e-01
-1.614682525396347046e-01
-1.618089526891708374e-01
-1.606583446264266968e-01
-1.595174819231033325e-01
-1.583134382963180542e-01
-1.570250242948532104e-01
-1.549498587846755981e-01
-1.531991511583328247e-01
-1.532516032457351685e-01
-1.530187875032424927e-01
-1.520002633333206177e-01
-1.559293717145919800e-01
-1.608747690916061401e-01
-1.661358922719955444e-01
-1.731321066617965698e-01
-1.803843230009078979e-01
-1.891760379076004028e-01
-1.972705572843551636e-01
-2.049129158258438110e-01
-2.139384895563125610e-01
-2.154721468687057495e-01
-2.142727226018905640e-01
-2.136918157339096069e-01
-2.149329632520675659e-01
-2.161685675382614136e-01
-2.191224545240402222e-01
-2.287489026784896851e-01
-2.353706508874893188e-01
-2.390740364789962769e-01
-2.418773025274276733e-01
-2.395787686109542847e-01
-2.342953532934188843e-01
-2.286318987607955933e-01
-2.229682654142379761e-01
-2.173047810792922974e-01
-2.162954062223434448e-01
-2.207107394933700562e-01
-2.234430462121963501e-01
-2.234687060117721558e-01
-2.214237302541732788e-01
-2.193789929151535034e-01
-2.173923999071121216e-01
-2.168043404817581177e-01
-2.192764729261398315e-01
-2.260422557592391968e-01
-2.326820641756057739e-01
-2.387143522500991821e-01
-2.432673424482345581e-01
-2.449528425931930542e-01
-2.458626478910446167e-01
-2.467726916074752808e-01
-2.482026964426040649e-01
-2.515065968036651611e-01
-2.528389692306518555e-01
-2.511317133903503418e-01
-2.545512616634368896e-01
-2.603477537631988525e-01
-2.643397450447082520e-01
-2.675542533397674561e-01
-2.632857561111450195e-01
-2.577415108680725098e-01
-2.509825825691223145e-01
-2.442237287759780884e-01
-2.387024611234664917e-01
-2.329546362161636353e-01
-2.260573953390121460e-01
-2.198755592107772827e-01
-2.159874588251113892e-01
-2.157904952764511108e-01
-2.147395461797714233e-01
-2.102593630552291870e-01
-2.020376473665237427e-01
-1.946059912443161011e-01
-1.880803257226943970e-01
-1.835264116525650024e-01
-1.801259666681289673e-01
-1.785567849874496460e-01
-1.769878417253494263e-01
-1.754187047481536865e-01
-1.738498210906982422e-01
-1.781291812658309937e-01
-1.867919564247131348e-01
-1.966325491666793823e-01
-1.946391314268112183e-01
-1.900701969861984253e-01
-1.855015009641647339e-01
-1.809325814247131348e-01
-1.763637959957122803e-01
-1.717954427003860474e-01
-1.672264039516448975e-01
-1.664880067110061646e-01
-1.673240661621093750e-01
-1.703481823205947876e-01
-1.753758341073989868e-01
-1.815498024225234985e-01
-1.861113458871841431e-01
-1.860917210578918457e-01
-1.887461096048355103e-01
-1.947427541017532349e-01
-1.990307122468948364e-01
-1.983184069395065308e-01
-1.969490498304367065e-01
-1.954306662082672119e-01
-1.947089582681655884e-01
-1.983251124620437622e-01
-2.041566073894500732e-01
-2.063101679086685181e-01
-2.004091292619705200e-01
-1.941200047731399536e-01
-1.884539276361465454e-01
-1.861312985420227051e-01
-1.863041371107101440e-01
-1.888287216424942017e-01
-1.913536339998245239e-01
-1.938780993223190308e-01
-1.962652057409286499e-01
-1.878149062395095825e-01
-1.793643683195114136e-01
-1.412596851587295532e-01
-1.416432112455368042e-01
-1.420267671346664429e-01
-1.424105614423751831e-01
-1.427939385175704956e-01
-1.422509998083114624e-01
-1.409029513597488403e-01
-1.426797658205032349e-01
-1.444567590951919556e-01
-1.462339907884597778e-01
-1.481433659791946411e-01
-1.500571519136428833e-01
-1.501835733652114868e-01
-1.490594297647476196e-01
-1.478212028741836548e-01
-1.464662998914718628e-01
-1.443480104207992554e-01
-1.422462016344070435e-01
-1.413412243127822876e-01
-1.418396383523941040e-01
-1.407350152730941772e-01
-1.407522708177566528e-01
-1.463353484869003296e-01
-1.539822965860366821e-01
-1.612715572118759155e-01
-1.693301647901535034e-01
-1.784975677728652954e-01
-1.878046542406082153e-01
-1.960722655057907104e-01
-2.052931040525436401e-01
-2.140690535306930542e-01
-2.186294049024581909e-01
-2.157147377729415894e-01
-2.159784883260726929e-01
-2.165708988904953003e-01
-2.178425043821334839e-01
-2.201709598302841187e-01
-2.305640429258346558e-01
-2.360856384038925171e-01
-2.410483211278915405e-01
-2.456218451261520386e-01
-2.471882551908493042e-01
-2.429882735013961792e-01
-2.374864667654037476e-01
-2.317283600568771362e-01
-2.259186357259750366e-01
-2.195345908403396606e-01
-2.155568450689315796e-01
-2.179848402738571167e-01
-2.199936956167221069e-01
-2.179486602544784546e-01
-2.159038931131362915e-01
-2.146331816911697388e-01
-2.150488346815109253e-01
-2.209918946027755737e-01
-2.279726713895797729e-01
-2.349532395601272583e-01
-2.406775504350662231e-01
-2.430990487337112427e-01
-2.443750947713851929e-01
-2.452847808599472046e-01
-2.491976469755172729e-01
-2.527725398540496826e-01
-2.560763955116271973e-01
-2.542192935943603516e-01
-2.526772916316986084e-01
-2.561836242675781250e-01
-2.610751390457153320e-01
-2.649687826633453369e-01
-2.688621282577514648e-01
-2.691223919391632080e-01
-2.644974589347839355e-01
-2.577385902404785156e-01
-2.509796619415283203e-01
-2.437639087438583374e-01
-2.361827641725540161e-01
-2.285736650228500366e-01
-2.206036299467086792e-01
-2.159247845411300659e-01
-2.163715809583663940e-01
-2.145772427320480347e-01
-2.078300267457962036e-01
-2.010828405618667603e-01
-1.943358331918716431e-01
-1.876763552427291870e-01
-1.830172687768936157e-01
-1.799745708703994751e-01
-1.784054785966873169e-01
-1.768362671136856079e-01
-1.752673238515853882e-01
-1.750331073999404907e-01
-1.797288209199905396e-01
-1.900083869695663452e-01
-2.020068019628524780e-01
-2.004302740097045898e-01
-1.958613246679306030e-01
-1.912927180528640747e-01
-1.867239773273468018e-01
-1.820579022169113159e-01
-1.773269772529602051e-01
-1.725959032773971558e-01
-1.698552519083023071e-01
-1.698579788208007812e-01
-1.698332279920578003e-01
-1.736079603433609009e-01
-1.782816052436828613e-01
-1.811924129724502563e-01
-1.797402352094650269e-01
-1.855824738740921021e-01
-1.941672712564468384e-01
-1.998284310102462769e-01
-2.036813497543334961e-01
-2.046438902616500854e-01
-2.025860697031021118e-01
-2.001350969076156616e-01
-2.006624490022659302e-01
-2.060822397470474243e-01
-2.110010236501693726e-01
-2.070084065198898315e-01
-1.996577680110931396e-01
-1.912221461534500122e-01
-1.865554004907608032e-01
-1.841233372688293457e-01
-1.859993338584899902e-01
-1.885243505239486694e-01
-1.910487264394760132e-01
-1.935734301805496216e-01
-1.860695332288742065e-01
-1.776190251111984253e-01
-1.275938004255294800e-01
-1.279772073030471802e-01
-1.283613294363021851e-01
-1.287446767091751099e-01
-1.291281431913375854e-01
-1.278725713491439819e-01
-1.296397298574447632e-01
-1.314071565866470337e-01
-1.331842690706253052e-01
-1.349615603685379028e-01
-1.367384344339370728e-01
-1.387343257665634155e-01
-1.388424783945083618e-01
-1.375490278005599976e-01
-1.360438019037246704e-01
-1.337328702211380005e-01
-1.315405219793319702e-01
-1.305846124887466431e-01
-1.321715265512466431e-01
-1.355217248201370239e-01
-1.369517892599105835e-01
-1.385091990232467651e-01
-1.450180262327194214e-01
-1.530006974935531616e-01
-1.609837561845779419e-01
-1.698399037122726440e-01
-1.788002997636795044e-01
-1.872831732034683228e-01
-1.964526921510696411e-01
-2.047397345304489136e-01
-2.123883515596389771e-01
-2.155474573373794556e-01
-2.175154238939285278e-01
-2.176807671785354614e-01
-2.181815654039382935e-01
-2.194529622793197632e-01
-2.211518138647079468e-01
-2.296259850263595581e-01
-2.345017641782760620e-01
-2.392690628767013550e-01
-2.438249737024307251e-01
-2.464872151613235474e-01
-2.439956516027450562e-01
-2.403681129217147827e-01
-2.349476665258407593e-01
-2.288534492254257202e-01
-2.224776297807693481e-01
-2.189480513334274292e-01
-2.146507352590560913e-01
-2.149554938077926636e-01
-2.144741266965866089e-01
-2.125054448843002319e-01
-2.121072262525558472e-01
-2.159416228532791138e-01
-2.229223996400833130e-01
-2.299030274152755737e-01
-2.368835061788558960e-01
-2.398255616426467896e-01
-2.428875714540481567e-01
-2.443526834249496460e-01
-2.490728646516799927e-01
-2.537937760353088379e-01
-2.573420703411102295e-01
-2.585683763027191162e-01
-2.554900348186492920e-01
-2.545747458934783936e-01
-2.578672766685485840e-01
-2.617043256759643555e-01
-2.655976414680480957e-01
-2.694356739521026611e-01
-2.715585529804229736e-01
-2.662113308906555176e-01
-2.608404457569122314e-01
-2.547331154346466064e-01
-2.453959435224533081e-01
-2.380837053060531616e-01
-2.307250052690505981e-01
-2.223655730485916138e-01
-2.173311859369277954e-01
-2.168314307928085327e-01
-2.120392173528671265e-01
-2.054010182619094849e-01
-1.986535042524337769e-01
-1.919064074754714966e-01
-1.851594001054763794e-01
-1.790064424276351929e-01
-1.769569665193557739e-01
-1.758967787027359009e-01
-1.759578138589859009e-01
-1.751158982515335083e-01
-1.765508800745010376e-01
-1.825150400400161743e-01
-1.945239454507827759e-01
-2.045820951461791992e-01
-2.053606659173965454e-01
-2.016201764345169067e-01
-1.968892365694046021e-01
-1.921580582857131958e-01
-1.874275505542755127e-01
-1.826962530612945557e-01
-1.779653429985046387e-01
-1.737791150808334351e-01
-1.733025461435317993e-01
-1.733457297086715698e-01
-1.736080944538116455e-01
-1.765136420726776123e-01
-1.796940714120864868e-01
-1.779335886240005493e-01
-1.824576109647750854e-01
-1.886857748031616211e-01
-1.957580596208572388e-01
-2.009432166814804077e-01
-2.033496350049972534e-01
-2.060256153345108032e-01
-2.051922827959060669e-01
-2.042892426252365112e-01
-2.073971182107925415e-01
-2.138393074274063110e-01
-2.143656462430953979e-01
-2.085311263799667358e-01
-2.005044072866439819e-01
-1.936260610818862915e-01
-1.898309588432312012e-01
-1.874335110187530518e-01
-1.885081529617309570e-01
-1.895831376314163208e-01
-1.907442659139633179e-01
-1.843238323926925659e-01
-1.758735328912734985e-01
-1.139274686574935913e-01
-1.143115609884262085e-01
-1.146951168775558472e-01
-1.150785833597183228e-01
-1.153401583433151245e-01
-1.166233569383621216e-01
-1.183912605047225952e-01
-1.201584786176681519e-01
-1.219256669282913208e-01
-1.237295120954513550e-01
-1.256826967000961304e-01
-1.276396960020065308e-01
-1.273433715105056763e-01
-1.260573416948318481e-01
-1.250687092542648315e-01
-1.263183802366256714e-01
-1.280202120542526245e-01
-1.298357993364334106e-01
-1.330640763044357300e-01
-1.349938362836837769e-01
-1.369863897562026978e-01
-1.394173651933670044e-01
-1.456443816423416138e-01
-1.536273509263992310e-01
-1.616101413965225220e-01
-1.701287478208541870e-01
-1.786211580038070679e-01
-1.871229261159896851e-01
-1.954102963209152222e-01
-2.026802152395248413e-01
-2.088856846094131470e-01
-2.121618539094924927e-01
-2.169607430696487427e-01
-2.193831652402877808e-01
-2.197919040918350220e-01
-2.209963947534561157e-01
-2.220547348260879517e-01
-2.280794829130172729e-01
-2.324225753545761108e-01
-2.371504157781600952e-01
-2.417677193880081177e-01
-2.443351000547409058e-01
-2.425497323274612427e-01
-2.371540516614913940e-01
-2.316100746393203735e-01
-2.256544083356857300e-01
-2.196987718343734741e-01
-2.160903066396713257e-01
-2.134019583463668823e-01
-2.104206532239913940e-01
-2.086711376905441284e-01
-2.087336629629135132e-01
-2.112525552511215210e-01
-2.178718894720077515e-01
-2.248525768518447876e-01
-2.318331450223922729e-01
-2.353010028600692749e-01
-2.386706322431564331e-01
-2.435052543878555298e-01
-2.489485591650009155e-01
-2.536689639091491699e-01
-2.583894729614257812e-01
-2.619117498397827148e-01
-2.598467767238616943e-01
-2.572560906410217285e-01
-2.563016414642333984e-01
-2.577430605888366699e-01
-2.605932056903839111e-01
-2.637747526168823242e-01
-2.665095925331115723e-01
-2.691738009452819824e-01
-2.664920091629028320e-01
-2.613508701324462891e-01
-2.548005878925323486e-01
-2.476242631673812866e-01
-2.411219924688339233e-01
-2.329182475805282593e-01
-2.245590537786483765e-01
-2.196198254823684692e-01
-2.138881236314773560e-01
-2.090957313776016235e-01
-2.029713541269302368e-01
-1.962240487337112427e-01
-1.894771605730056763e-01
-1.827299147844314575e-01
-1.760995835065841675e-01
-1.731636375188827515e-01
-1.725520044565200806e-01
-1.713265329599380493e-01
-1.701010018587112427e-01
-1.746100932359695435e-01
-1.839036196470260620e-01
-1.989200562238693237e-01
-2.064830064773559570e-01
-2.089337259531021118e-01
-2.066708803176879883e-01
-2.022588849067687988e-01
-1.975276768207550049e-01
-1.927967220544815063e-01
-1.880656331777572632e-01
-1.833349168300628662e-01
-1.786037236452102661e-01
-1.770239025354385376e-01
-1.771059185266494751e-01
-1.765739917755126953e-01
-1.776987016201019287e-01
-1.786132305860519409e-01
-1.793536692857742310e-01
-1.838770359754562378e-01
-1.884007751941680908e-01
-1.925559192895889282e-01
-1.973783373832702637e-01
-2.010740190744400024e-01
-2.030186206102371216e-01
-2.055356949567794800e-01
-2.055156677961349487e-01
-2.057744711637496948e-01
-2.101102918386459351e-01
-2.140824347734451294e-01
-2.136092036962509155e-01
-2.075695544481277466e-01
-2.003996372222900391e-01
-1.969017088413238525e-01
-1.931981295347213745e-01
-1.925726979970932007e-01
-1.936472207307815552e-01
-1.947218626737594604e-01
-1.879356950521469116e-01
-1.780353933572769165e-01
-1.002618223428726196e-01
-1.006458252668380737e-01
-1.010290831327438354e-01
-1.014129370450973511e-01
-1.036076992750167847e-01
-1.053749173879623413e-01
-1.071425527334213257e-01
-1.089097708463668823e-01
-1.108428984880447388e-01
-1.128880828619003296e-01
-1.160378605127334595e-01
-1.212233453989028931e-01
-1.238448470830917358e-01
-1.249543875455856323e-01
-1.256900280714035034e-01
-1.265695840120315552e-01
-1.285565942525863647e-01
-1.317344754934310913e-01
-1.338464468717575073e-01
-1.357690542936325073e-01
-1.378950327634811401e-01
-1.403256505727767944e-01
-1.462712734937667847e-01
-1.542538553476333618e-01
-1.620182842016220093e-01
-1.702938526868820190e-01
-1.777934879064559937e-01
-1.860807985067367554e-01
-1.929723471403121948e-01
-1.992019265890121460e-01
-2.049124389886856079e-01
-2.087464779615402222e-01
-2.145147174596786499e-01
-2.202829569578170776e-01
-2.210395485162734985e-01
-2.222165316343307495e-01
-2.215130180120468140e-01
-2.263604849576950073e-01
-2.304317504167556763e-01
-2.346730083227157593e-01
-2.381902784109115601e-01
-2.390917390584945679e-01
-2.388285249471664429e-01
-2.334328740835189819e-01
-2.280372828245162964e-01
-2.223175615072250366e-01
-2.163614481687545776e-01
-2.117770165205001831e-01
-2.092044502496719360e-01
-2.066317945718765259e-01
-2.041530907154083252e-01
-1.999070793390274048e-01
-2.063499093055725098e-01
-2.146465927362442017e-01
-2.229429334402084351e-01
-2.282522171735763550e-01
-2.329379171133041382e-01
-2.407768815755844116e-01
-2.471096664667129517e-01
-2.527831792831420898e-01
-2.582649588584899902e-01
-2.624089419841766357e-01
-2.629151642322540283e-01
-2.591168284416198730e-01
-2.565865516662597656e-01
-2.555572092533111572e-01
-2.554654777050018311e-01
-2.581137120723724365e-01
-2.610424757003784180e-01
-2.642855942249298096e-01
-2.675280272960662842e-01
-2.682085037231445312e-01
-2.618774771690368652e-01
-2.549796402454376221e-01
-2.477179020643234253e-01
-2.398667484521865845e-01
-2.332718521356582642e-01
-2.270753532648086548e-01
-2.177682071924209595e-01
-2.109448462724685669e-01
-2.061525136232376099e-01
-2.005418986082077026e-01
-1.937947720289230347e-01
-1.870476156473159790e-01
-1.803004592657089233e-01
-1.735533624887466431e-01
-1.695281118154525757e-01
-1.693700104951858521e-01
-1.681471616029739380e-01
-1.670809537172317505e-01
-1.719978302717208862e-01
-1.815169304609298706e-01
-1.953136473894119263e-01
-2.032219171524047852e-01
-2.084711045026779175e-01
-2.094909399747848511e-01
-2.076280862092971802e-01
-2.028974890708923340e-01
-1.981660872697830200e-01
-1.934353560209274292e-01
-1.887043416500091553e-01
-1.841578930616378784e-01
-1.808760613203048706e-01
-1.807557195425033569e-01
-1.801527589559555054e-01
-1.799801588058471680e-01
-1.809379011392593384e-01
-1.823342889547348022e-01
-1.852969676256179810e-01
-1.898205429315567017e-01
-1.943443417549133301e-01
-1.973306834697723389e-01
-2.002321481704711914e-01
-2.010330706834793091e-01
-2.029368281364440918e-01
-2.046685218811035156e-01
-2.061320692300796509e-01
-2.079099863767623901e-01
-2.128762453794479370e-01
-2.118750363588333130e-01
-2.099575251340866089e-01
-2.029301524162292480e-01
-1.975763440132141113e-01
-1.950672417879104614e-01
-1.928132325410842896e-01
-1.951741129159927368e-01
-1.975349336862564087e-01
-1.930840611457824707e-01
-1.831837147474288940e-01
-8.659578859806060791e-02
-8.697961270809173584e-02
-8.736278116703033447e-02
-8.990438282489776611e-02
-9.235896170139312744e-02
-9.412647783756256104e-02
-9.693945944309234619e-02
-1.022164374589920044e-01
-1.077531427145004272e-01
-1.132911294698715210e-01
-1.192715317010879517e-01
-1.236601322889328003e-01
-1.245192140340805054e-01
-1.251316517591476440e-01
-1.257873028516769409e-01
-1.275393813848495483e-01
-1.308693736791610718e-01
-1.329781562089920044e-01
-1.347953826189041138e-01
-1.366129666566848755e-01
-1.388033479452133179e-01
-1.413382738828659058e-01
-1.468979865312576294e-01
-1.546648293733596802e-01
-1.618725210428237915e-01
-1.688274294137954712e-01
-1.767513304948806763e-01
-1.831723004579544067e-01
-1.891889721155166626e-01
-1.948053091764450073e-01
-2.004212290048599243e-01
-2.060840874910354614e-01
-2.118522375822067261e-01
-2.176205068826675415e-01
-2.222597151994705200e-01
-2.231911271810531616e-01
-2.207781225442886353e-01
-2.240293174982070923e-01
-2.270186394453048706e-01
-2.294951528310775757e-01
-2.323007434606552124e-01
-2.332145124673843384e-01
-2.340088635683059692e-01
-2.297115772962570190e-01
-2.243159264326095581e-01
-2.189200371503829956e-01
-2.130242437124252319e-01
-2.074637264013290405e-01
-2.048908621072769165e-01
-2.023185193538665771e-01
-2.005553692579269409e-01
-2.015431970357894897e-01
-2.034856528043746948e-01
-2.094632834196090698e-01
-2.158263176679611206e-01
-2.211565524339675903e-01
-2.295277863740921021e-01
-2.373118251562118530e-01
-2.438232153654098511e-01
-2.500953972339630127e-01
-2.563681304454803467e-01
-2.624921202659606934e-01
-2.609889805316925049e-01
-2.572504580020904541e-01
-2.555081248283386230e-01
-2.541671991348266602e-01
-2.542153596878051758e-01
-2.566789984703063965e-01
-2.599217593669891357e-01
-2.631644904613494873e-01
-2.664073109626770020e-01
-2.676190733909606934e-01
-2.627149224281311035e-01
-2.550944387912750244e-01
-2.474551945924758911e-01
-2.389504760503768921e-01
-2.317478209733963013e-01
-2.230494171380996704e-01
-2.140845209360122681e-01
-2.077378481626510620e-01
-2.032090574502944946e-01
-1.981127411127090454e-01
-1.913655251264572144e-01
-1.846183687448501587e-01
-1.778711825609207153e-01
-1.711242049932479858e-01
-1.668524891138076782e-01
-1.650916785001754761e-01
-1.648054867982864380e-01
-1.652461141347885132e-01
-1.703921407461166382e-01
-1.811656802892684937e-01
-1.939669549465179443e-01
-1.995338201522827148e-01
-2.046086639165878296e-01
-2.075446844100952148e-01
-2.063105553388595581e-01
-2.042370438575744629e-01
-2.011361867189407349e-01
-1.980354636907577515e-01
-1.941658854484558105e-01
-1.898431330919265747e-01
-1.851348429918289185e-01
-1.843336671590805054e-01
-1.837310642004013062e-01
-1.831284761428833008e-01
-1.857784837484359741e-01
-1.877221167087554932e-01
-1.894843429327011108e-01
-1.914510577917098999e-01
-1.958013921976089478e-01
-2.001678496599197388e-01
-2.018979638814926147e-01
-2.027336359024047852e-01
-2.026860713958740234e-01
-2.028957307338714600e-01
-2.038011401891708374e-01
-2.066434919834136963e-01
-2.110850065946578979e-01
-2.120309621095657349e-01
-2.105861157178878784e-01
-2.054603844881057739e-01
-1.982903331518173218e-01
-1.953862309455871582e-01
-1.928769201040267944e-01
-1.924860328435897827e-01
-1.948469430208206177e-01
-1.915145665407180786e-01
-1.829010844230651855e-01
-7.293020188808441162e-02
-7.331354916095733643e-02
-7.585732638835906982e-02
-8.313898742198944092e-02
-8.855853974819183350e-02
-9.409682452678680420e-02
-1.004381924867630005e-01
-1.064311116933822632e-01
-1.113524883985519409e-01
-1.161092370748519897e-01
-1.204979866743087769e-01
-1.239012330770492554e-01
-1.248561292886734009e-01
-1.253351420164108276e-01
-1.266330033540725708e-01
-1.300203055143356323e-01
-1.321518570184707642e-01
-1.339272707700729370e-01
-1.357448250055313110e-01
-1.375622600317001343e-01
-1.398419588804244995e-01
-1.425141245126724243e-01
-1.472122520208358765e-01
-1.539255529642105103e-01
-1.604893654584884644e-01
-1.672554463148117065e-01
-1.731686443090438843e-01
-1.790672093629837036e-01
-1.846833080053329468e-01
-1.902994662523269653e-01
-1.959155052900314331e-01
-2.034215778112411499e-01
-2.091896981000900269e-01
-2.149576693773269653e-01
-2.207258194684982300e-01
-2.219350785017013550e-01
-2.185318320989608765e-01
-2.191113382577896118e-01
-2.212131470441818237e-01
-2.235565632581710815e-01
-2.263621538877487183e-01
-2.273373156785964966e-01
-2.282387763261795044e-01
-2.259902805089950562e-01
-2.205948084592819214e-01
-2.151991873979568481e-01
-2.096868604421615601e-01
-2.037310451269149780e-01
-2.005780637264251709e-01
-1.981171071529388428e-01
-1.984614878892898560e-01
-2.040318250656127930e-01
-2.061756402254104614e-01
-2.071583569049835205e-01
-2.069164365530014038e-01
-2.151092439889907837e-01
-2.233021706342697144e-01
-2.312762588262557983e-01
-2.375489920377731323e-01
-2.438216358423233032e-01
-2.500940859317779541e-01
-2.538813650608062744e-01
-2.526413500308990479e-01
-2.511018812656402588e-01
-2.515142858028411865e-01
-2.514241933822631836e-01
-2.521612644195556641e-01
-2.552740275859832764e-01
-2.587491571903228760e-01
-2.620074748992919922e-01
-2.650789320468902588e-01
-2.652501761913299561e-01
-2.628362774848937988e-01
-2.548141777515411377e-01
-2.466822415590286255e-01
-2.381771355867385864e-01
-2.280399650335311890e-01
-2.179249078035354614e-01
-2.088102847337722778e-01
-2.014466673135757446e-01
-1.980491429567337036e-01
-1.950213462114334106e-01
-1.889364570379257202e-01
-1.821893006563186646e-01
-1.754419356584548950e-01
-1.685975342988967896e-01
-1.642488092184066772e-01
-1.609966009855270386e-01
-1.607522815465927124e-01
-1.633142977952957153e-01
-1.701590865850448608e-01
-1.804903596639633179e-01
-1.930100321769714355e-01
-1.978041082620620728e-01
-2.025976330041885376e-01
-2.060399502515792847e-01
-2.045469433069229126e-01
-2.031300812959671021e-01
-2.005139738321304321e-01
-1.974135935306549072e-01
-1.947207301855087280e-01
-1.920285075902938843e-01
-1.885357499122619629e-01
-1.876725405454635620e-01
-1.873093992471694946e-01
-1.867070794105529785e-01
-1.912840753793716431e-01
-1.931912899017333984e-01
-1.949538737535476685e-01
-1.967158764600753784e-01
-1.986230760812759399e-01
-2.022889703512191772e-01
-2.050629109144210815e-01
-2.062837034463882446e-01
-2.048922479152679443e-01
-2.048448920249938965e-01
-2.045689821243286133e-01
-2.033488601446151733e-01
-2.073046118021011353e-01
-2.121626287698745728e-01
-2.107419818639755249e-01
-2.091025859117507935e-01
-2.018161565065383911e-01
-1.957046985626220703e-01
-1.931960582733154297e-01
-1.908469200134277344e-01
-1.921596676111221313e-01
-1.899108737707138062e-01
-1.812969744205474854e-01
-6.618465483188629150e-02
-7.119654119014739990e-02
-7.974661886692047119e-02
-8.758513629436492920e-02
-9.341473877429962158e-02
-9.833611547946929932e-02
-1.032576411962509155e-01
-1.081785410642623901e-01
-1.129465550184249878e-01
-1.173352450132369995e-01
-1.207011193037033081e-01
-1.243520230054855347e-01
-1.250619739294052124e-01
-1.262479573488235474e-01
-1.292721182107925415e-01
-1.314915865659713745e-01
-1.333269923925399780e-01
-1.348996609449386597e-01
-1.366852372884750366e-01
-1.384928077459335327e-01
-1.407129019498825073e-01
-1.427514404058456421e-01
-1.458674222230911255e-01
-1.525778621435165405e-01
-1.585172265768051147e-01
-1.634955257177352905e-01
-1.689452677965164185e-01
-1.745613962411880493e-01
-1.801775246858596802e-01
-1.857932955026626587e-01
-1.922452002763748169e-01
-2.007589489221572876e-01
-2.065272480249404907e-01
-2.116297632455825806e-01
-2.160079926252365112e-01
-2.173294872045516968e-01
-2.139166146516799927e-01
-2.131845802068710327e-01
-2.152860313653945923e-01
-2.176176458597183228e-01
-2.204229682683944702e-01
-2.214598804712295532e-01
-2.223611027002334595e-01
-2.222692519426345825e-01
-2.168733924627304077e-01
-2.114777714014053345e-01
-2.060821801424026489e-01
-2.003937363624572754e-01
-1.956193149089813232e-01
-1.933288276195526123e-01
-1.966014057397842407e-01
-2.023421376943588257e-01
-2.061421275138854980e-01
-2.059496790170669556e-01
-2.074168920516967773e-01
-2.088839560747146606e-01
-2.161885946989059448e-01
-2.238008230924606323e-01
-2.304820865392684937e-01
-2.374991327524185181e-01
-2.447342425584793091e-01
-2.458009272813796997e-01
-2.449579983949661255e-01
-2.450676709413528442e-01
-2.448001652956008911e-01
-2.446542531251907349e-01
-2.447216659784317017e-01
-2.473781257867813110e-01
-2.519369125366210938e-01
-2.563755214214324951e-01
-2.594954073429107666e-01
-2.613291144371032715e-01
-2.609128952026367188e-01
-2.551376521587371826e-01
-2.458493560552597046e-01
-2.361544519662857056e-01
-2.226271182298660278e-01
-2.127869576215744019e-01
-2.035355418920516968e-01
-1.959046572446823120e-01
-1.913883239030838013e-01
-1.883602589368820190e-01
-1.840693205595016479e-01
-1.789249032735824585e-01
-1.726558059453964233e-01
-1.657465249300003052e-01
-1.616294831037521362e-01
-1.578992754220962524e-01
-1.560144275426864624e-01
-1.613821238279342651e-01
-1.689036935567855835e-01
-1.798148900270462036e-01
-1.912799179553985596e-01
-1.960738748311996460e-01
-2.008678764104843140e-01
-2.051654905080795288e-01
-2.056375741958618164e-01
-2.030433118343353271e-01
-2.003914117813110352e-01
-1.971068680286407471e-01
-1.944143325090408325e-01
-1.917222887277603149e-01
-1.881824582815170288e-01
-1.855085343122482300e-01
-1.862868666648864746e-01
-1.879602670669555664e-01
-1.963962167501449585e-01
-1.986603438854217529e-01
-2.004225999116897583e-01
-2.021847516298294067e-01
-2.040808051824569702e-01
-2.063387483358383179e-01
-2.079435437917709351e-01
-2.096307426691055298e-01
-2.095956057310104370e-01
-2.071690410375595093e-01
-2.070036530494689941e-01
-2.061923146247863770e-01
-2.060723155736923218e-01
-2.085196524858474731e-01
-2.100044339895248413e-01
-2.094534188508987427e-01
-2.065773755311965942e-01
-1.982613205909729004e-01
-1.942546218633651733e-01
-1.910059750080108643e-01
-1.894716769456863403e-01
-1.883070468902587891e-01
-1.796929687261581421e-01
-6.930361688137054443e-02
-7.730822265148162842e-02
-8.460681140422821045e-02
-9.024073183536529541e-02
-9.516172111034393311e-02
-1.000834554433822632e-01
-1.050046235322952271e-01
-1.097842305898666382e-01
-1.141728311777114868e-01
-1.175013035535812378e-01
-1.210665553808212280e-01
-1.247884482145309448e-01
-1.258635371923446655e-01
-1.286164373159408569e-01
-1.312010139226913452e-01
-1.326397508382797241e-01
-1.338558346033096313e-01
-1.355548650026321411e-01
-1.372681707143783569e-01
-1.390751451253890991e-01
-1.401481479406356812e-01
-1.420402973890304565e-01
-1.446167081594467163e-01
-1.503274589776992798e-01
-1.549126952886581421e-01
-1.591374725103378296e-01
-1.644390970468521118e-01
-1.700552850961685181e-01
-1.756711453199386597e-01
-1.812873035669326782e-01
-1.889818757772445679e-01
-1.973289102315902710e-01
-2.021884769201278687e-01
-2.062879651784896851e-01
-2.076972275972366333e-01
-2.087997645139694214e-01
-2.092544883489608765e-01
-2.072577625513076782e-01
-2.093594223260879517e-01
-2.115812450647354126e-01
-2.144844979047775269e-01
-2.155824750661849976e-01
-2.164838463068008423e-01
-2.171388715505599976e-01
-2.122461050748825073e-01
-2.061384171247482300e-01
-2.000306844711303711e-01
-1.939232647418975830e-01
-1.883269101381301880e-01
-1.892990320920944214e-01
-1.945846825838088989e-01
-2.014382481575012207e-01
-2.064951211214065552e-01
-2.080048769712448120e-01
-2.094719856977462769e-01
-2.109390944242477417e-01
-2.128125876188278198e-01
-2.172621041536331177e-01
-2.245223075151443481e-01
-2.317820936441421509e-01
-2.363489717245101929e-01
-2.372183948755264282e-01
-2.367583066225051880e-01
-2.379600554704666138e-01
-2.381000369787216187e-01
-2.376041263341903687e-01
-2.373138815164566040e-01
-2.396958917379379272e-01
-2.439683526754379272e-01
-2.475321143865585327e-01
-2.500424981117248535e-01
-2.520027756690979004e-01
-2.508375942707061768e-01
-2.484853416681289673e-01
-2.405398041009902954e-01
-2.278570979833602905e-01
-2.162906080484390259e-01
-2.069991677999496460e-01
-1.981616467237472534e-01
-1.905465275049209595e-01
-1.845295280218124390e-01
-1.813549548387527466e-01
-1.774639636278152466e-01
-1.723345071077346802e-01
-1.672054678201675415e-01
-1.620859950780868530e-01
-1.590098291635513306e-01
-1.551044434309005737e-01
-1.525337547063827515e-01
-1.585971266031265259e-01
-1.665090769529342651e-01
-1.791395097970962524e-01
-1.895498782396316528e-01
-1.943435519933700562e-01
-1.991376429796218872e-01
-2.039311528205871582e-01
-2.064665406942367554e-01
-2.041341662406921387e-01
-2.017628699541091919e-01
-1.989770680665969849e-01
-1.949978321790695190e-01
-1.914155036211013794e-01
-1.876752376556396484e-01
-1.835940331220626831e-01
-1.838740259408950806e-01
-1.885021775960922241e-01
-1.970847100019454956e-01
-1.984273791313171387e-01
-2.018200010061264038e-01
-2.052123099565505981e-01
-2.087865918874740601e-01
-2.118561714887619019e-01
-2.141144126653671265e-01
-2.139416188001632690e-01
-2.141533344984054565e-01
-2.123945802450180054e-01
-2.099513262510299683e-01
-2.091624885797500610e-01
-2.081439048051834106e-01
-2.090080827474594116e-01
-2.086998075246810913e-01
-2.080143839120864868e-01
-2.077330797910690308e-01
-2.032172083854675293e-01
-1.969985961914062500e-01
-1.931493580341339111e-01
-1.893681585788726807e-01
-1.867032051086425781e-01
-1.780890077352523804e-01
-7.254068553447723389e-02
-7.983975112438201904e-02
-8.706699311733245850e-02
-9.198831021785736084e-02
-9.690965712070465088e-02
-1.018307656049728394e-01
-1.066220849752426147e-01
-1.110105365514755249e-01
-1.143760830163955688e-01
-1.177816540002822876e-01
-1.214904636144638062e-01
-1.253366321325302124e-01
-1.277243643999099731e-01
-1.306180506944656372e-01
-1.320423930883407593e-01
-1.335452347993850708e-01
-1.345769315958023071e-01
-1.361537426710128784e-01
-1.372282952070236206e-01
-1.381638199090957642e-01
-1.392251104116439819e-01
-1.413447409868240356e-01
-1.423815935850143433e-01
-1.468688398599624634e-01
-1.507632583379745483e-01
-1.547066420316696167e-01
-1.599329262971878052e-01
-1.655489951372146606e-01
-1.711653023958206177e-01
-1.760884076356887817e-01
-1.840779632329940796e-01
-1.920129507780075073e-01
-1.959600001573562622e-01
-1.990457922220230103e-01
-1.992598026990890503e-01
-2.002700716257095337e-01
-2.010566443204879761e-01
-2.013311237096786499e-01
-2.034324854612350464e-01
-2.050796896219253540e-01
-2.073790580034255981e-01
-2.078266888856887817e-01
-2.080160826444625854e-01
-2.082053869962692261e-01
-2.054164856672286987e-01
-1.993089169263839722e-01
-1.932013481855392456e-01
-1.870937198400497437e-01
-1.829831004142761230e-01
-1.868271082639694214e-01
-1.950439810752868652e-01
-2.012433558702468872e-01
-2.065675109624862671e-01
-2.105367034673690796e-01
-2.125824540853500366e-01
-2.146281450986862183e-01
-2.166740447282791138e-01
-2.173195630311965942e-01
-2.188050597906112671e-01
-2.260651439428329468e-01
-2.273326367139816284e-01
-2.282023578882217407e-01
-2.279494255781173706e-01
-2.286610454320907593e-01
-2.292585819959640503e-01
-2.301021665334701538e-01
-2.300916761159896851e-01
-2.321808785200119019e-01
-2.355692535638809204e-01
-2.380791455507278442e-01
-2.401485294103622437e-01
-2.421957403421401978e-01
-2.404518872499465942e-01
-2.404141575098037720e-01
-2.296921461820602417e-01
-2.160482853651046753e-01
-2.051421254873275757e-01
-1.950346678495407104e-01
-1.866238862276077271e-01
-1.801465898752212524e-01
-1.740111857652664185e-01
-1.721370369195938110e-01
-1.700601726770401001e-01
-1.656647473573684692e-01
-1.605357080698013306e-01
-1.556571274995803833e-01
-1.535318046808242798e-01
-1.514064222574234009e-01
-1.510607451200485229e-01
-1.550993174314498901e-01
-1.656489819288253784e-01
-1.784640997648239136e-01
-1.878198832273483276e-01
-1.926137506961822510e-01
-1.974074989557266235e-01
-2.022010684013366699e-01
-2.059787511825561523e-01
-2.053552418947219849e-01
-2.031694352626800537e-01
-2.009835839271545410e-01
-1.976552605628967285e-01
-1.936289817094802856e-01
-1.884206235408782959e-01
-1.828690320253372192e-01
-1.814611107110977173e-01
-1.890442669391632080e-01
-1.976264268159866333e-01
-1.989315152168273926e-01
-2.012973576784133911e-01
-2.046898752450942993e-01
-2.083122581243515015e-01
-2.122004479169845581e-01
-2.160888463258743286e-01
-2.189574092626571655e-01
-2.194773405790328979e-01
-2.176363915205001831e-01
-2.151932865381240845e-01
-2.127500027418136597e-01
-2.111347764730453491e-01
-2.108876556158065796e-01
-2.106774896383285522e-01
-2.084200233221054077e-01
-2.077122479677200317e-01
-2.059081643819808960e-01
-1.997433453798294067e-01
-1.958936303853988647e-01
-1.920439451932907104e-01
-1.870655268430709839e-01
-1.767136603593826294e-01
-7.507269084453582764e-02
-8.237104117870330811e-02
-8.881415426731109619e-02
-9.373556077480316162e-02
-9.865714609622955322e-02
-1.034595817327499390e-01
-1.077880710363388062e-01
-1.111194342374801636e-01
-1.142958849668502808e-01
-1.179427951574325562e-01
-1.220354884862899780e-01
-1.268291324377059937e-01
-1.298546046018600464e-01
-1.314968913793563843e-01
-1.328853517770767212e-01
-1.340424865484237671e-01
-1.351201683282852173e-01
-1.357632726430892944e-01
-1.362066119909286499e-01
-1.372188478708267212e-01
-1.385111361742019653e-01
-1.393728107213973999e-01
-1.393219977617263794e-01
-1.426748484373092651e-01
-1.465559452772140503e-01
-1.504362076520919800e-01
-1.555247157812118530e-01
-1.601123064756393433e-01
-1.647790521383285522e-01
-1.703994423151016235e-01
-1.775311976671218872e-01
-1.850925832986831665e-01
-1.894773989915847778e-01
-1.906083077192306519e-01
-1.908194273710250854e-01
-1.910257786512374878e-01
-1.906370073556900024e-01
-1.916692107915878296e-01
-1.946546286344528198e-01
-1.960444003343582153e-01
-1.982045918703079224e-01
-1.988409906625747681e-01
-1.990304440259933472e-01
-1.992197781801223755e-01
-1.984849125146865845e-01
-1.924793869256973267e-01
-1.863717585802078247e-01
-1.804106086492538452e-01
-1.801964640617370605e-01
-1.886494308710098267e-01
-1.973106712102890015e-01
-2.018245011568069458e-01
-2.083436697721481323e-01
-2.143981903791427612e-01
-2.164440006017684937e-01
-2.184896618127822876e-01
-2.202371805906295776e-01
-2.207715064287185669e-01
-2.213061004877090454e-01
-2.189395874738693237e-01
-2.183168381452560425e-01
-2.191862314939498901e-01
-2.194700688123703003e-01
-2.191118448972702026e-01
-2.199729532003402710e-01
-2.208341807126998901e-01
-2.216872125864028931e-01
-2.234908193349838257e-01
-2.256644219160079956e-01
-2.281642407178878784e-01
-2.302542179822921753e-01
-2.323016971349716187e-01
-2.298662513494491577e-01
-2.263187021017074585e-01
-2.178698033094406128e-01
-2.046082168817520142e-01
-1.936697512865066528e-01
-1.832569688558578491e-01
-1.742115467786788940e-01
-1.676759868860244751e-01
-1.611988097429275513e-01
-1.582798212766647339e-01
-1.564054042100906372e-01
-1.528876870870590210e-01
-1.490587443113327026e-01
-1.457119435071945190e-01
-1.448869556188583374e-01
-1.440615206956863403e-01
-1.468332856893539429e-01
-1.508272737264633179e-01
-1.635201722383499146e-01
-1.776890605688095093e-01
-1.860054880380630493e-01
-1.908146440982818604e-01
-1.956239789724349976e-01
-2.004332244396209717e-01
-2.051204591989517212e-01
-2.067555189132690430e-01
-2.045759856700897217e-01
-2.023899257183074951e-01
-2.002039849758148193e-01
-1.962394863367080688e-01
-1.908487230539321899e-01
-1.852911263704299927e-01
-1.830812245607376099e-01
-1.899704039096832275e-01
-1.981670409440994263e-01
-1.997062712907791138e-01
-2.007748931646347046e-01
-2.041673809289932251e-01
-2.078376412391662598e-01
-2.117265313863754272e-01
-2.156148105859756470e-01
-2.195032089948654175e-01
-2.206994742155075073e-01
-2.209710925817489624e-01
-2.183607071638107300e-01
-2.166089862585067749e-01
-2.155490368604660034e-01
-2.130043953657150269e-01
-2.136690765619277954e-01
-2.099926620721817017e-01
-2.083643525838851929e-01
-2.067366093397140503e-01
-2.048694044351577759e-01
-1.996249705553054810e-01
-1.947885751724243164e-01
-1.906649172306060791e-01
-1.775353550910949707e-01
-7.760392129421234131e-02
-8.490268886089324951e-02
-9.048976004123687744e-02
-9.531654417514801025e-02
-1.000364571809768677e-01
-1.043301671743392944e-01
-1.077209562063217163e-01
-1.108000427484512329e-01
-1.143950074911117554e-01
-1.185807436704635620e-01
-1.235678046941757202e-01
-1.290394514799118042e-01
-1.309520155191421509e-01
-1.323385089635848999e-01
-1.337385624647140503e-01
-1.337757557630538940e-01
-1.344187706708908081e-01
-1.348620802164077759e-01
-1.353895515203475952e-01
-1.358538419008255005e-01
-1.360176652669906616e-01
-1.361698955297470093e-01
-1.357258111238479614e-01
-1.384678333997726440e-01
-1.421822160482406616e-01
-1.451544612646102905e-01
-1.492982655763626099e-01
-1.535044759511947632e-01
-1.570764034986495972e-01
-1.633190065622329712e-01
-1.703402847051620483e-01
-1.771900206804275513e-01
-1.802698820829391479e-01
-1.797714978456497192e-01
-1.792734712362289429e-01
-1.793877631425857544e-01
-1.784369498491287231e-01
-1.786592453718185425e-01
-1.856197565793991089e-01
-1.870091110467910767e-01
-1.889682263135910034e-01
-1.898554414510726929e-01
-1.900445073843002319e-01
-1.902341693639755249e-01
-1.904234439134597778e-01
-1.856496185064315796e-01
-1.795809119939804077e-01
-1.787206381559371948e-01
-1.848446279764175415e-01
-1.934588998556137085e-01
-1.971838027238845825e-01
-2.037029415369033813e-01
-2.102220207452774048e-01
-2.167410701513290405e-01
-2.203054875135421753e-01
-2.223511487245559692e-01
-2.236890047788619995e-01
-2.242234796285629272e-01
-2.246557325124740601e-01
-2.190922945737838745e-01
-2.132359892129898071e-01
-2.101701050996780396e-01
-2.097910195589065552e-01
-2.098260372877120972e-01
-2.106875330209732056e-01
-2.115486115217208862e-01
-2.121544331312179565e-01
-2.134933024644851685e-01
-2.147354036569595337e-01
-2.170205265283584595e-01
-2.194766253232955933e-01
-2.214667350053787231e-01
-2.169675678014755249e-01
-2.112129777669906616e-01
-2.056242674589157104e-01
-1.939996629953384399e-01
-1.820995062589645386e-01
-1.716869324445724487e-01
-1.618902534246444702e-01
-1.552048474550247192e-01
-1.487274318933486938e-01
-1.444222182035446167e-01
-1.425482183694839478e-01
-1.395443528890609741e-01
-1.357153207063674927e-01
-1.326000541448593140e-01
-1.317749768495559692e-01
-1.309498697519302368e-01
-1.340817064046859741e-01
-1.401383131742477417e-01
-1.546932309865951538e-01
-1.727033406496047974e-01
-1.830956190824508667e-01
-1.889833509922027588e-01
-1.937926262617111206e-01
-1.986019015312194824e-01
-2.037654519081115723e-01
-2.074466198682785034e-01
-2.058901637792587280e-01
-2.037197053432464600e-01
-2.015490382909774780e-01
-1.987891346216201782e-01
-1.932468861341476440e-01
-1.877047568559646606e-01
-1.870852261781692505e-01
-1.934756636619567871e-01
-2.007334083318710327e-01
-2.012554705142974854e-01
-2.013588100671768188e-01
-2.036447674036026001e-01
-2.073636949062347412e-01
-2.112519592046737671e-01
-2.151405066251754761e-01
-2.190288156270980835e-01
-2.217137068510055542e-01
-2.221938520669937134e-01
-2.216442972421646118e-01
-2.180702239274978638e-01
-2.150466889142990112e-01
-2.142333239316940308e-01
-2.134849280118942261e-01
-2.123168855905532837e-01
-2.099441438913345337e-01
-2.080649584531784058e-01
-2.057602554559707642e-01
-2.034771740436553955e-01
-2.003668248653411865e-01
-1.949188262224197388e-01
-1.798060387372970581e-01
-7.986192405223846436e-02
-8.702020347118377686e-02
-9.184728562831878662e-02
-9.657807648181915283e-02
-1.008719652891159058e-01
-1.043224781751632690e-01
-1.073047071695327759e-01
-1.108218878507614136e-01
-1.151258200407028198e-01
-1.199084371328353882e-01
-1.257058531045913696e-01
-1.304065436124801636e-01
-1.317935436964035034e-01
-1.329578608274459839e-01
-1.332619339227676392e-01
-1.330746859312057495e-01
-1.335204690694808960e-01
-1.339221745729446411e-01
-1.337241977453231812e-01
-1.330710202455520630e-01
-1.330525726079940796e-01
-1.326404660940170288e-01
-1.317812651395797729e-01
-1.330839246511459351e-01
-1.360556930303573608e-01
-1.387753039598464966e-01
-1.412812620401382446e-01
-1.441409438848495483e-01
-1.477607339620590210e-01
-1.537639349699020386e-01
-1.603742688894271851e-01
-1.671620458364486694e-01
-1.687236875295639038e-01
-1.682256311178207397e-01
-1.677275449037551880e-01
-1.676890105009078979e-01
-1.662371605634689331e-01
-1.656491905450820923e-01
-1.727356463670730591e-01
-1.779738813638687134e-01
-1.797310858964920044e-01
-1.807126551866531372e-01
-1.810588687658309937e-01
-1.813578754663467407e-01
-1.821257621049880981e-01
-1.800865978002548218e-01
-1.784472316503524780e-01
-1.834156364202499390e-01
-1.904000788927078247e-01
-1.920359581708908081e-01
-1.990621238946914673e-01
-2.055811136960983276e-01
-2.121003717184066772e-01
-2.186196297407150269e-01
-2.241670936346054077e-01
-2.262126356363296509e-01
-2.271407395601272583e-01
-2.276750355958938599e-01
-2.251011580228805542e-01
-2.192448526620864868e-01
-2.133889049291610718e-01
-2.070205360651016235e-01
-2.000700980424880981e-01
-2.005405575037002563e-01
-2.014017254114151001e-01
-2.021219283342361450e-01
-2.019727379083633423e-01
-2.018847316503524780e-01
-2.037262469530105591e-01
-2.058450132608413696e-01
-2.080277055501937866e-01
-2.079034000635147095e-01
-2.011993378400802612e-01
-1.950389295816421509e-01
-1.900082081556320190e-01
-1.824739426374435425e-01
-1.713279336690902710e-01
-1.601172238588333130e-01
-1.497045308351516724e-01
-1.427335888147354126e-01
-1.362564414739608765e-01
-1.307895034551620483e-01
-1.286905258893966675e-01
-1.262009590864181519e-01
-1.223719269037246704e-01
-1.194880157709121704e-01
-1.186627894639968872e-01
-1.189839392900466919e-01
-1.205510348081588745e-01
-1.288130134344100952e-01
-1.429386585950851440e-01
-1.601692885160446167e-01
-1.712426394224166870e-01
-1.791167557239532471e-01
-1.868096441030502319e-01
-1.931807398796081543e-01
-1.996985077857971191e-01
-2.055360376834869385e-01
-2.071954011917114258e-01
-2.050247192382812500e-01
-2.028545588254928589e-01
-2.002989500761032104e-01
-1.955742090940475464e-01
-1.903432458639144897e-01
-1.923558562994003296e-01
-1.969621777534484863e-01
-2.041325420141220093e-01
-2.049401700496673584e-01
-2.045462876558303833e-01
-2.042643874883651733e-01
-2.068820446729660034e-01
-2.107778340578079224e-01
-2.146662324666976929e-01
-2.185547202825546265e-01
-2.224430590867996216e-01
-2.234161347150802612e-01
-2.236876934766769409e-01
-2.213695794343948364e-01
-2.177954167127609253e-01
-2.142211645841598511e-01
-2.126909345388412476e-01
-2.110650986433029175e-01
-2.068618386983871460e-01
-2.063700258731842041e-01
-2.054247111082077026e-01
-2.044602483510971069e-01
-2.034781724214553833e-01
-2.003881186246871948e-01
-1.869320422410964966e-01
-8.200322091579437256e-02
-8.837763965129852295e-02
-9.311978518962860107e-02
-9.741388261318206787e-02
-1.009239405393600464e-01
-1.038116067647933960e-01
-1.072408109903335571e-01
-1.116710156202316284e-01
-1.162490099668502808e-01
-1.217760294675827026e-01
-1.276782006025314331e-01
-1.312481611967086792e-01
-1.319236904382705688e-01
-1.323769539594650269e-01
-1.320074945688247681e-01
-1.321790963411331177e-01
-1.325805336236953735e-01
-1.317036002874374390e-01
-1.307630687952041626e-01
-1.302617043256759644e-01
-1.293426603078842163e-01
-1.276342123746871948e-01
-1.254021972417831421e-01
-1.253353208303451538e-01
-1.265816539525985718e-01
-1.278281360864639282e-01
-1.300451010465621948e-01
-1.329047828912734985e-01
-1.377666443586349487e-01
-1.438084393739700317e-01
-1.505365818738937378e-01
-1.559479981660842896e-01
-1.572014838457107544e-01
-1.566921323537826538e-01
-1.561843007802963257e-01
-1.559904068708419800e-01
-1.540370732545852661e-01
-1.526389867067337036e-01
-1.597253829240798950e-01
-1.668120175600051880e-01
-1.706747859716415405e-01
-1.722960025072097778e-01
-1.734104603528976440e-01
-1.741780787706375122e-01
-1.752529293298721313e-01
-1.789617985486984253e-01
-1.822260469198226929e-01
-1.886483281850814819e-01
-1.915239840745925903e-01
-1.941754370927810669e-01
-2.006100267171859741e-01
-2.074594646692276001e-01
-2.139786332845687866e-01
-2.204976230859756470e-01
-2.270172387361526489e-01
-2.300580590963363647e-01
-2.305922955274581909e-01
-2.309224456548690796e-01
-2.252535372972488403e-01
-2.193974405527114868e-01
-2.132750302553176880e-01
-2.064680904150009155e-01
-1.992153674364089966e-01
-1.933508962392807007e-01
-1.920221894979476929e-01
-1.921728104352951050e-01
-1.907751709222793579e-01
-1.900812238454818726e-01
-1.915596574544906616e-01
-1.941207498311996460e-01
-1.953778415918350220e-01
-1.915665417909622192e-01
-1.854308992624282837e-01
-1.785217076539993286e-01
-1.734909862279891968e-01
-1.696395128965377808e-01
-1.597905904054641724e-01
-1.480270177125930786e-01
-1.380232721567153931e-01
-1.302624195814132690e-01
-1.237853020429611206e-01
-1.173473149538040161e-01
-1.148332208395004272e-01
-1.128575354814529419e-01
-1.090282648801803589e-01
-1.063762456178665161e-01
-1.055511087179183960e-01
-1.054977029561996460e-01
-1.086223572492599487e-01
-1.186266392469406128e-01
-1.322533637285232544e-01
-1.476081460714340210e-01
-1.581346839666366577e-01
-1.668940931558609009e-01
-1.749375015497207642e-01
-1.832198500633239746e-01
-1.915021985769271851e-01
-1.980271637439727783e-01
-2.017840594053268433e-01
-2.010063230991363525e-01
-2.001361697912216187e-01
-1.986518353223800659e-01
-1.962026655673980713e-01
-1.955024749040603638e-01
-1.976377815008163452e-01
-2.008648067712783813e-01
-2.075002938508987427e-01
-2.085768431425094604e-01
-2.081834226846694946e-01
-2.077898979187011719e-01
-2.091479748487472534e-01
-2.117653936147689819e-01
-2.143827527761459351e-01
-2.180185168981552124e-01
-2.219222337007522583e-01
-2.244393676519393921e-01
-2.248946875333786011e-01
-2.245921939611434937e-01
-2.210949510335922241e-01
-2.175202816724777222e-01
-2.139463275671005249e-01
-2.116234153509140015e-01
-2.060020267963409424e-01
-2.019582986831665039e-01
-2.014222741127014160e-01
-2.003776133060455322e-01
-1.998897194862365723e-01
-2.003266662359237671e-01
-1.908696144819259644e-01
-8.414469659328460693e-02
-8.966140449047088623e-02
-9.395562112331390381e-02
-9.752546250820159912e-02
-1.004128307104110718e-01
-1.036615222692489624e-01
-1.082163602113723755e-01
-1.127538830041885376e-01
-1.179399639368057251e-01
-1.240011304616928101e-01
-1.284512132406234741e-01
-1.308891028165817261e-01
-1.313428729772567749e-01
-1.317967325448989868e-01
-1.308375447988510132e-01
-1.312388926744461060e-01
-1.299416273832321167e-01
-1.281367689371109009e-01
-1.263751536607742310e-01
-1.237649470567703247e-01
-1.214172989130020142e-01
-1.190690845251083374e-01
-1.157081276178359985e-01
-1.141992062330245972e-01
-1.154458373785018921e-01
-1.166922003030776978e-01
-1.188089996576309204e-01
-1.217695623636245728e-01
-1.277730017900466919e-01
-1.339704841375350952e-01
-1.406986564397811890e-01
-1.441555172204971313e-01
-1.458537727594375610e-01
-1.452341228723526001e-01
-1.446624547243118286e-01
-1.441480964422225952e-01
-1.418447047472000122e-01
-1.398790031671524048e-01
-1.475443094968795776e-01
-1.552095264196395874e-01
-1.628749817609786987e-01
-1.649270206689834595e-01
-1.660438925027847290e-01
-1.686687022447586060e-01
-1.732470542192459106e-01
-1.800633519887924194e-01
-1.872447580099105835e-01
-1.916135996580123901e-01
-1.929494291543960571e-01
-1.966455727815628052e-01
-2.021041959524154663e-01
-2.091832906007766724e-01
-2.158566862344741821e-01
-2.223762720823287964e-01
-2.288952916860580444e-01
-2.335100620985031128e-01
-2.340442687273025513e-01
-2.312626093626022339e-01
-2.254063040018081665e-01
-2.193538993597030640e-01
-2.126687914133071899e-01
-2.059162706136703491e-01
-1.990983635187149048e-01
-1.931874603033065796e-01
-1.866605430841445923e-01
-1.809143573045730591e-01
-1.791019588708877563e-01
-1.779854148626327515e-01
-1.792628318071365356e-01
-1.814306229352951050e-01
-1.788433045148849487e-01
-1.752300411462783813e-01
-1.696623414754867554e-01
-1.620039790868759155e-01
-1.574419885873794556e-01
-1.545899063348770142e-01
-1.472505480051040649e-01
-1.362731605768203735e-01
-1.252042502164840698e-01
-1.168399900197982788e-01
-1.107717305421829224e-01
-1.047033518552780151e-01
-1.010306924581527710e-01
-9.910137951374053955e-02
-9.568516910076141357e-02
-9.326373040676116943e-02
-9.221647679805755615e-02
-9.189330041408538818e-02
-9.671686589717864990e-02
-1.084403842687606812e-01
-1.218038052320480347e-01
-1.352854222059249878e-01
-1.445458382368087769e-01
-1.547484248876571655e-01
-1.630305945873260498e-01
-1.713134348392486572e-01
-1.795954704284667969e-01
-1.878778040409088135e-01
-1.949597299098968506e-01
-1.956379860639572144e-01
-1.947675943374633789e-01
-1.930546015501022339e-01
-1.906055063009262085e-01
-1.941110640764236450e-01
-1.974234730005264282e-01
-2.007365673780441284e-01
-2.079723626375198364e-01
-2.106186300516128540e-01
-2.115248590707778931e-01
-2.114270478487014771e-01
-2.115361541509628296e-01
-2.141533344984054565e-01
-2.167706638574600220e-01
-2.193881124258041382e-01
-2.220052629709243774e-01
-2.251926213502883911e-01
-2.260157316923141479e-01
-2.263031750917434692e-01
-2.243092209100723267e-01
-2.207501381635665894e-01
-2.171913534402847290e-01
-2.137153297662734985e-01
-2.077334672212600708e-01
-2.011016905307769775e-01
-1.974991112947463989e-01
-1.963750123977661133e-01
-1.953302025794982910e-01
-1.971901804208755493e-01
-1.889560222625732422e-01
-8.620308339595794678e-02
-9.049741923809051514e-02
-9.412668645381927490e-02
-9.701500833034515381e-02
-1.001851707696914673e-01
-1.047618538141250610e-01
-1.092991679906845093e-01
-1.142807453870773315e-01
-1.202591508626937866e-01
-1.244386881589889526e-01
-1.280693262815475464e-01
-1.303083747625350952e-01
-1.307616680860519409e-01
-1.296685487031936646e-01
-1.283562332391738892e-01
-1.261634677648544312e-01
-1.232296973466873169e-01
-1.205422431230545044e-01
-1.181900948286056519e-01
-1.151999384164810181e-01
-1.119657307863235474e-01
-1.086036413908004761e-01
-1.052415817975997925e-01
-1.030879169702529907e-01
-1.043102294206619263e-01
-1.055562943220138550e-01
-1.075725108385086060e-01
-1.117755323648452759e-01
-1.177791804075241089e-01
-1.241327375173568726e-01
-1.292667835950851440e-01
-1.323626488447189331e-01
-1.345063596963882446e-01
-1.338862627744674683e-01
-1.335868686437606812e-01
-1.330620497465133667e-01
-1.311467140913009644e-01
-1.292450577020645142e-01
-1.363527327775955200e-01
-1.440081745386123657e-01
-1.516709476709365845e-01
-1.575577110052108765e-01
-1.617083102464675903e-01
-1.666361540555953979e-01
-1.721021085977554321e-01
-1.823877245187759399e-01
-1.919956952333450317e-01
-1.917237192392349243e-01
-1.954197436571121216e-01
-1.991159468889236450e-01
-2.035986632108688354e-01
-2.106777876615524292e-01
-2.177354246377944946e-01
-2.242544740438461304e-01
-2.307737618684768677e-01
-2.364574223756790161e-01
-2.371887415647506714e-01
-2.314152270555496216e-01
-2.254324704408645630e-01
-2.190589755773544312e-01
-2.113706320524215698e-01
-2.053641229867935181e-01
-1.988197714090347290e-01
-1.923090070486068726e-01
-1.847286075353622437e-01
-1.761905103921890259e-01
-1.676528602838516235e-01
-1.658898144960403442e-01
-1.669662743806838989e-01
-1.647665649652481079e-01
-1.615200787782669067e-01
-1.586571186780929565e-01
-1.538940519094467163e-01
-1.454867869615554810e-01
-1.415852159261703491e-01
-1.387332528829574585e-01
-1.344165056943893433e-01
-1.244207471609115601e-01
-1.123853474855422974e-01
-1.035981327295303345e-01
-9.705157577991485596e-02
-9.098301827907562256e-02
-8.661471307277679443e-02
-8.467875421047210693e-02
-8.218531310558319092e-02
-8.015210926532745361e-02
-7.694338262081146240e-02
-7.830514013767242432e-02
-8.489029109477996826e-02
-9.825374186038970947e-02
-1.116174906492233276e-01
-1.235074549913406372e-01
-1.310361325740814209e-01
-1.415065377950668335e-01
-1.511241048574447632e-01
-1.594064384698867798e-01
-1.676888316869735718e-01
-1.759713590145111084e-01
-1.839082688093185425e-01
-1.881207674741744995e-01
-1.889573484659194946e-01
-1.874568313360214233e-01
-1.866302043199539185e-01
-1.917359083890914917e-01
-1.960321515798568726e-01
-1.993447989225387573e-01
-2.048893719911575317e-01
-2.075818181037902832e-01
-2.084887176752090454e-01
-2.094182521104812622e-01
-2.108206897974014282e-01
-2.134733647108078003e-01
-2.173908501863479614e-01
-2.213085442781448364e-01
-2.243933528661727905e-01
-2.270105928182601929e-01
-2.280573695898056030e-01
-2.274245470762252808e-01
-2.272595316171646118e-01
-2.239484339952468872e-01
-2.203896790742874146e-01
-2.168309539556503296e-01
-2.130579203367233276e-01
-2.035488933324813843e-01
-1.964096128940582275e-01
-1.927240788936614990e-01
-1.912657916545867920e-01
-1.910312175750732422e-01
-1.878012716770172119e-01
-8.703915774822235107e-02
-9.072808921337127686e-02
-9.361629188060760498e-02
-9.678243100643157959e-02
-1.013071388006210327e-01
-1.058449894189834595e-01
-1.106217950582504272e-01
-1.160699874162673950e-01
-1.202843040227890015e-01
-1.232031434774398804e-01
-1.261217445135116577e-01
-1.274503618478775024e-01
-1.270050555467605591e-01
-1.244314461946487427e-01
-1.213281899690628052e-01
-1.179178208112716675e-01
-1.149195581674575806e-01
-1.128037720918655396e-01
-1.086157709360122681e-01
-1.048609465360641479e-01
-1.014990061521530151e-01
-9.813718497753143311e-02
-9.477536380290985107e-02
-9.209029376506805420e-02
-9.319977462291717529e-02
-9.442065656185150146e-02
-9.633652865886688232e-02
-1.017817407846450806e-01
-1.077850311994552612e-01
-1.142314225435256958e-01
-1.174738854169845581e-01
-1.209614425897598267e-01
-1.241283863782882690e-01
-1.240870207548141479e-01
-1.240455359220504761e-01
-1.228660196065902710e-01
-1.208518594503402710e-01
-1.188751906156539917e-01
-1.251728981733322144e-01
-1.328283995389938354e-01
-1.410690993070602417e-01
-1.519347876310348511e-01
-1.595126241445541382e-01
-1.644401401281356812e-01
-1.728916019201278687e-01
-1.852570027112960815e-01
-1.905898004770278931e-01
-1.941937059164047241e-01
-1.978901475667953491e-01
-2.015861719846725464e-01
-2.052821964025497437e-01
-2.121722549200057983e-01
-2.192512005567550659e-01
-2.261330932378768921e-01
-2.326521128416061401e-01
-2.379181832075119019e-01
-2.374238520860671997e-01
-2.315108925104141235e-01
-2.251378148794174194e-01
-2.183046489953994751e-01
-2.105570882558822632e-01
-2.043904215097427368e-01
-1.979571133852005005e-01
-1.907293051481246948e-01
-1.821912676095962524e-01
-1.736535280942916870e-01
-1.651155501604080200e-01
-1.566912978887557983e-01
-1.515413075685501099e-01
-1.476982682943344116e-01
-1.441969424486160278e-01
-1.413337439298629761e-01
-1.378512233495712280e-01
-1.292362660169601440e-01
-1.257283538579940796e-01
-1.228763312101364136e-01
-1.200243383646011353e-01
-1.120274513959884644e-01
-1.008468419313430786e-01
-9.062965214252471924e-02
-8.333142101764678955e-02
-7.726268470287322998e-02
-7.192356884479522705e-02
-6.957207620143890381e-02
-6.759302318096160889e-02
-6.548084318637847900e-02
-6.272153556346893311e-02
-6.525538861751556396e-02
-7.470370829105377197e-02
-8.806769549846649170e-02
-1.014313548803329468e-01
-1.119740754365921021e-01
-1.185271888971328735e-01
-1.282334774732589722e-01
-1.387988030910491943e-01
-1.475000679492950439e-01
-1.557821780443191528e-01
-1.640646904706954956e-01
-1.723467856645584106e-01
-1.787358671426773071e-01
-1.796893775463104248e-01
-1.795224994421005249e-01
-1.834149062633514404e-01
-1.890935450792312622e-01
-1.941991597414016724e-01
-1.979531645774841309e-01
-2.020820528268814087e-01
-2.045455873012542725e-01
-2.054522484540939331e-01
-2.064299434423446655e-01
-2.078324854373931885e-01
-2.092352360486984253e-01
-2.131051570177078247e-01
-2.170226126909255981e-01
-2.209406346082687378e-01
-2.248582392930984497e-01
-2.285338193178176880e-01
-2.293311804533004761e-01
-2.296320945024490356e-01
-2.272994965314865112e-01
-2.235883921384811401e-01
-2.200289219617843628e-01
-2.164712995290756226e-01
-2.089144736528396606e-01
-1.998586803674697876e-01
-1.920231878757476807e-01
-1.882317513227462769e-01
-1.861326545476913452e-01
-1.836019009351730347e-01
-8.732996881008148193e-02
-9.021775424480438232e-02
-9.337918460369110107e-02
-9.783695638179779053e-02
-1.019878238439559937e-01
-1.058485358953475952e-01
-1.098246425390243530e-01
-1.138750463724136353e-01
-1.167937070131301880e-01
-1.197125762701034546e-01
-1.226308792829513550e-01
-1.235770434141159058e-01
-1.206397861242294312e-01
-1.161593645811080933e-01
-1.126061230897903442e-01
-1.094544976949691772e-01
-1.065126508474349976e-01
-1.023418456315994263e-01
-9.789977967739105225e-02
-9.439451992511749268e-02
-9.103254973888397217e-02
-8.767069876194000244e-02
-8.430881798267364502e-02
-8.109278976917266846e-02
-8.220215141773223877e-02
-8.331163227558135986e-02
-8.578433096408843994e-02
-9.178744256496429443e-02
-9.825281798839569092e-02
-1.036254316568374634e-01
-1.072997599840164185e-01
-1.109745949506759644e-01
-1.145866960287094116e-01
-1.145452708005905151e-01
-1.144836097955703735e-01
-1.126703470945358276e-01
-1.106562763452529907e-01
-1.086424440145492554e-01
-1.140175908803939819e-01
-1.235969215631484985e-01
-1.350629776716232300e-01
-1.457883268594741821e-01
-1.564037948846817017e-01
-1.640466898679733276e-01
-1.755537837743759155e-01
-1.827705651521682739e-01
-1.912917345762252808e-01
-1.966640502214431763e-01
-2.003601342439651489e-01
-2.040563076734542847e-01
-2.077522128820419312e-01
-2.136663347482681274e-01
-2.207457274198532104e-01
-2.278249114751815796e-01
-2.343871444463729858e-01
-2.389088720083236694e-01
-2.375443428754806519e-01
-2.310217171907424927e-01
-2.244861274957656860e-01
-2.165847569704055786e-01
-2.096095234155654907e-01
-2.036051303148269653e-01
-1.964406520128250122e-01
-1.881919652223587036e-01
-1.796539872884750366e-01
-1.711159199476242065e-01
-1.625782996416091919e-01
-1.520736366510391235e-01
-1.398172527551651001e-01
-1.306302398443222046e-01
-1.269590407609939575e-01
-1.240105777978897095e-01
-1.210961192846298218e-01
-1.134263128042221069e-01
-1.098716408014297485e-01
-1.070193797349929810e-01
-1.041672080755233765e-01
-9.919302165508270264e-02
-8.905111253261566162e-02
-7.766516506671905518e-02
-6.968216598033905029e-02
-6.354264914989471436e-02
-5.747424438595771790e-02
-5.476697161793708801e-02
-5.300023034214973450e-02
-4.895823076367378235e-02
-4.786815121769905090e-02
-5.210067704319953918e-02
-6.349830329418182373e-02
-7.727073132991790771e-02
-9.104338288307189941e-02
-1.009407639503479004e-01
-1.070272475481033325e-01
-1.150018423795700073e-01
-1.255258619785308838e-01
-1.355931907892227173e-01
-1.438753604888916016e-01
-1.521575897932052612e-01
-1.604399532079696655e-01
-1.678575277328491211e-01
-1.704217046499252319e-01
-1.702080070972442627e-01
-1.770551651716232300e-01
-1.839251369237899780e-01
-1.907954365015029907e-01
-1.965618580579757690e-01
-1.996174901723861694e-01
-2.015088945627212524e-01
-2.024156004190444946e-01
-2.034416347742080688e-01
-2.048443257808685303e-01
-2.062469273805618286e-01
-2.088193744421005249e-01
-2.127376645803451538e-01
-2.166546434164047241e-01
-2.205722481012344360e-01
-2.244898527860641479e-01
-2.266531735658645630e-01
-2.270433157682418823e-01
-2.270111292600631714e-01
-2.239028662443161011e-01
-2.203574627637863159e-01
-2.175560444593429565e-01
-2.132078260183334351e-01
-2.045170217752456665e-01
-1.961019933223724365e-01
-1.888183504343032837e-01
-1.837388128042221069e-01
-1.783712655305862427e-01
