5.254869163036346436e-02
5.353705585002899170e-02
5.493716895580291748e-02
5.688612163066864014e-02
5.923794209957122803e-02
6.396447122097015381e-02
6.863139569759368896e-02
7.356874644756317139e-02
8.062390983104705811e-02
8.823673427104949951e-02
9.607349336147308350e-02
1.039101928472518921e-01
1.117470115423202515e-01
1.195835918188095093e-01
1.310672014951705933e-01
1.440915912389755249e-01
1.559027284383773804e-01
1.663785427808761597e-01
1.712779849767684937e-01
1.713582128286361694e-01
1.696728914976119995e-01
1.592103093862533569e-01
1.487475484609603882e-01
1.385473459959030151e-01
1.200206726789474487e-01
1.041039079427719116e-01
9.136597812175750732e-02
8.046256005764007568e-02
7.476143538951873779e-02
7.928447425365447998e-02
8.584831655025482178e-02
8.987616002559661865e-02
9.656248986721038818e-02
1.035397499799728394e-01
1.105171889066696167e-01
1.174946874380111694e-01
1.226637214422225952e-01
1.231176108121871948e-01
1.230154186487197876e-01
1.229135245084762573e-01
1.214566379785537720e-01
1.164579540491104126e-01
1.114597469568252563e-01
1.064612716436386108e-01
1.014629751443862915e-01
9.646458923816680908e-02
9.536109864711761475e-02
9.618778526782989502e-02
9.855346381664276123e-02
1.018364876508712769e-01
1.067520231008529663e-01
1.128550618886947632e-01
1.205333918333053589e-01
1.250309795141220093e-01
1.275333017110824585e-01
1.279602497816085815e-01
1.216348558664321899e-01
1.186796873807907104e-01
1.202515214681625366e-01
1.233208626508712769e-01
1.269557029008865356e-01
1.308688372373580933e-01
1.350301057100296021e-01
1.423671096563339233e-01
1.495107859373092651e-01
1.566544324159622192e-01
1.624324768781661987e-01
1.643839329481124878e-01
1.655800789594650269e-01
1.669064611196517944e-01
1.687381714582443237e-01
1.728393137454986572e-01
1.762466430664062500e-01
1.803675740957260132e-01
1.854487657546997070e-01
1.908633112907409668e-01
1.885869652032852173e-01
1.861806660890579224e-01
1.841225773096084595e-01
1.769697964191436768e-01
1.681521683931350708e-01
1.585728228092193604e-01
1.493503302335739136e-01
1.401273608207702637e-01
1.309047192335128784e-01
1.216820329427719116e-01
1.124593615531921387e-01
1.058768928050994873e-01
1.005255132913589478e-01
9.449899196624755859e-02
8.847224712371826172e-02
8.467920124530792236e-02
7.740831375122070312e-02
7.440395653247833252e-02
7.566507160663604736e-02
7.850390672683715820e-02
8.703722059726715088e-02
9.698884189128875732e-02
1.073171198368072510e-01
1.177258342504501343e-01
1.281344592571258545e-01
1.385866403579711914e-01
1.472405940294265747e-01
1.536621004343032837e-01
1.537815779447555542e-01
1.481842249631881714e-01
1.424598991870880127e-01
1.389335244894027710e-01
1.367454975843429565e-01
1.345574706792831421e-01
1.326882243156433105e-01
1.284446567296981812e-01
1.235998272895812988e-01
1.191204935312271118e-01
1.146723479032516479e-01
1.110278815031051636e-01
1.073834747076034546e-01
1.031285673379898071e-01
9.865121543407440186e-02
9.454424679279327393e-02
9.034891426563262939e-02
8.441556990146636963e-02
8.372734487056732178e-02
9.062956273555755615e-02
9.717045724391937256e-02
1.054836064577102661e-01
1.137969642877578735e-01
1.221100538969039917e-01
1.304225772619247437e-01
6.050853431224822998e-02
6.149666011333465576e-02
6.234125792980194092e-02
6.310866773128509521e-02
6.471620500087738037e-02
6.683854758739471436e-02
7.085750997066497803e-02
7.527033984661102295e-02
8.001081645488739014e-02
8.697931468486785889e-02
9.481625258922576904e-02
1.026529520750045776e-01
1.104895323514938354e-01
1.183263510465621948e-01
1.282219737768173218e-01
1.412463039159774780e-01
1.545945256948471069e-01
1.673945635557174683e-01
1.777695864439010620e-01
1.811190098524093628e-01
1.750884503126144409e-01
1.646256893873214722e-01
1.541630476713180542e-01
1.432208269834518433e-01
1.238396614789962769e-01
1.079557389020919800e-01
9.452329576015472412e-02
8.316139876842498779e-02
7.735435664653778076e-02
8.059762418270111084e-02
8.592818677425384521e-02
8.975319564342498779e-02
9.531669318675994873e-02
1.022938936948776245e-01
1.092715710401535034e-01
1.162491589784622192e-01
1.232264786958694458e-01
1.266245692968368530e-01
1.267999261617660522e-01
1.266979724168777466e-01
1.236671656370162964e-01
1.186685711145401001e-01
1.136701852083206177e-01
1.086718291044235229e-01
1.036734133958816528e-01
9.867514669895172119e-02
9.367667138576507568e-02
9.201107919216156006e-02
9.650216996669769287e-02
1.033986061811447144e-01
1.102948635816574097e-01
1.167166978120803833e-01
1.234596520662307739e-01
1.295609325170516968e-01
1.322167068719863892e-01
1.322304457426071167e-01
1.300383955240249634e-01
1.277054697275161743e-01
1.285551637411117554e-01
1.316092163324356079e-01
1.353172212839126587e-01
1.392304152250289917e-01
1.433984786272048950e-01
1.495550423860549927e-01
1.566986888647079468e-01
1.638422459363937378e-01
1.676375716924667358e-01
1.686587780714035034e-01
1.699346452951431274e-01
1.698302924633026123e-01
1.694663465023040771e-01
1.706348508596420288e-01
1.741624772548675537e-01
1.783360838890075684e-01
1.812486052513122559e-01
1.851550638675689697e-01
1.841072887182235718e-01
1.805793792009353638e-01
1.773110032081604004e-01
1.725258678197860718e-01
1.641836166381835938e-01
1.548933088779449463e-01
1.456705182790756226e-01
1.364478170871734619e-01
1.272250413894653320e-01
1.180024594068527222e-01
1.129458844661712646e-01
1.079838424921035767e-01
1.019570976495742798e-01
9.593047201633453369e-02
8.974143862724304199e-02
8.541466295719146729e-02
7.718518376350402832e-02
7.548139989376068115e-02
7.674270868301391602e-02
8.027926087379455566e-02
8.906979858875274658e-02
9.926678240299224854e-02
1.096754968166351318e-01
1.200840622186660767e-01
1.304927915334701538e-01
1.400987952947616577e-01
1.483540385961532593e-01
1.550370007753372192e-01
1.545024365186691284e-01
1.487781107425689697e-01
1.451032757759094238e-01
1.429150104522705078e-01
1.407272368669509888e-01
1.388522982597351074e-01
1.374405175447463989e-01
1.330740898847579956e-01
1.285948306322097778e-01
1.241152733564376831e-01
1.197611242532730103e-01
1.161166876554489136e-01
1.117282062768936157e-01
1.074777692556381226e-01
1.033255606889724731e-01
9.925250709056854248e-02
9.430678188800811768e-02
8.863694965839385986e-02
9.070540964603424072e-02
9.698306024074554443e-02
1.045392602682113647e-01
1.128524392843246460e-01
1.211657971143722534e-01
1.294788569211959839e-01
1.363959759473800659e-01
6.846903264522552490e-02
6.939212977886199951e-02
7.015953958034515381e-02
7.092730700969696045e-02
7.169501483440399170e-02
7.267539203166961670e-02
7.438318431377410889e-02
7.749663293361663818e-02
8.192346990108489990e-02
8.685241639614105225e-02
9.355871379375457764e-02
1.013955324888229370e-01
1.092322915792465210e-01
1.170692294836044312e-01
1.253765076398849487e-01
1.384006589651107788e-01
1.514254063367843628e-01
1.659295409917831421e-01
1.784056872129440308e-01
1.864160746335983276e-01
1.796118468046188354e-01
1.700414866209030151e-01
1.595789045095443726e-01
1.488100141286849976e-01
1.291288584470748901e-01
1.121680587530136108e-01
9.768120944499969482e-02
8.586023747920989990e-02
8.058081567287445068e-02
8.191083371639251709e-02
8.665113151073455811e-02
9.055958688259124756e-02
9.416894614696502686e-02
1.010482758283615112e-01
1.080258339643478394e-01
1.150033921003341675e-01
1.219807416200637817e-01
1.289450377225875854e-01
1.305845230817794800e-01
1.304824501276016235e-01
1.258777529001235962e-01
1.208794265985488892e-01
1.158811002969741821e-01
1.108825653791427612e-01
1.058841794729232788e-01
1.008860617876052856e-01
9.933303296566009521e-02
9.794802963733673096e-02
9.988646209239959717e-02
1.067827790975570679e-01
1.136790961027145386e-01
1.205752938985824585e-01
1.266812831163406372e-01
1.338142007589340210e-01
1.360089033842086792e-01
1.363398879766464233e-01
1.369961947202682495e-01
1.374055296182632446e-01
1.375810652971267700e-01
1.398975104093551636e-01
1.436790376901626587e-01
1.475922018289566040e-01
1.519126743078231812e-01
1.567429751157760620e-01
1.638866215944290161e-01
1.709218472242355347e-01
1.721446365118026733e-01
1.716126650571823120e-01
1.722757518291473389e-01
1.713835597038269043e-01
1.693655550479888916e-01
1.681801676750183105e-01
1.690306216478347778e-01
1.709643304347991943e-01
1.738242805004119873e-01
1.764534860849380493e-01
1.771293431520462036e-01
1.737571954727172852e-01
1.710087209939956665e-01
1.677679270505905151e-01
1.602434515953063965e-01
1.512138694524765015e-01
1.419911384582519531e-01
1.327683478593826294e-01
1.238000243902206421e-01
1.200148165225982666e-01
1.154421865940093994e-01
1.094156056642532349e-01
1.032598465681076050e-01
9.688344597816467285e-02
9.100557863712310791e-02
8.503784239292144775e-02
7.726764678955078125e-02
7.655908167362213135e-02
7.782019674777984619e-02
8.205483853816986084e-02
9.121681749820709229e-02
1.016251742839813232e-01
1.120339035987854004e-01
1.224425137042999268e-01
1.327146738767623901e-01
1.409981995820999146e-01
1.511279493570327759e-01
1.552412062883377075e-01
1.550963222980499268e-01
1.512729972600936890e-01
1.490847021341323853e-01
1.468967050313949585e-01
1.450165957212448120e-01
1.436047255992889404e-01
1.425484269857406616e-01
1.380689144134521484e-01
1.335895657539367676e-01
1.291101723909378052e-01
1.248054355382919312e-01
1.205400377511978149e-01
1.163879781961441040e-01
1.122359782457351685e-01
1.080838292837142944e-01
1.039611250162124634e-01
9.845443069934844971e-02
9.284822642803192139e-02
9.705860912799835205e-02
1.035947650671005249e-01
1.119080632925033569e-01
1.202211827039718628e-01
1.285344809293746948e-01
1.341303437948226929e-01
1.361541002988815308e-01
7.632951438426971436e-02
7.721059024333953857e-02
7.797817885875701904e-02
7.874588668346405029e-02
7.951347529888153076e-02
8.028148114681243896e-02
8.104877173900604248e-02
8.146314322948455811e-02
8.429543673992156982e-02
8.899645507335662842e-02
9.379433095455169678e-02
1.004644483327865601e-01
1.079749315977096558e-01
1.158117502927780151e-01
1.237348169088363647e-01
1.355551332235336304e-01
1.485797017812728882e-01
1.627032011747360229e-01
1.763157099485397339e-01
1.840845793485641479e-01
1.803852766752243042e-01
1.736240833997726440e-01
1.649945825338363647e-01
1.543995589017868042e-01
1.347183436155319214e-01
1.178349107503890991e-01
1.024509519338607788e-01
8.855871856212615967e-02
8.380727469921112061e-02
8.455841243267059326e-02
8.796422183513641357e-02
9.173665940761566162e-02
9.409300982952117920e-02
9.980253875255584717e-02
1.067801564931869507e-01
1.137576550245285034e-01
1.207351535558700562e-01
1.277124732732772827e-01
1.333376616239547729e-01
1.330869942903518677e-01
1.280883699655532837e-01
1.230900734663009644e-01
1.180915981531143188e-01
1.137522608041763306e-01
1.123673170804977417e-01
1.109824329614639282e-01
1.095975488424301147e-01
1.082128137350082397e-01
1.068870276212692261e-01
1.101667135953903198e-01
1.170630007982254028e-01
1.239594370126724243e-01
1.305428892374038696e-01
1.369665116071701050e-01
1.396916955709457397e-01
1.403937786817550659e-01
1.430932730436325073e-01
1.454114466905593872e-01
1.466066390275955200e-01
1.481858938932418823e-01
1.520405560731887817e-01
1.559539288282394409e-01
1.604266017675399780e-01
1.641639918088912964e-01
1.698945611715316772e-01
1.752128452062606812e-01
1.754207760095596313e-01
1.743656843900680542e-01
1.745323091745376587e-01
1.718490719795227051e-01
1.659704893827438354e-01
1.616518646478652954e-01
1.608531028032302856e-01
1.616738736629486084e-01
1.640511751174926758e-01
1.666804254055023193e-01
1.693613678216934204e-01
1.669348776340484619e-01
1.650557816028594971e-01
1.630099266767501831e-01
1.561912447214126587e-01
1.475342810153961182e-01
1.383116096258163452e-01
1.308690607547760010e-01
1.270837634801864624e-01
1.229007691144943237e-01
1.168571859598159790e-01
1.104808151721954346e-01
1.041044294834136963e-01
9.772799909114837646e-02
9.226961433887481689e-02
8.532185852527618408e-02
7.734985649585723877e-02
7.763658463954925537e-02
7.889768481254577637e-02
8.383026719093322754e-02
9.357494115829467773e-02
1.039835363626480103e-01
1.143921613693237305e-01
1.252581030130386353e-01
1.338561922311782837e-01
1.434917449951171875e-01
1.525912433862686157e-01
1.543400436639785767e-01
1.574425548315048218e-01
1.552545875310897827e-01
1.530662626028060913e-01
1.511809676885604858e-01
1.497689485549926758e-01
1.490880101919174194e-01
1.475431472063064575e-01
1.430637985467910767e-01
1.387151479721069336e-01
1.341246217489242554e-01
1.294505745172500610e-01
1.252983063459396362e-01
1.211464554071426392e-01
1.169943958520889282e-01
1.128422468900680542e-01
1.083301156759262085e-01
1.026757806539535522e-01
9.712444245815277100e-02
1.034121066331863403e-01
1.109633594751358032e-01
1.192766875028610229e-01
1.269223839044570923e-01
1.312017887830734253e-01
1.326888054609298706e-01
1.338313072919845581e-01
8.026139438152313232e-02
8.390097320079803467e-02
8.575122058391571045e-02
8.656428754329681396e-02
8.733205497264862061e-02
8.809976279735565186e-02
8.886735141277313232e-02
8.905564248561859131e-02
8.886216580867767334e-02
9.147958457469940186e-02
9.606955945491790771e-02
1.009749025106430054e-01
1.074803322553634644e-01
1.145543903112411499e-01
1.223911494016647339e-01
1.327099055051803589e-01
1.457343548536300659e-01
1.592659205198287964e-01
1.726785749197006226e-01
1.774350851774215698e-01
1.781287044286727905e-01
1.736541837453842163e-01
1.676361411809921265e-01
1.597487181425094604e-01
1.403076499700546265e-01
1.235018819570541382e-01
1.081179827451705933e-01
9.281127154827117920e-02
8.742533624172210693e-02
8.778481185436248779e-02
8.927755057811737061e-02
9.345553815364837646e-02
9.527049958705902100e-02
9.855686128139495850e-02
1.055343598127365112e-01
1.125118881464004517e-01
1.194891482591629028e-01
1.264668554067611694e-01
1.334442347288131714e-01
1.345577985048294067e-01
1.302990764379501343e-01
1.267868727445602417e-01
1.254018396139144897e-01
1.240171343088150024e-01
1.226318329572677612e-01
1.212470084428787231e-01
1.198621839284896851e-01
1.184773594141006470e-01
1.170924454927444458e-01
1.177294999361038208e-01
1.204471439123153687e-01
1.273434609174728394e-01
1.342396885156631470e-01
1.393358260393142700e-01
1.433744579553604126e-01
1.448062509298324585e-01
1.488154977560043335e-01
1.522776037454605103e-01
1.547897309064865112e-01
1.572930067777633667e-01
1.600366979837417603e-01
1.632767170667648315e-01
1.672287136316299438e-01
1.708300858736038208e-01
1.752039045095443726e-01
1.786624640226364136e-01
1.786968559026718140e-01
1.768183857202529907e-01
1.727674603462219238e-01
1.663560867309570312e-01
1.596892774105072021e-01
1.541001200675964355e-01
1.506122946739196777e-01
1.516491770744323730e-01
1.542782485485076904e-01
1.569074988365173340e-01
1.597442775964736938e-01
1.601126790046691895e-01
1.591027826070785522e-01
1.582519412040710449e-01
1.521392613649368286e-01
1.438548713922500610e-01
1.379378736019134521e-01
1.341526657342910767e-01
1.303590834140777588e-01
1.240782886743545532e-01
1.177017539739608765e-01
1.113252788782119751e-01
1.049487739801406860e-01
9.857238829135894775e-02
9.298053383827209473e-02
8.540418744087219238e-02
7.745304703712463379e-02
7.871411740779876709e-02
7.997532188892364502e-02
8.591417968273162842e-02
9.593313932418823242e-02
1.063419878482818604e-01
1.168859153985977173e-01
1.267143338918685913e-01
1.358556300401687622e-01
1.462655216455459595e-01
1.516642868518829346e-01
1.550739556550979614e-01
1.604158282279968262e-01
1.592360585927963257e-01
1.573451906442642212e-01
1.559332013130187988e-01
1.552752107381820679e-01
1.548912823200225830e-01
1.526443809270858765e-01
1.485392898321151733e-01
1.437761038541793823e-01
1.387893110513687134e-01
1.342086046934127808e-01
1.300566047430038452e-01
1.259046345949172974e-01
1.217526048421859741e-01
1.176006048917770386e-01
1.125640124082565308e-01
1.068972498178482056e-01
1.034879535436630249e-01
1.100190728902816772e-01
1.183323413133621216e-01
1.243314594030380249e-01
1.275928169488906860e-01
1.292238086462020874e-01
1.300612241029739380e-01
1.308076828718185425e-01
8.417986333370208740e-02
8.785049617290496826e-02
9.136562049388885498e-02
9.321551024913787842e-02
9.506563842296600342e-02
9.591846168041229248e-02
9.668599069118499756e-02
9.720818698406219482e-02
9.705261886119842529e-02
9.712140262126922607e-02
9.873472154140472412e-02
1.031429618597030640e-01
1.081873625516891479e-01
1.144961565732955933e-01
1.212636083364486694e-01
1.298644989728927612e-01
1.428888887166976929e-01
1.555959433317184448e-01
1.655610650777816772e-01
1.694528311491012573e-01
1.733449548482894897e-01
1.720105856657028198e-01
1.667607277631759644e-01
1.609709113836288452e-01
1.447572559118270874e-01
1.291690319776535034e-01
1.137849539518356323e-01
9.890560805797576904e-02
9.242157638072967529e-02
9.201858937740325928e-02
9.177355468273162842e-02
9.533105790615081787e-02
9.644757211208343506e-02
9.880416095256805420e-02
1.042886525392532349e-01
1.112660914659500122e-01
1.182435303926467896e-01
1.252209991216659546e-01
1.321986466646194458e-01
1.370339244604110718e-01
1.379748731851577759e-01
1.370513886213302612e-01
1.356666535139083862e-01
1.342816799879074097e-01
1.328966766595840454e-01
1.315118521451950073e-01
1.301269382238388062e-01
1.287420839071273804e-01
1.273572891950607300e-01
1.275007575750350952e-01
1.285720318555831909e-01
1.307275146245956421e-01
1.373073309659957886e-01
1.423503011465072632e-01
1.468952447175979614e-01
1.502110213041305542e-01
1.545373946428298950e-01
1.589193493127822876e-01
1.608770340681076050e-01
1.642672270536422729e-01
1.665198355913162231e-01
1.699047237634658813e-01
1.738641709089279175e-01
1.774962693452835083e-01
1.807056516408920288e-01
1.809872537851333618e-01
1.782713532447814941e-01
1.743061542510986328e-01
1.664955019950866699e-01
1.588624268770217896e-01
1.518671363592147827e-01
1.457773000001907349e-01
1.408677548170089722e-01
1.418761909008026123e-01
1.445053517818450928e-01
1.471345871686935425e-01
1.501269489526748657e-01
1.534363031387329102e-01
1.531497985124588013e-01
1.529096961021423340e-01
1.480872780084609985e-01
1.450068801641464233e-01
1.412217468023300171e-01
1.372947096824645996e-01
1.312993168830871582e-01
1.249227523803710938e-01
1.185463517904281616e-01
1.121697574853897095e-01
1.057934612035751343e-01
9.941691160202026367e-02
9.331572055816650391e-02
8.548635244369506836e-02
7.853074371814727783e-02
7.979166507720947266e-02
8.123008906841278076e-02
8.801548182964324951e-02
9.829160571098327637e-02
1.087002158164978027e-01
1.193785667419433594e-01
1.282193958759307861e-01
1.386294960975646973e-01
1.474248021841049194e-01
1.522495299577713013e-01
1.575916856527328491e-01
1.629336625337600708e-01
1.635094732046127319e-01
1.620976030826568604e-01
1.614623665809631348e-01
1.611602604389190674e-01
1.611356288194656372e-01
1.584146171808242798e-01
1.534276157617568970e-01
1.484405845403671265e-01
1.434537023305892944e-01
1.389670222997665405e-01
1.348148137331008911e-01
1.306631118059158325e-01
1.265110522508621216e-01
1.223589032888412476e-01
1.168352216482162476e-01
1.110325604677200317e-01
1.098413318395614624e-01
1.166916936635971069e-01
1.211055666208267212e-01
1.237981766462326050e-01
1.255450993776321411e-01
1.262916773557662964e-01
1.266835778951644897e-01
1.265825182199478149e-01
8.639417588710784912e-02
9.176878631114959717e-02
9.543929994106292725e-02
9.883056581020355225e-02
1.006801575422286987e-01
1.025299280881881714e-01
1.043799370527267456e-01
1.052719801664352417e-01
1.052536815404891968e-01
1.053225249052047729e-01
1.053916662931442261e-01
1.063248962163925171e-01
1.102919429540634155e-01
1.153995245695114136e-01
1.215122789144515991e-01
1.285034269094467163e-01
1.400329917669296265e-01
1.520892828702926636e-01
1.575791686773300171e-01
1.614706963300704956e-01
1.653627604246139526e-01
1.681673973798751831e-01
1.656575649976730347e-01
1.598678678274154663e-01
1.452483385801315308e-01
1.327557414770126343e-01
1.194523423910140991e-01
1.050707548856735229e-01
9.741793572902679443e-02
9.701488912105560303e-02
9.661178290843963623e-02
9.711240231990814209e-02
9.802369773387908936e-02
9.998159110546112061e-02
1.030430644750595093e-01
1.100205034017562866e-01
1.169980019330978394e-01
1.271153837442398071e-01
1.367007941007614136e-01
1.423956006765365601e-01
1.465484648942947388e-01
1.471327990293502808e-01
1.459311991930007935e-01
1.445462554693222046e-01
1.431614309549331665e-01
1.417766064405441284e-01
1.403916031122207642e-01
1.390065401792526245e-01
1.376218050718307495e-01
1.372721046209335327e-01
1.383433192968368530e-01
1.394144445657730103e-01
1.395805329084396362e-01
1.450378745794296265e-01
1.500090807676315308e-01
1.547665745019912720e-01
1.588323861360549927e-01
1.636672466993331909e-01
1.662056595087051392e-01
1.684799343347549438e-01
1.735915094614028931e-01
1.765403002500534058e-01
1.804995387792587280e-01
1.829954534769058228e-01
1.826522499322891235e-01
1.785623133182525635e-01
1.748030930757522583e-01
1.687275171279907227e-01
1.589026302099227905e-01
1.507739871740341187e-01
1.439666599035263062e-01
1.374543160200119019e-01
1.328226476907730103e-01
1.321032196283340454e-01
1.347324401140213013e-01
1.373615711927413940e-01
1.405097246170043945e-01
1.448647528886795044e-01
1.471968740224838257e-01
1.481653153896331787e-01
1.502209752798080444e-01
1.482611447572708130e-01
1.441261172294616699e-01
1.385201215744018555e-01
1.321437358856201172e-01
1.257673799991607666e-01
1.193909198045730591e-01
1.130142807960510254e-01
1.066377907991409302e-01
1.009077280759811401e-01
9.354086220264434814e-02
8.556877076625823975e-02
7.960821688175201416e-02
8.091522753238677979e-02
8.263336122035980225e-02
9.024138748645782471e-02
1.006498783826828003e-01
1.119222790002822876e-01
1.205832958221435547e-01
1.309934109449386597e-01
1.407048851251602173e-01
1.492609381675720215e-01
1.547674089670181274e-01
1.601095199584960938e-01
1.657378524541854858e-01
1.682618409395217896e-01
1.677069365978240967e-01
1.676672697067260742e-01
1.678007394075393677e-01
1.675567775964736938e-01
1.630789339542388916e-01
1.580921560525894165e-01
1.531052738428115845e-01
1.481184512376785278e-01
1.437253206968307495e-01
1.395732909440994263e-01
1.354210823774337769e-01
1.312691122293472290e-01
1.266403943300247192e-01
1.211061924695968628e-01
1.150551885366439819e-01
1.141010671854019165e-01
1.175181716680526733e-01
1.200038045644760132e-01
1.217750161886215210e-01
1.222381442785263062e-01
1.221371442079544067e-01
1.220360845327377319e-01
1.219353526830673218e-01
8.840589225292205811e-02
9.450523555278778076e-02
9.935729205608367920e-02
1.030279844999313354e-01
1.062947362661361694e-01
1.081450432538986206e-01
1.099945753812789917e-01
1.118447035551071167e-01
1.132911294698715210e-01
1.135235279798507690e-01
1.135924905538558960e-01
1.136616319417953491e-01
1.142652481794357300e-01
1.176540702581405640e-01
1.226121634244918823e-01
1.285280436277389526e-01
1.377796977758407593e-01
1.461300104856491089e-01
1.495968550443649292e-01
1.534886211156845093e-01
1.573805660009384155e-01
1.612726300954818726e-01
1.618347018957138062e-01
1.587642878293991089e-01
1.443187445402145386e-01
1.324189156293869019e-01
1.217074841260910034e-01
1.107898205518722534e-01
1.030703634023666382e-01
1.020110696554183960e-01
1.016082018613815308e-01
1.012050360441207886e-01
1.015596836805343628e-01
1.011970192193984985e-01
1.038684993982315063e-01
1.127417534589767456e-01
1.233324557542800903e-01
1.339234262704849243e-01
1.419350057840347290e-01
1.476296037435531616e-01
1.533241122961044312e-01
1.560625582933425903e-01
1.561959236860275269e-01
1.548108011484146118e-01
1.534260362386703491e-01
1.520411521196365356e-01
1.506561189889907837e-01
1.492713838815689087e-01
1.478864103555679321e-01
1.470433026552200317e-01
1.481145173311233521e-01
1.489303261041641235e-01
1.473032087087631226e-01
1.463258117437362671e-01
1.521028131246566772e-01
1.580301374197006226e-01
1.627654582262039185e-01
1.677825003862380981e-01
1.713264435529708862e-01
1.735743135213851929e-01
1.775345951318740845e-01
1.817932277917861938e-01
1.830098479986190796e-01
1.839603632688522339e-01
1.807219237089157104e-01
1.737542003393173218e-01
1.695863008499145508e-01
1.612999886274337769e-01
1.515684276819229126e-01
1.428733319044113159e-01
1.360660940408706665e-01
1.292587667703628540e-01
1.247773021459579468e-01
1.223805695772171021e-01
1.249593943357467651e-01
1.277438849210739136e-01
1.308923661708831787e-01
1.361168324947357178e-01
1.436721831560134888e-01
1.494642943143844604e-01
1.524479687213897705e-01
1.507081687450408936e-01
1.457411050796508789e-01
1.393645703792572021e-01
1.329882442951202393e-01
1.266117841005325317e-01
1.202353090047836304e-01
1.138588488101959229e-01
1.077202260494232178e-01
1.012783497571945190e-01
9.362320601940155029e-02
8.565114438533782959e-02
8.068586885929107666e-02
8.231838047504425049e-02
8.432936668395996094e-02
9.259970486164093018e-02
1.036390960216522217e-01
1.133300662040710449e-01
1.233571916818618774e-01
1.339844465255737305e-01
1.423922777175903320e-01
1.519433408975601196e-01
1.572854667901992798e-01
1.629083752632141113e-01
1.690595000982284546e-01
1.741986125707626343e-01
1.743320822715759277e-01
1.744658350944519043e-01
1.739210635423660278e-01
1.727305352687835693e-01
1.677434146404266357e-01
1.627565920352935791e-01
1.577696949243545532e-01
1.527827829122543335e-01
1.484835594892501831e-01
1.443314403295516968e-01
1.401796191930770874e-01
1.360275000333786011e-01
1.311421543359756470e-01
1.245497316122055054e-01
1.143165975809097290e-01
1.137236505746841431e-01
1.160395592451095581e-01
1.176591366529464722e-01
1.176913231611251831e-01
1.174581497907638550e-01
1.167710870504379272e-01
1.160836964845657349e-01
1.153965443372726440e-01
8.917300403118133545e-02
9.673379361629486084e-02
1.028790324926376343e-01
1.069459766149520874e-01
1.106171458959579468e-01
1.137596815824508667e-01
1.156092137098312378e-01
1.174594610929489136e-01
1.192885488271713257e-01
1.204396337270736694e-01
1.215911358594894409e-01
1.218625754117965698e-01
1.219315975904464722e-01
1.222542971372604370e-01
1.254742592573165894e-01
1.298373192548751831e-01
1.360292881727218628e-01
1.399674862623214722e-01
1.419839113950729370e-01
1.455067247152328491e-01
1.493985503911972046e-01
1.532905548810958862e-01
1.570879667997360229e-01
1.555024832487106323e-01
1.433891505002975464e-01
1.315668076276779175e-01
1.210715025663375854e-01
1.121433824300765991e-01
1.074191778898239136e-01
1.070074886083602905e-01
1.066043823957443237e-01
1.062012165784835815e-01
1.069619804620742798e-01
1.090848892927169800e-01
1.136452406644821167e-01
1.195517629384994507e-01
1.301408559083938599e-01
1.407319158315658569e-01
1.471695452928543091e-01
1.528641134500503540e-01
1.585586220026016235e-01
1.639369577169418335e-01
1.655364781618118286e-01
1.650756448507308960e-01
1.636906117200851440e-01
1.623058468103408813e-01
1.609208136796951294e-01
1.595359295606613159e-01
1.581510156393051147e-01
1.563406735658645630e-01
1.567383855581283569e-01
1.556831449270248413e-01
1.543487459421157837e-01
1.533711403608322144e-01
1.548146754503250122e-01
1.616297215223312378e-01
1.666646152734756470e-01
1.718980818986892700e-01
1.764469891786575317e-01
1.774998754262924194e-01
1.772160977125167847e-01
1.804011315107345581e-01
1.826880723237991333e-01
1.823485642671585083e-01
1.769496947526931763e-01
1.697793751955032349e-01
1.630568355321884155e-01
1.537757366895675659e-01
1.442459076642990112e-01
1.353567093610763550e-01
1.281655579805374146e-01
1.214884668588638306e-01
1.168301552534103394e-01
1.144673079252243042e-01
1.151866465806961060e-01
1.181267946958541870e-01
1.214301139116287231e-01
1.313400268554687500e-01
1.428164392709732056e-01
1.502590030431747437e-01
1.543548852205276489e-01
1.523398309946060181e-01
1.465855538845062256e-01
1.402091085910797119e-01
1.338326334953308105e-01
1.274562478065490723e-01
1.210797280073165894e-01
1.147033870220184326e-01
1.093062609434127808e-01
1.016135364770889282e-01
9.370540082454681396e-02
8.573330938816070557e-02
8.200357854366302490e-02
8.372162282466888428e-02
8.631016314029693604e-02
9.518530964851379395e-02
1.060429364442825317e-01
1.157212108373641968e-01
1.266075372695922852e-01
1.355235129594802856e-01
1.463091522455215454e-01
1.544610708951950073e-01
1.600876748561859131e-01
1.665197610855102539e-01
1.740005761384963989e-01
1.809975951910018921e-01
1.811311244964599609e-01
1.802853196859359741e-01
1.793941408395767212e-01
1.773951053619384766e-01
1.724081933498382568e-01
1.674212366342544556e-01
1.624342352151870728e-01
1.574473232030868530e-01
1.532419174909591675e-01
1.490897983312606812e-01
1.449376493692398071e-01
1.407191902399063110e-01
1.330423802137374878e-01
1.222318559885025024e-01
1.100594252347946167e-01
1.117982119321823120e-01
1.125153452157974243e-01
1.122912317514419556e-01
1.116039007902145386e-01
1.109169274568557739e-01
1.102298349142074585e-01
1.095424145460128784e-01
1.088555306196212769e-01
8.979885280132293701e-02
9.747044742107391357e-02
1.050616949796676636e-01
1.112528294324874878e-01
1.148434728384017944e-01
1.182053536176681519e-01
1.212239116430282593e-01
1.230739802122116089e-01
1.252807825803756714e-01
1.264371126890182495e-01
1.275881975889205933e-01
1.287395805120468140e-01
1.298904865980148315e-01
1.302016228437423706e-01
1.305406540632247925e-01
1.331689804792404175e-01
1.345122307538986206e-01
1.338719576597213745e-01
1.355682462453842163e-01
1.383299678564071655e-01
1.414163559675216675e-01
1.453082412481307983e-01
1.492002457380294800e-01
1.507549732923507690e-01
1.402298659086227417e-01
1.307152360677719116e-01
1.207176297903060913e-01
1.117892414331436157e-01
1.074379533529281616e-01
1.102160066366195679e-01
1.136082261800765991e-01
1.168187409639358521e-01
1.200288683176040649e-01
1.213610619306564331e-01
1.246463507413864136e-01
1.294617503881454468e-01
1.370146423578262329e-01
1.467096060514450073e-01
1.524040848016738892e-01
1.580986231565475464e-01
1.637931615114212036e-01
1.694875508546829224e-01
1.734512001276016235e-01
1.746944338083267212e-01
1.739553958177566528e-01
1.725704818964004517e-01
1.708522886037826538e-01
1.687941700220108032e-01
1.667361110448837280e-01
1.646777838468551636e-01
1.644368320703506470e-01
1.624544709920883179e-01
1.613942831754684448e-01
1.605442613363265991e-01
1.633120328187942505e-01
1.661456376314163208e-01
1.705553382635116577e-01
1.742127388715744019e-01
1.769070178270339966e-01
1.771935075521469116e-01
1.751530915498733521e-01
1.760889738798141479e-01
1.789287775754928589e-01
1.800333410501480103e-01
1.731771677732467651e-01
1.657534688711166382e-01
1.556294411420822144e-01
1.462675482034683228e-01
1.370230764150619507e-01
1.282485574483871460e-01
1.202650219202041626e-01
1.138655394315719604e-01
1.090281754732131958e-01
1.068608015775680542e-01
1.054136604070663452e-01
1.085690408945083618e-01
1.181366592645645142e-01
1.291632652282714844e-01
1.407333463430404663e-01
1.509709209203720093e-01
1.559081971645355225e-01
1.528119891881942749e-01
1.474301218986511230e-01
1.410536170005798340e-01
1.346772164106369019e-01
1.283007264137268066e-01
1.219242662191390991e-01
1.161189228296279907e-01
1.108766049146652222e-01
1.017598062753677368e-01
9.378768503665924072e-02
8.592461049556732178e-02
8.340682089328765869e-02
8.512489497661590576e-02
8.829082548618316650e-02
9.858642518520355225e-02
1.080849915742874146e-01
1.189097166061401367e-01
1.286548078060150146e-01
1.394404470920562744e-01
1.502262800931930542e-01
1.575327813625335693e-01
1.641683429479598999e-01
1.716719865798950195e-01
1.793355494737625122e-01
1.867441236972808838e-01
1.866497099399566650e-01
1.857585161924362183e-01
1.848669648170471191e-01
1.820596307516098022e-01
1.770727783441543579e-01
1.720860451459884644e-01
1.670989245176315308e-01
1.621521264314651489e-01
1.580001860857009888e-01
1.538482159376144409e-01
1.489431709051132202e-01
1.408687680959701538e-01
1.296385675668716431e-01
1.168040186166763306e-01
1.060844808816909790e-01
1.063319295644760132e-01
1.064370423555374146e-01
1.057502478361129761e-01
1.050627678632736206e-01
1.043757349252700806e-01
1.036885231733322144e-01
1.030013710260391235e-01
1.023142486810684204e-01
8.764629065990447998e-02
9.571985900402069092e-02
1.037930697202682495e-01
1.118406504392623901e-01
1.183248609304428101e-01
1.220491379499435425e-01
1.257737129926681519e-01
1.287093609571456909e-01
1.309441775083541870e-01
1.324344724416732788e-01
1.335858553647994995e-01
1.347368806600570679e-01
1.358880847692489624e-01
1.370392292737960815e-01
1.382030099630355835e-01
1.381792277097702026e-01
1.335645169019699097e-01
1.302555054426193237e-01
1.293876618146896362e-01
1.318538635969161987e-01
1.346762031316757202e-01
1.374984234571456909e-01
1.412181705236434937e-01
1.451100558042526245e-01
1.362882107496261597e-01
1.274192184209823608e-01
1.201958507299423218e-01
1.114354580640792847e-01
1.094892472028732300e-01
1.158807724714279175e-01
1.223808974027633667e-01
1.291753500699996948e-01
1.330794841051101685e-01
1.336368173360824585e-01
1.357598155736923218e-01
1.404631286859512329e-01
1.459536999464035034e-01
1.525658518075942993e-01
1.576383858919143677e-01
1.633328646421432495e-01
1.690274924039840698e-01
1.747220605611801147e-01
1.804164499044418335e-01
1.827733963727951050e-01
1.829872280359268188e-01
1.812966316938400269e-01
1.792383939027786255e-01
1.771803349256515503e-01
1.751220077276229858e-01
1.730639487504959106e-01
1.711317747831344604e-01
1.694171875715255737e-01
1.684398502111434937e-01
1.690416783094406128e-01
1.718093305826187134e-01
1.725866645574569702e-01
1.717336326837539673e-01
1.724815219640731812e-01
1.740940064191818237e-01
1.739967614412307739e-01
1.724236756563186646e-01
1.717555969953536987e-01
1.738830953836441040e-01
1.752962023019790649e-01
1.694047600030899048e-01
1.604420691728591919e-01
1.488851755857467651e-01
1.389451771974563599e-01
1.299150735139846802e-01
1.211404651403427124e-01
1.123658269643783569e-01
1.062427312135696411e-01
1.018175631761550903e-01
9.911809861660003662e-02
9.851534664630889893e-02
1.056352108716964722e-01
1.157648712396621704e-01
1.267913132905960083e-01
1.386501193046569824e-01
1.505264192819595337e-01
1.549872308969497681e-01
1.532839089632034302e-01
1.482745856046676636e-01
1.418981850147247314e-01
1.355218440294265747e-01
1.291453093290328979e-01
1.229314953088760376e-01
1.177047640085220337e-01
1.108778864145278931e-01
1.018420308828353882e-01
9.386987984180450439e-02
8.633248507976531982e-02
8.481024205684661865e-02
8.652825653553009033e-02
9.139825403690338135e-02
1.004489511251449585e-01
1.112120300531387329e-01
1.217859685420989990e-01
1.325717270374298096e-01
1.436016559600830078e-01
1.551698446273803711e-01
1.618168354034423828e-01
1.693433970212936401e-01
1.770069301128387451e-01
1.841146498918533325e-01
1.907534897327423096e-01
1.921227425336837769e-01
1.912313550710678101e-01
1.903398633003234863e-01
1.867242306470870972e-01
1.817373782396316528e-01
1.767504066228866577e-01
1.717636138200759888e-01
1.669105142354965210e-01
1.627585440874099731e-01
1.562070697546005249e-01
1.469331532716751099e-01
1.357845216989517212e-01
1.220031231641769409e-01
1.077387481927871704e-01
1.003493815660476685e-01
1.005791872739791870e-01
9.989587962627410889e-02
9.920887649059295654e-02
9.852163493633270264e-02
9.783451259136199951e-02
9.714733064174652100e-02
9.646023809909820557e-02
9.497390687465667725e-02
8.549360930919647217e-02
9.356705844402313232e-02
1.016407459974288940e-01
1.097138971090316772e-01
1.177871674299240112e-01
1.238516420125961304e-01
1.275759190320968628e-01
1.313696354627609253e-01
1.345785111188888550e-01
1.366365998983383179e-01
1.382139772176742554e-01
1.397912949323654175e-01
1.413683146238327026e-01
1.429452747106552124e-01
1.440618485212326050e-01
1.432472914457321167e-01
1.342719048261642456e-01
1.280033439397811890e-01
1.266312450170516968e-01
1.259398311376571655e-01
1.282000392675399780e-01
1.310226172208786011e-01
1.338446587324142456e-01
1.371280997991561890e-01
1.317148655652999878e-01
1.241243332624435425e-01
1.210127919912338257e-01
1.179744452238082886e-01
1.167600601911544800e-01
1.231513768434524536e-01
1.295430511236190796e-01
1.367955356836318970e-01
1.444951444864273071e-01
1.465975791215896606e-01
1.480356603860855103e-01
1.514640599489212036e-01
1.562797874212265015e-01
1.595701426267623901e-01
1.641102284193038940e-01
1.686601787805557251e-01
1.742108911275863647e-01
1.792321354150772095e-01
1.842534691095352173e-01
1.887688785791397095e-01
1.897357553243637085e-01
1.895933896303176880e-01
1.876244097948074341e-01
1.855662018060684204e-01
1.835080236196517944e-01
1.813167184591293335e-01
1.778266578912734985e-01
1.764626652002334595e-01
1.754842847585678101e-01
1.752946525812149048e-01
1.753195971250534058e-01
1.749221533536911011e-01
1.749307960271835327e-01
1.706129461526870728e-01
1.700106114149093628e-01
1.707853823900222778e-01
1.696939915418624878e-01
1.683376282453536987e-01
1.695381850004196167e-01
1.680897623300552368e-01
1.642098277807235718e-01
1.544588953256607056e-01
1.428143829107284546e-01
1.316225677728652954e-01
1.228067725896835327e-01
1.140322536230087280e-01
1.052575856447219849e-01
9.861974418163299561e-02
9.463341534137725830e-02
9.425978362560272217e-02
9.749801456928253174e-02
1.023938804864883423e-01
1.133927851915359497e-01
1.246906965970993042e-01
1.365669816732406616e-01
1.466777175664901733e-01
1.538469046354293823e-01
1.535157561302185059e-01
1.491191536188125610e-01
1.427428126335144043e-01
1.363662928342819214e-01
1.299897879362106323e-01
1.245175153017044067e-01
1.192906349897384644e-01
1.107783764600753784e-01
1.019244343042373657e-01
9.425546228885650635e-02
8.674059808254241943e-02
8.621330559253692627e-02
8.865426480770111084e-02
9.334467351436614990e-02
1.035141497850418091e-01
1.149170249700546265e-01
1.259077638387680054e-01
1.372108310461044312e-01
1.487734466791152954e-01
1.594653427600860596e-01
1.670144796371459961e-01
1.746782213449478149e-01
1.814852654933929443e-01
1.881239265203475952e-01
1.947624683380126953e-01
1.975956261157989502e-01
1.967042833566665649e-01
1.958128660917282104e-01
1.913886219263076782e-01
1.864019185304641724e-01
1.814148277044296265e-01
1.763410419225692749e-01
1.702141612768173218e-01
1.616844087839126587e-01
1.516859084367752075e-01
1.401831954717636108e-01
1.270589679479598999e-01
1.126991063356399536e-01
9.945003688335418701e-02
9.461413323879241943e-02
9.412379562854766846e-02
9.335471689701080322e-02
9.266762435436248779e-02
9.198050200939178467e-02
9.129349887371063232e-02
9.060610830783843994e-02
8.929438889026641846e-02
8.703885972499847412e-02
8.334080874919891357e-02
9.141443669795989990e-02
9.948782622814178467e-02
1.075612157583236694e-01
1.156347244977951050e-01
1.237081736326217651e-01
1.293777078390121460e-01
1.332208961248397827e-01
1.373305767774581909e-01
1.403376311063766479e-01
1.415425390005111694e-01
1.429856866598129272e-01
1.445628851652145386e-01
1.461401432752609253e-01
1.471807211637496948e-01
1.422954052686691284e-01
1.337275952100753784e-01
1.256780475378036499e-01
1.233460158109664917e-01
1.229475587606430054e-01
1.232162564992904663e-01
1.247168034315109253e-01
1.273684948682785034e-01
1.310657113790512085e-01
1.297392696142196655e-01
1.283609122037887573e-01
1.262222379446029663e-01
1.231839507818222046e-01
1.234341114759445190e-01
1.304223090410232544e-01
1.368140131235122681e-01
1.433269530534744263e-01
1.512099951505661011e-01
1.574899107217788696e-01
1.603115648031234741e-01
1.624654680490493774e-01
1.666253060102462769e-01
1.674128323793411255e-01
1.705314666032791138e-01
1.743984371423721313e-01
1.782653778791427612e-01
1.825878769159317017e-01
1.876092702150344849e-01
1.926303058862686157e-01
1.957314163446426392e-01
1.966981440782546997e-01
1.960105150938034058e-01
1.939521878957748413e-01
1.918940395116806030e-01
1.885048598051071167e-01
1.844432502985000610e-01
1.810483187437057495e-01
1.780661195516586304e-01
1.775119751691818237e-01
1.762597411870956421e-01
1.750074177980422974e-01
1.763955503702163696e-01
1.731135100126266479e-01
1.687777191400527954e-01
1.675741523504257202e-01
1.669647544622421265e-01
1.656080931425094604e-01
1.648633331060409546e-01
1.607882231473922729e-01
1.555853933095932007e-01
1.484757512807846069e-01
1.368732601404190063e-01
1.246850937604904175e-01
1.156986504793167114e-01
1.069239825010299683e-01
9.815199673175811768e-02
9.107984602451324463e-02
9.168098866939544678e-02
9.308294951915740967e-02
9.622813761234283447e-02
1.009332090616226196e-01
1.110208779573440552e-01
1.226078122854232788e-01
1.331078261137008667e-01
1.427426189184188843e-01
1.523772329092025757e-01
1.535705029964447021e-01
1.496577113866806030e-01
1.435871869325637817e-01
1.372108608484268188e-01
1.313300281763076782e-01
1.261033564805984497e-01
1.205360442399978638e-01
1.104411333799362183e-01
1.021784991025924683e-01
9.466366469860076904e-02
8.714862167835235596e-02
8.793593943119049072e-02
9.101127088069915771e-02
9.611751139163970947e-02
1.076846271753311157e-01
1.195169240236282349e-01
1.308203488588333130e-01
1.423774361610412598e-01
1.544568091630935669e-01
1.646858006715774536e-01
1.722170263528823853e-01
1.788557171821594238e-01
1.854941993951797485e-01
1.921329796314239502e-01
1.987717598676681519e-01
2.030684202909469604e-01
2.021771520376205444e-01
2.010401785373687744e-01
1.958311796188354492e-01
1.902580708265304565e-01
1.846850365400314331e-01
1.766837984323501587e-01
1.669737845659255981e-01
1.557319909334182739e-01
1.439323276281356812e-01
1.319221109151840210e-01
1.178980916738510132e-01
1.036287993192672729e-01
9.116114675998687744e-02
8.848847448825836182e-02
8.763246238231658936e-02
8.681364357471466064e-02
8.612658083438873291e-02
8.543993532657623291e-02
8.495892584323883057e-02
8.414553105831146240e-02
8.334891498088836670e-02
8.046431839466094971e-02
8.118860423564910889e-02
8.926217257976531982e-02
9.733562171459197998e-02
1.054087728261947632e-01
1.134820431470870972e-01
1.215553730726242065e-01
1.296287029981613159e-01
1.350722759962081909e-01
1.391817778348922729e-01
1.432913988828659058e-01
1.454235762357711792e-01
1.466286629438400269e-01
1.478333324193954468e-01
1.493349522352218628e-01
1.495928615331649780e-01
1.407345384359359741e-01
1.319957822561264038e-01
1.236625164747238159e-01
1.186491101980209351e-01
1.163427084684371948e-01
1.174699515104293823e-01
1.199286431074142456e-01
1.251883357763290405e-01
1.312414258718490601e-01
1.304562538862228394e-01
1.322453469038009644e-01
1.311492174863815308e-01
1.283934563398361206e-01
1.282144039869308472e-01
1.368822008371353149e-01
1.440847367048263550e-01
1.504760831594467163e-01
1.577412337064743042e-01
1.651601344347000122e-01
1.679667383432388306e-01
1.733274310827255249e-01
1.749371141195297241e-01
1.741831153631210327e-01
1.756567806005477905e-01
1.795240491628646851e-01
1.833906620740890503e-01
1.872578412294387817e-01
1.911247223615646362e-01
1.959860771894454956e-01
2.010073214769363403e-01
2.026938050985336304e-01
2.035664170980453491e-01
2.023381739854812622e-01
1.999183148145675659e-01
1.930178850889205933e-01
1.861131340265274048e-01
1.816637367010116577e-01
1.788560301065444946e-01
1.776038855314254761e-01
1.763514727354049683e-01
1.750991195440292358e-01
1.768822818994522095e-01
1.755854040384292603e-01
1.710815578699111938e-01
1.671782582998275757e-01
1.640560179948806763e-01
1.628785878419876099e-01
1.595713049173355103e-01
1.530354171991348267e-01
1.461682170629501343e-01
1.392006427049636841e-01
1.310470849275588989e-01
1.189335435628890991e-01
1.085903793573379517e-01
9.981577098369598389e-02
9.164954721927642822e-02
8.988185226917266846e-02
9.087283909320831299e-02
9.232570230960845947e-02
9.495787322521209717e-02
1.001674085855484009e-01
1.086488813161849976e-01
1.195379048585891724e-01
1.291725188493728638e-01
1.388071924448013306e-01
1.484419256448745728e-01
1.536253541707992554e-01
1.501295715570449829e-01
1.444315463304519653e-01
1.381425410509109497e-01
1.329158395528793335e-01
1.276890486478805542e-01
1.204953342676162720e-01
1.101443916559219360e-01
1.025864332914352417e-01
9.507147967815399170e-02
8.755652606487274170e-02
9.064163267612457275e-02
9.305016696453094482e-02
1.003163605928421021e-01
1.131262332201004028e-01
1.244295090436935425e-01
1.359811127185821533e-01
1.480606943368911743e-01
1.610995531082153320e-01
1.695875823497772217e-01
1.762260347604751587e-01
1.828648298978805542e-01
1.895035952329635620e-01
1.961422264575958252e-01
2.027808427810668945e-01
2.081841081380844116e-01
2.067065387964248657e-01
2.041750550270080566e-01
1.986018717288970947e-01
1.922186464071273804e-01
1.828904300928115845e-01
1.715405434370040894e-01
1.596700996160507202e-01
1.476034373044967651e-01
1.355368047952651978e-01
1.229916065931320190e-01
1.085939258337020874e-01
9.534005820751190186e-02
8.285264670848846436e-02
8.199672400951385498e-02
8.114092051982879639e-02
8.052580058574676514e-02
8.036307990550994873e-02
8.007685840129852295e-02
7.928042113780975342e-02
7.848356664180755615e-02
7.806210219860076904e-02
7.647572457790374756e-02
7.903628051280975342e-02
8.710967004299163818e-02
9.518305957317352295e-02
1.032561510801315308e-01
1.113296598196029663e-01
1.194031089544296265e-01
1.274764388799667358e-01
1.357663124799728394e-01
1.410329192876815796e-01
1.451420038938522339e-01
1.487576812505722046e-01
1.505100578069686890e-01
1.517148464918136597e-01
1.525304168462753296e-01
1.480498164892196655e-01
1.391733735799789429e-01
1.303148120641708374e-01
1.217148154973983765e-01
1.153294891119003296e-01
1.144962757825851440e-01
1.162848323583602905e-01
1.210260242223739624e-01
1.260794252157211304e-01
1.315814107656478882e-01
1.297724097967147827e-01
1.321217268705368042e-01
1.332511752843856812e-01
1.310685127973556519e-01
1.308863908052444458e-01
1.399801820516586304e-01
1.490740329027175903e-01
1.569169014692306519e-01
1.635675579309463501e-01
1.711816936731338501e-01
1.739895790815353394e-01
1.776761263608932495e-01
1.801692098379135132e-01
1.817317456007003784e-01
1.820393353700637817e-01
1.846495717763900757e-01
1.885163635015487671e-01
1.923833340406417847e-01
1.962503343820571899e-01
2.001173347234725952e-01
2.043629735708236694e-01
2.086894065141677856e-01
2.092209607362747192e-01
2.072819918394088745e-01
2.017627805471420288e-01
1.936262696981430054e-01
1.857564896345138550e-01
1.803039163351058960e-01
1.789481788873672485e-01
1.776957362890243530e-01
1.764433830976486206e-01
1.752776354551315308e-01
1.772146672010421753e-01
1.780125051736831665e-01
1.737368255853652954e-01
1.695603579282760620e-01
1.649720221757888794e-01
1.601492315530776978e-01
1.540613323450088501e-01
1.453400701284408569e-01
1.367511600255966187e-01
1.297835558652877808e-01
1.225603669881820679e-01
1.131823509931564331e-01
1.013019531965255737e-01
9.442822635173797607e-02
9.119533002376556396e-02
8.986623585224151611e-02
9.006477892398834229e-02
9.167329967021942139e-02
9.368778765201568604e-02
9.976656734943389893e-02
1.068316847085952759e-01
1.156026571989059448e-01
1.252374202013015747e-01
1.348720937967300415e-01
1.445067971944808960e-01
1.534792035818099976e-01
1.506017297506332397e-01
1.452761739492416382e-01
1.397285610437393188e-01
1.345017403364181519e-01
1.292751580476760864e-01
1.203170269727706909e-01
1.105095297098159790e-01
1.029944866895675659e-01
9.547950327396392822e-02
9.000997245311737061e-02
9.351755678653717041e-02
9.680108726024627686e-02
1.067354828119277954e-01
1.180387586355209351e-01
1.295851916074752808e-01
1.416645050048828125e-01
1.547261327505111694e-01
1.669580489397048950e-01
1.735968887805938721e-01
1.802354305982589722e-01
1.868740916252136230e-01
1.930202394723892212e-01
1.990727335214614868e-01
2.051254063844680786e-01
2.111777514219284058e-01
2.102859169244766235e-01
2.069461196660995483e-01
1.989163309335708618e-01
1.883556395769119263e-01
1.762578934431076050e-01
1.636673957109451294e-01
1.512747257947921753e-01
1.392082124948501587e-01
1.274460703134536743e-01
1.139323562383651733e-01
9.951902925968170166e-02
8.705152571201324463e-02
7.655592262744903564e-02
7.619450986385345459e-02
7.593481242656707764e-02
7.567526400089263916e-02
7.521204650402069092e-02
7.441549003124237061e-02
7.380582392215728760e-02
7.364492118358612061e-02
7.586191594600677490e-02
7.844199240207672119e-02
7.691030204296112061e-02
8.495692908763885498e-02
9.303037822246551514e-02
1.011036485433578491e-01
1.091770976781845093e-01
1.172507256269454956e-01
1.253236979246139526e-01
1.336631029844284058e-01
1.420386284589767456e-01
1.469935625791549683e-01
1.509427875280380249e-01
1.539681404829025269e-01
1.555960625410079956e-01
1.560013741254806519e-01
1.471754759550094604e-01
1.379445046186447144e-01
1.287534683942794800e-01
1.233390420675277710e-01
1.190409511327743530e-01
1.192308515310287476e-01
1.199214309453964233e-01
1.218637675046920776e-01
1.264939755201339722e-01
1.315470784902572632e-01
1.303663700819015503e-01
1.327692419290542603e-01
1.354826539754867554e-01
1.342570036649703979e-01
1.330787092447280884e-01
1.417978852987289429e-01
1.502185016870498657e-01
1.586391776800155640e-01
1.660230010747909546e-01
1.730537563562393188e-01
1.774267107248306274e-01
1.795247346162796021e-01
1.807970851659774780e-01
1.840410381555557251e-01
1.876284927129745483e-01
1.899255067110061646e-01
1.936419755220413208e-01
1.975089758634567261e-01
2.013759464025497437e-01
2.052428573369979858e-01
2.085289508104324341e-01
2.098707705736160278e-01
2.098030298948287964e-01
2.069867700338363647e-01
2.006702274084091187e-01
1.924638301134109497e-01
1.848898679018020630e-01
1.802923530340194702e-01
1.790399998426437378e-01
1.777876764535903931e-01
1.765353530645370483e-01
1.756417006254196167e-01
1.776337474584579468e-01
1.800308078527450562e-01
1.764986664056777954e-01
1.720166951417922974e-01
1.683004051446914673e-01
1.618213206529617310e-01
1.479391306638717651e-01
1.373561173677444458e-01
1.279322654008865356e-01
1.205665320158004761e-01
1.133069545030593872e-01
1.051424294710159302e-01
9.848041832447052002e-02
9.369619190692901611e-02
9.074093401432037354e-02
8.985044062137603760e-02
8.928517997264862061e-02
9.102113544940948486e-02
9.360115230083465576e-02
9.915779531002044678e-02
1.037827283143997192e-01
1.116674989461898804e-01
1.213021725416183472e-01
1.309366673231124878e-01
1.405714601278305054e-01
1.502061337232589722e-01
1.510736793279647827e-01
1.465411633253097534e-01
1.413145214319229126e-01
1.360878199338912964e-01
1.301953941583633423e-01
1.202145963907241821e-01
1.109174340963363647e-01
1.034496873617172241e-01
9.726698696613311768e-02
9.371857345104217529e-02
9.719963371753692627e-02
1.038175672292709351e-01
1.116479188203811646e-01
1.231888383626937866e-01
1.352684050798416138e-01
1.483428478240966797e-01
1.604253649711608887e-01
1.709257364273071289e-01
1.769782304763793945e-01
1.830308884382247925e-01
1.890833228826522827e-01
1.951357871294021606e-01
2.011883109807968140e-01
2.072408944368362427e-01
2.132934778928756714e-01
2.130267173051834106e-01
2.046645730733871460e-01
1.932232230901718140e-01
1.809754818677902222e-01
1.680800765752792358e-01
1.551782935857772827e-01
1.428794711828231812e-01
1.308127492666244507e-01
1.189246922731399536e-01
1.046370416879653931e-01
9.183011949062347412e-02
7.947055995464324951e-02
7.166270911693572998e-02
7.140313088893890381e-02
7.114349305629730225e-02
7.045949995517730713e-02
6.955070793628692627e-02
6.930051743984222412e-02
7.000835239887237549e-02
7.384626567363739014e-02
8.140014111995697021e-02
8.546607196331024170e-02
7.573191821575164795e-02
8.283178508281707764e-02
9.087799489498138428e-02
9.895096719264984131e-02
1.070244759321212769e-01
1.150974482297897339e-01
1.231713742017745972e-01
1.315594166517257690e-01
1.400181502103805542e-01
1.479922384023666382e-01
1.529540270566940308e-01
1.561529487371444702e-01
1.589367240667343140e-01
1.555330008268356323e-01
1.468703001737594604e-01
1.412531584501266479e-01
1.356351226568222046e-01
1.300171464681625366e-01
1.250793784856796265e-01
1.239649504423141479e-01
1.242746561765670776e-01
1.258299797773361206e-01
1.275585740804672241e-01
1.319618076086044312e-01
1.305570751428604126e-01
1.326817125082015991e-01
1.362374275922775269e-01
1.369723230600357056e-01
1.351972371339797974e-01
1.425480097532272339e-01
1.503174155950546265e-01
1.587377935647964478e-01
1.671585887670516968e-01
1.749034970998764038e-01
1.804156750440597534e-01
1.809199899435043335e-01
1.802988499402999878e-01
1.822679489850997925e-01
1.866126209497451782e-01
1.922123879194259644e-01
1.961665898561477661e-01
2.004596143960952759e-01
2.040262073278427124e-01
2.057242244482040405e-01
2.072743028402328491e-01
2.076455801725387573e-01
2.079186290502548218e-01
2.033793777227401733e-01
1.978694647550582886e-01
1.914766877889633179e-01
1.840231865644454956e-01
1.803842633962631226e-01
1.791319698095321655e-01
1.778795868158340454e-01
1.766272634267807007e-01
1.760056167840957642e-01
1.780992597341537476e-01
1.809802502393722534e-01
1.792515069246292114e-01
1.747019439935684204e-01
1.712889820337295532e-01
1.626084595918655396e-01
1.469159871339797974e-01
1.302664428949356079e-01
1.193857938051223755e-01
1.110886782407760620e-01
1.035345345735549927e-01
1.006720811128616333e-01
9.794487059116363525e-02
9.296406805515289307e-02
9.040014445781707764e-02
8.983467519283294678e-02
8.926944434642791748e-02
9.036855399608612061e-02
9.381796419620513916e-02
9.692139923572540283e-02
1.018186360597610474e-01
1.084888130426406860e-01
1.173669248819351196e-01
1.270016580820083618e-01
1.366363316774368286e-01
1.462709158658981323e-01
1.512490659952163696e-01
1.481271237134933472e-01
1.429004818201065063e-01
1.376738995313644409e-01
1.302164644002914429e-01
1.202110201120376587e-01
1.118507832288742065e-01
1.052645891904830933e-01
9.997306764125823975e-02
9.771187603473663330e-02
1.041838377714157104e-01
1.083526760339736938e-01
1.167928725481033325e-01
1.288723498582839966e-01
1.414920538663864136e-01
1.529882699251174927e-01
1.644847095012664795e-01
1.730412095785140991e-01
1.790937930345535278e-01
1.851462423801422119e-01
1.911988705396652222e-01
1.972513496875762939e-01
2.033038288354873657e-01
2.093565315008163452e-01
2.125001996755599976e-01
2.093019932508468628e-01
1.979407519102096558e-01
1.853940039873123169e-01
1.724923700094223022e-01
1.595908254384994507e-01
1.466891020536422729e-01
1.345854550600051880e-01
1.231705993413925171e-01
1.110194176435470581e-01
9.711281955242156982e-02
8.508227765560150146e-02
7.212521135807037354e-02
6.687115132808685303e-02
6.661169230937957764e-02
6.581316888332366943e-02
6.520222127437591553e-02
6.535114347934722900e-02
6.814406812191009521e-02
7.246570289134979248e-02
8.107362687587738037e-02
8.948682248592376709e-02
9.326426684856414795e-02
7.488034665584564209e-02
8.165840804576873779e-02
8.875350654125213623e-02
9.679870307445526123e-02
1.048720926046371460e-01
1.129451841115951538e-01
1.210185736417770386e-01
1.294560879468917847e-01
1.379147022962570190e-01
1.463729590177536011e-01
1.538764685392379761e-01
1.583379358053207397e-01
1.621073335409164429e-01
1.594929546117782593e-01
1.540502756834030151e-01
1.484323590993881226e-01
1.428146809339523315e-01
1.371969431638717651e-01
1.317060440778732300e-01
1.289150565862655640e-01
1.287643164396286011e-01
1.301833242177963257e-01
1.317387074232101440e-01
1.333446949720382690e-01
1.310929805040359497e-01
1.319226175546646118e-01
1.336669474840164185e-01
1.365681141614913940e-01
1.371459811925888062e-01
1.443446129560470581e-01
1.515038460493087769e-01
1.588548868894577026e-01
1.672571450471878052e-01
1.756777912378311157e-01
1.834045797586441040e-01
1.823351532220840454e-01
1.800828129053115845e-01
1.814524680376052856e-01
1.848394423723220825e-01
1.893165558576583862e-01
1.952282041311264038e-01
1.992455869913101196e-01
2.007438987493515015e-01
2.010168284177780151e-01
2.012899369001388550e-01
2.015629559755325317e-01
2.018360346555709839e-01
1.988181322813034058e-01
1.925801187753677368e-01
1.878180354833602905e-01
1.825201362371444702e-01
1.797590106725692749e-01
1.789327710866928101e-01
1.779714673757553101e-01
1.767190843820571899e-01
1.763695329427719116e-01
1.785645931959152222e-01
1.815189868211746216e-01
1.817968189716339111e-01
1.776160448789596558e-01
1.731802672147750854e-01
1.625445038080215454e-01
1.465135663747787476e-01
1.287611275911331177e-01
1.106316298246383667e-01
1.032078713178634644e-01
1.005898565053939819e-01
9.786279499530792236e-02
9.513555467128753662e-02
9.242798388004302979e-02
9.038428962230682373e-02
8.981896936893463135e-02
8.940799534320831299e-02
8.971606194972991943e-02
9.236414730548858643e-02
9.513942897319793701e-02
9.985451400279998779e-02
1.053973585367202759e-01
1.134318262338638306e-01
1.230664700269699097e-01
1.327010840177536011e-01
1.423357874155044556e-01
1.505742520093917847e-01
1.493506580591201782e-01
1.444863229990005493e-01
1.392595916986465454e-01
1.307709366083145142e-01
1.211950033903121948e-01
1.132620722055435181e-01
1.079706102609634399e-01
1.037343889474868774e-01
1.045510321855545044e-01
1.085423380136489868e-01
1.128025501966476440e-01
1.216007322072982788e-01
1.335103064775466919e-01
1.450066715478897095e-01
1.565030366182327271e-01
1.679993122816085815e-01
1.751568168401718140e-01
1.812091767787933350e-01
1.872619092464447021e-01
1.933145374059677124e-01
1.993669569492340088e-01
2.041990906000137329e-01
2.057214677333831787e-01
2.060254812240600586e-01
2.026581019163131714e-01
1.898065656423568726e-01
1.769046336412429810e-01
1.640581041574478149e-01
1.515233367681503296e-01
1.392182260751724243e-01
1.277032345533370972e-01
1.169092506170272827e-01
1.031911820173263550e-01
9.052382409572601318e-02
7.773704826831817627e-02
6.477983295917510986e-02
6.207965314388275146e-02
6.133340299129486084e-02
6.123228371143341064e-02
6.358222663402557373e-02
6.696258485317230225e-02
7.190383970737457275e-02
8.078928291797637939e-02
8.980493247509002686e-02
9.728492796421051025e-02
1.010620445013046265e-01
7.527093589305877686e-02
8.116053044795989990e-02
8.795700967311859131e-02
9.495936334133148193e-02
1.029100269079208374e-01
1.108895987272262573e-01
1.188968271017074585e-01
1.273525208234786987e-01
1.358111947774887085e-01
1.442699283361434937e-01
1.549514979124069214e-01
1.652600616216659546e-01
1.687731593847274780e-01
1.649761646986007690e-01
1.611791104078292847e-01
1.556121557950973511e-01
1.499943584203720093e-01
1.443764418363571167e-01
1.387587636709213257e-01
1.343357414007186890e-01
1.340930312871932983e-01
1.342847794294357300e-01
1.350092738866806030e-01
1.358915716409683228e-01
1.316595822572708130e-01
1.312079578638076782e-01
1.324497610330581665e-01
1.339975148439407349e-01
1.378401070833206177e-01
1.461328119039535522e-01
1.534408479928970337e-01
1.605146676301956177e-01
1.678106039762496948e-01
1.757766455411911011e-01
1.840504258871078491e-01
1.837500184774398804e-01
1.814131289720535278e-01
1.809543818235397339e-01
1.820487231016159058e-01
1.836587935686111450e-01
1.865071505308151245e-01
1.893595606088638306e-01
1.941664069890975952e-01
1.949342042207717896e-01
1.952073425054550171e-01
1.954803019762039185e-01
1.946054250001907349e-01
1.924218982458114624e-01
1.879838258028030396e-01
1.826873272657394409e-01
1.795667558908462524e-01
1.770481914281845093e-01
1.762218028306961060e-01
1.753955632448196411e-01
1.745692938566207886e-01
1.749177873134613037e-01
1.776406019926071167e-01
1.810944527387619019e-01
1.835807114839553833e-01
1.804188042879104614e-01
1.743075102567672729e-01
1.623991727828979492e-01
1.454970389604568481e-01
1.275878399610519409e-01
1.122632771730422974e-01
1.018943041563034058e-01
9.778060019016265869e-02
9.505356848239898682e-02
9.232632815837860107e-02
8.982159197330474854e-02
9.036864340305328369e-02
8.980311453342437744e-02
8.954794704914093018e-02
8.869706094264984131e-02
9.072883427143096924e-02
9.379298985004425049e-02
9.789027273654937744e-02
1.027875095605850220e-01
1.101061254739761353e-01
1.191312223672866821e-01
1.287659257650375366e-01
1.387458294630050659e-01
1.485755592584609985e-01
1.505641788244247437e-01
1.465188711881637573e-01
1.410768479108810425e-01
1.317546516656875610e-01
1.221788078546524048e-01
1.159680038690567017e-01
1.121735423803329468e-01
1.089826077222824097e-01
1.088537722826004028e-01
1.111019104719161987e-01
1.162600070238113403e-01
1.255287081003189087e-01
1.370251327753067017e-01
1.485214680433273315e-01
1.600179821252822876e-01
1.712198108434677124e-01
1.772722750902175903e-01
1.833248585462570190e-01
1.893773823976516724e-01
1.951472908258438110e-01
1.978393346071243286e-01
1.986942142248153687e-01
1.984621733427047729e-01
1.975847631692886353e-01
1.942271441221237183e-01
1.816501170396804810e-01
1.693448275327682495e-01
1.570396274328231812e-01
1.447342485189437866e-01
1.324779838323593140e-01
1.210078448057174683e-01
1.097557693719863892e-01
9.576307237148284912e-02
8.334897458553314209e-02
7.039187848567962646e-02
5.748583376407623291e-02
5.721525847911834717e-02
5.919621884822845459e-02
6.243307888507843018e-02
6.628631055355072021e-02
7.184062898159027100e-02
8.050511777400970459e-02
8.952046930789947510e-02
9.853617846965789795e-02
1.050827950239181519e-01
1.097563952207565308e-01
7.625065743923187256e-02
8.137331902980804443e-02
8.745883405208587646e-02
9.425447881221771240e-02
1.012596338987350464e-01
1.092060059309005737e-01
1.172625869512557983e-01
1.256269663572311401e-01
1.370419710874557495e-01
1.490200608968734741e-01
1.609982103109359741e-01
1.724711507558822632e-01
1.731749027967453003e-01
1.704594343900680542e-01
1.666622012853622437e-01
1.627918332815170288e-01
1.571737974882125854e-01
1.515563577413558960e-01
1.456701010465621948e-01
1.398960202932357788e-01
1.379944533109664917e-01
1.374463289976119995e-01
1.379560679197311401e-01
1.388107091188430786e-01
1.348057538270950317e-01
1.322933882474899292e-01
1.317353099584579468e-01
1.329769939184188843e-01
1.359082311391830444e-01
1.463675647974014282e-01
1.548289209604263306e-01
1.620309799909591675e-01
1.692327708005905151e-01
1.767665296792984009e-01
1.824158281087875366e-01
1.830677539110183716e-01
1.816031783819198608e-01
1.766729801893234253e-01
1.750454753637313843e-01
1.745557039976119995e-01
1.752060204744338989e-01
1.779695302248001099e-01
1.817037910223007202e-01
1.866496950387954712e-01
1.891247481107711792e-01
1.893978565931320190e-01
1.873253434896469116e-01
1.851417273283004761e-01
1.832132786512374878e-01
1.783974617719650269e-01
1.766510456800460815e-01
1.747353523969650269e-01
1.735109835863113403e-01
1.726848334074020386e-01
1.718585640192031860e-01
1.724791079759597778e-01
1.753032356500625610e-01
1.788305640220642090e-01
1.823717057704925537e-01
1.793915778398513794e-01
1.718102544546127319e-01
1.588186174631118774e-01
1.426879912614822388e-01
1.296468228101730347e-01
1.175448447465896606e-01
1.063309162855148315e-01
9.609909355640411377e-02
9.224425256252288818e-02
8.951707184314727783e-02
8.728985488414764404e-02
8.733482658863067627e-02
8.978749811649322510e-02
8.879624307155609131e-02
8.785422146320343018e-02
8.912681043148040771e-02
9.244652092456817627e-02
9.592626988887786865e-02
1.008235365152359009e-01
1.070147901773452759e-01
1.151959151029586792e-01
1.248305588960647583e-01
1.355520337820053101e-01
1.466439217329025269e-01
1.520579904317855835e-01
1.492669135332107544e-01
1.423134058713912964e-01
1.327386349439620972e-01
1.234872788190841675e-01
1.189737170934677124e-01
1.162800937891006470e-01
1.124073415994644165e-01
1.111335605382919312e-01
1.138163357973098755e-01
1.195098608732223511e-01
1.290434449911117554e-01
1.405398100614547729e-01
1.520363241434097290e-01
1.635325998067855835e-01
1.733355671167373657e-01
1.793879121541976929e-01
1.852286905050277710e-01
1.895383745431900024e-01
1.910966783761978149e-01
1.915206462144851685e-01
1.908984333276748657e-01
1.899649351835250854e-01
1.892802566289901733e-01
1.867920607328414917e-01
1.748610883951187134e-01
1.625556498765945435e-01
1.502503305673599243e-01
1.379452794790267944e-01
1.257827430963516235e-01
1.150158494710922241e-01
1.019056588411331177e-01
8.896128833293914795e-02
7.600392401218414307e-02
6.330229341983795166e-02
5.484025180339813232e-02
5.790357291698455811e-02
6.143151223659515381e-02
6.640700995922088623e-02
7.190303504467010498e-02
8.036361634731292725e-02
8.923627436161041260e-02
9.825174510478973389e-02
1.072672158479690552e-01
1.138893514871597290e-01
1.202084869146347046e-01
7.722096145153045654e-02
8.235339820384979248e-02
8.747641742229461670e-02
9.375701844692230225e-02
1.005536764860153198e-01
1.078240126371383667e-01
1.195051521062850952e-01
1.314833611249923706e-01
1.434615105390548706e-01
1.554395407438278198e-01
1.674178689718246460e-01
1.760952919721603394e-01
1.769773811101913452e-01
1.750688999891281128e-01
1.723356097936630249e-01
1.683173030614852905e-01
1.635556668043136597e-01
1.572619527578353882e-01
1.509710401296615601e-01
1.448874324560165405e-01
1.415641158819198608e-01
1.406320780515670776e-01
1.411176174879074097e-01
1.424704939126968384e-01
1.383663266897201538e-01
1.355592161417007446e-01
1.332615464925765991e-01
1.322624534368515015e-01
1.351137012243270874e-01
1.463062018156051636e-01
1.557329148054122925e-01
1.634189337491989136e-01
1.706209033727645874e-01
1.778229922056198120e-01
1.802872866392135620e-01
1.780669838190078735e-01
1.745036691427230835e-01
1.704228967428207397e-01
1.661417335271835327e-01
1.643773764371871948e-01
1.647019535303115845e-01
1.666683703660964966e-01
1.694318503141403198e-01
1.740480512380599976e-01
1.789939850568771362e-01
1.822285205125808716e-01
1.800449639558792114e-01
1.778613477945327759e-01
1.762833148241043091e-01
1.752247363328933716e-01
1.738131195306777954e-01
1.724012643098831177e-01
1.716264635324478149e-01
1.699739843606948853e-01
1.691477149724960327e-01
1.700683385133743286e-01
1.730085760354995728e-01
1.765667200088500977e-01
1.798123717308044434e-01
1.775876283645629883e-01
1.679613739252090454e-01
1.543940752744674683e-01
1.444430947303771973e-01
1.327308565378189087e-01
1.209863573312759399e-01
1.093105226755142212e-01
9.781341254711151123e-02
8.864901959896087646e-02
8.482564985752105713e-02
8.339129388332366943e-02
8.421175181865692139e-02
8.630494773387908936e-02
8.690606057643890381e-02
8.701135218143463135e-02
8.783598244190216064e-02
9.110002219676971436e-02
9.441982209682464600e-02
9.885941445827484131e-02
1.039235442876815796e-01
1.117233484983444214e-01
1.219417005777359009e-01
1.332435160875320435e-01
1.445453315973281860e-01
1.513759940862655640e-01
1.514566689729690552e-01
1.419948488473892212e-01
1.323361247777938843e-01
1.251078397035598755e-01
1.235775798559188843e-01
1.204092651605606079e-01
1.136865764856338501e-01
1.135701388120651245e-01
1.163760274648666382e-01
1.226469725370407104e-01
1.325582116842269897e-01
1.440547555685043335e-01
1.555510312318801880e-01
1.670473366975784302e-01
1.753097027540206909e-01
1.805150657892227173e-01
1.831782907247543335e-01
1.840694099664688110e-01
1.841592043638229370e-01
1.838749498128890991e-01
1.831953078508377075e-01
1.825155168771743774e-01
1.818359941244125366e-01
1.785390824079513550e-01
1.680719107389450073e-01
1.557663828134536743e-01
1.434611827135086060e-01
1.311560124158859253e-01
1.190872937440872192e-01
1.084921807050704956e-01
9.439672529697418213e-02
8.178485929965972900e-02
7.074253261089324951e-02
6.085120141506195068e-02
5.690215528011322021e-02
6.114755570888519287e-02
6.663237512111663818e-02
7.211719453334808350e-02
8.029793202877044678e-02
8.914451301097869873e-02
9.799133241176605225e-02
1.069829016923904419e-01
1.171191781759262085e-01
1.243417114019393921e-01
1.294911950826644897e-01
8.027879893779754639e-02
8.573667705059051514e-02
9.116457402706146240e-02
9.674899280071258545e-02
1.062097996473312378e-01
1.159905046224594116e-01
1.261591762304306030e-01
1.379027813673019409e-01
1.498808711767196655e-01
1.618592590093612671e-01
1.734794825315475464e-01
1.777589172124862671e-01
1.789750307798385620e-01
1.784541457891464233e-01
1.757214516401290894e-01
1.723910421133041382e-01
1.678267568349838257e-01
1.629407256841659546e-01
1.565558761358261108e-01
1.501709073781967163e-01
1.452078074216842651e-01
1.439750641584396362e-01
1.442787200212478638e-01
1.461298614740371704e-01
1.421995609998703003e-01
1.394700556993484497e-01
1.368417590856552124e-01
1.342296153306961060e-01
1.345118731260299683e-01
1.451621800661087036e-01
1.562512367963790894e-01
1.648073047399520874e-01
1.703533083200454712e-01
1.746810227632522583e-01
1.735916584730148315e-01
1.703715771436691284e-01
1.650031358003616333e-01
1.609418541193008423e-01
1.570756882429122925e-01
1.548702567815780640e-01
1.545234471559524536e-01
1.553671211004257202e-01
1.581305116415023804e-01
1.614466160535812378e-01
1.663924604654312134e-01
1.690538376569747925e-01
1.715428680181503296e-01
1.706145256757736206e-01
1.693535596132278442e-01
1.708203703165054321e-01
1.709750741720199585e-01
1.695632189512252808e-01
1.691554337739944458e-01
1.688844412565231323e-01
1.669037789106369019e-01
1.677628308534622192e-01
1.706509292125701904e-01
1.738594621419906616e-01
1.757540851831436157e-01
1.755507588386535645e-01
1.657233536243438721e-01
1.566376239061355591e-01
1.467502713203430176e-01
1.359627991914749146e-01
1.244632750749588013e-01
1.125601977109909058e-01
9.945930540561676025e-02
8.942429721355438232e-02
8.129806816577911377e-02
7.849569618701934814e-02
7.920326292514801025e-02
7.835604250431060791e-02
8.093281090259552002e-02
8.361370861530303955e-02
8.515323698520660400e-02
8.805106580257415771e-02
9.179677069187164307e-02
9.604476392269134521e-02
1.016965657472610474e-01
1.097480505704879761e-01
1.194256395101547241e-01
1.301925629377365112e-01
1.409081667661666870e-01
1.488445848226547241e-01
1.510229855775833130e-01
1.411847919225692749e-01
1.332811862230300903e-01
1.306089311838150024e-01
1.277065724134445190e-01
1.219561547040939331e-01
1.148497909307479858e-01
1.161298006772994995e-01
1.189356297254562378e-01
1.259580999612808228e-01
1.360730081796646118e-01
1.475694030523300171e-01
1.589953750371932983e-01
1.696445494890213013e-01
1.748773604631423950e-01
1.766273230314254761e-01
1.776776760816574097e-01
1.776516884565353394e-01
1.771099418401718140e-01
1.764304190874099731e-01
1.757506579160690308e-01
1.750710755586624146e-01
1.743914932012557983e-01
1.702861934900283813e-01
1.612827032804489136e-01
1.489774733781814575e-01
1.366721242666244507e-01
1.243666857481002808e-01
1.127395182847976685e-01
1.007532924413681030e-01
8.904771506786346436e-02
7.916314899921417236e-02
6.999348104000091553e-02
6.094299256801605225e-02
6.137298047542572021e-02
6.685785949230194092e-02
7.234279811382293701e-02
8.023242652416229248e-02
8.907906711101531982e-02
9.792567789554595947e-02
1.067725867033004761e-01
1.169471591711044312e-01
1.283815950155258179e-01
1.345612853765487671e-01
1.352819055318832397e-01
8.403055369853973389e-02
9.118334949016571045e-02
1.002551168203353882e-01
1.093261688947677612e-01
1.183541268110275269e-01
1.279841512441635132e-01
1.379888504743576050e-01
1.483694761991500854e-01
1.596724838018417358e-01
1.710211485624313354e-01
1.794755309820175171e-01
1.797158569097518921e-01
1.799552291631698608e-01
1.791187971830368042e-01
1.778873056173324585e-01
1.751544326543807983e-01
1.719001978635787964e-01
1.673362702131271362e-01
1.623257845640182495e-01
1.559409350156784058e-01
1.501854509115219116e-01
1.480816453695297241e-01
1.478737145662307739e-01
1.500725895166397095e-01
1.462226957082748413e-01
1.434765607118606567e-01
1.407541185617446899e-01
1.381240040063858032e-01
1.371644884347915649e-01
1.442121118307113647e-01
1.550947278738021851e-01
1.611987203359603882e-01
1.652384251356124878e-01
1.667151004076004028e-01
1.650006026029586792e-01
1.629195064306259155e-01
1.563131362199783325e-01
1.510137766599655151e-01
1.466881483793258667e-01
1.455023735761642456e-01
1.443451195955276489e-01
1.446699649095535278e-01
1.468296498060226440e-01
1.495929509401321411e-01
1.527651399374008179e-01
1.552544385194778442e-01
1.577437371015548706e-01
1.604581922292709351e-01
1.626995056867599487e-01
1.653424054384231567e-01
1.679661422967910767e-01
1.667251139879226685e-01
1.658241599798202515e-01
1.668683737516403198e-01
1.661332696676254272e-01
1.662084609270095825e-01
1.678165346384048462e-01
1.700279265642166138e-01
1.716959625482559204e-01
1.753145158290863037e-01
1.679669618606567383e-01
1.588811427354812622e-01
1.495942473411560059e-01
1.391976624727249146e-01
1.279401928186416626e-01
1.158098727464675903e-01
1.022432595491409302e-01
9.102244675159454346e-02
8.210967481136322021e-02
7.624666392803192139e-02
7.245542109012603760e-02
7.144795358180999756e-02
7.385326921939849854e-02
7.897634804248809814e-02
8.179645240306854248e-02
8.390186727046966553e-02
8.793665468692779541e-02
9.179820120334625244e-02
9.693725407123565674e-02
1.040186434984207153e-01
1.133255809545516968e-01
1.241515129804611206e-01
1.355229467153549194e-01
1.451765447854995728e-01
1.466355770826339722e-01
1.418235152959823608e-01
1.386341005563735962e-01
1.350041180849075317e-01
1.301600188016891479e-01
1.228413432836532593e-01
1.164142340421676636e-01
1.186893731355667114e-01
1.217798441648483276e-01
1.293523758649826050e-01
1.395876258611679077e-01
1.502370685338973999e-01
1.609952598810195923e-01
1.690903156995773315e-01
1.706139296293258667e-01
1.712176054716110229e-01
1.710247844457626343e-01
1.703450232744216919e-01
1.696655303239822388e-01
1.689858585596084595e-01
1.683061271905899048e-01
1.676264554262161255e-01
1.668082326650619507e-01
1.620333343744277954e-01
1.544934064149856567e-01
1.421879380941390991e-01
1.298827975988388062e-01
1.175774186849594116e-01
1.080751270055770874e-01
9.720294177532196045e-02
8.830548822879791260e-02
7.913570106029510498e-02
7.118080556392669678e-02
6.396789848804473877e-02
6.708325445652008057e-02
7.256828248500823975e-02
8.016662299633026123e-02
8.901338279247283936e-02
9.786014258861541748e-02
1.067068129777908325e-01
1.168988198041915894e-01
1.280708760023117065e-01
1.383403390645980835e-01
1.394109576940536499e-01
1.397640556097030640e-01
9.261439740657806396e-02
1.037502139806747437e-01
1.118937581777572632e-01
1.209093183279037476e-01
1.299807876348495483e-01
1.392891854047775269e-01
1.500315517187118530e-01
1.598203033208847046e-01
1.695297211408615112e-01
1.799440830945968628e-01
1.836984604597091675e-01
1.839380115270614624e-01
1.841780394315719604e-01
1.836751550436019897e-01
1.828308552503585815e-01
1.807259172201156616e-01
1.773640364408493042e-01
1.735568493604660034e-01
1.683637350797653198e-01
1.626000851392745972e-01
1.559317559003829956e-01
1.522255092859268188e-01
1.520018428564071655e-01
1.542011648416519165e-01
1.505787521600723267e-01
1.478564590215682983e-01
1.451339572668075562e-01
1.423494666814804077e-01
1.393012851476669312e-01
1.424100846052169800e-01
1.479587703943252563e-01
1.553613990545272827e-01
1.588101536035537720e-01
1.581240445375442505e-01
1.564094275236129761e-01
1.546950191259384155e-01
1.486762315034866333e-01
1.428221315145492554e-01
1.375227719545364380e-01
1.328070312738418579e-01
1.332239359617233276e-01
1.344914883375167847e-01
1.355283111333847046e-01
1.382917612791061401e-01
1.389658004045486450e-01
1.414552181959152222e-01
1.439442187547683716e-01
1.470094174146652222e-01
1.523075550794601440e-01
1.596231311559677124e-01
1.625071614980697632e-01
1.638869792222976685e-01
1.624926775693893433e-01
1.633181720972061157e-01
1.642538160085678101e-01
1.650854498147964478e-01
1.664254814386367798e-01
1.663722842931747437e-01
1.727449744939804077e-01
1.763668805360794067e-01
1.702106148004531860e-01
1.611247509717941284e-01
1.522064507007598877e-01
1.420656889677047729e-01
1.314170211553573608e-01
1.190596371889114380e-01
1.054929941892623901e-01
9.266825020313262939e-02
8.311684429645538330e-02
7.616262137889862061e-02
6.896643340587615967e-02
6.485585868358612061e-02
6.677354872226715088e-02
7.218565046787261963e-02
7.782135903835296631e-02
7.986216247081756592e-02
8.307377994060516357e-02
8.675087988376617432e-02
9.187532961368560791e-02
9.827969968318939209e-02
1.072748154401779175e-01
1.172322779893875122e-01
1.289539486169815063e-01
1.396500021219253540e-01
1.411832720041275024e-01
1.437309235334396362e-01
1.406842321157455444e-01
1.359335333108901978e-01
1.290637403726577759e-01
1.230627149343490601e-01
1.175261884927749634e-01
1.207580119371414185e-01
1.248519867658615112e-01
1.320328563451766968e-01
1.419628113508224487e-01
1.522556096315383911e-01
1.599262803792953491e-01
1.646903306245803833e-01
1.647575646638870239e-01
1.642598658800125122e-01
1.635803133249282837e-01
1.629007011651992798e-01
1.622209101915359497e-01
1.615412682294845581e-01
1.608615666627883911e-01
1.601821035146713257e-01
1.585554927587509155e-01
1.537801474332809448e-01
1.477041691541671753e-01
1.353989392518997192e-01
1.240679472684860229e-01
1.146692484617233276e-01
1.076704114675521851e-01
9.744785726070404053e-02
8.876274526119232178e-02
8.154998719692230225e-02
7.433743774890899658e-02
6.730885803699493408e-02
7.279367744922637939e-02
8.010081946849822998e-02
8.890555799007415771e-02
9.744979441165924072e-02
1.059689968824386597e-01
1.159058660268783569e-01
1.269269138574600220e-01
1.379478424787521362e-01
1.432795375585556030e-01
1.436327546834945679e-01
1.439856737852096558e-01
1.032309979200363159e-01
1.143619269132614136e-01
1.251662224531173706e-01
1.333096474409103394e-01
1.413279026746749878e-01
1.497263759374618530e-01
1.588925570249557495e-01
1.691703647375106812e-01
1.794767826795578003e-01
1.877369731664657593e-01
1.879213303327560425e-01
1.881608217954635620e-01
1.884005516767501831e-01
1.882315129041671753e-01
1.873873323202133179e-01
1.865431517362594604e-01
1.839678734540939331e-01
1.806056946516036987e-01
1.768750399351119995e-01
1.716813892126083374e-01
1.658552139997482300e-01
1.605714112520217896e-01
1.596191078424453735e-01
1.611402183771133423e-01
1.571402400732040405e-01
1.535805612802505493e-01
1.481352895498275757e-01
1.420408636331558228e-01
1.369081586599349976e-01
1.382806152105331421e-01
1.432446092367172241e-01
1.483452469110488892e-01
1.530545204877853394e-01
1.506891697645187378e-01
1.480074971914291382e-01
1.461992710828781128e-01
1.412255913019180298e-01
1.346304267644882202e-01
1.293310374021530151e-01
1.240317076444625854e-01
1.210976690053939819e-01
1.215061098337173462e-01
1.238061636686325073e-01
1.260259300470352173e-01
1.263326853513717651e-01
1.276559084653854370e-01
1.301679462194442749e-01
1.335607022047042847e-01
1.403105109930038452e-01
1.476261466741561890e-01
1.549416035413742065e-01
1.595654040575027466e-01
1.591810137033462524e-01
1.593997627496719360e-01
1.608089655637741089e-01
1.635989993810653687e-01
1.651802510023117065e-01
1.707169860601425171e-01
1.767707169055938721e-01
1.767116934061050415e-01
1.724543124437332153e-01
1.633685082197189331e-01
1.546946614980697632e-01
1.454346925020217896e-01
1.346971541643142700e-01
1.223093420267105103e-01
1.087427884340286255e-01
9.517620503902435303e-02
8.365608751773834229e-02
7.580228149890899658e-02
6.867583096027374268e-02
6.147371232509613037e-02
5.921562016010284424e-02
6.427828967571258545e-02
7.013247907161712646e-02
7.560725510120391846e-02
7.802645862102508545e-02
8.189822733402252197e-02
8.695177733898162842e-02
9.335611760616302490e-02
1.012240499258041382e-01
1.109551042318344116e-01
1.223849803209304810e-01
1.331415027379989624e-01
1.392803639173507690e-01
1.449085325002670288e-01
1.410600692033767700e-01
1.338266581296920776e-01
1.278256326913833618e-01
1.218244582414627075e-01
1.172990351915359497e-01
1.202042251825332642e-01
1.246249526739120483e-01
1.328869611024856567e-01
1.409392207860946655e-01
1.483687013387680054e-01
1.549621373414993286e-01
1.574373394250869751e-01
1.571837514638900757e-01
1.568154543638229370e-01
1.561357229948043823e-01
1.554561406373977661e-01
1.547764390707015991e-01
1.540969461202621460e-01
1.534173339605331421e-01
1.527375429868698120e-01
1.503027528524398804e-01
1.455272883176803589e-01
1.413658708333969116e-01
1.318996399641036987e-01
1.235501021146774292e-01
1.164876967668533325e-01
1.063850969076156616e-01
9.913204610347747803e-02
9.191934764385223389e-02
8.470658957958221436e-02
7.739152014255523682e-02
7.259140908718109131e-02
7.926471531391143799e-02
8.774404227733612061e-02
9.622310101985931396e-02
1.047022193670272827e-01
1.147512048482894897e-01
1.257719248533248901e-01
1.367931514978408813e-01
1.450403183698654175e-01
1.480090767145156860e-01
1.486231535673141479e-01
1.492372602224349976e-01
1.145022362470626831e-01
1.254340857267379761e-01
1.357880085706710815e-01
1.451407521963119507e-01
1.526101678609848022e-01
1.600804179906845093e-01
1.681996434926986694e-01
1.776385158300399780e-01
1.878396719694137573e-01
1.921522468328475952e-01
1.922037452459335327e-01
1.923836320638656616e-01
1.926236003637313843e-01
1.927878707647323608e-01
1.919433921575546265e-01
1.910998076200485229e-01
1.902552098035812378e-01
1.872094124555587769e-01
1.838472336530685425e-01
1.801495403051376343e-01
1.749996691942214966e-01
1.697546988725662231e-01
1.685066968202590942e-01
1.693524569272994995e-01
1.634400337934494019e-01
1.573458462953567505e-01
1.499996632337570190e-01
1.426284760236740112e-01
1.370150595903396606e-01
1.372992545366287231e-01
1.416342109441757202e-01
1.459690481424331665e-01
1.487873047590255737e-01
1.454106420278549194e-01
1.414069980382919312e-01
1.380772143602371216e-01
1.342425495386123657e-01
1.273574084043502808e-01
1.214221864938735962e-01
1.160290092229843140e-01
1.110878437757492065e-01
1.096836179494857788e-01
1.107723265886306763e-01
1.115739196538925171e-01
1.129629760980606079e-01
1.141407936811447144e-01
1.165414899587631226e-01
1.209981888532638550e-01
1.283137947320938110e-01
1.356291919946670532e-01
1.426008194684982300e-01
1.495666056871414185e-01
1.556800752878189087e-01
1.554812788963317871e-01
1.571625620126724243e-01
1.625695675611495972e-01
1.696171015501022339e-01
1.753917485475540161e-01
1.804928034543991089e-01
1.784782558679580688e-01
1.747724562883377075e-01
1.656121015548706055e-01
1.572941988706588745e-01
1.490093469619750977e-01
1.376944035291671753e-01
1.255591362714767456e-01
1.119925528764724731e-01
9.740798175334930420e-02
8.335895836353302002e-02
7.404841482639312744e-02
6.677134335041046143e-02
6.093303859233856201e-02
5.699442327022552490e-02
5.658935010433197021e-02
6.244353950023651123e-02
6.829769909381866455e-02
7.306189835071563721e-02
7.759232819080352783e-02
8.241914212703704834e-02
8.843241631984710693e-02
9.546591341495513916e-02
1.052299588918685913e-01
1.161188036203384399e-01
1.291196495294570923e-01
1.397526115179061890e-01
1.424533873796463013e-01
1.387544721364974976e-01
1.325883716344833374e-01
1.268930584192276001e-01
1.208533495664596558e-01
1.170562952756881714e-01
1.200373321771621704e-01
1.240544170141220093e-01
1.290348619222640991e-01
1.351715773344039917e-01
1.412286907434463501e-01
1.466449946165084839e-01
1.471900194883346558e-01
1.469364613294601440e-01
1.466828733682632446e-01
1.464293450117111206e-01
1.461757570505142212e-01
1.459221690893173218e-01
1.456685513257980347e-01
1.454149335622787476e-01
1.451614350080490112e-01
1.424412280321121216e-01
1.401174217462539673e-01
1.388962119817733765e-01
1.327108591794967651e-01
1.247412711381912231e-01
1.178023666143417358e-01
1.093157678842544556e-01
1.017775982618331909e-01
9.420697391033172607e-02
8.662657439708709717e-02
7.904626429080963135e-02
7.799772918224334717e-02
8.647669851779937744e-02
9.495596587657928467e-02
1.034663170576095581e-01
1.138886362314224243e-01
1.251705139875411987e-01
1.364523917436599731e-01
1.456510275602340698e-01
1.513346582651138306e-01
1.533204764127731323e-01
1.539344042539596558e-01
1.546655744314193726e-01
1.251768916845321655e-01
1.348266452550888062e-01
1.451802700757980347e-01
1.555338352918624878e-01
1.642765253782272339e-01
1.715089529752731323e-01
1.793638318777084351e-01
1.872187703847885132e-01
1.958584040403366089e-01
1.956721395254135132e-01
1.956925839185714722e-01
1.959365457296371460e-01
1.968458741903305054e-01
1.970858424901962280e-01
1.964999288320541382e-01
1.956558674573898315e-01
1.948118656873703003e-01
1.938128918409347534e-01
1.904509514570236206e-01
1.870888024568557739e-01
1.834216266870498657e-01
1.785660237073898315e-01
1.749863773584365845e-01
1.726714521646499634e-01
1.651544123888015747e-01
1.577830463647842407e-01
1.504117995500564575e-01
1.430405229330062866e-01
1.374567300081253052e-01
1.372821182012557983e-01
1.416170746088027954e-01
1.459517627954483032e-01
1.471825391054153442e-01
1.445044726133346558e-01
1.402653306722640991e-01
1.357959359884262085e-01
1.308327168226242065e-01
1.232529729604721069e-01
1.159491389989852905e-01
1.099268943071365356e-01
1.039044111967086792e-01
1.004099994897842407e-01
9.877283871173858643e-02
9.760455787181854248e-02
9.846706688404083252e-02
9.974409639835357666e-02
1.021833568811416626e-01
1.090012341737747192e-01
1.160850375890731812e-01
1.230508536100387573e-01
1.300167888402938843e-01
1.369825452566146851e-01
1.439483910799026489e-01
1.504557281732559204e-01
1.578021943569183350e-01
1.647333055734634399e-01
1.726632118225097656e-01
1.800665110349655151e-01
1.824355274438858032e-01
1.802688091993331909e-01
1.771662980318069458e-01
1.693296134471893311e-01
1.600784808397293091e-01
1.521437764167785645e-01
1.409669667482376099e-01
1.275077313184738159e-01
1.133063584566116333e-01
9.691204130649566650e-02
8.274020254611968994e-02
7.283563911914825439e-02
6.564541161060333252e-02
6.069932878017425537e-02
5.704940855503082275e-02
5.389373004436492920e-02
5.475459992885589600e-02
6.060869991779327393e-02
6.699083745479583740e-02
7.328630983829498291e-02
7.811315357685089111e-02
8.367024362087249756e-02
9.053157269954681396e-02
9.974901378154754639e-02
1.132787317037582397e-01
1.276931613683700562e-01
1.368082612752914429e-01
1.384150534868240356e-01
1.372056454420089722e-01
1.321953088045120239e-01
1.259431391954421997e-01
1.196910887956619263e-01
1.168686300516128540e-01
1.172428876161575317e-01
1.186126917600631714e-01
1.224307864904403687e-01
1.274162679910659790e-01
1.326066106557846069e-01
1.371965855360031128e-01
1.369428187608718872e-01
1.366892307996749878e-01
1.364357322454452515e-01
1.361821144819259644e-01
1.359285563230514526e-01
1.356749683618545532e-01
1.354213207960128784e-01
1.354515999555587769e-01
1.373345106840133667e-01
1.368368715047836304e-01
1.369814127683639526e-01
1.368565708398818970e-01
1.322096437215805054e-01
1.259707957506179810e-01
1.180349439382553101e-01
1.109554320573806763e-01
1.033752411603927612e-01
9.579478204250335693e-02
8.821426331996917725e-02
8.165948092937469482e-02
8.554731309413909912e-02
9.428758919239044189e-02
1.030275672674179077e-01
1.135619431734085083e-01
1.248441487550735474e-01
1.361261457204818726e-01
1.462917178869247437e-01
1.522350162267684937e-01
1.582372635602951050e-01
1.595583409070968628e-01
1.604909151792526245e-01
1.614235490560531616e-01
1.359249800443649292e-01
1.455578058958053589e-01
1.551908105611801147e-01
1.649262160062789917e-01
1.752797216176986694e-01
1.837752312421798706e-01
1.909043639898300171e-01
1.986618489027023315e-01
2.013065665960311890e-01
1.997281759977340698e-01
1.992125362157821655e-01
1.992332786321640015e-01
1.994793862104415894e-01
2.006143182516098022e-01
2.010564059019088745e-01
2.002121657133102417e-01
1.993681639432907104e-01
1.985238641500473022e-01
1.970546096563339233e-01
1.930474787950515747e-01
1.873819679021835327e-01
1.816899627447128296e-01
1.761923879384994507e-01
1.729324609041213989e-01
1.655666977167129517e-01
1.581953614950180054e-01
1.508239358663558960e-01
1.434525400400161743e-01
1.378985792398452759e-01
1.372649222612380981e-01
1.415997594594955444e-01
1.459347158670425415e-01
1.455911546945571899e-01
1.450295001268386841e-01
1.401095837354660034e-01
1.346543580293655396e-01
1.301848739385604858e-01
1.210875064134597778e-01
1.132010072469711304e-01
1.066417545080184937e-01
1.006194800138473511e-01
9.521166980266571045e-02
9.107701480388641357e-02
8.903793990612030029e-02
8.833940327167510986e-02
8.825297653675079346e-02
8.928228914737701416e-02
9.590490162372589111e-02
1.032299846410751343e-01
1.106552034616470337e-01
1.175273209810256958e-01
1.243992000818252563e-01
1.316997259855270386e-01
1.446031928062438965e-01
1.569392830133438110e-01
1.668970137834548950e-01
1.747952401638031006e-01
1.837458461523056030e-01
1.842260956764221191e-01
1.820595562458038330e-01
1.793595552444458008e-01
1.730963140726089478e-01
1.634733080863952637e-01
1.538798660039901733e-01
1.425740569829940796e-01
1.283683031797409058e-01
1.129313558340072632e-01
9.707884490489959717e-02
8.390863239765167236e-02
7.260106503963470459e-02
6.454245746135711670e-02
6.046567857265472412e-02
5.710463225841522217e-02
5.394886434078216553e-02
5.252282321453094482e-02
5.303935706615447998e-02
6.004332005977630615e-02
6.734688580036163330e-02
7.383726537227630615e-02
7.912106812000274658e-02
8.611606061458587646e-02
9.765343368053436279e-02
1.125999242067337036e-01
1.251632720232009888e-01
1.341866701841354370e-01
1.347959190607070923e-01
1.335315257310867310e-01
1.310330480337142944e-01
1.247811168432235718e-01
1.175193041563034058e-01
1.122103184461593628e-01
1.105564385652542114e-01
1.112150996923446655e-01
1.140372902154922485e-01
1.185682862997055054e-01
1.237585991621017456e-01
1.269492954015731812e-01
1.266956776380538940e-01
1.264419406652450562e-01
1.261883527040481567e-01
1.259348243474960327e-01
1.256813257932662964e-01
1.256454437971115112e-01
1.272124499082565308e-01
1.293639093637466431e-01
1.330770403146743774e-01
1.328536719083786011e-01
1.326301544904708862e-01
1.334988921880722046e-01
1.315505951642990112e-01
1.252887099981307983e-01
1.169428676366806030e-01
1.099104732275009155e-01
1.030172556638717651e-01
9.612409770488739014e-02
8.988814055919647217e-02
8.635698258876800537e-02
9.322468936443328857e-02
1.023909002542495728e-01
1.133802086114883423e-01
1.249811202287673950e-01
1.365812271833419800e-01
1.479724496603012085e-01
1.539743393659591675e-01
1.599763780832290649e-01
1.655877381563186646e-01
1.663518995046615601e-01
1.674439758062362671e-01
1.689072698354721069e-01
1.473774164915084839e-01
1.563056558370590210e-01
1.659388989210128784e-01
1.755713671445846558e-01
1.852044314146041870e-01
1.951587051153182983e-01
2.036238163709640503e-01
2.104269117116928101e-01
2.079216688871383667e-01
2.056222409009933472e-01
2.040440291166305542e-01
2.029013484716415405e-01
2.027736753225326538e-01
2.030219882726669312e-01
2.039944380521774292e-01
2.041141837835311890e-01
2.039245814085006714e-01
2.022896856069564819e-01
1.990722268819808960e-01
1.939646452665328979e-01
1.865826100111007690e-01
1.804615706205368042e-01
1.753473728895187378e-01
1.727080494165420532e-01
1.659788340330123901e-01
1.586074680089950562e-01
1.512359231710433960e-01
1.438647955656051636e-01
1.383403092622756958e-01
1.372479051351547241e-01
1.415825635194778442e-01
1.445615738630294800e-01
1.440000981092453003e-01
1.434385031461715698e-01
1.417534500360488892e-01
1.357002705335617065e-01
1.290434151887893677e-01
1.208878010511398315e-01
1.113423258066177368e-01
1.036787480115890503e-01
9.733451902866363525e-02
9.046940505504608154e-02
8.468081057071685791e-02
8.136694133281707764e-02
7.956261932849884033e-02
7.999657094478607178e-02
8.234040439128875732e-02
8.612094819545745850e-02
9.334878623485565186e-02
1.006740778684616089e-01
1.079990714788436890e-01
1.170916706323623657e-01
1.287720650434494019e-01
1.397953480482101440e-01
1.537580341100692749e-01
1.647859662771224976e-01
1.764576137065887451e-01
1.846031099557876587e-01
1.848423033952713013e-01
1.826373785734176636e-01
1.797926574945449829e-01
1.752355247735977173e-01
1.660519987344741821e-01
1.564585715532302856e-01
1.456078439950942993e-01
1.289321035146713257e-01
1.128814071416854858e-01
9.787981212139129639e-02
8.512438833713531494e-02
7.269389927387237549e-02
6.441427767276763916e-02
6.031541526317596436e-02
5.715970695018768311e-02
5.400393903255462646e-02
5.122111737728118896e-02
5.211101472377777100e-02
5.328996479511260986e-02
6.009955704212188721e-02
6.893406808376312256e-02
7.537822425365447998e-02
8.523072302341461182e-02
9.904433786869049072e-02
1.128554791212081909e-01
1.224888414144515991e-01
1.292314976453781128e-01
1.300466209650039673e-01
1.295741945505142212e-01
1.296626776456832886e-01
1.209629923105239868e-01
1.105409115552902222e-01
1.048914045095443726e-01
1.020097285509109497e-01
1.023291200399398804e-01
1.050686687231063843e-01
1.097202152013778687e-01
1.149103492498397827e-01
1.167020052671432495e-01
1.164483577013015747e-01
1.161945909261703491e-01
1.158310025930404663e-01
1.154036372900009155e-01
1.164826601743698120e-01
1.183050125837326050e-01
1.217395514249801636e-01
1.256115883588790894e-01
1.285905092954635620e-01
1.291159838438034058e-01
1.303482502698898315e-01
1.315435022115707397e-01
1.307497173547744751e-01
1.241617649793624878e-01
1.166784018278121948e-01
1.097850352525711060e-01
1.028918474912643433e-01
9.640012681484222412e-02
9.315072000026702881e-02
9.019316732883453369e-02
9.967796504497528076e-02
1.111811846494674683e-01
1.232080310583114624e-01
1.352346390485763550e-01
1.472613066434860229e-01
1.545830219984054565e-01
1.614585369825363159e-01
1.685070842504501343e-01
1.742321103811264038e-01
1.756351441144943237e-01
1.771028488874435425e-01
1.786562055349349976e-01
1.592973321676254272e-01
1.684512346982955933e-01
1.774274557828903198e-01
1.863195151090621948e-01
1.959520429372787476e-01
2.057668417692184448e-01
2.157848924398422241e-01
2.191140502691268921e-01
2.158079594373703003e-01
2.125015705823898315e-01
2.099375575780868530e-01
2.083597034215927124e-01
2.072030156850814819e-01
2.063143700361251831e-01
2.065645307302474976e-01
2.058461159467697144e-01
2.035229057073593140e-01
2.003252953290939331e-01
1.960757523775100708e-01
1.912112981081008911e-01
1.847807615995407104e-01
1.791579276323318481e-01
1.740994900465011597e-01
1.714425534009933472e-01
1.660171896219253540e-01
1.590193957090377808e-01
1.516481190919876099e-01
1.442766934633255005e-01
1.387821286916732788e-01
1.375275105237960815e-01
1.415654569864273071e-01
1.429706662893295288e-01
1.424091607332229614e-01
1.418473869562149048e-01
1.412858515977859497e-01
1.373583227396011353e-01
1.306132227182388306e-01
1.208855062723159790e-01
1.113392263650894165e-01
1.017931550741195679e-01
9.468577802181243896e-02
8.625070750713348389e-02
7.828481495380401611e-02
7.355038821697235107e-02
7.130478322505950928e-02
7.096640765666961670e-02
7.528768479824066162e-02
8.009465038776397705e-02
8.409105241298675537e-02
9.079281985759735107e-02
1.015046387910842896e-01
1.142672151327133179e-01
1.270298212766647339e-01
1.377145200967788696e-01
1.516472548246383667e-01
1.645755022764205933e-01
1.759804189205169678e-01
1.843445897102355957e-01
1.858663409948348999e-01
1.848040372133255005e-01
1.819064170122146606e-01
1.775562614202499390e-01
1.692291349172592163e-01
1.595681309700012207e-01
1.481855362653732300e-01
1.316591948270797729e-01
1.136773079633712769e-01
9.889085590839385986e-02
8.634029328823089600e-02
7.404972612857818604e-02
6.505118310451507568e-02
6.037054955959320068e-02
5.721487104892730713e-02
5.405910313129425049e-02
5.135594308376312256e-02
5.155090987682342529e-02
5.279974639415740967e-02
5.467893183231353760e-02
6.272132694721221924e-02
7.521156966686248779e-02
8.727984130382537842e-02
1.011823862791061401e-01
1.107551604509353638e-01
1.170964092016220093e-01
1.232202500104904175e-01
1.252788156270980835e-01
1.245789974927902222e-01
1.212773770093917847e-01
1.133171766996383667e-01
1.016903966665267944e-01
9.570686519145965576e-02
9.221123158931732178e-02
9.336079657077789307e-02
9.610016644001007080e-02
1.008723229169845581e-01
1.058690398931503296e-01
1.059268862009048462e-01
1.053055077791213989e-01
1.047698110342025757e-01
1.056738644838333130e-01
1.073083132505416870e-01
1.103170663118362427e-01
1.141893714666366577e-01
1.180614680051803589e-01
1.222046762704849243e-01
1.265541166067123413e-01
1.279327720403671265e-01
1.292216032743453979e-01
1.302905529737472534e-01
1.312501281499862671e-01
1.242073029279708862e-01
1.170431226491928101e-01
1.104681938886642456e-01
1.040558069944381714e-01
1.007557362318038940e-01
9.754286706447601318e-02
9.713910520076751709e-02
1.088963598012924194e-01
1.212832480669021606e-01
1.339305490255355835e-01
1.465777307748794556e-01
1.552906483411788940e-01
1.623391360044479370e-01
1.693879812955856323e-01
1.764365285634994507e-01
1.812284439802169800e-01
1.830387562513351440e-01
1.848829835653305054e-01
1.867224425077438354e-01
1.681460589170455933e-01
1.787196844816207886e-01
1.890547722578048706e-01
1.985037773847579956e-01
2.074767202138900757e-01
2.165643423795700073e-01
2.264028638601303101e-01
2.274859398603439331e-01
2.241310924291610718e-01
2.204647511243820190e-01
2.171583026647567749e-01
2.145527452230453491e-01
2.126754373311996460e-01
2.104229778051376343e-01
2.070021480321884155e-01
2.024701684713363647e-01
1.984880417585372925e-01
1.945878714323043823e-01
1.906878203153610229e-01
1.867877691984176636e-01
1.829722076654434204e-01
1.778543442487716675e-01
1.725926846265792847e-01
1.688600033521652222e-01
1.646312326192855835e-01
1.590504199266433716e-01
1.520602852106094360e-01
1.446886509656906128e-01
1.392237395048141479e-01
1.379692107439041138e-01
1.415481418371200562e-01
1.413794606924057007e-01
1.408179253339767456e-01
1.402563303709030151e-01
1.396945863962173462e-01
1.390021890401840210e-01
1.329633742570877075e-01
1.240351647138595581e-01
1.114123016595840454e-01
1.017904430627822876e-01
9.169863164424896240e-02
8.232246339321136475e-02
7.312132418155670166e-02
6.677304208278656006e-02
6.304834783077239990e-02
6.259121000766754150e-02
6.770958006381988525e-02
7.282777130603790283e-02
7.784898579120635986e-02
8.754663169384002686e-02
9.876273572444915771e-02
1.110384911298751831e-01
1.219498366117477417e-01
1.322623044252395630e-01
1.465361565351486206e-01
1.622346490621566772e-01
1.739668101072311401e-01
1.802390068769454956e-01
1.844607293605804443e-01
1.875916272401809692e-01
1.871175765991210938e-01
1.839293986558914185e-01
1.774956136941909790e-01
1.666055172681808472e-01
1.536299884319305420e-01
1.373365074396133423e-01
1.187027543783187866e-01
1.027751415967941284e-01
8.902002871036529541e-02
7.591961324214935303e-02
6.582270562648773193e-02
6.042565405368804932e-02
5.726997554302215576e-02
5.418209731578826904e-02
5.260954797267913818e-02
5.204389989376068115e-02
5.391226708889007568e-02
5.614434182643890381e-02
6.010659039020538330e-02
7.348914444446563721e-02
8.978860080242156982e-02
1.011901050806045532e-01
1.062326878309249878e-01
1.115788072347640991e-01
1.168277710676193237e-01
1.175526231527328491e-01
1.148418039083480835e-01
1.102879792451858521e-01
1.039304286241531372e-01
9.120593965053558350e-02
8.590395748615264893e-02
8.269606530666351318e-02
8.376599848270416260e-02
8.613802492618560791e-02
9.066264331340789795e-02
9.473173320293426514e-02
9.412966668605804443e-02
9.486521780490875244e-02
9.641532599925994873e-02
9.889875352382659912e-02
1.030254513025283813e-01
1.071587651968002319e-01
1.112918704748153687e-01
1.166711300611495972e-01
1.227368563413619995e-01
1.256510466337203979e-01
1.272444576025009155e-01
1.288515776395797729e-01
1.294523924589157104e-01
1.308679431676864624e-01
1.254348009824752808e-01
1.183646172285079956e-01
1.119062155485153198e-01
1.087511628866195679e-01
1.061589270830154419e-01
1.035661548376083374e-01
1.085801571607589722e-01
1.212271898984909058e-01
1.338743418455123901e-01
1.465216130018234253e-01
1.561715751886367798e-01
1.632202118635177612e-01
1.702685505151748657e-01
1.773174256086349487e-01
1.843657940626144409e-01
1.882247179746627808e-01
1.895868033170700073e-01
1.901716440916061401e-01
1.909087151288986206e-01
1.756310313940048218e-01
1.874519437551498413e-01
1.979988068342208862e-01
2.084404081106185913e-01
2.188113182783126831e-01
2.288397401571273804e-01
2.347583025693893433e-01
2.335582226514816284e-01
2.331091612577438354e-01
2.294225543737411499e-01
2.253954261541366577e-01
2.205875366926193237e-01
2.156089991331100464e-01
2.096875160932540894e-01
2.043590396642684937e-01
1.991900652647018433e-01
1.934118121862411499e-01
1.888507753610610962e-01
1.849506050348281860e-01
1.810504943132400513e-01
1.781225949525833130e-01
1.760029941797256470e-01
1.710050553083419800e-01
1.660633236169815063e-01
1.617934554815292358e-01
1.576112657785415649e-01
1.522153168916702271e-01
1.451012343168258667e-01
1.396656483411788940e-01
1.384110897779464722e-01
1.403499990701675415e-01
1.397884041070938110e-01
1.392269283533096313e-01
1.386652737855911255e-01
1.381036192178726196e-01
1.375417560338973999e-01
1.346071809530258179e-01
1.279711872339248657e-01
1.149275451898574829e-01
1.020867079496383667e-01
8.989290893077850342e-02
7.852838933467864990e-02
6.873820722103118896e-02
6.047667562961578369e-02
5.544520914554595947e-02
5.611415207386016846e-02
6.013111770153045654e-02
6.625007092952728271e-02
7.635976374149322510e-02
8.697243034839630127e-02
9.696532785892486572e-02
1.066244095563888550e-01
1.158178895711898804e-01
1.264068484306335449e-01
1.403501480817794800e-01
1.560635268688201904e-01
1.705121099948883057e-01
1.761087626218795776e-01
1.804592758417129517e-01
1.851635724306106567e-01
1.906740218400955200e-01
1.907334774732589722e-01
1.849885135889053345e-01
1.732171624898910522e-01
1.601496487855911255e-01
1.446409076452255249e-01
1.263363212347030640e-01
1.100958436727523804e-01
9.651349484920501709e-02
8.338202536106109619e-02
7.246296107769012451e-02
6.535886228084564209e-02
6.133811175823211670e-02
5.893532931804656982e-02
5.689658224582672119e-02
5.485774576663970947e-02
5.590985715389251709e-02
5.861778557300567627e-02
6.457401812076568604e-02
7.423762977123260498e-02
9.011654555797576904e-02
9.889297187328338623e-02
1.013363748788833618e-01
1.049945205450057983e-01
1.069103330373764038e-01
1.057434231042861938e-01
1.030247360467910767e-01
9.699730575084686279e-02
9.031562507152557373e-02
7.931478321552276611e-02
7.464049756526947021e-02
7.191948592662811279e-02
7.322858273983001709e-02
7.560043036937713623e-02
8.024562895298004150e-02
8.411394059658050537e-02
8.591060340404510498e-02
8.818058669567108154e-02
9.217034280300140381e-02
9.630368649959564209e-02
1.004370898008346558e-01
1.052856892347335815e-01
1.116942614316940308e-01
1.179639250040054321e-01
1.236664503812789917e-01
1.260508745908737183e-01
1.276579946279525757e-01
1.287103146314620972e-01
1.298906654119491577e-01
1.320922821760177612e-01
1.281821280717849731e-01
1.218262761831283569e-01
1.187265962362289429e-01
1.161339730024337769e-01
1.135417371988296509e-01
1.133049577474594116e-01
1.211710423231124878e-01
1.338181942701339722e-01
1.464654654264450073e-01
1.570521444082260132e-01
1.641007810831069946e-01
1.711493581533432007e-01
1.781978458166122437e-01
1.852464824914932251e-01
1.915383785963058472e-01
1.932382434606552124e-01
1.938228458166122437e-01
1.917449682950973511e-01
1.898220628499984741e-01
1.834283322095870972e-01
1.950050443410873413e-01
2.067574709653854370e-01
2.172776311635971069e-01
2.277195900678634644e-01
2.384587377309799194e-01
2.410934418439865112e-01
2.410899251699447632e-01
2.399997562170028687e-01
2.374195307493209839e-01
2.306884378194808960e-01
2.228935807943344116e-01
2.149633616209030151e-01
2.084520906209945679e-01
2.021288722753524780e-01
1.962354630231857300e-01
1.903163641691207886e-01
1.845404654741287231e-01
1.796210259199142456e-01
1.753132790327072144e-01
1.728833168745040894e-01
1.707663387060165405e-01
1.681890040636062622e-01
1.640152484178543091e-01
1.588707119226455688e-01
1.547432094812393188e-01
1.505913883447647095e-01
1.453804522752761841e-01
1.401073783636093140e-01
1.388527303934097290e-01
1.387591212987899780e-01
1.381973475217819214e-01
1.376358419656753540e-01
1.370740681886672974e-01
1.365124136209487915e-01
1.359509080648422241e-01
1.353892236948013306e-01
1.302119940519332886e-01
1.186061352491378784e-01
1.044919937849044800e-01
8.874236047267913818e-02
7.600148022174835205e-02
6.514070928096771240e-02
5.515412986278533936e-02
4.945512115955352783e-02
4.976417124271392822e-02
5.437375605106353760e-02
6.397099792957305908e-02
7.385085523128509521e-02
8.382044732570648193e-02
9.531514346599578857e-02
1.036565154790878296e-01
1.114137023687362671e-01
1.210689991712570190e-01
1.341642737388610840e-01
1.492066234350204468e-01
1.623608618974685669e-01
1.702141910791397095e-01
1.760335117578506470e-01
1.822342276573181152e-01
1.881726980209350586e-01
1.934637427330017090e-01
1.904945820569992065e-01
1.797062307596206665e-01
1.666694283485412598e-01
1.518913656473159790e-01
1.340687721967697144e-01
1.183982640504837036e-01
1.043628603219985962e-01
9.312357008457183838e-02
8.283708989620208740e-02
7.320277392864227295e-02
6.828300654888153076e-02
6.615038216114044189e-02
6.401778757572174072e-02
6.203226745128631592e-02
6.153328716754913330e-02
6.645707786083221436e-02
7.392694056034088135e-02
8.356021344661712646e-02
9.198154509067535400e-02
9.396694600582122803e-02
9.531058371067047119e-02
9.384344518184661865e-02
9.362061321735382080e-02
9.146498143672943115e-02
8.770473301410675049e-02
8.183757960796356201e-02
7.515330612659454346e-02
6.713630259037017822e-02
6.326855719089508057e-02
6.121318042278289795e-02
6.304053962230682373e-02
6.669895350933074951e-02
7.377730309963226318e-02
7.760845124721527100e-02
8.136962354183197021e-02
8.582131564617156982e-02
9.027294814586639404e-02
9.475724399089813232e-02
1.009192317724227905e-01
1.073279827833175659e-01
1.135499030351638794e-01
1.195099204778671265e-01
1.256449073553085327e-01
1.278726905584335327e-01
1.297829598188400269e-01
1.309134215116500854e-01
1.327076405286788940e-01
1.348473876714706421e-01
1.324010938405990601e-01
1.287020295858383179e-01
1.261093169450759888e-01
1.235611289739608765e-01
1.233925968408584595e-01
1.233421415090560913e-01
1.337618976831436157e-01
1.464092284440994263e-01
1.579328626394271851e-01
1.649815887212753296e-01
1.720302253961563110e-01
1.790787428617477417e-01
1.850623339414596558e-01
1.908848434686660767e-01
1.959478706121444702e-01
1.935705393552780151e-01
1.909467428922653198e-01
1.880227178335189819e-01
1.874741762876510620e-01
1.913388222455978394e-01
2.033406943082809448e-01
2.149161547422409058e-01
2.262375801801681519e-01
2.365569323301315308e-01
2.448680847883224487e-01
2.452588528394699097e-01
2.441304177045822144e-01
2.417991608381271362e-01
2.380682677030563354e-01
2.327391952276229858e-01
2.239100188016891479e-01
2.157600373029708862e-01
2.080391496419906616e-01
2.009953707456588745e-01
1.945700496435165405e-01
1.879550963640213013e-01
1.814424842596054077e-01
1.756689995527267456e-01
1.709299832582473755e-01
1.678845435380935669e-01
1.655271798372268677e-01
1.634102910757064819e-01
1.606344729661941528e-01
1.548298150300979614e-01
1.512668281793594360e-01
1.476927846670150757e-01
1.436862796545028687e-01
1.405406445264816284e-01
1.392944902181625366e-01
1.371677666902542114e-01
1.366063207387924194e-01
1.360446065664291382e-01
1.354828923940658569e-01
1.349212974309921265e-01
1.343597620725631714e-01
1.336529701948165894e-01
1.313609033823013306e-01
1.218738108873367310e-01
1.066433638334274292e-01
9.079314768314361572e-02
7.481293380260467529e-02
6.189717352390289307e-02
5.045036971569061279e-02
4.288597404956817627e-02
4.615376889705657959e-02
5.331207811832427979e-02
6.214885413646697998e-02
7.174618542194366455e-02
8.134318888187408447e-02
9.039910137653350830e-02
1.004323810338973999e-01
1.087353974580764771e-01
1.178731173276901245e-01
1.292402297258377075e-01
1.427844911813735962e-01
1.542129367589950562e-01
1.640889197587966919e-01
1.707195937633514404e-01
1.772819161415100098e-01
1.843362301588058472e-01
1.891984492540359497e-01
1.903809159994125366e-01
1.853397339582443237e-01
1.731891185045242310e-01
1.586418151855468750e-01
1.431829482316970825e-01
1.281800717115402222e-01
1.136331409215927124e-01
1.032632738351821899e-01
9.374307096004486084e-02
8.386592566967010498e-02
7.723052799701690674e-02
7.348375022411346436e-02
7.036037743091583252e-02
6.833420693874359131e-02
6.957583129405975342e-02
7.641051709651947021e-02
8.549930155277252197e-02
9.410341084003448486e-02
9.383939206600189209e-02
8.854062855243682861e-02
8.589233458042144775e-02
8.374603092670440674e-02
8.201567828655242920e-02
8.015550673007965088e-02
7.509137690067291260e-02
6.913481652736663818e-02
6.224440038204193115e-02
5.637632310390472412e-02
5.341373383998870850e-02
5.234463512897491455e-02
5.666203796863555908e-02
6.188486516475677490e-02
7.083185017108917236e-02
7.577623426914215088e-02
8.022795617580413818e-02
8.472178876399993896e-02
9.043972194194793701e-02
9.722916781902313232e-02
1.042584031820297241e-01
1.109195202589035034e-01
1.172425597906112671e-01
1.235661953687667847e-01
1.290496736764907837e-01
1.312773674726486206e-01
1.324314028024673462e-01
1.335645169019699097e-01
1.364495009183883667e-01
1.376021951436996460e-01
1.388916224241256714e-01
1.360848397016525269e-01
1.335934251546859741e-01
1.334801763296127319e-01
1.334299594163894653e-01
1.337057799100875854e-01
1.463529318571090698e-01
1.588135808706283569e-01
1.658623665571212769e-01
1.727633923292160034e-01
1.785860508680343628e-01
1.844086199998855591e-01
1.882949322462081909e-01
1.909092515707015991e-01
1.927724331617355347e-01
1.901346892118453979e-01
1.871188730001449585e-01
1.852664202451705933e-01
1.837203353643417358e-01
1.989524215459823608e-01
2.112510055303573608e-01
2.232528775930404663e-01
2.348273247480392456e-01
2.461905926465988159e-01
2.475649565458297729e-01
2.448848932981491089e-01
2.412555068731307983e-01
2.376265376806259155e-01
2.339972704648971558e-01
2.303683608770370483e-01
2.259176820516586304e-01
2.175597399473190308e-01
2.087652534246444702e-01
2.011148184537887573e-01
1.940709203481674194e-01
1.867031306028366089e-01
1.796318441629409790e-01
1.728947311639785767e-01
1.674805134534835815e-01
1.643355935811996460e-01
1.612897962331771851e-01
1.582443267107009888e-01
1.561375409364700317e-01
1.503962725400924683e-01
1.463573127985000610e-01
1.432921141386032104e-01
1.402273029088973999e-01
1.388303488492965698e-01
1.387303918600082397e-01
1.355767399072647095e-01
1.350150853395462036e-01
1.344534605741500854e-01
1.338918656110763550e-01
1.332975178956985474e-01
1.323860138654708862e-01
1.314747780561447144e-01
1.305634230375289917e-01
1.231757849454879761e-01
1.079429239034652710e-01
9.150661528110504150e-02
7.507051527500152588e-02
5.889509618282318115e-02
4.627679288387298584e-02
4.406590759754180908e-02
4.654167592525482178e-02
5.261273682117462158e-02
6.032685935497283936e-02
6.992401182651519775e-02
7.917307317256927490e-02
8.665181696414947510e-02
9.526352584362030029e-02
1.053561419248580933e-01
1.159851700067520142e-01
1.267813891172409058e-01
1.385928243398666382e-01
1.469676345586776733e-01
1.561349779367446899e-01
1.656107604503631592e-01
1.724268645048141479e-01
1.777060627937316895e-01
1.825187653303146362e-01
1.857050210237503052e-01
1.863699257373809814e-01
1.791137605905532837e-01
1.667739003896713257e-01
1.529035717248916626e-01
1.383856087923049927e-01
1.242631822824478149e-01
1.135198920965194702e-01
1.044361442327499390e-01
9.548227488994598389e-02
8.642785251140594482e-02
8.023039996623992920e-02
7.655428349971771240e-02
7.666398584842681885e-02
7.946012914180755615e-02
8.700685203075408936e-02
9.639625251293182373e-02
9.753508865833282471e-02
9.064982831478118896e-02
8.410944044589996338e-02
7.689283788204193115e-02
7.261790335178375244e-02
7.035745680332183838e-02
6.942556798458099365e-02
6.487159430980682373e-02
5.938561260700225830e-02
5.297093093395233154e-02
4.915688931941986084e-02
5.121298134326934814e-02
5.234630405902862549e-02
5.740030109882354736e-02
6.461118161678314209e-02
7.326914370059967041e-02
7.771228253841400146e-02
8.248768746852874756e-02
8.883868157863616943e-02
9.523873031139373779e-02
1.022626012563705444e-01
1.088090389966964722e-01
1.151323765516281128e-01
1.214558929204940796e-01
1.277791410684585571e-01
1.324541419744491577e-01
1.339378207921981812e-01
1.350796073675155640e-01
1.365664452314376831e-01
1.396160870790481567e-01
1.423382312059402466e-01
1.461810320615768433e-01
1.436257511377334595e-01
1.435680240392684937e-01
1.435175389051437378e-01
1.434671133756637573e-01
1.462967246770858765e-01
1.589440554380416870e-01
1.662869304418563843e-01
1.721096485853195190e-01
1.779323071241378784e-01
1.805772930383682251e-01
1.831916421651840210e-01
1.858057230710983276e-01
1.884199231863021851e-01
1.892303675413131714e-01
1.859746426343917847e-01
1.831113547086715698e-01
1.813673228025436401e-01
1.760369390249252319e-01
2.053430527448654175e-01
2.183475941419601440e-01
2.310368269681930542e-01
2.412352412939071655e-01
2.483754009008407593e-01
2.456248253583908081e-01
2.414958328008651733e-01
2.373673766851425171e-01
2.333520501852035522e-01
2.297229021787643433e-01
2.260934561491012573e-01
2.224643677473068237e-01
2.178495973348617554e-01
2.104800790548324585e-01
2.023703902959823608e-01
1.943665593862533569e-01
1.871469467878341675e-01
1.790291219949722290e-01
1.713091880083084106e-01
1.657531112432479858e-01
1.610414236783981323e-01
1.577403694391250610e-01
1.546950191259384155e-01
1.516370028257369995e-01
1.462752074003219604e-01
1.414476186037063599e-01
1.383828371763229370e-01
1.353178471326828003e-01
1.343909054994583130e-01
1.351409107446670532e-01
1.339858621358871460e-01
1.334241181612014771e-01
1.328625828027725220e-01
1.320307105779647827e-01
1.311192065477371216e-01
1.298074573278427124e-01
1.283098310232162476e-01
1.268124729394912720e-01
1.222801953554153442e-01
1.077719777822494507e-01
9.176407754421234131e-02
7.532782852649688721e-02
6.055776774883270264e-02
5.145327746868133545e-02
4.841090738773345947e-02
4.849220812320709229e-02
5.191342532634735107e-02
5.907164514064788818e-02
6.810180842876434326e-02
7.599143683910369873e-02
8.351431787014007568e-02
9.131862223148345947e-02
1.012279838323593140e-01
1.136820167303085327e-01
1.247263550758361816e-01
1.345651596784591675e-01
1.413872689008712769e-01
1.496458202600479126e-01
1.587399840354919434e-01
1.662639677524566650e-01
1.716071665287017822e-01
1.770162433385848999e-01
1.812937408685684204e-01
1.832173466682434082e-01
1.794631630182266235e-01
1.710200160741806030e-01
1.620554924011230469e-01
1.485914140939712524e-01
1.353382021188735962e-01
1.239372938871383667e-01
1.140071004629135132e-01
1.047553271055221558e-01
9.391184151172637939e-02
8.679552376270294189e-02
8.573804795742034912e-02
8.648620545864105225e-02
9.125553071498870850e-02
9.693907201290130615e-02
9.957788884639739990e-02
9.505592286586761475e-02
8.646206557750701904e-02
7.864497601985931396e-02
7.051925361156463623e-02
6.396804749965667725e-02
6.011007726192474365e-02
6.000985205173492432e-02
5.721987783908843994e-02
5.201621353626251221e-02
4.747797548770904541e-02
4.650275409221649170e-02
5.207733809947967529e-02
5.683253705501556396e-02
6.423468887805938721e-02
7.197488844394683838e-02
7.956521213054656982e-02
8.550940454006195068e-02
9.190957248210906982e-02
9.830962121486663818e-02
1.047098189592361450e-01
1.105127781629562378e-01
1.162070184946060181e-01
1.219012886285781860e-01
1.275957077741622925e-01
1.332896798849105835e-01
1.361124366521835327e-01
1.366253346204757690e-01
1.376048773527145386e-01
1.405244320631027222e-01
1.440606564283370972e-01
1.481635719537734985e-01
1.525288671255111694e-01
1.536558419466018677e-01
1.536050885915756226e-01
1.535547226667404175e-01
1.535043269395828247e-01
1.581230014562606812e-01
1.656331270933151245e-01
1.702453345060348511e-01
1.728595942258834839e-01
1.754737645387649536e-01
1.780880540609359741e-01
1.807023733854293823e-01
1.833165138959884644e-01
1.857059448957443237e-01
1.846347302198410034e-01
1.808546632528305054e-01
1.789517849683761597e-01
1.764132827520370483e-01
1.670058220624923706e-01
2.120405882596969604e-01
2.235373705625534058e-01
2.329252809286117554e-01
2.413840740919113159e-01
2.435449212789535522e-01
2.411036342382431030e-01
2.383267730474472046e-01
2.341976612806320190e-01
2.300690263509750366e-01
2.259398549795150757e-01
2.218189090490341187e-01
2.181895822286605835e-01
2.145604938268661499e-01
2.096141427755355835e-01
2.023761123418807983e-01
1.950427740812301636e-01
1.881368905305862427e-01
1.796942800283432007e-01
1.713547557592391968e-01
1.652300208806991577e-01
1.597111970186233521e-01
1.550016254186630249e-01
1.511456817388534546e-01
1.481001526117324829e-01
1.426947563886642456e-01
1.371536999940872192e-01
1.334733814001083374e-01
1.304082125425338745e-01
1.294275969266891479e-01
1.285479217767715454e-01
1.290913671255111694e-01
1.313397735357284546e-01
1.302279084920883179e-01
1.287303715944290161e-01
1.272328943014144897e-01
1.257352977991104126e-01
1.242379397153854370e-01
1.221423894166946411e-01
1.181882470846176147e-01
1.068763285875320435e-01
9.202168881893157959e-02
7.877714931964874268e-02
6.777836382389068604e-02
5.973686277866363525e-02
5.505613982677459717e-02
5.157281458377838135e-02
5.372981727123260498e-02
5.837239325046539307e-02
6.536068022251129150e-02
7.316480576992034912e-02
8.106096088886260986e-02
8.905692398548126221e-02
9.774143993854522705e-02
1.101573258638381958e-01
1.217118352651596069e-01
1.301359981298446655e-01
1.369576752185821533e-01
1.450519710779190063e-01
1.533278077840805054e-01
1.615600734949111938e-01
1.666603535413742065e-01
1.720090359449386597e-01
1.768111735582351685e-01
1.786896437406539917e-01
1.776062399148941040e-01
1.703040152788162231e-01
1.644680052995681763e-01
1.562520563602447510e-01
1.444904357194900513e-01
1.322057694196701050e-01
1.218069940805435181e-01
1.116331070661544800e-01
1.021508425474166870e-01
9.684990346431732178e-02
9.592585265636444092e-02
1.001237481832504272e-01
1.030489653348922729e-01
1.032083481550216675e-01
9.902505576610565186e-02
9.205119311809539795e-02
8.241753280162811279e-02
7.368074357509613037e-02
6.587363779544830322e-02
5.897788703441619873e-02
5.302117764949798584e-02
5.268122255802154541e-02
5.327467620372772217e-02
4.979355633258819580e-02
4.653488099575042725e-02
4.860143363475799561e-02
5.623053014278411865e-02
6.483201682567596436e-02
7.217447459697723389e-02
8.072124421596527100e-02
8.876650035381317139e-02
9.507273137569427490e-02
1.013806909322738647e-01
1.077747792005538940e-01
1.134691685438156128e-01
1.191634386777877808e-01
1.248575299978256226e-01
1.305519193410873413e-01
1.362461298704147339e-01
1.418549269437789917e-01
1.431984156370162964e-01
1.437113434076309204e-01
1.442730575799942017e-01
1.487544625997543335e-01
1.524761766195297241e-01
1.563247889280319214e-01
1.624072939157485962e-01
1.643955260515213013e-01
1.637159436941146851e-01
1.625189036130905151e-01
1.612425297498703003e-01
1.625277847051620483e-01
1.651421040296554565e-01
1.677563637495040894e-01
1.703706234693527222e-01
1.729850023984909058e-01
1.755992025136947632e-01
1.782131046056747437e-01
1.804968565702438354e-01
1.816069334745407104e-01
1.785648316144943237e-01
1.765357106924057007e-01
1.743954271078109741e-01
1.675788015127182007e-01
1.579744666814804077e-01
2.100283950567245483e-01
2.214627712965011597e-01
2.320914119482040405e-01
2.401801198720932007e-01
2.383915632963180542e-01
2.365012019872665405e-01
2.341819852590560913e-01
2.311545461416244507e-01
2.268996685743331909e-01
2.227707356214523315e-01
2.186418622732162476e-01
2.145128697156906128e-01
2.103841155767440796e-01
2.066562622785568237e-01
2.013786286115646362e-01
1.941405981779098511e-01
1.870645731687545776e-01
1.803641766309738159e-01
1.730638891458511353e-01
1.661054641008377075e-01
1.598226279020309448e-01
1.541479974985122681e-01
1.489620059728622437e-01
1.450782567262649536e-01
1.392080634832382202e-01
1.323594599962234497e-01
1.299921423196792603e-01
1.259987205266952515e-01
1.236314922571182251e-01
1.212070435285568237e-01
1.203567534685134888e-01
1.234753578901290894e-01
1.248963624238967896e-01
1.243629604578018188e-01
1.231612414121627808e-01
1.216636449098587036e-01
1.201663464307785034e-01
1.168726235628128052e-01
1.129184514284133911e-01
1.053761690855026245e-01
9.619002044200897217e-02
8.599792420864105225e-02
7.507608830928802490e-02
6.848607957363128662e-02
6.333951652050018311e-02
5.865888297557830811e-02
5.617599189281463623e-02
5.959160625934600830e-02
6.336493790149688721e-02
7.087875902652740479e-02
7.887472212314605713e-02
8.687059581279754639e-02
9.505118429660797119e-02
1.062983870506286621e-01
1.182176023721694946e-01
1.258740574121475220e-01
1.342602670192718506e-01
1.419290155172348022e-01
1.489268392324447632e-01
1.560896486043930054e-01
1.633377522230148315e-01
1.673018783330917358e-01
1.715934127569198608e-01
1.732130199670791626e-01
1.732700318098068237e-01
1.680759489536285400e-01
1.625433713197708130e-01
1.553150862455368042e-01
1.484402567148208618e-01
1.399921029806137085e-01
1.285834461450576782e-01
1.193685084581375122e-01
1.143267601728439331e-01
1.091365069150924683e-01
1.094386428594589233e-01
1.117329448461532593e-01
1.128367334604263306e-01
1.067102402448654175e-01
9.920124709606170654e-02
8.885617554187774658e-02
7.947830855846405029e-02
7.056979835033416748e-02
6.338329613208770752e-02
5.678500235080718994e-02
5.264659225940704346e-02
5.275283753871917725e-02
5.284370481967926025e-02
5.092231929302215576e-02
4.904101788997650146e-02
5.281125009059906006e-02
6.091205775737762451e-02
7.308994233608245850e-02
8.221657574176788330e-02
9.206055104732513428e-02
9.870652854442596436e-02
1.050128489732742310e-01
1.111987680196762085e-01
1.167991012334823608e-01
1.223994046449661255e-01
1.280000656843185425e-01
1.336003094911575317e-01
1.392025798559188843e-01
1.448966413736343384e-01
1.497492045164108276e-01
1.502843350172042847e-01
1.506923884153366089e-01
1.537710577249526978e-01
1.592655628919601440e-01
1.632264405488967896e-01
1.692420691251754761e-01
1.752626746892929077e-01
1.774889081716537476e-01
1.750987619161605835e-01
1.699846833944320679e-01
1.628337353467941284e-01
1.626624315977096558e-01
1.646476536989212036e-01
1.666327863931655884e-01
1.686179190874099731e-01
1.706029623746871948e-01
1.730656474828720093e-01
1.752880066633224487e-01
1.759618371725082397e-01
1.758527010679244995e-01
1.741196364164352417e-01
1.719793528318405151e-01
1.681521385908126831e-01
1.585478037595748901e-01
1.489432305097579956e-01
2.061806172132492065e-01
2.174146026372909546e-01
2.286482304334640503e-01
2.332034558057785034e-01
2.322840541601181030e-01
2.315479964017868042e-01
2.296568602323532104e-01
2.273372858762741089e-01
2.246873825788497925e-01
2.206715196371078491e-01
2.159249037504196167e-01
2.113435119390487671e-01
2.072144001722335815e-01
2.030858248472213745e-01
1.989568322896957397e-01
1.931433826684951782e-01
1.859052628278732300e-01
1.789658814668655396e-01
1.725391894578933716e-01
1.669808775186538696e-01
1.613178104162216187e-01
1.546995490789413452e-01
1.487407237291336060e-01
1.433148831129074097e-01
1.367994993925094604e-01
1.283740252256393433e-01
1.242145746946334839e-01
1.213866025209426880e-01
1.162625402212142944e-01
1.125533431768417358e-01
1.107925921678543091e-01
1.139112263917922974e-01
1.170298606157302856e-01
1.184028834104537964e-01
1.178694218397140503e-01
1.173361092805862427e-01
1.155571192502975464e-01
1.116030961275100708e-01
1.084545701742172241e-01
1.074887663125991821e-01
1.022576540708541870e-01
9.313912689685821533e-02
8.368162810802459717e-02
7.750914990901947021e-02
7.162313163280487061e-02
6.726767122745513916e-02
6.295563280582427979e-02
6.109698116779327393e-02
6.415753066539764404e-02
6.899751722812652588e-02
7.668845355510711670e-02
8.502544462680816650e-02
9.389986097812652588e-02
1.039731055498123169e-01
1.149206310510635376e-01
1.213548034429550171e-01
1.303509473800659180e-01
1.377842277288436890e-01
1.442068666219711304e-01
1.508883535861968994e-01
1.576835364103317261e-01
1.627129912376403809e-01
1.663513332605361938e-01
1.672554463148117065e-01
1.674813032150268555e-01
1.628379523754119873e-01
1.593720763921737671e-01
1.545061618089675903e-01
1.479586809873580933e-01
1.421059221029281616e-01
1.356563419103622437e-01
1.321124881505966187e-01
1.276166886091232300e-01
1.240992993116378784e-01
1.218168288469314575e-01
1.222416013479232788e-01
1.184246093034744263e-01
1.104400008916854858e-01
1.002950519323348999e-01
8.953081071376800537e-02
7.922266423702239990e-02
6.996373832225799561e-02
6.360726058483123779e-02
5.844561755657196045e-02
5.460758507251739502e-02
5.474539101123809814e-02
5.878560245037078857e-02
5.480377376079559326e-02
5.225564539432525635e-02
5.702136456966400146e-02
6.699077785015106201e-02
8.172158896923065186e-02
9.343545138835906982e-02
1.023403853178024292e-01
1.086464971303939819e-01
1.147179752588272095e-01
1.203183978796005249e-01
1.259188503026962280e-01
1.315191835165023804e-01
1.371196955442428589e-01
1.427199691534042358e-01
1.483204215764999390e-01
1.534083336591720581e-01
1.571369618177413940e-01
1.575559228658676147e-01
1.585439294576644897e-01
1.651123017072677612e-01
1.701282113790512085e-01
1.756796389818191528e-01
1.804694384336471558e-01
1.837875694036483765e-01
1.842688769102096558e-01
1.791548877954483032e-01
1.729407161474227905e-01
1.626255661249160767e-01
1.646109372377395630e-01
1.665960997343063354e-01
1.685813814401626587e-01
1.705664545297622681e-01
1.724015325307846069e-01
1.739557236433029175e-01
1.736028641462326050e-01
1.726041883230209351e-01
1.737328618764877319e-01
1.706853955984115601e-01
1.675890535116195679e-01
1.583311408758163452e-01
1.482587903738021851e-01
1.383276432752609253e-01
2.030006498098373413e-01
2.135667651891708374e-01
2.248001545667648315e-01
2.258111089468002319e-01
2.255859822034835815e-01
2.248132079839706421e-01
2.240403145551681519e-01
2.229684442281723022e-01
2.206624597311019897e-01
2.178158015012741089e-01
2.138668745756149292e-01
2.099180668592453003e-01
2.054416388273239136e-01
2.006952613592147827e-01
1.959489434957504272e-01
1.916581839323043823e-01
1.852180212736129761e-01
1.776697784662246704e-01
1.715800613164901733e-01
1.660442799329757690e-01
1.605085879564285278e-01
1.549726575613021851e-01
1.494405418634414673e-01
1.427124887704849243e-01
1.344494670629501343e-01
1.245763152837753296e-01
1.177979856729507446e-01
1.146497577428817749e-01
1.090176552534103394e-01
1.053085774183273315e-01
1.023224443197250366e-01
1.045126169919967651e-01
1.074654906988143921e-01
1.105841547250747681e-01
1.119094341993331909e-01
1.113760918378829956e-01
1.091076582670211792e-01
1.084489673376083374e-01
1.101482361555099487e-01
1.103212386369705200e-01
1.067280024290084839e-01
9.925447404384613037e-02
9.270475804805755615e-02
8.684267103672027588e-02
8.101449906826019287e-02
7.639802992343902588e-02
7.144401967525482178e-02
6.675143539905548096e-02
6.551425158977508545e-02
6.969608366489410400e-02
7.644836604595184326e-02
8.453918993473052979e-02
9.291771054267883301e-02
1.024334877729415894e-01
1.101025193929672241e-01
1.161692589521408081e-01
1.225223988294601440e-01
1.309156566858291626e-01
1.391706913709640503e-01
1.455934196710586548e-01
1.520160883665084839e-01
1.587556600570678711e-01
1.612752825021743774e-01
1.621112078428268433e-01
1.611364781856536865e-01
1.586209833621978760e-01
1.560957282781600952e-01
1.539276391267776489e-01
1.492997556924819946e-01
1.442524939775466919e-01
1.434608250856399536e-01
1.418097168207168579e-01
1.405434757471084595e-01
1.387669295072555542e-01
1.355339437723159790e-01
1.310306638479232788e-01
1.228611618280410767e-01
1.146917790174484253e-01
1.026236265897750854e-01
9.087373316287994385e-02
8.184914290904998779e-02
7.349054515361785889e-02
6.600047647953033447e-02
6.159760057926177979e-02
5.929933488368988037e-02
6.076197326183319092e-02
6.419686973094940186e-02
6.366671621799468994e-02
5.762808024883270264e-02
6.373547017574310303e-02
7.496224343776702881e-02
9.008799493312835693e-02
1.046542972326278687e-01
1.122805029153823853e-01
1.182373315095901489e-01
1.238376945257186890e-01
1.294382065534591675e-01
1.350384801626205444e-01
1.406389027833938599e-01
1.462392657995223999e-01
1.518397778272628784e-01
1.572570353746414185e-01
1.617716997861862183e-01
1.646917313337326050e-01
1.655494421720504761e-01
1.704476922750473022e-01
1.767072230577468872e-01
1.814203113317489624e-01
1.831488460302352905e-01
1.846361607313156128e-01
1.864717155694961548e-01
1.883252114057540894e-01
1.830480247735977173e-01
1.723356992006301880e-01
1.645742207765579224e-01
1.665595620870590210e-01
1.685446053743362427e-01
1.705296784639358521e-01
1.722549051046371460e-01
1.730463951826095581e-01
1.722323149442672729e-01
1.707805246114730835e-01
1.709462255239486694e-01
1.719766706228256226e-01
1.688806265592575073e-01
1.626115888357162476e-01
1.520516127347946167e-01
1.414914578199386597e-01
1.305328458547592163e-01
2.008104175329208374e-01
2.103263586759567261e-01
2.164621800184249878e-01
2.172599285840988159e-01
2.182887047529220581e-01
2.181153148412704468e-01
2.173425406217575073e-01
2.165693491697311401e-01
2.154973596334457397e-01
2.139953821897506714e-01
2.120297402143478394e-01
2.076303213834762573e-01
2.031222432851791382e-01
1.990977376699447632e-01
1.949585527181625366e-01
1.902121454477310181e-01
1.854654997587203979e-01
1.781811565160751343e-01
1.712491959333419800e-01
1.645951420068740845e-01
1.584731787443161011e-01
1.523510962724685669e-01
1.462292224168777466e-01
1.403751224279403687e-01
1.333766728639602661e-01
1.219015866518020630e-01
1.124743372201919556e-01
1.077423840761184692e-01
1.016915589570999146e-01
9.806759655475616455e-02
9.459824860095977783e-02
9.663842618465423584e-02
9.882842004299163818e-02
1.010200232267379761e-01
1.041386574506759644e-01
1.049397140741348267e-01
1.058069318532943726e-01
1.082543283700942993e-01
1.107018142938613892e-01
1.129781156778335571e-01
1.095605641603469849e-01
1.058687120676040649e-01
1.019388884305953979e-01
9.668795764446258545e-02
9.103284776210784912e-02
8.580838143825531006e-02
8.012281358242034912e-02
7.443730533123016357e-02
7.227511703968048096e-02
7.230965793132781982e-02
7.694135606288909912e-02
8.331970870494842529e-02
9.042340517044067383e-02
9.997275471687316895e-02
1.046420782804489136e-01
1.088804453611373901e-01
1.147812455892562866e-01
1.233887821435928345e-01
1.322786659002304077e-01
1.410091370344161987e-01
1.474345028400421143e-01
1.535894125699996948e-01
1.583117097616195679e-01
1.591137498617172241e-01
1.582080125808715820e-01
1.576324105262756348e-01
1.535392254590988159e-01
1.538916379213333130e-01
1.531324833631515503e-01
1.522314399480819702e-01
1.496147960424423218e-01
1.477693170309066772e-01
1.495080143213272095e-01
1.497442275285720825e-01
1.466359645128250122e-01
1.357459276914596558e-01
1.271128505468368530e-01
1.186222285032272339e-01
1.064472049474716187e-01
9.484381973743438721e-02
8.670701086521148682e-02
7.906194031238555908e-02
7.219208776950836182e-02
6.818027794361114502e-02
6.583969295024871826e-02
6.711153686046600342e-02
6.963689625263214111e-02
7.204155623912811279e-02
7.070882618427276611e-02
7.224391400814056396e-02
8.293356001377105713e-02
9.831626713275909424e-02
1.142852455377578735e-01
1.217566877603530884e-01
1.273570507764816284e-01
1.329573541879653931e-01
1.385578364133834839e-01
1.441580504179000854e-01
1.497584432363510132e-01
1.553588956594467163e-01
1.609592884778976440e-01
1.656204313039779663e-01
1.701349169015884399e-01
1.724805086851119995e-01
1.748247593641281128e-01
1.797408610582351685e-01
1.831420809030532837e-01
1.846292167901992798e-01
1.861165016889572144e-01
1.876040548086166382e-01
1.895332783460617065e-01
1.918556839227676392e-01
1.828154176473617554e-01
1.719518154859542847e-01
1.663240045309066772e-01
1.678885370492935181e-01
1.694556921720504761e-01
1.707530468702316284e-01
1.711082309484481812e-01
1.701596230268478394e-01
1.685817092657089233e-01
1.672433465719223022e-01
1.686957329511642456e-01
1.681032031774520874e-01
1.640399545431137085e-01
1.528834551572799683e-01
1.416336745023727417e-01
1.304797977209091187e-01
1.203930824995040894e-01
1.987027972936630249e-01
2.081332057714462280e-01
2.084049433469772339e-01
2.086562365293502808e-01
2.098391503095626831e-01
2.108638137578964233e-01
2.106443494558334351e-01
2.098716348409652710e-01
2.090985029935836792e-01
2.080263346433639526e-01
2.065228670835494995e-01
2.046130746603012085e-01
2.014835923910140991e-01
1.978339999914169312e-01
1.933257728815078735e-01
1.887784451246261597e-01
1.837029308080673218e-01
1.791201978921890259e-01
1.724406927824020386e-01
1.641982346773147583e-01
1.569563597440719604e-01
1.497170776128768921e-01
1.433764547109603882e-01
1.369585841894149780e-01
1.294453591108322144e-01
1.184581965208053589e-01
1.085606664419174194e-01
1.014109998941421509e-01
9.453080594539642334e-02
9.189347922801971436e-02
8.766441047191619873e-02
8.877508342266082764e-02
9.095411002635955811e-02
9.314401447772979736e-02
9.533412754535675049e-02
1.014019399881362915e-01
1.056120842695236206e-01
1.080595701932907104e-01
1.105069369077682495e-01
1.132350414991378784e-01
1.118991076946258545e-01
1.117998808622360229e-01
1.108839809894561768e-01
1.073768436908721924e-01
1.020780205726623535e-01
9.526042640209197998e-02
8.876673877239227295e-02
8.271361887454986572e-02
7.841207087039947510e-02
7.710798084735870361e-02
7.774938642978668213e-02
8.226950466632843018e-02
8.887174725532531738e-02
9.656189382076263428e-02
9.927940368652343750e-02
1.019353121519088745e-01
1.082581430673599243e-01
1.175366789102554321e-01
1.265368312597274780e-01
1.352331191301345825e-01
1.439220160245895386e-01
1.504897326231002808e-01
1.566744297742843628e-01
1.597856879234313965e-01
1.580572724342346191e-01
1.579229682683944702e-01
1.554345637559890747e-01
1.559624820947647095e-01
1.589450389146804810e-01
1.570629030466079712e-01
1.541694849729537964e-01
1.546075195074081421e-01
1.544037014245986938e-01
1.553038805723190308e-01
1.492602378129959106e-01
1.391593664884567261e-01
1.312002986669540405e-01
1.234910041093826294e-01
1.125867217779159546e-01
1.016139537096023560e-01
9.294562041759490967e-02
8.711700141429901123e-02
8.130203187465667725e-02
7.649783790111541748e-02
7.404150068759918213e-02
7.458592951297760010e-02
7.792522013187408447e-02
8.164305984973907471e-02
8.082838356494903564e-02
8.694891631603240967e-02
9.258161485195159912e-02
1.065450459718704224e-01
1.220017820596694946e-01
1.308762282133102417e-01
1.364766210317611694e-01
1.420770734548568726e-01
1.476773768663406372e-01
1.532778590917587280e-01
1.588783413171768188e-01
1.644784361124038696e-01
1.694689840078353882e-01
1.738200932741165161e-01
1.771091073751449585e-01
1.781816035509109497e-01
1.792027205228805542e-01
1.839833706617355347e-01
1.861099451780319214e-01
1.875972002744674683e-01
1.889742463827133179e-01
1.901348680257797241e-01
1.918313950300216675e-01
1.899391263723373413e-01
1.812624782323837280e-01
1.700213402509689331e-01
1.662574261426925659e-01
1.670574396848678589e-01
1.675401180982589722e-01
1.666757315397262573e-01
1.647118180990219116e-01
1.623208969831466675e-01
1.600731462240219116e-01
1.614345163106918335e-01
1.628867834806442261e-01
1.613611429929733276e-01
1.529163569211959839e-01
1.416664570569992065e-01
1.304268687963485718e-01
1.206980794668197632e-01
1.129989475011825562e-01
1.962653249502182007e-01
2.024594992399215698e-01
2.014540880918502808e-01
2.005878537893295288e-01
2.012846320867538452e-01
2.024674862623214722e-01
2.034391611814498901e-01
2.031735628843307495e-01
2.024009078741073608e-01
2.016280740499496460e-01
2.005549520254135132e-01
1.990510672330856323e-01
1.969399303197860718e-01
1.932247132062911987e-01
1.895087808370590210e-01
1.857933253049850464e-01
1.810102313756942749e-01
1.770170480012893677e-01
1.737062484025955200e-01
1.658690720796585083e-01
1.573883444070816040e-01
1.499653905630111694e-01
1.423763781785964966e-01
1.347874850034713745e-01
1.265261322259902954e-01
1.144981533288955688e-01
1.041607409715652466e-01
9.352020919322967529e-02
8.777199685573577881e-02
8.558349311351776123e-02
8.245263993740081787e-02
8.222492039203643799e-02
8.345954120159149170e-02
8.674098551273345947e-02
9.395338594913482666e-02
9.912414848804473877e-02
1.042950898408889771e-01
1.081304401159286499e-01
1.109035164117813110e-01
1.138525754213333130e-01
1.140514910221099854e-01
1.160133481025695801e-01
1.189566254615783691e-01
1.167698353528976440e-01
1.115951985120773315e-01
1.040502488613128662e-01
9.681710600852966309e-02
9.076397120952606201e-02
8.471076190471649170e-02
8.250577747821807861e-02
8.281494677066802979e-02
8.346091210842132568e-02
8.961372077465057373e-02
9.427215158939361572e-02
9.566441178321838379e-02
9.833209216594696045e-02
1.038992553949356079e-01
1.129510253667831421e-01
1.220027655363082886e-01
1.310545206069946289e-01
1.401063650846481323e-01
1.491580158472061157e-01
1.554021686315536499e-01
1.603181064128875732e-01
1.591836959123611450e-01
1.588828861713409424e-01
1.579746752977371216e-01
1.597404330968856812e-01
1.613599807024002075e-01
1.606244593858718872e-01
1.599770337343215942e-01
1.594683378934860229e-01
1.586869210004806519e-01
1.550624221563339233e-01
1.490040868520736694e-01
1.436181217432022095e-01
1.369971781969070435e-01
1.279294043779373169e-01
1.184758394956588745e-01
1.100982874631881714e-01
1.020417958498001099e-01
9.622685611248016357e-02
9.041200578212738037e-02
8.533717691898345947e-02
8.505021035671234131e-02
8.588935434818267822e-02
8.815471827983856201e-02
9.124444425106048584e-02
9.175537526607513428e-02
9.836031496524810791e-02
1.069404035806655884e-01
1.163194626569747925e-01
1.281975358724594116e-01
1.391890197992324829e-01
1.455963701009750366e-01
1.511967927217483521e-01
1.567972749471664429e-01
1.623973995447158813e-01
1.679978817701339722e-01
1.728458255529403687e-01
1.758605092763900757e-01
1.759407967329025269e-01
1.790344566106796265e-01
1.791155189275741577e-01
1.827841848134994507e-01
1.867738217115402222e-01
1.877178996801376343e-01
1.881888061761856079e-01
1.886597722768783569e-01
1.891305297613143921e-01
1.872799545526504517e-01
1.829873174428939819e-01
1.750845760107040405e-01
1.632618755102157593e-01
1.618709415197372437e-01
1.623541265726089478e-01
1.610187739133834839e-01
1.588284224271774292e-01
1.564374417066574097e-01
1.540466398000717163e-01
1.547332257032394409e-01
1.560919135808944702e-01
1.574500650167465210e-01
1.532276123762130737e-01
1.418837755918502808e-01
1.305402368307113647e-01
1.210027188062667847e-01
1.133040040731430054e-01
1.060809344053268433e-01
1.936592310667037964e-01
1.952642649412155151e-01
1.945900768041610718e-01
1.936828941106796265e-01
1.931555718183517456e-01
1.939132064580917358e-01
1.950960010290145874e-01
1.960146874189376831e-01
1.957027167081832886e-01
1.946202367544174194e-01
1.932614296674728394e-01
1.916019171476364136e-01
1.895109266042709351e-01
1.869616359472274780e-01
1.832462996244430542e-01
1.795305460691452026e-01
1.758148521184921265e-01
1.736986488103866577e-01
1.715305894613265991e-01
1.675468534231185913e-01
1.591933816671371460e-01
1.512564569711685181e-01
1.431316286325454712e-01
1.349833160638809204e-01
1.262504011392593384e-01
1.134834736585617065e-01
1.010852307081222534e-01
8.673344552516937256e-02
7.950271666049957275e-02
7.730291783809661865e-02
7.552970945835113525e-02
7.749496400356292725e-02
8.058394491672515869e-02
8.676044642925262451e-02
9.204979240894317627e-02
9.719632565975189209e-02
1.023252159357070923e-01
1.080592125654220581e-01
1.119911074638366699e-01
1.147593557834625244e-01
1.169731467962265015e-01
1.198863834142684937e-01
1.228296607732772827e-01
1.238779425621032715e-01
1.192869395017623901e-01
1.128500550985336304e-01
1.056681871414184570e-01
9.976680576801300049e-02
9.431906044483184814e-02
9.101407229900360107e-02
8.978897333145141602e-02
8.984555304050445557e-02
9.437622129917144775e-02
9.449741244316101074e-02
9.547062218189239502e-02
9.659551084041595459e-02
1.003002971410751343e-01
1.093276888132095337e-01
1.183794438838958740e-01
1.274312883615493774e-01
1.364830881357192993e-01
1.452548801898956299e-01
1.524585038423538208e-01
1.577994376420974731e-01
1.605216413736343384e-01
1.596520394086837769e-01
1.622358113527297974e-01
1.616647392511367798e-01
1.631698459386825562e-01
1.650260239839553833e-01
1.656217724084854126e-01
1.640180796384811401e-01
1.623109132051467896e-01
1.553977280855178833e-01
1.501904278993606567e-01
1.453630477190017700e-01
1.400567442178726196e-01
1.326777487993240356e-01
1.262788027524948120e-01
1.183613985776901245e-01
1.104438751935958862e-01
1.050348132848739624e-01
1.010635346174240112e-01
9.720553457736968994e-02
9.697122871875762939e-02
9.765894711017608643e-02
9.945808351039886475e-02
1.019605845212936401e-01
1.029261201620101929e-01
1.096451729536056519e-01
1.187608987092971802e-01
1.301149278879165649e-01
1.370072811841964722e-01
1.453587263822555542e-01
1.547159999608993530e-01
1.603163331747055054e-01
1.659168452024459839e-01
1.707366555929183960e-01
1.733794659376144409e-01
1.728566735982894897e-01
1.719206422567367554e-01
1.737063974142074585e-01
1.765106767416000366e-01
1.777418702840805054e-01
1.814927905797958374e-01
1.835913509130477905e-01
1.840622276067733765e-01
1.845332831144332886e-01
1.850042194128036499e-01
1.834609955549240112e-01
1.790568679571151733e-01
1.747642010450363159e-01
1.683251112699508667e-01
1.566847115755081177e-01
1.568930596113204956e-01
1.552616804838180542e-01
1.529449671506881714e-01
1.505539268255233765e-01
1.481629461050033569e-01
1.480349153280258179e-01
1.493936032056808472e-01
1.507519334554672241e-01
1.521039456129074097e-01
1.424797028303146362e-01
1.311358660459518433e-01
1.218678802251815796e-01
1.140749901533126831e-01
1.065974086523056030e-01
1.002623289823532104e-01
1.884112209081649780e-01
1.879021972417831421e-01
1.873932927846908569e-01
1.868684142827987671e-01
1.862478107213973999e-01
1.857233494520187378e-01
1.860965341329574585e-01
1.866929382085800171e-01
1.869729012250900269e-01
1.860287040472030640e-01
1.846700757741928101e-01
1.833103746175765991e-01
1.816508024930953979e-01
1.795589178800582886e-01
1.769834011793136597e-01
1.732678264379501343e-01
1.698665469884872437e-01
1.679341346025466919e-01
1.656929999589920044e-01
1.631723195314407349e-01
1.594458967447280884e-01
1.516878753900527954e-01
1.439604908227920532e-01
1.366101652383804321e-01
1.282811015844345093e-01
1.150500625371932983e-01
9.974281489849090576e-02
8.247534930706024170e-02
7.403720915317535400e-02
7.066948711872100830e-02
6.807948648929595947e-02
7.398508489131927490e-02
8.122651278972625732e-02
8.775524795055389404e-02
9.150765836238861084e-02
9.599845111370086670e-02
1.011904329061508179e-01
1.070769131183624268e-01
1.129937916994094849e-01
1.168777793645858765e-01
1.210740804672241211e-01
1.238711327314376831e-01
1.272941976785659790e-01
1.295923143625259399e-01
1.271024197340011597e-01
1.225401312112808228e-01
1.168118864297866821e-01
1.116466820240020752e-01
1.068099588155746460e-01
1.020199805498123169e-01
9.932579100131988525e-02
9.916280210018157959e-02
1.005495786666870117e-01
9.706400334835052490e-02
9.506979584693908691e-02
9.626360237598419189e-02
9.815526008605957031e-02
1.057045459747314453e-01
1.147563010454177856e-01
1.238080710172653198e-01
1.323261111974716187e-01
1.401660293340682983e-01
1.473697721958160400e-01
1.542101800441741943e-01
1.577047854661941528e-01
1.606735885143280029e-01
1.643361002206802368e-01
1.651974171400070190e-01
1.663417220115661621e-01
1.688462048768997192e-01
1.709064394235610962e-01
1.722846180200576782e-01
1.654398590326309204e-01
1.578626483678817749e-01
1.525297015905380249e-01
1.485790461301803589e-01
1.431249827146530151e-01
1.365687102079391479e-01
1.321182101964950562e-01
1.262979954481124878e-01
1.195872277021408081e-01
1.145156174898147583e-01
1.117399483919143677e-01
1.090359240770339966e-01
1.088923066854476929e-01
1.095800250768661499e-01
1.107613891363143921e-01
1.130265742540359497e-01
1.154940873384475708e-01
1.209958046674728394e-01
1.301618069410324097e-01
1.419223397970199585e-01
1.489695459604263306e-01
1.534580439329147339e-01
1.611999124288558960e-01
1.649209111928939819e-01
1.655225902795791626e-01
1.656719893217086792e-01
1.651143878698348999e-01
1.641781181097030640e-01
1.656730622053146362e-01
1.693717390298843384e-01
1.726185232400894165e-01
1.752502173185348511e-01
1.790569275617599487e-01
1.799358576536178589e-01
1.804068237543106079e-01
1.808776110410690308e-01
1.802714914083480835e-01
1.751438826322555542e-01
1.708333045244216919e-01
1.665406674146652222e-01
1.611736267805099487e-01
1.512709707021713257e-01
1.494526118040084839e-01
1.470615714788436890e-01
1.446704119443893433e-01
1.422795504331588745e-01
1.413369029760360718e-01
1.426954716444015503e-01
1.440539211034774780e-01
1.454124897718429565e-01
1.430753916501998901e-01
1.317944973707199097e-01
1.228076666593551636e-01
1.149426549673080444e-01
1.087233275175094604e-01
1.038399189710617065e-01
9.895657002925872803e-02
1.810487955808639526e-01
1.805397719144821167e-01
1.800311058759689331e-01
1.791383475065231323e-01
1.782673448324203491e-01
1.770607084035873413e-01
1.759525984525680542e-01
1.762451976537704468e-01
1.768416017293930054e-01
1.770687550306320190e-01
1.760781854391098022e-01
1.747193783521652222e-01
1.733600944280624390e-01
1.717000156641006470e-01
1.696071773767471313e-01
1.670050770044326782e-01
1.639056652784347534e-01
1.616231352090835571e-01
1.593412905931472778e-01
1.570590287446975708e-01
1.537878960371017456e-01
1.497304588556289673e-01
1.427553445100784302e-01
1.366165131330490112e-01
1.290246099233627319e-01
1.166862100362777710e-01
1.002184301614761353e-01
8.247254788875579834e-02
7.098166644573211670e-02
6.653667986392974854e-02
6.723602116107940674e-02
7.322518527507781982e-02
8.219848573207855225e-02
8.830349147319793701e-02
9.289230406284332275e-02
9.810431301593780518e-02
1.019950360059738159e-01
1.069059520959854126e-01
1.128214448690414429e-01
1.195410341024398804e-01
1.286549419164657593e-01
1.319693177938461304e-01
1.345180720090866089e-01
1.364520341157913208e-01
1.375742703676223755e-01
1.341214925050735474e-01
1.291319727897644043e-01
1.237511783838272095e-01
1.194470375776290894e-01
1.147388964891433716e-01
1.100702434778213501e-01
1.062167733907699585e-01
1.039956063032150269e-01
1.006018072366714478e-01
9.768305718898773193e-02
9.632177650928497314e-02
9.800621867179870605e-02
1.022053211927413940e-01
1.111331433057785034e-01
1.193503141403198242e-01
1.273770928382873535e-01
1.350773870944976807e-01
1.409777551889419556e-01
1.453358232975006104e-01
1.536159515380859375e-01
1.609200239181518555e-01
1.661013215780258179e-01
1.678595095872879028e-01
1.721349507570266724e-01
1.770228147506713867e-01
1.790887862443923950e-01
1.764232963323593140e-01
1.705587357282638550e-01
1.633917242288589478e-01
1.574252098798751831e-01
1.542243510484695435e-01
1.468658894300460815e-01
1.391833871603012085e-01
1.350942999124526978e-01
1.334508508443832397e-01
1.297339648008346558e-01
1.250050514936447144e-01
1.218301206827163696e-01
1.195455938577651978e-01
1.193481534719467163e-01
1.203836649656295776e-01
1.209563463926315308e-01
1.220770329236984253e-01
1.242199391126632690e-01
1.299295872449874878e-01
1.379831880331039429e-01
1.473071426153182983e-01
1.533505171537399292e-01
1.571646183729171753e-01
1.582249850034713745e-01
1.574508100748062134e-01
1.576004773378372192e-01
1.573719531297683716e-01
1.564358025789260864e-01
1.576396375894546509e-01
1.614506393671035767e-01
1.663872152566909790e-01
1.690675467252731323e-01
1.726472228765487671e-01
1.758095175027847290e-01
1.762805730104446411e-01
1.767513900995254517e-01
1.770821362733840942e-01
1.719547063112258911e-01
1.669026762247085571e-01
1.625047475099563599e-01
1.578200310468673706e-01
1.519889682531356812e-01
1.435692161321640015e-01
1.411782354116439819e-01
1.387871950864791870e-01
1.363960355520248413e-01
1.346387714147567749e-01
1.359972208738327026e-01
1.373554915189743042e-01
1.387140601873397827e-01
1.399054974317550659e-01
1.324660032987594604e-01
1.246561855077743530e-01
1.184035986661911011e-01
1.123068183660507202e-01
1.074178665876388550e-01
1.025346964597702026e-01
9.765128791332244873e-02
1.743429154157638550e-01
1.718757599592208862e-01
1.707808226346969604e-01
1.699310988187789917e-01
1.692210286855697632e-01
1.683524101972579956e-01
1.671454161405563354e-01
1.660404652357101440e-01
1.663936227560043335e-01
1.669900864362716675e-01
1.671644747257232666e-01
1.661275476217269897e-01
1.647686213254928589e-01
1.634095758199691772e-01
1.616647094488143921e-01
1.592213362455368042e-01
1.575535386800765991e-01
1.552715748548507690e-01
1.529895514249801636e-01
1.507074385881423950e-01
1.477700620889663696e-01
1.444041579961776733e-01
1.399988383054733276e-01
1.327169388532638550e-01
1.263390928506851196e-01
1.147714108228683472e-01
9.764175117015838623e-02
8.034525811672210693e-02
7.006494700908660889e-02
7.099939882755279541e-02
7.230333983898162842e-02
7.699112594127655029e-02
8.481343090534210205e-02
9.152172505855560303e-02
9.665901958942413330e-02
1.016145348548889160e-01
1.070619821548461914e-01
1.132641732692718506e-01
1.182328313589096069e-01
1.250566691160202026e-01
1.365440338850021362e-01
1.428678482770919800e-01
1.442487239837646484e-01
1.453448981046676636e-01
1.465175002813339233e-01
1.453974694013595581e-01
1.415610462427139282e-01
1.361801326274871826e-01
1.311365514993667603e-01
1.247554272413253784e-01
1.167740225791931152e-01
1.129528880119323730e-01
1.081043928861618042e-01
1.041395813226699829e-01
1.015207618474960327e-01
9.959194064140319824e-02
9.818010032176971436e-02
1.016280502080917358e-01
1.065920442342758179e-01
1.144013106822967529e-01
1.220267117023468018e-01
1.270761787891387939e-01
1.304350346326828003e-01
1.374363154172897339e-01
1.475427299737930298e-01
1.577978283166885376e-01
1.673069745302200317e-01
1.748300194740295410e-01
1.802158504724502563e-01
1.859552115201950073e-01
1.867807656526565552e-01
1.813894957304000854e-01
1.766966432332992554e-01
1.716642826795578003e-01
1.660119444131851196e-01
1.596584767103195190e-01
1.508797258138656616e-01
1.440236717462539673e-01
1.392110437154769897e-01
1.370376199483871460e-01
1.350600570440292358e-01
1.315941661596298218e-01
1.284209936857223511e-01
1.255794018507003784e-01
1.243654936552047729e-01
1.241352409124374390e-01
1.244436949491500854e-01
1.253271549940109253e-01
1.292552798986434937e-01
1.358917206525802612e-01
1.440504044294357300e-01
1.487524658441543579e-01
1.485395878553390503e-01
1.520725339651107788e-01
1.536996811628341675e-01
1.538673788309097290e-01
1.496296674013137817e-01
1.486936658620834351e-01
1.496060937643051147e-01
1.535291522741317749e-01
1.584970504045486450e-01
1.633033603429794312e-01
1.665534824132919312e-01
1.704351156949996948e-01
1.721541732549667358e-01
1.726248711347579956e-01
1.730959564447402954e-01
1.687650531530380249e-01
1.636375039815902710e-01
1.584682613611221313e-01
1.537837833166122437e-01
1.474481076002120972e-01
1.400083750486373901e-01
1.352946013212203979e-01
1.329036206007003784e-01
1.305123418569564819e-01
1.281215995550155640e-01
1.292987912893295288e-01
1.306572407484054565e-01
1.320157498121261597e-01
1.337498277425765991e-01
1.327178329229354858e-01
1.284770816564559937e-01
1.221420019865036011e-01
1.160448044538497925e-01
1.109955161809921265e-01
1.061122864484786987e-01
1.012289375066757202e-01
9.634582698345184326e-02
1.693981736898422241e-01
1.663922518491744995e-01
1.633859723806381226e-01
1.607239693403244019e-01
1.600140184164047241e-01
1.593041270971298218e-01
1.584376543760299683e-01
1.572308987379074097e-01
1.561285704374313354e-01
1.565421670675277710e-01
1.571385115385055542e-01
1.572600454092025757e-01
1.561770290136337280e-01
1.544962674379348755e-01
1.527879089117050171e-01
1.508022397756576538e-01
1.501414030790328979e-01
1.489196866750717163e-01
1.465414613485336304e-01
1.438916176557540894e-01
1.409205049276351929e-01
1.371868997812271118e-01
1.334532350301742554e-01
1.283646970987319946e-01
1.214876025915145874e-01
1.084821671247482300e-01
9.254236519336700439e-02
8.079008758068084717e-02
7.429675757884979248e-02
7.674767076969146729e-02
7.939361035823822021e-02
8.493553102016448975e-02
9.164990484714508057e-02
9.849394857883453369e-02
1.054314821958541870e-01
1.105798929929733276e-01
1.158830672502517700e-01
1.211861222982406616e-01
1.264893859624862671e-01
1.356235593557357788e-01
1.457255482673645020e-01
1.525603234767913818e-01
1.542815119028091431e-01
1.550755202770233154e-01
1.561718881130218506e-01
1.572680920362472534e-01
1.532207280397415161e-01
1.478344947099685669e-01
1.409318298101425171e-01
1.327743977308273315e-01
1.239740103483200073e-01
1.184800118207931519e-01
1.118245571851730347e-01
1.077464967966079712e-01
1.055175811052322388e-01
1.035887449979782104e-01
1.013008803129196167e-01
1.001900881528854370e-01
1.040203422307968140e-01
1.085249930620193481e-01
1.129200458526611328e-01
1.158289462327957153e-01
1.213914304971694946e-01
1.303659230470657349e-01
1.421710550785064697e-01
1.549118012189865112e-01
1.703923940658569336e-01
1.832312494516372681e-01
1.894716173410415649e-01
1.943973153829574585e-01
1.928518861532211304e-01
1.882122009992599487e-01
1.834745556116104126e-01
1.786230653524398804e-01
1.721051484346389771e-01
1.629312783479690552e-01
1.545899659395217896e-01
1.466320902109146118e-01
1.395689696073532104e-01
1.362732201814651489e-01
1.339691132307052612e-01
1.316649764776229858e-01
1.288854926824569702e-01
1.285209506750106812e-01
1.282518953084945679e-01
1.266695111989974976e-01
1.267172247171401978e-01
1.269831508398056030e-01
1.327180117368698120e-01
1.358700841665267944e-01
1.413571685552597046e-01
1.434819549322128296e-01
1.429280489683151245e-01
1.455781608819961548e-01
1.494849473237991333e-01
1.502348035573959351e-01
1.459758728742599487e-01
1.415725797414779663e-01
1.456080526113510132e-01
1.505756527185440063e-01
1.555307358503341675e-01
1.606071740388870239e-01
1.639202982187271118e-01
1.678508967161178589e-01
1.684986203908920288e-01
1.689697653055191040e-01
1.655754595994949341e-01
1.604479402303695679e-01
1.550037115812301636e-01
1.496737152338027954e-01
1.428338736295700073e-01
1.352751702070236206e-01
1.277164667844772339e-01
1.270199865102767944e-01
1.246290653944015503e-01
1.222381442785263062e-01
1.226004213094711304e-01
1.239588707685470581e-01
1.268672794103622437e-01
1.299217194318771362e-01
1.323203295469284058e-01
1.303993314504623413e-01
1.258801668882369995e-01
1.197831481695175171e-01
1.145732849836349487e-01
1.096898764371871948e-01
1.048067063093185425e-01
9.992317855358123779e-02
9.504018723964691162e-02
1.644534915685653687e-01
1.614471524953842163e-01
1.584415882825851440e-01
1.557786911725997925e-01
1.531576365232467651e-01
1.505369395017623901e-01
1.493873447179794312e-01
1.485226601362228394e-01
1.473160833120346069e-01
1.462162584066390991e-01
1.466905325651168823e-01
1.470777839422225952e-01
1.467967480421066284e-01
1.453136056661605835e-01
1.434140056371688843e-01
1.418613940477371216e-01
1.412660330533981323e-01
1.402363032102584839e-01
1.386206597089767456e-01
1.359707862138748169e-01
1.333211511373519897e-01
1.295999437570571899e-01
1.259131580591201782e-01
1.227761059999465942e-01
1.188596934080123901e-01
1.052280515432357788e-01
9.574954211711883545e-02
8.647574484348297119e-02
8.089418709278106689e-02
8.356161415576934814e-02
8.776347339153289795e-02
9.383688867092132568e-02
1.004628092050552368e-01
1.073587983846664429e-01
1.143216788768768311e-01
1.209305524826049805e-01
1.257340610027313232e-01
1.307736784219741821e-01
1.366493403911590576e-01
1.463862806558609009e-01
1.561996489763259888e-01
1.635836809873580933e-01
1.661723703145980835e-01
1.666962206363677979e-01
1.671486943960189819e-01
1.669231653213500977e-01
1.644024103879928589e-01
1.590814739465713501e-01
1.500797271728515625e-01
1.401369422674179077e-01
1.314696669578552246e-01
1.225055307149887085e-01
1.146822869777679443e-01
1.102739125490188599e-01
1.086934655904769897e-01
1.068734973669052124e-01
1.039402633905410767e-01
1.017320007085800171e-01
9.991039335727691650e-02
1.000236421823501587e-01
1.017559021711349487e-01
1.063762754201889038e-01
1.134421080350875854e-01
1.248444765806198120e-01
1.383052170276641846e-01
1.538106650114059448e-01
1.704883724451065063e-01
1.876051425933837891e-01
1.957079172134399414e-01
1.971637308597564697e-01
1.959349811077117920e-01
1.916639953851699829e-01
1.867713481187820435e-01
1.821094900369644165e-01
1.778770536184310913e-01
1.671398133039474487e-01
1.573811918497085571e-01
1.489209085702896118e-01
1.407383531332015991e-01
1.347867697477340698e-01
1.322738975286483765e-01
1.299697607755661011e-01
1.276654452085494995e-01
1.290111094713211060e-01
1.296142786741256714e-01
1.295445412397384644e-01
1.265892833471298218e-01
1.222025901079177856e-01
1.258043497800827026e-01
1.291655153036117554e-01
1.357112079858779907e-01
1.375191658735275269e-01
1.376574486494064331e-01
1.393888443708419800e-01
1.434393674135208130e-01
1.461601406335830688e-01
1.447555571794509888e-01
1.432984918355941772e-01
1.426544636487960815e-01
1.476221829652786255e-01
1.524471491575241089e-01
1.578565090894699097e-01
1.615892499685287476e-01
1.643724888563156128e-01
1.648432463407516479e-01
1.623864024877548218e-01
1.572280675172805786e-01
1.517084389925003052e-01
1.456795185804367065e-01
1.381001323461532593e-01
1.305416673421859741e-01
1.229831427335739136e-01
1.159642785787582397e-01
1.187456101179122925e-01
1.163545101881027222e-01
1.169304102659225464e-01
1.199850291013717651e-01
1.230394095182418823e-01
1.260937899351119995e-01
1.305864304304122925e-01
1.299660652875900269e-01
1.286520212888717651e-01
1.235212534666061401e-01
1.181509345769882202e-01
1.132677048444747925e-01
1.083842962980270386e-01
1.035011261701583862e-01
9.861765801906585693e-02
9.450583159923553467e-02
1.592165082693099976e-01
1.565022319555282593e-01
1.535031646490097046e-01
1.508827656507492065e-01
1.482617706060409546e-01
1.456410735845565796e-01
1.430200785398483276e-01
1.403992027044296265e-01
1.386079639196395874e-01
1.372849792242050171e-01
1.355642527341842651e-01
1.353817433118820190e-01
1.352609246969223022e-01
1.345594078302383423e-01
1.326667517423629761e-01
1.316117793321609497e-01
1.313187032938003540e-01
1.307226866483688354e-01
1.296923607587814331e-01
1.282873004674911499e-01
1.268604546785354614e-01
1.249217242002487183e-01
1.226369589567184448e-01
1.206846386194229126e-01
1.209334284067153931e-01
1.129232794046401978e-01
1.039635390043258667e-01
9.505449235439300537e-02
8.949582278728485107e-02
9.038291871547698975e-02
9.458477795124053955e-02
9.905885159969329834e-02
1.065358668565750122e-01
1.145406514406204224e-01
1.220561414957046509e-01
1.296989917755126953e-01
1.364268511533737183e-01
1.412302404642105103e-01
1.480842828750610352e-01
1.577761322259902954e-01
1.662297695875167847e-01
1.741672605276107788e-01
1.771015375852584839e-01
1.798156648874282837e-01
1.796610802412033081e-01
1.781116724014282227e-01
1.771836429834365845e-01
1.711070984601974487e-01
1.604156047105789185e-01
1.485768556594848633e-01
1.389653831720352173e-01
1.279879361391067505e-01
1.187294572591781616e-01
1.134193986654281616e-01
1.097891181707382202e-01
1.077994108200073242e-01
1.041426211595535278e-01
9.924595057964324951e-02
9.423924982547760010e-02
8.960174024105072021e-02
9.110058844089508057e-02
9.555254876613616943e-02
1.040052622556686401e-01
1.166652888059616089e-01
1.325096338987350464e-01
1.518943309783935547e-01
1.692244261503219604e-01
1.872008591890335083e-01
1.977752149105072021e-01
1.985528469085693359e-01
1.974862664937973022e-01
1.937483102083206177e-01
1.896914392709732056e-01
1.865055710077285767e-01
1.815622299909591675e-01
1.721987575292587280e-01
1.607428044080734253e-01
1.518018692731857300e-01
1.432468146085739136e-01
1.356931477785110474e-01
1.315433233976364136e-01
1.283189505338668823e-01
1.258874386548995972e-01
1.254104226827621460e-01
1.243918389081954956e-01
1.214697808027267456e-01
1.177866607904434204e-01
1.140577644109725952e-01
1.181064695119857788e-01
1.230519264936447144e-01
1.295168846845626831e-01
1.300450116395950317e-01
1.305730193853378296e-01
1.330906003713607788e-01
1.371037214994430542e-01
1.410436481237411499e-01
1.475878208875656128e-01
1.470228880643844604e-01
1.458745449781417847e-01
1.450171917676925659e-01
1.497971564531326294e-01
1.552232950925827026e-01
1.593771427869796753e-01
1.607168763875961304e-01
1.591968089342117310e-01
1.539330929517745972e-01
1.484136432409286499e-01
1.419483274221420288e-01
1.337511986494064331e-01
1.258082836866378784e-01
1.182499378919601440e-01
1.106914132833480835e-01
1.067326515913009644e-01
1.126738041639328003e-01
1.131025403738021851e-01
1.161570996046066284e-01
1.192112416028976440e-01
1.222805231809616089e-01
1.271998733282089233e-01
1.295682042837142944e-01
1.280851215124130249e-01
1.271362751722335815e-01
1.217284053564071655e-01
1.175160855054855347e-01
1.134043186902999878e-01
1.092931479215621948e-01
1.051817387342453003e-01
1.012730449438095093e-01
9.821347892284393311e-02
1.539190262556076050e-01
1.513075679540634155e-01
1.486077755689620972e-01
1.459868401288986206e-01
1.433660835027694702e-01
1.407105177640914917e-01
1.377325505018234253e-01
1.347438544034957886e-01
1.314213126897811890e-01
1.279327124357223511e-01
1.245933026075363159e-01
1.227786988019943237e-01
1.226567476987838745e-01
1.225363463163375854e-01
1.218760162591934204e-01
1.220158189535140991e-01
1.224373728036880493e-01
1.234620958566665649e-01
1.244034618139266968e-01
1.251686066389083862e-01
1.252962499856948853e-01
1.241845935583114624e-01
1.225727647542953491e-01
1.237634569406509399e-01
1.269843727350234985e-01
1.211841553449630737e-01
1.129411607980728149e-01
1.039103716611862183e-01
9.809704124927520752e-02
9.720407426357269287e-02
1.012348681688308716e-01
1.042234152555465698e-01
1.115577071905136108e-01
1.190208941698074341e-01
1.270256340503692627e-01
1.353042423725128174e-01
1.442963629961013794e-01
1.511355340480804443e-01
1.605110913515090942e-01
1.692241728305816650e-01
1.767354160547256470e-01
1.837083697319030762e-01
1.868608295917510986e-01
1.889478117227554321e-01
1.907528340816497803e-01
1.912334114313125610e-01
1.899787634611129761e-01
1.838512569665908813e-01
1.733812838792800903e-01
1.609593778848648071e-01
1.484362632036209106e-01
1.334847062826156616e-01
1.208252906799316406e-01
1.122277826070785522e-01
1.065857857465744019e-01
1.010773628950119019e-01
9.462514519691467285e-02
8.845306932926177979e-02
8.427138626575469971e-02
8.242280781269073486e-02
8.197619020938873291e-02
8.776707947254180908e-02
9.652279317378997803e-02
1.097622662782669067e-01
1.296723335981369019e-01
1.498333215713500977e-01
1.683130562305450439e-01
1.841478496789932251e-01
1.948042511940002441e-01
1.972029656171798706e-01
1.987619251012802124e-01
1.976687461137771606e-01
1.945625990629196167e-01
1.914551407098770142e-01
1.845887750387191772e-01
1.761578768491744995e-01
1.661597341299057007e-01
1.552920788526535034e-01
1.462224572896957397e-01
1.376674622297286987e-01
1.319968551397323608e-01
1.270357221364974976e-01
1.183707565069198608e-01
1.130155175924301147e-01
1.105203777551651001e-01
1.088392585515975952e-01
1.068580597639083862e-01
1.043499857187271118e-01
1.103965193033218384e-01
1.171183437108993530e-01
1.220310777425765991e-01
1.225707381963729858e-01
1.230988651514053345e-01
1.257366985082626343e-01
1.289887279272079468e-01
1.383440345525741577e-01
1.479837745428085327e-01
1.520309299230575562e-01
1.503109782934188843e-01
1.483265310525894165e-01
1.482711285352706909e-01
1.527435034513473511e-01
1.565903574228286743e-01
1.560073941946029663e-01
1.506380289793014526e-01
1.451183408498764038e-01
1.381145566701889038e-01
1.297588199377059937e-01
1.213652342557907104e-01
1.135164350271224976e-01
1.076386421918869019e-01
1.017761677503585815e-01
1.015606373548507690e-01
1.087045520544052124e-01
1.123291701078414917e-01
1.153837889432907104e-01
1.185287684202194214e-01
1.238132566213607788e-01
1.297409981489181519e-01
1.288745850324630737e-01
1.287733763456344604e-01
1.281921118497848511e-01
1.245313137769699097e-01
1.214715093374252319e-01
1.184118837118148804e-01
1.153519600629806519e-01
1.122923940420150757e-01
1.092325896024703979e-01
1.061727851629257202e-01
1.493146270513534546e-01
1.461139768362045288e-01
1.430128067731857300e-01
1.402329653501510620e-01
1.372446268796920776e-01
1.342559307813644409e-01
1.310454457998275757e-01
1.277072280645370483e-01
1.243693083524703979e-01
1.210858672857284546e-01
1.180242747068405151e-01
1.147859543561935425e-01
1.118957251310348511e-01
1.126215308904647827e-01
1.143114119768142700e-01
1.170837730169296265e-01
1.186781674623489380e-01
1.201812475919723511e-01
1.216845363378524780e-01
1.230149120092391968e-01
1.241046935319900513e-01
1.244610399007797241e-01
1.272865682840347290e-01
1.313042193651199341e-01
1.332609504461288452e-01
1.274606734514236450e-01
1.216604262590408325e-01
1.127661615610122681e-01
1.066988557577133179e-01
1.049454659223556519e-01
1.068583279848098755e-01
1.093876212835311890e-01
1.167223304510116577e-01
1.240569651126861572e-01
1.315059363842010498e-01
1.395106762647628784e-01
1.477914005517959595e-01
1.581282764673233032e-01
1.700240224599838257e-01
1.787430495023727417e-01
1.862045824527740479e-01
1.931957006454467773e-01
1.964824199676513672e-01
1.973800957202911377e-01
1.986956745386123657e-01
1.996866464614868164e-01
1.966402232646942139e-01
1.909947842359542847e-01
1.817913055419921875e-01
1.701355427503585815e-01
1.555754691362380981e-01
1.394666284322738647e-01
1.246754378080368042e-01
1.119040548801422119e-01
1.011770963668823242e-01
9.182660281658172607e-02
8.441923558712005615e-02
7.790507376194000244e-02
7.461597025394439697e-02
7.506315410137176514e-02
7.770316302776336670e-02
8.170209825038909912e-02
9.010146558284759521e-02
1.069206744432449341e-01
1.275219768285751343e-01
1.492450535297393799e-01
1.662377715110778809e-01
1.790137737989425659e-01
1.898208260536193848e-01
1.968494355678558350e-01
2.000160664319992065e-01
2.022889703512191772e-01
1.995122879743576050e-01
1.959782689809799194e-01
1.876153200864791870e-01
1.791843920946121216e-01
1.707534044981002808e-01
1.601208001375198364e-01
1.501490622758865356e-01
1.380267590284347534e-01
1.258503049612045288e-01
1.165649145841598511e-01
1.079470068216323853e-01
1.017460674047470093e-01
9.677247703075408936e-02
9.496773779392242432e-02
9.328638017177581787e-02
9.319387376308441162e-02
1.007786840200424194e-01
1.110098809003829956e-01
1.141842454671859741e-01
1.150965541601181030e-01
1.156780570745468140e-01
1.182023435831069946e-01
1.255162805318832397e-01
1.349196881055831909e-01
1.448704451322555542e-01
1.545947343111038208e-01
1.553463786840438843e-01
1.537286490201950073e-01
1.532973200082778931e-01
1.520042866468429565e-01
1.528178900480270386e-01
1.473427861928939819e-01
1.418232172727584839e-01
1.341602057218551636e-01
1.257663816213607788e-01
1.185322850942611694e-01
1.118345707654953003e-01
1.057754606008529663e-01
9.991316497325897217e-02
9.405051171779632568e-02
9.638874232769012451e-02
1.069370955228805542e-01
1.127970069646835327e-01
1.169317811727523804e-01
1.232114881277084351e-01
1.301896423101425171e-01
1.331281512975692749e-01
1.339952200651168823e-01
1.352050751447677612e-01
1.355504244565963745e-01
1.324907392263412476e-01
1.294309347867965698e-01
1.263711899518966675e-01
1.233113259077072144e-01
1.202516406774520874e-01
1.171917766332626343e-01
1.141320914030075073e-01
1.418873518705368042e-01
1.431034654378890991e-01
1.388062089681625366e-01
1.347392648458480835e-01
1.307003349065780640e-01
1.276631802320480347e-01
1.248901933431625366e-01
1.221433728933334351e-01
1.196110099554061890e-01
1.173960417509078979e-01
1.152577847242355347e-01
1.132612675428390503e-01
1.112307161092758179e-01
1.094217151403427124e-01
1.099187284708023071e-01
1.128915995359420776e-01
1.156110316514968872e-01
1.172751337289810181e-01
1.191040128469467163e-01
1.209326535463333130e-01
1.229584366083145142e-01
1.296765357255935669e-01
1.348854154348373413e-01
1.389031559228897095e-01
1.395373791456222534e-01
1.337372809648513794e-01
1.279369443655014038e-01
1.217310875654220581e-01
1.153001636266708374e-01
1.133877485990524292e-01
1.124818772077560425e-01
1.145520061254501343e-01
1.218867152929306030e-01
1.292213946580886841e-01
1.365559548139572144e-01
1.433773785829544067e-01
1.506921947002410889e-01
1.605143100023269653e-01
1.714822053909301758e-01
1.798370331525802612e-01
1.879875808954238892e-01
1.961381435394287109e-01
2.015317529439926147e-01
2.030933350324630737e-01
2.039908915758132935e-01
2.033983021974563599e-01
2.005525380373001099e-01
1.957838535308837891e-01
1.895121783018112183e-01
1.781696528196334839e-01
1.617732048034667969e-01
1.445826143026351929e-01
1.274660080671310425e-01
1.101478487253189087e-01
9.592901170253753662e-02
8.484305441379547119e-02
7.629548013210296631e-02
7.042814791202545166e-02
6.800447404384613037e-02
7.027064263820648193e-02
7.365058362483978271e-02
7.767711579799652100e-02
8.907847106456756592e-02
1.074574738740921021e-01
1.279208213090896606e-01
1.476635187864303589e-01
1.624429374933242798e-01
1.739136725664138794e-01
1.860716938972473145e-01
1.957937031984329224e-01
2.012735158205032349e-01
2.044402211904525757e-01
2.043953984975814819e-01
1.990728527307510376e-01
1.906418651342391968e-01
1.822108775377273560e-01
1.737799197435379028e-01
1.610153764486312866e-01
1.460299938917160034e-01
1.315449029207229614e-01
1.167801767587661743e-01
1.062220185995101929e-01
9.810636937618255615e-02
9.163652360439300537e-02
8.516679704189300537e-02
8.186601102352142334e-02
7.941500842571258545e-02
7.952533662319183350e-02
8.931235969066619873e-02
1.022695153951644897e-01
1.061313897371292114e-01
1.076224297285079956e-01
1.081577092409133911e-01
1.153340190649032593e-01
1.231309324502944946e-01
1.314949840307235718e-01
1.414457708597183228e-01
1.513965874910354614e-01
1.578687280416488647e-01
1.585916131734848022e-01
1.596340090036392212e-01
1.571192592382431030e-01
1.460828036069869995e-01
1.382194012403488159e-01
1.308051794767379761e-01
1.241077631711959839e-01
1.174102276563644409e-01
1.107128709554672241e-01
1.043843477964401245e-01
9.919063746929168701e-02
9.409998357295989990e-02
8.900927007198333740e-02
9.804855287075042725e-02
1.104563921689987183e-01
1.195819824934005737e-01
1.269130557775497437e-01
1.342443078756332397e-01
1.400855034589767456e-01
1.408694833517074585e-01
1.419189423322677612e-01
1.440974324941635132e-01
1.435097306966781616e-01
1.404498070478439331e-01
1.373903602361679077e-01
1.343305557966232300e-01
1.312708109617233276e-01
1.282113045454025269e-01
1.248696297407150269e-01
1.194594949483871460e-01
1.317981332540512085e-01
1.363822072744369507e-01
1.371587365865707397e-01
1.333362907171249390e-01
1.299587935209274292e-01
1.264735311269760132e-01
1.228627413511276245e-01
1.201476901769638062e-01
1.182077378034591675e-01
1.166663020849227905e-01
1.151244491338729858e-01
1.135824173688888550e-01
1.118966192007064819e-01
1.098688989877700806e-01
1.093508452177047729e-01
1.110000461339950562e-01
1.128735095262527466e-01
1.148891597986221313e-01
1.167782396078109741e-01
1.207405477762222290e-01
1.281987279653549194e-01
1.353525072336196899e-01
1.415826827287673950e-01
1.449709981679916382e-01
1.458139866590499878e-01
1.400138288736343384e-01
1.342135518789291382e-01
1.280704289674758911e-01
1.236659139394760132e-01
1.193792968988418579e-01
1.160033196210861206e-01
1.170586794614791870e-01
1.235694587230682373e-01
1.302143484354019165e-01
1.368591487407684326e-01
1.431532502174377441e-01
1.493788361549377441e-01
1.591117829084396362e-01
1.686770915985107422e-01
1.788775175809860229e-01
1.870405077934265137e-01
1.951910406351089478e-01
2.027474194765090942e-01
2.058212906122207642e-01
2.075899988412857056e-01
2.067446261644363403e-01
2.036877125501632690e-01
1.995393633842468262e-01
1.940150409936904907e-01
1.842100322246551514e-01
1.646017432212829590e-01
1.440554410219192505e-01
1.256364434957504272e-01
1.083708852529525757e-01
9.336780011653900146e-02
8.022649586200714111e-02
7.117937505245208740e-02
6.777383387088775635e-02
6.728641688823699951e-02
7.039387524127960205e-02
7.393510639667510986e-02
8.011092245578765869e-02
9.214808046817779541e-02
1.099387854337692261e-01
1.282091885805130005e-01
1.458558291196823120e-01
1.583154499530792236e-01
1.707005649805068970e-01
1.830855756998062134e-01
1.944113820791244507e-01
2.016324549913406372e-01
2.056977599859237671e-01
2.068545073270797729e-01
2.018183022737503052e-01
1.923869401216506958e-01
1.795215457677841187e-01
1.666561812162399292e-01
1.537909358739852905e-01
1.398610621690750122e-01
1.247874349355697632e-01
1.100227683782577515e-01
9.665904939174652100e-02
8.826588094234466553e-02
8.179597556591033936e-02
7.532615959644317627e-02
7.034181058406829834e-02
6.706927716732025146e-02
6.677950918674468994e-02
7.622162997722625732e-02
9.056799113750457764e-02
9.640930593013763428e-02
9.796677529811859131e-02
1.052417904138565063e-01
1.129487603902816772e-01
1.207457035779953003e-01
1.285426765680313110e-01
1.380213946104049683e-01
1.479720622301101685e-01
1.575895100831985474e-01
1.621224135160446167e-01
1.636237353086471558e-01
1.570763438940048218e-01
1.464157551527023315e-01
1.330896466970443726e-01
1.240261048078536987e-01
1.181005090475082397e-01
1.123173683881759644e-01
1.074433773756027222e-01
1.025694459676742554e-01
9.852139651775360107e-02
9.448234736919403076e-02
9.266822040081024170e-02
1.050764769315719604e-01
1.186755150556564331e-01
1.309677809476852417e-01
1.382989734411239624e-01
1.456904858350753784e-01
1.477439850568771362e-01
1.487092226743698120e-01
1.508114784955978394e-01
1.529897898435592651e-01
1.514692753553390503e-01
1.484091728925704956e-01
1.453496068716049194e-01
1.422896236181259155e-01
1.388801187276840210e-01
1.343291848897933960e-01
1.270165890455245972e-01
1.196961849927902222e-01
1.229196041822433472e-01
1.283264607191085815e-01
1.335826367139816284e-01
1.339224427938461304e-01
1.319383829832077026e-01
1.288310140371322632e-01
1.259006708860397339e-01
1.228862255811691284e-01
1.198721379041671753e-01
1.168578118085861206e-01
1.152996867895126343e-01
1.137580126523971558e-01
1.122159808874130249e-01
1.106185764074325562e-01
1.106476634740829468e-01
1.110688298940658569e-01
1.129781156778335571e-01
1.150432974100112915e-01
1.196836978197097778e-01
1.256771534681320190e-01
1.329941302537918091e-01
1.397623866796493530e-01
1.460726112127304077e-01
1.479106098413467407e-01
1.491901725530624390e-01
1.427000612020492554e-01
1.362099200487136841e-01
1.295047849416732788e-01
1.250814050436019897e-01
1.221316009759902954e-01
1.172386854887008667e-01
1.177446842193603516e-01
1.237964630126953125e-01
1.301614195108413696e-01
1.359589844942092896e-01
1.417566984891891479e-01
1.493473798036575317e-01
1.574736386537551880e-01
1.666489094495773315e-01
1.763557046651840210e-01
1.860934346914291382e-01
1.940976530313491821e-01
2.019215822219848633e-01
2.045024186372756958e-01
2.050080746412277222e-01
2.043515592813491821e-01
2.030340582132339478e-01
2.005106955766677856e-01
1.951999813318252563e-01
1.846828311681747437e-01
1.639323532581329346e-01
1.439974457025527954e-01
1.249281466007232666e-01
1.064054816961288452e-01
8.914975821971893311e-02
7.748331129550933838e-02
7.089923322200775146e-02
6.933669745922088623e-02
6.900216639041900635e-02
7.273124158382415771e-02
7.777215540409088135e-02
8.729340136051177979e-02
1.000361591577529907e-01
1.169300526380538940e-01
1.319229751825332642e-01
1.449856013059616089e-01
1.572714000940322876e-01
1.679608970880508423e-01
1.800995022058486938e-01
1.924744099378585815e-01
2.002500146627426147e-01
2.069554179906845093e-01
2.054827958345413208e-01
1.950885206460952759e-01
1.844995468854904175e-01
1.721296161413192749e-01
1.592641919851303101e-01
1.457436531782150269e-01
1.321723908185958862e-01
1.180299967527389526e-01
1.032653301954269409e-01
8.852450549602508545e-02
7.937107980251312256e-02
7.207645475864410400e-02
6.548567116260528564e-02
5.914439260959625244e-02
5.585931241512298584e-02
5.619244277477264404e-02
6.418059766292572021e-02
7.642333209514617920e-02
8.320073783397674561e-02
9.162907302379608154e-02
9.980402886867523193e-02
1.095740944147109985e-01
1.183606535196304321e-01
1.261574476957321167e-01
1.345968693494796753e-01
1.444601267576217651e-01
1.555703133344650269e-01
1.648409813642501831e-01
1.685445755720138550e-01
1.602941602468490601e-01
1.495229452848434448e-01
1.387516707181930542e-01
1.278265565633773804e-01
1.186389178037643433e-01
1.137627810239791870e-01
1.088890880346298218e-01
1.040997952222824097e-01
1.000607460737228394e-01
9.682123363018035889e-02
9.969590604305267334e-02
1.137365549802780151e-01
1.285976618528366089e-01
1.423536986112594604e-01
1.496851295232772827e-01
1.546187847852706909e-01
1.555835455656051636e-01
1.575255244970321655e-01
1.597038358449935913e-01
1.618825644254684448e-01
1.594282835721969604e-01
1.563684195280075073e-01
1.528907865285873413e-01
1.489071100950241089e-01
1.418934911489486694e-01
1.345731467008590698e-01
1.272531598806381226e-01
1.199320405721664429e-01
1.156579703092575073e-01
1.209503859281539917e-01
1.265644282102584839e-01
1.322923749685287476e-01
1.315584629774093628e-01
1.308001130819320679e-01
1.298906654119491577e-01
1.269183009862899780e-01
1.239037960767745972e-01
1.208897680044174194e-01
1.178753226995468140e-01
1.149320453405380249e-01
1.127881854772567749e-01
1.117657572031021118e-01
1.115144342184066772e-01
1.111029237508773804e-01
1.110867112874984741e-01
1.174554377794265747e-01
1.242683082818984985e-01
1.300895959138870239e-01
1.349470168352127075e-01
1.398062556982040405e-01
1.465298384428024292e-01
1.474108844995498657e-01
1.496808081865310669e-01
1.440392285585403442e-01
1.375493258237838745e-01
1.309393197298049927e-01
1.253476887941360474e-01
1.221810728311538696e-01
1.194397062063217163e-01
1.182214021682739258e-01
1.229668706655502319e-01
1.287647038698196411e-01
1.345623731613159180e-01
1.403597891330718994e-01
1.478484421968460083e-01
1.559210121631622314e-01
1.641583293676376343e-01
1.730853468179702759e-01
1.825284212827682495e-01
1.914645582437515259e-01
1.989667266607284546e-01
2.011562138795852661e-01
2.014717012643814087e-01
2.001543194055557251e-01
1.980691403150558472e-01
1.942331045866012573e-01
1.889713108539581299e-01
1.788255572319030762e-01
1.640971451997756958e-01
1.459236294031143188e-01
1.250975579023361206e-01
1.055613309144973755e-01
8.839686214923858643e-02
7.762946188449859619e-02
7.277475297451019287e-02
7.265762984752655029e-02
7.415117323398590088e-02
7.743681967258453369e-02
8.463568985462188721e-02
9.457550942897796631e-02
1.095857173204421997e-01
1.245291382074356079e-01
1.385899037122726440e-01
1.490937620401382446e-01
1.589110642671585083e-01
1.689576357603073120e-01
1.794704049825668335e-01
1.905258446931838989e-01
1.949296444654464722e-01
1.972734779119491577e-01
1.952679008245468140e-01
1.852060109376907349e-01
1.746169179677963257e-01
1.639637202024459839e-01
1.511024087667465210e-01
1.375312656164169312e-01
1.239599734544754028e-01
1.103889197111129761e-01
9.650801122188568115e-02
8.174316585063934326e-02
7.076413929462432861e-02
6.374199688434600830e-02
5.620251595973968506e-02
4.917506873607635498e-02
4.466183483600616455e-02
4.599033296108245850e-02
5.393891036510467529e-02
6.417430937290191650e-02
7.487581670284271240e-02
8.366362750530242920e-02
9.253703057765960693e-02
1.042536050081253052e-01
1.149198263883590698e-01
1.253830045461654663e-01
1.353586167097091675e-01
1.487874835729598999e-01
1.627291887998580933e-01
1.752696484327316284e-01
1.753547638654708862e-01
1.676928251981735229e-01
1.569214910268783569e-01
1.461505144834518433e-01
1.353792995214462280e-01
1.246082037687301636e-01
1.158260554075241089e-01
1.103343218564987183e-01
1.056388467550277710e-01
1.016000360250473022e-01
1.013376563787460327e-01
1.087971180677413940e-01
1.236584633588790894e-01
1.385195106267929077e-01
1.533808559179306030e-01
1.614093035459518433e-01
1.624578684568405151e-01
1.642392128705978394e-01
1.664177626371383667e-01
1.685962527990341187e-01
1.704417914152145386e-01
1.669012755155563354e-01
1.633602231740951538e-01
1.567710489034652710e-01
1.494504660367965698e-01
1.421301811933517456e-01
1.348097771406173706e-01
1.274893134832382202e-01
1.201689690351486206e-01
1.095668524503707886e-01
1.152031272649765015e-01
1.211899369955062866e-01
1.272114962339401245e-01
1.310020536184310913e-01
1.302772611379623413e-01
1.291606873273849487e-01
1.277128905057907104e-01
1.258717030286788940e-01
1.225500553846359253e-01
1.191713660955429077e-01
1.157927960157394409e-01
1.124141663312911987e-01
1.101561337709426880e-01
1.087525933980941772e-01
1.093988269567489624e-01
1.144274622201919556e-01
1.199090331792831421e-01
1.267220824956893921e-01
1.335009187459945679e-01
1.392570286989212036e-01
1.441144794225692749e-01
1.476157158613204956e-01
1.470067352056503296e-01
1.494333297014236450e-01
1.445564180612564087e-01
1.388884633779525757e-01
1.323739439249038696e-01
1.256141215562820435e-01
1.221424788236618042e-01
1.188344806432723999e-01
1.170313954353332520e-01
1.209914088249206543e-01
1.264622211456298828e-01
1.319334805011749268e-01
1.377553641796112061e-01
1.451021134853363037e-01
1.532808989286422729e-01
1.614596396684646606e-01
1.696831434965133667e-01
1.787491291761398315e-01
1.881944686174392700e-01
1.944815367460250854e-01
1.978100389242172241e-01
1.972310096025466919e-01
1.942969709634780884e-01
1.896847486495971680e-01
1.846261769533157349e-01
1.789726465940475464e-01
1.685238927602767944e-01
1.573984175920486450e-01
1.437433511018753052e-01
1.267603784799575806e-01
1.082937568426132202e-01
9.385026991367340088e-02
8.313788473606109619e-02
7.687409222126007080e-02
7.528920471668243408e-02
7.829757034778594971e-02
8.522005379199981689e-02
9.350113570690155029e-02
1.046564728021621704e-01
1.202432066202163696e-01
1.331831365823745728e-01
1.432298868894577026e-01
1.537167280912399292e-01
1.636003702878952026e-01
1.693339496850967407e-01
1.748432070016860962e-01
1.809214800596237183e-01
1.867241710424423218e-01
1.888361722230911255e-01
1.857949942350387573e-01
1.763328760862350464e-01
1.647073477506637573e-01
1.532608717679977417e-01
1.419659107923507690e-01
1.293188184499740601e-01
1.157476752996444702e-01
1.021765321493148804e-01
8.907507359981536865e-02
7.498584687709808350e-02
6.296370923519134521e-02
5.500052869319915771e-02
4.786784946918487549e-02
4.032836854457855225e-02
3.346453607082366943e-02
3.578822314739227295e-02
4.439248144626617432e-02
5.826036632061004639e-02
7.085235416889190674e-02
8.007799088954925537e-02
8.871917426586151123e-02
1.030903309583663940e-01
1.190796941518783569e-01
1.326882392168045044e-01
1.459414511919021606e-01
1.593839377164840698e-01
1.726283282041549683e-01
1.806529611349105835e-01
1.794611066579818726e-01
1.731535047292709351e-01
1.643206924200057983e-01
1.535492390394210815e-01
1.427782028913497925e-01
1.320066899061203003e-01
1.212357729673385620e-01
1.120060533285140991e-01
1.072569340467453003e-01
1.061767786741256714e-01
1.082835644483566284e-01
1.187189668416976929e-01
1.335803717374801636e-01
1.484419554471969604e-01
1.636894792318344116e-01
1.693323701620101929e-01
1.709535568952560425e-01
1.731318682432174683e-01
1.752371639013290405e-01
1.769344061613082886e-01
1.773707121610641479e-01
1.716482490301132202e-01
1.643279045820236206e-01
1.570073813199996948e-01
1.496869176626205444e-01
1.423666924238204956e-01
1.350462287664413452e-01
1.277255266904830933e-01
1.204053014516830444e-01
1.071346253156661987e-01
1.108018606901168823e-01
1.148396581411361694e-01
1.196676939725875854e-01
1.249996274709701538e-01
1.259117573499679565e-01
1.242531985044479370e-01
1.225941628217697144e-01
1.211785525083541870e-01
1.196143478155136108e-01
1.180981248617172241e-01
1.156782358884811401e-01
1.124913245439529419e-01
1.107442229986190796e-01
1.119479984045028687e-01
1.159819811582565308e-01
1.198802143335342407e-01
1.236335784196853638e-01
1.291756480932235718e-01
1.359887570142745972e-01
1.427148133516311646e-01
1.484248191118240356e-01
1.503520756959915161e-01
1.500767916440963745e-01
1.516483873128890991e-01
1.453311592340469360e-01
1.391264945268630981e-01
1.318523138761520386e-01
1.240065842866897583e-01
1.194998174905776978e-01
1.155813783407211304e-01
1.127844601869583130e-01
1.179086118936538696e-01
1.233796924352645874e-01
1.288506239652633667e-01
1.347648948431015015e-01
1.424622088670730591e-01
1.506409496068954468e-01
1.588196158409118652e-01
1.669982969760894775e-01
1.752545088529586792e-01
1.826284527778625488e-01
1.898341923952102661e-01
1.940503269433975220e-01
1.903036385774612427e-01
1.857395470142364502e-01
1.803238540887832642e-01
1.751231998205184937e-01
1.683145314455032349e-01
1.561920046806335449e-01
1.467693597078323364e-01
1.380427926778793335e-01
1.243554651737213135e-01
1.121980398893356323e-01
1.025158315896987915e-01
9.250845015048980713e-02
8.493791520595550537e-02
8.224998414516448975e-02
8.486320078372955322e-02
9.156869351863861084e-02
1.027838438749313354e-01
1.176337450742721558e-01
1.306745558977127075e-01
1.407064944505691528e-01
1.482526808977127075e-01
1.552937477827072144e-01
1.607837527990341187e-01
1.642143279314041138e-01
1.667949706315994263e-01
1.718062609434127808e-01
1.776662319898605347e-01
1.786801964044570923e-01
1.759306043386459351e-01
1.704201251268386841e-01
1.580071896314620972e-01
1.455353349447250366e-01
1.330635994672775269e-01
1.205917745828628540e-01
1.075354069471359253e-01
9.396414458751678467e-02
8.039306104183197021e-02
6.833563745021820068e-02
5.641125142574310303e-02
4.618839919567108154e-02
4.008005559444427490e-02
3.348563611507415771e-02
2.776972949504852295e-02
3.127627074718475342e-02
4.596655070781707764e-02
5.971767008304595947e-02
7.455615699291229248e-02
8.516807854175567627e-02
9.551505744457244873e-02
1.090000420808792114e-01
1.240145415067672729e-01
1.397982984781265259e-01
1.543395370244979858e-01
1.675059050321578979e-01
1.757874339818954468e-01
1.839430183172225952e-01
1.832306236028671265e-01
1.769230216741561890e-01
1.706154197454452515e-01
1.609480232000350952e-01
1.501768082380294800e-01
1.394057720899581909e-01
1.286346167325973511e-01
1.178633421659469604e-01
1.110446900129318237e-01
1.131364554166793823e-01
1.156519502401351929e-01
1.286414116621017456e-01
1.435028761625289917e-01
1.586212962865829468e-01
1.729208678007125854e-01
1.776673644781112671e-01
1.797050088644027710e-01
1.814012378454208374e-01
1.830981224775314331e-01
1.834808439016342163e-01
1.792051047086715698e-01
1.718848794698715210e-01
1.645642966032028198e-01
1.572437137365341187e-01
1.499233096837997437e-01
1.426032632589340210e-01
1.352827996015548706e-01
1.279622763395309448e-01
1.206419318914413452e-01
1.028308719396591187e-01
1.065466850996017456e-01
1.105847209692001343e-01
1.146225780248641968e-01
1.186601370573043823e-01
1.227244585752487183e-01
1.207310408353805542e-01
1.190800517797470093e-01
1.177054494619369507e-01
1.163784116506576538e-01
1.148013323545455933e-01
1.132244914770126343e-01
1.118018776178359985e-01
1.155612617731094360e-01
1.194994002580642700e-01
1.235331445932388306e-01
1.275673061609268188e-01
1.314676254987716675e-01
1.350291222333908081e-01
1.391592770814895630e-01
1.452236026525497437e-01
1.515701860189437866e-01
1.524033099412918091e-01
1.520377844572067261e-01
1.534577161073684692e-01
1.472936421632766724e-01
1.397720426321029663e-01
1.294253915548324585e-01
1.209629923105239868e-01
1.164563745260238647e-01
1.122539490461349487e-01
1.089809089899063110e-01
1.130607873201370239e-01
1.202969849109649658e-01
1.246767491102218628e-01
1.317743659019470215e-01
1.398220807313919067e-01
1.480007320642471313e-01
1.561795026063919067e-01
1.643582880496978760e-01
1.711419373750686646e-01
1.772818267345428467e-01
1.829849779605865479e-01
1.865268796682357788e-01
1.816470324993133545e-01
1.764465719461441040e-01
1.712460964918136597e-01
1.655477881431579590e-01
1.557968109846115112e-01
1.444815993309020996e-01
1.362036466598510742e-01
1.299521774053573608e-01
1.242856979370117188e-01
1.173086315393447876e-01
1.078298240900039673e-01
9.897635877132415771e-02
9.244997799396514893e-02
9.214518964290618896e-02
9.682048857212066650e-02
1.033063381910324097e-01
1.132425814867019653e-01
1.245104223489761353e-01
1.372598558664321899e-01
1.434699445962905884e-01
1.467462033033370972e-01
1.502005606889724731e-01
1.549882143735885620e-01
1.590379327535629272e-01
1.616185754537582397e-01
1.641990989446640015e-01
1.687694936990737915e-01
1.683058291673660278e-01
1.642324179410934448e-01
1.603884547948837280e-01
1.512037664651870728e-01
1.391541212797164917e-01
1.266823858022689819e-01
1.142105907201766968e-01
1.017386764287948608e-01
8.888082206249237061e-02
7.523475587368011475e-02
6.352941691875457764e-02
5.535973608493804932e-02
4.540209472179412842e-02
3.956328332424163818e-02
3.441594541072845459e-02
2.900271117687225342e-02
3.621523082256317139e-02
5.135868489742279053e-02
6.564299762248992920e-02
8.203642070293426514e-02
9.366945922374725342e-02
1.042431741952896118e-01
1.166009455919265747e-01
1.306832879781723022e-01
1.446266025304794312e-01
1.597031205892562866e-01
1.680514663457870483e-01
1.765008419752120972e-01
1.858066171407699585e-01
1.861988157033920288e-01
1.806925982236862183e-01
1.743849366903305054e-01
1.680176705121994019e-01
1.575757712125778198e-01
1.468047350645065308e-01
1.360333412885665894e-01
1.274956911802291870e-01
1.233872026205062866e-01
1.200708001852035522e-01
1.228443831205368042e-01
1.376338452100753784e-01
1.535927504301071167e-01
1.693666428327560425e-01
1.794219464063644409e-01
1.858686655759811401e-01
1.875654906034469604e-01
1.888149231672286987e-01
1.867328137159347534e-01
1.846504658460617065e-01
1.794414967298507690e-01
1.721212714910507202e-01
1.648008078336715698e-01
1.574802249670028687e-01
1.501598209142684937e-01
1.428393572568893433e-01
1.355193108320236206e-01
1.281989067792892456e-01
1.208783835172653198e-01
1.013110727071762085e-01
1.045660227537155151e-01
1.080936640501022339e-01
1.116326898336410522e-01
1.154859513044357300e-01
1.193391531705856323e-01
1.218390315771102905e-01
1.196431964635848999e-01
1.172215193510055542e-01
1.147515028715133667e-01
1.121504753828048706e-01
1.106431633234024048e-01
1.151563972234725952e-01
1.208002120256423950e-01
1.264437884092330933e-01
1.319008916616439819e-01
1.353556960821151733e-01
1.388106793165206909e-01
1.421342045068740845e-01
1.452281326055526733e-01
1.490922421216964722e-01
1.529246419668197632e-01
1.528495997190475464e-01
1.530882269144058228e-01
1.541454643011093140e-01
1.473080366849899292e-01
1.389655917882919312e-01
1.289840787649154663e-01
1.210877448320388794e-01
1.154127269983291626e-01
1.090155094861984253e-01
1.054095476865768433e-01
1.074939817190170288e-01
1.151284724473953247e-01
1.216860860586166382e-01
1.290032267570495605e-01
1.371819525957107544e-01
1.453607082366943359e-01
1.535393297672271729e-01
1.607127040624618530e-01
1.666498333215713501e-01
1.710295528173446655e-01
1.741652637720108032e-01
1.757671386003494263e-01
1.727800220251083374e-01
1.674816161394119263e-01
1.612807661294937134e-01
1.554141193628311157e-01
1.442741304636001587e-01
1.333819180727005005e-01
1.270211786031723022e-01
1.256634742021560669e-01
1.262200176715850830e-01
1.205147057771682739e-01
1.129347831010818481e-01
1.055955439805984497e-01
9.943936765193939209e-02
1.020607501268386841e-01
1.079593151807785034e-01
1.156189292669296265e-01
1.223410218954086304e-01
1.291294246912002563e-01
1.334256976842880249e-01
1.366498917341232300e-01
1.412924081087112427e-01
1.463804692029953003e-01
1.506563872098922729e-01
1.543966084718704224e-01
1.564419120550155640e-01
1.590226441621780396e-01
1.616032272577285767e-01
1.583492010831832886e-01
1.532341688871383667e-01
1.486660689115524292e-01
1.428506821393966675e-01
1.332129687070846558e-01
1.235287040472030640e-01
1.132626980543136597e-01
1.026145070791244507e-01
9.196613729000091553e-02
8.060900866985321045e-02
6.889291107654571533e-02
5.987285077571868896e-02
5.012978613376617432e-02
4.104481637477874756e-02
3.588612377643585205e-02
3.608588874340057373e-02
4.647390544414520264e-02
6.089787185192108154e-02
7.490967214107513428e-02
8.944092690944671631e-02
1.024311929941177368e-01
1.129546016454696655e-01
1.240455955266952515e-01
1.377869397401809692e-01
1.501447409391403198e-01
1.584345549345016479e-01
1.659738868474960327e-01
1.765284389257431030e-01
1.838840097188949585e-01
1.860904544591903687e-01
1.844621151685714722e-01
1.781545132398605347e-01
1.718470901250839233e-01
1.649746149778366089e-01
1.542034596204757690e-01
1.452921479940414429e-01
1.407237499952316284e-01
1.367088407278060913e-01
1.329753845930099487e-01
1.324771493673324585e-01
1.472073048353195190e-01
1.626093238592147827e-01
1.754675954580307007e-01
1.857770532369613647e-01
1.937297433614730835e-01
1.920669525861740112e-01
1.899846047163009644e-01
1.879024356603622437e-01
1.858205050230026245e-01
1.796781271696090698e-01
1.723578423261642456e-01
1.650374382734298706e-01
1.577169150114059448e-01
1.503965109586715698e-01
1.430761069059371948e-01
1.357560604810714722e-01
1.284351795911788940e-01
1.211147755384445190e-01
9.980742633342742920e-02
1.031111925840377808e-01
1.069607585668563843e-01
1.108141988515853882e-01
1.146672219038009644e-01
1.186019033193588257e-01
1.226470321416854858e-01
1.230668276548385620e-01
1.204472035169601440e-01
1.175731867551803589e-01
1.162108033895492554e-01
1.181965321302413940e-01
1.215871423482894897e-01
1.256105452775955200e-01
1.296584159135818481e-01
1.349756568670272827e-01
1.402926594018936157e-01
1.456097513437271118e-01
1.494411677122116089e-01
1.527665406465530396e-01
1.557544320821762085e-01
1.566716581583023071e-01
1.558335274457931519e-01
1.546059995889663696e-01
1.550508588552474976e-01
1.473196297883987427e-01
1.377793103456497192e-01
1.281044334173202515e-01
1.207724660634994507e-01
1.159641593694686890e-01
1.102626770734786987e-01
1.045713275671005249e-01
1.025055199861526489e-01
1.082019656896591187e-01
1.171741336584091187e-01
1.263631284236907959e-01
1.345418840646743774e-01
1.427206993103027344e-01
1.502831727266311646e-01
1.562075763940811157e-01
1.596533954143524170e-01
1.627501547336578369e-01
1.641593128442764282e-01
1.648723632097244263e-01
1.630207747220993042e-01
1.577394157648086548e-01
1.516579240560531616e-01
1.447713226079940796e-01
1.333468556404113770e-01
1.245055496692657471e-01
1.231037229299545288e-01
1.236778050661087036e-01
1.242813169956207275e-01
1.235191076993942261e-01
1.185142248868942261e-01
1.136036366224288940e-01
1.120555251836776733e-01
1.127005666494369507e-01
1.141157597303390503e-01
1.152765303850173950e-01
1.192308515310287476e-01
1.262988895177841187e-01
1.314850300550460815e-01
1.340582817792892456e-01
1.364390999078750610e-01
1.395484060049057007e-01
1.435896903276443481e-01
1.499694138765335083e-01
1.525620669126510620e-01
1.545502990484237671e-01
1.560274213552474976e-01
1.539546400308609009e-01
1.485599726438522339e-01
1.452684849500656128e-01
1.407323330640792847e-01
1.342083066701889038e-01
1.245239824056625366e-01
1.148399561643600464e-01
1.051556915044784546e-01
9.484983980655670166e-02
8.420141041278839111e-02
7.468669116497039795e-02
6.473128497600555420e-02
5.776850879192352295e-02
5.023984611034393311e-02
4.886691272258758545e-02
5.066089332103729248e-02
6.028805673122406006e-02
7.108013331890106201e-02
8.444856107234954834e-02
9.846062958240509033e-02
1.113447397947311401e-01
1.210607141256332397e-01
1.322760432958602905e-01
1.421883851289749146e-01
1.517364829778671265e-01
1.577114909887313843e-01
1.661904305219650269e-01
1.752611845731735229e-01
1.804725378751754761e-01
1.840625256299972534e-01
1.858565062284469604e-01
1.817952245473861694e-01
1.756164282560348511e-01
1.693088859319686890e-01
1.634283512830734253e-01
1.585201472043991089e-01
1.539517492055892944e-01
1.500304192304611206e-01
1.462967842817306519e-01
1.480064243078231812e-01
1.572963446378707886e-01
1.716884821653366089e-01
1.810477823019027710e-01
1.877097338438034058e-01
1.940073817968368530e-01
1.931544989347457886e-01
1.911543458700180054e-01
1.890721172094345093e-01
1.869582980871200562e-01
1.799143999814987183e-01
1.725941151380538940e-01
1.652735918760299683e-01
1.579533070325851440e-01
1.506330817937850952e-01
1.433124393224716187e-01
1.359922736883163452e-01
1.286716312170028687e-01
1.236539334058761597e-01
9.861062467098236084e-02
1.022891849279403687e-01
1.061423271894454956e-01
1.100522726774215698e-01
1.140972822904586792e-01
1.179514378309249878e-01
1.216699331998825073e-01
1.253883689641952515e-01
1.234872192144393921e-01
1.238136738538742065e-01
1.261079758405685425e-01
1.282563954591751099e-01
1.318216472864151001e-01
1.353347450494766235e-01
1.388476341962814331e-01
1.423607021570205688e-01
1.458736211061477661e-01
1.496755033731460571e-01
1.538998037576675415e-01
1.592166870832443237e-01
1.627663522958755493e-01
1.605808585882186890e-01
1.585699766874313354e-01
1.575880199670791626e-01
1.593125313520431519e-01
1.507164686918258667e-01
1.393168419599533081e-01
1.279170960187911987e-01
1.202576309442520142e-01
1.156496852636337280e-01
1.108404546976089478e-01
1.055548787117004395e-01
1.014892458915710449e-01
1.049746721982955933e-01
1.127669811248779297e-01
1.225014477968215942e-01
1.319019943475723267e-01
1.406642198562622070e-01
1.454192250967025757e-01
1.488937586545944214e-01
1.513233631849288940e-01
1.534747034311294556e-01
1.542579084634780884e-01
1.543256193399429321e-01
1.525648087263107300e-01
1.480077058076858521e-01
1.425672918558120728e-01
1.344669610261917114e-01
1.245499402284622192e-01
1.205441206693649292e-01
1.211356371641159058e-01
1.217917799949645996e-01
1.231592893600463867e-01
1.250810176134109497e-01
1.250099688768386841e-01
1.225847452878952026e-01
1.193599849939346313e-01
1.150230020284652710e-01
1.136385053396224976e-01
1.109902411699295044e-01
1.145054548978805542e-01
1.198550015687942505e-01
1.252047568559646606e-01
1.294189244508743286e-01
1.337689906358718872e-01
1.389449685811996460e-01
1.424648314714431763e-01
1.478146463632583618e-01
1.532772332429885864e-01
1.581015437841415405e-01
1.585015505552291870e-01
1.559476703405380249e-01
1.504006832838058472e-01
1.444415897130966187e-01
1.403412073850631714e-01
1.334580630064010620e-01
1.255193203687667847e-01
1.158352047204971313e-01
1.061510294675827026e-01
9.646676480770111084e-02
8.781324326992034912e-02
8.121113479137420654e-02
7.455681264400482178e-02
6.783266365528106689e-02
6.439821422100067139e-02
6.393240392208099365e-02
6.624855101108551025e-02
7.606931030750274658e-02
8.494077622890472412e-02
9.777586162090301514e-02
1.103828698396682739e-01
1.222230643033981323e-01
1.303306668996810913e-01
1.371396631002426147e-01
1.440989226102828979e-01
1.507798880338668823e-01
1.577111333608627319e-01
1.666112393140792847e-01
1.750329583883285522e-01
1.771553009748458862e-01
1.801624149084091187e-01
1.842409223318099976e-01
1.825621575117111206e-01
1.784225553274154663e-01
1.753457039594650269e-01
1.739740818738937378e-01
1.717480272054672241e-01
1.671796292066574097e-01
1.629376858472824097e-01
1.587226837873458862e-01
1.634886711835861206e-01
1.730689257383346558e-01
1.774988025426864624e-01
1.816058009862899780e-01
1.869817227125167847e-01
1.923574060201644897e-01
1.921205371618270874e-01
1.911204308271408081e-01
1.901204437017440796e-01
1.874715536832809448e-01
1.801513284444808960e-01
1.728307455778121948e-01
1.655104607343673706e-01
1.581898778676986694e-01
1.508695334196090698e-01
1.435491293668746948e-01
1.362288445234298706e-01
1.313071697950363159e-01
1.269816607236862183e-01
9.749935567378997803e-02
1.009325236082077026e-01
1.046507805585861206e-01
1.083695739507675171e-01
1.120877712965011597e-01
1.158066242933273315e-01
1.195244044065475464e-01
1.232431381940841675e-01
1.308104246854782104e-01
1.333013027906417847e-01
1.357928961515426636e-01
1.385086029767990112e-01
1.424493044614791870e-01
1.461070328950881958e-01
1.496202796697616577e-01
1.531331390142440796e-01
1.566464453935623169e-01
1.601593345403671265e-01
1.631105691194534302e-01
1.657762676477432251e-01
1.674354821443557739e-01
1.650796979665756226e-01
1.622742861509323120e-01
1.603242903947830200e-01
1.624247878789901733e-01
1.540754586458206177e-01
1.432972103357315063e-01
1.318974941968917847e-01
1.233531981706619263e-01
1.176107972860336304e-01
1.115719825029373169e-01
1.063835173845291138e-01
1.007410883903503418e-01
1.040989607572555542e-01
1.118287742137908936e-01
1.214114278554916382e-01
1.309150159358978271e-01
1.347093582153320312e-01
1.378423124551773071e-01
1.399184316396713257e-01
1.423674076795578003e-01
1.440750360488891602e-01
1.436984986066818237e-01
1.433863937854766846e-01
1.429547816514968872e-01
1.385857313871383667e-01
1.354088634252548218e-01
1.257943958044052124e-01
1.200268119573593140e-01
1.185932606458663940e-01
1.197372078895568848e-01
1.214185208082199097e-01
1.237323433160781860e-01
1.244316548109054565e-01
1.256706267595291138e-01
1.240010410547256470e-01
1.197826713323593140e-01
1.166182607412338257e-01
1.108842045068740845e-01
1.078928858041763306e-01
1.102897375822067261e-01
1.174629777669906616e-01
1.246360987424850464e-01
1.305864006280899048e-01
1.365025192499160767e-01
1.424186080694198608e-01
1.477336436510086060e-01
1.527618318796157837e-01
1.560088545083999634e-01
1.588581055402755737e-01
1.578884571790695190e-01
1.573645919561386108e-01
1.542818397283554077e-01
1.465935856103897095e-01
1.403672546148300171e-01
1.335156410932540894e-01
1.261962503194808960e-01
1.173394471406936646e-01
1.093512326478958130e-01
1.013631075620651245e-01
9.337474405765533447e-02
8.785377442836761475e-02
8.319561183452606201e-02
8.046309649944305420e-02
7.954786717891693115e-02
7.905294001102447510e-02
8.155269920825958252e-02
9.093086421489715576e-02
9.997276961803436279e-02
1.113028079271316528e-01
1.237459927797317505e-01
1.347986310720443726e-01
1.409937590360641479e-01
1.456532627344131470e-01
1.473821252584457397e-01
1.508716195821762085e-01
1.581933945417404175e-01
1.670318096876144409e-01
1.740102022886276245e-01
1.753243058919906616e-01
1.772920340299606323e-01
1.804702728986740112e-01
1.831255406141281128e-01
1.818276494741439819e-01
1.818505376577377319e-01
1.836798638105392456e-01
1.828609555959701538e-01
1.794432252645492554e-01
1.752279251813888550e-01
1.714817136526107788e-01
1.785016506910324097e-01
1.836077421903610229e-01
1.831582039594650269e-01
1.827088445425033569e-01
1.862538903951644897e-01
1.916291564702987671e-01
1.925498694181442261e-01
1.903957575559616089e-01
1.890865415334701538e-01
1.864654272794723511e-01
1.802273839712142944e-01
1.730671375989913940e-01
1.657469123601913452e-01
1.584265679121017456e-01
1.511062830686569214e-01
1.437855809926986694e-01
1.389605849981307983e-01
1.358386725187301636e-01
1.330959647893905640e-01
9.514527022838592529e-02
9.878717362880706787e-02
1.025056689977645874e-01
1.062241643667221069e-01
1.099426001310348511e-01
1.136607378721237183e-01
1.182660907506942749e-01
1.274219602346420288e-01
1.365781277418136597e-01
1.427894681692123413e-01
1.452805250883102417e-01
1.486328393220901489e-01
1.528269499540328979e-01
1.567764133214950562e-01
1.603925079107284546e-01
1.639057248830795288e-01
1.669277995824813843e-01
1.695935279130935669e-01
1.722593158483505249e-01
1.749249249696731567e-01
1.750102788209915161e-01
1.727795749902725220e-01
1.704259067773818970e-01
1.677366048097610474e-01
1.680116802453994751e-01
1.585211604833602905e-01
1.474220007658004761e-01
1.360874325037002563e-01
1.273632198572158813e-01
1.217160671949386597e-01
1.159302890300750732e-01
1.081922501325607300e-01
1.012674123048782349e-01
1.049234420061111450e-01
1.139520108699798584e-01
1.223540306091308594e-01
1.268966048955917358e-01
1.304021477699279785e-01
1.311928331851959229e-01
1.318238526582717896e-01
1.335058808326721191e-01
1.333647817373275757e-01
1.330052614212036133e-01
1.332351714372634888e-01
1.342682093381881714e-01
1.312449127435684204e-01
1.269545257091522217e-01
1.213559210300445557e-01
1.181600540876388550e-01
1.178297251462936401e-01
1.191841214895248413e-01
1.185361146926879883e-01
1.174341589212417603e-01
1.176153570413589478e-01
1.219750791788101196e-01
1.246824711561203003e-01
1.246282309293746948e-01
1.209144741296768188e-01
1.156327873468399048e-01
1.122661978006362915e-01
1.134767085313796997e-01
1.202837973833084106e-01
1.274036914110183716e-01
1.333199292421340942e-01
1.392360180616378784e-01
1.451521068811416626e-01
1.502235680818557739e-01
1.547601073980331421e-01
1.585388034582138062e-01
1.602056473493576050e-01
1.584691256284713745e-01
1.565118283033370972e-01
1.547955721616744995e-01
1.492346972227096558e-01
1.434402316808700562e-01
1.359881907701492310e-01
1.298172324895858765e-01
1.231402605772018433e-01
1.149129718542098999e-01
1.069248169660568237e-01
9.924493730068206787e-02
9.469895064830780029e-02
9.212927520275115967e-02
9.258495271205902100e-02
9.432600438594818115e-02
9.281916916370391846e-02
9.685723483562469482e-02
1.053660959005355835e-01
1.147510260343551636e-01
1.246657818555831909e-01
1.352217048406600952e-01
1.447906941175460815e-01
1.516550630331039429e-01
1.519360393285751343e-01
1.534398049116134644e-01
1.558407396078109741e-01
1.625752896070480347e-01
1.703875511884689331e-01
1.743085235357284546e-01
1.741900891065597534e-01
1.746551841497421265e-01
1.782963722944259644e-01
1.838527172803878784e-01
1.857427805662155151e-01
1.880469173192977905e-01
1.894063204526901245e-01
1.908766478300094604e-01
1.908119171857833862e-01
1.877315491437911987e-01
1.817819327116012573e-01
1.881604641675949097e-01
1.892670840024948120e-01
1.888176649808883667e-01
1.883680671453475952e-01
1.879187077283859253e-01
1.909009665250778198e-01
1.932856291532516479e-01
1.911312788724899292e-01
1.889768689870834351e-01
1.844981759786605835e-01
1.782598942518234253e-01
1.720218509435653687e-01
1.657837480306625366e-01
1.586630791425704956e-01
1.513424962759017944e-01
1.478969305753707886e-01
1.452599018812179565e-01
1.436344832181930542e-01
1.420090645551681519e-01
9.328596293926239014e-02
9.664206206798553467e-02
1.003604382276535034e-01
1.040786951780319214e-01
1.077973097562789917e-01
1.139280050992965698e-01
1.230839341878890991e-01
1.322398036718368530e-01
1.413961499929428101e-01
1.505518406629562378e-01
1.547682434320449829e-01
1.586194485425949097e-01
1.628934890031814575e-01
1.671452969312667847e-01
1.706828922033309937e-01
1.734104901552200317e-01
1.760762482881546021e-01
1.787420362234115601e-01
1.814079433679580688e-01
1.840735822916030884e-01
1.825849860906600952e-01
1.803543418645858765e-01
1.781236678361892700e-01
1.757721155881881714e-01
1.741235703229904175e-01
1.661558598279953003e-01
1.567697674036026001e-01
1.454913765192031860e-01
1.357315331697463989e-01
1.283754259347915649e-01
1.206294149160385132e-01
1.128264963626861572e-01
1.073690801858901978e-01
1.102680116891860962e-01
1.157910376787185669e-01
1.188715994358062744e-01
1.213388592004776001e-01
1.244326531887054443e-01
1.284851580858230591e-01
1.280393600463867188e-01
1.267070621252059937e-01
1.245664656162261963e-01
1.242729276418685913e-01
1.251217573881149292e-01
1.260620504617691040e-01
1.240464895963668823e-01
1.215932071208953857e-01
1.187641918659210205e-01
1.164468526840209961e-01
1.144173294305801392e-01
1.141648739576339722e-01
1.141144335269927979e-01
1.153703778982162476e-01
1.206796914339065552e-01
1.263108104467391968e-01
1.319419294595718384e-01
1.312736719846725464e-01
1.275031417608261108e-01
1.212739795446395874e-01
1.168477088212966919e-01
1.179137676954269409e-01
1.231048852205276489e-01
1.301371902227401733e-01
1.360534876585006714e-01
1.419693976640701294e-01
1.474967747926712036e-01
1.521673649549484253e-01
1.567038148641586304e-01
1.606048792600631714e-01
1.595451086759567261e-01
1.580309718847274780e-01
1.565167158842086792e-01
1.566881984472274780e-01
1.529303640127182007e-01
1.483716815710067749e-01
1.434046477079391479e-01
1.359205693006515503e-01
1.290019005537033081e-01
1.209102123975753784e-01
1.124864369630813599e-01
1.062024086713790894e-01
1.035043150186538696e-01
1.037971824407577515e-01
1.042910367250442505e-01
1.044629067182540894e-01
1.057024449110031128e-01
1.103914827108383179e-01
1.193512231111526489e-01
1.291743963956832886e-01
1.361445635557174683e-01
1.450135558843612671e-01
1.545828431844711304e-01
1.575658768415451050e-01
1.595427244901657104e-01
1.594377607107162476e-01
1.618523448705673218e-01
1.685939878225326538e-01
1.743899434804916382e-01
1.767991036176681519e-01
1.766466945409774780e-01
1.776318401098251343e-01
1.808134168386459351e-01
1.849365085363388062e-01
1.910675615072250366e-01
1.929908841848373413e-01
1.955449432134628296e-01
1.965752691030502319e-01
1.954070180654525757e-01
1.942417472600936890e-01
1.914486140012741089e-01
1.953753083944320679e-01
1.949260085821151733e-01
1.944764107465744019e-01
1.940272301435470581e-01
1.935779303312301636e-01
1.931286305189132690e-01
1.940213292837142944e-01
1.918666213750839233e-01
1.897126883268356323e-01
1.840709894895553589e-01
1.766786426305770874e-01
1.700544804334640503e-01
1.638164371252059937e-01
1.589411944150924683e-01
1.571842283010482788e-01
1.557982414960861206e-01
1.541731804609298706e-01
1.533921211957931519e-01
1.490307301282882690e-01
9.570585191249847412e-02
9.806589782238006592e-02
1.004268378019332886e-01
1.026790589094161987e-01
1.096931546926498413e-01
1.187459677457809448e-01
1.279017180204391479e-01
1.370578259229660034e-01
1.462136358022689819e-01
1.553694456815719604e-01
1.643308848142623901e-01
1.686053127050399780e-01
1.725297719240188599e-01
1.759568899869918823e-01
1.793836504220962524e-01
1.825321167707443237e-01
1.852250248193740845e-01
1.878906339406967163e-01
1.905565708875656128e-01
1.923904865980148315e-01
1.901599317789077759e-01
1.879291683435440063e-01
1.856985837221145630e-01
1.825267225503921509e-01
1.810362488031387329e-01
1.723975092172622681e-01
1.624907106161117554e-01
1.531047075986862183e-01
1.461536735296249390e-01
1.406995803117752075e-01
1.319391578435897827e-01
1.235696226358413696e-01
1.170326024293899536e-01
1.159157603979110718e-01
1.173141300678253174e-01
1.188661158084869385e-01
1.205605119466781616e-01
1.210845857858657837e-01
1.212112754583358765e-01
1.240142434835433960e-01
1.227274388074874878e-01
1.215026825666427612e-01
1.204405725002288818e-01
1.193785816431045532e-01
1.201270520687103271e-01
1.249363571405410767e-01
1.221389323472976685e-01
1.188251972198486328e-01
1.162800788879394531e-01
1.156009882688522339e-01
1.144937723875045776e-01
1.149725764989852905e-01
1.193841248750686646e-01
1.250152438879013062e-01
1.306463927030563354e-01
1.361220628023147583e-01
1.357836872339248657e-01
1.325668841600418091e-01
1.253769546747207642e-01
1.206627339124679565e-01
1.216406673192977905e-01
1.260324865579605103e-01
1.328707784414291382e-01
1.387869268655776978e-01
1.441996842622756958e-01
1.494099944829940796e-01
1.541112512350082397e-01
1.586477607488632202e-01
1.623921841382980347e-01
1.595246046781539917e-01
1.597063988447189331e-01
1.598882228136062622e-01
1.600699275732040405e-01
1.577911227941513062e-01
1.535341292619705200e-01
1.493699997663497925e-01
1.416066735982894897e-01
1.335720866918563843e-01
1.280928999185562134e-01
1.197687238454818726e-01
1.148795038461685181e-01
1.150094419717788696e-01
1.155033260583877563e-01
1.156928390264511108e-01
1.151009052991867065e-01
1.154581755399703979e-01
1.209150999784469604e-01
1.308715790510177612e-01
1.400279253721237183e-01
1.472936719655990601e-01
1.548057645559310913e-01
1.605795174837112427e-01
1.637179702520370483e-01
1.660972684621810913e-01
1.657746881246566772e-01
1.692277640104293823e-01
1.748424619436264038e-01
1.791949719190597534e-01
1.799328774213790894e-01
1.805097311735153198e-01
1.823289245367050171e-01
1.841479986906051636e-01
1.911857575178146362e-01
1.986586898565292358e-01
2.010918706655502319e-01
2.004592269659042358e-01
1.980959624052047729e-01
1.963171213865280151e-01
1.952385157346725464e-01
2.006988376379013062e-01
2.010345906019210815e-01
2.005851715803146362e-01
2.001356333494186401e-01
1.996865719556808472e-01
1.992369741201400757e-01
1.987879723310470581e-01
1.982744187116622925e-01
1.926025599241256714e-01
1.904480904340744019e-01
1.838735193014144897e-01
1.764808148145675659e-01
1.705310791730880737e-01
1.651900857686996460e-01
1.648025363683700562e-01
1.652564257383346558e-01
1.657103747129440308e-01
1.661644428968429565e-01
1.631150096654891968e-01
1.582532972097396851e-01
9.767554700374603271e-02
1.000358909368515015e-01
1.024226993322372437e-01
1.102207750082015991e-01
1.180184930562973022e-01
1.258166879415512085e-01
1.336145848035812378e-01
1.417830437421798706e-01
1.507232040166854858e-01
1.599919945001602173e-01
1.695541590452194214e-01
1.774647980928421021e-01
1.808918565511703491e-01
1.843188852071762085e-01
1.877458244562149048e-01
1.911730617284774780e-01
1.943574398756027222e-01
1.970393806695938110e-01
1.997054070234298706e-01
1.999653428792953491e-01
1.977345794439315796e-01
1.955039948225021362e-01
1.932732611894607544e-01
1.889036744832992554e-01
1.876098066568374634e-01
1.794814020395278931e-01
1.689373701810836792e-01
1.593049019575119019e-01
1.538414359092712402e-01
1.496906429529190063e-01
1.432754546403884888e-01
1.348005831241607666e-01
1.262561827898025513e-01
1.229567676782608032e-01
1.216681748628616333e-01
1.233611255884170532e-01
1.226189583539962769e-01
1.213835030794143677e-01
1.219033151865005493e-01
1.237755715847015381e-01
1.254597753286361694e-01
1.250648349523544312e-01
1.253160983324050903e-01
1.246405690908432007e-01
1.261015981435775757e-01
1.292456090450286865e-01
1.229661256074905396e-01
1.195511370897293091e-01
1.171708405017852783e-01
1.171189546585083008e-01
1.169933527708053589e-01
1.193147748708724976e-01
1.244519203901290894e-01
1.298306733369827271e-01
1.352095454931259155e-01
1.373971551656723022e-01
1.389902085065841675e-01
1.346323937177658081e-01
1.286450773477554321e-01
1.262298673391342163e-01
1.254451721906661987e-01
1.289747208356857300e-01
1.356042772531509399e-01
1.409025937318801880e-01
1.461128443479537964e-01
1.513231247663497925e-01
1.561733931303024292e-01
1.624057739973068237e-01
1.660498827695846558e-01
1.646522134542465210e-01
1.636120527982711792e-01
1.637937873601913452e-01
1.639757305383682251e-01
1.632520705461502075e-01
1.583092361688613892e-01
1.535109132528305054e-01
1.468725949525833130e-01
1.393207162618637085e-01
1.327247172594070435e-01
1.279263645410537720e-01
1.265708059072494507e-01
1.267154067754745483e-01
1.272094696760177612e-01
1.266426891088485718e-01
1.256863623857498169e-01
1.249749511480331421e-01
1.289152950048446655e-01
1.364724487066268921e-01
1.484307497739791870e-01
1.569524854421615601e-01
1.618651300668716431e-01
1.657097786664962769e-01
1.714383512735366821e-01
1.723403781652450562e-01
1.732035726308822632e-01
1.766031831502914429e-01
1.808608621358871460e-01
1.837476342916488647e-01
1.851931661367416382e-01
1.859429925680160522e-01
1.866926401853561401e-01
1.907721012830734253e-01
1.974348872900009155e-01
2.040858715772628784e-01
2.052851170301437378e-01
2.028362005949020386e-01
2.012283056974411011e-01
2.004924863576889038e-01
2.003583759069442749e-01
2.029551118612289429e-01
2.063008397817611694e-01
2.066578119993209839e-01
2.057949751615524292e-01
2.053457349538803101e-01
2.048964351415634155e-01
2.044471949338912964e-01
2.039977759122848511e-01
1.974178999662399292e-01
1.910685747861862183e-01
1.851985305547714233e-01
1.806941479444503784e-01
1.769988387823104858e-01
1.761841028928756714e-01
1.754839867353439331e-01
1.754752248525619507e-01
1.759293526411056519e-01
1.747179478406906128e-01
1.709374636411666870e-01
1.671578139066696167e-01
9.964506328105926514e-02
1.035576313734054565e-01
1.113557666540145874e-01
1.191539019346237183e-01
1.269517987966537476e-01
1.347493976354598999e-01
1.425474733114242554e-01
1.503455489873886108e-01
1.579348891973495483e-01
1.648858338594436646e-01
1.729073077440261841e-01
1.825670748949050903e-01
1.884158700704574585e-01
1.919558495283126831e-01
1.954957395792007446e-01
1.990358978509902954e-01
2.025756388902664185e-01
2.058893293142318726e-01
2.086930721998214722e-01
2.074921578168869019e-01
2.053093761205673218e-01
2.030787020921707153e-01
1.999679654836654663e-01
1.952806562185287476e-01
1.940642744302749634e-01
1.866396069526672363e-01
1.777134537696838379e-01
1.677248179912567139e-01
1.617275327444076538e-01
1.563943177461624146e-01
1.483228951692581177e-01
1.398035138845443726e-01
1.326411217451095581e-01
1.302487254142761230e-01
1.284255981445312500e-01
1.298170238733291626e-01
1.323540061712265015e-01
1.342604309320449829e-01
1.361744254827499390e-01
1.368012875318527222e-01
1.373246461153030396e-01
1.354024559259414673e-01
1.315041035413742065e-01
1.307271718978881836e-01
1.343338936567306519e-01
1.359456628561019897e-01
1.290643066167831421e-01
1.236276775598526001e-01
1.190001368522644043e-01
1.185288280248641968e-01
1.210580617189407349e-01
1.258384138345718384e-01
1.303437203168869019e-01
1.354764848947525024e-01
1.386165469884872437e-01
1.399571150541305542e-01
1.401966065168380737e-01
1.371722072362899780e-01
1.324967294931411743e-01
1.309747248888015747e-01
1.293981522321701050e-01
1.310566216707229614e-01
1.365277320146560669e-01
1.428156942129135132e-01
1.493187397718429565e-01
1.562250703573226929e-01
1.626835614442825317e-01
1.689160317182540894e-01
1.706371158361434937e-01
1.698582619428634644e-01
1.678578108549118042e-01
1.676995903253555298e-01
1.678814738988876343e-01
1.680631190538406372e-01
1.638187319040298462e-01
1.588366776704788208e-01
1.526745706796646118e-01
1.453661769628524780e-01
1.396533697843551636e-01
1.372808665037155151e-01
1.366871446371078491e-01
1.369855254888534546e-01
1.371159106492996216e-01
1.371223181486129761e-01
1.361386328935623169e-01
1.333529800176620483e-01
1.347167938947677612e-01
1.415925472974777222e-01
1.538174301385879517e-01
1.637399047613143921e-01
1.663570255041122437e-01
1.699649542570114136e-01
1.781199127435684204e-01
1.785836070775985718e-01
1.811495572328567505e-01
1.836358159780502319e-01
1.857662647962570190e-01
1.899602264165878296e-01
1.910530179738998413e-01
1.918026059865951538e-01
1.940076202154159546e-01
1.980230659246444702e-01
1.996999830007553101e-01
2.036435455083847046e-01
2.071629017591476440e-01
2.058852761983871460e-01
2.046140879392623901e-01
2.049204558134078979e-01
2.040080875158309937e-01
2.079685181379318237e-01
2.114797085523605347e-01
2.137520164251327515e-01
2.139312475919723511e-01
2.124783843755722046e-01
2.114337533712387085e-01
2.104253023862838745e-01
2.101065963506698608e-01
2.075455039739608765e-01
2.016234844923019409e-01
1.932865828275680542e-01
1.895912736654281616e-01
1.888730973005294800e-01
1.881728619337081909e-01
1.874726265668869019e-01
1.867720931768417358e-01
1.855164021253585815e-01
1.817363947629928589e-01
1.779562681913375854e-01
1.733475774526596069e-01
1.046923846006393433e-01
1.124905794858932495e-01
1.202887147665023804e-01
1.280863732099533081e-01
1.358843892812728882e-01
1.436821669340133667e-01
1.513426154851913452e-01
1.582932323217391968e-01
1.652439683675765991e-01
1.721948236227035522e-01
1.807140856981277466e-01
1.894480437040328979e-01
1.981821507215499878e-01
2.006623595952987671e-01
2.031995505094528198e-01
2.064167410135269165e-01
2.099567204713821411e-01
2.134965509176254272e-01
2.161700576543807983e-01
2.140858322381973267e-01
2.119680196046829224e-01
2.098503857851028442e-01
2.056546658277511597e-01
2.014271467924118042e-01
2.013494521379470825e-01
1.948568075895309448e-01
1.871378570795059204e-01
1.775848120450973511e-01
1.675827205181121826e-01
1.607659012079238892e-01
1.532697975635528564e-01
1.492249816656112671e-01
1.425431817770004272e-01
1.393402367830276489e-01
1.391948461532592773e-01
1.427277773618698120e-01
1.469819992780685425e-01
1.504982411861419678e-01
1.521394699811935425e-01
1.490216702222824097e-01
1.463970392942428589e-01
1.437408924102783203e-01
1.438652127981185913e-01
1.450417041778564453e-01
1.462672799825668335e-01
1.433805972337722778e-01
1.367679387331008911e-01
1.315384656190872192e-01
1.271937936544418335e-01
1.261502057313919067e-01
1.296726912260055542e-01
1.344583481550216675e-01
1.383205801248550415e-01
1.410569101572036743e-01
1.416365653276443481e-01
1.425421684980392456e-01
1.400204151868820190e-01
1.379190236330032349e-01
1.371365934610366821e-01
1.362369805574417114e-01
1.351608186960220337e-01
1.354751735925674438e-01
1.408645361661911011e-01
1.483135968446731567e-01
1.561213582754135132e-01
1.627754122018814087e-01
1.691939085721969604e-01
1.743150800466537476e-01
1.752240210771560669e-01
1.750642210245132446e-01
1.730637997388839722e-01
1.716053336858749390e-01
1.717871576547622681e-01
1.719688624143600464e-01
1.693282574415206909e-01
1.643462032079696655e-01
1.605009585618972778e-01
1.543730348348617554e-01
1.501009315252304077e-01
1.475580781698226929e-01
1.474196165800094604e-01
1.451612561941146851e-01
1.446350067853927612e-01
1.441646069288253784e-01
1.425961107015609741e-01
1.402340382337570190e-01
1.408361643552780151e-01
1.477702707052230835e-01
1.567346900701522827e-01
1.645790487527847290e-01
1.704785078763961792e-01
1.745928078889846802e-01
1.818133443593978882e-01
1.850078552961349487e-01
1.882265061140060425e-01
1.905618160963058472e-01
1.934714168310165405e-01
1.961628645658493042e-01
1.969126909971237183e-01
1.982540339231491089e-01
1.996846646070480347e-01
2.004048079252243042e-01
2.011245936155319214e-01
2.032013982534408569e-01
2.076957672834396362e-01
2.091663330793380737e-01
2.089480608701705933e-01
2.090761512517929077e-01
2.047851532697677612e-01
2.106705754995346069e-01
2.162573784589767456e-01
2.204542011022567749e-01
2.215157002210617065e-01
2.225382775068283081e-01
2.228780239820480347e-01
2.238063663244247437e-01
2.253917902708053589e-01
2.245147079229354858e-01
2.176916450262069702e-01
2.076902836561203003e-01
2.015619128942489624e-01
2.008616179227828979e-01
2.001612633466720581e-01
1.994612663984298706e-01
1.989689320325851440e-01
1.942286938428878784e-01
1.892940849065780640e-01
1.842214316129684448e-01
1.795366257429122925e-01
1.109503954648971558e-01
1.190211027860641479e-01
1.270916908979415894e-01
1.351622194051742554e-01
1.431656330823898315e-01
1.503891795873641968e-01
1.576128453016281128e-01
1.648099869489669800e-01
1.719149202108383179e-01
1.793030947446823120e-01
1.881903558969497681e-01
1.970781534910202026e-01
2.059656828641891479e-01
2.131395787000656128e-01
2.152083069086074829e-01
2.172777801752090454e-01
2.193467468023300171e-01
2.214262932538986206e-01
2.222777456045150757e-01
2.206369489431381226e-01
2.185617536306381226e-01
2.159055918455123901e-01
2.122794538736343384e-01
2.096227258443832397e-01
2.115031629800796509e-01
2.071572095155715942e-01
1.995012760162353516e-01
1.888829916715621948e-01
1.784114688634872437e-01
1.705084443092346191e-01
1.646145880222320557e-01
1.592651456594467163e-01
1.522712856531143188e-01
1.493300646543502808e-01
1.496257930994033813e-01
1.525511592626571655e-01
1.570936292409896851e-01
1.597986370325088501e-01
1.599124521017074585e-01
1.568154692649841309e-01
1.537161320447921753e-01
1.541747897863388062e-01
1.588036566972732544e-01
1.622074097394943237e-01
1.633130162954330444e-01
1.583567708730697632e-01
1.515929549932479858e-01
1.436294168233871460e-01
1.371588706970214844e-01
1.387411504983901978e-01
1.422519534826278687e-01
1.458740979433059692e-01
1.488573998212814331e-01
1.473156958818435669e-01
1.472769230604171753e-01
1.453018933534622192e-01
1.420589536428451538e-01
1.398849338293075562e-01
1.431663781404495239e-01
1.432008296251296997e-01
1.434869617223739624e-01
1.433594673871994019e-01
1.478694528341293335e-01
1.541956514120101929e-01
1.626807898283004761e-01
1.705648452043533325e-01
1.768322438001632690e-01
1.797780245542526245e-01
1.804345101118087769e-01
1.805953234434127808e-01
1.783885806798934937e-01
1.762692183256149292e-01
1.756928414106369019e-01
1.758746951818466187e-01
1.748376935720443726e-01
1.713932603597640991e-01
1.689531654119491577e-01
1.656130105257034302e-01
1.625369638204574585e-01
1.597081273794174194e-01
1.588485687971115112e-01
1.561184376478195190e-01
1.514557451009750366e-01
1.472908705472946167e-01
1.444723159074783325e-01
1.420381516218185425e-01
1.457613557577133179e-01
1.540707796812057495e-01
1.568920463323593140e-01
1.638193577527999878e-01
1.717651039361953735e-01
1.786199659109115601e-01
1.843872219324111938e-01
1.900759786367416382e-01
1.941905170679092407e-01
1.990921348333358765e-01
2.012665122747421265e-01
2.020225375890731812e-01
2.005217522382736206e-01
2.010677307844161987e-01
2.017876952886581421e-01
2.025075405836105347e-01
2.032275646924972534e-01
2.044603079557418823e-01
2.084312289953231812e-01
2.133769840002059937e-01
2.132824510335922241e-01
2.107053846120834351e-01
2.072919458150863647e-01
2.136431187391281128e-01
2.204018086194992065e-01
2.269857972860336304e-01
2.333237379789352417e-01
2.356030195951461792e-01
2.388895004987716675e-01
2.425718754529953003e-01
2.444671839475631714e-01
2.447991818189620972e-01
2.365817278623580933e-01
2.285982817411422729e-01
2.206137627363204956e-01
2.132177203893661499e-01
2.116466015577316284e-01
2.103344053030014038e-01
2.061363309621810913e-01
2.008908241987228394e-01
1.949671953916549683e-01
1.888167709112167358e-01
1.826873272657394409e-01
1.154380887746810913e-01
1.235440820455551147e-01
1.316504329442977905e-01
1.389130204916000366e-01
1.461718529462814331e-01
1.534306257963180542e-01
1.606901139020919800e-01
1.679487079381942749e-01
1.752079278230667114e-01
1.832204312086105347e-01
1.922268122434616089e-01
2.012334018945693970e-01
2.102396935224533081e-01
2.192462235689163208e-01
2.246745675802230835e-01
2.270163744688034058e-01
2.293580621480941772e-01
2.318484932184219360e-01
2.314376384019851685e-01
2.301491349935531616e-01
2.295082360506057739e-01
2.275755852460861206e-01
2.264807671308517456e-01
2.257207483053207397e-01
2.277461737394332886e-01
2.221099883317947388e-01
2.127576619386672974e-01
2.001839727163314819e-01
1.897001713514328003e-01
1.820589303970336914e-01
1.738242655992507935e-01
1.669568270444869995e-01
1.617818325757980347e-01
1.598513126373291016e-01
1.572876125574111938e-01
1.560544669628143311e-01
1.581371575593948364e-01
1.604794710874557495e-01
1.612394303083419800e-01
1.620235592126846313e-01
1.644100099802017212e-01
1.682944148778915405e-01
1.722972840070724487e-01
1.772447377443313599e-01
1.783861964941024780e-01
1.737507134675979614e-01
1.684566438198089600e-01
1.603993475437164307e-01
1.578566730022430420e-01
1.587124764919281006e-01
1.595682352781295776e-01
1.605495363473892212e-01
1.595336943864822388e-01
1.576582938432693481e-01
1.539442986249923706e-01
1.481852084398269653e-01
1.462043374776840210e-01
1.471844762563705444e-01
1.515678018331527710e-01
1.546645611524581909e-01
1.550664156675338745e-01
1.548405140638351440e-01
1.571562439203262329e-01
1.623639315366744995e-01
1.694961339235305786e-01
1.774711459875106812e-01
1.846522837877273560e-01
1.856749504804611206e-01
1.863314956426620483e-01
1.869540065526962280e-01
1.849045306444168091e-01
1.826517730951309204e-01
1.805226057767868042e-01
1.804519444704055786e-01
1.819440573453903198e-01
1.797235459089279175e-01
1.787003129720687866e-01
1.780488044023513794e-01
1.749696582555770874e-01
1.721685975790023804e-01
1.704499572515487671e-01
1.674554795026779175e-01
1.598858386278152466e-01
1.523852795362472534e-01
1.474197059869766235e-01
1.422903984785079956e-01
1.465193182229995728e-01
1.501551419496536255e-01
1.554117947816848755e-01
1.624050587415695190e-01
1.714273840188980103e-01
1.793650835752487183e-01
1.872411221265792847e-01
1.963685005903244019e-01
2.019747942686080933e-01
2.050848454236984253e-01
2.048621028661727905e-01
2.015151828527450562e-01
2.007154673337936401e-01
2.010371536016464233e-01
2.013590186834335327e-01
2.016805261373519897e-01
2.022231072187423706e-01
2.036346644163131714e-01
2.071233242750167847e-01
2.117795795202255249e-01
2.130316346883773804e-01
2.071555703878402710e-01
2.068507522344589233e-01
2.133122533559799194e-01
2.200568765401840210e-01
2.278075665235519409e-01
2.363754361867904663e-01
2.452174872159957886e-01
2.479233592748641968e-01
2.504464983940124512e-01
2.538003921508789062e-01
2.558445930480957031e-01
2.489727586507797241e-01
2.408290356397628784e-01
2.326840013265609741e-01
2.245400995016098022e-01
2.167035788297653198e-01
2.118089646100997925e-01
2.054756134748458862e-01
1.989375799894332886e-01
1.920977085828781128e-01
1.852566450834274292e-01
1.789405792951583862e-01
1.181474179029464722e-01
1.254846900701522827e-01
1.327484697103500366e-01
1.400118321180343628e-01
1.472754925489425659e-01
1.545390933752059937e-01
1.618022769689559937e-01
1.690658181905746460e-01
1.763291805982589722e-01
1.848726719617843628e-01
1.939191967248916626e-01
2.029657214879989624e-01
2.124091833829879761e-01
2.225077003240585327e-01
2.326058596372604370e-01
2.371328622102737427e-01
2.413381189107894897e-01
2.452096194028854370e-01
2.454666048288345337e-01
2.457237392663955688e-01
2.458669692277908325e-01
2.442440539598464966e-01
2.422117441892623901e-01
2.384017258882522583e-01
2.374291270971298218e-01
2.304654568433761597e-01
2.183679491281509399e-01
2.061649858951568604e-01
1.954389661550521851e-01
1.863129287958145142e-01
1.795819848775863647e-01
1.715851724147796631e-01
1.638620942831039429e-01
1.593449562788009644e-01
1.565428227186203003e-01
1.545954495668411255e-01
1.558620184659957886e-01
1.581839174032211304e-01
1.604196876287460327e-01
1.648413091897964478e-01
1.723542362451553345e-01
1.787574142217636108e-01
1.847128719091415405e-01
1.889937072992324829e-01
1.898823529481887817e-01
1.872052699327468872e-01
1.832226216793060303e-01
1.777533441781997681e-01
1.773848086595535278e-01
1.783361583948135376e-01
1.792648881673812866e-01
1.778056770563125610e-01
1.746751815080642700e-01
1.724001020193099976e-01
1.665097326040267944e-01
1.603702157735824585e-01
1.549456864595413208e-01
1.539573520421981812e-01
1.578137129545211792e-01
1.630775779485702515e-01
1.639103442430496216e-01
1.644614785909652710e-01
1.641568690538406372e-01
1.689089983701705933e-01
1.755435913801193237e-01
1.833925098180770874e-01
1.893590539693832397e-01
1.907417029142379761e-01
1.907818466424942017e-01
1.907127946615219116e-01
1.884467154741287231e-01
1.853895038366317749e-01
1.825477629899978638e-01
1.826252788305282593e-01
1.846591383218765259e-01
1.848104447126388550e-01
1.850422769784927368e-01
1.846199482679367065e-01
1.806359142065048218e-01
1.769926100969314575e-01
1.726834028959274292e-01
1.671819835901260376e-01
1.615820378065109253e-01
1.523166745901107788e-01
1.437512487173080444e-01
1.363323181867599487e-01
1.339491456747055054e-01
1.347116082906723022e-01
1.376098245382308960e-01
1.425766795873641968e-01
1.542934626340866089e-01
1.647183150053024292e-01
1.776191443204879761e-01
1.909019500017166138e-01
1.957653611898422241e-01
1.934517472982406616e-01
1.905644387006759644e-01
1.879018992185592651e-01
1.869811862707138062e-01
1.882281154394149780e-01
1.893782466650009155e-01
1.897957772016525269e-01
1.915696710348129272e-01
1.946228593587875366e-01
1.984193772077560425e-01
2.040430754423141479e-01
2.037574499845504761e-01
1.964563578367233276e-01
1.990200132131576538e-01
2.070439904928207397e-01
2.160403579473495483e-01
2.251332849264144897e-01
2.339803427457809448e-01
2.428272217512130737e-01
2.510561347007751465e-01
2.546151280403137207e-01
2.571099400520324707e-01
2.631078958511352539e-01
2.579378485679626465e-01
2.494258135557174683e-01
2.412267178297042847e-01
2.334450930356979370e-01
2.242163866758346558e-01
2.118424624204635620e-01
2.037018388509750366e-01
1.962480992078781128e-01
1.887944191694259644e-01
1.813410967588424683e-01
1.743984669446945190e-01
1.178244203329086304e-01
1.250218600034713745e-01
1.322199553251266479e-01
1.394176334142684937e-01
1.466156691312789917e-01
1.538132876157760620e-01
1.610109061002731323e-01
1.688535064458847046e-01
1.771030277013778687e-01
1.871304959058761597e-01
1.971632093191146851e-01
2.078682631254196167e-01
2.186730057001113892e-01
2.294773310422897339e-01
2.402818053960800171e-01
2.502652406692504883e-01
2.553531527519226074e-01
2.583849430084228516e-01
2.591355443000793457e-01
2.600903511047363281e-01
2.590896487236022949e-01
2.567512392997741699e-01
2.529860138893127441e-01
2.485521882772445679e-01
2.459540516138076782e-01
2.357603758573532104e-01
2.219779938459396362e-01
2.070067524909973145e-01
1.949611157178878784e-01
1.839203685522079468e-01
1.746164858341217041e-01
1.651669591665267944e-01
1.548724472522735596e-01
1.484135389328002930e-01
1.463993042707443237e-01
1.454771459102630615e-01
1.462123990058898926e-01
1.483396142721176147e-01
1.528676301240921021e-01
1.611419469118118286e-01
1.691760271787643433e-01
1.767633110284805298e-01
1.831504553556442261e-01
1.891166418790817261e-01
1.896679401397705078e-01
1.898882240056991577e-01
1.885477155447006226e-01
1.874262541532516479e-01
1.871360689401626587e-01
1.879408508539199829e-01
1.877719312906265259e-01
1.862691789865493774e-01
1.847664564847946167e-01
1.805758327245712280e-01
1.749944239854812622e-01
1.676402837038040161e-01
1.598736494779586792e-01
1.583814471960067749e-01
1.591178029775619507e-01
1.610137969255447388e-01
1.630003303289413452e-01
1.625839322805404663e-01
1.620128005743026733e-01
1.646601408720016479e-01
1.705546230077743530e-01
1.781052201986312866e-01
1.819035261869430542e-01
1.834792643785476685e-01
1.846166104078292847e-01
1.844268590211868286e-01
1.826694458723068237e-01
1.795042902231216431e-01
1.782137602567672729e-01
1.775907129049301147e-01
1.798566430807113647e-01
1.832064241170883179e-01
1.827494949102401733e-01
1.822132915258407593e-01
1.785159856081008911e-01
1.726354807615280151e-01
1.671278029680252075e-01
1.615885049104690552e-01
1.560493558645248413e-01
1.488584131002426147e-01
1.390616148710250854e-01
1.244277209043502808e-01
1.187165230512619019e-01
1.174972504377365112e-01
1.181619316339492798e-01
1.227696388959884644e-01
1.299146264791488647e-01
1.423773020505905151e-01
1.603130251169204712e-01
1.768852323293685913e-01
1.822063177824020386e-01
1.783888787031173706e-01
1.766324490308761597e-01
1.743476241827011108e-01
1.726974695920944214e-01
1.745495647192001343e-01
1.768420785665512085e-01
1.800091117620468140e-01
1.837298125028610229e-01
1.873202770948410034e-01
1.909110397100448608e-01
1.942539662122726440e-01
1.928188651800155640e-01
1.885292977094650269e-01
1.949027627706527710e-01
2.035797685384750366e-01
2.127459496259689331e-01
2.219120711088180542e-01
2.308810800313949585e-01
2.397278398275375366e-01
2.485751956701278687e-01
2.565569281578063965e-01
2.640520930290222168e-01
2.686980366706848145e-01
2.638948559761047363e-01
2.574091553688049316e-01
2.498098462820053101e-01
2.411927431821823120e-01
2.288171499967575073e-01
2.159923762083053589e-01
2.027136534452438354e-01
1.936327069997787476e-01
1.861793249845504761e-01
1.787258833646774292e-01
1.712720841169357300e-01
1.160389035940170288e-01
1.209974735975265503e-01
1.289653033018112183e-01
1.370925158262252808e-01
1.452195495367050171e-01
1.533468216657638550e-01
1.620464771986007690e-01
1.709465831518173218e-01
1.803956478834152222e-01
1.911350935697555542e-01
2.018747180700302124e-01
2.126143723726272583e-01
2.233536094427108765e-01
2.341091781854629517e-01
2.457965761423110962e-01
2.574840784072875977e-01
2.667454481124877930e-01
2.689671516418457031e-01
2.699221968650817871e-01
2.701767683029174805e-01
2.670599818229675293e-01
2.631815671920776367e-01
2.586199641227722168e-01
2.521405816078186035e-01
2.489619404077529907e-01
2.374090403318405151e-01
2.218934148550033569e-01
2.037013620138168335e-01
1.866762489080429077e-01
1.747899353504180908e-01
1.624881178140640259e-01
1.507761031389236450e-01
1.406654119491577148e-01
1.327893137931823730e-01
1.305385679006576538e-01
1.304405182600021362e-01
1.299965232610702515e-01
1.340188533067703247e-01
1.419553309679031372e-01
1.499893814325332642e-01
1.580233722925186157e-01
1.657456010580062866e-01
1.730208247900009155e-01
1.773628294467926025e-01
1.772101670503616333e-01
1.785310357809066772e-01
1.856157630681991577e-01
1.875091642141342163e-01
1.889920383691787720e-01
1.909106969833374023e-01
1.894078999757766724e-01
1.879051178693771362e-01
1.850263923406600952e-01
1.794504076242446899e-01
1.738666146993637085e-01
1.676224619150161743e-01
1.610114425420761108e-01
1.582186967134475708e-01
1.574404090642929077e-01
1.582032889127731323e-01
1.603686362504959106e-01
1.590992063283920288e-01
1.566557139158248901e-01
1.563621610403060913e-01
1.602913290262222290e-01
1.676956862211227417e-01
1.706010252237319946e-01
1.725621670484542847e-01
1.745234578847885132e-01
1.760769337415695190e-01
1.753975600004196167e-01
1.744858473539352417e-01
1.740137785673141479e-01
1.741007715463638306e-01
1.774268001317977905e-01
1.817120164632797241e-01
1.814257949590682983e-01
1.802948266267776489e-01
1.741527765989303589e-01
1.674863547086715698e-01
1.614723652601242065e-01
1.554586142301559448e-01
1.491733640432357788e-01
1.430376917123794556e-01
1.310505717992782593e-01
1.140302568674087524e-01
1.063047796487808228e-01
1.028853207826614380e-01
1.014676541090011597e-01
1.046341508626937866e-01
1.105701178312301636e-01
1.199626177549362183e-01
1.329979747533798218e-01
1.475139111280441284e-01
1.584520936012268066e-01
1.618828028440475464e-01
1.645404547452926636e-01
1.627114266157150269e-01
1.620220392942428589e-01
1.627822369337081909e-01
1.658645719289779663e-01
1.695966571569442749e-01
1.741868704557418823e-01
1.787773817777633667e-01
1.833386868238449097e-01
1.831772774457931519e-01
1.843899935483932495e-01
1.847071498632431030e-01
1.928391307592391968e-01
2.009712308645248413e-01
2.092475146055221558e-01
2.184490412473678589e-01
2.276490181684494019e-01
2.365317791700363159e-01
2.459745258092880249e-01
2.578518986701965332e-01
2.676807045936584473e-01
2.739688754081726074e-01
2.711769938468933105e-01
2.639887928962707520e-01
2.578168511390686035e-01
2.464806884527206421e-01
2.333585470914840698e-01
2.197640389204025269e-01
2.064853161573410034e-01
1.932065933942794800e-01
1.835633963346481323e-01
1.761104911565780640e-01
1.686567515134811401e-01
1.167590469121932983e-01
1.244101375341415405e-01
1.306085437536239624e-01
1.379820555448532104e-01
1.465700119733810425e-01
1.551576107740402222e-01
1.637453883886337280e-01
1.723328679800033569e-01
1.819112747907638550e-01
1.922822147607803345e-01
2.026532143354415894e-01
2.130238562822341919e-01
2.242924422025680542e-01
2.356112748384475708e-01
2.473083883523941040e-01
2.594560384750366211e-01
2.712965011596679688e-01
2.736547589302062988e-01
2.736105322837829590e-01
2.706634998321533203e-01
2.666587233543395996e-01
2.610582113265991211e-01
2.547655701637268066e-01
2.485754638910293579e-01
2.418311089277267456e-01
2.269591540098190308e-01
2.091565281152725220e-01
1.891192942857742310e-01
1.721202284097671509e-01
1.598355025053024292e-01
1.480508744716644287e-01
1.373422890901565552e-01
1.268628686666488647e-01
1.182747036218643188e-01
1.136689633131027222e-01
1.120280772447586060e-01
1.132373362779617310e-01
1.207006424665451050e-01
1.288011521100997925e-01
1.368349939584732056e-01
1.448690295219421387e-01
1.529029309749603271e-01
1.606247872114181519e-01
1.642000824213027954e-01
1.648105978965759277e-01
1.699724495410919189e-01
1.796023249626159668e-01
1.880971342325210571e-01
1.923757940530776978e-01
1.926129311323165894e-01
1.910439580678939819e-01
1.894058436155319214e-01
1.839011162519454956e-01
1.782027333974838257e-01
1.719209104776382446e-01
1.658402830362319946e-01
1.625218540430068970e-01
1.594240218400955200e-01
1.583940833806991577e-01
1.582316905260086060e-01
1.586580127477645874e-01
1.591438204050064087e-01
1.547588557004928589e-01
1.526870876550674438e-01
1.527939885854721069e-01
1.559201329946517944e-01
1.583927124738693237e-01
1.594386547803878784e-01
1.604497283697128296e-01
1.619695872068405151e-01
1.652723401784896851e-01
1.653083413839340210e-01
1.655399054288864136e-01
1.685802787542343140e-01
1.713126748800277710e-01
1.754867881536483765e-01
1.759677082300186157e-01
1.722475141286849976e-01
1.672357171773910522e-01
1.614124029874801636e-01
1.554444283246994019e-01
1.492512077093124390e-01
1.430284231901168823e-01
1.358440965414047241e-01
1.211598068475723267e-01
1.049234718084335327e-01
9.751693904399871826e-02
9.153155982494354248e-02
8.954532444477081299e-02
8.920060098171234131e-02
8.954624831676483154e-02
9.665004909038543701e-02
1.101461499929428101e-01
1.239988058805465698e-01
1.329322308301925659e-01
1.410019844770431519e-01
1.467254608869552612e-01
1.485304683446884155e-01
1.498938053846359253e-01
1.508583277463912964e-01
1.545410007238388062e-01
1.591311544179916382e-01
1.643239110708236694e-01
1.706188172101974487e-01
1.748550981283187866e-01
1.746817082166671753e-01
1.759778708219528198e-01
1.808426231145858765e-01
1.897757500410079956e-01
1.979082077741622925e-01
2.060400694608688354e-01
2.141723483800888062e-01
2.230818122625350952e-01
2.328144162893295288e-01
2.446921318769454956e-01
2.565695643424987793e-01
2.684471607208251953e-01
2.752325534820556641e-01
2.762848138809204102e-01
2.716329097747802734e-01
2.603713870048522949e-01
2.482259720563888550e-01
2.365472763776779175e-01
2.231499999761581421e-01
2.095343321561813354e-01
1.960339993238449097e-01
1.827905029058456421e-01
1.726212948560714722e-01
1.652031987905502319e-01
1.144184917211532593e-01
1.220911592245101929e-01
1.297634094953536987e-01
1.374588459730148315e-01
1.438526958227157593e-01
1.521299928426742554e-01
1.607175320386886597e-01
1.693053692579269409e-01
1.793815940618515015e-01
1.897528022527694702e-01
2.009551972150802612e-01
2.122737914323806763e-01
2.238775044679641724e-01
2.360249310731887817e-01
2.481725960969924927e-01
2.603203058242797852e-01
2.707826495170593262e-01
2.765649557113647461e-01
2.746124267578125000e-01
2.699156999588012695e-01
2.639566659927368164e-01
2.576071023941040039e-01
2.485711425542831421e-01
2.370761185884475708e-01
2.287670522928237915e-01
2.137810438871383667e-01
1.937397271394729614e-01
1.726459562778472900e-01
1.572612375020980835e-01
1.459962576627731323e-01
1.352068334817886353e-01
1.252438127994537354e-01
1.154199689626693726e-01
1.065911799669265747e-01
1.023160964250564575e-01
9.931896626949310303e-02
1.026031821966171265e-01
1.082511395215988159e-01
1.161567866802215576e-01
1.237535029649734497e-01
1.317145973443984985e-01
1.397486180067062378e-01
1.482941955327987671e-01
1.522289961576461792e-01
1.582125872373580933e-01
1.664894074201583862e-01
1.754507571458816528e-01
1.852125227451324463e-01
1.903572529554367065e-01
1.905960887670516968e-01
1.907186061143875122e-01
1.882524639368057251e-01
1.825390309095382690e-01
1.762571781873703003e-01
1.699753552675247192e-01
1.641223579645156860e-01
1.624756008386611938e-01
1.611030250787734985e-01
1.598911434412002563e-01
1.591833084821701050e-01
1.590231508016586304e-01
1.594489067792892456e-01
1.565850824117660522e-01
1.531965881586074829e-01
1.499814242124557495e-01
1.479846388101577759e-01
1.474537700414657593e-01
1.496682912111282349e-01
1.505901664495468140e-01
1.534685343503952026e-01
1.566778272390365601e-01
1.573272198438644409e-01
1.594777554273605347e-01
1.618188470602035522e-01
1.643974035978317261e-01
1.658218950033187866e-01
1.656710952520370483e-01
1.614623516798019409e-01
1.570317596197128296e-01
1.513585895299911499e-01
1.452486366033554077e-01
1.391386538743972778e-01
1.330043524503707886e-01
1.212958842515945435e-01
1.057516783475875854e-01
9.335516393184661865e-02
8.644877374172210693e-02
8.049871027469635010e-02
7.679884135723114014e-02
7.244031131267547607e-02
7.154206931591033936e-02
7.643978297710418701e-02
8.919267356395721436e-02
1.010689586400985718e-01
1.117449849843978882e-01
1.218250244855880737e-01
1.246866434812545776e-01
1.274517029523849487e-01
1.309754103422164917e-01
1.357233375310897827e-01
1.432766169309616089e-01
1.507075875997543335e-01
1.584484428167343140e-01
1.651079505681991577e-01
1.655004471540451050e-01
1.653271168470382690e-01
1.658936589956283569e-01
1.747117489576339722e-01
1.867123097181320190e-01
1.948447674512863159e-01
2.029767483472824097e-01
2.111088484525680542e-01
2.199941128492355347e-01
2.314620465040206909e-01
2.434096783399581909e-01
2.552870512008666992e-01
2.671649456024169922e-01
2.763246893882751465e-01
2.802965044975280762e-01
2.725939154624938965e-01
2.630994915962219238e-01
2.503948807716369629e-01
2.376450747251510620e-01
2.252244204282760620e-01
2.127185314893722534e-01
1.991032809019088745e-01
1.854876726865768433e-01
1.720450371503829956e-01
1.613125056028366089e-01
1.177692860364913940e-01
1.230881661176681519e-01
1.302024573087692261e-01
1.378751844167709351e-01
1.455473750829696655e-01
1.532198041677474976e-01
1.601748317480087280e-01
1.687385290861129761e-01
1.796476989984512329e-01
1.907388716936111450e-01
2.020214647054672241e-01
2.139415293931961060e-01
2.258617132902145386e-01
2.377819865942001343e-01
2.498550266027450562e-01
2.612554430961608887e-01
2.685332298278808594e-01
2.734509110450744629e-01
2.731969952583312988e-01
2.661707997322082520e-01
2.569142580032348633e-01
2.468987852334976196e-01
2.362351268529891968e-01
2.230380028486251831e-01
2.139949947595596313e-01
1.980418711900711060e-01
1.772716790437698364e-01
1.572070568799972534e-01
1.441438943147659302e-01
1.337245553731918335e-01
1.240944117307662964e-01
1.146414428949356079e-01
1.048174351453781128e-01
9.548170864582061768e-02
9.310476481914520264e-02
9.318177402019500732e-02
9.461478888988494873e-02
9.890274703502655029e-02
1.071897298097610474e-01
1.147086471319198608e-01
1.229001730680465698e-01
1.311020702123641968e-01
1.387921124696731567e-01
1.436090916395187378e-01
1.530979722738265991e-01
1.627409905195236206e-01
1.721170395612716675e-01
1.808056384325027466e-01
1.846839636564254761e-01
1.881930381059646606e-01
1.867363005876541138e-01
1.825734525918960571e-01
1.781538277864456177e-01
1.737342327833175659e-01
1.680296212434768677e-01
1.632794588804244995e-01
1.621426492929458618e-01
1.615143865346908569e-01
1.618514508008956909e-01
1.606944054365158081e-01
1.599725335836410522e-01
1.598143726587295532e-01
1.590491384267807007e-01
1.552018970251083374e-01
1.520903855562210083e-01
1.453479379415512085e-01
1.417413204908370972e-01
1.411298960447311401e-01
1.440304368734359741e-01
1.466070264577865601e-01
1.500292271375656128e-01
1.540439575910568237e-01
1.569971293210983276e-01
1.583341807126998901e-01
1.577952653169631958e-01
1.563557833433151245e-01
1.545255631208419800e-01
1.497191041707992554e-01
1.456346362829208374e-01
1.411629170179367065e-01
1.350529044866561890e-01
1.289430707693099976e-01
1.181470602750778198e-01
1.064385622739791870e-01
8.958081901073455811e-02
8.082236349582672119e-02
7.452638447284698486e-02
6.993637979030609131e-02
6.489704549312591553e-02
5.905447900295257568e-02
5.621837079524993896e-02
5.935542285442352295e-02
6.889830529689788818e-02
8.081911504268646240e-02
9.281818568706512451e-02
1.011787503957748413e-01
1.057677716016769409e-01
1.063362807035446167e-01
1.094562262296676636e-01
1.159691661596298218e-01
1.257644146680831909e-01
1.376308649778366089e-01
1.482021063566207886e-01
1.526025980710983276e-01
1.531738489866256714e-01
1.533074826002120972e-01
1.536319106817245483e-01
1.643909662961959839e-01
1.795669049024581909e-01
1.890846937894821167e-01
1.981575936079025269e-01
2.074116319417953491e-01
2.188117355108261108e-01
2.302113622426986694e-01
2.415575236082077026e-01
2.536123394966125488e-01
2.663705945014953613e-01
2.754388451576232910e-01
2.803681492805480957e-01
2.719261050224304199e-01
2.617520689964294434e-01
2.515776753425598145e-01
2.398140877485275269e-01
2.270641773939132690e-01
2.143143862485885620e-01
2.022871822118759155e-01
1.886712163686752319e-01
1.749296635389328003e-01
1.610725373029708862e-01
1.230838149785995483e-01
1.284266561269760132e-01
1.337451785802841187e-01
1.390640586614608765e-01
1.459865421056747437e-01
1.536592096090316772e-01
1.620303839445114136e-01
1.713527292013168335e-01
1.822357028722763062e-01
1.941562145948410034e-01
2.060761898756027222e-01
2.179962843656539917e-01
2.299940139055252075e-01
2.422387748956680298e-01
2.534122467041015625e-01
2.633062601089477539e-01
2.675398588180541992e-01
2.683153152465820312e-01
2.653819322586059570e-01
2.583670020103454590e-01
2.475544363260269165e-01
2.359873801469802856e-01
2.230534404516220093e-01
2.096130102872848511e-01
1.996996700763702393e-01
1.830273419618606567e-01
1.631123125553131104e-01
1.448382884263992310e-01
1.325673609972000122e-01
1.231527179479598999e-01
1.136126369237899780e-01
1.040389388799667358e-01
9.421505033969879150e-02
8.615197241306304932e-02
8.708827197551727295e-02
8.724872767925262451e-02
8.839310705661773682e-02
9.209357202053070068e-02
1.010315865278244019e-01
1.109617203474044800e-01
1.201305240392684937e-01
1.283324211835861206e-01
1.337928622961044312e-01
1.411285251379013062e-01
1.498087197542190552e-01
1.589707881212234497e-01
1.687990278005599976e-01
1.750672608613967896e-01
1.795468926429748535e-01
1.829238533973693848e-01
1.815348118543624878e-01
1.767894774675369263e-01
1.723124235868453979e-01
1.678354591131210327e-01
1.635073572397232056e-01
1.619132906198501587e-01
1.618870645761489868e-01
1.614477187395095825e-01
1.627883166074752808e-01
1.626546531915664673e-01
1.614976376295089722e-01
1.607408076524734497e-01
1.593278497457504272e-01
1.574386507272720337e-01
1.526682227849960327e-01
1.446699351072311401e-01
1.398301273584365845e-01
1.399739235639572144e-01
1.416204720735549927e-01
1.433518379926681519e-01
1.467633396387100220e-01
1.503743380308151245e-01
1.530327051877975464e-01
1.535398215055465698e-01
1.519176810979843140e-01
1.493061631917953491e-01
1.463033407926559448e-01
1.413535326719284058e-01
1.363946944475173950e-01
1.318394392728805542e-01
1.251479238271713257e-01
1.156017631292343140e-01
1.048905402421951294e-01
9.261159598827362061e-02
7.396130263805389404e-02
6.573386490345001221e-02
6.243781745433807373e-02
5.883793532848358154e-02
5.299519002437591553e-02
4.727642238140106201e-02
4.439191520214080811e-02
4.441337287425994873e-02
5.119369924068450928e-02
6.222246587276458740e-02
7.434265315532684326e-02
8.204089105129241943e-02
8.691696822643280029e-02
9.127263724803924561e-02
9.725277125835418701e-02
1.041379421949386597e-01
1.105794161558151245e-01
1.204126924276351929e-01
1.302209347486495972e-01
1.342465132474899292e-01
1.377423852682113647e-01
1.391157954931259155e-01
1.407667845487594604e-01
1.537248343229293823e-01
1.691859811544418335e-01
1.807343810796737671e-01
1.907964795827865601e-01
2.029079645872116089e-01
2.146863192319869995e-01
2.260863035917282104e-01
2.374856919050216675e-01
2.493664473295211792e-01
2.622070908546447754e-01
2.685726284980773926e-01
2.711765766143798828e-01
2.671234011650085449e-01
2.572213411331176758e-01
2.473202198743820190e-01
2.374185770750045776e-01
2.267901152372360229e-01
2.140564173460006714e-01
2.012676447629928589e-01
1.886055320501327515e-01
1.756948679685592651e-01
1.620396822690963745e-01
1.279120892286300659e-01
1.337652057409286499e-01
1.390842646360397339e-01
1.444028466939926147e-01
1.503544300794601440e-01
1.566212624311447144e-01
1.643037050962448120e-01
1.749526709318161011e-01
1.861852556467056274e-01
1.974175423383712769e-01
2.101335078477859497e-01
2.224483340978622437e-01
2.343104630708694458e-01
2.450525313615798950e-01
2.548453807830810547e-01
2.583963871002197266e-01
2.583181858062744141e-01
2.563099265098571777e-01
2.525801062583923340e-01
2.474897652864456177e-01
2.366262227296829224e-01
2.244509905576705933e-01
2.110105305910110474e-01
1.974338293075561523e-01
1.867925375699996948e-01
1.709588319063186646e-01
1.517493277788162231e-01
1.359072178602218628e-01
1.239417046308517456e-01
1.151550561189651489e-01
1.060881465673446655e-01
9.655703604221343994e-02
8.816985785961151123e-02
8.390407264232635498e-02
8.433999121189117432e-02
8.596916496753692627e-02
8.816187083721160889e-02
9.224916994571685791e-02
9.799169003963470459e-02
1.079217642545700073e-01
1.175716817378997803e-01
1.265231221914291382e-01
1.330348104238510132e-01
1.414777785539627075e-01
1.499305367469787598e-01
1.589897871017456055e-01
1.653450727462768555e-01
1.718085855245590210e-01
1.756731569766998291e-01
1.749463975429534912e-01
1.734761744737625122e-01
1.714928299188613892e-01
1.668866425752639771e-01
1.624095290899276733e-01
1.583174318075180054e-01
1.582397073507308960e-01
1.588806360960006714e-01
1.605493873357772827e-01
1.633863598108291626e-01
1.646896451711654663e-01
1.640281826257705688e-01
1.627050489187240601e-01
1.606411188840866089e-01
1.591728776693344116e-01
1.531142741441726685e-01
1.455033868551254272e-01
1.413023918867111206e-01
1.398216336965560913e-01
1.412769407033920288e-01
1.450902670621871948e-01
1.494251936674118042e-01
1.505713909864425659e-01
1.473812311887741089e-01
1.455540210008621216e-01
1.448473185300827026e-01
1.421853154897689819e-01
1.391825526952743530e-01
1.346613019704818726e-01
1.311189979314804077e-01
1.285219043493270874e-01
1.195342987775802612e-01
1.074424237012863159e-01
9.334303438663482666e-02
7.535444200038909912e-02
5.716912448406219482e-02
5.076240003108978271e-02
4.977999627590179443e-02
4.693584144115447998e-02
4.109303653240203857e-02
3.638057410717010498e-02
3.386764228343963623e-02
3.203056752681732178e-02
3.693871200084686279e-02
4.563228785991668701e-02
5.719141662120819092e-02
6.687472760677337646e-02
7.314364612102508545e-02
7.990024983882904053e-02
8.652226626873016357e-02
9.223376214504241943e-02
1.000776737928390503e-01
1.078076809644699097e-01
1.107315272092819214e-01
1.133336275815963745e-01
1.171927899122238159e-01
1.212183684110641479e-01
1.267187446355819702e-01
1.415839046239852905e-01
1.574911326169967651e-01
1.731856316328048706e-01
1.855257600545883179e-01
1.977501362562179565e-01
2.099740356206893921e-01
2.221985310316085815e-01
2.347560375928878784e-01
2.472954243421554565e-01
2.575919032096862793e-01
2.590492367744445801e-01
2.607775330543518066e-01
2.588948607444763184e-01
2.514173388481140137e-01
2.412037700414657593e-01
2.309902161359786987e-01
2.207768410444259644e-01
2.105628699064254761e-01
1.980664581060409546e-01
1.852775067090988159e-01
1.724882572889328003e-01
1.598537415266036987e-01
1.340411156415939331e-01
1.388175338506698608e-01
1.449895352125167847e-01
1.512563079595565796e-01
1.575232595205307007e-01
1.645294278860092163e-01
1.716248244047164917e-01
1.804181784391403198e-01
1.905163973569869995e-01
2.020710557699203491e-01
2.140041738748550415e-01
2.250180095434188843e-01
2.352210134267807007e-01
2.411789149045944214e-01
2.464358061552047729e-01
2.479873746633529663e-01
2.466230839490890503e-01
2.415284663438796997e-01
2.367940694093704224e-01
2.321366816759109497e-01
2.258484214544296265e-01
2.124081701040267944e-01
1.996225267648696899e-01
1.850042790174484253e-01
1.748639494180679321e-01
1.599363535642623901e-01
1.419277340173721313e-01
1.270265430212020874e-01
1.153165251016616821e-01
1.068802624940872192e-01
9.830044209957122803e-02
9.062488377094268799e-02
8.816729485988616943e-02
8.546949923038482666e-02
8.620972931385040283e-02
8.783881366252899170e-02
8.974774181842803955e-02
9.345068037509918213e-02
9.821608662605285645e-02
1.064860671758651733e-01
1.164159774780273438e-01
1.275456398725509644e-01
1.361158639192581177e-01
1.445685327053070068e-01
1.530211269855499268e-01
1.596585959196090698e-01
1.658141613006591797e-01
1.727715134620666504e-01
1.765547543764114380e-01
1.728884428739547729e-01
1.699515134096145630e-01
1.670752912759780884e-01
1.635708659887313843e-01
1.584086269140243530e-01
1.549571305513381958e-01
1.553388088941574097e-01
1.557494848966598511e-01
1.574368625879287720e-01
1.603748649358749390e-01
1.633134335279464722e-01
1.662614792585372925e-01
1.652999669313430786e-01
1.628285497426986694e-01
1.597790569067001343e-01
1.545159667730331421e-01
1.491115838289260864e-01
1.440315693616867065e-01
1.411060839891433716e-01
1.434358209371566772e-01
1.475598365068435669e-01
1.503275185823440552e-01
1.510249227285385132e-01
1.476846188306808472e-01
1.441223770380020142e-01
1.401535719633102417e-01
1.370703428983688354e-01
1.350739449262619019e-01
1.322367042303085327e-01
1.284904032945632935e-01
1.241487115621566772e-01
1.116557866334915161e-01
9.634824097156524658e-02
8.090285956859588623e-02
6.355218589305877686e-02
4.557733237743377686e-02
3.888981044292449951e-02
3.801743686199188232e-02
3.519587218761444092e-02
2.938120067119598389e-02
2.585630118846893311e-02
2.334301173686981201e-02
2.446751296520233154e-02
2.714972198009490967e-02
3.340344130992889404e-02
4.580913484096527100e-02
5.565749108791351318e-02
6.186263263225555420e-02
6.853406131267547607e-02
7.538513839244842529e-02
8.213697373867034912e-02
8.857123553752899170e-02
9.340660274028778076e-02
9.571550786495208740e-02
9.672234952449798584e-02
9.775243699550628662e-02
1.003900021314620972e-01
1.084434837102890015e-01
1.260013431310653687e-01
1.452047079801559448e-01
1.655064076185226440e-01
1.803791373968124390e-01
1.933224648237228394e-01
2.057338207960128784e-01
2.184073776006698608e-01
2.314008921384811401e-01
2.443827837705612183e-01
2.496959418058395386e-01
2.500243782997131348e-01
2.502763271331787109e-01
2.491003721952438354e-01
2.428921908140182495e-01
2.345251291990280151e-01
2.241718620061874390e-01
2.139776200056076050e-01
2.038448303937911987e-01
1.936315745115280151e-01
1.820761412382125854e-01
1.692870110273361206e-01
1.564978808164596558e-01
1.420563906431198120e-01
1.476221531629562378e-01
1.530676335096359253e-01
1.590707153081893921e-01
1.661664098501205444e-01
1.732618063688278198e-01
1.807703226804733276e-01
1.898960918188095093e-01
1.994410008192062378e-01
2.084514349699020386e-01
2.146659344434738159e-01
2.206061035394668579e-01
2.252084463834762573e-01
2.313087433576583862e-01
2.366518229246139526e-01
2.349322885274887085e-01
2.307547777891159058e-01
2.260974496603012085e-01
2.214405089616775513e-01
2.167837470769882202e-01
2.110715657472610474e-01
2.015077024698257446e-01
1.874871701002120972e-01
1.735209375619888306e-01
1.640931516885757446e-01
1.494767218828201294e-01
1.329201012849807739e-01
1.180187910795211792e-01
1.065189987421035767e-01
9.990067780017852783e-02
9.470503032207489014e-02
9.287111461162567139e-02
9.131218492984771729e-02
8.779807388782501221e-02
8.807940781116485596e-02
8.970852196216583252e-02
9.133754670619964600e-02
9.456017613410949707e-02
9.898547828197479248e-02
1.066469103097915649e-01
1.165927201509475708e-01
1.284178942441940308e-01
1.383782625198364258e-01
1.476590782403945923e-01
1.545147150754928589e-01
1.599624007940292358e-01
1.660996526479721069e-01
1.725978404283523560e-01
1.755366176366806030e-01
1.732491999864578247e-01
1.697050929069519043e-01
1.668289750814437866e-01
1.639528721570968628e-01
1.598538011312484741e-01
1.562090367078781128e-01
1.554600149393081665e-01
1.554506272077560425e-01
1.570600718259811401e-01
1.599982231855392456e-01
1.629363149404525757e-01
1.658744364976882935e-01
1.680327206850051880e-01
1.673036664724349976e-01
1.625679582357406616e-01
1.588392108678817749e-01
1.546720713376998901e-01
1.489141434431076050e-01
1.456869095563888550e-01
1.462679952383041382e-01
1.483412832021713257e-01
1.494823545217514038e-01
1.514553874731063843e-01
1.506937593221664429e-01
1.471446603536605835e-01
1.435242146253585815e-01
1.399088352918624878e-01
1.360988765954971313e-01
1.310844868421554565e-01
1.242162436246871948e-01
1.132674664258956909e-01
9.987194836139678955e-02
8.486787974834442139e-02
7.147927582263946533e-02
5.270288884639739990e-02
3.566603362560272217e-02
3.099249303340911865e-02
2.899841964244842529e-02
2.585910260677337646e-02
2.256934344768524170e-02
1.860605180263519287e-02
1.793412864208221436e-02
2.094332873821258545e-02
2.274082601070404053e-02
2.718065679073333740e-02
3.704027831554412842e-02
4.674963653087615967e-02
5.115829408168792725e-02
5.780337750911712646e-02
6.444363296031951904e-02
7.190744578838348389e-02
7.736079394817352295e-02
7.770626246929168701e-02
7.956717908382415771e-02
8.170656859874725342e-02
8.271293342113494873e-02
8.373717963695526123e-02
9.184329211711883545e-02
1.091974824666976929e-01
1.293577998876571655e-01
1.515319794416427612e-01
1.721241325139999390e-01
1.869987696409225464e-01
2.006598562002182007e-01
2.147200554609298706e-01
2.283441275358200073e-01
2.371218651533126831e-01
2.408340424299240112e-01
2.416291087865829468e-01
2.418797463178634644e-01
2.409230321645736694e-01
2.334328144788742065e-01
2.268605679273605347e-01
2.177831381559371948e-01
2.074299305677413940e-01
1.970771998167037964e-01
1.867237538099288940e-01
1.763709038496017456e-01
1.656164377927780151e-01
1.527988165616989136e-01
1.514018028974533081e-01
1.575197428464889526e-01
1.639137715101242065e-01
1.700729578733444214e-01
1.754513233900070190e-01
1.821662634611129761e-01
1.906960457563400269e-01
2.000527232885360718e-01
2.050613611936569214e-01
2.088569253683090210e-01
2.118089646100997925e-01
2.139393240213394165e-01
2.158338278532028198e-01
2.191364318132400513e-01
2.193087488412857056e-01
2.182177156209945679e-01
2.154012173414230347e-01
2.107443362474441528e-01
2.062308639287948608e-01
2.016219347715377808e-01
1.958727687597274780e-01
1.889381259679794312e-01
1.763517111539840698e-01
1.628877073526382446e-01
1.534598618745803833e-01
1.390170902013778687e-01
1.246860176324844360e-01
1.114807873964309692e-01
1.020570844411849976e-01
9.727863967418670654e-02
9.660379588603973389e-02
9.552155435085296631e-02
9.365577995777130127e-02
9.006245434284210205e-02
8.994914591312408447e-02
9.157805144786834717e-02
9.320719540119171143e-02
9.567914903163909912e-02
1.000949591398239136e-01
1.074822992086410522e-01
1.201180964708328247e-01
1.295897811651229858e-01
1.399979889392852783e-01
1.493005752563476562e-01
1.546777933835983276e-01
1.601334959268569946e-01
1.656684130430221558e-01
1.696773767471313477e-01
1.732313483953475952e-01
1.722320169210433960e-01
1.699436753988265991e-01
1.665826588869094849e-01
1.637067347764968872e-01
1.611803025007247925e-01
1.605454832315444946e-01
1.598920673131942749e-01
1.590973585844039917e-01
1.595404893159866333e-01
1.610078066587448120e-01
1.630715578794479370e-01
1.655520945787429810e-01
1.680646091699600220e-01
1.691849082708358765e-01
1.661165803670883179e-01
1.633770912885665894e-01
1.611063033342361450e-01
1.562372893095016479e-01
1.531392186880111694e-01
1.515369266271591187e-01
1.525108665227890015e-01
1.544841378927230835e-01
1.564571708440780640e-01
1.562184542417526245e-01
1.537057310342788696e-01
1.498630791902542114e-01
1.460202783346176147e-01
1.414712220430374146e-01
1.351054459810256958e-01
1.204835623502731323e-01
1.039427667856216431e-01
9.034089744091033936e-02
7.682017982006072998e-02
6.186078488826751709e-02
4.280100762844085693e-02
2.653174102306365967e-02
2.378331124782562256e-02
2.041654288768768311e-02
1.704989373683929443e-02
1.699326932430267334e-02
1.870195567607879639e-02
2.128718793392181396e-02
2.295140922069549561e-02
2.403692901134490967e-02
2.656130492687225342e-02
3.328160941600799561e-02
4.129062592983245850e-02
4.402975738048553467e-02
4.814480245113372803e-02
5.430154502391815186e-02
6.103472411632537842e-02
6.449382007122039795e-02
6.316624581813812256e-02
6.374447047710418701e-02
6.624917685985565186e-02
6.820885837078094482e-02
6.897132098674774170e-02
8.071373403072357178e-02
9.818057715892791748e-02
1.158335059881210327e-01
1.351669281721115112e-01
1.565801352262496948e-01
1.745433062314987183e-01
1.918005794286727905e-01
2.082890719175338745e-01
2.188613861799240112e-01
2.267306298017501831e-01
2.306958884000778198e-01
2.323836535215377808e-01
2.334663122892379761e-01
2.341721504926681519e-01
2.276179045438766479e-01
2.198297232389450073e-01
2.129729241132736206e-01
2.026747316122055054e-01
1.918113678693771362e-01
1.809480637311935425e-01
1.700842827558517456e-01
1.596290320158004761e-01
1.492758244276046753e-01
1.626374572515487671e-01
1.689414829015731812e-01
1.748229116201400757e-01
1.813134998083114624e-01
1.876111477613449097e-01
1.923585981130599976e-01
1.960307806730270386e-01
2.004886418581008911e-01
2.040746659040451050e-01
2.058517485857009888e-01
2.072701901197433472e-01
2.084249705076217651e-01
2.086818665266036987e-01
2.082381099462509155e-01
2.054301947355270386e-01
2.008915990591049194e-01
1.958402246236801147e-01
1.939858347177505493e-01
1.922047585248947144e-01
1.867370754480361938e-01
1.806172281503677368e-01
1.735572069883346558e-01
1.656407862901687622e-01
1.525063365697860718e-01
1.447745114564895630e-01
1.334501653909683228e-01
1.202447265386581421e-01
1.070395559072494507e-01
9.909899532794952393e-02
9.860898554325103760e-02
9.882010519504547119e-02
9.817229211330413818e-02
9.555040299892425537e-02
9.195728600025177002e-02
9.168742597103118896e-02
9.344780445098876953e-02
9.507705271244049072e-02
9.712365269660949707e-02
1.016527414321899414e-01
1.103565692901611328e-01
1.234789490699768066e-01
1.322938948869705200e-01
1.412321776151657104e-01
1.479126811027526855e-01
1.537788063287734985e-01
1.597022116184234619e-01
1.634484231472015381e-01
1.667566150426864624e-01
1.703107804059982300e-01
1.707649976015090942e-01
1.689274311065673828e-01
1.666380316019058228e-01
1.634603887796401978e-01
1.616799384355545044e-01
1.636814624071121216e-01
1.643653362989425659e-01
1.638483554124832153e-01
1.642600446939468384e-01
1.657272130250930786e-01
1.671943813562393188e-01
1.686614602804183960e-01
1.701252311468124390e-01
1.715985983610153198e-01
1.684158295392990112e-01
1.650264114141464233e-01
1.652478724718093872e-01
1.659803837537765503e-01
1.617404967546463013e-01
1.580453962087631226e-01
1.575126498937606812e-01
1.594857424497604370e-01
1.613256782293319702e-01
1.610825508832931519e-01
1.590610295534133911e-01
1.560383886098861694e-01
1.500036567449569702e-01
1.426398009061813354e-01
1.308999508619308472e-01
1.190984696149826050e-01
1.037051826715469360e-01
9.049956500530242920e-02
7.435168325901031494e-02
5.473308265209197998e-02
3.516869246959686279e-02
2.148018777370452881e-02
1.815359294414520264e-02
1.602683961391448975e-02
1.543633639812469482e-02
1.833318173885345459e-02
2.470968663692474365e-02
2.752368152141571045e-02
2.763722836971282959e-02
2.887336909770965576e-02
3.095327317714691162e-02
3.647361695766448975e-02
4.268364608287811279e-02
4.357592761516571045e-02
4.348932206630706787e-02
4.692260921001434326e-02
5.046610534191131592e-02
5.011223256587982178e-02
5.015693604946136475e-02
4.901711642742156982e-02
5.079345405101776123e-02
5.314879119396209717e-02
5.664329230785369873e-02
7.157056033611297607e-02
8.852313458919525146e-02
1.056877821683883667e-01
1.228521913290023804e-01
1.431475132703781128e-01
1.622826904058456421e-01
1.788055151700973511e-01
1.934315413236618042e-01
2.045163363218307495e-01
2.149084061384201050e-01
2.183307260274887085e-01
2.206769436597824097e-01
2.228649705648422241e-01
2.245651930570602417e-01
2.206103056669235229e-01
2.138838618993759155e-01
2.065245509147644043e-01
1.990858763456344604e-01
1.882226914167404175e-01
1.773592084646224976e-01
1.664958447217941284e-01
1.556328982114791870e-01
1.447692364454269409e-01
1.726007312536239624e-01
1.834434121847152710e-01
1.885926574468612671e-01
1.908584088087081909e-01
1.947077363729476929e-01
1.966085284948348999e-01
1.986960023641586304e-01
1.991066187620162964e-01
1.991818994283676147e-01
2.008586376905441284e-01
2.018509656190872192e-01
2.015230208635330200e-01
2.011775821447372437e-01
2.008325308561325073e-01
1.954161971807479858e-01
1.880932897329330444e-01
1.815889924764633179e-01
1.773967295885086060e-01
1.733369678258895874e-01
1.700645238161087036e-01
1.651764363050460815e-01
1.596024483442306519e-01
1.542382687330245972e-01
1.464395076036453247e-01
1.387078315019607544e-01
1.290086954832077026e-01
1.158035844564437866e-01
1.035811454057693481e-01
1.003624349832534790e-01
1.005733162164688110e-01
1.007841974496841431e-01
1.004452854394912720e-01
9.741382300853729248e-02
9.385193884372711182e-02
9.312316775321960449e-02
9.511917829513549805e-02
9.693780541419982910e-02
9.870940446853637695e-02
1.053082793951034546e-01
1.145017296075820923e-01
1.257508248090744019e-01
1.348525732755661011e-01
1.411229968070983887e-01
1.456391960382461548e-01
1.518299579620361328e-01
1.581044942140579224e-01
1.602819412946701050e-01
1.638359874486923218e-01
1.673899739980697632e-01
1.689833104610443115e-01
1.674607545137405396e-01
1.656228452920913696e-01
1.633771508932113647e-01
1.627472788095474243e-01
1.650699228048324585e-01
1.676932126283645630e-01
1.685992628335952759e-01
1.689792722463607788e-01
1.704464703798294067e-01
1.719137281179428101e-01
1.746676415205001831e-01
1.786581724882125854e-01
1.783844679594039917e-01
1.759364455938339233e-01
1.725283116102218628e-01
1.721327751874923706e-01
1.708052009344100952e-01
1.668683737516403198e-01
1.635973900556564331e-01
1.631633490324020386e-01
1.644875258207321167e-01
1.655710786581039429e-01
1.657139509916305542e-01
1.618531793355941772e-01
1.566715389490127563e-01
1.501313596963882446e-01
1.387834399938583374e-01
1.265576928853988647e-01
1.180466860532760620e-01
1.051687449216842651e-01
9.123252332210540771e-02
7.628612220287322998e-02
5.514506995677947998e-02
3.270159661769866943e-02
1.997332274913787842e-02
1.649574935436248779e-02
1.582936942577362061e-02
1.652155816555023193e-02
2.260099351406097412e-02
2.901361882686614990e-02
3.363405168056488037e-02
3.343127667903900146e-02
3.538654744625091553e-02
3.851960599422454834e-02
4.223649203777313232e-02
4.605333507061004639e-02
4.833112657070159912e-02
4.664312303066253662e-02
4.646025598049163818e-02
4.434059560298919678e-02
4.200874269008636475e-02
4.056696593761444092e-02
3.935442864894866943e-02
3.883288800716400146e-02
4.102592170238494873e-02
4.684798419475555420e-02
6.522439420223236084e-02
8.144067227840423584e-02
9.765695035457611084e-02
1.154261082410812378e-01
1.342998594045639038e-01
1.540492624044418335e-01
1.675802916288375854e-01
1.769217699766159058e-01
1.866571158170700073e-01
1.969469040632247925e-01
2.024683207273483276e-01
2.079611867666244507e-01
2.110920399427413940e-01
2.131563872098922729e-01
2.113465517759323120e-01
2.058438509702682495e-01
1.997279375791549683e-01
1.933984011411666870e-01
1.851445883512496948e-01
1.742244213819503784e-01
1.633034199476242065e-01
1.523826569318771362e-01
1.414621323347091675e-01
1.824346631765365601e-01
1.903627961874008179e-01
1.981776207685470581e-01
1.991715282201766968e-01
1.989073604345321655e-01
1.974740475416183472e-01
1.970196217298507690e-01
1.968105584383010864e-01
1.968100219964981079e-01
1.955817490816116333e-01
1.944632679224014282e-01
1.941178292036056519e-01
1.937723904848098755e-01
1.921900361776351929e-01
1.861024349927902222e-01
1.793694049119949341e-01
1.729152053594589233e-01
1.664895266294479370e-01
1.595562547445297241e-01
1.535045653581619263e-01
1.495524197816848755e-01
1.463600248098373413e-01
1.431682556867599487e-01
1.385537236928939819e-01
1.330477148294448853e-01
1.245674043893814087e-01
1.122693866491317749e-01
1.047241836786270142e-01
1.023265272378921509e-01
1.025376170873641968e-01
1.027486771345138550e-01
1.017900556325912476e-01
9.919609129428863525e-02
9.574683010578155518e-02
9.455914795398712158e-02
9.655500948429107666e-02
9.855125844478607178e-02
1.025239974260330200e-01
1.099085509777069092e-01
1.198554784059524536e-01
1.282262057065963745e-01
1.355554014444351196e-01
1.400572806596755981e-01
1.443358361721038818e-01
1.493896096944808960e-01
1.535996198654174805e-01
1.567180603742599487e-01
1.609153151512145996e-01
1.644692867994308472e-01
1.672017425298690796e-01
1.656791418790817261e-01
1.641564667224884033e-01
1.626324504613876343e-01
1.637503057718276978e-01
1.665638536214828491e-01
1.688889414072036743e-01
1.727803498506546021e-01
1.749397963285446167e-01
1.773442775011062622e-01
1.800064295530319214e-01
1.845308691263198853e-01
1.879922896623611450e-01
1.857079714536666870e-01
1.835672706365585327e-01
1.827567368745803833e-01
1.805293411016464233e-01
1.785075217485427856e-01
1.757457703351974487e-01
1.693881601095199585e-01
1.662975400686264038e-01
1.667101532220840454e-01
1.675721257925033569e-01
1.661607474088668823e-01
1.606459170579910278e-01
1.548447757959365845e-01
1.462545245885848999e-01
1.341406255960464478e-01
1.247574239969253540e-01
1.165687292814254761e-01
1.053980737924575806e-01
9.197212755680084229e-02
7.812346518039703369e-02
5.713729560375213623e-02
3.868214786052703857e-02
2.782945334911346436e-02
2.301768958568572998e-02
1.896749436855316162e-02
2.131162583827972412e-02
2.686874568462371826e-02
3.328119218349456787e-02
3.755168616771697998e-02
3.994421660900115967e-02
4.291687905788421631e-02
4.608552157878875732e-02
4.814176261425018311e-02
4.965792596340179443e-02
5.274300277233123779e-02
5.126397311687469482e-02
4.571871459484100342e-02
3.918705880641937256e-02
3.493736684322357178e-02
3.267376124858856201e-02
3.219209611415863037e-02
3.250943124294281006e-02
3.545020520687103271e-02
4.237543046474456787e-02
5.902586877346038818e-02
7.663737237453460693e-02
9.343932569026947021e-02
1.109353750944137573e-01
1.284313052892684937e-01
1.476631015539169312e-01
1.584104746580123901e-01
1.659458130598068237e-01
1.743411868810653687e-01
1.820567101240158081e-01
1.864897459745407104e-01
1.917278021574020386e-01
1.970434635877609253e-01
2.022720426321029663e-01
2.028664797544479370e-01
1.974193900823593140e-01
1.916889399290084839e-01
1.859591454267501831e-01
1.800105422735214233e-01
1.720327585935592651e-01
1.611472815275192261e-01
1.499994248151779175e-01
1.388509720563888550e-01
1.876848191022872925e-01
1.956898421049118042e-01
2.018245309591293335e-01
2.033208459615707397e-01
2.004853338003158569e-01
1.982391327619552612e-01
1.968974620103836060e-01
1.949376612901687622e-01
1.931755393743515015e-01
1.911125034093856812e-01
1.890497356653213501e-01
1.869867593050003052e-01
1.869744211435317993e-01
1.841460913419723511e-01
1.776920109987258911e-01
1.718991845846176147e-01
1.678536981344223022e-01
1.619112938642501831e-01
1.536590307950973511e-01
1.452534347772598267e-01
1.369142681360244751e-01
1.310059279203414917e-01
1.278138309717178345e-01
1.251932233572006226e-01
1.279812306165695190e-01
1.209577172994613647e-01
1.129628866910934448e-01
1.066587716341018677e-01
1.042909771203994751e-01
1.045020371675491333e-01
1.045152097940444946e-01
1.029030829668045044e-01
1.006429642438888550e-01
9.764167666435241699e-02
9.599469602108001709e-02
9.799082577228546143e-02
1.013213992118835449e-01
1.074389517307281494e-01
1.151100248098373413e-01
1.249269843101501465e-01
1.299064606428146362e-01
1.342938691377639771e-01
1.386516094207763672e-01
1.430092304944992065e-01
1.464133560657501221e-01
1.485501676797866821e-01
1.525379270315170288e-01
1.573978066444396973e-01
1.615488082170486450e-01
1.651028543710708618e-01
1.638973355293273926e-01
1.623749583959579468e-01
1.618079394102096558e-01
1.649507433176040649e-01
1.696356981992721558e-01
1.729926317930221558e-01
1.776350289583206177e-01
1.820761412382125854e-01
1.853331476449966431e-01
1.898377686738967896e-01
1.939702481031417847e-01
1.953727155923843384e-01
1.928685158491134644e-01
1.917079836130142212e-01
1.897477358579635620e-01
1.887222975492477417e-01
1.869040876626968384e-01
1.843123286962509155e-01
1.799871176481246948e-01
1.736396402120590210e-01
1.679879277944564819e-01
1.646045297384262085e-01
1.620533615350723267e-01
1.581628173589706421e-01
1.512078493833541870e-01
1.403563469648361206e-01
1.314098089933395386e-01
1.232794672250747681e-01
1.150905936956405640e-01
1.055239886045455933e-01
9.381328523159027100e-02
8.188121020793914795e-02
6.325797736644744873e-02
4.630891978740692139e-02
3.569535911083221436e-02
3.114078938961029053e-02
2.966223657131195068e-02
3.269128501415252686e-02
3.572003543376922607e-02
3.924070298671722412e-02
4.153399169445037842e-02
4.687659442424774170e-02
5.033574998378753662e-02
5.325840413570404053e-02
5.419401824474334717e-02
5.376784503459930420e-02
5.608676373958587646e-02
5.434523522853851318e-02
4.453293979167938232e-02
3.616224229335784912e-02
2.939705550670623779e-02
2.609162032604217529e-02
2.546553313732147217e-02
2.852855622768402100e-02
3.136168420314788818e-02
4.093424975872039795e-02
5.740772187709808350e-02
7.493935525417327881e-02
9.269236028194427490e-02
1.090811938047409058e-01
1.255863159894943237e-01
1.377213448286056519e-01
1.494664400815963745e-01
1.570905894041061401e-01
1.646259278059005737e-01
1.701292246580123901e-01
1.733551472425460815e-01
1.769789308309555054e-01
1.813758462667465210e-01
1.865075677633285522e-01
1.907040327787399292e-01
1.881706565618515015e-01
1.839868277311325073e-01
1.788774579763412476e-01
1.731469482183456421e-01
1.674168556928634644e-01
1.594095677137374878e-01
1.491680592298507690e-01
1.387038677930831909e-01
1.915120929479598999e-01
1.961942166090011597e-01
1.999461501836776733e-01
2.028836458921432495e-01
2.019988745450973511e-01
2.002783864736557007e-01
1.982539147138595581e-01
1.944063454866409302e-01
1.900435537099838257e-01
1.866429299116134644e-01
1.849318891763687134e-01
1.836126595735549927e-01
1.826416701078414917e-01
1.775718182325363159e-01
1.735177785158157349e-01
1.694724410772323608e-01
1.642891317605972290e-01
1.564261764287948608e-01
1.480204910039901733e-01
1.396147161722183228e-01
1.312093585729598999e-01
1.228037923574447632e-01
1.143982559442520142e-01
1.099166125059127808e-01
1.150883883237838745e-01
1.187147647142410278e-01
1.138997226953506470e-01
1.085935980081558228e-01
1.062551587820053101e-01
1.064662486314773560e-01
1.056284457445144653e-01
1.040164083242416382e-01
1.020898967981338501e-01
9.920801222324371338e-02
9.743049740791320801e-02
1.002667248249053955e-01
1.058496087789535522e-01
1.125503927469253540e-01
1.204994320869445801e-01
1.284562051296234131e-01
1.288340389728546143e-01
1.328882873058319092e-01
1.372458785772323608e-01
1.411113291978836060e-01
1.426823884248733521e-01
1.447179913520812988e-01
1.477607935667037964e-01
1.532704830169677734e-01
1.580774337053298950e-01
1.624661386013031006e-01
1.633967012166976929e-01
1.628711074590682983e-01
1.645368039608001709e-01
1.687467545270919800e-01
1.733549684286117554e-01
1.774074584245681763e-01
1.815862506628036499e-01
1.868997067213058472e-01
1.948842555284500122e-01
1.991912871599197388e-01
2.030517905950546265e-01
2.022702246904373169e-01
2.005106061697006226e-01
1.985505670309066772e-01
1.965902894735336304e-01
1.954988092184066772e-01
1.952887624502182007e-01
1.920246332883834839e-01
1.876599341630935669e-01
1.768306940793991089e-01
1.684594601392745972e-01
1.633318513631820679e-01
1.605560034513473511e-01
1.555221825838088989e-01
1.455456763505935669e-01
1.369905024766921997e-01
1.285416334867477417e-01
1.213617175817489624e-01
1.154399663209915161e-01
1.097667068243026733e-01
9.952460229396820068e-02
8.597652614116668701e-02
6.991313397884368896e-02
5.275581777095794678e-02
4.356162250041961670e-02
4.023610055446624756e-02
4.207526147365570068e-02
4.503361880779266357e-02
4.799149930477142334e-02
5.044524371623992920e-02
5.100481212139129639e-02
5.370120704174041748e-02
5.795632302761077881e-02
5.960778892040252686e-02
5.973492562770843506e-02
5.849616229534149170e-02
5.919490754604339600e-02
5.442045629024505615e-02
4.417364299297332764e-02
3.444622457027435303e-02
2.660588920116424561e-02
2.218554913997650146e-02
2.176146209239959717e-02
2.317707240581512451e-02
2.727316319942474365e-02
3.949324786663055420e-02
5.707488954067230225e-02
7.482783496379852295e-02
9.258078038692474365e-02
1.103338450193405151e-01
1.219339221715927124e-01
1.317173689603805542e-01
1.430642455816268921e-01
1.506905406713485718e-01
1.567719429731369019e-01
1.606619805097579956e-01
1.625394076108932495e-01
1.651029437780380249e-01
1.683282703161239624e-01
1.719013899564743042e-01
1.762477606534957886e-01
1.739783734083175659e-01
1.714454144239425659e-01
1.689119786024093628e-01
1.651076525449752808e-01
1.601752489805221558e-01
1.543517559766769409e-01
1.453108042478561401e-01
1.351135224103927612e-01
1.903353184461593628e-01
1.938761919736862183e-01
1.968212574720382690e-01
2.001818269491195679e-01
2.037796825170516968e-01
2.016877382993698120e-01
1.977759450674057007e-01
1.939093321561813354e-01
1.899020224809646606e-01
1.862821429967880249e-01
1.838592439889907837e-01
1.837681084871292114e-01
1.836108714342117310e-01
1.778482645750045776e-01
1.720851808786392212e-01
1.666667610406875610e-01
1.591931432485580444e-01
1.507874578237533569e-01
1.423819214105606079e-01
1.339762657880783081e-01
1.255706697702407837e-01
1.171652525663375854e-01
1.087595671415328979e-01
1.027787774801254272e-01
1.073979288339614868e-01
1.132598668336868286e-01
1.112468987703323364e-01
1.075132042169570923e-01
1.073767393827438354e-01
1.083538383245468140e-01
1.067417412996292114e-01
1.051296442747116089e-01
1.035172194242477417e-01
1.007501482963562012e-01
9.892527759075164795e-02
1.043402403593063354e-01
1.107880622148513794e-01
1.182302981615066528e-01
1.257087141275405884e-01
1.281070858240127563e-01
1.286337375640869141e-01
1.314825564622879028e-01
1.358403414487838745e-01
1.370772272348403931e-01
1.388742774724960327e-01
1.409847885370254517e-01
1.449392884969711304e-01
1.502923518419265747e-01
1.567989140748977661e-01
1.625499874353408813e-01
1.651242226362228394e-01
1.648773103952407837e-01
1.673134118318557739e-01
1.714806258678436279e-01
1.759803444147109985e-01
1.803603917360305786e-01
1.866688579320907593e-01
1.932711750268936157e-01
2.009838670492172241e-01
2.080991119146347046e-01
2.112975567579269409e-01
2.093133479356765747e-01
2.073531001806259155e-01
2.053929418325424194e-01
2.034328430891036987e-01
2.014538496732711792e-01
1.998748034238815308e-01
1.956229954957962036e-01
1.884904652833938599e-01
1.803057044744491577e-01
1.702580899000167847e-01
1.630343645811080933e-01
1.592836529016494751e-01
1.513887196779251099e-01
1.428451389074325562e-01
1.343709975481033325e-01
1.278117448091506958e-01
1.245350986719131470e-01
1.212585121393203735e-01
1.151338666677474976e-01
1.057296842336654663e-01
9.032468497753143311e-02
7.576511800289154053e-02
5.816839635372161865e-02
5.141399800777435303e-02
5.129830539226531982e-02
5.389027297496795654e-02
5.660735070705413818e-02
5.995427072048187256e-02
6.168435513973236084e-02
6.276135146617889404e-02
6.550119817256927490e-02
6.902907788753509521e-02
6.995879113674163818e-02
6.739281117916107178e-02
6.465737521648406982e-02
6.205473840236663818e-02
5.368898808956146240e-02
4.381470382213592529e-02
3.278909623622894287e-02
2.679900825023651123e-02
2.195368707180023193e-02
1.968835294246673584e-02
1.946149766445159912e-02
2.100519835948944092e-02
3.921036422252655029e-02
5.696307122707366943e-02
7.471619546413421631e-02
9.246920049190521240e-02
1.068285554647445679e-01
1.181630939245223999e-01
1.279627531766891479e-01
1.380527466535568237e-01
1.481904238462448120e-01
1.537110060453414917e-01
1.552347987890243530e-01
1.557352989912033081e-01
1.567386835813522339e-01
1.582962721586227417e-01
1.604450196027755737e-01
1.633014529943466187e-01
1.611730307340621948e-01
1.576486676931381226e-01
1.547197550535202026e-01
1.521203964948654175e-01
1.492354124784469604e-01
1.451865881681442261e-01
1.396288126707077026e-01
1.300729960203170776e-01
1.876637786626815796e-01
1.910054534673690796e-01
1.943664997816085815e-01
1.974755972623825073e-01
1.993388980627059937e-01
2.016635984182357788e-01
1.978807300329208374e-01
1.950667947530746460e-01
1.935087889432907104e-01
1.916561871767044067e-01
1.903633922338485718e-01
1.896533817052841187e-01
1.847199648618698120e-01
1.783573776483535767e-01
1.725944727659225464e-01
1.641729027032852173e-01
1.540496796369552612e-01
1.451485902070999146e-01
1.367432326078414917e-01
1.283376663923263550e-01
1.199321299791336060e-01
1.115265935659408569e-01
1.037472635507583618e-01
1.035207957029342651e-01
1.093075126409530640e-01
1.113640218973159790e-01
1.086536198854446411e-01
1.049080938100814819e-01
1.048011928796768188e-01
1.062565594911575317e-01
1.068163961172103882e-01
1.062427908182144165e-01
1.046306043863296509e-01
1.022876948118209839e-01
1.022428274154663086e-01
1.089535206556320190e-01
1.162326633930206299e-01
1.235964447259902954e-01
1.287748813629150391e-01
1.275715529918670654e-01
1.280984282493591309e-01
1.299113333225250244e-01
1.326941400766372681e-01
1.344282180070877075e-01
1.373838931322097778e-01
1.404912918806076050e-01
1.449854522943496704e-01
1.501145511865615845e-01
1.555309742689132690e-01
1.620374172925949097e-01
1.660604327917098999e-01
1.663419157266616821e-01
1.693233698606491089e-01
1.739292293787002563e-01
1.782891601324081421e-01
1.843922883272171021e-01
1.917306035757064819e-01
1.992783099412918091e-01
2.063639611005783081e-01
2.129862159490585327e-01
2.178423553705215454e-01
2.161559313535690308e-01
2.141958028078079224e-01
2.121116071939468384e-01
2.083117216825485229e-01
2.036384195089340210e-01
2.002371996641159058e-01
1.961479634046554565e-01
1.894700676202774048e-01
1.825130432844161987e-01
1.722345203161239624e-01
1.641309708356857300e-01
1.558388024568557739e-01
1.490011960268020630e-01
1.424047797918319702e-01
1.364871710538864136e-01
1.311164349317550659e-01
1.278396695852279663e-01
1.245079785585403442e-01
1.211604923009872437e-01
1.144722551107406616e-01
9.872697293758392334e-02
8.280931413173675537e-02
6.298486888408660889e-02
6.083224713802337646e-02
6.239216029644012451e-02
6.510905921459197998e-02
6.828688085079193115e-02
7.224057614803314209e-02
7.344089448451995850e-02
7.454864680767059326e-02
7.737796008586883545e-02
8.090607821941375732e-02
8.395878970623016357e-02
7.960258424282073975e-02
7.429449260234832764e-02
6.537561118602752686e-02
5.455444753170013428e-02
4.353891313076019287e-02
3.443579375743865967e-02
2.817462384700775146e-02
2.332888543605804443e-02
1.963208615779876709e-02
1.723937690258026123e-02
1.968596875667572021e-02
3.772722184658050537e-02
5.685149133205413818e-02
7.460437715053558350e-02
9.002326428890228271e-02
1.013578027486801147e-01
1.126925796270370483e-01
1.240271180868148804e-01
1.340406388044357300e-01
1.445632427930831909e-01
1.512104123830795288e-01
1.518013924360275269e-01
1.520837396383285522e-01
1.523602455854415894e-01
1.526443809270858765e-01
1.533457487821578979e-01
1.540473550558090210e-01
1.513009518384933472e-01
1.458181589841842651e-01
1.403561085462570190e-01
1.358517855405807495e-01
1.321942061185836792e-01
1.290334910154342651e-01
1.258762329816818237e-01
1.219422072172164917e-01
1.858312934637069702e-01
1.888642162084579468e-01
1.908968538045883179e-01
1.919051855802536011e-01
1.942663639783859253e-01
1.990983337163925171e-01
2.023342698812484741e-01
2.012566775083541870e-01
2.002850323915481567e-01
1.996151953935623169e-01
1.983401030302047729e-01
1.969573348760604858e-01
1.894607394933700562e-01
1.813975721597671509e-01
1.718795150518417358e-01
1.614703685045242310e-01
1.513473540544509888e-01
1.412244290113449097e-01
1.311049312353134155e-01
1.226991564035415649e-01
1.142934709787368774e-01
1.065265387296676636e-01
1.030590683221817017e-01
1.053685992956161499e-01
1.112238019704818726e-01
1.134541779756546021e-01
1.110940724611282349e-01
1.073216348886489868e-01
1.029281765222549438e-01
1.028302758932113647e-01
1.033899337053298950e-01
1.039498448371887207e-01
1.045094579458236694e-01
1.054606735706329346e-01
1.066171824932098389e-01
1.136369407176971436e-01
1.212806403636932373e-01
1.275331228971481323e-01
1.289608627557754517e-01
1.279424577951431274e-01
1.294019371271133423e-01
1.301736533641815186e-01
1.318039745092391968e-01
1.339678317308425903e-01
1.370847821235656738e-01
1.401922255754470825e-01
1.449586451053619385e-01
1.501585394144058228e-01
1.548887789249420166e-01
1.598867326974868774e-01
1.657084375619888306e-01
1.677689403295516968e-01
1.714464128017425537e-01
1.763778179883956909e-01
1.817881017923355103e-01
1.891904324293136597e-01
1.965636163949966431e-01
2.031453698873519897e-01
2.104954868555068970e-01
2.179817110300064087e-01
2.220069915056228638e-01
2.229985147714614868e-01
2.195802181959152222e-01
2.152009755373001099e-01
2.095286995172500610e-01
2.037895768880844116e-01
1.998950988054275513e-01
1.950801461935043335e-01
1.899580806493759155e-01
1.828889697790145874e-01
1.757672578096389771e-01
1.647169440984725952e-01
1.567293256521224976e-01
1.518376320600509644e-01
1.454991549253463745e-01
1.392962783575057983e-01
1.342073231935501099e-01
1.308598965406417847e-01
1.272888332605361938e-01
1.236999481916427612e-01
1.180483549833297729e-01
1.053558439016342163e-01
9.005467593669891357e-02
7.470105588436126709e-02
7.241694629192352295e-02
7.512937486171722412e-02
7.759074866771697998e-02
8.113656938076019287e-02
8.415059745311737061e-02
8.519755303859710693e-02
8.637546002864837646e-02
8.925525844097137451e-02
9.278307855129241943e-02
9.525178372859954834e-02
9.303186833858489990e-02
8.568595349788665771e-02
7.359974086284637451e-02
5.974571406841278076e-02
4.904817044734954834e-02
3.963522613048553467e-02
3.054480254650115967e-02
2.470426261425018311e-02
2.021495997905731201e-02
1.859514415264129639e-02
2.170394361019134521e-02
3.708110749721527100e-02
5.619941651821136475e-02
7.321809232234954834e-02
8.455257117748260498e-02
9.588699042797088623e-02
1.069363802671432495e-01
1.179690808057785034e-01
1.290017813444137573e-01
1.398110836744308472e-01
1.474698036909103394e-01
1.467252224683761597e-01
1.465532630681991577e-01
1.465341299772262573e-01
1.465145200490951538e-01
1.464953273534774780e-01
1.468652933835983276e-01
1.449681371450424194e-01
1.377497166395187378e-01
1.310464590787887573e-01
1.245047301054000854e-01
1.182518452405929565e-01
1.134486645460128784e-01
1.092093437910079956e-01
1.057637184858322144e-01
1.856254190206527710e-01
1.862453669309616089e-01
1.878371089696884155e-01
1.900073736906051636e-01
1.946722120046615601e-01
1.999530941247940063e-01
2.056791037321090698e-01
2.081559747457504272e-01
2.079832404851913452e-01
2.077241092920303345e-01
2.069550603628158569e-01
2.032666653394699097e-01
1.946383267641067505e-01
1.857766062021255493e-01
1.733531802892684937e-01
1.609299033880233765e-01
1.487892717123031616e-01
1.385215967893600464e-01
1.283989399671554565e-01
1.182757169008255005e-01
1.093163043260574341e-01
1.055190712213516235e-01
1.047674566507339478e-01
1.072852462530136108e-01
1.131401211023330688e-01
1.158171743154525757e-01
1.135348528623580933e-01
1.112523823976516724e-01
1.083645373582839966e-01
1.037110537290573120e-01
1.008579581975936890e-01
1.005233079195022583e-01
1.023147702217102051e-01
1.064385920763015747e-01
1.101212650537490845e-01
1.187845617532730103e-01
1.271190196275711060e-01
1.315272599458694458e-01
1.325396001338958740e-01
1.313921809196472168e-01
1.323755532503128052e-01
1.303861141204833984e-01
1.307121664285659790e-01
1.333787888288497925e-01
1.367674320936203003e-01
1.398907154798507690e-01
1.444622725248336792e-01
1.491807103157043457e-01
1.538991332054138184e-01
1.585528552532196045e-01
1.638559550046920776e-01
1.687833517789840698e-01
1.735291332006454468e-01
1.799956709146499634e-01
1.863494664430618286e-01
1.935799270868301392e-01
2.003154307603836060e-01
2.056686133146286011e-01
2.138605564832687378e-01
2.227538675069808960e-01
2.246156185865402222e-01
2.240353375673294067e-01
2.211581617593765259e-01
2.154190093278884888e-01
2.096798866987228394e-01
2.039407342672348022e-01
1.987976878881454468e-01
1.940124481916427612e-01
1.889697164297103882e-01
1.842151433229446411e-01
1.794341057538986206e-01
1.696320325136184692e-01
1.614968627691268921e-01
1.555390506982803345e-01
1.487375944852828979e-01
1.417458504438400269e-01
1.366245001554489136e-01
1.329650133848190308e-01
1.293763369321823120e-01
1.257877796888351440e-01
1.202997416257858276e-01
1.098008602857589722e-01
9.567861258983612061e-02
8.515273034572601318e-02
8.477495610713958740e-02
8.966057002544403076e-02
9.388850629329681396e-02
9.844546020030975342e-02
9.900270402431488037e-02
9.860901534557342529e-02
9.891615808010101318e-02
1.013881415128707886e-01
1.046604961156845093e-01
1.063203066587448120e-01
1.048114746809005737e-01
9.491972625255584717e-02
8.283327519893646240e-02
7.147257030010223389e-02
5.909638106822967529e-02
4.810397326946258545e-02
3.672926127910614014e-02
2.948741614818572998e-02
2.418629825115203857e-02
2.037684619426727295e-02
2.484004199504852295e-02
3.756205737590789795e-02
5.386571586132049561e-02
6.626521050930023193e-02
7.700763642787933350e-02
8.804015815258026123e-02
9.907285869121551514e-02
1.101054996252059937e-01
1.211379617452621460e-01
1.321706622838973999e-01
1.421185582876205444e-01
1.421748846769332886e-01
1.414298266172409058e-01
1.407077759504318237e-01
1.406877487897872925e-01
1.406686753034591675e-01
1.404999941587448120e-01
1.390369385480880737e-01
1.316401213407516479e-01
1.242980211973190308e-01
1.168334931135177612e-01
1.102918833494186401e-01
1.037499159574508667e-01
9.735207259654998779e-02
9.210471808910369873e-02
1.841825097799301147e-01
1.864783018827438354e-01
1.893346160650253296e-01
1.928055137395858765e-01
1.977999657392501831e-01
2.028812617063522339e-01
2.086564451456069946e-01
2.144898921251296997e-01
2.158087044954299927e-01
2.155797034502029419e-01
2.151731401681900024e-01
2.091100960969924927e-01
2.004815489053726196e-01
1.882797926664352417e-01
1.752915233373641968e-01
1.624591499567031860e-01
1.500356942415237427e-01
1.376123577356338501e-01
1.256991475820541382e-01
1.162572056055068970e-01
1.105888336896896362e-01
1.064303964376449585e-01
1.066061109304428101e-01
1.092012971639633179e-01
1.150565296411514282e-01
1.182578951120376587e-01
1.159756034612655640e-01
1.136930435895919800e-01
1.134689897298812866e-01
1.100004464387893677e-01
1.053467243909835815e-01
1.014306992292404175e-01
1.035863906145095825e-01
1.084397286176681519e-01
1.132751107215881348e-01
1.230027824640274048e-01
1.305319070816040039e-01
1.367195099592208862e-01
1.361531168222427368e-01
1.350011080503463745e-01
1.331480741500854492e-01
1.305986344814300537e-01
1.296836584806442261e-01
1.325899958610534668e-01
1.355829536914825439e-01
1.386583000421524048e-01
1.434040218591690063e-01
1.481226980686187744e-01
1.528409868478775024e-01
1.575595140457153320e-01
1.629233807325363159e-01
1.689366549253463745e-01
1.761883199214935303e-01
1.840853840112686157e-01
1.905259490013122559e-01
1.971970945596694946e-01
2.021143585443496704e-01
2.090331166982650757e-01
2.174275070428848267e-01
2.220629900693893433e-01
2.234565168619155884e-01
2.213373035192489624e-01
2.192070931196212769e-01
2.155702561140060425e-01
2.098309546709060669e-01
2.036323994398117065e-01
1.975945085287094116e-01
1.931689232587814331e-01
1.911922544240951538e-01
1.894030421972274780e-01
1.830805987119674683e-01
1.762388199567794800e-01
1.657767146825790405e-01
1.585563570261001587e-01
1.520228832960128784e-01
1.442411988973617554e-01
1.389943212270736694e-01
1.351275891065597534e-01
1.314642578363418579e-01
1.278754323720932007e-01
1.224943250417709351e-01
1.129132360219955444e-01
1.026866286993026733e-01
9.500573575496673584e-02
9.601311385631561279e-02
1.009704321622848511e-01
1.081148236989974976e-01
1.148730963468551636e-01
1.158557981252670288e-01
1.154620498418807983e-01
1.153099387884140015e-01
1.168184131383895874e-01
1.188757270574569702e-01
1.177940219640731812e-01
1.125744432210922241e-01
1.034643501043319702e-01
9.351794421672821045e-02
8.384697139263153076e-02
6.905417144298553467e-02
5.725423991680145264e-02
4.561738669872283936e-02
3.606472909450531006e-02
2.881316840648651123e-02
2.375285327434539795e-02
2.936337888240814209e-02
4.062853753566741943e-02
4.773287475109100342e-02
5.806188285350799561e-02
6.990669667720794678e-02
8.017639815807342529e-02
9.120915830135345459e-02
1.022419184446334839e-01
1.132743805646896362e-01
1.243070811033248901e-01
1.336861103773117065e-01
1.376241892576217651e-01
1.368794888257980347e-01
1.361347287893295288e-01
1.353898495435714722e-01
1.345577687025070190e-01
1.342155188322067261e-01
1.338735073804855347e-01
1.263435333967208862e-01
1.184713095426559448e-01
1.108463257551193237e-01
1.033761948347091675e-01
9.607844054698944092e-02
8.953623473644256592e-02
8.351330459117889404e-02
1.852491945028305054e-01
1.882882565259933472e-01
1.915547698736190796e-01
1.961348503828048706e-01
2.018197029829025269e-01
2.076136022806167603e-01
2.134075313806533813e-01
2.192016094923019409e-01
2.249561101198196411e-01
2.241849154233932495e-01
2.219497412443161011e-01
2.149322479963302612e-01
2.038997858762741089e-01
1.909112483263015747e-01
1.779229789972305298e-01
1.649347394704818726e-01
1.519466787576675415e-01
1.391415446996688843e-01
1.274253576993942261e-01
1.193019300699234009e-01
1.136581450700759888e-01
1.105395704507827759e-01
1.103797107934951782e-01
1.113357096910476685e-01
1.169728487730026245e-01
1.206984668970108032e-01
1.184159368276596069e-01
1.154481619596481323e-01
1.154910326004028320e-01
1.176894158124923706e-01
1.142760366201400757e-01
1.134397536516189575e-01
1.139689236879348755e-01
1.149082630872726440e-01
1.184892058372497559e-01
1.244508773088455200e-01
1.309476643800735474e-01
1.364191025495529175e-01
1.377127617597579956e-01
1.377668827772140503e-01
1.333605349063873291e-01
1.306863129138946533e-01
1.281190067529678345e-01
1.308256983757019043e-01
1.338186860084533691e-01
1.371940672397613525e-01
1.422794759273529053e-01
1.470644026994705200e-01
1.517827212810516357e-01
1.565011590719223022e-01
1.629751175642013550e-01
1.711446940898895264e-01
1.788047701120376587e-01
1.868024617433547974e-01
1.935598850250244141e-01
1.985600441694259644e-01
2.047847360372543335e-01
2.109148651361465454e-01
2.172653824090957642e-01
2.181884199380874634e-01
2.188917845487594604e-01
2.181608229875564575e-01
2.159597128629684448e-01
2.137585133314132690e-01
2.096225768327713013e-01
2.032063454389572144e-01
1.990544646978378296e-01
1.979441791772842407e-01
1.968506723642349243e-01
1.910508722066879272e-01
1.852511316537857056e-01
1.790802925825119019e-01
1.701146215200424194e-01
1.619962900876998901e-01
1.554328650236129761e-01
1.475527733564376831e-01
1.419069021940231323e-01
1.374978274106979370e-01
1.336306780576705933e-01
1.306630223989486694e-01
1.240217834711074829e-01
1.181495636701583862e-01
1.080862730741500854e-01
1.044593900442123413e-01
1.083620637655258179e-01
1.131636351346969604e-01
1.200843304395675659e-01
1.250973194837570190e-01
1.280952543020248413e-01
1.304139941930770874e-01
1.308087557554244995e-01
1.320654600858688354e-01
1.336926072835922241e-01
1.305909603834152222e-01
1.207864135503768921e-01
1.133728474378585815e-01
1.050010770559310913e-01
9.476451575756072998e-02
7.979683578014373779e-02
6.589017808437347412e-02
5.545382201671600342e-02
4.501728713512420654e-02
3.729252517223358154e-02
3.004102408885955811e-02
3.633455932140350342e-02
4.184906184673309326e-02
4.680721461772918701e-02
5.431930720806121826e-02
6.305317580699920654e-02
7.327203452587127686e-02
8.334557712078094482e-02
9.437809884548187256e-02
1.054109185934066772e-01
1.164433211088180542e-01
1.240514963865280151e-01
1.311120241880416870e-01
1.323289722204208374e-01
1.314869374036788940e-01
1.304197758436203003e-01
1.293520182371139526e-01
1.282844990491867065e-01
1.275891512632369995e-01
1.215229481458663940e-01
1.136507242918014526e-01
1.056590527296066284e-01
9.746734797954559326e-02
8.992426097393035889e-02
8.265487849712371826e-02
7.605700194835662842e-02
1.872818917036056519e-01
1.908215731382369995e-01
1.944818347692489624e-01
2.002729624509811401e-01
2.063090950250625610e-01
2.123452574014663696e-01
2.181584686040878296e-01
2.239525467157363892e-01
2.297462970018386841e-01
2.338863760232925415e-01
2.298264652490615845e-01
2.202844470739364624e-01
2.073745578527450562e-01
1.937121301889419556e-01
1.805997937917709351e-01
1.675664037466049194e-01
1.545781940221786499e-01
1.423194259405136108e-01
1.334776133298873901e-01
1.265414804220199585e-01
1.203364282846450806e-01
1.163694113492965698e-01
1.151543408632278442e-01
1.161878854036331177e-01
1.205689162015914917e-01
1.240603476762771606e-01
1.227747350931167603e-01
1.199528127908706665e-01
1.206194311380386353e-01
1.236274987459182739e-01
1.259971559047698975e-01
1.262805163860321045e-01
1.264495700597763062e-01
1.273828595876693726e-01
1.274824589490890503e-01
1.286910772323608398e-01
1.328805685043334961e-01
1.352606564760208130e-01
1.365543156862258911e-01
1.340044289827346802e-01
1.310066729784011841e-01
1.298674196004867554e-01
1.272145956754684448e-01
1.290614604949951172e-01
1.320544928312301636e-01
1.357018500566482544e-01
1.407874673604965210e-01
1.458729058504104614e-01
1.507244557142257690e-01
1.555698364973068237e-01
1.644473522901535034e-01
1.745310574769973755e-01
1.814470440149307251e-01
1.876430362462997437e-01
1.935967952013015747e-01
1.992594748735427856e-01
2.051555663347244263e-01
2.095503062009811401e-01
2.134765237569808960e-01
2.135761827230453491e-01
2.136109322309494019e-01
2.133118361234664917e-01
2.125020474195480347e-01
2.106190770864486694e-01
2.098873108625411987e-01
2.068900316953659058e-01
2.041199654340744019e-01
2.041395753622055054e-01
1.983845084905624390e-01
1.925847381353378296e-01
1.867848485708236694e-01
1.809848994016647339e-01
1.750960201025009155e-01
1.657886654138565063e-01
1.587829738855361938e-01
1.510942429304122925e-01
1.456521600484848022e-01
1.404083222150802612e-01
1.358076184988021851e-01
1.324445456266403198e-01
1.268530935049057007e-01
1.214883178472518921e-01
1.120841950178146362e-01
1.118532866239547729e-01
1.195762604475021362e-01
1.243427246809005737e-01
1.298776715993881226e-01
1.334472149610519409e-01
1.364448517560958862e-01
1.394427865743637085e-01
1.422203630208969116e-01
1.453891247510910034e-01
1.474134773015975952e-01
1.398876160383224487e-01
1.325703114271163940e-01
1.257610172033309937e-01
1.189518421888351440e-01
1.091654151678085327e-01
9.482149779796600342e-02
7.857929170131683350e-02
6.622336804866790771e-02
5.532900989055633545e-02
4.578982293605804443e-02
3.969989717006683350e-02
4.321263730525970459e-02
4.524360597133636475e-02
4.848186671733856201e-02
5.363212525844573975e-02
6.105987727642059326e-02
6.964437663555145264e-02
7.833312451839447021e-02
8.673743903636932373e-02
9.754680097103118896e-02
1.085795611143112183e-01
1.152548044919967651e-01
1.217877119779586792e-01
1.255191415548324585e-01
1.264786571264266968e-01
1.254109591245651245e-01
1.243438571691513062e-01
1.232759207487106323e-01
1.222084015607833862e-01
1.168809384107589722e-01
1.088296622037887573e-01
1.009573191404342651e-01
9.284226596355438232e-02
8.465103805065155029e-02
7.688848674297332764e-02
6.994943320751190186e-02
1.900891512632369995e-01
1.941751688718795776e-01
1.986811608076095581e-01
2.047169059514999390e-01
2.107530087232589722e-01
2.167889922857284546e-01
2.228251546621322632e-01
2.287035137414932251e-01
2.344974130392074585e-01
2.390073984861373901e-01
2.360169142484664917e-01
2.242296785116195679e-01
2.115827649831771851e-01
1.984167546033859253e-01
1.847540289163589478e-01
1.710913628339767456e-01
1.581815332174301147e-01
1.490171700716018677e-01
1.417583078145980835e-01
1.349879056215286255e-01
1.282178312540054321e-01
1.258183568716049194e-01
1.243553012609481812e-01
1.241625994443893433e-01
1.292052119970321655e-01
1.326649636030197144e-01
1.290975958108901978e-01
1.250515133142471313e-01
1.257477551698684692e-01
1.303792595863342285e-01
1.368118375539779663e-01
1.387610435485839844e-01
1.392860263586044312e-01
1.405217647552490234e-01
1.378126293420791626e-01
1.371718496084213257e-01
1.388361603021621704e-01
1.378579288721084595e-01
1.339776366949081421e-01
1.290533989667892456e-01
1.257922202348709106e-01
1.246632635593414307e-01
1.244321614503860474e-01
1.272561401128768921e-01
1.302904337644577026e-01
1.342098563909530640e-01
1.392955034971237183e-01
1.443808227777481079e-01
1.492794901132583618e-01
1.562484055757522583e-01
1.664242446422576904e-01
1.770806014537811279e-01
1.831674277782440186e-01
1.859479099512100220e-01
1.906064152717590332e-01
1.971048861742019653e-01
2.023819535970687866e-01
2.068011015653610229e-01
2.087725847959518433e-01
2.086483687162399292e-01
2.082557529211044312e-01
2.078086584806442261e-01
2.100720852613449097e-01
2.112014442682266235e-01
2.103834897279739380e-01
2.116539925336837769e-01
2.107781022787094116e-01
2.057181745767593384e-01
1.999184340238571167e-01
1.941184848546981812e-01
1.881477683782577515e-01
1.820459216833114624e-01
1.765753775835037231e-01
1.689850538969039917e-01
1.606915444135665894e-01
1.533709615468978882e-01
1.476270407438278198e-01
1.418830603361129761e-01
1.373765915632247925e-01
1.339864581823348999e-01
1.283424943685531616e-01
1.228911727666854858e-01
1.156487911939620972e-01
1.193649619817733765e-01
1.291339248418807983e-01
1.354365199804306030e-01
1.393311470746994019e-01
1.417972296476364136e-01
1.447950452566146851e-01
1.477926224470138550e-01
1.512436717748641968e-01
1.553756445646286011e-01
1.553923338651657104e-01
1.500336974859237671e-01
1.449587196111679077e-01
1.381493657827377319e-01
1.313400715589523315e-01
1.243458837270736694e-01
1.123740524053573608e-01
9.557239711284637451e-02
8.098624646663665771e-02
6.907908618450164795e-02
5.717168748378753662e-02
4.978315532207489014e-02
4.888938367366790771e-02
5.026184022426605225e-02
5.300883948802947998e-02
5.686645209789276123e-02
6.238327920436859131e-02
6.791691482067108154e-02
7.623545825481414795e-02
8.408252894878387451e-02
9.229062497615814209e-02
1.017679423093795776e-01
1.064129918813705444e-01
1.118846386671066284e-01
1.179688423871994019e-01
1.192284077405929565e-01
1.204023808240890503e-01
1.193349808454513550e-01
1.182678192853927612e-01
1.172003000974655151e-01
1.133362501859664917e-01
1.047389954328536987e-01
9.614102542400360107e-02
8.821706473827362061e-02
8.012466132640838623e-02
7.246498763561248779e-02
6.480471789836883545e-02
1.938034147024154663e-01
1.981207579374313354e-01
2.031247466802597046e-01
2.091604024171829224e-01
2.151969820261001587e-01
2.212328761816024780e-01
2.272689491510391235e-01
2.333047837018966675e-01
2.392233759164810181e-01
2.421247214078903198e-01
2.385771721601486206e-01
2.280334979295730591e-01
2.155281454324722290e-01
2.028811722993850708e-01
1.894590109586715698e-01
1.765717118978500366e-01
1.667473167181015015e-01
1.588030010461807251e-01
1.523191779851913452e-01
1.458718031644821167e-01
1.412820667028427124e-01
1.391980797052383423e-01
1.371700316667556763e-01
1.367558091878890991e-01
1.405345052480697632e-01
1.418677121400833130e-01
1.371323615312576294e-01
1.323061734437942505e-01
1.324440389871597290e-01
1.379196196794509888e-01
1.445368677377700806e-01
1.512417942285537720e-01
1.525081098079681396e-01
1.506932377815246582e-01
1.479740291833877563e-01
1.469738632440567017e-01
1.472309082746505737e-01
1.418027579784393311e-01
1.339259445667266846e-01
1.283109635114669800e-01
1.226962953805923462e-01
1.189568340778350830e-01
1.194324046373367310e-01
1.209523677825927734e-01
1.261174231767654419e-01
1.324809193611145020e-01
1.378031671047210693e-01
1.425962299108505249e-01
1.490375101566314697e-01
1.572109609842300415e-01
1.674954593181610107e-01
1.758937090635299683e-01
1.800221055746078491e-01
1.823303401470184326e-01
1.871769875288009644e-01
1.925325542688369751e-01
1.982235461473464966e-01
2.030731290578842163e-01
2.031697481870651245e-01
2.038206607103347778e-01
2.060406059026718140e-01
2.074098140001296997e-01
2.089632302522659302e-01
2.099661976099014282e-01
2.126571983098983765e-01
2.139806896448135376e-01
2.116241902112960815e-01
2.055941075086593628e-01
1.994922310113906860e-01
1.933905333280563354e-01
1.872886270284652710e-01
1.811870187520980835e-01
1.750850230455398560e-01
1.700880378484725952e-01
1.620293706655502319e-01
1.546767204999923706e-01
1.491913944482803345e-01
1.434475630521774292e-01
1.414041072130203247e-01
1.362081617116928101e-01
1.300290673971176147e-01
1.247588843107223511e-01
1.212366670370101929e-01
1.274660080671310425e-01
1.380510777235031128e-01
1.451181620359420776e-01
1.489812582731246948e-01
1.501472443342208862e-01
1.531448811292648315e-01
1.561425179243087769e-01
1.596640199422836304e-01
1.637189835309982300e-01
1.631124466657638550e-01
1.582194417715072632e-01
1.532719582319259644e-01
1.483247727155685425e-01
1.436563581228256226e-01
1.384766548871994019e-01
1.299266070127487183e-01
1.135421246290206909e-01
9.642361104488372803e-02
8.401148021221160889e-02
7.076577842235565186e-02
6.055347621440887451e-02
5.869911611080169678e-02
5.859510600566864014e-02
5.949775874614715576e-02
6.169454753398895264e-02
6.656120717525482178e-02
7.162009179592132568e-02
7.712517678737640381e-02
8.339940011501312256e-02
8.983193337917327881e-02
9.667746722698211670e-02
1.006765812635421753e-01
1.046758741140365601e-01
1.093141287565231323e-01
1.117285937070846558e-01
1.129373759031295776e-01
1.141465157270431519e-01
1.132585257291793823e-01
1.121911257505416870e-01
1.097916811704635620e-01
1.011935919523239136e-01
9.259633719921112061e-02
8.399872481822967529e-02
7.571379840373992920e-02
6.805376708507537842e-02
6.039397418498992920e-02
1.981372684240341187e-01
2.021751850843429565e-01
2.074805349111557007e-01
2.136001139879226685e-01
2.196405977010726929e-01
2.256769388914108276e-01
2.317128926515579224e-01
2.377488762140274048e-01
2.425155788660049438e-01
2.431685775518417358e-01
2.373450547456741333e-01
2.314255088567733765e-01
2.193535715341567993e-01
2.068265527486801147e-01
1.954098790884017944e-01
1.864628642797470093e-01
1.794536560773849487e-01
1.730059832334518433e-01
1.665586084127426147e-01
1.601110249757766724e-01
1.565118879079818726e-01
1.538094729185104370e-01
1.511069387197494507e-01
1.504611521959304810e-01
1.537500768899917603e-01
1.545419245958328247e-01
1.474155038595199585e-01
1.410745233297348022e-01
1.424023658037185669e-01
1.471710056066513062e-01
1.523475646972656250e-01
1.598704904317855835e-01
1.635738462209701538e-01
1.604568809270858765e-01
1.572562754154205322e-01
1.561906188726425171e-01
1.547567993402481079e-01
1.465673148632049561e-01
1.380927115678787231e-01
1.296178996562957764e-01
1.226445287466049194e-01
1.176508218050003052e-01
1.161739677190780640e-01
1.153998523950576782e-01
1.197679191827774048e-01
1.263264268636703491e-01
1.331209987401962280e-01
1.416781842708587646e-01
1.487931907176971436e-01
1.569223403930664062e-01
1.633460968732833862e-01
1.704782694578170776e-01
1.747242361307144165e-01
1.783564537763595581e-01
1.828774362802505493e-01
1.871856898069381714e-01
1.922340244054794312e-01
1.968237608671188354e-01
1.998057812452316284e-01
2.021509855985641479e-01
2.039815336465835571e-01
2.049810737371444702e-01
2.057744711637496948e-01
2.089449018239974976e-01
2.123048156499862671e-01
2.122253626585006714e-01
2.079502791166305542e-01
2.042903155088424683e-01
1.986332386732101440e-01
1.925313323736190796e-01
1.864296644926071167e-01
1.803277581930160522e-01
1.742258518934249878e-01
1.687785238027572632e-01
1.636410802602767944e-01
1.558281630277633667e-01
1.507560163736343384e-01
1.463236957788467407e-01
1.465283483266830444e-01
1.393103152513504028e-01
1.324537843465805054e-01
1.276796311140060425e-01
1.269647330045700073e-01
1.356616467237472534e-01
1.462465971708297729e-01
1.544245928525924683e-01
1.573437899351119995e-01
1.594470590353012085e-01
1.614945977926254272e-01
1.644924134016036987e-01
1.674465388059616089e-01
1.715383380651473999e-01
1.698955744504928589e-01
1.663051098585128784e-01
1.614579409360885620e-01
1.568392962217330933e-01
1.531712859869003296e-01
1.495035737752914429e-01
1.457081288099288940e-01
1.315119713544845581e-01
1.132244318723678589e-01
9.849320352077484131e-02
8.033929765224456787e-02
7.132337987422943115e-02
6.956319510936737061e-02
6.866650283336639404e-02
6.902609765529632568e-02
7.088838517665863037e-02
7.408516108989715576e-02
7.813106477260589600e-02
8.217708766460418701e-02
8.704571425914764404e-02
9.192906320095062256e-02
9.401808679103851318e-02
9.536401927471160889e-02
9.927748143672943115e-02
1.033465117216110229e-01
1.071868389844894409e-01
1.069237440824508667e-01
1.066595762968063354e-01
1.078558415174484253e-01
1.071827858686447144e-01
1.061155050992965698e-01
9.764914214611053467e-02
8.905117213726043701e-02
8.045379817485809326e-02
7.238487899303436279e-02
6.402365863323211670e-02
5.598370730876922607e-02
2.032389491796493530e-01
2.072765678167343140e-01
2.130613178014755249e-01
2.188821882009506226e-01
2.247029095888137817e-01
2.305238395929336548e-01
2.362891286611557007e-01
2.421929091215133667e-01
2.439099103212356567e-01
2.417521327733993530e-01
2.360783666372299194e-01
2.311937063932418823e-01
2.251548618078231812e-01
2.144892662763595581e-01
2.064680904150009155e-01
2.001406103372573853e-01
1.936928480863571167e-01
1.872455328702926636e-01
1.807980388402938843e-01
1.749054044485092163e-01
1.722027808427810669e-01
1.695005446672439575e-01
1.667981594800949097e-01
1.661638170480728149e-01
1.688398122787475586e-01
1.679868996143341064e-01
1.601340621709823608e-01
1.545665562152862549e-01
1.547027677297592163e-01
1.579177677631378174e-01
1.633124202489852905e-01
1.679361909627914429e-01
1.702418178319931030e-01
1.695871800184249878e-01
1.663862019777297974e-01
1.655940860509872437e-01
1.598062366247177124e-01
1.513317674398422241e-01
1.428572088479995728e-01
1.343825310468673706e-01
1.258460134267807007e-01
1.175551265478134155e-01
1.155170649290084839e-01
1.144536882638931274e-01
1.152913123369216919e-01
1.194965690374374390e-01
1.279373615980148315e-01
1.356839388608932495e-01
1.418438106775283813e-01
1.488917022943496704e-01
1.539492160081863403e-01
1.605393737554550171e-01
1.681432574987411499e-01
1.718594580888748169e-01
1.762036830186843872e-01
1.817104369401931763e-01
1.887113302946090698e-01
1.928855925798416138e-01
1.963853687047958374e-01
1.996809989213943481e-01
2.014661878347396851e-01
2.028235942125320435e-01
2.052267044782638550e-01
2.079038172960281372e-01
2.094778567552566528e-01
2.072387784719467163e-01
2.042763680219650269e-01
2.001538127660751343e-01
1.976068466901779175e-01
1.916721910238265991e-01
1.855704635381698608e-01
1.794687360525131226e-01
1.733666509389877319e-01
1.672650426626205444e-01
1.625697165727615356e-01
1.578407734632492065e-01
1.517375558614730835e-01
1.523506790399551392e-01
1.498007327318191528e-01
1.426459401845932007e-01
1.366430371999740601e-01
1.325452774763107300e-01
1.325028985738754272e-01
1.439558714628219604e-01
1.544420570135116577e-01
1.626612991094589233e-01
1.652974933385848999e-01
1.679337471723556519e-01
1.699125021696090698e-01
1.726114600896835327e-01
1.778945177793502808e-01
1.786252707242965698e-01
1.761736124753952026e-01
1.730576008558273315e-01
1.698764413595199585e-01
1.663547009229660034e-01
1.626864522695541382e-01
1.590186804533004761e-01
1.553509682416915894e-01
1.463126391172409058e-01
1.298848241567611694e-01
1.086575239896774292e-01
8.991245925426483154e-02
8.298139274120330811e-02
8.042739331722259521e-02
7.881908118724822998e-02
7.909755408763885498e-02
8.034245669841766357e-02
8.273456990718841553e-02
8.693520724773406982e-02
9.085325896739959717e-02
9.457610547542572021e-02
9.829942882061004639e-02
9.856514632701873779e-02
9.613655507564544678e-02
9.610776603221893311e-02
9.788350760936737061e-02
1.024172753095626831e-01
1.032808274030685425e-01
1.030168980360031128e-01
1.027530878782272339e-01
1.024893969297409058e-01
1.011063307523727417e-01
9.410445392131805420e-02
8.550636470317840576e-02
7.712034881114959717e-02
6.905429065227508545e-02
6.088845431804656982e-02
5.250386893749237061e-02
2.010032981634140015e-01
2.058717757463455200e-01
2.120613306760787964e-01
2.182512730360031128e-01
2.244408577680587769e-01
2.306303530931472778e-01
2.368202060461044312e-01
2.408604472875595093e-01
2.428122013807296753e-01
2.392932027578353882e-01
2.346834093332290649e-01
2.300883978605270386e-01
2.264814525842666626e-01
2.226596623659133911e-01
2.170742899179458618e-01
2.120885699987411499e-01
2.064969688653945923e-01
2.004180401563644409e-01
1.943395286798477173e-01
1.902673691511154175e-01
1.878941804170608521e-01
1.851918548345565796e-01
1.824893802404403687e-01
1.822828650474548340e-01
1.846368312835693359e-01
1.833816021680831909e-01
1.763253360986709595e-01
1.710648089647293091e-01
1.702421158552169800e-01
1.720129996538162231e-01
1.750961095094680786e-01
1.753324121236801147e-01
1.770789176225662231e-01
1.788256615400314331e-01
1.755162626504898071e-01
1.725993007421493530e-01
1.644919961690902710e-01
1.559465378522872925e-01
1.473217457532882690e-01
1.384742707014083862e-01
1.296267360448837280e-01
1.210837364196777344e-01
1.158884763717651367e-01
1.118630915880203247e-01
1.106101423501968384e-01
1.163151711225509644e-01
1.202403753995895386e-01
1.224155575037002563e-01
1.264335364103317261e-01
1.326954215764999390e-01
1.400530487298965454e-01
1.510926336050033569e-01
1.607579141855239868e-01
1.664331406354904175e-01
1.735778003931045532e-01
1.806221753358840942e-01
1.873966008424758911e-01
1.891141980886459351e-01
1.924682706594467163e-01
1.962605267763137817e-01
2.000791579484939575e-01
2.024464458227157593e-01
2.048137038946151733e-01
2.064871042966842651e-01
2.035654336214065552e-01
2.015566080808639526e-01
1.993169337511062622e-01
1.961559802293777466e-01
1.935244649648666382e-01
1.907990425825119019e-01
1.847112029790878296e-01
1.786095350980758667e-01
1.725076586008071899e-01
1.664058417081832886e-01
1.609709709882736206e-01
1.585098356008529663e-01
1.560913175344467163e-01
1.581345051527023315e-01
1.530731767416000366e-01
1.468197852373123169e-01
1.418971270322799683e-01
1.390344947576522827e-01
1.396498531103134155e-01
1.524364799261093140e-01
1.627400368452072144e-01
1.705279201269149780e-01
1.732511967420578003e-01
1.758873909711837769e-01
1.785234659910202026e-01
1.832684129476547241e-01
1.849310249090194702e-01
1.855679601430892944e-01
1.824517697095870972e-01
1.797646731138229370e-01
1.779280155897140503e-01
1.756781786680221558e-01
1.722017973661422729e-01
1.685338467359542847e-01
1.648661941289901733e-01
1.574443429708480835e-01
1.398207396268844604e-01
1.160856336355209351e-01
9.895126521587371826e-02
9.511874616146087646e-02
9.129093587398529053e-02
8.968310058116912842e-02
8.916895091533660889e-02
8.979587256908416748e-02
9.173278510570526123e-02
9.547619521617889404e-02
9.919945895671844482e-02
1.029224842786788940e-01
1.066456288099288940e-01
1.065836399793624878e-01
1.037174910306930542e-01
1.006933301687240601e-01
9.955196082592010498e-02
9.970359504222869873e-02
1.003916710615158081e-01
9.960548579692840576e-02
9.911005198955535889e-02
9.884671866893768311e-02
9.858267009258270264e-02
9.239451587200164795e-02
8.232466876506805420e-02
7.379023730754852295e-02
6.572453677654266357e-02
5.765824019908905029e-02
4.936902225017547607e-02
1.978956907987594604e-01
2.035461515188217163e-01
2.097360342741012573e-01
2.159685939550399780e-01
2.231553643941879272e-01
2.303421646356582642e-01
2.364091128110885620e-01
2.389939576387405396e-01
2.391352206468582153e-01
2.346084862947463989e-01
2.300738245248794556e-01
2.263308018445968628e-01
2.249430269002914429e-01
2.257299274206161499e-01
2.229226082563400269e-01
2.177239209413528442e-01
2.125807255506515503e-01
2.067323178052902222e-01
2.006537467241287231e-01
1.980335265398025513e-01
1.957002133131027222e-01
1.933665722608566284e-01
1.912172287702560425e-01
1.916237622499465942e-01
1.933333277702331543e-01
1.934831887483596802e-01
1.880670040845870972e-01
1.831295639276504517e-01
1.824301779270172119e-01
1.845075786113739014e-01
1.838037818670272827e-01
1.824289709329605103e-01
1.814795881509780884e-01
1.820065677165985107e-01
1.825098842382431030e-01
1.729254573583602905e-01
1.651039719581604004e-01
1.566252410411834717e-01
1.481465399265289307e-01
1.396679282188415527e-01
1.309656202793121338e-01
1.228425651788711548e-01
1.165293157100677490e-01
1.114995032548904419e-01
1.072075814008712769e-01
1.088590174913406372e-01
1.103794723749160767e-01
1.103642433881759644e-01
1.125860959291458130e-01
1.169589012861251831e-01
1.267276853322982788e-01
1.397011429071426392e-01
1.534015387296676636e-01
1.638913303613662720e-01
1.723222583532333374e-01
1.795340329408645630e-01
1.844082027673721313e-01
1.861288994550704956e-01
1.886046379804611206e-01
1.942573934793472290e-01
1.987132281064987183e-01
2.020692974328994751e-01
2.044365257024765015e-01
2.012774497270584106e-01
1.983560770750045776e-01
1.955537945032119751e-01
1.936352998018264771e-01
1.912549585103988647e-01
1.893877834081649780e-01
1.868948787450790405e-01
1.838524192571640015e-01
1.777503341436386108e-01
1.716484874486923218e-01
1.655468195676803589e-01
1.594450324773788452e-01
1.588512808084487915e-01
1.618392914533615112e-01
1.619124859571456909e-01
1.571413427591323853e-01
1.520579904317855835e-01
1.472707837820053101e-01
1.456659883260726929e-01
1.477258056402206421e-01
1.609697192907333374e-01
1.709824055433273315e-01
1.773864477872848511e-01
1.812047213315963745e-01
1.839114874601364136e-01
1.890565603971481323e-01
1.922048181295394897e-01
1.919680088758468628e-01
1.918464154005050659e-01
1.892087906599044800e-01
1.873722523450851440e-01
1.855354756116867065e-01
1.836990565061569214e-01
1.814793795347213745e-01
1.780489534139633179e-01
1.741567701101303101e-01
1.649342030286788940e-01
1.476995199918746948e-01
1.248664110898971558e-01
1.072094887495040894e-01
1.032397001981735229e-01
1.003087013959884644e-01
1.001459807157516479e-01
9.924052655696868896e-02
9.952323138713836670e-02
1.007876843214035034e-01
1.035058349370956421e-01
1.075451821088790894e-01
1.112685054540634155e-01
1.149916499853134155e-01
1.139967292547225952e-01
1.124819964170455933e-01
1.088699549436569214e-01
1.057229489088058472e-01
1.043749302625656128e-01
1.047579497098922729e-01
1.015869826078414917e-01
9.794168174266815186e-02
9.611849486827850342e-02
9.539704024791717529e-02
9.166900813579559326e-02
8.274523913860321045e-02
7.320694625377655029e-02
6.366865336894989014e-02
5.432812869548797607e-02
4.623429477214813232e-02
1.911554783582687378e-01
1.986952871084213257e-01
2.065600901842117310e-01
2.144242674112319946e-01
2.222894281148910522e-01
2.294235378503799438e-01
2.339461892843246460e-01
2.360065728425979614e-01
2.343351691961288452e-01
2.298083752393722534e-01
2.261719256639480591e-01
2.247137278318405151e-01
2.255968600511550903e-01
2.272207587957382202e-01
2.288189679384231567e-01
2.244833260774612427e-01
2.192846387624740601e-01
2.139236778020858765e-01
2.087191492319107056e-01
2.060869187116622925e-01
2.034663408994674683e-01
2.011326998472213745e-01
1.993003338575363159e-01
1.990049034357070923e-01
2.000560462474822998e-01
2.010794430971145630e-01
1.957086175680160522e-01
1.907135993242263794e-01
1.898759156465530396e-01
1.898330152034759521e-01
1.880356818437576294e-01
1.862385720014572144e-01
1.844414323568344116e-01
1.830473244190216064e-01
1.798701733350753784e-01
1.696618944406509399e-01
1.604413390159606934e-01
1.503545343875885010e-01
1.416348814964294434e-01
1.329150050878524780e-01
1.241585165262222290e-01
1.160023659467697144e-01
1.077858060598373413e-01
1.028780788183212280e-01
9.800560772418975830e-02
9.408654272556304932e-02
9.177644550800323486e-02
9.204851090908050537e-02
9.586773812770843506e-02
1.045350283384323120e-01
1.162925511598587036e-01
1.284484118223190308e-01
1.420661658048629761e-01
1.541904658079147339e-01
1.641428619623184204e-01
1.740037351846694946e-01
1.788629144430160522e-01
1.809917837381362915e-01
1.860904544591903687e-01
1.910833567380905151e-01
1.958958953619003296e-01
2.000616639852523804e-01
1.991464942693710327e-01
1.962344497442245483e-01
1.931468397378921509e-01
1.902253478765487671e-01
1.876328438520431519e-01
1.856041997671127319e-01
1.840208023786544800e-01
1.827584356069564819e-01
1.802655309438705444e-01
1.768911331892013550e-01
1.707892864942550659e-01
1.646875590085983276e-01
1.597613245248794556e-01
1.615261882543563843e-01
1.651677638292312622e-01
1.652394980192184448e-01
1.619621366262435913e-01
1.573121696710586548e-01
1.538749784231185913e-01
1.522975414991378784e-01
1.559300869703292847e-01
1.693700402975082397e-01
1.785945743322372437e-01
1.844246834516525269e-01
1.894357651472091675e-01
1.948771923780441284e-01
1.994398683309555054e-01
1.987747400999069214e-01
1.982139796018600464e-01
1.986531466245651245e-01
1.968166679143905640e-01
1.949800699949264526e-01
1.931434124708175659e-01
1.913068741559982300e-01
1.894699186086654663e-01
1.871318668127059937e-01
1.814356893301010132e-01
1.702852100133895874e-01
1.534678190946578979e-01
1.336470693349838257e-01
1.164201945066452026e-01
1.112577170133590698e-01
1.083268374204635620e-01
1.068078130483627319e-01
1.068500131368637085e-01
1.082579344511032104e-01
1.097833961248397827e-01
1.113971918821334839e-01
1.158909052610397339e-01
1.196147650480270386e-01
1.229247301816940308e-01
1.214099377393722534e-01
1.198952645063400269e-01
1.183521598577499390e-01
1.140225380659103394e-01
1.107527464628219604e-01
1.091105192899703979e-01
1.073513478040695190e-01
1.037056893110275269e-01
1.000603884458541870e-01
9.641472995281219482e-02
9.209685027599334717e-02
8.316044509410858154e-02
7.445602118968963623e-02
6.451706588268280029e-02
5.481033027172088623e-02
4.532878100872039795e-02
1.875356882810592651e-01
1.954001635313034058e-01
2.032652348279953003e-01
2.111297994852066040e-01
2.186536043882369995e-01
2.242770344018936157e-01
2.272545546293258667e-01
2.283024638891220093e-01
2.257200926542282104e-01
2.227837294340133667e-01
2.218501120805740356e-01
2.233497947454452515e-01
2.257192283868789673e-01
2.280891984701156616e-01
2.301950305700302124e-01
2.308749109506607056e-01
2.254293411970138550e-01
2.199290245771408081e-01
2.166125923395156860e-01
2.136786431074142456e-01
2.107442468404769897e-01
2.078101187944412231e-01
2.051121145486831665e-01
2.033088952302932739e-01
2.052723616361618042e-01
2.073296308517456055e-01
2.022134512662887573e-01
1.971880644559860229e-01
1.958152204751968384e-01
1.940179318189620972e-01
1.922208219766616821e-01
1.904235333204269409e-01
1.884991675615310669e-01
1.851722449064254761e-01
1.794635206460952759e-01
1.687711775302886963e-01
1.579114347696304321e-01
1.467517167329788208e-01
1.358336955308914185e-01
1.260164380073547363e-01
1.161022484302520752e-01
1.061302870512008667e-01
9.802331030368804932e-02
9.102331101894378662e-02
8.316119015216827393e-02
7.777695357799530029e-02
7.546700537204742432e-02
7.646261155605316162e-02
8.335505425930023193e-02
9.377203881740570068e-02
1.059281677007675171e-01
1.180840879678726196e-01
1.299486309289932251e-01
1.408583670854568481e-01
1.501558870077133179e-01
1.594152301549911499e-01
1.643339842557907104e-01
1.713393479585647583e-01
1.776278465986251831e-01
1.822699755430221558e-01
1.860366612672805786e-01
1.867719739675521851e-01
1.852865666151046753e-01
1.833202391862869263e-01
1.804579347372055054e-01
1.778781265020370483e-01
1.753252893686294556e-01
1.732320040464401245e-01
1.718457788228988647e-01
1.717561632394790649e-01
1.708352118730545044e-01
1.687113493680953979e-01
1.653743237257003784e-01
1.596413403749465942e-01
1.584383696317672729e-01
1.614568382501602173e-01
1.645243912935256958e-01
1.659187227487564087e-01
1.634913235902786255e-01
1.605919748544692993e-01
1.589012891054153442e-01
1.576926559209823608e-01
1.632667630910873413e-01
1.773326843976974487e-01
1.869856566190719604e-01
1.922462433576583862e-01
2.007671445608139038e-01
2.053746432065963745e-01
2.071775645017623901e-01
2.053446620702743530e-01
2.050374001264572144e-01
2.055941671133041382e-01
2.044240087270736694e-01
2.025878876447677612e-01
2.007508128881454468e-01
1.989143937826156616e-01
1.970044821500778198e-01
1.938396543264389038e-01
1.852626651525497437e-01
1.754376143217086792e-01
1.592358201742172241e-01
1.405033916234970093e-01
1.276044100522994995e-01
1.195242851972579956e-01
1.163210719823837280e-01
1.131220310926437378e-01
1.130533665418624878e-01
1.136690229177474976e-01
1.155678480863571167e-01
1.190360039472579956e-01
1.237594336271286011e-01
1.279609650373458862e-01
1.303379982709884644e-01
1.288229674100875854e-01
1.273076385259628296e-01
1.257932037115097046e-01
1.236237138509750366e-01
1.192112416028976440e-01
1.158760040998458862e-01
1.142240017652511597e-01
1.096774786710739136e-01
1.060895174741744995e-01
1.025196760892868042e-01
9.887818992137908936e-02
8.831135928630828857e-02
7.812635600566864014e-02
6.866006553173065186e-02
5.795209109783172607e-02
4.797796905040740967e-02
1.842409223318099976e-01
1.921058148145675659e-01
1.999705284833908081e-01
2.078350931406021118e-01
2.135069221258163452e-01
2.180901616811752319e-01
2.195499390363693237e-01
2.200001031160354614e-01
2.167854160070419312e-01
2.153953462839126587e-01
2.165857404470443726e-01
2.185993939638137817e-01
2.206671684980392456e-01
2.227349728345870972e-01
2.248028963804244995e-01
2.268705815076828003e-01
2.267448157072067261e-01
2.224287241697311401e-01
2.213393598794937134e-01
2.194896191358566284e-01
2.168363779783248901e-01
2.131548374891281128e-01
2.100014239549636841e-01
2.093274742364883423e-01
2.125936001539230347e-01
2.149000912904739380e-01
2.095760554075241089e-01
2.044612020254135132e-01
2.002118378877639771e-01
1.978826969861984253e-01
1.958443671464920044e-01
1.938061863183975220e-01
1.917176097631454468e-01
1.860199421644210815e-01
1.783966571092605591e-01
1.670817881822586060e-01
1.601554453372955322e-01
1.473254263401031494e-01
1.332638263702392578e-01
1.198088675737380981e-01
1.057172566652297974e-01
9.575505554676055908e-02
8.551360666751861572e-02
7.574592530727386475e-02
6.815610826015472412e-02
6.373603641986846924e-02
6.420324742794036865e-02
6.910227239131927490e-02
7.701383531093597412e-02
8.506609499454498291e-02
9.556363523006439209e-02
1.076622754335403442e-01
1.197221726179122925e-01
1.317708641290664673e-01
1.393693536520004272e-01
1.450835317373275757e-01
1.513184159994125366e-01
1.583404093980789185e-01
1.649995595216751099e-01
1.718331724405288696e-01
1.744109541177749634e-01
1.721906512975692749e-01
1.710449606180191040e-01
1.695064157247543335e-01
1.674940437078475952e-01
1.647437661886215210e-01
1.621911376714706421e-01
1.595895439386367798e-01
1.574551314115524292e-01
1.576876491308212280e-01
1.575978249311447144e-01
1.566497534513473511e-01
1.545255929231643677e-01
1.537906378507614136e-01
1.538026183843612671e-01
1.577771455049514771e-01
1.605028063058853149e-01
1.597068160772323608e-01
1.583077162504196167e-01
1.581443399190902710e-01
1.576077789068222046e-01
1.563990563154220581e-01
1.636050194501876831e-01
1.773027628660202026e-01
1.876933425664901733e-01
1.961866468191146851e-01
2.040690034627914429e-01
2.090334147214889526e-01
2.072861641645431519e-01
2.063330262899398804e-01
2.071658223867416382e-01
2.060548514127731323e-01
2.063850611448287964e-01
2.054598182439804077e-01
2.039921134710311890e-01
2.025239914655685425e-01
2.001534551382064819e-01
1.928279846906661987e-01
1.849419325590133667e-01
1.767641156911849976e-01
1.628504246473312378e-01
1.448590010404586792e-01
1.369711607694625854e-01
1.274460405111312866e-01
1.232028454542160034e-01
1.203178614377975464e-01
1.192567795515060425e-01
1.191878765821456909e-01
1.209782809019088745e-01
1.238620132207870483e-01
1.280204504728317261e-01
1.344566792249679565e-01
1.378810852766036987e-01
1.365009993314743042e-01
1.350626200437545776e-01
1.336244195699691772e-01
1.321863383054733276e-01
1.294602602720260620e-01
1.249974220991134644e-01
1.217028349637985229e-01
1.180500239133834839e-01
1.136138886213302612e-01
1.104429215192794800e-01
1.074927300214767456e-01
9.870736300945281982e-02
8.853845298290252686e-02
7.900147140026092529e-02
6.907622516155242920e-02
5.927400290966033936e-02
1.803776472806930542e-01
1.879401654005050659e-01
1.955031007528305054e-01
2.012622803449630737e-01
2.065836042165756226e-01
2.087191790342330933e-01
2.094651311635971069e-01
2.092874497175216675e-01
2.077435404062271118e-01
2.089339345693588257e-01
2.108860462903976440e-01
2.129538804292678833e-01
2.150216251611709595e-01
2.170893996953964233e-01
2.191377729177474976e-01
2.211342900991439819e-01
2.231314033269882202e-01
2.231817692518234253e-01
2.219078391790390015e-01
2.203305810689926147e-01
2.171256095170974731e-01
2.141162306070327759e-01
2.126642614603042603e-01
2.138770967721939087e-01
2.180652767419815063e-01
2.212048023939132690e-01
2.164474278688430786e-01
2.092082351446151733e-01
2.048263698816299438e-01
2.024891823530197144e-01
2.001520246267318726e-01
1.978151202201843262e-01
1.927268803119659424e-01
1.871290206909179688e-01
1.773296743631362915e-01
1.660150289535522461e-01
1.593074053525924683e-01
1.483758985996246338e-01
1.313593983650207520e-01
1.144161373376846313e-01
9.901075065135955811e-02
8.599196374416351318e-02
7.232041656970977783e-02
6.341101229190826416e-02
5.822320282459259033e-02
5.434153974056243896e-02
5.582807958126068115e-02
6.276287138462066650e-02
7.067392766475677490e-02
7.950289547443389893e-02
8.881388604640960693e-02
9.791310131549835205e-02
1.094956845045089722e-01
1.221709400415420532e-01
1.312843412160873413e-01
1.369672268629074097e-01
1.416953057050704956e-01
1.456075757741928101e-01
1.512145251035690308e-01
1.566126197576522827e-01
1.568573266267776489e-01
1.568159013986587524e-01
1.564030200242996216e-01
1.553177088499069214e-01
1.537266224622726440e-01
1.516677886247634888e-01
1.490565687417984009e-01
1.464858502149581909e-01
1.432595700025558472e-01
1.432974487543106079e-01
1.435297876596450806e-01
1.434396058320999146e-01
1.445826441049575806e-01
1.462082713842391968e-01
1.500745862722396851e-01
1.540754288434982300e-01
1.569096893072128296e-01
1.541889756917953491e-01
1.532519012689590454e-01
1.544279307126998901e-01
1.562579125165939331e-01
1.551056355237960815e-01
1.641413420438766479e-01
1.768516749143600464e-01
1.901599019765853882e-01
1.999747604131698608e-01
2.071227282285690308e-01
2.084801644086837769e-01
2.068975418806076050e-01
2.064292877912521362e-01
2.071702927350997925e-01
2.053411453962326050e-01
2.043710798025131226e-01
2.047240585088729858e-01
2.036743015050888062e-01
2.013793438673019409e-01
1.950377672910690308e-01
1.871512979269027710e-01
1.792652457952499390e-01
1.713796705007553101e-01
1.599822491407394409e-01
1.444254964590072632e-01
1.375738233327865601e-01
1.302936524152755737e-01
1.232011169195175171e-01
1.202188581228256226e-01
1.179368346929550171e-01
1.183139532804489136e-01
1.197581738233566284e-01
1.224372237920761108e-01
1.264352649450302124e-01
1.331557482481002808e-01
1.370120495557785034e-01
1.382024735212326050e-01
1.393927782773971558e-01
1.391716450452804565e-01
1.385003179311752319e-01
1.382904499769210815e-01
1.365354508161544800e-01
1.336787194013595581e-01
1.310972422361373901e-01
1.262488812208175659e-01
1.228250712156295776e-01
1.212985962629318237e-01
1.151851862668991089e-01
1.062248200178146362e-01
9.726373851299285889e-02
8.830313384532928467e-02
7.871250808238983154e-02
1.746898144483566284e-01
1.822527498006820679e-01
1.884014755487442017e-01
1.937222927808761597e-01
1.978759020566940308e-01
1.986217647790908813e-01
2.003490477800369263e-01
2.000920623540878296e-01
2.012817710638046265e-01
2.031724900007247925e-01
2.052046507596969604e-01
2.072013467550277710e-01
2.091980427503585815e-01
2.111947387456893921e-01
2.131915539503097534e-01
2.151870280504226685e-01
2.167225331068038940e-01
2.214655727148056030e-01
2.214467376470565796e-01
2.194365411996841431e-01
2.171048372983932495e-01
2.157240062952041626e-01
2.143894881010055542e-01
2.160138934850692749e-01
2.203176170587539673e-01
2.236308604478836060e-01
2.172029465436935425e-01
2.094274014234542847e-01
2.057532519102096558e-01
2.040942460298538208e-01
2.024352103471755981e-01
1.993368864059448242e-01
1.936888545751571655e-01
1.887691915035247803e-01
1.774529069662094116e-01
1.643819361925125122e-01
1.546160578727722168e-01
1.448646932840347290e-01
1.283140033483505249e-01
1.117787808179855347e-01
9.422190487384796143e-02
8.053897321224212646e-02
6.785400211811065674e-02
5.691520869731903076e-02
5.077259242534637451e-02
4.805897176265716553e-02
4.945482313632965088e-02
5.652789771556854248e-02
6.436513364315032959e-02
7.360209524631500244e-02
8.326570689678192139e-02
9.227533638477325439e-02
1.019807308912277222e-01
1.135583370923995972e-01
1.241231709718704224e-01
1.288510710000991821e-01
1.330926865339279175e-01
1.367351859807968140e-01
1.401496976613998413e-01
1.393787115812301636e-01
1.386040300130844116e-01
1.386971920728683472e-01
1.386557072401046753e-01
1.386170238256454468e-01
1.395907849073410034e-01
1.379464715719223022e-01
1.359223574399948120e-01
1.333696097135543823e-01
1.301555484533309937e-01
1.289070695638656616e-01
1.291394680738449097e-01
1.306758970022201538e-01
1.343346089124679565e-01
1.378128081560134888e-01
1.459127217531204224e-01
1.507996767759323120e-01
1.530250161886215210e-01
1.493932753801345825e-01
1.468635648488998413e-01
1.499341577291488647e-01
1.531715840101242065e-01
1.538526862859725952e-01
1.652300804853439331e-01
1.790361851453781128e-01
1.923443526029586792e-01
2.031732052564620972e-01
2.089553326368331909e-01
2.096648663282394409e-01
2.076718062162399292e-01
2.066917866468429565e-01
2.065830677747726440e-01
2.046273201704025269e-01
2.027982324361801147e-01
2.027355879545211792e-01
2.023938745260238647e-01
1.973872631788253784e-01
1.895584315061569214e-01
1.817416399717330933e-01
1.739324182271957397e-01
1.661234945058822632e-01
1.561519354581832886e-01
1.445848196744918823e-01
1.386505216360092163e-01
1.327867954969406128e-01
1.255492419004440308e-01
1.218640655279159546e-01
1.194535344839096069e-01
1.193967312574386597e-01
1.207370609045028687e-01
1.243188828229904175e-01
1.291949003934860229e-01
1.356277912855148315e-01
1.395442932844161987e-01
1.418987363576889038e-01
1.439291089773178101e-01
1.459591239690780640e-01
1.479895561933517456e-01
1.490866392850875854e-01
1.492547243833541870e-01
1.468654125928878784e-01
1.437236517667770386e-01
1.388218849897384644e-01
1.337492913007736206e-01
1.306615322828292847e-01
1.260115355253219604e-01
1.170505732297897339e-01
1.080896109342575073e-01
9.912864863872528076e-02
9.016792476177215576e-02
1.690022200345993042e-01
1.755398958921432495e-01
1.808614581823348999e-01
1.861824840307235718e-01
1.877788156270980835e-01
1.895285099744796753e-01
1.923878639936447144e-01
1.935070306062698364e-01
1.952648013830184937e-01
1.972614973783493042e-01
1.992581933736801147e-01
2.012554258108139038e-01
2.032519131898880005e-01
2.051994055509567261e-01
2.067144960165023804e-01
2.082298249006271362e-01
2.106793373823165894e-01
2.156210094690322876e-01
2.197202295064926147e-01
2.174690812826156616e-01
2.162666171789169312e-01
2.164445370435714722e-01
2.161052376031875610e-01
2.181886881589889526e-01
2.225700467824935913e-01
2.250858992338180542e-01
2.173098474740982056e-01
2.095342129468917847e-01
2.058898657560348511e-01
2.042307853698730469e-01
2.024443894624710083e-01
1.967119872570037842e-01
1.914776414632797241e-01
1.835003793239593506e-01
1.704149097204208374e-01
1.565389782190322876e-01
1.453617662191390991e-01
1.350858062505722046e-01
1.260398179292678833e-01
1.105823665857315063e-01
9.610651433467864990e-02
8.188290894031524658e-02
6.763066351413726807e-02
5.407093465328216553e-02
4.722379148006439209e-02
4.461763799190521240e-02
4.496501386165618896e-02
5.220200121402740479e-02
5.945478379726409912e-02
6.847085058689117432e-02
7.750187814235687256e-02
8.679093420505523682e-02
9.862543642520904541e-02
1.108940094709396362e-01
1.178149133920669556e-01
1.205777972936630249e-01
1.242201775312423706e-01
1.278626173734664917e-01
1.265839785337448120e-01
1.258129924535751343e-01
1.238280981779098511e-01
1.217999309301376343e-01
1.205368787050247192e-01
1.204953640699386597e-01
1.204614788293838501e-01
1.216694265604019165e-01
1.221442967653274536e-01
1.202350705862045288e-01
1.170518547296524048e-01
1.151453107595443726e-01
1.152379661798477173e-01
1.192200630903244019e-01
1.232020109891891479e-01
1.301444023847579956e-01
1.397185176610946655e-01
1.464537829160690308e-01
1.483885496854782104e-01
1.445373743772506714e-01
1.425607651472091675e-01
1.451154202222824097e-01
1.486774533987045288e-01
1.528527587652206421e-01
1.679119318723678589e-01
1.812205165624618530e-01
1.943458765745162964e-01
2.060963362455368042e-01
2.091265767812728882e-01
2.111432403326034546e-01
2.096646279096603394e-01
2.077312320470809937e-01
2.065026015043258667e-01
2.044654935598373413e-01
2.025831788778305054e-01
2.005955427885055542e-01
1.984435766935348511e-01
1.928527206182479858e-01
1.856107562780380249e-01
1.781994551420211792e-01
1.707876771688461304e-01
1.632526963949203491e-01
1.554983705282211304e-01
1.483702510595321655e-01
1.450098603963851929e-01
1.405914872884750366e-01
1.356679052114486694e-01
1.306557506322860718e-01
1.290079206228256226e-01
1.284344643354415894e-01
1.300489157438278198e-01
1.331129521131515503e-01
1.373714655637741089e-01
1.426529139280319214e-01
1.456606239080429077e-01
1.484837979078292847e-01
1.505229324102401733e-01
1.525532454252243042e-01
1.545836776494979858e-01
1.566139906644821167e-01
1.586437672376632690e-01
1.600519865751266479e-01
1.570507735013961792e-01
1.529995650053024292e-01
1.468668431043624878e-01
1.418804377317428589e-01
1.370321959257125854e-01
1.278771609067916870e-01
1.189161986112594604e-01
1.099551171064376831e-01
1.009939163923263550e-01
1.626795381307601929e-01
1.680005639791488647e-01
1.732530444860458374e-01
1.767956465482711792e-01
1.784975975751876831e-01
1.813301295042037964e-01
1.856254786252975464e-01
1.873215287923812866e-01
1.893186420202255249e-01
1.913156360387802124e-01
1.933120340108871460e-01
1.951912492513656616e-01
1.967064887285232544e-01
1.980944722890853882e-01
1.993684023618698120e-01
2.006423622369766235e-01
2.040453702211380005e-01
2.083584517240524292e-01
2.126720994710922241e-01
2.156727761030197144e-01
2.162654250860214233e-01
2.174295932054519653e-01
2.179300934076309204e-01
2.202503830194473267e-01
2.242631763219833374e-01
2.251190394163131714e-01
2.174168080091476440e-01
2.096408456563949585e-01
2.060262709856033325e-01
2.043672949075698853e-01
1.998193413019180298e-01
1.933383494615554810e-01
1.867705136537551880e-01
1.751319915056228638e-01
1.605384498834609985e-01
1.449368596076965332e-01
1.331235319375991821e-01
1.271115690469741821e-01
1.193158775568008423e-01
1.085029691457748413e-01
9.438593685626983643e-02
8.081196248531341553e-02
6.723789870738983154e-02
5.485625565052032471e-02
4.814608395099639893e-02
4.390533268451690674e-02
4.357860982418060303e-02
4.804088175296783447e-02
5.562703311443328857e-02
6.464321911334991455e-02
7.372470200061798096e-02
8.505077660083770752e-02
9.692923724651336670e-02
1.082740575075149536e-01
1.145561486482620239e-01
1.154697984457015991e-01
1.162526160478591919e-01
1.144197732210159302e-01
1.130183488130569458e-01
1.122030764818191528e-01
1.101748496294021606e-01
1.081467717885971069e-01
1.061186343431472778e-01
1.039898544549942017e-01
1.023351997137069702e-01
1.023096293210983276e-01
1.035745888948440552e-01
1.040460616350173950e-01
1.037305146455764771e-01
1.015483886003494263e-01
1.042016893625259399e-01
1.077643781900405884e-01
1.131203025579452515e-01
1.228009313344955444e-01
1.320990175008773804e-01
1.399003416299819946e-01
1.429752558469772339e-01
1.403721421957015991e-01
1.392184942960739136e-01
1.399171203374862671e-01
1.451200693845748901e-01
1.525351256132125854e-01
1.700469702482223511e-01
1.838275641202926636e-01
1.963680237531661987e-01
2.070404738187789917e-01
2.107925266027450562e-01
2.132267206907272339e-01
2.133665531873703003e-01
2.118036001920700073e-01
2.092402428388595581e-01
2.078829258680343628e-01
2.064816206693649292e-01
2.039097398519515991e-01
1.982996314764022827e-01
1.935482472181320190e-01
1.887972205877304077e-01
1.822157949209213257e-01
1.753211468458175659e-01
1.684264987707138062e-01
1.614872068166732788e-01
1.577094644308090210e-01
1.549224108457565308e-01
1.517467945814132690e-01
1.475170701742172241e-01
1.427507847547531128e-01
1.399514526128768921e-01
1.383808106184005737e-01
1.396356076002120972e-01
1.419072598218917847e-01
1.455479115247726440e-01
1.499334424734115601e-01
1.517762988805770874e-01
1.545999497175216675e-01
1.571163386106491089e-01
1.591471880674362183e-01
1.611770242452621460e-01
1.632073372602462769e-01
1.652374714612960815e-01
1.672683209180831909e-01
1.684966534376144409e-01
1.670345515012741089e-01
1.613704413175582886e-01
1.553254574537277222e-01
1.499247997999191284e-01
1.390941590070724487e-01
1.297419518232345581e-01
1.207811087369918823e-01
1.118205040693283081e-01
1.544363349676132202e-01
1.599859446287155151e-01
1.654033511877059937e-01
1.674474924802780151e-01
1.701761931180953979e-01
1.761290282011032104e-01
1.793790608644485474e-01
1.813756376504898071e-01
1.833724826574325562e-01
1.851041764020919800e-01
1.863783448934555054e-01
1.876523941755294800e-01
1.889265030622482300e-01
1.902003437280654907e-01
1.914745420217514038e-01
1.924695223569869995e-01
1.967829912900924683e-01
2.010961920022964478e-01
2.054097801446914673e-01
2.120273858308792114e-01
2.167982310056686401e-01
2.179151624441146851e-01
2.194537073373794556e-01
2.223122268915176392e-01
2.240058928728103638e-01
2.250352948904037476e-01
2.173430770635604858e-01
2.096509188413619995e-01
2.061493247747421265e-01
2.024985700845718384e-01
1.951543837785720825e-01
1.871903091669082642e-01
1.795823425054550171e-01
1.641303151845932007e-01
1.487074345350265503e-01
1.360915750265121460e-01
1.273753196001052856e-01
1.200284510850906372e-01
1.123766750097274780e-01
1.038509458303451538e-01
9.266562759876251221e-02
7.909141480922698975e-02
6.649957597255706787e-02
5.647839605808258057e-02
4.900296032428741455e-02
4.466105997562408447e-02
4.321037232875823975e-02
4.430572688579559326e-02
5.060781538486480713e-02
5.916495621204376221e-02
7.101352512836456299e-02
8.287949860095977783e-02
9.539623558521270752e-02
1.063264459371566772e-01
1.121747344732284546e-01
1.122830659151077271e-01
1.087577193975448608e-01
1.037934273481369019e-01
9.945417940616607666e-02
9.855003654956817627e-02
9.652166068553924561e-02
9.449361264705657959e-02
9.246553480625152588e-02
9.043757617473602295e-02
8.836652338504791260e-02
8.598266541957855225e-02
8.421461284160614014e-02
8.547966182231903076e-02
8.546821773052215576e-02
8.798994123935699463e-02
9.319813549518585205e-02
9.718762338161468506e-02
1.053725928068161011e-01
1.147186905145645142e-01
1.238876432180404663e-01
1.327320188283920288e-01
1.355236023664474487e-01
1.376123279333114624e-01
1.369749754667282104e-01
1.378632634878158569e-01
1.441475003957748413e-01
1.549673527479171753e-01
1.734657734632492065e-01
1.900054663419723511e-01
2.046412676572799683e-01
2.131367176771163940e-01
2.193325012922286987e-01
2.226064652204513550e-01
2.247878760099411011e-01
2.241183966398239136e-01
2.216364592313766479e-01
2.187450975179672241e-01
2.165021151304244995e-01
2.092834562063217163e-01
2.022346705198287964e-01
1.974835246801376343e-01
1.925415247678756714e-01
1.873893588781356812e-01
1.804946511983871460e-01
1.735998839139938354e-01
1.667051762342453003e-01
1.670492738485336304e-01
1.646790951490402222e-01
1.617228239774703979e-01
1.586263030767440796e-01
1.544425934553146362e-01
1.508945673704147339e-01
1.493241041898727417e-01
1.492218822240829468e-01
1.508363932371139526e-01
1.542828530073165894e-01
1.571764200925827026e-01
1.578925102949142456e-01
1.607162803411483765e-01
1.635398119688034058e-01
1.657408326864242554e-01
1.677711457014083862e-01
1.698012799024581909e-01
1.718316525220870972e-01
1.738616675138473511e-01
1.758919209241867065e-01
1.763987988233566284e-01
1.741646975278854370e-01
1.688983887434005737e-01
1.626252382993698120e-01
1.504180878400802612e-01
1.387627571821212769e-01
1.285965889692306519e-01
1.190182417631149292e-01
1.435339897871017456e-01
1.491283625364303589e-01
1.534588783979415894e-01
1.563836187124252319e-01
1.625852137804031372e-01
1.693233698606491089e-01
1.714200824499130249e-01
1.732208877801895142e-01
1.747945100069046021e-01
1.763683706521987915e-01
1.779418736696243286e-01
1.795154660940170288e-01
1.810322850942611694e-01
1.823064535856246948e-01
1.830942779779434204e-01
1.852069646120071411e-01
1.895202249288558960e-01
1.938339024782180786e-01
1.999572962522506714e-01
2.075540274381637573e-01
2.154830545186996460e-01
2.186910957098007202e-01
2.202297300100326538e-01
2.219279259443283081e-01
2.237224131822586060e-01
2.249516695737838745e-01
2.172595113515853882e-01
2.093681842088699341e-01
2.041109055280685425e-01
1.962318569421768188e-01
1.880658417940139771e-01
1.788886338472366333e-01
1.682209223508834839e-01
1.550498753786087036e-01
1.425464004278182983e-01
1.303663104772567749e-01
1.201969832181930542e-01
1.129452437162399292e-01
1.052934974431991577e-01
9.725655615329742432e-02
9.034730494022369385e-02
7.822521030902862549e-02
6.776247918605804443e-02
5.810056626796722412e-02
5.022917687892913818e-02
4.652057588100433350e-02
4.535607993602752686e-02
4.458232223987579346e-02
4.993085563182830811e-02
5.776150524616241455e-02
6.769971549510955811e-02
7.895223796367645264e-02
9.124474227428436279e-02
9.992544353008270264e-02
1.056906729936599731e-01
1.046126931905746460e-01
9.950219094753265381e-02
9.468720853328704834e-02
9.036676585674285889e-02
8.652047812938690186e-02
8.292059600353240967e-02
8.085225522518157959e-02
7.888112962245941162e-02
7.691012322902679443e-02
7.494981586933135986e-02
7.299883663654327393e-02
7.071603834629058838e-02
6.854446232318878174e-02
6.912814080715179443e-02
7.323934137821197510e-02
7.964815199375152588e-02
8.777789771556854248e-02
9.890533983707427979e-02
1.087898463010787964e-01
1.191959232091903687e-01
1.285869330167770386e-01
1.332245916128158569e-01
1.391088813543319702e-01
1.436387747526168823e-01
1.469426006078720093e-01
1.520556658506393433e-01
1.647530049085617065e-01
1.837266534566879272e-01
2.023718208074569702e-01
2.150343507528305054e-01
2.234838455915451050e-01
2.311814278364181519e-01
2.345573157072067261e-01
2.378274649381637573e-01
2.373046725988388062e-01
2.336506098508834839e-01
2.303773611783981323e-01
2.225401848554611206e-01
2.148086279630661011e-01
2.075860947370529175e-01
2.010926455259323120e-01
1.960189193487167358e-01
1.909448355436325073e-01
1.856679767370223999e-01
1.787732094526290894e-01
1.732717603445053101e-01
1.760288923978805542e-01
1.744845956563949585e-01
1.715281456708908081e-01
1.685718148946762085e-01
1.655065268278121948e-01
1.626595109701156616e-01
1.602670997381210327e-01
1.588085740804672241e-01
1.604227274656295776e-01
1.630771607160568237e-01
1.644199937582015991e-01
1.643410772085189819e-01
1.668324917554855347e-01
1.696562021970748901e-01
1.720656603574752808e-01
1.734789460897445679e-01
1.748913973569869995e-01
1.763036698102951050e-01
1.777166575193405151e-01
1.791291683912277222e-01
1.809881180524826050e-01
1.803569048643112183e-01
1.751834601163864136e-01
1.698401421308517456e-01
1.599233597517013550e-01
1.474004238843917847e-01
1.355376690626144409e-01
1.251755207777023315e-01
1.326989382505416870e-01
1.386452168226242065e-01
1.416442245244979858e-01
1.475544422864913940e-01
1.540205329656600952e-01
1.591172367334365845e-01
1.606912165880203247e-01
1.622646003961563110e-01
1.638384610414505005e-01
1.654119640588760376e-01
1.669859141111373901e-01
1.685591191053390503e-01
1.701328009366989136e-01
1.711056977510452271e-01
1.719734221696853638e-01
1.758377701044082642e-01
1.804507225751876831e-01
1.863795965909957886e-01
1.937774270772933960e-01
2.023425549268722534e-01
2.105181962251663208e-01
2.189207226037979126e-01
2.194336801767349243e-01
2.205084413290023804e-01
2.231546491384506226e-01
2.247759252786636353e-01
2.157769948244094849e-01
2.060396820306777954e-01
1.971519142389297485e-01
1.880126148462295532e-01
1.786652654409408569e-01
1.722223609685897827e-01
1.613316982984542847e-01
1.490011364221572876e-01
1.363851279020309448e-01
1.236470788717269897e-01
1.130184382200241089e-01
1.058621853590011597e-01
9.821014106273651123e-02
9.086601436138153076e-02
8.468289673328399658e-02
7.932500541210174561e-02
6.911270320415496826e-02
5.972270667552947998e-02
5.214013159275054932e-02
4.869653284549713135e-02
4.753197729587554932e-02
4.773445427417755127e-02
5.407784879207611084e-02
6.134389340877532959e-02
6.856219470500946045e-02
7.706727087497711182e-02
8.738963305950164795e-02
9.332667291164398193e-02
9.758265316486358643e-02
9.495837986469268799e-02
8.991967141628265381e-02
8.488588035106658936e-02
8.031170070171356201e-02
7.615651190280914307e-02
7.107789814472198486e-02
6.651474535465240479e-02
6.391038000583648682e-02
6.279696524143218994e-02
6.213895976543426514e-02
6.210319697856903076e-02
6.206731498241424561e-02
6.237868964672088623e-02
6.475134193897247314e-02
6.832627952098846436e-02
7.472901046276092529e-02
8.626817166805267334e-02
9.747309982776641846e-02
1.082389801740646362e-01
1.208172291517257690e-01
1.296139210462570190e-01
1.351254433393478394e-01
1.441089361906051636e-01
1.521318405866622925e-01
1.579155176877975464e-01
1.618276089429855347e-01
1.722850054502487183e-01
1.943356245756149292e-01
2.124415487051010132e-01
2.243215888738632202e-01
2.338308542966842651e-01
2.422687262296676636e-01
2.465082854032516479e-01
2.497824281454086304e-01
2.493443340063095093e-01
2.452852576971054077e-01
2.384319752454757690e-01
2.296452969312667847e-01
2.207200378179550171e-01
2.126538008451461792e-01
2.051114886999130249e-01
1.994956582784652710e-01
1.944219917058944702e-01
1.893481463193893433e-01
1.839471310377120972e-01
1.809990853071212769e-01
1.849516481161117554e-01
1.839750856161117554e-01
1.813341826200485229e-01
1.783777922391891479e-01
1.754212230443954468e-01
1.723860949277877808e-01
1.712106913328170776e-01
1.690249294042587280e-01
1.687767356634140015e-01
1.700206249952316284e-01
1.694119423627853394e-01
1.684987992048263550e-01
1.692458242177963257e-01
1.713032573461532593e-01
1.732942312955856323e-01
1.748243421316146851e-01
1.760218590497970581e-01
1.772195547819137573e-01
1.784174889326095581e-01
1.797439306974411011e-01
1.814731806516647339e-01
1.827095001935958862e-01
1.793846338987350464e-01
1.738257855176925659e-01
1.648372858762741089e-01
1.519582718610763550e-01
1.399804800748825073e-01
1.291528195142745972e-01
1.297383159399032593e-01
1.333065479993820190e-01
1.384708732366561890e-01
1.437881439924240112e-01
1.495623439550399780e-01
1.522309631109237671e-01
1.531082242727279663e-01
1.539861708879470825e-01
1.548640877008438110e-01
1.557413190603256226e-01
1.566195935010910034e-01
1.575935631990432739e-01
1.584611386060714722e-01
1.593292206525802612e-01
1.609001606702804565e-01
1.655129641294479370e-01
1.709478944540023804e-01
1.779419928789138794e-01
1.866295188665390015e-01
1.947924047708511353e-01
2.031953483819961548e-01
2.110137790441513062e-01
2.148076444864273071e-01
2.162706702947616577e-01
2.184394448995590210e-01
2.192498296499252319e-01
2.097049504518508911e-01
1.978285759687423706e-01
1.874248832464218140e-01
1.802645474672317505e-01
1.732422858476638794e-01
1.667226105928421021e-01
1.548145264387130737e-01
1.422360688447952271e-01
1.295814067125320435e-01
1.169268935918807983e-01
1.058400720357894897e-01
9.869135916233062744e-02
9.112726151943206787e-02
8.496661484241485596e-02
8.094955980777740479e-02
7.740201056003570557e-02
7.046283781528472900e-02
6.134493649005889893e-02
5.414535105228424072e-02
5.087681114673614502e-02
5.157755315303802490e-02
5.335380136966705322e-02
5.847842991352081299e-02
6.582142412662506104e-02
7.307662069797515869e-02
8.093900978565216064e-02
8.635301887989044189e-02
8.856274187564849854e-02
8.785353600978851318e-02
8.712406456470489502e-02
8.344505727291107178e-02
7.964853942394256592e-02
7.628010213375091553e-02
7.327432930469512939e-02
6.940577924251556396e-02
6.553708016872406006e-02
6.166832149028778076e-02
5.779983103275299072e-02
5.663992464542388916e-02
5.563102662563323975e-02
5.547158420085906982e-02
5.912272632122039795e-02
6.219340860843658447e-02
6.672684848308563232e-02
7.502101361751556396e-02
8.637009561061859131e-02
9.504346549510955811e-02
1.066671460866928101e-01
1.187037080526351929e-01
1.274680942296981812e-01
1.376595944166183472e-01
1.499470919370651245e-01
1.594908088445663452e-01
1.666329950094223022e-01
1.725480407476425171e-01
1.821961253881454468e-01
2.040642350912094116e-01
2.195882648229598999e-01
2.323679178953170776e-01
2.434947937726974487e-01
2.526159286499023438e-01
2.584590315818786621e-01
2.614076733589172363e-01
2.606882452964782715e-01
2.538676857948303223e-01
2.448659390211105347e-01
2.355901449918746948e-01
2.262653559446334839e-01
2.169407457113265991e-01
2.086477726697921753e-01
2.013759464025497437e-01
1.959372013807296753e-01
1.906480044126510620e-01
1.853591650724411011e-01
1.857747286558151245e-01
1.900896281003952026e-01
1.887917965650558472e-01
1.856906861066818237e-01
1.819017380475997925e-01
1.781126111745834351e-01
1.743234843015670776e-01
1.724133938550949097e-01
1.709709018468856812e-01
1.691506356000900269e-01
1.699321717023849487e-01
1.676301807165145874e-01
1.658846586942672729e-01
1.652892082929611206e-01
1.672801822423934937e-01
1.692710965871810913e-01
1.712622493505477905e-01
1.724764555692672729e-01
1.736742705106735229e-01
1.748717278242111206e-01
1.764132231473922729e-01
1.781422346830368042e-01
1.798714846372604370e-01
1.801276654005050659e-01
1.746408194303512573e-01
1.671159714460372925e-01
1.540279835462570190e-01
1.410375088453292847e-01
1.289550513029098511e-01
1.267360299825668335e-01
1.318548172712326050e-01
1.370201557874679565e-01
1.427944153547286987e-01
1.485683768987655640e-01
1.496630758047103882e-01
1.505404561758041382e-01
1.514183431863784790e-01
1.522962898015975952e-01
1.531743854284286499e-01
1.539270132780075073e-01
1.540993005037307739e-01
1.542710810899734497e-01
1.544430106878280640e-01
1.567700356245040894e-01
1.610146313905715942e-01
1.673004478216171265e-01
1.749008446931838989e-01
1.825204640626907349e-01
1.901852339506149292e-01
1.978920549154281616e-01
2.022661417722702026e-01
2.063271850347518921e-01
2.093099802732467651e-01
2.101376205682754517e-01
2.108209282159805298e-01
2.010422497987747192e-01
1.883081644773483276e-01
1.794849485158920288e-01
1.719934195280075073e-01
1.650300770998001099e-01
1.571974605321884155e-01
1.448422521352767944e-01
1.324874013662338257e-01
1.201320439577102661e-01
1.077770739793777466e-01
9.661369025707244873e-02
8.984918892383575439e-02
8.323095738887786865e-02
7.981489598751068115e-02
7.708446681499481201e-02
7.391373813152313232e-02
7.074268162250518799e-02
6.366060674190521240e-02
5.740712583065032959e-02
5.655257403850555420e-02
5.831591784954071045e-02
6.172053515911102295e-02
6.677867472171783447e-02
7.535891234874725342e-02
8.398903906345367432e-02
9.258224070072174072e-02
9.679634869098663330e-02
9.400220215320587158e-02
9.123377501964569092e-02
8.934782445430755615e-02
8.490039408206939697e-02
8.117993175983428955e-02
7.777981460094451904e-02
7.468678057193756104e-02
7.081817090511322021e-02
6.694941222667694092e-02
6.308101117610931396e-02
5.909417569637298584e-02
5.501018464565277100e-02
5.167882144451141357e-02
5.355404317378997803e-02
5.607973039150238037e-02
5.944444239139556885e-02
6.382356584072113037e-02
7.182346284389495850e-02
8.309207856655120850e-02
9.123711287975311279e-02
1.011757701635360718e-01
1.108602732419967651e-01
1.193888634443283081e-01
1.332151144742965698e-01
1.471366137266159058e-01
1.601319164037704468e-01
1.701356619596481323e-01
1.766999810934066772e-01
1.888695210218429565e-01
2.057182043790817261e-01
2.223145812749862671e-01
2.349833697080612183e-01
2.470262497663497925e-01
2.574059963226318359e-01
2.649051547050476074e-01
2.670595049858093262e-01
2.651903033256530762e-01
2.554160952568054199e-01
2.460916489362716675e-01
2.366937249898910522e-01
2.267515510320663452e-01
2.168093770742416382e-01
2.068670839071273804e-01
1.979448646306991577e-01
1.909368485212326050e-01
1.848763078451156616e-01
1.789702028036117554e-01
1.821172684431076050e-01
1.883119195699691772e-01
1.880858391523361206e-01
1.853573769330978394e-01
1.815679520368576050e-01
1.777786463499069214e-01
1.739894598722457886e-01
1.703353375196456909e-01
1.707216948270797729e-01
1.693716496229171753e-01
1.691784113645553589e-01
1.653522700071334839e-01
1.629885882139205933e-01
1.620771735906600952e-01
1.632574051618576050e-01
1.652481406927108765e-01
1.672392338514328003e-01
1.689310520887374878e-01
1.701288670301437378e-01
1.713530272245407104e-01
1.730822771787643433e-01
1.748115271329879761e-01
1.765408962965011597e-01
1.776025742292404175e-01
1.754565685987472534e-01
1.693952530622482300e-01
1.563071459531784058e-01
1.432180851697921753e-01
1.301297396421432495e-01
1.251483410596847534e-01
1.302522867918014526e-01
1.360261887311935425e-01
1.418005675077438354e-01
1.462173312902450562e-01
1.470952481031417847e-01
1.479728668928146362e-01
1.488503068685531616e-01
1.497283428907394409e-01
1.503672450780868530e-01
1.505391746759414673e-01
1.507110446691513062e-01
1.508830636739730835e-01
1.510550528764724731e-01
1.548335701227188110e-01
1.609526723623275757e-01
1.681501120328903198e-01
1.761416047811508179e-01
1.835439950227737427e-01
1.912511438131332397e-01
1.958532780408859253e-01
1.989640444517135620e-01
2.014846056699752808e-01
2.065524607896804810e-01
2.089958041906356812e-01
2.103393524885177612e-01
1.991701573133468628e-01
1.854752451181411743e-01
1.756376177072525024e-01
1.674735099077224731e-01
1.604154258966445923e-01
1.500982493162155151e-01
1.371243149042129517e-01
1.241502910852432251e-01
1.111766248941421509e-01
9.823681414127349854e-02
8.708877861499786377e-02
8.113910257816314697e-02
7.747267186641693115e-02
7.627634704113006592e-02
7.494978606700897217e-02
7.280100882053375244e-02
7.065193355083465576e-02
7.021690905094146729e-02
6.846974790096282959e-02
6.836102902889251709e-02
7.068867981433868408e-02
7.468380033969879150e-02
7.915078103542327881e-02
8.718709647655487061e-02
9.601677954196929932e-02
1.035617142915725708e-01
1.017888039350509644e-01
9.887443482875823975e-02
9.575109183788299561e-02
9.262777864933013916e-02
8.520527184009552002e-02
7.892520725727081299e-02
7.476671040058135986e-02
7.137094438076019287e-02
6.728731095790863037e-02
6.320331990718841553e-02
5.911986529827117920e-02
5.503599345684051514e-02
5.095215141773223877e-02
4.915295541286468506e-02
4.881857335567474365e-02
5.109630525112152100e-02
5.551721155643463135e-02
6.015090644359588623e-02
6.779773533344268799e-02
7.598842680454254150e-02
8.437602221965789795e-02
9.472708404064178467e-02
1.046555489301681519e-01
1.132337898015975952e-01
1.246377080678939819e-01
1.381441205739974976e-01
1.515443772077560425e-01
1.641921848058700562e-01
1.727028340101242065e-01
1.895027011632919312e-01
2.032772749662399292e-01
2.195492833852767944e-01
2.351201623678207397e-01
2.480478733777999878e-01
2.592274546623229980e-01
2.679898142814636230e-01
2.698096036911010742e-01
2.627466320991516113e-01
2.530854940414428711e-01
2.431434243917465210e-01
2.332012504339218140e-01
2.232591360807418823e-01
2.133168429136276245e-01
2.033749073743820190e-01
1.934326142072677612e-01
1.845662444829940796e-01
1.783723682165145874e-01
1.723076552152633667e-01
1.780086010694503784e-01
1.847999542951583862e-01
1.873685568571090698e-01
1.850237101316452026e-01
1.812347620725631714e-01
1.774458140134811401e-01
1.736563891172409058e-01
1.698673218488693237e-01
1.684117764234542847e-01
1.693307012319564819e-01
1.676923483610153198e-01
1.632358282804489136e-01
1.605843752622604370e-01
1.591807454824447632e-01
1.592337340116500854e-01
1.612251251935958862e-01
1.632161587476730347e-01
1.652069538831710815e-01
1.665831059217453003e-01
1.680224388837814331e-01
1.697510927915573120e-01
1.714809387922286987e-01
1.732099503278732300e-01
1.747837513685226440e-01
1.748309582471847534e-01
1.707135885953903198e-01
1.585857123136520386e-01
1.454974859952926636e-01
1.324089020490646362e-01
1.234837025403976440e-01
1.292582005262374878e-01
1.350324600934982300e-01
1.408063024282455444e-01
1.436493843793869019e-01
1.445272415876388550e-01
1.454050987958908081e-01
1.462825387716293335e-01
1.468070894479751587e-01
1.469789594411849976e-01
1.471510380506515503e-01
1.473229080438613892e-01
1.474070399999618530e-01
1.486774832010269165e-01
1.540869325399398804e-01
1.606653779745101929e-01
1.684420853853225708e-01
1.760541647672653198e-01
1.830131560564041138e-01
1.873049587011337280e-01
1.892909556627273560e-01
1.914750784635543823e-01
1.943522542715072632e-01
2.006932348012924194e-01
2.083576172590255737e-01
2.078432887792587280e-01
1.956114619970321655e-01
1.821490079164505005e-01
1.725540906190872192e-01
1.652654856443405151e-01
1.599918454885482788e-01
1.487834304571151733e-01
1.368313878774642944e-01
1.248797029256820679e-01
1.129277795553207397e-01
1.009758859872817993e-01
8.951108157634735107e-02
8.544512093067169189e-02
8.247084915637969971e-02
8.078135550022125244e-02
7.910417020320892334e-02
7.636667788028717041e-02
7.427187263965606689e-02
7.667575776576995850e-02
7.916940748691558838e-02
7.836489379405975342e-02
7.923676073551177979e-02
8.297477662563323975e-02
8.743549883365631104e-02
9.416760504245758057e-02
1.023790091276168823e-01
1.043902188539505005e-01
1.015665084123611450e-01
9.874235093593597412e-02
9.591840207576751709e-02
9.309445321559906006e-02
8.694337308406829834e-02
7.904262840747833252e-02
7.166270911693572998e-02
6.618551909923553467e-02
6.235434114933013916e-02
5.857001245021820068e-02
5.478595197200775146e-02
5.097816884517669678e-02
4.836378991603851318e-02
4.803000390529632568e-02
4.832203686237335205e-02
5.029897391796112061e-02
5.189071595668792725e-02
5.785970389842987061e-02
6.475515663623809814e-02
7.158367335796356201e-02
7.951037585735321045e-02
9.130065143108367920e-02
1.014785617589950562e-01
1.110699623823165894e-01
1.213072985410690308e-01
1.324235647916793823e-01
1.440417021512985229e-01
1.549895256757736206e-01
1.624566763639450073e-01
1.774246543645858765e-01
1.931789964437484741e-01
2.100041955709457397e-01
2.278474420309066772e-01
2.405039519071578979e-01
2.520281672477722168e-01
2.619427442550659180e-01
2.624919414520263672e-01
2.553760409355163574e-01
2.476445287466049194e-01
2.383803576231002808e-01
2.291162461042404175e-01
2.197667807340621948e-01
2.098247259855270386e-01
1.998824924230575562e-01
1.899402588605880737e-01
1.799980849027633667e-01
1.720018237829208374e-01
1.672708243131637573e-01
1.739004105329513550e-01
1.806913465261459351e-01
1.852483004331588745e-01
1.846901625394821167e-01
1.809008568525314331e-01
1.771117299795150757e-01
1.733229607343673706e-01
1.695338934659957886e-01
1.662381738424301147e-01
1.670600622892379761e-01
1.655883640050888062e-01
1.617503017187118530e-01
1.583061665296554565e-01
1.562853306531906128e-01
1.553737372159957886e-01
1.572024077177047729e-01
1.591929644346237183e-01
1.611836403608322144e-01
1.630378216505050659e-01
1.646910160779953003e-01
1.664205044507980347e-01
1.681496351957321167e-01
1.698786467313766479e-01
1.716087311506271362e-01
1.724958866834640503e-01
1.707222908735275269e-01
1.608648747205734253e-01
1.477764099836349487e-01
1.346877068281173706e-01
1.195132583379745483e-01
1.250723451375961304e-01
1.306316107511520386e-01
1.361905783414840698e-01
1.372443288564682007e-01
1.379073113203048706e-01
1.385698765516281128e-01
1.387644857168197632e-01
1.387216597795486450e-01
1.386780887842178345e-01
1.386351436376571655e-01
1.385917216539382935e-01
1.385483592748641968e-01
1.424843519926071167e-01
1.487071365118026733e-01
1.565586179494857788e-01
1.644227951765060425e-01
1.702245622873306274e-01
1.751328259706497192e-01
1.767329424619674683e-01
1.808383613824844360e-01
1.856770962476730347e-01
1.905159503221511841e-01
1.978384107351303101e-01
2.056235522031784058e-01
2.088911682367324829e-01
1.975690573453903198e-01
1.854144185781478882e-01
1.767861098051071167e-01
1.712457090616226196e-01
1.645734161138534546e-01
1.528640240430831909e-01
1.410857886075973511e-01
1.291339248418807983e-01
1.171816736459732056e-01
1.053153723478317261e-01
9.549684822559356689e-02
9.231095016002655029e-02
8.977885544300079346e-02
8.810125291347503662e-02
8.642412722110748291e-02
8.513973653316497803e-02
8.520404994487762451e-02
8.834005892276763916e-02
9.419344365596771240e-02
9.535948932170867920e-02
9.587661921977996826e-02
9.964768588542938232e-02
1.034183949232101440e-01
1.077216714620590210e-01
1.121411174535751343e-01
1.097782403230667114e-01
1.062585264444351196e-01
1.027385443449020386e-01
9.921871125698089600e-02
9.569869935512542725e-02
8.999060094356536865e-02
8.139403164386749268e-02
7.309909164905548096e-02
6.489439308643341064e-02
5.674616992473602295e-02
5.145005881786346436e-02
4.766575992107391357e-02
4.453648626804351807e-02
4.450158774852752686e-02
4.492036998271942139e-02
4.704050719738006592e-02
4.931716620922088623e-02
5.164490640163421631e-02
5.649398267269134521e-02
5.963896214962005615e-02
6.549654901027679443e-02
7.484601438045501709e-02
8.749173581600189209e-02
9.704129397869110107e-02
1.070545762777328491e-01
1.163240522146224976e-01
1.267818063497543335e-01
1.382517069578170776e-01
1.454352587461471558e-01
1.498712152242660522e-01
1.625432819128036499e-01
1.784184426069259644e-01
1.955312341451644897e-01
2.153763025999069214e-01
2.322036474943161011e-01
2.438583821058273315e-01
2.501625418663024902e-01
2.520872354507446289e-01
2.461538761854171753e-01
2.396738380193710327e-01
2.304100245237350464e-01
2.211459130048751831e-01
2.118818014860153198e-01
2.026178687810897827e-01
1.933534592390060425e-01
1.840893477201461792e-01
1.748255342245101929e-01
1.655610054731369019e-01
1.631305664777755737e-01
1.699575632810592651e-01
1.765825599431991577e-01
1.824287027120590210e-01
1.831118315458297729e-01
1.805676668882369995e-01
1.767783015966415405e-01
1.729896515607833862e-01
1.692004650831222534e-01
1.654113978147506714e-01
1.643617600202560425e-01
1.633803099393844604e-01
1.592663973569869995e-01
1.560284346342086792e-01
1.535388678312301636e-01
1.524776667356491089e-01
1.531793326139450073e-01
1.551700085401535034e-01
1.571609228849411011e-01
1.592908352613449097e-01
1.613604277372360229e-01
1.630894392728805542e-01
1.648188084363937378e-01
1.665486544370651245e-01
1.682781428098678589e-01
1.696765869855880737e-01
1.691471785306930542e-01
1.629406660795211792e-01
1.500549763441085815e-01
1.369667500257492065e-01
1.130488961935043335e-01
1.186080425977706909e-01
1.241671890020370483e-01
1.285437792539596558e-01
1.292064636945724487e-01
1.298690289258956909e-01
1.299961060285568237e-01
1.300299614667892456e-01
1.300637573003768921e-01
1.300974339246749878e-01
1.301313191652297974e-01
1.306291073560714722e-01
1.330913454294204712e-01
1.404763311147689819e-01
1.492681950330734253e-01
1.572726219892501831e-01
1.647710651159286499e-01
1.704625934362411499e-01
1.748066097497940063e-01
1.794783324003219604e-01
1.843172460794448853e-01
1.891023069620132446e-01
1.934276670217514038e-01
2.003519684076309204e-01
2.050968557596206665e-01
2.088383287191390991e-01
2.013377994298934937e-01
1.889687031507492065e-01
1.821344047784805298e-01
1.771890074014663696e-01
1.685204356908798218e-01
1.568108946084976196e-01
1.451011747121810913e-01
1.333879679441452026e-01
1.214359253644943237e-01
1.114116758108139038e-01
1.028215736150741577e-01
9.917666018009185791e-02
9.703807532787322998e-02
9.542118012905120850e-02
9.530471265316009521e-02
9.568803012371063232e-02
9.631310403347015381e-02
1.003838032484054565e-01
1.063274294137954712e-01
1.122352927923202515e-01
1.125598698854446411e-01
1.163206845521926880e-01
1.199711710214614868e-01
1.210024207830429077e-01
1.214639991521835327e-01
1.179441362619400024e-01
1.144242435693740845e-01
1.109043806791305542e-01
1.073845475912094116e-01
1.038645952939987183e-01
9.929560124874114990e-02
9.069903194904327393e-02
8.237229287624359131e-02
7.412908971309661865e-02
6.537006795406341553e-02
5.630730092525482178e-02
4.745166003704071045e-02
4.515771567821502686e-02
4.409341514110565186e-02
4.473988711833953857e-02
4.570303857326507568e-02
4.666619002819061279e-02
4.934717714786529541e-02
5.244763195514678955e-02
5.314318835735321045e-02
5.656407773494720459e-02
6.620715558528900146e-02
7.861141860485076904e-02
8.817867934703826904e-02
9.900651872158050537e-02
1.105982512235641479e-01
1.214002817869186401e-01
1.320280283689498901e-01
1.376863569021224976e-01
1.386499851942062378e-01
1.508142203092575073e-01
1.641483157873153687e-01
1.801488846540451050e-01
1.991526931524276733e-01
2.192340940237045288e-01
2.303921431303024292e-01
2.379396408796310425e-01
2.403365224599838257e-01
2.361535280942916870e-01
2.311794012784957886e-01
2.224393337965011597e-01
2.131754606962203979e-01
2.039112299680709839e-01
1.946471184492111206e-01
1.853831261396408081e-01
1.761189550161361694e-01
1.668550223112106323e-01
1.575906723737716675e-01
1.554295271635055542e-01
1.620176881551742554e-01
1.691978424787521362e-01
1.768407672643661499e-01
1.786195486783981323e-01
1.780733317136764526e-01
1.757111996412277222e-01
1.726003140211105347e-01
1.688669174909591675e-01
1.650778502225875854e-01
1.621880382299423218e-01
1.591220945119857788e-01
1.558731645345687866e-01
1.532478779554367065e-01
1.512604802846908569e-01
1.495818346738815308e-01
1.491558998823165894e-01
1.511469334363937378e-01
1.531378477811813354e-01
1.554819792509078979e-01
1.580054014921188354e-01
1.597587317228317261e-01
1.614883393049240112e-01
1.632172316312789917e-01
1.649470776319503784e-01
1.666762083768844604e-01
1.673891991376876831e-01
1.628604382276535034e-01
1.523343771696090698e-01
1.392457932233810425e-01
1.067867130041122437e-01
1.124228686094284058e-01
1.181614845991134644e-01
1.221952289342880249e-01
1.241726130247116089e-01
1.254523843526840210e-01
1.267231553792953491e-01
1.279943436384201050e-01
1.292655915021896362e-01
1.305367797613143921e-01
1.318075805902481079e-01
1.333035081624984741e-01
1.388672441244125366e-01
1.464898437261581421e-01
1.539690047502517700e-01
1.609195321798324585e-01
1.689698547124862671e-01
1.738592237234115601e-01
1.781183928251266479e-01
1.829567402601242065e-01
1.876363009214401245e-01
1.918354779481887817e-01
1.958581358194351196e-01
2.004624754190444946e-01
2.042035907506942749e-01
2.069603651762008667e-01
2.023356705904006958e-01
1.935587972402572632e-01
1.872181147336959839e-01
1.829918175935745239e-01
1.724520772695541382e-01
1.607576459646224976e-01
1.490479558706283569e-01
1.373385041952133179e-01
1.272648721933364868e-01
1.187364012002944946e-01
1.101462990045547485e-01
1.060423702001571655e-01
1.042625755071640015e-01
1.047429293394088745e-01
1.055188626050949097e-01
1.062461286783218384e-01
1.074220687150955200e-01
1.125176995992660522e-01
1.184612661600112915e-01
1.244050115346908569e-01
1.296010464429855347e-01
1.328512579202651978e-01
1.350295394659042358e-01
1.323361843824386597e-01
1.296298652887344360e-01
1.261098831892013550e-01
1.225899308919906616e-01
1.190699487924575806e-01
1.155502945184707642e-01
1.114604026079177856e-01
1.073230952024459839e-01
9.819866716861724854e-02
8.922295272350311279e-02
8.027468621730804443e-02
7.098887860774993896e-02
6.157056987285614014e-02
5.466477572917938232e-02
4.884903132915496826e-02
4.556004703044891357e-02
4.625527560710906982e-02
4.721806943416595459e-02
4.852254688739776611e-02
5.245696008205413818e-02
5.435179173946380615e-02
5.657015740871429443e-02
6.088046729564666748e-02
6.875954568386077881e-02
7.638196647167205811e-02
8.557473123073577881e-02
9.695409238338470459e-02
1.083122938871383667e-01
1.192084997892379761e-01
1.271969527006149292e-01
1.296142190694808960e-01
1.297501176595687866e-01
1.416100710630416870e-01
1.536188572645187378e-01
1.655396670103073120e-01
1.800467222929000854e-01
1.982558220624923706e-01
2.116370052099227905e-01
2.197980135679244995e-01
2.249062508344650269e-01
2.244321554899215698e-01
2.209596484899520874e-01
2.140085548162460327e-01
2.047454565763473511e-01
1.957645863294601440e-01
1.866762489080429077e-01
1.774123162031173706e-01
1.681485623121261597e-01
1.588842719793319702e-01
1.496201008558273315e-01
1.494811028242111206e-01
1.543281525373458862e-01
1.609580963850021362e-01
1.689722985029220581e-01
1.717384308576583862e-01
1.715656369924545288e-01
1.702750176191329956e-01
1.677881330251693726e-01
1.646774262189865112e-01
1.615665405988693237e-01
1.584556549787521362e-01
1.536230891942977905e-01
1.515467613935470581e-01
1.493887156248092651e-01
1.478323191404342651e-01
1.466855257749557495e-01
1.457739323377609253e-01
1.471238583326339722e-01
1.491512507200241089e-01
1.516741961240768433e-01
1.541966646909713745e-01
1.564283818006515503e-01
1.581567972898483276e-01
1.598866432905197144e-01
1.616158932447433472e-01
1.633451431989669800e-01
1.645700186491012573e-01
1.627486199140548706e-01
1.526855677366256714e-01
1.415245980024337769e-01
1.091757863759994507e-01
1.160492151975631714e-01
1.229227036237716675e-01
1.253600567579269409e-01
1.266308873891830444e-01
1.279024332761764526e-01
1.291733235120773315e-01
1.304443329572677612e-01
1.317155212163925171e-01
1.329866498708724976e-01
1.342578083276748657e-01
1.371828466653823853e-01
1.431863754987716675e-01
1.502029746770858765e-01
1.590247303247451782e-01
1.680731922388076782e-01
1.729380637407302856e-01
1.767580062150955200e-01
1.815971285104751587e-01
1.861707419157028198e-01
1.902434676885604858e-01
1.942283064126968384e-01
1.970686763525009155e-01
1.995694190263748169e-01
2.018901556730270386e-01
2.055287808179855347e-01
2.018901556730270386e-01
1.970102638006210327e-01
1.923021227121353149e-01
1.871090382337570190e-01
1.762578338384628296e-01
1.647045761346817017e-01
1.529948562383651733e-01
1.426306217908859253e-01
1.342824846506118774e-01
1.259346753358840942e-01
1.174711436033248901e-01
1.129533499479293823e-01
1.139305680990219116e-01
1.149574667215347290e-01
1.157334893941879272e-01
1.168082207441329956e-01
1.188909262418746948e-01
1.246514469385147095e-01
1.305954009294509888e-01
1.365388482809066772e-01
1.442044824361801147e-01
1.484881490468978882e-01
1.451780349016189575e-01
1.417771428823471069e-01
1.355619877576828003e-01
1.315069049596786499e-01
1.273696571588516235e-01
1.232322305440902710e-01
1.190945953130722046e-01
1.149573177099227905e-01
1.108198910951614380e-01
1.028346866369247437e-01
9.382699429988861084e-02
8.479146659374237061e-02
7.550553977489471436e-02
6.817923486232757568e-02
6.246884167194366455e-02
5.815748870372772217e-02
5.453763902187347412e-02
5.091802775859832764e-02
4.873354732990264893e-02
5.167411267757415771e-02
5.526389181613922119e-02
5.787520110607147217e-02
6.138013303279876709e-02
6.519715487957000732e-02
7.349579036235809326e-02
8.102522790431976318e-02
8.903895318508148193e-02
9.750525653362274170e-02
1.090166419744491577e-01
1.196775287389755249e-01
1.270413845777511597e-01
1.254752725362777710e-01
1.274446696043014526e-01
1.394533365964889526e-01
1.505330055952072144e-01
1.613560765981674194e-01
1.726128906011581421e-01
1.836265772581100464e-01
1.979150027036666870e-01
2.060770839452743530e-01
2.102509588003158569e-01
2.112374156713485718e-01
2.095798105001449585e-01
2.066669911146163940e-01
1.973016709089279175e-01
1.873423308134078979e-01
1.773833483457565308e-01
1.674238890409469604e-01
1.580055803060531616e-01
1.488741487264633179e-01
1.399094313383102417e-01
1.426236480474472046e-01
1.464699357748031616e-01
1.525324434041976929e-01
1.602316349744796753e-01
1.647137850522994995e-01
1.650574654340744019e-01
1.637670248746871948e-01
1.624765843152999878e-01
1.598657220602035522e-01
1.567550152540206909e-01
1.530822962522506714e-01
1.460386365652084351e-01
1.423920840024948120e-01
1.414411514997482300e-01
1.395704597234725952e-01
1.394010633230209351e-01
1.399686783552169800e-01
1.408695429563522339e-01
1.437898129224777222e-01
1.469902247190475464e-01
1.501915901899337769e-01
1.529111117124557495e-01
1.548262089490890503e-01
1.565559357404708862e-01
1.582850664854049683e-01
1.600141972303390503e-01
1.617435663938522339e-01
1.619719713926315308e-01
1.525742262601852417e-01
1.425103396177291870e-01
1.140197962522506714e-01
1.208932846784591675e-01
1.265388578176498413e-01
1.278099268674850464e-01
1.290808767080307007e-01
1.303524225950241089e-01
1.316230148077011108e-01
1.328942626714706421e-01
1.341653317213058472e-01
1.351997405290603638e-01
1.365760415792465210e-01
1.397106498479843140e-01
1.485189646482467651e-01
1.575557142496109009e-01
1.659863442182540894e-01
1.726803630590438843e-01
1.756447404623031616e-01
1.802369207143783569e-01
1.846289485692977905e-01
1.886513680219650269e-01
1.925014108419418335e-01
1.960191577672958374e-01
1.960979551076889038e-01
1.968200057744979858e-01
2.005708962678909302e-01
2.049097269773483276e-01
2.014443129301071167e-01
1.968643516302108765e-01
1.973862498998641968e-01
1.901550441980361938e-01
1.796242445707321167e-01
1.685166805982589722e-01
1.580955535173416138e-01
1.496479362249374390e-01
1.413000673055648804e-01
1.329523772001266479e-01
1.250358968973159790e-01
1.227984279394149780e-01
1.240497678518295288e-01
1.251445263624191284e-01
1.253030449151992798e-01
1.260491460561752319e-01
1.289618462324142456e-01
1.342881470918655396e-01
1.396142691373825073e-01
1.453216224908828735e-01
1.522089987993240356e-01
1.543768495321273804e-01
1.515782028436660767e-01
1.471775919198989868e-01
1.389257460832595825e-01
1.348143965005874634e-01
1.307604759931564331e-01
1.267065256834030151e-01
1.225915998220443726e-01
1.184541434049606323e-01
1.143166869878768921e-01
1.074704378843307495e-01
9.843112528324127197e-02
8.930836617946624756e-02
8.116729557514190674e-02
7.563079893589019775e-02
7.138375937938690186e-02
6.794284284114837646e-02
6.432317197322845459e-02
6.070347130298614502e-02
5.736039578914642334e-02
5.702362954616546631e-02
5.918072164058685303e-02
6.268529593944549561e-02
6.619004905223846436e-02
6.987355649471282959e-02
7.842569053173065186e-02
8.703826367855072021e-02
9.491197764873504639e-02
1.029258221387863159e-01
1.107012480497360229e-01
1.196726411581039429e-01
1.225348562002182007e-01
1.218257397413253784e-01
1.251734346151351929e-01
1.363075226545333862e-01
1.470890492200851440e-01
1.576304882764816284e-01
1.636920422315597534e-01
1.724731773138046265e-01
1.864822357892990112e-01
2.004668563604354858e-01
2.012484520673751831e-01
2.025080174207687378e-01
2.005982249975204468e-01
1.991705149412155151e-01
1.932333558797836304e-01
1.856492012739181519e-01
1.760848015546798706e-01
1.661255210638046265e-01
1.561665982007980347e-01
1.462072581052780151e-01
1.377828568220138550e-01
1.405214518308639526e-01
1.432599276304244995e-01
1.472343057394027710e-01
1.532690376043319702e-01
1.576240509748458862e-01
1.579499691724777222e-01
1.561372727155685425e-01
1.544506400823593140e-01
1.527638286352157593e-01
1.501361578702926636e-01
1.458301991224288940e-01
1.377804726362228394e-01
1.332824677228927612e-01
1.315513104200363159e-01
1.313897818326950073e-01
1.307278126478195190e-01
1.312921494245529175e-01
1.323254555463790894e-01
1.355035752058029175e-01
1.387036293745040894e-01
1.419051140546798706e-01
1.451058834791183472e-01
1.481768339872360229e-01
1.505840271711349487e-01
1.529915779829025269e-01
1.553991287946701050e-01
1.578071564435958862e-01
1.594630926847457886e-01
1.524621695280075073e-01
1.423989981412887573e-01
1.188637465238571167e-01
1.254026144742965698e-01
1.289884895086288452e-01
1.302594989538192749e-01
1.315306872129440308e-01
1.328015774488449097e-01
1.340728849172592163e-01
1.353054493665695190e-01
1.351993530988693237e-01
1.360869556665420532e-01
1.395245641469955444e-01
1.474577039480209351e-01
1.555162519216537476e-01
1.638158112764358521e-01
1.722848862409591675e-01
1.750672012567520142e-01
1.787926107645034790e-01
1.830366700887680054e-01
1.870594769716262817e-01
1.907747834920883179e-01
1.942923516035079956e-01
1.953349858522415161e-01
1.928343623876571655e-01
1.956126838922500610e-01
1.999513357877731323e-01
2.042901664972305298e-01
2.009990066289901733e-01
1.968776434659957886e-01
1.978226751089096069e-01
1.932011097669601440e-01
1.826702803373336792e-01
1.731647700071334839e-01
1.645258218050003052e-01
1.556739956140518188e-01
1.467089802026748657e-01
1.386155933141708374e-01
1.321037560701370239e-01
1.291722506284713745e-01
1.300757676362991333e-01
1.306901425123214722e-01
1.308753341436386108e-01
1.318833380937576294e-01
1.364264041185379028e-01
1.417527347803115845e-01
1.470790952444076538e-01
1.532252281904220581e-01
1.557692438364028931e-01
1.562939733266830444e-01
1.579687148332595825e-01
1.517879813909530640e-01
1.435361951589584351e-01
1.381204575300216675e-01
1.340666562318801880e-01
1.300127059221267700e-01
1.259587258100509644e-01
1.219046860933303833e-01
1.178135126829147339e-01
1.121062189340591431e-01
1.030353158712387085e-01
9.415520727634429932e-02
8.861853182315826416e-02
8.404223620891571045e-02
8.081652224063873291e-02
7.759140431880950928e-02
7.410876452922821045e-02
7.048897445201873779e-02
6.878189742565155029e-02
7.012768089771270752e-02
6.993030011653900146e-02
6.885211169719696045e-02
7.099978625774383545e-02
7.530228793621063232e-02
8.537797629833221436e-02
9.308187663555145264e-02
1.007860749959945679e-01
1.087990254163742065e-01
1.159124821424484253e-01
1.205256432294845581e-01
1.179900616407394409e-01
1.170587986707687378e-01
1.225449293851852417e-01
1.328632682561874390e-01
1.436446756124496460e-01
1.496563404798507690e-01
1.549787968397140503e-01
1.620429605245590210e-01
1.737861484289169312e-01
1.885993927717208862e-01
1.961010545492172241e-01
1.974982470273971558e-01
1.953102797269821167e-01
1.916040629148483276e-01
1.869927495718002319e-01
1.799208372831344604e-01
1.720608919858932495e-01
1.642367094755172729e-01
1.548681706190109253e-01
1.449088901281356812e-01
1.390382498502731323e-01
1.417769044637680054e-01
1.445147842168807983e-01
1.475879400968551636e-01
1.530387848615646362e-01
1.573532074689865112e-01
1.571599096059799194e-01
1.553113907575607300e-01
1.532683819532394409e-01
1.515819281339645386e-01
1.498951166868209839e-01
1.442119926214218140e-01
1.354663223028182983e-01
1.284321993589401245e-01
1.244355887174606323e-01
1.240724772214889526e-01
1.227103918790817261e-01
1.223347634077072144e-01
1.236013621091842651e-01
1.265769451856613159e-01
1.294694393873214722e-01
1.322740763425827026e-01
1.355442255735397339e-01
1.390449255704879761e-01
1.420999020338058472e-01
1.448071449995040894e-01
1.475145071744918823e-01
1.499973982572555542e-01
1.522379368543624878e-01
1.487302035093307495e-01
1.392376869916915894e-01
1.232589334249496460e-01
1.294265240430831909e-01
1.314381808042526245e-01
1.327094286680221558e-01
1.339805573225021362e-01
1.352517455816268921e-01
1.354276388883590698e-01
1.354942768812179565e-01
1.372596472501754761e-01
1.411807388067245483e-01
1.454650014638900757e-01
1.534767001867294312e-01
1.616452187299728394e-01
1.701143234968185425e-01
1.748465150594711304e-01
1.773682981729507446e-01
1.814449280500411987e-01
1.854673177003860474e-01
1.890478581190109253e-01
1.925657540559768677e-01
1.944840699434280396e-01
1.920124739408493042e-01
1.916618198156356812e-01
1.949934214353561401e-01
1.992294043302536011e-01
2.029507011175155640e-01
1.992339342832565308e-01
1.949354857206344604e-01
1.945721954107284546e-01
1.899380534887313843e-01
1.828057020902633667e-01
1.745935529470443726e-01
1.666800230741500854e-01
1.579306572675704956e-01
1.503708213567733765e-01
1.438586562871932983e-01
1.373466998338699341e-01
1.343155354261398315e-01
1.352187544107437134e-01
1.361223906278610229e-01
1.367095559835433960e-01
1.379353255033493042e-01
1.436994224786758423e-01
1.492176800966262817e-01
1.545436531305313110e-01
1.578335911035537720e-01
1.582546085119247437e-01
1.586760133504867554e-01
1.609075814485549927e-01
1.563982516527175903e-01
1.481465548276901245e-01
1.414266079664230347e-01
1.373725980520248413e-01
1.333189457654953003e-01
1.292649358510971069e-01
1.252109259366989136e-01
1.211570352315902710e-01
1.166722625494003296e-01
1.076276153326034546e-01
1.016064733266830444e-01
9.670038521289825439e-02
9.347485005855560303e-02
9.024949371814727783e-02
8.702413737773895264e-02
8.379875123500823975e-02
8.048649132251739502e-02
8.226250112056732178e-02
8.358506858348846436e-02
8.301036059856414795e-02
8.193217217922210693e-02
8.110330998897552490e-02
8.241765201091766357e-02
9.142176806926727295e-02
9.912590682506561279e-02
1.068299263715744019e-01
1.141787022352218628e-01
1.211240738630294800e-01
1.204666942358016968e-01
1.167427152395248413e-01
1.140194982290267944e-01
1.187730878591537476e-01
1.298951357603073120e-01
1.364147514104843140e-01
1.416824311017990112e-01
1.469502896070480347e-01
1.530244797468185425e-01
1.619680970907211304e-01
1.750953048467636108e-01
1.865504831075668335e-01
1.925560683012008667e-01
1.929460018873214722e-01
1.888961642980575562e-01
1.831322163343429565e-01
1.752363294363021851e-01
1.677056998014450073e-01
1.592436283826828003e-01
1.507822722196578979e-01
1.428665965795516968e-01
1.402933448553085327e-01
1.430319994688034058e-01
1.457704156637191772e-01
1.489373296499252319e-01
1.530876010656356812e-01
1.585969775915145874e-01
1.578959077596664429e-01
1.557708233594894409e-01
1.534939259290695190e-01
1.513190716505050659e-01
1.493336409330368042e-01
1.439876407384872437e-01
1.350710839033126831e-01
1.263019293546676636e-01
1.215140670537948608e-01
1.191332787275314331e-01
1.199717968702316284e-01
1.189966648817062378e-01
1.198610514402389526e-01
1.222495287656784058e-01
1.263748854398727417e-01
1.293131560087203979e-01
1.321171969175338745e-01
1.349217146635055542e-01
1.377263516187667847e-01
1.397701948881149292e-01
1.417808979749679565e-01
1.437923163175582886e-01
1.458031386137008667e-01
1.445718258619308472e-01
1.350629776716232300e-01
1.272826045751571655e-01
1.326172202825546265e-01
1.338881105184555054e-01
1.351592987775802612e-01
1.356556266546249390e-01
1.358428448438644409e-01
1.372411102056503296e-01
1.389156430959701538e-01
1.422248333692550659e-01
1.454775184392929077e-01
1.514377444982528687e-01
1.594745367765426636e-01
1.679433435201644897e-01
1.744669526815414429e-01
1.769056767225265503e-01
1.798524111509323120e-01
1.838034838438034058e-01
1.868721097707748413e-01
1.897722035646438599e-01
1.914259046316146851e-01
1.889151781797409058e-01
1.880044192075729370e-01
1.874281913042068481e-01
1.902199238538742065e-01
1.939408034086227417e-01
1.976619809865951538e-01
1.945446580648422241e-01
1.902799457311630249e-01
1.879178136587142944e-01
1.840478032827377319e-01
1.822369545698165894e-01
1.760406941175460815e-01
1.682543903589248657e-01
1.618928462266921997e-01
1.555433720350265503e-01
1.491016894578933716e-01
1.425892263650894165e-01
1.394579261541366577e-01
1.403616517782211304e-01
1.412654668092727661e-01
1.423995345830917358e-01
1.445184797048568726e-01
1.508306115865707397e-01
1.566827148199081421e-01
1.599798351526260376e-01
1.603193730115890503e-01
1.607404798269271851e-01
1.611615568399429321e-01
1.612707525491714478e-01
1.596837192773818970e-01
1.527568548917770386e-01
1.447331458330154419e-01
1.406789571046829224e-01
1.366251856088638306e-01
1.325710266828536987e-01
1.285171061754226685e-01
1.244633048772811890e-01
1.204092651605606079e-01
1.144175082445144653e-01
1.093312948942184448e-01
1.061230748891830444e-01
1.029078215360641479e-01
9.968243539333343506e-02
9.645704925060272217e-02
9.323154389858245850e-02
9.404449164867401123e-02
9.651954472064971924e-02
9.663455188274383545e-02
9.609012305736541748e-02
9.531162679195404053e-02
9.551273286342620850e-02
9.758357703685760498e-02
1.016148179769515991e-01
1.054711192846298218e-01
1.127869337797164917e-01
1.194223016500473022e-01
1.236876100301742554e-01
1.199631541967391968e-01
1.158648580312728882e-01
1.123328655958175659e-01
1.190901249647140503e-01
1.251028031110763550e-01
1.287251561880111694e-01
1.337087601423263550e-01
1.389765590429306030e-01
1.443112343549728394e-01
1.514727920293807983e-01
1.612626165151596069e-01
1.730467528104782104e-01
1.840175241231918335e-01
1.896530240774154663e-01
1.867821067571640015e-01
1.822196096181869507e-01
1.739222854375839233e-01
1.654023379087448120e-01
1.554789990186691284e-01
1.470176428556442261e-01
1.385558098554611206e-01
1.392906755208969116e-01
1.435264796018600464e-01
1.470733731985092163e-01
1.502863615751266479e-01
1.538597792387008667e-01
1.588921397924423218e-01
1.595564931631088257e-01
1.568915098905563354e-01
1.539537757635116577e-01
1.516768187284469604e-01
1.494977921247482300e-01
1.432179659605026245e-01
1.359947174787521362e-01
1.269542425870895386e-01
1.200271099805831909e-01
1.157777756452560425e-01
1.155869215726852417e-01
1.157055348157882690e-01
1.161202639341354370e-01
1.178533285856246948e-01
1.220170706510543823e-01
1.261725872755050659e-01
1.291571110486984253e-01
1.319618672132492065e-01
1.347659081220626831e-01
1.372874230146408081e-01
1.392982453107833862e-01
1.413089483976364136e-01
1.433203667402267456e-01
1.440645903348922729e-01
1.358648985624313354e-01
1.313057988882064819e-01
1.350671499967575073e-01
1.358843296766281128e-01
1.361763924360275269e-01
1.378394216299057007e-01
1.393917053937911987e-01
1.406929939985275269e-01
1.428825706243515015e-01
1.457316726446151733e-01
1.498206704854965210e-01
1.566152423620223999e-01
1.643599122762680054e-01
1.712341159582138062e-01
1.738051027059555054e-01
1.753989905118942261e-01
1.781937927007675171e-01
1.810940355062484741e-01
1.839940994977951050e-01
1.852381080389022827e-01
1.840682476758956909e-01
1.832139939069747925e-01
1.826385110616683960e-01
1.820619553327560425e-01
1.849310845136642456e-01
1.886524707078933716e-01
1.923734694719314575e-01
1.898888498544692993e-01
1.856239885091781616e-01
1.819043010473251343e-01
1.798704713582992554e-01
1.786486655473709106e-01
1.774265021085739136e-01
1.718978732824325562e-01
1.665646582841873169e-01
1.606449931859970093e-01
1.542956680059432983e-01
1.478324979543685913e-01
1.446009725332260132e-01
1.455045789480209351e-01
1.464519947767257690e-01
1.479267328977584839e-01
1.513426750898361206e-01
1.579620093107223511e-01
1.633708626031875610e-01
1.623839288949966431e-01
1.628050357103347778e-01
1.632260531187057495e-01
1.634303778409957886e-01
1.612649708986282349e-01
1.596240252256393433e-01
1.573673039674758911e-01
1.491155475378036499e-01
1.439851969480514526e-01
1.399315446615219116e-01
1.358773261308670044e-01
1.318234056234359741e-01
1.277692764997482300e-01
1.253508180379867554e-01
1.218759566545486450e-01
1.185076087713241577e-01
1.153656691312789917e-01
1.122236400842666626e-01
1.090817302465438843e-01
1.058898419141769409e-01
1.050983518362045288e-01
1.081879287958145142e-01
1.100759059190750122e-01
1.096838563680648804e-01
1.095196455717086792e-01
1.097209900617599487e-01
1.099220365285873413e-01
1.137901991605758667e-01
1.159285753965377808e-01
1.190499514341354370e-01
1.214229911565780640e-01
1.246426552534103394e-01
1.231838911771774292e-01
1.191609948873519897e-01
1.145320981740951538e-01
1.115777343511581421e-01
1.171176880598068237e-01
1.213629096746444702e-01
1.241897791624069214e-01
1.265591830015182495e-01
1.310023516416549683e-01
1.362700313329696655e-01
1.423570364713668823e-01
1.482999771833419800e-01
1.592143028974533081e-01
1.721099466085433960e-01
1.821108311414718628e-01
1.841780394315719604e-01
1.803684681653976440e-01
1.730095595121383667e-01
1.647123545408248901e-01
1.559135168790817261e-01
1.455889791250228882e-01
1.347911804914474487e-01
1.380792707204818726e-01
1.423154920339584351e-01
1.465510576963424683e-01
1.514031141996383667e-01
1.554800719022750854e-01
1.589940041303634644e-01
1.610693186521530151e-01
1.589249223470687866e-01
1.550858467817306519e-01
1.521368473768234253e-01
1.498095244169235229e-01
1.424491256475448608e-01
1.352249830961227417e-01
1.278813332319259644e-01
1.191145628690719604e-01
1.141555756330490112e-01
1.117476671934127808e-01
1.133736819028854370e-01
1.136607378721237183e-01
1.147367209196090698e-01
1.174738854169845581e-01
1.218115538358688354e-01
1.259701699018478394e-01
1.290005892515182495e-01
1.318052262067794800e-01
1.346097439527511597e-01
1.368154734373092651e-01
1.388265341520309448e-01
1.408374756574630737e-01
1.428485363721847534e-01
1.368396729230880737e-01
1.350743025541305542e-01
1.365102380514144897e-01
1.379136294126510620e-01
1.388480514287948608e-01
1.397814005613327026e-01
1.394682377576828003e-01
1.405455917119979858e-01
1.424888819456100464e-01
1.460230797529220581e-01
1.505243033170700073e-01
1.581378430128097534e-01
1.658580154180526733e-01
1.690209358930587769e-01
1.704861968755722046e-01
1.724689453840255737e-01
1.753156036138534546e-01
1.780688017606735229e-01
1.790237277746200562e-01
1.792214959859848022e-01
1.784242242574691772e-01
1.778481453657150269e-01
1.772722750902175903e-01
1.766962558031082153e-01
1.796428412199020386e-01
1.833640784025192261e-01
1.872139424085617065e-01
1.852331608533859253e-01
1.810665279626846313e-01
1.775685697793960571e-01
1.762818545103073120e-01
1.752438098192214966e-01
1.764751523733139038e-01
1.762403994798660278e-01
1.709068864583969116e-01
1.655644029378890991e-01
1.593973785638809204e-01
1.531955748796463013e-01
1.497441977262496948e-01
1.506476253271102905e-01
1.518834680318832397e-01
1.535295397043228149e-01
1.581667512655258179e-01
1.648189872503280640e-01
1.652909368276596069e-01
1.648696213960647583e-01
1.652906388044357300e-01
1.657119244337081909e-01
1.656963974237442017e-01
1.614970117807388306e-01
1.595645397901535034e-01
1.579775065183639526e-01
1.537260264158248901e-01
1.472914963960647583e-01
1.432376652956008911e-01
1.391835063695907593e-01
1.351294964551925659e-01
1.318966001272201538e-01
1.316293329000473022e-01
1.308918148279190063e-01
1.277500241994857788e-01
1.246080249547958374e-01
1.214660257101058960e-01
1.183242648839950562e-01
1.175653189420700073e-01
1.192016750574111938e-01
1.221527010202407837e-01
1.227726191282272339e-01
1.231328696012496948e-01
1.239292770624160767e-01
1.241304129362106323e-01
1.244990080595016479e-01
1.297687143087387085e-01
1.304337829351425171e-01
1.329253762960433960e-01
1.346553415060043335e-01
1.329906433820724487e-01
1.248792856931686401e-01
1.179233640432357788e-01
1.131990402936935425e-01
1.099880188703536987e-01
1.133220642805099487e-01
1.167687624692916870e-01
1.204338520765304565e-01
1.232766360044479370e-01
1.257349103689193726e-01
1.282960623502731323e-01
1.336436122655868530e-01
1.369313448667526245e-01
1.453816145658493042e-01
1.583476513624191284e-01
1.719633787870407104e-01
1.779896467924118042e-01
1.782049387693405151e-01
1.720971912145614624e-01
1.637997478246688843e-01
1.555021852254867554e-01
1.464247554540634155e-01
1.375145167112350464e-01
1.393964737653732300e-01
1.412790864706039429e-01
1.453405469655990601e-01
1.502858847379684448e-01
1.553568094968795776e-01
1.604280322790145874e-01
1.633087843656539917e-01
1.611673086881637573e-01
1.571778506040573120e-01
1.532809585332870483e-01
1.493975371122360229e-01
1.418809741735458374e-01
1.344560831785202026e-01
1.272325366735458374e-01
1.197641342878341675e-01
1.132429093122482300e-01
1.090397089719772339e-01
1.097962111234664917e-01
1.118833273649215698e-01
1.123419255018234253e-01
1.139524430036544800e-01
1.182893961668014526e-01
1.226263493299484253e-01
1.265438050031661987e-01
1.293213814496994019e-01
1.318271607160568237e-01
1.343327015638351440e-01
1.363434046506881714e-01
1.383545845746994019e-01
1.403655260801315308e-01
1.363327950239181519e-01
1.350780576467514038e-01
1.360127776861190796e-01
1.369471997022628784e-01
1.369938105344772339e-01
1.365685313940048218e-01
1.371518820524215698e-01
1.390952318906784058e-01
1.422257274389266968e-01
1.458750218152999878e-01
1.519160121679306030e-01
1.595469564199447632e-01
1.635444015264511108e-01
1.659701913595199585e-01
1.674217432737350464e-01
1.695374697446823120e-01
1.718540042638778687e-01
1.728097349405288696e-01
1.739404052495956421e-01
1.736342757940292358e-01
1.730579286813735962e-01
1.724823862314224243e-01
1.719059199094772339e-01
1.713301688432693481e-01
1.743543595075607300e-01
1.780755668878555298e-01
1.823845356702804565e-01
1.809618920087814331e-01
1.765592545270919800e-01
1.739847511053085327e-01
1.733186095952987671e-01
1.745499819517135620e-01
1.757809370756149292e-01
1.770122498273849487e-01
1.752492636442184448e-01
1.699158996343612671e-01
1.644288748502731323e-01
1.585903614759445190e-01
1.548812240362167358e-01
1.557907909154891968e-01
1.573156863451004028e-01
1.597128957509994507e-01
1.649908572435379028e-01
1.667291969060897827e-01
1.666970103979110718e-01
1.672585457563400269e-01
1.677766591310501099e-01
1.681544631719589233e-01
1.664481014013290405e-01
1.621841341257095337e-01
1.595051735639572144e-01
1.579179912805557251e-01
1.563309878110885620e-01
1.505978852510452271e-01
1.465438455343246460e-01
1.424900144338607788e-01
1.384418755769729614e-01
1.381373554468154907e-01
1.394560486078262329e-01
1.401492208242416382e-01
1.369923204183578491e-01
1.338504999876022339e-01
1.307087093591690063e-01
1.300461739301681519e-01
1.299819499254226685e-01
1.331717222929000854e-01
1.353159397840499878e-01
1.358384937047958374e-01
1.371881812810897827e-01
1.383385509252548218e-01
1.385398358106613159e-01
1.400940865278244019e-01
1.445759981870651245e-01
1.450089067220687866e-01
1.461195796728134155e-01
1.470373719930648804e-01
1.415088623762130737e-01
1.319875568151473999e-01
1.225414723157882690e-01
1.136174052953720093e-01
1.047751754522323608e-01
1.094584912061691284e-01
1.132277101278305054e-01
1.158955544233322144e-01
1.195048540830612183e-01
1.223592609167098999e-01
1.249853819608688354e-01
1.267086118459701538e-01
1.269096583127975464e-01
1.320826262235641479e-01
1.445855349302291870e-01
1.587840765714645386e-01
1.694063395261764526e-01
1.727098077535629272e-01
1.711843460798263550e-01
1.628874391317367554e-01
1.545894593000411987e-01
1.462924331426620483e-01
1.410960406064987183e-01
1.430855244398117065e-01
1.449677199125289917e-01
1.468499153852462769e-01
1.495358198881149292e-01
1.542400568723678589e-01
1.593106240034103394e-01
1.631448119878768921e-01
1.633321493864059448e-01
1.608731001615524292e-01
1.563598364591598511e-01
1.499913781881332397e-01
1.414729803800582886e-01
1.338921636343002319e-01
1.264629811048507690e-01
1.192394942045211792e-01
1.123306006193161011e-01
1.075888127088546753e-01
1.061715334653854370e-01
1.082814186811447144e-01
1.099628657102584839e-01
1.113807410001754761e-01
1.147672384977340698e-01
1.191034764051437378e-01
1.234410256147384644e-01
1.273897141218185425e-01
1.302125900983810425e-01
1.327181309461593628e-01
1.347871273756027222e-01
1.364995688199996948e-01
1.382114142179489136e-01
1.358553618192672729e-01
1.341115683317184448e-01
1.345191448926925659e-01
1.340938657522201538e-01
1.336686462163925171e-01
1.337574571371078491e-01
1.357009857892990112e-01
1.384279578924179077e-01
1.420771926641464233e-01
1.457369178533554077e-01
1.531059592962265015e-01
1.580681055784225464e-01
1.609598845243453979e-01
1.623734086751937866e-01
1.641925722360610962e-01
1.656398624181747437e-01
1.665953546762466431e-01
1.678563505411148071e-01
1.688437312841415405e-01
1.682679504156112671e-01
1.676921695470809937e-01
1.671160012483596802e-01
1.665399223566055298e-01
1.659640222787857056e-01
1.690657883882522583e-01
1.727870851755142212e-01
1.778114587068557739e-01
1.782989054918289185e-01
1.729409545660018921e-01
1.714670509099960327e-01
1.726243048906326294e-01
1.738556176424026489e-01
1.750869005918502808e-01
1.763182729482650757e-01
1.775494068861007690e-01
1.742578297853469849e-01
1.689243167638778687e-01
1.640510708093643188e-01
1.598830968141555786e-01
1.609943360090255737e-01
1.627472788095474243e-01
1.662576645612716675e-01
1.681670695543289185e-01
1.681351512670516968e-01
1.681032031774520874e-01
1.694368869066238403e-01
1.701003164052963257e-01
1.703872531652450562e-01
1.672458201646804810e-01
1.628848165273666382e-01
1.594454199075698853e-01
1.578583568334579468e-01
1.562712639570236206e-01
1.546841114759445190e-01
1.498501151800155640e-01
1.457961648702621460e-01
1.446826905012130737e-01
1.456717699766159058e-01
1.476782411336898804e-01
1.492358893156051636e-01
1.462346166372299194e-01
1.430929154157638550e-01
1.425268501043319702e-01
1.423800438642501831e-01
1.439514607191085815e-01
1.470073312520980835e-01
1.483211964368820190e-01
1.496741026639938354e-01
1.510270684957504272e-01
1.523622721433639526e-01
1.529474705457687378e-01
1.562556475400924683e-01
1.590155810117721558e-01
1.587613075971603394e-01
1.593133658170700073e-01
1.563453525304794312e-01
1.486169546842575073e-01
1.390954703092575073e-01
1.295740455389022827e-01
1.158866137266159058e-01
1.052465289831161499e-01
1.067802757024765015e-01
1.097264736890792847e-01
1.124818176031112671e-01
1.149026602506637573e-01
1.185617893934249878e-01
1.213784664869308472e-01
1.227425783872604370e-01
1.211473792791366577e-01
1.215560287237167358e-01
1.308365315198898315e-01
1.450715512037277222e-01
1.593068093061447144e-01
1.641669124364852905e-01
1.672498434782028198e-01
1.619743555784225464e-01
1.536772698163986206e-01
1.453795284032821655e-01
1.437958329916000366e-01
1.467734426259994507e-01
1.486559361219406128e-01
1.506007164716720581e-01
1.533176153898239136e-01
1.560349911451339722e-01
1.587526053190231323e-01
1.631672233343124390e-01
1.625270098447799683e-01
1.610430926084518433e-01
1.587022989988327026e-01
1.531646102666854858e-01
1.434136480093002319e-01
1.345164626836776733e-01
1.263245791196823120e-01
1.185398548841476440e-01
1.112468689680099487e-01
1.068329066038131714e-01
1.032072752714157104e-01
1.044906824827194214e-01
1.076339930295944214e-01
1.089858263731002808e-01
1.112450808286666870e-01
1.155817955732345581e-01
1.199192255735397339e-01
1.242560595273971558e-01
1.282345503568649292e-01
1.311033219099044800e-01
1.336092203855514526e-01
1.353621929883956909e-01
1.370743960142135620e-01
1.361865252256393433e-01
1.316197961568832397e-01
1.311943978071212769e-01
1.307688206434249878e-01
1.303637474775314331e-01
1.323070973157882690e-01
1.346305459737777710e-01
1.382798999547958374e-01
1.418891996145248413e-01
1.466517895460128784e-01
1.525913327932357788e-01
1.553485840559005737e-01
1.573899835348129272e-01
1.591451019048690796e-01
1.595088094472885132e-01
1.603810936212539673e-01
1.616972535848617554e-01
1.640540212392807007e-01
1.634780615568161011e-01
1.629017442464828491e-01
1.623258143663406372e-01
1.617499440908432007e-01
1.611737757921218872e-01
1.605977267026901245e-01
1.637774258852005005e-01
1.678995937108993530e-01
1.748115569353103638e-01
1.765483766794204712e-01
1.708302646875381470e-01
1.707779020071029663e-01
1.719300597906112671e-01
1.731614917516708374e-01
1.743927150964736938e-01
1.756241172552108765e-01
1.768553107976913452e-01
1.780866235494613647e-01
1.732665449380874634e-01
1.690915077924728394e-01
1.649884432554244995e-01
1.663003116846084595e-01
1.681791394948959351e-01
1.700869649648666382e-01
1.695729941129684448e-01
1.695410460233688354e-01
1.698415726423263550e-01
1.715887933969497681e-01
1.722785979509353638e-01
1.720820218324661255e-01
1.679686754941940308e-01
1.635852307081222534e-01
1.595856398344039917e-01
1.577988117933273315e-01
1.562112420797348022e-01
1.546246260404586792e-01
1.531563252210617065e-01
1.512279957532882690e-01
1.518872231245040894e-01
1.538941711187362671e-01
1.559008210897445679e-01
1.573707014322280884e-01
1.554769128561019897e-01
1.550073474645614624e-01
1.548606902360916138e-01
1.547367721796035767e-01
1.579211801290512085e-01
1.607754677534103394e-01
1.621567457914352417e-01
1.635096520185470581e-01
1.648624986410140991e-01
1.662154048681259155e-01
1.673877984285354614e-01
1.718762367963790894e-01
1.731304377317428589e-01
1.724483817815780640e-01
1.704645603895187378e-01
1.648968905210494995e-01
1.557246297597885132e-01
1.462033241987228394e-01
1.332851499319076538e-01
1.182941645383834839e-01
1.094840019941329956e-01
1.102315634489059448e-01
1.102858632802963257e-01
1.101570576429367065e-01
1.115078181028366089e-01
1.139103025197982788e-01
1.175796240568161011e-01
1.180975884199142456e-01
1.170887202024459839e-01
1.163241118192672729e-01
1.202885359525680542e-01
1.313593834638595581e-01
1.455945223569869995e-01
1.552934497594833374e-01
1.588870733976364136e-01
1.592172831296920776e-01
1.527644246816635132e-01
1.444669812917709351e-01
1.454366892576217651e-01
1.496829837560653687e-01
1.523442715406417847e-01
1.543831080198287964e-01
1.571001261472702026e-01
1.598172038793563843e-01
1.625349968671798706e-01
1.652518957853317261e-01
1.631511896848678589e-01
1.606103628873825073e-01
1.582690328359603882e-01
1.522063463926315308e-01
1.446267813444137573e-01
1.368360966444015503e-01
1.279268711805343628e-01
1.197345703840255737e-01
1.116795986890792847e-01
1.054031103849411011e-01
1.019266098737716675e-01
1.008667200803756714e-01
1.033587902784347534e-01
1.065909117460250854e-01
1.080257147550582886e-01
1.120601147413253784e-01
1.163969486951828003e-01
1.207340210676193237e-01
1.250713318586349487e-01
1.290799826383590698e-01
1.319948881864547729e-01
1.342249363660812378e-01
1.359373778104782104e-01
1.365131586790084839e-01
1.282948106527328491e-01
1.278692334890365601e-01
1.274440139532089233e-01
1.289130896329879761e-01
1.308565586805343628e-01
1.344824880361557007e-01
1.379859894514083862e-01
1.410286277532577515e-01
1.471147388219833374e-01
1.497366875410079956e-01
1.522291749715805054e-01
1.540974825620651245e-01
1.540251821279525757e-01
1.541667431592941284e-01
1.555448025465011597e-01
1.589187830686569214e-01
1.586880236864089966e-01
1.581117361783981323e-01
1.575357168912887573e-01
1.569597572088241577e-01
1.563837677240371704e-01
1.558077186346054077e-01
1.552316099405288696e-01
1.584891527891159058e-01
1.647366732358932495e-01
1.730524152517318726e-01
1.749917715787887573e-01
1.701061576604843140e-01
1.700883954763412476e-01
1.712359637022018433e-01
1.724673360586166382e-01
1.736985296010971069e-01
1.749299019575119019e-01
1.761609464883804321e-01
1.773923486471176147e-01
1.776464730501174927e-01
1.737927049398422241e-01
1.702499836683273315e-01
1.715907305479049683e-01
1.723637431859970093e-01
1.713716536760330200e-01
1.709793359041213989e-01
1.709470599889755249e-01
1.716863662004470825e-01
1.734336465597152710e-01
1.743351668119430542e-01
1.723374277353286743e-01
1.683771163225173950e-01
1.642359942197799683e-01
1.599023789167404175e-01
1.577389389276504517e-01
1.561519354581832886e-01
1.545648425817489624e-01
1.550874859094619751e-01
1.581032127141952515e-01
1.601095646619796753e-01
1.621165722608566284e-01
1.641231924295425415e-01
1.655057817697525024e-01
1.674880534410476685e-01
1.673410385847091675e-01
1.671943515539169312e-01
1.687008291482925415e-01
1.723803728818893433e-01
1.746397465467453003e-01
1.759924739599227905e-01
1.773453205823898315e-01
1.786981076002120972e-01
1.797352284193038940e-01
1.821732372045516968e-01
1.868548840284347534e-01
1.866270750761032104e-01
1.859842985868453979e-01
1.789506524801254272e-01
1.723539680242538452e-01
1.628325432538986206e-01
1.508985012769699097e-01
1.358635872602462769e-01
1.210549920797348022e-01
1.137214154005050659e-01
1.144689172506332397e-01
1.148523539304733276e-01
1.135364621877670288e-01
1.115025728940963745e-01
1.113308519124984741e-01
1.129225939512252808e-01
1.134875267744064331e-01
1.122135370969772339e-01
1.116885393857955933e-01
1.136789768934249878e-01
1.224596947431564331e-01
1.338354200124740601e-01
1.449673622846603394e-01
1.500136703252792358e-01
1.525582522153854370e-01
1.503661721944808960e-01
1.435540765523910522e-01
1.470779031515121460e-01
1.514775007963180542e-01
1.554458588361740112e-01
1.581646054983139038e-01
1.608821600675582886e-01
1.635994166135787964e-01
1.663166731595993042e-01
1.690341085195541382e-01
1.683289259672164917e-01
1.634743660688400269e-01
1.587794870138168335e-01
1.508403867483139038e-01
1.432607620954513550e-01
1.356819123029708862e-01
1.281023472547531128e-01
1.213369816541671753e-01
1.134155243635177612e-01
1.058340519666671753e-01
1.018010824918746948e-01
9.864310920238494873e-02
9.970621764659881592e-02
1.029323786497116089e-01
1.056367605924606323e-01
1.085380762815475464e-01
1.128749102354049683e-01
1.172117441892623901e-01
1.215489357709884644e-01
1.258857697248458862e-01
1.299251765012741089e-01
1.328858584165573120e-01
1.348007172346115112e-01
1.365129202604293823e-01
1.249692291021347046e-01
1.245440095663070679e-01
1.255190223455429077e-01
1.274626106023788452e-01
1.306847780942916870e-01
1.340144723653793335e-01
1.368679851293563843e-01
1.407740563154220581e-01
1.441256850957870483e-01
1.466177552938461304e-01
1.486677378416061401e-01
1.485414952039718628e-01
1.484157294034957886e-01
1.494427174329757690e-01
1.529400199651718140e-01
1.538976877927780151e-01
1.533216089010238647e-01
1.527456194162368774e-01
1.521695703268051147e-01
1.515935510396957397e-01
1.510175019502639771e-01
1.504413336515426636e-01
1.498654037714004517e-01
1.547042280435562134e-01
1.630030423402786255e-01
1.736836284399032593e-01
1.742680221796035767e-01
1.693824976682662964e-01
1.693991869688034058e-01
1.705419272184371948e-01
1.717732101678848267e-01
1.730043441057205200e-01
1.742355972528457642e-01
1.754670292139053345e-01
1.766982525587081909e-01
1.781193763017654419e-01
1.784938424825668335e-01
1.750638335943222046e-01
1.760400682687759399e-01
1.737868040800094604e-01
1.723280400037765503e-01
1.723849624395370483e-01
1.723531037569046021e-01
1.735310405492782593e-01
1.752784103155136108e-01
1.762604862451553345e-01
1.726555079221725464e-01
1.687705367803573608e-01
1.646294742822647095e-01
1.604882329702377319e-01
1.576793640851974487e-01
1.560921519994735718e-01
1.550012975931167603e-01
1.574681252241134644e-01
1.656342595815658569e-01
1.683322042226791382e-01
1.703390330076217651e-01
1.723456233739852905e-01
1.765056103467941284e-01
1.798219531774520874e-01
1.796750575304031372e-01
1.795280426740646362e-01
1.833199709653854370e-01
1.869830042123794556e-01
1.884752064943313599e-01
1.898283213376998901e-01
1.910527795553207397e-01
1.920827478170394897e-01
1.934035867452621460e-01
1.969588249921798706e-01
2.002159506082534790e-01
1.999671310186386108e-01
1.954561322927474976e-01
1.875133961439132690e-01
1.792867034673690796e-01
1.684200614690780640e-01
1.534684747457504272e-01
1.384417861700057983e-01
1.242109388113021851e-01
1.179591268301010132e-01
1.187068074941635132e-01
1.193064302206039429e-01
1.182652562856674194e-01
1.162924021482467651e-01
1.141306608915328979e-01
1.125342696905136108e-01
1.085864156484603882e-01
1.076017469167709351e-01
1.067287772893905640e-01
1.083357781171798706e-01
1.136787384748458862e-01
1.249390095472335815e-01
1.362949460744857788e-01
1.421893090009689331e-01
1.445730179548263550e-01
1.441317647695541382e-01
1.431921571493148804e-01
1.487188190221786499e-01
1.531191915273666382e-01
1.575193852186203003e-01
1.615519374608993530e-01
1.646642535924911499e-01
1.673815697431564331e-01
1.700983494520187378e-01
1.728159040212631226e-01
1.733061522245407104e-01
1.688691824674606323e-01
1.628962010145187378e-01
1.529635637998580933e-01
1.430308073759078979e-01
1.343157738447189331e-01
1.267364472150802612e-01
1.191567629575729370e-01
1.128818243741989136e-01
1.073923557996749878e-01
1.014863699674606323e-01
9.842900931835174561e-02
9.815518558025360107e-02
1.003551930189132690e-01
1.040250509977340698e-01
1.055875271558761597e-01
1.094385832548141479e-01
1.137009114027023315e-01
1.180268973112106323e-01
1.223638504743576050e-01
1.267009228467941284e-01
1.307704895734786987e-01
1.336634606122970581e-01
1.353759020566940308e-01
